Rank,TeamId,TeamName,LastSubmissionDate,Score,SubmissionCount,TeamMemberUserNames
1,16681125,"M & M & P & Q","2026-09-28 12:07:03",3023.4,2,"morimo,msd0110,piiiiiiiii,qistripute"
2,16770421,"Vadim Vasilenko","2026-09-28 11:03:59",2969.0,2,vadimvasilenko
3,16623559,DECEM,"2026-09-28 11:58:14",2945.6,2,zy1343930734
4,16915014,Boey,"2026-09-28 12:06:13",2937.4,2,boeychenjun
5,16732748,DSM,"2026-09-28 16:37:20",2927.0,2,"denden12,masspeaks,shimishige"
6,16621497,"Victor @ Tufa Labs","2026-09-28 13:56:46",2908.2,2,vmerckle
7,16634580,akmr,"2026-09-28 12:46:09",2886.3,2,akimaru
8,16623697,yuto083,"2026-09-28 12:24:12",2878.9,2,yuto0712
9,16718819,Majkel1337,"2026-09-28 04:54:16",2874.1,2,majkel1337
10,16730612,"Unknown Mother-Goose","2026-09-28 15:03:12",2868.4,2,linkinpony
11,16743356,"Azat Akhtyamov","2026-09-27 23:47:42",2857.8,2,azakhtyamov
12,16793083,"🐚seek inspiration🐚","2026-09-28 14:02:09",2846.6,2,kurupical
13,16730357,"My second life","2026-09-28 15:00:24",2843.9,2,"giovannibaldon,jjinho,pavelsavchenkov,ttyn4519"
14,16670384,"Gordeev Max","2026-09-28 12:55:51",2840.5,2,gordeevmax
15,16657750,"Just A game on your lips","2026-09-28 10:21:07",2828.1,2,proptiter
16,16758882,mtmr_s1,"2026-09-27 18:25:09",2823.4,2,mtmrs1
17,16628664,"Anton Tikhonov","2026-09-28 11:45:29",2820.3,2,itwastony
18,16654697,KawattaTaido,"2026-09-26 22:48:52",2809.8,2,kawattataido
19,16709492,abozten,"2026-09-28 13:23:48",2808.6,2,abozten
20,16730524,"THIRD FARM CLUB","2026-09-27 23:27:50",2790.7,2,"bowwowforeach,mooegi,shunrcn,simann"
21,16673205,"Arda Ceylan","2026-09-28 04:57:32",2787.4,2,ardacey
22,16887437,TheEggman,"2026-09-28 18:03:37",2786.3,2,ethanl67
23,16632327,"We wanna be tomatos","2026-09-28 05:10:04",2769.9,2,"behindkun,forrestxlz,konbu17,mechi22,midnqly"
24,16621799,"Artem The Farmer 🍅","2026-09-28 05:38:47",2763.2,2,veshkinartem
25,16734966,kigasudayooo,"2026-09-28 15:01:37",2761.7,2,argon1215
26,16675778,"Orbital Terraformer","2026-09-28 12:08:12",2760.5,2,tubotubo
27,16854176,吃白饭的大肥鱼,"2026-09-28 17:17:39",2759.3,2,"deepios,gengsr,tangdi24,tanpowasd"
28,16942123,dodsters,"2026-09-28 17:27:32",2757.6,2,"andreyakifev,friklez"
29,16806195,unreal,"2026-09-27 20:02:32",2750.8,2,gauravgs1007
30,16891902,Farmcore,"2026-09-28 08:12:49",2745.2,2,"betmyex,doifgoox,garifullintimur,naviniklag"
31,16760699,Luca,"2026-09-27 23:35:34",2743.7,2,yijiey
32,16640510,SpaTaro,"2026-09-28 03:45:32",2740.2,2,tarosqrd2
33,16644287,"Ryo Hasegawa","2026-09-28 11:11:31",2737.2,2,ryohasegawa926
34,16730326,atsushi11o7,"2026-09-28 07:43:08",2737.0,2,atsushi11o7
35,16695046,"Attention Is All You Seed","2026-09-28 11:36:21",2735.3,2,"aurax7,coolinlai,davidsarrat,pseree,zongzishuang"
36,16712258,Yizhou,"2026-09-28 12:50:39",2733.6,2,yaphellee
37,16767215,keiz,"2026-09-28 10:16:48",2726.8,2,keizkeiz
38,16633132,"Kaggledew Valley 🏆","2026-09-28 10:57:50",2726.7,2,"jackvd,wscmisx,yanzhou06"
39,16623716,"tetsuya & yuanzhe & guoqin","2026-09-28 15:18:27",2724.8,2,"guoqingu,tetsuya3510,yuanzhezhou"
40,16862183,Smackaveli,"2026-09-28 11:42:10",2717.7,2,spoutop
41,16717665,"Christoffer Thimsen","2026-09-28 14:29:20",2715.6,2,lowasitgoes
42,16864314,marwar22,"2026-09-27 23:59:33",2713.0,2,marwar22
43,16805699,"feel the agi","2026-09-28 13:13:00",2709.3,2,nulldata
44,16668998,WarRusher,"2026-09-28 14:36:41",2705.8,2,warrusher
45,16760569,"Otter Vibe","2026-09-27 03:16:28",2703.3,2,gyuminsong
46,16658248,Aaweg,"2026-09-28 12:57:59",2700.8,2,aawegbhaladhare
47,16707990,Snorlax,"2026-09-27 19:39:11",2700.1,2,pku1400010735
48,16754882,vvs,"2026-09-28 14:17:02",2699.3,2,marvelworld
49,16811307,elmo,"2026-09-28 07:40:49",2697.6,2,mktakizawa
50,16623451,Ueddy,"2026-09-28 16:02:35",2695.7,2,ku0807
51,16743582,ShunkiKyoya,"2026-09-28 14:57:33",2694.8,2,shunkikyoya
52,16652536,Satoshi_SsSs,"2026-09-28 14:41:01",2693.9,2,satoshissss
53,16760701,"Yannik Schiffner","2026-09-28 01:02:38",2693.2,2,yannikschiffner
54,16685634,"Syed Asad Ali","2026-09-28 13:19:22",2692.8,2,syed3000
55,16690867,叫啥,"2026-09-28 05:41:55",2684.0,2,"binghua123,gisgisgis,howardleetw,william950615"
56,16709127,IsaiahP,"2026-09-28 17:40:58",2678.1,2,pressman1
57,16629972,"forever young","2026-09-28 12:18:18",2674.6,2,keisukeyokota0428
58,16684994,TKNP,"2026-09-28 07:30:48",2673.5,2,"justnik77,katasonoveugene,romankatasonov,sergey140146659"
59,16763230,flg,"2026-09-25 10:41:13",2672.8,2,ferdinandlimburg
60,16735341,MAC,"2026-09-27 14:48:52",2671.3,2,"ryui68925,uki706"
61,16630675,"Lucien de Rubempre","2026-09-27 18:27:47",2670.6,2,lucienderubempre
62,16740405,by,"2026-09-27 22:34:26",2666.9,2,ibyyue
63,16926467,arutyunoff,"2026-09-27 13:35:03",2661.8,2,arutyunoff
64,16732403,ymg_aq,"2026-09-28 15:49:33",2656.8,2,ymgpalaqs
65,16799266,"Kucing Garong","2026-09-28 12:36:56",2653.3,2,syaugialkaf
66,16754022,Pico,"2026-09-28 15:10:32",2642.0,2,charithgr
67,16633178,"Cow Boy","2026-09-28 15:17:18",2641.1,2,shanzhong8
68,16688294,"high frequency farming","2026-09-28 03:56:35",2640.8,2,"gunhcolab,hweowe,markslavin"
69,16685950,"Planned Economy","2026-09-28 15:52:59",2639.5,2,alturutin
70,16779451,kibuna,"2026-09-27 22:38:36",2639.3,2,kibuna
71,16690820,"Alan C52","2026-09-28 08:26:03",2637.9,2,alanc52
72,16621590,Yaroslav,"2026-09-28 09:37:57",2637.1,2,yaroslavrogoza
73,16878533,HayatoFujihara,"2026-09-28 17:00:03",2633.1,2,hayatofujihara
74,16691451,Nakano,"2026-09-28 10:17:44",2631.1,2,spicatom0914
75,16760523,"Joseph Ayanda","2026-09-28 09:04:32",2629.1,2,josephayanda
76,16891058,Navier-stokes,"2026-09-28 05:42:13",2629.0,2,"nguyenkhanhvu,nhtlongcs"
77,16866398,feles99,"2026-09-27 00:57:06",2628.8,2,feles99
78,16671741,Excluding,"2026-09-27 04:49:05",2627.4,2,excluding
79,16944414,Aguacates,"2026-09-28 15:58:09",2627.2,2,"carolinemercedes,joshdankworth"
80,16734580,shyjin,"2026-09-28 14:02:36",2626.1,2,shyjin
81,16660281,"xiy lin","2026-09-28 11:29:55",2625.9,2,xiylin
82,16671376,Lebxgue.,"2026-09-28 07:02:25",2620.4,2,yukieja
83,16748173,pensukesan,"2026-09-28 09:03:08",2619.7,2,pensukesan
84,16811917,"Dipam Chakraborty","2026-09-27 22:04:43",2617.0,2,dipamc77
85,16630825,"Black Mamba Farm","2026-09-28 17:38:01",2614.5,2,"asherjyd,frankyhz,qizhiran,yukundu231100"
86,16941436,fshindo,"2026-09-28 02:49:33",2608.4,2,ffsscf
87,16882725,Ebi,"2026-09-28 00:24:06",2607.6,2,ebinan92
88,16748733,"Driz Lo","2026-09-28 13:46:49",2606.5,2,"cieling,drizlo,kindinred"
89,16714457,"Crop Dustas","2026-09-28 13:48:19",2605.2,2,"peikopon,rishigottumukkala"
90,16856022,"fasith 007","2026-09-27 12:52:47",2604.6,2,fasith007
91,16942171,mhw,"2026-09-27 11:47:24",2602.7,2,"matelong,wuyujc,yanghanxin"
92,16716566,"Junliang Ye","2026-09-28 10:53:38",2602.6,2,junliangye
93,16645703,madmax0404,"2026-09-28 11:05:34",2602.6,2,max6296
94,16656941,"Winter Lamb","2026-09-28 14:09:43",2601.3,2,fabiansyahcahyo
95,16820794,"Yuxuan Ba","2026-09-26 03:37:23",2601.2,2,"cynthiaaaaa06,hyt9797,lynndai67,yuxuanba"
96,16667959,"Fourth Quadrant","2026-09-28 15:25:05",2599.9,2,flynnfei
97,16664246,"Sida Zuo","2026-09-27 23:49:18",2599.7,2,sidazuo
98,16633950,"Matt Motoki","2026-09-28 12:06:18",2599.5,2,mmotoki
99,16658349,lingxiaojun,"2026-09-26 05:42:55",2598.6,2,lingxiaojun
100,16705417,fuxi,"2026-09-23 13:20:03",2595.1,2,"padyue,pytorch5009asd"
101,16739633,kwa,"2026-09-28 15:12:43",2593.3,2,ikaroskaggle
102,16623637,kuro0315,"2026-09-27 06:32:45",2593.0,2,skuro0315
103,16717536,c0nrad,"2026-09-28 17:58:14",2591.6,2,stuartlarsen
104,16622198,"THUNDER THUNDER","2026-09-21 07:08:52",2591.0,2,thunderthunder
105,16848060,juliencst,"2026-09-27 16:35:21",2585.0,2,juliencst
106,16806938,boominginging,"2026-09-26 13:00:54",2584.5,2,"aviator22,boominginging,caiwenjie123,mikeintokyo"
107,16731443,"Arjun Vinod","2026-09-28 10:48:38",2584.3,2,arjun0014
108,16653199,Koba,"2026-09-28 13:15:10",2582.9,2,zone0906
109,16871381,huaiyuyoung,"2026-09-26 09:05:31",2581.3,2,"huaiyuyoung,mushancui,nuoyixu,sdsnorth,yuantoby"
110,16930465,"Xuanhao Wang","2026-09-26 10:07:02",2580.7,2,xuanhao666
111,16815017,Humanitis,"2026-09-27 13:59:20",2579.5,2,humanitis
112,16732521,redblackbst,"2026-09-28 11:35:08",2575.5,2,redblackbst
113,16734901,Breaking1800,"2026-09-28 12:30:15",2575.4,2,breaking1800
114,16892458,goose10,"2026-09-28 13:08:47",2575.0,2,orangeaugust
115,16804022,monsaraida,"2026-09-28 16:32:41",2573.8,2,monsaraida
116,16730676,ActiveMusyoku,"2026-09-26 21:02:03",2573.2,2,"daiki0381,kohei0okazaki,noriyukimori,ryonatori,seipon"
117,16632021,istinetz,"2026-09-27 20:31:05",2572.5,2,istinetz
118,16748866,masayoshi,"2026-09-28 15:00:02",2570.6,2,masayoshi64
119,16660255,"Revanth Tambisetty","2026-09-28 15:49:37",2569.3,2,revanthtambisetty
120,16943306,liminhai,"2026-09-27 01:10:11",2568.6,2,"hungry1728,liminhai,mars086,yeukwanvickyli,yuchuanzhang1202"
121,16623370,kenmatsu4,"2026-09-28 15:29:13",2564.3,2,kenmatsu4
122,16756591,"Hamed Vakili","2026-09-28 02:21:16",2559.3,2,"hamedvakilit0,maryam7713"
123,16749520,"Andrey Tikhomirov","2026-09-28 01:13:56",2558.0,2,andreytikhomirov
124,16672709,"RS Turley","2026-09-23 04:04:12",2557.4,2,rturley
125,16784691,"ready or not here i come","2026-09-26 16:28:54",2556.7,2,emrekuruba
126,16929873,offhand,"2026-09-28 10:59:53",2555.5,2,offhand
127,16637255,"leave you","2026-09-28 15:24:28",2552.7,2,superallen001
128,16663614,Nevska,"2026-09-28 14:58:23",2551.0,2,nevska
129,16945263,liyupengli,"2026-09-26 23:59:24",2550.2,2,"easonrao,huhuown,liyupengli,mikesun20110408"
130,16627751,lzeee,"2026-09-28 03:34:02",2549.3,2,shzgong
131,16627906,"Tergel Munkhbat","2026-09-28 09:09:00",2544.8,2,tergelmunkhbat
132,16652446,"tine.sh agent","2026-09-27 18:11:29",2544.7,2,sidcodegg
133,16796574,cununn,"2026-09-28 16:59:46",2542.8,2,w007425y
134,16658732,Olympus,"2026-09-28 16:36:32",2541.2,2,"jiseungwoo,peppersaltman"
135,16696703,Farmer,"2026-09-23 14:53:03",2540.7,2,alekseic
136,16860907,kuengo,"2026-09-26 06:07:29",2540.4,2,"haojunwei,kuengo,leonstew,ruoguxu"
137,16761593,Azathoth,"2026-09-28 13:07:10",2540.1,2,stsaasts
138,16622245,"Vlas Veles","2026-09-28 10:41:14",2539.1,2,vlasveles
139,16717440,"farm pt","2026-09-28 13:23:06",2537.8,2,"gunianxue,marisyn,muran169633"
140,16759402,Capitaalgain,"2026-09-28 13:12:50",2535.4,2,capitaalgain
141,16630729,"american gothic","2026-09-28 05:47:41",2535.4,2,grennwolf
142,16946542,"Siyuan Wang","2026-09-27 13:03:32",2534.1,2,merlynwang
143,16652175,"Lucas Boesen","2026-09-25 18:21:03",2533.7,2,lucasboesen
144,16622349,"Mengfei Li","2026-09-28 11:20:53",2532.1,2,meli19
145,16736838,アナコンダ,"2026-09-27 09:30:44",2528.2,2,"ei1333,unosss"
146,16688732,"sAIzeria Harness","2026-09-28 06:43:56",2526.5,2,"gnux1408,tanakaai24"
147,16690763,chungkuangwen,"2026-09-27 10:49:12",2524.8,2,chungkuangwen
148,16640785,"syouya tobita","2026-09-28 11:44:15",2522.7,2,syouyatobita
149,16659627,"Lam Dang","2026-09-26 14:55:39",2521.9,2,lamdang
150,16685763,"koren sabag","2026-09-28 11:02:17",2519.7,2,korensabag
151,16621154,Zain96,"2026-09-25 19:39:01",2518.6,2,zain96
152,16909118,loxigicck,"2026-09-28 10:27:46",2518.2,2,loxigicck
153,16659555,"Joseph Adamski","2026-09-25 18:11:35",2517.7,2,josephadamski91
154,16736874,mhiro2,"2026-09-28 13:51:04",2517.4,2,mhiro2
155,16853849,emreaydin,"2026-09-28 18:11:32",2516.7,2,aydinemre
156,16626332,"MD. Nazmus Sakib Anik","2026-09-28 04:40:48",2515.2,2,beyondlogic
157,16641536,"Michael Timbs","2026-09-27 10:08:37",2515.0,2,michaeltimbs
158,16731275,carbonapi,"2026-09-28 07:32:06",2511.8,2,nonempty
159,16641710,yjshyfy,"2026-09-28 15:43:46",2508.3,2,yjshyfy
160,16795844,Azamaro,"2026-09-27 09:52:04",2506.8,2,azamaro
161,16823930,"Ghost Rule","2026-09-24 15:26:20",2506.5,2,yiyangxudmm
162,16768065,"Gradient Grazing","2026-09-28 12:12:11",2503.6,2,adamhusein
163,16854842,ijiiok,"2026-09-26 19:44:27",2502.2,2,ijiiok
164,16654783,quantara.cv,"2026-09-28 16:48:34",2502.2,2,goth55
165,16861362,我小栗帽要娶藤正进行曲！！！💍,"2026-09-28 17:09:34",2502.1,2,"praveensahukari,rubiakaslana"
166,16785884,TX,"2026-09-28 05:53:18",2500.4,2,realrudraa
167,16669935,"Roman Svet","2026-09-28 16:31:22",2499.7,2,romansvet
168,16659286,shane18,"2026-09-28 10:51:12",2499.6,2,shane18
169,16738626,李BCDEFGA,"2026-09-28 07:18:02",2497.0,2,"bcdefga,fengzhaofan,quzehao12"
170,16742439,"Shangshang Zhang","2026-09-27 13:47:23",2495.4,2,msvzss
171,16632783,chocolat,"2026-09-28 16:40:28",2494.9,2,chocolatnya999
172,16633790,curiosity,"2026-09-28 08:55:50",2493.8,2,chmffwn1
173,16705390,"Subramanya N","2026-09-28 11:15:01",2493.4,2,subramanya1997
174,16796682,LK30,"2026-09-27 07:19:53",2492.9,2,louisklasing
175,16634537,d_tree_love,"2026-09-28 00:33:10",2491.7,2,yuki11ii
176,16693904,DeeperNet,"2026-09-27 09:38:59",2491.4,2,"deepernet,kkkggg,xblade"
177,16916142,aryandongare27,"2026-09-28 10:00:00",2490.3,2,aryandongare27
178,16748142,"Hikaru Umeda","2026-09-28 01:57:26",2487.7,2,hikarumeda1030
179,16663626,"yvn kaggriculture","2026-09-27 13:02:59",2485.5,2,"garnikdavtyan,mikayelgr"
180,16857676,"Justin Yang","2026-09-28 17:13:32",2485.1,2,zake7749
181,16727171,yfy,"2026-09-28 15:43:04",2485.0,2,qwidndbdjss
182,16908623,42,"2026-09-28 07:36:28",2483.5,2,"ffy208,kefeiyan,yirenw11"
183,16659679,Civitasmass,"2026-09-28 08:02:49",2482.2,2,godhand
184,16678521,"techno coven","2026-09-28 12:52:03",2481.8,2,"blancaplanca,nevolinaa"
185,16705790,clora,"2026-09-26 03:54:23",2481.6,2,clora16
186,16922539,Gatswei,"2026-09-28 05:29:57",2480.2,2,gatswei
187,16889691,"Evil Mango","2026-09-24 19:57:10",2479.4,2,"theevilpiggie,yangbai2026"
188,16882022,URAD,"2026-09-28 15:40:06",2474.8,2,uradkr
189,16690805,"Alejandro Ayestaran","2026-09-24 00:55:13",2473.3,2,alejandroayestaran
190,16910633,Shawn404,"2026-09-28 08:41:20",2472.8,2,shawn404
191,16668783,Zyy7390,"2026-09-28 14:35:08",2472.8,2,"tigerrrrrr,zyy7390"
192,16665402,PrasadChopade213,"2026-09-28 09:57:54",2472.4,2,prasadchopade213
193,16622454,automatylicza,"2026-09-28 14:45:03",2472.1,2,automatylicza
194,16754112,"rhythm master","2026-09-28 15:41:49",2471.6,2,"lukaswong,nairurga,vincent19543,zaynedong"
195,16674961,"Ilya & Yurnero","2026-09-28 13:24:11",2467.9,2,"samson8,test7845"
196,16892288,"Omar Althobaiti","2026-09-28 11:09:46",2466.9,2,omarahmedalthbite
197,16656496,"Vaibhav Gupta","2026-09-27 15:46:58",2464.0,2,vaihero
198,16684093,"fog flower","2026-09-28 13:23:05",2462.8,2,"fogflower,gdz007,kitchs,xuesongyin"
199,16623990,senkin13,"2026-09-28 13:12:06",2458.1,2,senkin13
200,16651244,"Knight of Favonius","2026-09-27 06:18:40",2457.9,2,ladyfaye
201,16641116,"Варим сельский самогон","2026-09-27 13:45:19",2457.3,2,"andrey4522,asimandia,darksteeldragon,evgeniyveselkov,ispromashka"
202,16846958,"Constantin Craciun","2026-09-28 14:18:38",2452.9,2,constantincraciun
203,16798172,"Dmytro Maliarenko","2026-09-26 23:41:45",2452.1,2,arxitekton
204,16732210,tanadai,"2026-09-28 10:42:41",2450.0,2,da0516
205,16667242,"Gleb Tumanov","2026-09-28 16:21:35",2447.4,2,crachton
206,16656500,奶龙宝宝爱种田吖,"2026-09-28 12:32:03",2447.2,2,"a982295350,bertmacutata,blencanierice,dangzhiyuan,imoxzm"
207,16663649,"Akhil Chinta","2026-09-27 21:11:11",2447.1,2,akhilchinta1505
208,16758244,yumizu,"2026-09-28 16:54:24",2445.6,2,yumizzzz
209,16677342,Fedor,"2026-09-26 14:17:16",2442.6,2,fedorchuprakov
210,16621163,john,"2026-09-28 18:01:19",2442.3,2,jaejohn
211,16913723,azamat1ch,"2026-09-28 13:01:45",2442.1,2,azamat1ch
212,16933535,Binbin022,"2026-09-27 16:00:55",2442.0,2,binbin022
213,16850509,LS,"2026-09-28 13:39:50",2439.7,2,shannanl
214,16832971,"Scott Willis","2026-09-28 17:49:32",2439.0,2,scottgwillis
215,16635108,"cabbage corp","2026-09-28 15:41:15",2437.7,2,"kagglercs,phoenix0501"
216,16736427,KouFu,"2026-09-28 06:58:58",2436.5,2,kouheif
217,16762302,别ban我claude,"2026-09-28 04:11:52",2435.3,2,oxfffs
218,16940889,Yoshiki_Nakamura,"2026-09-28 07:26:56",2434.6,2,yakizakana629
219,16823116,一路向北,"2026-09-28 01:16:05",2434.3,2,chronoscop
220,16946062,Dlyra,"2026-09-28 12:09:25",2433.1,2,tyronnaidoo
221,16632245,u,"2026-09-28 12:18:35",2431.2,2,"apostoloskontarinis,curbotron13,halzweiman,josephmcgonaglebrown,shreyanshpoddar"
222,16730076,SJY321,"2026-09-25 19:16:09",2431.0,2,sjy321
223,16750416,QQ农场,"2026-09-28 01:01:53",2430.5,2,"dqfeng,gvione"
224,16845367,kyy666,"2026-09-27 22:32:36",2427.5,2,"kyy666,robertmcwang"
225,16923256,Rio,"2026-09-28 09:56:55",2427.2,2,ryosukehada
226,16700211,miya,"2026-09-28 11:01:02",2426.7,2,miyamuratakeki
227,16806556,KyryloBakumenko,"2026-09-28 05:39:27",2425.8,2,kyrylobakumenko
228,16752740,BorisV,"2026-09-28 11:31:25",2424.8,2,bvoskresenskii
229,16897610,"in blue","2026-09-25 08:24:35",2424.8,2,bhatiji
230,16736435,CDE,"2026-09-28 10:00:25",2423.9,2,"arc144,christofhenkel,crodoc"
231,16930535,wind,"2026-09-28 12:19:47",2421.7,2,"sfkmzy,windbyluck"
232,16661118,"Sirui Zeng","2026-09-28 14:09:53",2421.4,2,siruizeng
233,16682494,Phi,"2026-09-28 06:08:56",2416.4,2,ajinomoto132
234,16762735,"Zenith Ye","2026-09-28 14:55:57",2415.8,2,zenithye
235,16716558,"Evan Tobias","2026-09-28 04:12:39",2412.2,2,evantobias
236,16772204,"Hamam Ahmed","2026-09-27 18:08:23",2411.9,2,hamamelsanousi
237,16762019,mqjx,"2026-09-28 15:21:07",2411.5,2,"jifengjianhao666,mqingcs"
238,16696304,"Utkarsh #2","2026-09-26 07:05:14",2411.4,2,n0va007
239,16839986,"XIAO MA","2026-09-28 13:29:11",2410.5,2,linusm020311
240,16663403,matthewwh,"2026-09-28 11:11:12",2409.9,2,matthewwh
241,16654589,"Rishant Sharma","2026-09-27 17:20:16",2409.9,2,trishtan99
242,16728910,Thai,"2026-09-27 08:28:29",2409.0,2,hnthai
243,16798602,uns.t,"2026-09-28 09:46:07",2408.4,2,franksunp
244,16675873,"Zhu Liang","2026-09-28 02:53:47",2408.2,2,paradite
245,16867734,SH11235,"2026-09-27 18:19:47",2407.6,2,sh11235
246,16728071,AI是我的豆包,"2026-09-28 15:05:50",2406.0,2,"blht2026,wocenmma,zzxhee"
247,16645426,Jun_value,"2026-09-28 13:04:45",2404.5,2,junvalue
248,16629685,mikelou1,"2026-09-28 00:23:46",2404.0,2,mikelou1
249,16801351,デワンシュ,"2026-09-28 15:38:21",2401.6,2,shade012
250,16923064,ryomac1,"2026-09-28 00:42:48",2401.5,2,ry1729
251,16701258,ln,"2026-09-28 12:58:43",2400.9,2,"flentz,nazarov"
252,16829239,tomfng,"2026-09-28 13:30:08",2398.8,2,tomfng
253,16681405,"Yusuke Hayashi","2026-09-28 11:04:50",2398.6,2,yhay81
254,16735094,RngRng,"2026-09-28 15:56:45",2397.8,2,rngrng
255,16625908,trantrikien239,"2026-09-28 15:59:52",2397.5,2,trantrikien239
256,16784943,"Ian lin","2026-09-28 10:42:49",2397.3,2,ianlin310707
257,16870342,"CHEN Xiang","2026-09-28 13:16:10",2397.0,2,intoxicatinglips
258,16870986,Taeyang,"2026-09-28 15:39:31",2397.0,2,"lucas040,taeyangg4,xox787,yw8837"
259,16799428,hatata,"2026-09-28 07:00:12",2396.8,2,hatata3737
260,16639155,"Arturo Gutiérrez Aguilar","2026-09-27 19:31:00",2396.5,2,jarturo
261,16769836,weense,"2026-09-28 13:32:24",2396.3,2,weense
262,16655129,"Morylov Yehor","2026-09-28 16:29:19",2395.7,2,morylov
263,16822071,"aisormo P.H","2026-09-27 15:00:25",2394.3,2,aisormoph
264,16700204,"ZHOU HONGYI","2026-09-28 15:49:54",2393.8,2,zhouhyz
265,16638651,Emre,"2026-09-28 09:03:18",2393.2,2,emre690
266,16663818,"Mike Mordetsky","2026-09-28 13:52:17",2392.8,2,mikemordetsky
267,16809263,"Bertan Pank","2026-09-28 07:36:02",2391.7,2,bertanpank
268,16796370,Z-A,"2026-09-28 15:07:02",2391.4,2,"dfgtde,yuyizhu"
269,16878119,Aryan.Ahl,"2026-09-28 03:09:43",2390.0,2,aryanahl
270,16724366,"YASH JAIN","2026-09-28 07:58:22",2389.3,2,yashjain911
271,16677810,"Maksim Borisov","2026-09-28 11:24:08",2389.3,2,ma4ypic4y
272,16853894,"Ilya Usmanov","2026-09-28 11:40:31",2388.7,2,"ilyausmanov,kolesnikovia,makskhan"
273,16687649,track,"2026-09-28 11:33:56",2387.5,2,"a2nt1as2n,ahmedberatozer,omerlleez"
274,16867120,"DaoHe Liu","2026-09-28 16:52:56",2387.1,2,daoheliu
275,16623520,asteriam,"2026-09-28 03:07:36",2386.4,2,masatakashiwagi
276,16653982,"Arul Prasad S P","2026-09-27 18:20:31",2385.7,2,arulprasadsp
277,16867213,한밭대학교컴퓨터공학과정우민,"2026-09-28 12:22:46",2384.8,2,woominyo
278,16623458,datnt114,"2026-09-28 16:57:51",2384.7,2,kingkong153
279,16710464,ns0329,"2026-09-25 08:55:47",2382.9,2,ns0329
280,16742139,ALLAI,"2026-09-28 16:08:54",2382.4,2,glorysing
281,16762208,CrazyML,"2026-09-27 10:51:05",2381.0,2,"janhvikhattri,sorcererbi,vedanshipathak"
282,16860129,sonny_01,"2026-09-28 03:42:57",2380.9,2,sonnymupfuni01
283,16725899,Zhenghongshuang,"2026-09-28 16:13:23",2380.8,2,zhenghongshuang
284,16846677,涵哥,"2026-09-28 16:05:29",2379.7,2,jinfanhahaha1
285,16813899,blueshine,"2026-09-28 05:56:30",2379.0,2,minagawateru
286,16775350,"Sourabh Nirwanevht","2026-09-28 15:05:30",2378.9,2,"sourabhnirwanevht,yanggod"
287,16832209,enduejdu,"2026-09-28 01:13:09",2378.9,2,"cliff376,enduejdu,vvennie,yuwenyue"
288,16763706,断罪の孤高の神・大宇宙草莓覇皇,"2026-09-28 11:33:31",2378.5,2,"lordofichigo,qilejiang76"
289,16651695,"Fried Chicken Lovers","2026-09-28 14:26:36",2377.4,2,"gwey1025,koushikrudra,kragglenote2forwork"
290,16928701,gt50,"2026-09-27 22:46:20",2377.1,2,shawnqjackson
291,16810111,"Saket Singh","2026-09-28 11:37:20",2377.1,2,saketsingh9728
292,16658185,"Juwon Kweon","2026-09-28 09:51:37",2375.9,2,juwonkwon
293,16641077,lucaskna,"2026-09-28 08:50:08",2375.8,2,lucaskna
294,16758556,bpbpbpbpb,"2026-09-28 07:43:09",2375.8,2,bpbpbpbpb
295,16751152,"Andrew Reed","2026-09-27 02:53:26",2375.7,2,andrewreed
296,16803103,hugghngkai,"2026-09-28 14:31:53",2375.6,2,hugghngkai
297,16810299,spencersi123,"2026-09-28 07:45:24",2375.3,2,spencersi123
298,16867277,"Aura Farmer","2026-09-26 18:27:29",2375.2,2,oriolhinojocomellas
299,16729280,"Ryoya Tsuruoka","2026-09-27 23:37:23",2373.4,2,"irohasorange,mrooto,rahaia"
300,16910680,colum2131,"2026-09-28 14:34:17",2372.0,2,columbia2131
301,16685047,Yvonne.,"2026-09-28 13:14:27",2372.0,2,zdawer250
302,16681744,team_fn,"2026-09-26 08:21:33",2370.7,2,fjklmn
303,16670569,Ezzzzzekki,"2026-09-26 19:02:45",2369.7,2,abdullahelzeki
304,16872754,kitano0104,"2026-09-28 05:50:09",2368.7,2,"kitano0104,ryyymy"
305,16693534,HireMe,"2026-09-28 05:54:35",2367.9,2,junta1104
306,16685548,"Erfan Eshratifar","2026-09-28 15:49:06",2367.6,2,erfaneshrati
307,16811313,Ta_____ko,"2026-09-28 12:48:55",2367.0,2,tako1249
308,16705499,byncpy,"2026-09-28 16:52:00",2366.5,2,jinliangbi
309,16651332,"Le Viet","2026-09-28 14:42:42",2365.8,2,sleepyssr
310,16944480,"Peihao Chen Caesar","2026-09-27 05:11:51",2364.5,2,peihaochencaesar
311,16623877,Chikuwabu,"2026-09-28 11:15:39",2364.4,2,prgckwb
312,16821542,"Hıdır BozkurtT","2026-09-28 14:01:47",2363.9,2,hdrbozkurtt
313,16674649,寿!,"2026-09-28 05:54:21",2362.8,2,taka3776toshi
314,16813655,c_fxy,"2026-09-28 16:58:56",2362.7,2,cfxyai
315,16623466,len8487,"2026-09-28 14:55:13",2361.9,2,len8487
316,16792681,"MISIS loss volos","2026-09-28 10:55:39",2360.9,2,"bryxosmmm,mors1337"
317,16830390,"Hajime Kumami","2026-09-28 04:53:59",2359.5,2,hajimekumami
318,16839458,"Agent 0","2026-09-26 16:52:51",2358.4,2,agent0
319,16892314,"Akshay #3","2026-09-28 00:32:11",2357.9,2,akshay1301
320,16666442,"SHALWIN SANJU","2026-09-27 18:20:44",2356.8,2,shalwinsanju
321,16811036,"farmin time","2026-09-28 02:10:03",2355.7,2,jaydenszeto123
322,16908425,"Tagir Eminov","2026-09-27 22:46:15",2355.5,2,"tagireminov,timmass2"
323,16630380,JM,"2026-09-28 14:21:11",2355.4,2,julianmukaj
324,16891703,"Rasmus Hulthe","2026-09-28 16:09:42",2355.1,2,zazmuz
325,16653044,"Claudex - An","2026-09-27 14:59:56",2354.7,2,"binhdth,buphmquc,hainguyenthien,pntan17"
326,16701779,"Chaoqi Luo","2026-09-28 04:04:05",2354.5,2,chaoqiluo7
327,16662041,"Sarah Ng","2026-09-28 10:52:18",2354.3,2,thunguyen1510
328,16699741,Tom3,"2026-09-27 10:09:17",2354.3,2,tomohiroaz
329,16752250,"Takahiro Katsumata (tkatsuma)","2026-09-28 11:18:54",2353.3,2,alextfkd
330,16696999,"HD h Joratos","2026-09-28 03:42:23",2352.7,2,hdhjoratos
331,16748511,HarshPandey-yt-auto,"2026-09-28 04:30:48",2352.6,2,harshpandeyytauto
332,16657796,"parv goyal2","2026-09-28 13:34:31",2352.6,2,parvgoyal2
333,16785753,"Mizero Lucky Gall","2026-09-28 13:36:05",2352.4,2,mizeroluckygall
334,16633552,Unkn0wn,"2026-09-28 12:06:40",2352.4,2,"harnadshilpa,nagendraadisesha"
335,16878458,"Sho Saga","2026-09-25 00:13:47",2351.2,2,shosaga
336,16669911,"Batuhan Ustun","2026-09-28 14:00:20",2350.3,2,batustun
337,16863959,123456789101112151617181920212,"2026-09-28 14:22:25",2349.4,2,thangnm1
338,16803032,"varshitha kolupuri","2026-09-28 05:01:56",2349.3,2,varshithakolupuri
339,16764228,"Kaixi Zha","2026-09-28 15:44:06",2346.7,2,"huadutry,kaixizha"
340,16854935,일필휘지,"2026-09-28 09:42:46",2345.4,2,tenkojun
341,16730719,Xiaowenhao404,"2026-09-28 15:47:22",2345.4,2,xiaowenhao404
342,16709905,Rospel,"2026-09-28 03:55:31",2344.9,2,rospel
343,16655922,kusui26,"2026-09-27 13:20:04",2344.1,2,kusui26
344,16904289,"farmer zefeng","2026-09-27 08:34:51",2343.8,2,zefengai
345,16664640,kaggricodex,"2026-09-27 03:50:44",2343.7,2,underestimated
346,16748154,taiseiu,"2026-09-28 11:52:30",2343.6,2,taiseiu
347,16829053,BigAngel,"2026-09-28 02:03:26",2343.0,2,kevin8093
348,16690353,b13902103_yuhung94,"2026-09-22 02:00:14",2342.1,2,yuhung94
349,16822602,haru0707,"2026-09-20 10:06:04",2341.6,2,"haru0707,kiduna"
350,16674508,"Giulio Ravasio","2026-09-25 11:29:43",2341.2,2,giuliorav
351,16855156,"Lior Toledano","2026-09-28 08:44:27",2341.0,2,liortoledano
352,16666977,"Tagir Analyzes","2026-09-28 07:51:54",2340.7,2,tagirkhairutdinov
353,16657316,只因队,"2026-09-28 00:31:10",2340.2,2,"jasonxusk,mingkangyan,no13ody,renmin517"
354,16734498,kazuhiro3381,"2026-09-27 15:41:26",2339.9,2,kazuhiro3381
355,16671588,"Keisuke & rererenore & Kifine","2026-09-28 16:15:33",2339.8,2,"keisukeueda,liaoyingxi,rererenore"
356,16914744,哈基米南北路多,"2026-09-28 05:05:09",2339.7,2,"drlimingz,freakrk,liushunyao,perrinslutman,sayu1u"
357,16666434,"JOSHNA ACSHA S 21CS","2026-09-27 18:20:38",2339.5,2,joshnaacshas21cs
358,16799934,auhulu,"2026-09-27 08:12:01",2338.8,2,auhulu
359,16944851,Asuka0131_LFG,"2026-09-28 02:40:40",2338.2,2,whisperss
360,16639263,Yam,"2026-09-28 08:57:07",2337.3,2,minyam
361,16786126,"Max Bloom","2026-09-26 17:32:25",2334.7,2,maxbloom
362,16786382,hylexi,"2026-09-28 16:58:03",2333.9,2,hylexi
363,16884244,UCAS_fish_wang,"2026-09-28 07:09:12",2333.9,2,yiliu15
364,16658554,Pai,"2026-09-28 16:53:26",2333.9,2,rajathrpai
365,16778656,Aacceeo,"2026-09-27 20:31:37",2332.4,2,aacceeo
366,16860293,kobq,"2026-09-28 06:00:50",2332.2,2,kooobq
367,16642139,"Arnav Goel","2026-09-27 10:44:22",2332.1,2,arnavgoel17
368,16678693,"Maher el Ouahabi","2026-09-28 04:41:31",2331.7,2,maherelouahabi
369,16709837,Sophinator,"2026-09-25 16:31:47",2330.0,2,sophinator
370,16894895,Talented_Eggs,"2026-09-28 11:44:24",2329.6,2,"kangmingpeng,kinghuang123,qiandongxie666,yyhm666"
371,16945969,"Rushil Desai","2026-09-28 00:43:38",2328.7,2,rushildesai
372,16696231,"Oleg Smirnov","2026-09-28 17:05:01",2328.5,2,smirnolegov
373,16733176,Yakouu,"2026-09-27 14:17:25",2327.9,2,yakouu
374,16702590,Aashka,"2026-09-28 12:02:44",2327.3,2,aashka
375,16743033,Nagahama,"2026-09-27 12:04:47",2326.9,2,kazukinagahama
376,16796241,"pavan rajr","2026-09-28 16:24:59",2324.5,2,pavanrajr
377,16743836,"Auto Fermers","2026-09-28 15:40:38",2324.5,2,"arsgorynich,artemboltaev,dmitriigluzdov"
378,16778178,kyosan,"2026-09-28 15:46:15",2324.0,2,"azizbekxasanov,dilyorbek"
379,16769595,Rudra,"2026-09-28 00:41:02",2323.5,2,rudrabhaskar
380,16712189,"Kostiantyn Isaienkov","2026-09-27 22:32:58",2323.2,2,isaienkov
381,16663271,"Malyshev Danil","2026-09-28 08:37:34",2322.3,2,"corgisamoyed,malyshevdanil"
382,16732696,naniwazu,"2026-09-27 15:32:06",2322.2,2,naniwazu
383,16738852,ZJUwlm,"2026-09-28 02:17:38",2322.2,2,"oonumberone,zjuwlm"
384,16623974,Canon,"2026-09-28 08:11:37",2322.1,2,sotakurihara1
385,16852728,"Ryuto Yoda","2026-09-27 14:19:07",2321.8,2,ryutoyoda
386,16778946,yuki0731,"2026-09-28 11:50:06",2321.3,2,yuki0731
387,16709176,Efnutrrionpy,"2026-09-28 12:02:10",2321.2,2,efnutrrionpy
388,16633100,"Emile Andrieu","2026-09-27 09:47:46",2320.2,2,emileandrieu
389,16653303,open5,"2026-09-28 16:55:20",2319.7,2,"chen2yoimiya,huaidezhang,hyt1nn,wahuwahuwahu,zrurfa"
390,16769990,delai50,"2026-09-28 14:28:34",2319.1,2,delai50
391,16925277,wanzi,"2026-09-28 06:58:02",2319.1,2,jyw131331
392,16810078,Sam-wiz,"2026-09-28 07:31:54",2317.7,2,samwiz
393,16623459,"Peng Wang","2026-09-28 05:43:01",2317.5,2,pengwang91
394,16843436,ktaery,"2026-09-28 00:03:05",2316.8,2,ktaery
395,16704580,"Yunho Hwang","2026-09-28 14:05:20",2316.2,2,yunhohwang
396,16673109,"Surya Bhattiprol","2026-09-28 00:01:05",2315.5,2,suryabhattiprol01
397,16656452,Kudo,"2026-09-28 13:33:25",2315.4,2,nguyenchicuong
398,16623449,"Ryo Takaki","2026-09-28 08:11:35",2315.3,2,ryotakaki
399,16750575,Gronk,"2026-09-28 15:47:04",2314.2,2,jianyicai
400,16705659,"srijan k.r keshri","2026-09-28 04:42:54",2314.2,2,srijankrkeshri
401,16792586,dodoshark,"2026-09-28 11:08:51",2313.3,2,dodoshark
402,16939679,tokawa2997,"2026-09-28 04:43:22",2312.4,2,tokawa2997
403,16732857,Rojiomote,"2026-09-28 16:44:20",2311.4,2,rojiomote
404,16833095,"ADARSH DWIVEDI","2026-09-25 11:41:22",2310.5,2,adarshcod
405,16769059,Gabriel,"2026-09-28 17:13:47",2308.8,2,"shawsebastian,tvtdddd"
406,16757809,dasfds,"2026-09-28 12:43:47",2308.5,2,dasfds
407,16655682,"Azamat Sadikov","2026-09-28 00:26:24",2307.9,2,azamatsadikov
408,16804863,JezzLynn,"2026-09-28 07:22:39",2307.1,2,"fresnellll,jezzlin,zemengzero"
409,16640683,Jason-Oh,"2026-09-28 17:47:41",2306.7,2,dossantoss
410,16686707,"Sébastien henry","2026-09-28 15:47:00",2305.9,2,sebmontreal
411,16795448,ultimatum_game,"2026-09-28 16:54:30",2305.8,2,"ultimatumgame,walrushero"
412,16789946,"Oriol Pi Morell","2026-09-28 04:08:08",2305.5,2,oriolpi
413,16644724,"Kaggriculture Agent","2026-09-28 15:32:24",2304.2,2,"jiweiliu,tonylica,yiheng"
414,16675708,"Mahder Tesfaye Abebe","2026-09-28 15:52:03",2304.1,2,mahdertesfayeabebe
415,16665237,"Ad Space Available","2026-09-27 14:24:05",2304.1,2,"liyouran0820,rainchen0411,richardsilence,tongyuexiao"
416,16677337,"xi luo","2026-09-28 03:34:37",2303.3,2,xiluo00
417,16934931,erica,"2026-09-24 22:35:11",2302.9,2,duanyong049
418,16637597,venks,"2026-09-27 18:47:49",2301.4,2,vterli
419,16892537,"🐖 piggy bank butchery 🥩","2026-09-28 16:59:56",2300.9,2,artemkhakimov
420,16774141,Radiance,"2026-09-28 16:19:51",2298.8,2,"evelyn3976,wangyi01"
421,16763274,vinceybb,"2026-09-27 06:08:22",2297.9,2,vinceybb
422,16641884,Blacklions.,"2026-09-28 10:48:51",2297.4,2,"blacklions,llllllc666"
423,16851664,koucha,"2026-09-28 13:45:41",2296.0,2,momotakaaoki
424,16949818,MachineLearner,"2026-09-28 14:52:49",2295.5,2,anesabbad
425,16938872,ゴロ・イ,"2026-09-28 08:32:13",2295.3,2,gorubachohu
426,16864558,"Henghan Dong","2026-09-27 08:10:31",2294.9,2,henghandong
427,16701074,"One Policy to Rule Them All","2026-09-28 15:57:03",2294.1,2,qujiahui
428,16762319,"Shiji Zheng","2026-09-28 08:56:53",2294.0,2,"q20020006073,watcher996,zhengshiji"
429,16867799,"Chris Deotte","2026-09-28 11:49:26",2293.9,2,cdeotte
430,16645203,easonyanyan,"2026-09-28 00:54:36",2292.8,2,easonyanyan
431,16832316,"Tatu Helander","2026-09-28 12:38:31",2292.7,2,tatuhelander
432,16794090,Euphor_M,"2026-09-28 14:48:31",2292.0,2,euphor
433,16704247,WeAreFarmers,"2026-09-26 15:16:59",2291.9,2,gbmorris1
434,16712121,"Hai Dang","2026-09-28 07:01:07",2291.5,2,haidang2405
435,16760490,"nir afek","2026-09-28 01:20:11",2291.5,2,nirafek
436,16669926,Jince,"2026-09-28 05:50:19",2290.6,2,jincesaju
437,16840447,"Suliman Tadros","2026-09-28 00:11:22",2290.0,2,sulimantadros
438,16848952,tubotu,"2026-09-27 15:39:05",2289.1,2,tubotu
439,16732445,ГИМНАЗИЯ14ЙОШКАРОЛА,"2026-09-28 00:01:17",2288.8,2,"domager72,fylgde,kolyaflexcu"
440,16853805,yefenfei,"2026-09-28 15:12:05",2288.3,2,"stargazer7c,yefenfei,yuchenzhanlulu,zhengweibin1026"
441,16746395,Levin,"2026-09-28 12:28:16",2288.3,2,"sophiexs,zhengliwen"
442,16756411,"Maximo Uribarri","2026-09-28 13:09:44",2286.9,2,maximouribarri
443,16621625,YBEJlKA,"2026-09-28 08:25:47",2286.8,2,alexanderchesnokov
444,16777134,Tom&Jerry,"2026-09-26 12:51:24",2286.1,2,tomjerry101
445,16624040,kumk,"2026-09-28 13:37:53",2285.8,2,kknagoya
446,16852826,Phoenix750,"2026-09-28 04:48:20",2284.7,2,richardmaddox
447,16746025,Hamachi,"2026-09-28 16:56:59",2284.0,2,hamatz
448,16946558,Kamilek,"2026-09-28 05:15:02",2283.5,2,kamillek
449,16905243,Nyassy,"2026-09-28 13:36:48",2282.6,2,ka4869
450,16740419,IamDiganta.7,"2026-09-28 01:12:58",2282.1,2,iamdiganta7
451,16763897,BackFiring,"2026-09-27 18:33:54",2281.7,2,backfiring
452,16726915,"인공저능연구소( Artificial Idiocy Lab )","2026-09-28 09:30:07",2281.4,2,megayak
453,16672325,Ispagiytiy,"2026-09-27 01:57:02",2280.8,2,ispagiytiy
454,16802486,SHICHIES,"2026-09-28 02:46:28",2280.7,2,shichies
455,16889224,"Ishan Karnick","2026-09-28 13:36:28",2280.6,2,"ishankarnick,trinitynusca31"
456,16749272,giraffeneck,"2026-09-28 12:44:43",2280.1,2,yamajin
457,16701768,darasty,"2026-09-28 02:17:59",2279.6,2,darasty
458,16778012,俺是耕田哩,"2026-09-28 03:40:35",2279.4,2,tianzhenggao
459,16927774,shuto,"2026-09-28 15:32:38",2279.0,2,shutohorie
460,16670537,Silhouette,"2026-09-28 00:59:04",2278.4,2,jamessargsyan
461,16651157,StupidXie,"2026-09-28 13:54:24",2278.4,2,stupidxie
462,16847812,tw1nstar,"2026-09-28 14:32:36",2276.6,2,"candaceward,supermanking,waekeee"
463,16935391,"cs duals","2026-09-28 15:54:59",2276.3,2,kostopr4v
464,16622567,"Georgy Mamarin","2026-09-27 19:28:26",2275.9,2,georgymamarin
465,16783642,base_camp_2002,"2026-09-28 10:42:13",2275.8,2,basecamp2002
466,16741178,guruguru000,"2026-09-28 11:59:29",2275.6,2,guruguru000
467,16927831,Baimakanov,"2026-09-27 12:28:20",2275.2,2,baimakanov
468,16860784,xxxx0314,"2026-09-28 11:24:35",2275.1,2,"kirklandsan,xxxx0314,yunfeiyang223"
469,16693227,"Aniket Sharma","2026-09-27 22:25:12",2274.7,2,aniketsharma00411
470,16844132,Tamasaki217,"2026-09-27 08:08:46",2274.3,2,tamadesu217
471,16700919,Anubisyy,"2026-09-28 11:52:43",2273.6,2,anubisyy
472,16919131,"Argyris Anastopoulos","2026-09-28 17:40:34",2273.2,2,argyrisanastopoulos
473,16840212,anngle,"2026-09-28 02:36:59",2272.5,2,anngle
474,16898090,"Zbigniew Kirchner","2026-09-27 16:17:37",2272.3,2,zbigniewkirchner
475,16805244,nari,"2026-09-28 13:06:16",2271.4,2,shoheiyoshinari
476,16718138,Haalandspring,"2026-09-28 14:18:47",2271.0,2,haalandspring
477,16811605,"Ryu Sonoda","2026-09-28 04:10:43",2270.9,2,ryusonoda
478,16674948,habe.sq,"2026-09-28 13:21:54",2269.2,2,habesq
479,16623399,Kendamarron,"2026-09-28 14:47:27",2268.7,2,kazuhirokuriyama
480,16949185,"Akil Al-Sharafi","2026-09-27 18:07:55",2268.4,2,akilalsharafi
481,16892318,"fumiya utsuno","2026-09-28 15:05:02",2268.0,2,"fumiya326,kuboken,rikutokuwayama"
482,16934847,yuuri,"2026-09-27 07:08:22",2267.9,2,yuuuuuuuuri
483,16638781,itsuki-data,"2026-09-26 17:05:06",2267.6,2,itsuki89
484,16812062,姜上（Integ）,"2026-09-27 18:30:57",2267.1,2,"borealis27,integjs"
485,16688896,"JianYuan Deng","2026-09-28 08:41:43",2265.9,2,"jiahewangggg,jianyuandeng"
486,16732055,DASH村,"2026-09-27 16:45:15",2265.6,2,sobameshi
487,16679245,"Krzysztof Gonia","2026-09-28 07:46:28",2265.3,2,krzysztofgonia
488,16855214,"Kazumi Sakamaki","2026-09-28 12:09:16",2265.2,2,hatimitusiropp
489,16861885,"Олег Бабков","2026-09-28 13:57:03",2264.9,2,jabberwock78
490,16786341,"Farmula One","2026-09-27 05:14:00",2264.8,2,"joesland,mer4yyy,ricaaaovo,zhangxingzhe"
491,16801171,"Asterios Terzis","2026-09-27 15:06:42",2264.6,2,asteriosterzis
492,16848633,umizora,"2026-09-28 15:38:58",2264.2,2,yoiisohira
493,16684250,"Alexander Sokolov","2026-09-27 06:57:58",2263.9,2,cheeec0
494,16655826,KKY,"2026-09-28 02:43:42",2263.9,2,evilpsycho42
495,16822519,Lunospital,"2026-09-28 13:00:32",2263.7,2,lunospital
496,16803658,"Timmy ""Kermit"" Turner's Team","2026-09-27 22:36:59",2263.5,2,"timsurreal,zombiespecz"
497,16707915,MGöksu,"2026-09-28 11:10:02",2263.0,2,mgoksu
498,16806882,"Friedhelm Winter","2026-09-28 08:06:40",2262.3,2,friedhelmwinter
499,16811948,"xiao xiongwei","2026-09-28 08:26:49",2262.2,2,"huyang111,lixuefeng2336,sherikavotta,xiaofangzhangxfz,xiaoxiongwei"
500,16623897,satoooh,"2026-09-28 14:41:38",2261.1,2,satoooh
501,16828050,stephenlau,"2026-09-28 03:29:07",2260.5,2,stephenlu0422
502,16730706,flaty,"2026-09-28 01:54:49",2260.1,2,flat831
503,16749071,snc5656,"2026-09-28 16:11:34",2260.0,2,jamm1412
504,16932323,Matt,"2026-09-27 04:40:20",2258.6,2,mclouter
505,16657547,"Pranav Thota","2026-09-28 13:39:48",2258.4,2,pranavthota
506,16782203,"rui xiong","2026-09-28 09:18:25",2258.2,2,xiongruihumingyu
507,16823957,"kiki yi2","2026-09-28 13:27:23",2257.8,2,kikiyi2
508,16851474,"HY ISHI","2026-09-28 14:37:56",2257.7,2,hyugaishioka
509,16789950,"Zachary Zhang","2026-09-28 06:54:09",2257.6,2,zacharyzhang16
510,16847222,charmq,"2026-09-28 14:34:51",2257.6,2,charmq
511,16947214,gogogogogo,"2026-09-28 17:01:48",2257.4,2,"bzttub,hehahakl,michaelyu99,y1jun0000"
512,16837491,takaito,"2026-09-28 12:45:59",2256.9,2,takaito
513,16684128,NIklitaCheporev,"2026-09-28 11:21:26",2256.1,2,niklitacheporev
514,16683865,Shin7jp,"2026-09-28 11:10:12",2255.9,2,shin7jp
515,16934238,"Yujin Cha","2026-09-28 07:30:21",2255.5,2,ckdbwlsdlfkdn
516,16737650,sime_saba,"2026-09-28 16:30:32",2254.5,2,watarukawashima
517,16771785,"Mencius silverio MENSAH","2026-09-28 08:51:41",2254.2,2,menciussilverio
518,16731605,datatuu,"2026-09-28 10:44:53",2252.6,2,yaoguang516
519,16918460,cotton0025,"2026-09-28 16:59:08",2252.5,2,cotton0025
520,16623669,goonew,"2026-09-28 10:25:41",2252.3,2,goonew
521,16896998,YehHua001,"2026-09-28 17:29:03",2251.9,2,yehhua001
522,16663946,"Hello San Francisco","2026-09-28 16:02:06",2251.1,2,"circiumaru,dulgherustefan,radugoga"
523,16766128,"Oleksandr Parfionov","2026-09-28 18:02:11",2251.0,2,parfyon
524,16659295,snaykey,"2026-09-28 14:32:07",2250.8,2,snaykey
525,16919866,"Harvey Zhang","2026-09-28 13:03:07",2250.3,2,harveyel
526,16644565,Suda,"2026-09-28 05:03:00",2250.1,2,"chaneyma,deryawang"
527,16642570,"Mathurin Ache","2026-09-28 00:01:03",2250.1,2,mathurinache
528,16777710,"Clement Lau","2026-09-28 14:57:49",2250.0,2,clementlau
529,16924283,GeHaohua,"2026-09-28 12:58:44",2249.9,2,gehaohua
530,16665134,edteoh,"2026-09-28 13:16:07",2249.5,2,edteoh
531,16684748,"nailong alpha","2026-09-28 15:46:15",2249.5,2,"dejavucry,weiyun22021,yizhewong,yoruet,zekenos"
532,16669686,"Mert Bayraktar","2026-09-28 18:21:22",2249.4,2,mertbayraktar
533,16936876,ZeroGrain,"2026-09-25 05:00:29",2248.8,2,"fengwenxu,liuhongyi2026,liyayay,ruihuang999"
534,16883355,WebFarmers,"2026-09-27 20:47:22",2248.7,2,"axollo,dmitriiorel"
535,16661558,안녕하세요이세입니다잘부탁드립니다,"2026-09-28 08:19:25",2248.6,2,"moonswalk,municef1"
536,16795062,"Satoshi Nguyen","2026-09-26 05:34:23",2248.3,2,satoshinguyenai
537,16639565,yasu,"2026-09-27 22:38:34",2248.1,2,yasutakababa
538,16668610,Sian,"2026-09-28 08:45:12",2247.3,2,arki13
539,16727110,yemaoye,"2026-09-27 12:32:02",2247.1,2,"luckyappley,yemaoye"
540,16622121,xz,"2026-09-27 17:11:33",2246.9,2,xiaoz259
541,16919599,yygg2026,"2026-09-27 03:04:05",2246.5,2,yygg2026
542,16665233,"Akash Deep","2026-09-28 04:50:39",2246.3,2,akashdeepo
543,16621595,"Farmers From Punjab","2026-09-27 05:14:16",2246.2,2,alisalmanrana
544,16732496,kanno,"2026-09-28 13:33:43",2245.4,2,kannomasaki
545,16664788,rian,"2026-09-28 12:59:27",2245.2,2,rian55
546,16769967,"Bill Fan","2026-09-27 09:40:41",2244.8,2,billfan88
547,16921670,giyogoioが相手の農地を燃やします,"2026-09-28 13:30:05",2244.7,2,"giyogoiohlrlqll,k256net"
548,16735744,老乡,"2026-09-28 13:50:52",2244.4,2,"hboyang,junjiezhou5100"
549,16667767,t3l3kin3sis,"2026-09-28 08:10:34",2243.9,2,"daffafariq,hashmatzamaryali,malsabbagh05"
550,16621500,"Reinforcement Larping","2026-09-28 09:43:30",2243.6,2,"egortkachenko,timzagrebelny"
551,16847609,"Aura Farmers","2026-09-28 08:39:24",2243.4,2,"adriana0022,ayrnpn,shengkaizhu"
552,16925367,codezzzsleep,"2026-09-28 05:55:32",2243.0,2,codezzzsleep
553,16804757,MAT,"2026-09-27 21:28:33",2242.9,2,mehmetanltays
554,16645596,Kosakunin,"2026-09-27 02:40:30",2242.8,2,yugoawawa
555,16698560,"Seungjun Lee","2026-09-28 06:05:04",2242.7,2,seungjunleeofficial
556,16778469,"Tamandeep Singh","2026-09-27 17:09:21",2242.3,2,tamandeep1024
557,16632224,"Alvis E. Hamilton","2026-09-28 15:26:37",2241.4,2,yamakawanin
558,16885059,"Itikela Bhaskar","2026-09-28 00:07:14",2239.7,2,itikelabhaskar
559,16786108,Pakhan873,"2026-09-27 17:21:00",2239.5,2,paveldidin
560,16730323,fufufukakaka,"2026-09-28 09:01:20",2239.2,2,fufufukakaka
561,16762248,KongKongDe,"2026-09-27 18:37:55",2239.0,2,kongkongde
562,16670453,141,"2026-09-27 14:46:40",2238.9,2,"muhammadmustafaxo,siddiqshah"
563,16630519,"Mehmet Özer","2026-09-28 08:46:38",2238.7,2,ozermehmet
564,16738424,Yunioshi,"2026-09-28 15:01:55",2238.2,2,yunioshi
565,16623635,HiroyukiSasaki,"2026-09-27 23:44:44",2238.1,2,hiroyukisasaki815
566,16937431,ekkkcz,"2026-09-28 17:40:27",2237.7,2,ekkkcz
567,16633226,test_money,"2026-09-27 13:18:27",2236.9,2,michaelsemenoff
568,16805370,"Gaiar Baimuratov","2026-09-27 08:56:43",2235.8,2,baimuratov
569,16740996,ikevayansky,"2026-09-28 05:42:37",2235.6,2,ikevayansky
570,16745059,mekduy,"2026-09-28 18:07:00",2235.2,2,mekduy
571,16940533,shikaikaikaikai,"2026-09-28 05:53:43",2234.9,2,shikaikaikaikai
572,16757635,"Sridip Basu","2026-09-28 13:53:49",2234.7,2,sridipbasu
573,16936280,dev.asad67,"2026-09-27 13:06:34",2234.2,2,devasad67
574,16655505,Debmalya,"2026-09-28 08:44:20",2233.8,2,debmalya84
575,16809874,抹茶屋,"2026-09-28 13:16:08",2233.7,2,havenox
576,16793039,"Carson Rodrigues","2026-09-28 13:01:45",2233.5,2,carsonrodrigues
577,16687294,"Madiyar Khamzanov","2026-09-28 15:18:24",2233.5,2,mkhamzanov
578,16624276,MKGA,"2026-09-27 16:24:38",2233.0,2,"horizen12,zejunfool"
579,16674932,kokinnwakashuu,"2026-09-27 12:21:07",2232.0,2,kokinnwakashuu
580,16668406,"VAP RF5","2026-09-27 16:51:03",2231.5,2,vaprf5
581,16805171,Mario,"2026-09-28 14:36:12",2231.4,2,mwalkiew
582,16768236,Baligh,"2026-09-28 05:05:35",2230.3,2,balighmehrez
583,16642662,CdeTilly,"2026-09-27 20:36:52",2230.3,2,cdetilly
584,16702547,Dean0016,"2026-09-28 10:13:30",2229.6,2,"ddcchh,dean0016,zureaaa"
585,16891283,tofu1002,"2026-09-27 04:07:09",2228.4,2,tofu1002
586,16677568,yarneo,"2026-09-28 07:47:17",2228.2,2,yarneo
587,16785483,xiongrui666,"2026-09-28 09:17:28",2227.3,2,xiongrui666
588,16671163,"Suyash Verma","2026-09-27 23:49:25",2227.3,2,suyashdiamond1
589,16806000,wyz0210,"2026-09-27 16:00:03",2227.0,2,weiyouzhen
590,16633688,Ryo,"2026-09-28 16:39:20",2226.8,2,ryosukekurakami
591,16726461,mocatti,"2026-09-28 03:34:36",2226.3,2,mocatti
592,16743656,Deskbo,"2026-09-28 05:13:07",2226.0,2,deskbo
593,16858228,doubao,"2026-09-28 06:21:23",2225.3,2,"erhankangyan,yuanlili123321"
594,16793656,王子铖,"2026-09-27 08:20:13",2225.1,2,aurantium
595,16916611,Infinity,"2026-09-27 15:37:44",2225.0,2,"maaz101,syedtahahassan"
596,16661702,"Chattso-GPT (Yasuhito Yanagisawa)","2026-09-28 01:00:54",2225.0,2,yasuhitoyanagisawa
597,16655383,MtN,"2026-09-28 16:57:32",2224.5,2,mariotrsn
598,16697229,"Masashi Nishimoto","2026-09-28 03:41:06",2224.5,2,masashinishimoto
599,16806206,"Yuan Yongth","2026-09-27 16:08:28",2224.0,2,"sunnylzheng,yuanyongth"
600,16672136,chupaletas,"2026-09-27 15:54:45",2223.9,2,urvesh
601,16823467,"Riki Uchida","2026-09-28 12:39:56",2223.5,2,rikiuchida
602,16949661,Shs123,"2026-09-26 20:14:37",2223.3,2,shs123
603,16639871,"Aura Farming","2026-09-28 00:00:42",2222.7,2,"aghbalouanass,gauthieravite"
604,16743240,yoshino,"2026-09-28 15:48:37",2221.6,2,shirayukiaya
605,16633944,Toru59er,"2026-09-28 00:04:27",2220.8,2,toru59er
606,16636536,tetsu2131,"2026-09-27 02:52:06",2218.4,2,tetsutani
607,16775473,LuanHengYu,"2026-09-28 09:40:57",2217.6,2,apexml
608,16811949,PeterDreamHan,"2026-09-28 15:21:21",2217.3,2,"niuwh1004,peterdreamhan"
609,16944396,Monruho,"2026-09-28 14:27:43",2217.2,2,monruho
610,16665829,Shadowfishes,"2026-09-27 14:24:20",2216.8,2,"boandme,ronitagarwal1,shauryasahdev2"
611,16757727,"Sohshi Nakamura","2026-09-27 09:41:50",2216.8,2,sohshinakamura
612,16849053,z7777,"2026-09-28 15:57:03",2216.6,2,songqizhou
613,16815841,"Sunshine through fog","2026-09-28 14:31:05",2215.9,2,sunshinethroughfog
614,16659870,"Tien N.","2026-09-28 14:00:27",2215.9,2,tientrum
615,16854552,ShionMatsuoka,"2026-09-28 06:50:16",2215.1,2,shionmatsuoka
616,16660152,LIH.YUN,"2026-09-28 08:38:34",2214.8,2,fxlcee
617,16839427,kooooozh,"2026-09-27 12:48:03",2214.6,2,grigoriykozhemyakin
618,16659415,PincheCabrón,"2026-09-27 22:25:29",2214.6,2,pinchecabrn
619,16926787,"Владислав Ковкін","2026-09-25 14:26:15",2213.1,2,vladyslavkovkin
620,16765884,洛希边际,"2026-09-28 16:29:53",2212.9,2,"bxz2003,mingyue12318,thethirdsight"
621,16706395,"Kunal Desale","2026-09-27 12:02:34",2212.7,2,kunaldesale2408
622,16892257,ShadowMist01,"2026-09-27 15:25:47",2210.7,2,shadowmist01
623,16858464,Taisei_Tsuneki,"2026-09-27 07:03:36",2210.0,2,"ryoyaotsuki,taiseitsuneki"
624,16889296,"Takauchi Suguru","2026-09-27 14:05:48",2209.6,2,gurusut
625,16630752,motemen,"2026-09-27 05:26:17",2209.4,2,motemen
626,16854216,Rita-1021,"2026-09-28 15:57:07",2209.4,2,rita1021
627,16810587,"Avineesh Arora","2026-09-27 13:32:28",2209.4,2,avndope
628,16735794,宗宗没有英文名,"2026-09-28 03:25:21",2208.5,2,iver666
629,16933848,"Lawrence Katongole","2026-09-28 15:17:29",2208.3,2,lawrencekatongole
630,16917382,"Anand Singh","2026-09-28 13:56:26",2207.8,2,anandsingh8687
631,16690338,dvv_ram,"2026-09-28 00:10:50",2207.7,2,ddvram
632,16938111,barbosi,"2026-09-28 15:03:14",2207.1,2,"despairdr,tupperq"
633,16668736,bhundreds,"2026-09-28 10:44:03",2206.3,2,hundreds1103
634,16664969,猫猫开大运,"2026-09-28 15:09:52",2206.3,2,"estrellasss,kingsley31,smithshine,wuliaoluis,xuteli"
635,16622376,fmind,"2026-09-28 06:17:23",2206.0,2,freaxmind
636,16728076,uuu,"2026-09-28 10:45:24",2204.6,2,vovafinogenov
637,16721453,"Random Mambo","2026-09-28 12:31:21",2204.6,2,beaten67
638,16687901,Khalid,"2026-09-28 15:42:26",2204.3,2,khalid000000
639,16632593,skomuro,"2026-09-28 09:03:28",2203.9,2,skomuro
640,16865424,"clove instalocker","2026-09-28 13:44:12",2203.7,2,fluorescencexe
641,16706185,"Bab Kek","2026-09-28 06:34:27",2203.2,2,babkek
642,16847412,SuzukiKazuma,"2026-09-28 17:11:35",2202.7,2,suzukikazuma
643,16624919,"Juste Me (●'◡'●)","2026-09-28 07:37:49",2202.6,2,degnonguidi
644,16738487,"Andrey Shpigar","2026-09-28 09:52:23",2202.5,2,andreyshpigar
645,16658895,kunihiro,"2026-09-28 08:17:02",2202.4,2,kunihiro
646,16684202,Ignat,"2026-09-27 19:24:11",2201.5,2,ignatgotin
647,16865949,bhaskar9221,"2026-09-27 10:34:34",2201.4,2,bhaskarkumar11
648,16937871,"Rashid Khazeiynasab","2026-09-27 19:45:20",2201.1,2,rashidel1988
649,16732156,"Ца-ри-ца по-лей, ку-ку-ру-за!","2026-09-28 12:02:49",2200.8,2,samvelkoch
650,16781166,Ant,"2026-09-28 14:08:21",2200.4,2,anthonytrevino
651,16706321,lumen,"2026-09-28 08:04:19",2199.7,2,lumenyuto
652,16855885,"Shinonome Seiga","2026-09-27 07:23:07",2199.7,2,shinonomeseiga
653,16763505,"Sai Reddy Pothireddy","2026-09-27 19:07:02",2199.3,2,saireddypothireddy
654,16709068,Vib,"2026-09-27 17:13:25",2198.9,2,viblal
655,16843838,"Alapati Ramakrishna","2026-09-28 10:21:58",2198.7,2,alapatiramakrishna
656,16740644,Terence0914,"2026-09-27 19:06:26",2198.5,2,terence0914
657,16719563,"GPT-5.6 Sol🏆","2026-09-28 14:55:11",2197.1,2,"ctfxiao,gaoruihua,otherworldly777,wennaliu2007,xgentle"
658,16790765,Aristotle.Chen,"2026-09-28 05:49:20",2196.8,2,aristotlechen
659,16874388,"Shuqi Zhang","2026-09-27 16:32:27",2195.4,2,"giadungho,sasalisa"
660,16803448,jiatu.l,"2026-09-27 14:49:44",2195.4,2,jiatul
661,16736670,"Mark Astrid","2026-09-28 08:38:50",2194.9,2,markastrid
662,16698999,Odyssey,"2026-09-27 06:20:19",2192.3,2,a1spirit
663,16627796,tizawa3,"2026-09-28 01:14:11",2191.9,2,tizawa
664,16759699,"Mason Cao","2026-09-28 17:32:48",2190.3,2,mzcao7
665,16881857,Pheonix,"2026-09-27 12:07:16",2189.5,2,vikasg1711
666,16671133,Kazeneko,"2026-09-28 07:45:32",2189.4,2,kazeneko77
667,16690447,Supermercado,"2026-09-28 00:32:52",2189.3,2,ryotaaaaaa
668,16709101,"Djaafar Lecheheb DL","2026-09-28 10:33:05",2189.2,2,djaafarlechehebdl
669,16632599,HyperARC,"2026-09-28 04:20:07",2188.9,2,shadowell888
670,16755911,"Paarth Patel","2026-09-28 09:42:11",2188.7,2,martis10
671,16722705,我的AI是豆包,"2026-09-28 13:59:42",2188.4,2,"carrotliang,haoxuanjng,kaoqiangzhang,rainhuang0220"
672,16937607,wuyan-nox,"2026-09-27 09:26:12",2188.1,2,wuyannox
673,16921800,tmcoder,"2026-09-28 16:34:05",2187.9,2,tm0428
674,16679098,"KIRTAN RUPESHBHAI BHOJANI","2026-09-24 06:02:25",2187.3,2,kitran17
675,16662883,OceanMix,"2026-09-27 21:50:53",2187.2,2,"cggonzalezsc,fierus,liesvyvalladares"
676,16730810,mgoto51004,"2026-09-27 08:52:39",2186.9,2,mgoto51004
677,16838538,"rz cao","2026-09-27 18:03:20",2186.5,2,"caoruizhe,luckybara"
678,16939767,"Elias William","2026-09-27 15:44:44",2186.4,2,eliaswilliam
679,16662176,"jorge fabian avila","2026-09-27 22:00:29",2186.3,2,jorgefabianavila
680,16738492,"Follow Me Gradient","2026-09-28 06:40:42",2186.1,2,farukece
681,16875989,NapolianAdmin,"2026-09-28 06:27:20",2185.9,2,ninadrai
682,16938955,何时成为宗师,"2026-09-28 03:30:49",2184.8,2,wowandanle
683,16655519,CurveCowboy,"2026-09-27 13:04:37",2184.2,2,curvecowboy
684,16749435,SGY2512,"2026-09-27 18:42:17",2183.9,2,sgy2512
685,16641524,AkiraIshikawa,"2026-09-27 12:11:20",2183.8,2,akiraishikawa
686,16868759,Pand,"2026-09-28 09:14:35",2183.6,2,pand999
687,16899200,MauoXX,"2026-09-27 18:45:48",2183.5,2,mclster
688,16776793,"Guilherme Raiuga","2026-09-28 16:09:04",2183.3,2,guilhermeraiuga
689,16771623,kekuru,"2026-09-27 09:59:45",2182.3,2,soyaishihara
690,16635209,4eta,"2026-09-27 18:51:50",2182.1,2,bio4eta
691,16697891,KuziJA,"2026-09-28 10:04:12",2181.2,2,kuzija
692,16741965,Ryuichi,"2026-09-28 06:21:33",2181.1,2,ryuichigt
693,16890669,"Fuchun Wang","2026-09-24 09:10:01",2180.8,2,wangfuchunag
694,16885561,goodpjw2008,"2026-09-28 11:43:43",2180.6,2,goodpjw2008
695,16743988,"Akhilesh Vinnakota","2026-09-26 04:20:38",2179.5,2,akhileshvinnakota
696,16639705,"Yuta Tomimasu","2026-09-28 07:03:34",2179.4,2,yutatomimasu
697,16679688,"Sathwik Chinthakayala","2026-09-28 04:44:02",2179.3,2,sathwikchinthakayala
698,16935530,"[RU] Evgeniy Kamyshan (sharing)","2026-09-27 19:05:40",2179.1,2,svo1488zov
699,16706222,"Xiangyu Liu","2026-09-28 15:25:30",2179.0,2,xiangyuliu007
700,16847478,tokitamago,"2026-09-28 16:41:34",2178.9,2,tokitamago
701,16700846,"Vaibhav Patel","2026-09-28 16:08:57",2178.3,2,vaibhavpatel
702,16768239,Oshbocker,"2026-09-28 17:08:23",2177.1,2,oshbocker
703,16805952,hatakazu93,"2026-09-27 11:57:33",2176.8,2,hatakazu93
704,16659103,Arin,"2026-09-27 15:59:04",2176.3,2,skarin
705,16859963,LINXI,"2026-09-27 13:47:06",2176.0,2,linxii012
706,16652710,Pilea55,"2026-09-28 13:24:01",2175.2,2,ryutogrrr
707,16630779,Jimmer,"2026-09-28 15:53:49",2175.1,2,przemysawonr
708,16898049,"Alua Аkhmetkali","2026-09-26 07:46:37",2175.1,2,alua01
709,16941692,twotodevnull,"2026-09-28 11:20:30",2174.7,2,twotodevnull
710,16716431,m&m,"2026-09-28 14:02:02",2174.6,2,ntrlmt
711,16660678,"Chaitanya Sonaje","2026-09-28 11:37:15",2173.1,2,chaitanya205
712,16707383,"codex is all you need","2026-09-28 12:20:02",2172.7,2,chizhu2018
713,16946322,"hb and ys","2026-09-28 13:04:46",2172.4,2,hbandys
714,16773125,kuroko1t,"2026-09-25 16:49:59",2172.3,2,kuroko1t
715,16705830,"Grim Reaper","2026-09-28 16:53:32",2172.0,2,fathomable
716,16624934,"Haramball forever!","2026-09-27 17:24:06",2171.9,2,envyy23120093
717,16683755,"Meng Di","2026-09-28 10:05:58",2171.8,2,hughshaoqz
718,16931354,snappi,"2026-09-27 23:26:39",2171.6,2,snappi
719,16855857,tchufers,"2026-09-25 19:41:27",2171.4,2,viniciusraupp
720,16928466,"Diogenes's cask","2026-09-28 11:44:09",2171.4,2,diogenesscask
721,16628897,"Kyoungwon Jeong","2026-09-27 14:44:55",2171.0,2,kyoungwonjeong
722,16673336,honjousetuna,"2026-09-28 15:51:29",2170.7,2,honjousetuna
723,16634765,democatXamer,"2026-09-27 08:10:22",2170.6,2,w1326627677
724,16623034,"Vlad Kochetov","2026-09-27 18:41:39",2170.5,2,vladkochetov07
725,16732727,brightest66,"2026-09-28 17:49:02",2170.4,2,"brightest66,laplacenvmv"
726,16934864,"Li Li","2026-09-27 15:56:49",2169.6,2,aikinogard
727,16654881,Freddy,"2026-09-27 22:48:00",2169.0,2,twoxding
728,16880830,Piyorin,"2026-09-27 13:07:49",2168.5,2,mystakhs
729,16633190,Gigrise,"2026-09-25 05:41:17",2168.4,2,gigrais
730,16731186,Naru041104,"2026-09-28 16:54:18",2168.3,2,naru041104
731,16736265,"Marko Rupnik","2026-09-26 15:39:02",2167.7,2,markorupnik
732,16876865,LR.AIML,"2026-09-24 16:45:08",2167.6,2,"lucasgroot,robkraseu"
733,16710140,Lynxx,"2026-09-27 14:15:57",2167.5,2,lynnsakurai
734,16727404,Yichi,"2026-09-28 17:21:16",2166.9,2,"liyulin666,yichi02"
735,16854428,"Marwan Ashref","2026-09-28 12:42:25",2165.9,2,"abobakerabobaker,karimhamada,marwanashref"
736,16624080,yuuuki1111,"2026-09-28 12:13:06",2165.8,2,yuuuki1111
737,16671092,"tomohito shimura","2026-09-28 01:12:13",2164.7,2,tomohitoshimura
738,16730946,"Bohann Wang","2026-09-28 17:37:41",2163.7,2,bohannnwang
739,16879127,lihaoruolhr,"2026-09-27 13:43:23",2163.1,2,lihaoruolhr
740,16752196,sekai013,"2026-09-28 09:06:02",2162.6,2,sekai013
741,16882746,yuiop!,"2026-09-28 15:33:39",2162.1,2,yuiopy
742,16665809,"Saravanan Jaichandaran","2026-09-27 04:04:22",2161.9,2,saranchandar
743,16633179,infamemconculcemus,"2026-09-28 14:46:18",2161.5,2,jcgweb
744,16926921,"Ruslan Kovychev","2026-09-24 10:48:23",2161.2,2,ruslankovychev
745,16623746,Juyong,"2026-09-28 08:44:58",2161.1,2,kimdoong
746,16706897,"Akshay Mathur","2026-09-27 19:33:42",2160.0,2,akshaymathur777
747,16777767,"Miyanogawa Yuya","2026-09-27 19:40:33",2159.8,2,veritalogos
748,16668430,"john inan","2026-09-28 04:42:26",2159.7,2,johninan
749,16749342,crasal,"2026-09-28 17:48:18",2159.5,2,crasal
750,16789903,"Netanel Keidar","2026-09-26 00:09:01",2159.1,2,netanelkeidar
751,16665637,Luvsh81,"2026-09-28 00:03:49",2158.9,2,luvsh81
752,16629624,"Sayandeep Ghosh","2026-09-28 10:35:01",2158.4,2,sayandeepghosh
753,16693965,ra5anchor,"2026-09-28 17:05:02",2157.5,2,junmitsui
754,16664487,houlidai-jiekiulai,"2026-09-28 14:40:35",2157.0,2,houlidaijiekiulai
755,16756510,tongmian1314,"2026-09-27 17:45:04",2156.2,2,tongmian1314
756,16638918,"Nawap Bastola","2026-09-28 12:56:58",2155.9,2,nawapbastola
757,16658044,"Roshan Singh","2026-09-22 21:43:31",2155.5,2,roshanavadheshsingh
758,16745959,_demo,"2026-09-25 15:41:30",2154.7,2,fortunaterookie
759,16931781,"shreyash kumar","2026-09-28 16:47:17",2154.4,2,shrreku
760,16671659,Jiang,"2026-09-25 10:48:42",2154.2,2,jncq2006
761,16664132,kojingbo,"2026-09-28 05:18:44",2153.7,2,kojingbo
762,16924916,Teraya,"2026-09-27 19:01:18",2152.9,2,yuyaterasawa
763,16667080,King-damon,"2026-09-28 13:50:03",2152.7,2,kingdamon
764,16701051,"Komi ShouKo","2026-09-27 08:33:03",2152.7,2,asdwswdxd
765,16861768,koala_bear,"2026-09-28 15:28:34",2152.3,2,jpkoalabear
766,16942720,"Shadow Es","2026-09-28 17:17:00",2151.4,2,shadowes
767,16933749,ctree4113,"2026-09-28 14:42:51",2150.6,2,yitree
768,16683529,"Yanis Belami","2026-09-27 23:50:27",2150.1,2,yanisbelami
769,16881681,失忆的海_,"2026-09-28 05:37:12",2149.9,2,shiyidehai
770,16634312,"Linh Le","2026-09-27 12:12:51",2149.9,2,linhlethuy
771,16622330,"hiroshi murakami","2026-09-26 06:48:51",2149.8,2,zabojeb
772,16794207,AlekseiProvorov,"2026-09-28 03:04:33",2149.8,2,leoprovorov
773,16846856,BladeRunner,"2026-09-28 06:28:20",2149.7,2,bladerunner2022
774,16715235,l1aF,"2026-09-28 08:49:31",2149.0,2,hhhoang
775,16855492,"Matin Urdu","2026-09-28 10:50:06",2148.8,2,"amir314,arianurdu,benediktschink,matinurdu"
776,16790660,suk1yak1,"2026-09-28 05:28:04",2148.1,2,suk1yak1
777,16637987,Xander,"2026-09-28 15:45:15",2148.0,2,"badboiriri,canqiang,xiuyang88"
778,16622420,RuiFSPinto,"2026-09-27 19:17:27",2147.7,2,ruifspinto
779,16797045,"Carl Pang","2026-09-24 20:38:19",2147.6,2,carlpang
780,16786517,"Kagdew Valley_HeNU","2026-09-28 07:15:40",2147.2,2,"hongtongyi,hoshiiabc,lizhe125,ypeng1234"
781,16660313,Ctrl+Code,"2026-09-27 12:05:01",2145.8,2,"jayashankar369085,parnikasm"
782,16938244,"Yeashu Semwal","2026-09-28 13:27:07",2145.3,2,yeashusemwal
783,16799045,qq牧场,"2026-09-28 06:37:11",2145.2,2,"goodchen145,sir2026,zhaosir2026"
784,16929642,"lyre lin","2026-09-28 08:08:36",2145.2,2,lyrelingg
785,16653085,"haoran huang430","2026-09-28 15:37:21",2144.6,2,haoranhuang430
786,16685358,"Nuno Ferreira","2026-09-27 09:54:35",2144.4,2,ngcferreira
787,16689154,CrossEngineered,"2026-09-28 17:26:36",2144.3,2,"danyalsahin1,gkenurk"
788,16901814,pengurei,"2026-09-28 16:44:15",2144.3,2,pengurei
789,16632294,"Rajan Nagarajan","2026-09-27 21:57:43",2144.1,2,narajan
790,16756764,"Alperen Aydın","2026-09-27 10:47:07",2143.8,2,alperen5252525
791,16796238,"Zhongyi Dai","2026-09-28 12:07:00",2143.8,2,zhongyidai
792,16621515,"Alexander Gremyakov","2026-09-28 07:48:58",2143.5,2,alexandergremyakov
793,16732578,nao.kwmr,"2026-09-28 16:33:47",2143.1,2,naokwmr
794,16624645,"Closed Loop","2026-09-28 15:18:55",2142.3,2,hobbisttech
795,16658962,"Fabian Friedland","2026-09-27 19:31:36",2141.7,2,fabotelli
796,16654158,Hack2Publish,"2026-09-28 16:20:23",2140.1,2,"esfersami50,foysalemonshanto,hosen42,rokaiyasomapti"
797,16693962,"Changyuan Chen","2026-09-27 09:45:46",2140.0,2,changyuanchenmit
798,16706004,Divyansh,"2026-09-27 20:43:17",2139.3,2,sehgaldivyansh
799,16697893,"YWehbe / ADIA Lab","2026-09-28 07:18:09",2139.1,2,youssefwehbe
800,16945364,胜你不须第二剑,"2026-09-28 08:10:34",2138.8,2,abinyzl123
801,16664266,"Ian Chung","2026-09-26 16:55:21",2138.8,2,iannnnn012345
802,16721980,pend_ts19,"2026-09-25 07:22:33",2138.8,2,pendts19
803,16695567,tera358,"2026-09-28 12:17:27",2138.1,2,tera358
804,16935669,"Timon Wendland","2026-09-27 23:14:40",2137.9,2,timonwendland
805,16717572,kiyomiya-k,"2026-09-27 15:46:20",2137.8,2,kiyomiyak
806,16921938,"Hikaru Kambe","2026-09-28 14:52:34",2137.8,2,hikarukambe
807,16634246,just_calculate,"2026-09-28 15:07:46",2137.1,2,justcalculate
808,16852559,永井こうたろう,"2026-09-28 15:33:59",2136.9,2,kotakota914
809,16640067,"minghao mei","2026-09-28 14:38:57",2136.4,2,minghaomei
810,16623980,Nikita,"2026-09-28 15:43:47",2136.3,2,ivanovnikitawork
811,16662492,"Lester Leong","2026-09-27 05:48:03",2136.0,2,lesterleong
812,16674353,"Lakshmanan R","2026-09-28 18:22:44",2135.4,2,lakshmanankumar02
813,16638386,"Md Boktiar Mahbub Murad","2026-09-27 09:09:42",2135.1,2,mbmmurad
814,16731678,ShadowT_T,"2026-09-28 07:48:13",2134.6,2,shadowtt
815,16675063,"King Tian","2026-09-28 08:53:22",2134.2,2,"serven1,tianwang1210"
816,16692443,xmkevin2004,"2026-09-28 17:35:56",2134.0,2,"deersirz,qiuzaooppo,xmkevin2004"
817,16662051,"Salem Ali","2026-09-27 07:23:29",2131.5,2,salemali7
818,16763829,"Shane Thivaharraja","2026-09-28 02:55:30",2131.1,2,shanethivaharraja
819,16845531,"Suzuki Yuto - W","2026-09-28 02:44:14",2130.5,2,hoshinoyumemi
820,16792661,итмоняяя,"2026-09-28 12:21:36",2130.1,2,"naladwepo,tickflag"
821,16681848,Haraguchi-T,"2026-09-28 12:28:23",2128.3,2,haraguchit
822,16731803,JYShane,"2026-09-28 16:28:18",2128.3,2,jyshane
823,16790432,"Field General","2026-09-28 10:14:40",2127.9,2,kevinarvai
824,16681007,AkiraOnojp,"2026-09-28 12:00:57",2127.8,2,akiraonojp
825,16750779,"Mao Nishino (mao1756)","2026-09-28 01:45:54",2127.4,2,maonishinomao1756
826,16906012,GarbageOoze,"2026-09-28 15:08:55",2127.1,2,"garbageooze,luoruihan12"
827,16927533,Deenouement,"2026-09-28 14:12:37",2126.9,1,"deenouement,eelixirr,efffervescent,ellegance"
828,16814852,"Shivcharanraju Anga","2026-09-27 07:15:55",2126.8,2,shivcharanrajuanga
829,16623616,nasubiman,"2026-09-27 04:59:24",2126.2,2,yousukenakamura
830,16677855,Mehrdad_LU,"2026-09-27 17:32:52",2126.0,2,mehrdadal2023
831,16770229,"shivam kanojia","2026-09-27 14:42:41",2125.2,2,shivamkanojia1
832,16622032,"Raunak Dey","2026-09-27 17:41:43",2124.7,2,raunakdey07
833,16850683,cooked,"2026-09-28 04:54:51",2124.6,2,"jentopia,toasty3302,xenonminer"
834,16765807,"Win Suthar","2026-09-27 11:45:04",2124.0,2,ashwanidhukra
835,16639625,"Dr Chandrasen Pandey","2026-09-28 05:28:20",2123.8,2,devchandra
836,16755278,Kaz,"2026-09-28 17:24:05",2123.0,2,kazuyago
837,16736931,"Sergei Fironov","2026-09-28 14:31:48",2122.7,2,sergeifironov
838,16922956,Richard6969,"2026-09-27 23:50:11",2122.1,2,lucaluo925
839,16733851,tangaii,"2026-09-28 08:45:03",2122.0,2,tangai1
840,16662684,"Harshini Reddy","2026-09-27 12:50:40",2121.6,2,luffyh04
841,16624571,"Baidalin Adilzhan [dsml.kz]","2026-09-28 02:10:29",2121.5,2,"baidalinadilzhan,qasminumber,zelza0"
842,16842786,ScotLee08,"2026-09-28 14:22:07",2120.8,2,scotlee08
843,16711317,"yf D","2026-09-28 14:19:02",2120.6,2,dengvitruviano
844,16691038,"animal crossing","2026-09-27 00:25:14",2118.0,2,hoonchoonc
845,16790527,Yuta,"2026-09-28 10:59:48",2116.7,2,yutaecon
846,16653385,"Vasilii Buzmakov","2026-09-28 18:13:41",2116.7,2,vasiliibuzmakov
847,16707467,kay.liechtenstein,"2026-09-28 16:18:10",2116.2,2,kayliechtenstein
848,16794730,Fanch,"2026-09-28 09:22:45",2114.9,2,fanch123
849,16896240,mexlora,"2026-09-28 06:48:33",2114.5,2,"mexlora,nolzixo,qizlona"
850,16806053,hisatarosu,"2026-09-28 06:32:30",2114.4,2,tomako4390
851,16719758,pangzi233,"2026-09-28 12:11:50",2114.1,2,pangzi233
852,16632157,"福原 大知","2026-09-27 17:27:43",2112.7,2,fxxyfox
853,16748462,"Jiwon Lee","2026-09-28 10:18:32",2112.2,2,jibong7600
854,16918063,"Dante Lok","2026-09-28 09:47:22",2111.8,2,dantelok
855,16805918,"kaito ide 31","2026-09-28 12:44:49",2111.3,2,kaitoide31
856,16667774,"Ziad EL ARARI","2026-09-28 08:40:03",2110.5,2,ziadelarari
857,16739925,nofreewill42,"2026-09-28 13:37:26",2110.1,2,nofreewill
858,16810275,Adam,"2026-09-28 18:20:56",2109.1,2,potonglantie93
859,16670371,rkd,"2026-09-27 04:24:15",2108.4,2,ryookd
860,16712714,MiMi,"2026-09-23 03:19:07",2106.6,2,"frank0921,rickytsou"
861,16730673,"John Doge","2026-09-26 19:35:45",2106.0,2,spacedoge
862,16904651,chenpengyu603,"2026-09-28 06:36:57",2105.6,2,chenpengyu603
863,16870800,Myasui,"2026-09-28 14:24:50",2105.0,2,zaki38
864,16655520,"kaggle Osaka","2026-09-28 00:25:22",2104.9,2,toshiyukitanaka
865,16941479,karttikjangid05,"2026-09-28 09:13:13",2104.0,2,karttikjangid05
866,16866579,"Fighting Gold","2026-09-28 07:51:16",2103.4,2,sawada
867,16656143,"Debanshu Mallick","2026-09-27 07:55:25",2102.9,2,debanshumallickiisc
868,16870033,"wbcrypto abrams","2026-09-28 16:55:13",2102.8,2,wbcryptoabrams
869,16876180,kk.sky.9k,"2026-09-28 11:26:46",2102.2,2,kksky9k
870,16780455,wadigongren,"2026-09-24 16:23:24",2101.9,2,wadigongren
871,16674174,"Ramesh Arvind","2026-09-26 20:14:13",2101.8,2,rameshln
872,16656432,"CornHub Premium","2026-09-27 17:11:38",2100.8,2,nihilisticneuralnet
873,16923115,"Takamasa Ueno","2026-09-28 02:06:50",2100.1,2,uentsz
874,16839983,hana87hana,"2026-09-28 16:52:19",2099.7,2,hana87hana
875,16668262,spbforce,"2026-09-27 20:01:54",2099.6,2,spbforce
876,16677938,"Hajime Tamura","2026-09-28 17:18:02",2099.1,2,thajime
877,16732126,iwashi,"2026-09-27 18:45:45",2099.0,2,iwashi
878,16640394,"MOHAMMADJAFAR ZAMANI","2026-09-28 09:37:53",2098.9,2,mohammadjafarzamani
879,16896299,Bungalow0,"2026-09-28 09:37:55",2098.8,2,"achatoyant,bungalow0,demuure"
880,16779564,oycr,"2026-09-28 10:54:35",2097.8,2,"oyxiaobai159,wdt124"
881,16858984,Katherine_2002,"2026-09-28 09:14:30",2097.6,2,katherine2002
882,16697461,Agricroporation,"2026-09-28 06:10:32",2097.5,2,"algionightly,kroissant7,officialabhinavsingh"
883,16870621,BobtheBot369,"2026-09-25 17:02:13",2097.4,2,bobthebot369
884,16779171,Xunden,"2026-09-28 09:59:25",2097.0,2,xunden
885,16883907,lll,"2026-09-28 11:03:34",2096.6,2,lghlgh001
886,16696720,"JAZ COLD HORN","2026-09-28 09:16:42",2096.4,2,"evanmaksud,jazivxt,maulikgajera,niazmohaimanabtahi,victorhorn"
887,16922419,"Md Abu Saif","2026-09-25 18:58:38",2096.2,2,mdabusaif48
888,16705523,"Brian Chua","2026-09-28 02:19:04",2095.4,2,chuazhengweibrian
889,16843315,Talvenn,"2026-09-25 21:57:20",2095.3,2,talvenn
890,16861278,"Michael Pershin","2026-09-28 13:47:08",2095.1,2,michaelpershin
891,16629308,Sutee,"2026-09-27 16:33:23",2094.6,2,lszlst
892,16623643,LiXingtao,"2026-09-28 04:37:55",2094.1,2,lixingtao123
893,16945973,e3k,"2026-09-26 07:13:34",2094.0,2,ekleezhya
894,16747273,红烧肉,"2026-09-28 08:44:22",2094.0,2,ra1nac1d
895,16876344,Hyunwoo_Park,"2026-09-27 18:04:30",2093.8,2,uts3125014010829
896,16743858,kawauso9n,"2026-09-28 11:17:02",2093.7,2,kawauso9n
897,16621481,"zero waste","2026-09-27 17:17:22",2093.5,2,chinnaphatkhun
898,16708791,atsu0905,"2026-09-28 14:46:53",2093.0,2,atsu0905
899,16754670,Th3o_P,"2026-09-28 14:06:37",2093.0,2,xiaokunxia
900,16911681,nena,"2026-09-27 21:21:02",2092.8,2,nena0undefined
901,16679393,"Anvith Pothula","2026-09-26 00:16:33",2092.8,2,anvithpothula
902,16756477,Ender,"2026-09-27 19:20:11",2092.1,2,eamonnkashyap
903,16741500,weichy7,"2026-09-28 11:28:14",2091.7,2,weichy7
904,16762289,NineThree,"2026-09-28 13:55:27",2091.1,2,xiaoazuzong
905,16741932,"Michael Chen","2026-09-28 02:07:35",2090.6,2,fuqiangchen
906,16891965,artem3605,"2026-09-28 16:21:17",2089.7,2,artem3605
907,16735539,"Joe Muller","2026-09-27 05:04:25",2089.6,2,joemuller
908,16835029,"Generated by Doubao","2026-09-28 13:33:58",2089.2,2,"gutssss,hangzheng1,ppsshh123"
909,16759578,Randy,"2026-09-28 00:24:02",2088.6,2,rvndyerwin
910,16884858,HojunLee,"2026-09-28 07:42:16",2088.3,2,hojuna
911,16622459,"Munal Singh","2026-09-28 10:43:21",2087.5,2,munalsingh
912,16942014,"Raymond Parker","2026-09-26 11:58:26",2087.4,2,raymondparker
913,16759250,"Harsh Jain","2026-09-28 14:25:21",2087.4,2,harshjain123
914,16891334,"Ruslan Akhmetov","2026-09-27 16:29:28",2086.8,2,ecolla999
915,16882868,"Yash Mohan","2026-09-27 10:20:01",2085.7,2,yashm917
916,16660601,"Rabbiya affan","2026-09-28 10:39:05",2085.6,2,rabbiyaaffan
917,16890988,"Aleksandrov Andrey Alekseevich","2026-09-27 15:20:54",2085.5,2,abbeleve
918,16879636,aaaaLiu123,"2026-09-28 00:44:09",2084.7,2,aaaaliu123
919,16697395,darktetradgod,"2026-09-28 07:05:50",2084.6,2,darktetradgod
920,16904867,wahaka,"2026-09-28 09:54:02",2084.3,2,wahaka
921,16662846,"Kerem Ercin","2026-09-27 21:15:48",2084.2,2,keremercin
922,16640807,TS,"2026-09-28 05:13:53",2083.2,2,"macomacoo,milkcoffeen,takumi0220"
923,16853054,saberzky,"2026-09-28 15:34:26",2082.2,2,saberzky
924,16827290,"Dhruvik Chauhan","2026-09-24 15:01:22",2081.5,2,dangptdawg
925,16796484,"Ryutaro Tsujii","2026-09-28 14:57:03",2081.5,2,ryutarotsujii
926,16689844,IchikaHoshino,"2026-09-26 12:20:19",2081.5,2,htunkhi
927,16632119,nickyl,"2026-09-28 13:37:25",2080.5,2,nickyjliang
928,16760515,"Kazuo Watanabe","2026-09-28 10:40:16",2079.5,2,watanabekazuo
929,16657091,raw2clean,"2026-09-28 15:19:55",2079.3,2,raw2clean
930,16676193,"Akira Hirohashi","2026-09-28 12:20:04",2077.7,2,akirahirohashi
931,16773244,"Yudai Ueno","2026-09-28 06:31:29",2077.6,2,yudaiueno
932,16793287,"Kim Jinseo","2026-09-28 11:30:28",2077.6,2,kimjinseo1
933,16941020,"Artur Markosyan","2026-09-28 14:03:37",2076.3,2,arturmarkosyan2
934,16723988,yuyinghuang,"2026-09-27 20:32:00",2076.2,2,yuyinghuang
935,16862155,"Kydyrbek Kozykorpesh","2026-09-28 03:35:59",2075.7,2,kozykappa
936,16724806,rin2401,"2026-09-27 08:58:32",2075.2,2,rin2401
937,16739419,"misis biznessmenlb","2026-09-28 07:53:58",2075.2,2,"adilkhabibullin,bebra3222,daniilsergeevda,player77"
938,16660215,"YoungDSML [dsml.kz]","2026-09-28 13:27:49",2074.7,2,"mazgas,nurikw3"
939,16843221,refine123,"2026-09-28 13:19:10",2073.5,2,refine123
940,16791924,magu1234,"2026-09-28 06:34:38",2073.5,2,magu1234
941,16665746,Chiranjieev,"2026-09-28 08:01:27",2073.3,2,"abhirajhiwale,amitambhore27,himanshu2605"
942,16811072,Rafael,"2026-09-27 12:22:36",2072.8,2,rafaeldsjhkas
943,16823626,Korokke3,"2026-09-28 13:10:50",2072.7,2,korokke3
944,16745995,"Guido Tapia","2026-09-28 05:26:17",2071.8,2,guidotapia
945,16764089,UtaAzu,"2026-09-28 16:30:06",2071.4,2,utaazu
946,16730728,"Le Trong Hieu","2026-09-28 10:09:57",2070.4,2,backtracking
947,16944151,kkogai,"2026-09-28 17:18:10",2070.3,2,kkogai
948,16696607,"Manish modak","2026-09-28 15:56:12",2070.3,2,manishmodak
949,16655190,"Will Rice","2026-09-27 18:16:37",2069.9,2,willrice
950,16891911,N_noa21,"2026-09-28 13:39:38",2069.8,2,nnoa21
951,16875659,あかつき,"2026-09-28 00:49:40",2069.5,2,akatuki25
952,16789745,LoveLetter,"2026-09-28 12:45:37",2069.3,2,arthasmenethil
953,16691572,"Lord Momo","2026-09-28 05:54:04",2069.1,2,stevenleehans
954,16814409,YuyaSuzuki,"2026-09-28 06:01:44",2068.9,2,yututapp
955,16682210,Boiled-Sweet-Potato,"2026-09-28 07:56:38",2068.7,2,boiledsweetpotato
956,16880278,Kaggria,"2026-09-28 15:47:25",2066.6,2,"andyzhenlee,jiayi2627,mingyuechu,zhaoliangyuan"
957,16882140,"jiang luo1021","2026-09-28 05:01:49",2065.5,2,"jiangluo1021,shangzhongxia"
958,16797543,Tarang222,"2026-09-27 19:17:22",2065.3,2,tarang222
959,16941779,"Michael Jordan","2026-09-28 06:41:48",2065.2,2,m1chaeljordan
960,16736685,kentaro_kato,"2026-09-28 13:51:02",2065.0,2,kentarokato
961,16918430,"Huifeng Li","2026-09-28 14:06:27",2064.8,2,stevenli1
962,16884121,Radiant,"2026-09-28 05:37:04",2064.6,2,"dnpkkk,xxxxxx6x,y4matt"
963,16663213,"Takahiro Someya","2026-09-27 09:34:49",2064.0,2,takahirosomeya
964,16802598,"macbook air m4","2026-09-28 15:10:44",2063.6,2,anonimniygeniy
965,16633173,"Saulo Quiñones Góngora","2026-09-28 16:48:05",2063.5,2,sauloquionesgngora
966,16885261,sdy623,"2026-09-28 17:10:42",2063.2,2,jaxa623
967,16857766,OmerZalman,"2026-09-25 23:43:27",2063.2,2,omerzalman
968,16632423,goh,"2026-09-28 01:42:54",2062.9,2,bungohatayama
969,16778417,"TANG BUDU 19SD195","2026-09-28 15:10:13",2062.9,2,tangbudu19sd195
970,16732051,Jeryos,"2026-09-28 09:41:15",2062.4,2,joulskaf
971,16663229,kakuteki,"2026-09-27 18:59:17",2062.4,2,kakuteki
972,16845713,"qweq asd","2026-09-28 10:45:59",2062.0,2,qweqasd
973,16692956,VanKoha,"2026-09-28 09:59:23",2061.8,2,kohasama
974,16681049,"SiLin “Can SiLin” Can","2026-09-28 12:20:44",2061.7,2,"k3rn3l,silincansilincan"
975,16777836,キムチ納豆,"2026-09-28 15:04:09",2061.7,2,ccchikuwa
976,16749034,digitalChaos,"2026-09-28 12:09:31",2061.5,2,digitalchaos666
977,16673230,saitamad,"2026-09-28 16:23:00",2060.3,2,saitamad
978,16668564,"Rikito Kanda","2026-09-28 13:29:11",2060.2,2,rikitokanda
979,16651804,"Bocen Li","2026-09-28 03:03:31",2059.8,2,bocenli
980,16696743,"wennan cao","2026-09-28 14:58:55",2059.8,2,wennancao
981,16665224,tyz123456,"2026-09-28 09:56:41",2059.4,2,tyz123456
982,16769491,"Ivan Ternovskiy","2026-09-28 17:00:22",2059.3,2,aristophanivan
983,16724801,Noir,"2026-09-28 15:24:05",2058.9,2,nuitnoir
984,16865070,carlos-tagosaku,"2026-09-28 03:44:02",2058.4,2,sousugiyama
985,16633853,"funny farm","2026-09-27 21:11:25",2058.2,2,"alannasibullin,alexandrutkov"
986,16681893,morality0707,"2026-09-28 06:38:21",2057.9,2,morality0707
987,16845258,Squirrel,"2026-09-28 05:28:34",2057.8,2,bunnykeeper
988,16664760,SN,"2026-09-25 22:07:29",2057.2,2,spirosnianiaras
989,16635663,"Pascal Pfeiffer","2026-09-27 19:02:36",2055.8,2,ilu000
990,16671515,ziheng,"2026-09-28 15:11:24",2055.1,2,zihengedie
991,16741516,"Anh Tu","2026-09-28 05:05:29",2054.7,2,natcs98
992,16933178,darkvector4,"2026-09-28 14:23:32",2054.5,2,"darkvector4,sha1ng,valtrix"
993,16893006,"Duvor Richard","2026-09-27 16:21:20",2054.5,2,duvorrichard
994,16662910,"shoryakumar mishra","2026-09-28 09:07:33",2054.4,2,shoryakumarmishra
995,16804827,"Bala Baskar","2026-09-28 13:55:41",2053.7,2,balabaskar
996,16633507,"Happy Farm","2026-09-28 16:50:35",2053.6,2,"alexesn,c0ldzy,ivanvorfolomeev,semyonepanov"
997,16768385,neibyr,"2026-09-28 15:13:30",2053.5,2,neibyr
998,16780097,"wei chang","2026-09-28 11:41:32",2052.7,2,wayne0404
999,16631640,7day-enough,"2026-09-28 16:33:56",2052.5,2,"caoyupeng,diandianzi,lingyu07,lixin73,xiaoxiaohuazong"
1000,16745006,UjjwalPardeshi,"2026-09-28 08:28:13",2051.9,2,ujjwalpardeshi
1001,16895106,linchuhan,"2026-09-28 04:53:18",2051.2,2,linchuhan
1002,16669650,motono0223,"2026-09-21 15:42:07",2051.1,2,motono0223
1003,16792109,rogerrogerroger3r,"2026-09-28 06:33:58",2050.5,2,rogerrogerroger3r
1004,16693092,"Sell wheat everyday💨","2026-09-28 18:17:39",2049.7,2,"dzisandy,e0xextazy,liderpartiii"
1005,16799235,K.Piro,"2026-09-28 16:27:33",2049.5,2,agares02
1006,16784217,MMN0222,"2026-09-28 09:50:38",2048.9,2,mmn0222
1007,16783721,lc今天刷了吗,"2026-09-23 03:24:33",2048.5,2,"alkaidchen,limufeng"
1008,16690019,Around30,"2026-09-28 11:35:01",2048.5,2,"cyanspring,masahiromatsuda,sutesute000012"
1009,16899084,"Asan Ashirov","2026-09-28 12:13:14",2048.3,2,asanashirov
1010,16926301,"Максим Бортник","2026-09-27 19:21:09",2048.0,2,maxim2512
1011,16781445,"𝕯𝖊𝖔𝖉𝖎𝖒𝖘 & 𝕮𝖔","2026-09-26 14:31:23",2047.6,2,odimdavidchukwuemeka
1012,16688893,CCG,"2026-09-28 10:11:34",2047.1,2,"hirokenn,nagomenk"
1013,16748382,shiiin9,"2026-09-28 17:43:00",2046.6,2,shiiin9
1014,16815132,"Duc-Anh Nguyen","2026-09-28 10:28:05",2046.6,2,valentinonguyen
1015,16865470,J.Moriuchi,"2026-09-28 14:43:42",2045.3,2,hesoponyo
1016,16727745,auouer,"2026-09-28 13:31:54",2044.2,2,"auouer,guriken,hkamna,insightfulthinking"
1017,16945684,watanabe_sengyo,"2026-09-28 03:23:38",2044.2,2,watanabesengyo
1018,16738349,Suna-D,"2026-09-28 15:18:24",2044.0,2,sunad0630
1019,16663264,Adarsh,"2026-09-28 16:37:21",2043.8,2,madarshbb
1020,16694016,"Prajwal M","2026-09-27 15:59:57",2043.7,2,estrick
1021,16640388,SANNNNN,"2026-09-28 07:04:09",2042.8,2,zuhairsan
1022,16843082,"Mohmed Hafez","2026-09-27 05:25:00",2042.7,2,mohmedatya
1023,16713048,"liqin fei 2005","2026-09-28 16:01:35",2042.6,2,liqinfei2005
1024,16631752,"Junichiro Morita","2026-09-28 12:56:02",2042.5,2,junichiromorita
1025,16707144,Kirderf,"2026-09-28 15:29:02",2041.8,2,kirderf
1026,16657646,mountainbob,"2026-09-28 13:45:28",2041.1,2,shongpakmanoon
1027,16634149,"Hozuma ITOBAYASHI","2026-09-28 17:27:03",2041.1,2,hozumaitobayashi
1028,16808396,Dr_F,"2026-09-28 05:38:15",2040.4,2,algebraictopology
1029,16709519,"p pxl16","2026-09-28 11:33:45",2039.8,2,ppxl16
1030,16631460,Kosuke.T,"2026-09-28 11:44:29",2039.3,2,kosuke1992
1031,16945162,"Farm Hullabaloo","2026-09-27 15:06:50",2039.3,2,nids21s
1032,16669269,"yash bhaskar","2026-09-27 22:51:34",2039.2,2,yash9439
1033,16635406,ykuroka,"2026-09-28 11:40:31",2038.7,2,ykuroka
1034,16697266,"Top 1 🏆","2026-09-27 05:22:26",2038.4,2,"fahankaudeer,solirus,syntaxprnv,udhaykumarsujeebun"
1035,16657931,t-enstar,"2026-09-27 14:49:49",2037.9,2,tstustatama
1036,16730462,XTang,"2026-09-28 04:56:28",2037.4,2,flyonthewater
1037,16750268,"Harris Bashir","2026-09-27 18:16:17",2037.3,2,harrisbashir
1038,16867601,tadashikato,"2026-09-28 13:59:46",2036.4,2,tadashikato
1039,16917270,kaibaur,"2026-09-28 12:05:34",2036.2,2,kaibaur
1040,16699045,"Abu Kayyisah Basyid","2026-09-27 16:15:38",2036.1,2,abukayyisahbasyid
1041,16777961,qiwaki,"2026-09-28 14:54:32",2035.1,2,resonayu
1042,16925604,"Fritz Cremer","2026-09-28 17:27:56",2035.1,2,fritzcremer
1043,16663175,Anaconda,"2026-09-27 16:54:04",2033.7,2,anaconda
1044,16752104,WYSSR1225,"2026-09-28 11:58:53",2032.6,2,wyssr1225
1045,16652631,"Panagiotis Anagnostou","2026-09-27 21:24:08",2032.6,2,panosanag
1046,16693050,Shoko,"2026-09-28 12:49:26",2032.2,2,abreyton
1047,16734551,"junseok lee","2026-09-27 23:01:25",2031.8,2,jaslee2
1048,16696762,SOSyuki,"2026-09-28 12:13:15",2031.8,2,sosyuki
1049,16806141,rode1234,"2026-09-28 04:57:59",2031.6,2,rode1234
1050,16674102,没落者,"2026-09-27 15:12:14",2031.6,2,needless090
1051,16842242,"Scott Kirila","2026-09-27 09:00:25",2031.5,2,scottkirila
1052,16681927,"Dariush Afshar","2026-09-26 04:21:34",2031.5,2,dariushafshar
1053,16784725,prairieee,"2026-09-28 02:22:13",2031.5,2,"haideptry,prairieee"
1054,16793461,"Muhammad Hokimiyon","2026-09-27 17:35:46",2031.1,2,muhammadhokimiyon
1055,16740659,haodou092,"2026-09-28 12:01:39",2030.9,2,haodou092
1056,16703045,ReCurSiON,"2026-09-27 17:05:46",2030.5,2,ashok205
1057,16936328,JerryChen,"2026-09-28 15:06:25",2029.6,2,horse602
1058,16634716,Eusebius,"2026-09-27 18:30:23",2029.4,2,protuberanzen2000
1059,16872275,"Maciek Kiryla","2026-09-24 06:07:38",2029.2,2,doktorkelp
1060,16634128,ZechHuang,"2026-09-28 10:25:03",2028.8,2,zechhuang
1061,16657576,"SUBHASH B","2026-09-28 06:15:32",2028.8,2,"rishikrish1,subhashb21022"
1062,16623530,khursani,"2026-09-28 00:20:52",2028.4,2,khursani8
1063,16839530,"que la cuenten como quieran","2026-09-24 00:12:42",2028.4,2,germanjurado1
1064,16633341,Hak,"2026-09-28 18:04:25",2027.9,2,hakdevelopment
1065,16904592,RLMAX,"2026-09-28 11:18:35",2027.6,2,"haoyangdaviddong,mingsiguo,risottoolive,yuanqinyi"
1066,16697767,"Teddy Tennant","2026-09-27 04:28:58",2027.6,2,thtennant
1067,16810171,kta_jpn,"2026-09-28 03:51:14",2027.1,2,ktajpn
1068,16767052,KaitoKusumoto,"2026-09-28 15:53:45",2027.1,2,kaitokusumoto
1069,16732774,edchax,"2026-09-27 21:32:51",2027.0,2,"edchax,kevinkoza,slirche"
1070,16814417,"Jane Street Farmers","2026-09-28 07:04:44",2026.6,2,"akamasterpiece,gianghiango,paramizodicrominique,phnhnnguyn,sebastiancooper116"
1071,16634704,M.,"2026-09-28 11:03:59",2025.8,2,mahamhc
1072,16756891,T.Uehira,"2026-09-28 13:54:40",2025.2,2,tuehira
1073,16833013,"Tariq Alyami","2026-09-28 11:50:22",2024.9,2,tariqalyami
1074,16632240,Deepseek的恩情还不完,"2026-09-28 13:26:10",2024.1,2,"iwanys,pedianeko,realybin,theunforgiven7"
1075,16877834,playboicarti,"2026-09-28 05:40:25",2024.0,2,playb0icarti
1076,16854059,"Gökmen KÜÇÜKAYDIN","2026-09-27 20:42:29",2023.5,2,gkmenkkaydin
1077,16717787,Bull,"2026-09-28 17:07:12",2022.8,2,welshonionman
1078,16848479,nilochan,"2026-09-28 11:17:16",2022.7,2,nilochan
1079,16671361,"Hangyu Yu","2026-09-28 15:57:22",2022.3,2,"cqupthangyuyu,leoethan,wxgisspider"
1080,16774701,@Suzumaru_1666,"2026-09-28 15:05:27",2022.0,2,suzumaru1666
1081,16936172,LevKayumov,"2026-09-28 17:05:49",2021.8,2,levkayumov
1082,16751820,yy,"2026-09-28 05:50:03",2021.3,2,hirokiyamazaki
1083,16841108,"Sean Peppers","2026-09-27 16:36:11",2021.0,2,gagepeppers
1084,16730344,lvisdd,"2026-09-28 16:22:03",2020.7,2,lvisdd
1085,16743647,bono,"2026-09-26 09:11:11",2020.3,2,kjoonha
1086,16771456,"Tianrun Liao","2026-09-28 18:07:25",2019.9,2,tianrunliao1
1087,16749205,"Wish Coding Guy","2026-09-28 16:14:46",2019.8,2,tommycyd
1088,16639507,Homii_N,"2026-09-27 20:22:41",2019.7,2,homeshwarrao
1089,16784164,Yaojinming,"2026-09-28 12:03:11",2019.3,2,yjm0905
1090,16727998,hidsaito,"2026-09-28 05:37:06",2019.0,2,hidsaito
1091,16716335,JamesJJJJJ,"2026-09-27 21:40:36",2018.7,2,jamesjjjjj
1092,16641982,ZotAZaw3,"2026-09-28 11:10:42",2018.5,2,zotazaw3
1093,16641138,"Bharath Varma","2026-09-28 12:30:02",2017.8,2,bharath111l
1094,16840466,Bomieee,"2026-09-28 12:25:25",2017.8,2,bomieee
1095,16792568,李秉叡（ntumlnoob）,"2026-09-28 14:59:43",2017.2,2,ntumlnoob
1096,16841026,"Max Power","2026-09-28 13:51:39",2017.1,2,markbarney
1097,16756492,satokato,"2026-09-27 09:08:44",2016.5,2,satokato
1098,16706227,"Wise Fancy","2026-09-28 07:34:56",2016.5,2,wisefancy
1099,16910137,imissher,"2026-09-28 08:11:35",2015.9,2,tule12345
1100,16928267,"GPT 6 Astra Ultra Fast","2026-09-28 13:30:58",2015.0,2,"dorags,linmiaohan,zhiruizheng111"
1101,16748765,"A. R. SEKKAT","2026-09-28 14:25:37",2014.7,2,arsekkat
1102,16734409,"Yuta Yamazaki","2026-09-28 07:19:19",2014.1,2,yamayuu18
1103,16783459,LKQ669,"2026-09-28 07:17:45",2013.7,2,lkq669
1104,16793474,"Liu Classmate","2026-09-28 09:47:09",2013.7,2,"lilya98,liuclassmate,yuxuanzhao1203"
1105,16632006,"Adwait Tagalpallewar","2026-09-28 09:38:08",2013.5,2,adwaittagalpallewar
1106,16741819,"Paritosh Kumar Tripathi","2026-09-28 16:42:52",2013.2,2,paritoshtripathi5
1107,16759037,Yuyannnn,"2026-09-28 14:42:05",2013.0,2,yuyannnn
1108,16728238,ubcict232,"2026-09-28 15:08:58",2012.9,2,ubcict232
1109,16841440,CornFormer,"2026-09-27 22:32:54",2012.7,2,linyangtian
1110,16732879,daulettoibazar,"2026-09-28 14:42:11",2012.6,2,daulettoibazar
1111,16838766,"Justin Gao","2026-09-28 06:12:14",2012.5,2,justingao
1112,16744573,"Oleksandr Kovalchuk","2026-09-25 08:29:24",2010.9,2,oleksandrkovalchuk
1113,16670210,"Ali Alghaithi","2026-09-28 14:43:14",2010.6,2,alioman
1114,16655610,GPTatoes,"2026-09-28 16:09:36",2010.5,2,"angran,kaixuanosmas"
1115,16691512,"Hongxin Su","2026-09-27 06:37:27",2010.1,2,hongxinsu
1116,16621153,"Addison Howard (ineligible)","2026-09-28 16:47:50",2009.9,2,addisonhoward
1117,16765327,master_ssx,"2026-09-27 22:55:19",2009.8,2,masterssx
1118,16625220,thisray,"2026-09-28 16:00:10",2009.8,2,thisray
1119,16938473,bansalis,"2026-09-26 21:57:00",2009.6,2,ishanbansal1
1120,16633212,goosehaaan,"2026-09-25 03:51:02",2009.4,2,goosehaaan
1121,16806018,トゲアリトゲナシトゲトゲ,"2026-09-28 14:02:01",2009.4,2,togearitogenasi
1122,16635421,"Lennart Haupts","2026-09-28 12:28:34",2008.9,2,lennarthaupts
1123,16946519,ShimonHori,"2026-09-28 10:18:39",2008.3,2,shimonhori
1124,16932850,"Amir Ghazi","2026-09-27 21:12:55",2008.2,2,amirghazi
1125,16711398,"Claude Fable 5.1","2026-09-28 11:56:33",2007.7,2,chenxizhao21
1126,16857685,kaggriwaves,"2026-09-28 14:41:14",2007.4,2,"cliwave,cyberpsi,hyperacc"
1127,16942567,MatveyVarfolomeev,"2026-09-28 16:04:57",2006.8,2,matveyvarfolomeev
1128,16769411,Beyond,"2026-09-26 19:00:56",2006.3,2,themanysh
1129,16879199,Back,"2026-09-28 15:04:30",2005.6,2,back2525
1130,16634493,xixi,"2026-09-28 15:33:24",2005.1,2,huangcarry26
1131,16673870,"Yuxiao Wang","2026-09-28 14:47:57",2005.0,2,yuxiaowangx
1132,16845833,おかゆん,"2026-09-28 05:36:56",2004.8,2,okayun
1133,16859815,alcanta,"2026-09-28 15:57:32",2004.6,2,ccotiuga
1134,16778640,Kilupy,"2026-09-28 08:06:59",2004.5,2,kilupy
1135,16668215,renta.k,"2026-09-28 15:50:19",2004.4,2,renta0426
1136,16793148,"Hoàng Trung Nguyễn","2026-09-28 14:47:54",2003.9,2,hongtrungnguyn
1137,16793396,...,"2026-09-28 09:02:01",2003.4,2,shackles6966
1138,16623071,"Santiago Maniches","2026-09-28 02:28:55",2003.4,2,santmani
1139,16743342,"Артём Свинобоев","2026-09-28 16:09:42",2003.3,2,ssstelmah
1140,16864016,"Setu Chokshi","2026-09-24 15:06:01",2002.7,2,setuch
1141,16811224,yuya,"2026-09-28 15:31:05",2002.7,2,yuomori
1142,16738534,"Sakito Horie","2026-09-28 08:02:30",2002.3,2,sakitohorie
1143,16638551,"GOAT   Mathieu ""ZywOo"" Herbaut","2026-09-28 15:38:01",2002.3,2,ryosketchbook2007
1144,16679214,alban,"2026-09-27 01:11:57",2001.6,2,albantiacoh
1145,16884814,"Happy Farmers","2026-09-28 12:00:42",2000.5,2,"loopide,mapmicro,modelkit"
1146,16644303,"kevin zhou","2026-09-26 03:34:27",2000.5,2,kevinzhou66
1147,16761293,cha7ura,"2026-09-28 14:15:18",2000.4,2,cha7ura
1148,16655478,Bruce,"2026-09-28 13:07:51",2000.3,2,bruceqdu
1149,16684620,kobayasi,"2026-09-28 13:27:56",1999.8,2,"boomvector,tatsuokoshida"
1150,16895472,codeWS,"2026-09-27 07:22:01",1999.7,2,codews
1151,16923122,RangerSnow,"2026-09-28 17:13:00",1998.4,2,rangersnow
1152,16896572,latentm,"2026-09-26 12:30:30",1998.3,2,"latentm,quannt9,xanvior,xeloria"
1153,16784561,"Rodrigo Ramón","2026-09-28 00:31:54",1997.4,2,rodrigoramn
1154,16663632,Seho.Connect,"2026-09-26 21:40:39",1997.1,2,sehoconnect
1155,16743165,"Chiachii Liang","2026-09-28 03:14:42",1996.9,2,chiachiiliang
1156,16947583,Koranil,"2026-09-26 08:19:53",1996.5,2,koranil
1157,16808526,iheng88,"2026-09-28 13:15:51",1996.3,2,iheng88
1158,16889906,kerlgd,"2026-09-26 13:36:35",1995.7,2,"kerlgd,kernlst92,laatentia,plasmoryx"
1159,16778835,kiyoc,"2026-09-28 14:04:00",1995.6,2,kiyoshiohno
1160,16717901,"Ahmed Hazem Abdeltawab","2026-09-28 13:29:07",1994.2,2,ahmedhazem23
1161,16762101,"Kazama Yusuke","2026-09-28 11:48:07",1994.1,2,kazamayusuke
1162,16658343,aisamhottman,"2026-09-28 15:03:58",1993.3,2,heuingttiang
1163,16834038,"Akio Furutsuka","2026-09-28 14:07:51",1993.3,2,akiofurutsuka
1164,16948694,"Bob Jeff","2026-09-27 04:55:57",1993.3,2,bobrg123
1165,16644160,"Saravana Rajan B","2026-09-28 09:49:21",1993.1,2,saravanarajanb
1166,16659081,"JALKARNA GAUTAM","2026-09-28 11:17:19",1992.5,2,jalkarnagautam
1167,16802535,"To be happy","2026-09-26 03:46:58",1992.5,2,yaokaixinya123
1168,16793600,mogura2.0,"2026-09-28 05:51:36",1992.4,2,mogura20
1169,16644690,Dubnium,"2026-09-28 16:13:08",1992.2,2,ahmetyasin1
1170,16670948,wally0593,"2026-09-28 13:26:47",1991.9,2,wally0593
1171,16638909,mbscgi,"2026-09-28 01:24:14",1991.3,2,mbscgi
1172,16848396,ColorGram,"2026-09-28 12:11:23",1990.5,2,"colorgram,hagiwarashigechika,himihimi,s1300200"
1173,16887476,"Memory Engineer","2026-09-28 08:20:30",1989.3,2,salazarslytherin
1174,16699165,lime0001,"2026-09-28 08:39:08",1989.2,2,lime0001
1175,16889791,JinboWang,"2026-09-24 06:26:31",1989.1,2,jinbowang1
1176,16727893,mmwstudy,"2026-09-26 07:43:03",1989.0,2,mmwstudy
1177,16775286,DanilAbdullin,"2026-09-28 11:42:03",1988.0,2,danilabdullin
1178,16701897,"Alejandro Lavandeira Casais","2026-09-28 16:06:36",1986.8,2,alejandrolavandeira
1179,16667872,"Pralay Ghosh","2026-09-28 05:24:33",1986.8,2,pralayghosh83
1180,16892313,zszdl0530,"2026-09-26 03:12:47",1986.4,2,zszdl0530
1181,16657152,"K S VIJAYARAAGHAVAN","2026-09-28 12:07:48",1986.3,2,"blackscythe123,ksvijayaraaghavan"
1182,16640600,"Giord Frank","2026-09-28 16:50:29",1986.1,2,"fggggg12345,tangerinedog"
1183,16775242,"Timothee Henry","2026-09-28 12:53:57",1986.1,2,timhenry
1184,16920251,otouhu,"2026-09-28 14:11:50",1986.0,2,"minera,toroochi"
1185,16651402,"Mille Initiate","2026-09-28 08:52:31",1985.8,2,milleinitiate
1186,16742684,Inzilbêth,"2026-09-28 13:09:34",1985.6,2,inzilbth
1187,16756062,"Thomas #2","2026-09-28 14:20:09",1985.5,2,tommurakami
1188,16667951,KoRo2_JP,"2026-09-28 11:22:07",1985.1,2,koro2jp
1189,16927521,wadia,"2026-09-28 14:58:27",1985.0,2,"sihuanian777,yeshawang"
1190,16661665,"Leonardo Viola10","2026-09-28 12:21:08",1984.9,2,leonardoviola10
1191,16689748,cheesytoasts,"2026-09-28 16:12:28",1984.2,2,cheesinnn
1192,16798694,물,"2026-09-28 16:02:32",1983.6,2,nintendojoa
1193,16623488,"Kevin E R MILLE","2026-09-28 15:12:39",1983.5,2,kevinermille
1194,16738503,dddmd,"2026-09-27 04:11:13",1983.3,2,dddmdd
1195,16760158,"apple farmer","2026-09-26 12:28:30",1983.0,2,gustavoknudsen
1196,16832185,"MILANA STARR","2026-09-28 14:39:57",1982.7,2,andrewchist
1197,16948431,t.me/anpilovetg,"2026-09-28 12:54:13",1982.1,2,anpilovkirill
1198,16738759,YJR,"2026-09-28 07:38:34",1981.3,2,misakamikoto66
1199,16755328,"yang zhang","2026-09-28 15:28:23",1981.2,2,zhang1221ai
1200,16799832,"Maman Salto","2026-09-28 13:00:02",1980.4,2,saddamaditya
1201,16774700,たたたた,"2026-09-28 12:13:49",1980.2,2,tatatata1111
1202,16637546,Forrest,"2026-09-27 13:52:36",1980.1,2,yinxiaogang
1203,16947730,"青葉 涼風","2026-09-28 12:51:43",1979.7,2,suzukaze
1204,16675866,DanilChil,"2026-09-25 14:06:52",1979.4,2,danilchil
1205,16795086,Leroll,"2026-09-28 15:03:19",1979.4,2,leroll
1206,16851557,SunaoCool,"2026-09-28 00:03:30",1979.3,2,yoshikinishita
1207,16733766,Paarthpowa,"2026-09-25 11:47:49",1977.7,2,paarthpowa
1208,16655379,Ikeda0516,"2026-09-28 03:39:05",1977.7,2,ikeda0516
1209,16675684,washamba_bots,"2026-09-28 15:34:42",1977.6,2,"billygmwangi,futurecentaur,peterkibetspidey,stephanenjoki"
1210,16755650,"kazuki morikawa","2026-09-28 11:11:46",1977.3,2,kazukimorikawa
1211,16826561,"ANJAN B","2026-09-28 09:44:09",1977.0,2,anjan4646
1212,16664360,"Rohan L","2026-09-24 13:38:10",1977.0,2,rohanlopes
1213,16809820,"Pramit Das","2026-09-26 18:14:01",1976.7,2,pramitdas
1214,16925699,"YOUNG CHOW","2026-09-28 14:35:57",1976.1,2,youngchow
1215,16798724,"junfan shen","2026-09-28 12:41:51",1975.4,2,junfanshen
1216,16707547,Lin,"2026-09-28 16:13:39",1975.3,2,linjianrong
1217,16653260,"Kadouci Abdelhak","2026-09-27 08:07:00",1975.0,2,kadouciabdelhak
1218,16689881,"yuki #2","2026-09-28 13:01:54",1974.6,2,hosikusa
1219,16624893,"GURU Prasaatha S","2026-09-28 07:37:30",1973.5,2,guruprasaathas111
1220,16671088,jasonstillchasin,"2026-09-28 16:30:55",1972.5,2,jasonstillchasin
1221,16885498,farmhouse,"2026-09-28 14:27:25",1971.8,2,tomoyayanagi
1222,16890222,"Borisov Emilian","2026-09-27 15:08:03",1971.3,2,emili123
1223,16842828,"Smiley Flour","2026-09-27 12:44:57",1971.1,2,"ddlinh212,nguyenvlm"
1224,16867671,Abhinav0370,"2026-09-26 16:03:44",1970.5,2,abhinav0370
1225,16799132,"Marlon Vasquez","2026-09-28 13:14:08",1970.4,2,vexmeavf
1226,16819431,kkkk,"2026-09-28 17:22:34",1970.1,2,kkkk4649
1227,16674949,"Lev Neganov","2026-09-27 00:07:06",1970.0,2,levoel
1228,16752277,YKuma,"2026-09-27 22:40:28",1969.7,2,ykumazaki
1229,16688787,Fih,"2026-09-28 14:33:51",1969.7,2,vencerlanz09
1230,16886298,amosokello451,"2026-09-28 08:58:17",1969.4,2,amosokello451
1231,16716263,"Ugnė Miklovaitė","2026-09-25 12:34:58",1969.4,2,ugnmiklovait
1232,16639969,"Sheep Are All You need","2026-09-26 03:23:24",1969.3,2,aliyelbekov
1233,16654752,Agrofitting,"2026-09-28 15:55:37",1968.2,2,"evvfebruary,vinch97"
1234,16641169,boatlee,"2026-09-26 14:06:19",1968.0,2,boatlee
1235,16757253,ZEE,"2026-09-27 09:56:03",1967.8,2,randyzhang666
1236,16912574,好运连连,"2026-09-28 16:33:50",1967.7,2,"jiangxinyuan616,xiaoranx,xigemalyk"
1237,16850198,"Daiki Yasui","2026-09-28 14:32:25",1967.5,2,daikiyasui
1238,16670229,Munshi-PremChand,"2026-09-28 18:21:57",1967.5,2,munshipremchand
1239,16909485,SatoGo,"2026-09-28 07:36:06",1966.5,2,satogo
1240,16704818,probably6767,"2026-09-28 16:31:01",1966.4,2,probably6767
1241,16786595,"dbvz sbsbs","2026-09-28 06:19:08",1966.2,2,dbvzsbsbs
1242,16657775,"Raagav & Pieter","2026-09-28 12:18:42",1965.2,2,"peetapit,raagavanand"
1243,16641751,Hikari_30,"2026-09-27 15:36:01",1965.0,2,hikari30
1244,16726287,BBaRRel.,"2026-09-26 13:26:34",1964.4,2,yujinkk0609
1245,16836633,Yukino487,"2026-09-28 15:23:11",1964.4,2,"xingyulll,yukino487"
1246,16663783,WBF_USA_NYC,"2026-09-26 22:55:05",1964.2,2,wbfranci
1247,16750314,Captainuknow,"2026-09-28 12:21:53",1963.2,2,captainuknow
1248,16743218,RYUSHI,"2026-09-28 11:04:01",1963.1,2,ryushisa
1249,16732670,minoneru,"2026-09-28 16:06:07",1963.1,2,kotaminoshima
1250,16661073,PyJa,"2026-09-27 14:24:00",1962.9,2,pixiux
1251,16760241,"Collin Christensen","2026-09-28 08:21:17",1962.5,2,cchristens
1252,16935434,chumajin,"2026-09-27 16:59:23",1962.4,2,chumajin
1253,16908263,Paing,"2026-09-27 18:50:48",1962.3,2,painghtetsw
1254,16626582,"Omer Faruk Merey","2026-09-28 09:02:11",1962.1,2,omerfarukmerey
1255,16730142,static,"2026-09-28 11:27:01",1961.1,2,huangshunhao
1256,16766498,HNUST,"2026-09-28 09:25:43",1960.4,2,"aloemoon,castianhans"
1257,16661754,edwinis,"2026-09-28 09:02:44",1960.2,2,edwinis
1258,16702754,"Запрети мне брать H100","2026-09-27 18:37:45",1960.1,2,"amocualg,borismatsakov,kirya1,vladimirlovtsov18"
1259,16941047,"RUSHMANTH NALLURI","2026-09-24 00:07:09",1959.9,2,rushmanthnalluri
1260,16927437,SeEquoia,"2026-09-28 14:27:48",1959.9,2,"glaccier,m3onsoon,seequoia,typhooon"
1261,16908829,Terremoto,"2026-09-28 16:36:32",1959.3,2,alfredoachondo
1262,16896273,Elooquence,"2026-09-28 09:44:17",1958.5,2,"elooquence,opulencee,piicturesque"
1263,16731834,Kamma,"2026-09-28 11:39:39",1958.4,2,"cheliu0307,makerfly,vonlanvonlan233"
1264,16676455,"Sarthak Sharma ","2026-09-28 10:47:06",1958.1,2,sarthaksharma14
1265,16749079,mraz1006,"2026-09-28 17:59:33",1958.0,2,mraz1006
1266,16931975,loki005,"2026-09-28 10:42:01",1958.0,2,loki005
1267,16762957,邪悪な暁山瑞希、ジャガイモを量産してフライドポテト市場を独占,"2026-09-28 15:10:55",1958.0,2,yinzimike
1268,16692923,"Pavel Kazlou","2026-09-28 16:13:04",1957.8,2,paulik
1269,16623836,awarse,"2026-09-28 07:10:41",1957.7,2,awarse
1270,16776738,"Kundan Bhaskar","2026-09-27 21:18:15",1957.0,2,kundan007
1271,16683288,HuaLQin,"2026-09-28 18:05:39",1956.6,2,hualqin
1272,16879027,XMHHHH,"2026-09-25 12:36:50",1956.3,2,jkkhhoo
1273,16681369,GanadorPlusUltra,"2026-09-28 17:35:05",1956.2,2,ganadorplusultra
1274,16682306,岸本湧士郎,"2026-09-28 01:31:24",1956.1,2,yushiro20021111
1275,16742369,"Ömer Faruk Yüce","2026-09-28 15:34:35",1956.0,2,merfarukyce
1276,16771200,DeeSaa,"2026-09-27 22:31:22",1955.4,2,deesaa
1277,16793080,"Lonan Syayf","2026-09-27 19:23:33",1955.3,2,lonansyayf
1278,16700634,"Alperen Söylen","2026-09-28 18:07:38",1955.2,2,alperensylen
1279,16623805,"Howon Kang","2026-09-28 14:35:56",1954.8,2,howonkang
1280,16732507,怒破餓鬼,"2026-09-28 16:48:41",1953.0,2,"alcoholcat,makishis,ryutokeshi,yuinokogawa"
1281,16802575,saeNeko,"2026-09-28 14:36:58",1952.8,2,sae20gorilla
1282,16859316,LP,"2026-09-27 16:54:45",1952.5,2,lihu6666
1283,16904440,"Orion on earth","2026-09-28 17:40:32",1952.2,2,oriononearth
1284,16930374,扣扣农场,"2026-09-28 17:56:34",1952.0,2,tsjzkzyzz
1285,16931054,"Asakusa Agricultural Co., Ltd","2026-09-28 01:05:46",1951.7,2,daeyoungahn
1286,16804768,Chaos,"2026-09-28 16:06:32",1951.3,2,hcfighting
1287,16654091,webmaking,"2026-09-22 04:36:19",1950.6,2,webmaking
1288,16775076,hiros,"2026-09-28 11:18:13",1949.9,2,hiroshige1
1289,16811467,Raster0x2a,"2026-09-28 09:55:49",1949.4,2,raster0x2a
1290,16666805,Kaggs,"2026-09-28 10:20:50",1949.1,2,ayush21042004
1291,16898165,"Mahmoud Nasser","2026-09-28 16:33:41",1949.0,2,lomnafsk
1292,16770089,ouga,"2026-09-27 10:23:09",1948.4,2,ouga1shizawa
1293,16861302,YieldCurve,"2026-09-28 08:48:52",1948.2,2,"gendaijin,haruna015"
1294,16846963,成吉思汗,"2026-09-28 07:09:19",1947.7,2,jddhhdh
1295,16907326,"julien gaza","2026-09-27 21:23:45",1947.4,2,juliengaza
1296,16850522,WayneCheng,"2026-09-28 02:56:36",1947.1,2,taffy1883
1297,16923238,Jaga,"2026-09-28 14:46:50",1947.0,2,skntbass
1298,16723301,mayukistarry,"2026-09-28 17:59:38",1946.2,2,mayukistarry
1299,16899004,Antonoof,"2026-09-28 17:06:08",1945.7,2,antonoof
1300,16875986,"k hori ","2026-09-28 11:33:53",1944.7,2,khori7
1301,16664232,"Eddy Despradel","2026-09-28 16:14:00",1944.4,2,eddydespradel
1302,16689183,Hawksartelier,"2026-09-28 11:35:17",1943.5,2,satyapb2002
1303,16675344,PP_Azalearn,"2026-09-28 02:54:43",1942.7,2,"androidss,keitookamoto,pptakehirokawada"
1304,16696960,pi-500.phys,"2026-09-28 15:52:33",1942.6,2,pi500phys
1305,16703315,"Ryan Triplett","2026-09-28 14:42:50",1942.5,2,ryantriplett
1306,16768047,アメリカ農業研究会,"2026-09-28 10:34:26",1941.9,2,flnkhome
1307,16851853,tryagain123,"2026-09-28 10:06:38",1941.9,2,lanqingsong123
1308,16918263,Ascent,"2026-09-28 13:42:45",1941.8,2,ishaangangwani
1309,16654027,shiv,"2026-09-26 03:39:41",1941.6,2,shivaurora
1310,16698366,Fateyongheng,"2026-09-28 15:04:56",1941.5,2,fateyongheng
1311,16696593,bplyc15,"2026-09-28 07:17:03",1940.7,2,bplyc15
1312,16942819,Mositaku,"2026-09-28 17:54:44",1940.6,2,versavice
1313,16725177,misaka12435,"2026-09-28 10:54:03",1940.6,2,misaka12435
1314,16641348,wata,"2026-09-28 00:02:11",1940.6,2,iwatahiroki
1315,16714162,MarvinTMB,"2026-09-26 21:54:36",1939.1,2,marvintmb
1316,16743015,"Sword's Frost","2026-09-28 12:14:20",1938.5,2,alexwilliam7
1317,16846010,muelsyse111,"2026-09-28 14:09:40",1938.4,2,"muelsyse111,zltrqn"
1318,16635314,"Aurora wy","2026-09-28 04:10:22",1938.3,2,aurorawy
1319,16627032,"Kaito Fukami","2026-09-28 06:19:26",1938.0,2,kaitofukami
1320,16891115,tkm7510,"2026-09-26 02:22:37",1937.1,2,tkm7510
1321,16927484,eigeness9,"2026-09-28 03:47:55",1937.1,2,"eigeness9,postrflux,reciprocityj,zenoflux77"
1322,16668737,"Abish Pius","2026-09-28 15:14:37",1936.8,2,abishpius
1323,16811571,"Daniel Guo","2026-09-28 00:04:02",1936.7,2,denialguo
1324,16927351,"Bryan Yahir Hernandez","2026-09-27 19:28:33",1936.5,2,bryanhernandez
1325,16630804,4418,"2026-09-28 12:24:51",1936.0,2,"biohack44,merkiraz"
1326,16660483,TIM,"2026-09-27 18:32:01",1935.0,2,daynoryamil
1327,16701024,pig7selene,"2026-09-27 06:00:53",1934.9,2,"ejlthomas,gaoeeee"
1328,16935813,MINGHUN,"2026-09-28 17:25:00",1934.5,2,"aiwuhui,jiyuhao1213"
1329,16634179,daoviet,"2026-09-28 14:40:53",1933.9,2,daoviet
1330,16926032,robikscube,"2026-09-27 09:14:04",1933.4,2,ujjwalnewd
1331,16841335,abondrn,"2026-09-26 19:51:47",1932.8,2,abondrn
1332,16915820,CjzmFeng,"2026-09-28 16:23:39",1932.7,2,cjzmfeng
1333,16759058,Miz,"2026-09-28 14:02:26",1932.2,2,ryota040
1334,16632715,cmasch,"2026-09-28 06:55:49",1931.9,2,cmasch
1335,16945978,"Grigor Sargsyan","2026-09-28 17:05:58",1931.8,2,grigorsargsyan
1336,16896203,Qx_qingxi,"2026-09-28 15:00:10",1931.8,2,yongqiangtian
1337,16640048,"extra eclaire","2026-09-28 13:44:29",1930.0,2,"aeniminu,extraeclaire"
1338,16740361,"Suba S","2026-09-24 19:18:42",1929.9,2,jupiter79
1339,16795853,GaoKui,"2026-09-28 12:44:14",1929.1,2,gaokui
1340,16920891,codex是我的鲸鱼,"2026-09-28 14:56:39",1929.1,2,renfei123456
1341,16751828,"E. Honda","2026-09-28 17:53:03",1928.9,2,toseihatori
1342,16622319,"Roman Tamrazov 52","2026-09-28 14:31:32",1928.2,2,romantamrazov
1343,16740161,r2singh,"2026-09-28 13:57:51",1928.2,2,ratnaraj
1344,16696997,coolin666,"2026-09-27 15:35:00",1927.6,2,coolin666
1345,16706892,Ko,"2026-09-28 01:15:00",1927.2,2,syurenuko
1346,16666566,"Rairo Mukamuri","2026-09-28 08:01:21",1927.0,2,thetraveller
1347,16626732,islet,"2026-09-28 02:52:01",1926.7,2,kojimar
1348,16658474,you,"2026-09-28 13:10:16",1926.6,2,"huyimin517517,touyouzhaji,wumingshi2006,zxinzzzz"
1349,16876706,"zijun zhang","2026-09-28 16:10:28",1926.2,2,kongmu0503
1350,16923012,"jiggly buns","2026-09-25 13:02:29",1926.1,2,sellside
1351,16688159,"aildar &  slopernak & bobot","2026-09-28 17:17:54",1925.9,2,"eldarkhisamutdinov,mernak,vladimirbagmanov"
1352,16732530,可抽奖的冰棒,"2026-09-28 06:42:40",1925.6,2,daniel1547
1353,16728262,wakawakayu,"2026-09-28 15:25:29",1925.2,2,wakawakayu
1354,16658700,"szlachetny snieg","2026-09-28 13:40:33",1925.2,2,takayukiimoto
1355,16678618,"Manu Nicholas Jacob","2026-09-28 14:17:11",1925.0,2,manunicholasjacob
1356,16668168,"Desh ke Mitron","2026-09-28 14:41:54",1924.8,2,"asce09,attiraina,hashlord"
1357,16764459,"local farmers","2026-09-28 15:14:47",1924.7,2,"chaojiwudiwujie,qianxiang123"
1358,16624969,tf,"2026-09-28 00:38:07",1924.4,2,tfukuhara
1359,16768603,Kinance,"2026-09-27 14:26:15",1924.1,2,kinance
1360,16623390,KodamaSec,"2026-09-28 10:11:30",1923.0,2,dfhgfdghfdhg
1361,16753567,wangkxu,"2026-09-28 16:47:37",1922.7,2,davics
1362,16641230,"An V1","2026-09-28 15:19:03",1922.7,2,barakuga
1363,16811799,"Yuanchen Huang","2026-09-27 08:49:50",1922.7,2,geokocha
1364,16643453,Haumea,"2026-09-28 15:35:03",1922.3,2,chaitanyagullapalli
1365,16926111,"Somya Patra","2026-09-27 13:54:02",1922.0,2,somyapatra
1366,16723272,"Rimsha Kanwal","2026-09-27 19:29:56",1921.5,2,rimsha234
1367,16791943,tamref,"2026-09-28 16:14:00",1921.4,2,tamreff3290
1368,16627148,"HUNGRED XYIS","2026-09-28 12:51:59",1921.4,2,"gleny48,makarrogovik,wooler1"
1369,16663963,M0h4m3d-Byte,"2026-09-28 09:15:43",1920.9,2,dev3mohamed
1370,16775125,weimean,"2026-09-27 14:12:02",1920.7,2,gtwm98
1371,16826465,linmumu009,"2026-09-24 07:11:11",1920.6,2,"linmumu009,renjunxiang"
1372,16842194,threnox,"2026-09-28 17:53:09",1920.2,2,threnox
1373,16865564,Manat,"2026-09-27 05:38:57",1919.8,2,manatoshoji03
1374,16652079,Infill,"2026-09-28 15:34:53",1919.8,2,infill
1375,16671306,Yeswanthperni,"2026-09-28 05:34:22",1919.7,2,"tanvicaaa,yeswanthperni"
1376,16722500,"Mike Murunov","2026-09-28 18:14:33",1919.3,2,mikhailmurunov
1377,16926937,"Romuald Delene","2026-09-24 13:41:36",1919.2,2,romualddelene
1378,16775378,TK256,"2026-09-28 08:07:12",1919.1,2,tk256ailab
1379,16730688,zy,"2026-09-26 17:59:04",1918.8,2,justforwin
1380,16727784,Baen,"2026-09-28 15:50:35",1917.9,2,cairh22
1381,16713457,"Poor farmer","2026-09-28 17:27:36",1917.5,2,trnhip
1382,16783265,"Xiangjiang Zhou","2026-09-28 11:26:51",1917.1,2,"lilysmi,llccqq624,qqqqwqq,xiangjiangzhou"
1383,16663387,Ju,"2026-09-28 17:22:31",1917.0,2,juziddd
1384,16728084,iwance,"2026-09-28 15:17:43",1916.9,2,iwance
1385,16731971,s_a_ai_engineer,"2026-09-28 17:04:02",1916.7,2,saaienginner
1386,16721384,Hackoholics,"2026-09-28 15:48:16",1916.3,2,"limyenhui,richierx"
1387,16726687,"Rohin Kethipally","2026-09-27 14:53:22",1916.2,2,rohinkethipally
1388,16670221,fle3n,"2026-09-28 17:38:47",1916.2,2,fleongg
1389,16927409,ReD_MooN_rise,"2026-09-28 16:02:44",1915.7,2,"redmoonrise,yug0616"
1390,16739018,"Zhou Songyu","2026-09-28 16:15:26",1914.6,2,zhousongyu
1391,16724847,辽大之光,"2026-09-27 14:11:15",1914.3,2,guangchenlu
1392,16919139,SynthReaper,"2026-09-27 12:34:29",1914.3,2,synthreaper
1393,16686583,techtech69,"2026-09-28 16:05:53",1914.0,2,techtech69
1394,16794536,HirokiTaniai,"2026-09-28 07:28:07",1912.7,2,nyokinyoki
1395,16664836,"Adnan Zaman","2026-09-28 16:39:39",1912.5,2,adnanzamanniloy
1396,16748412,"Nimish Shinde","2026-09-26 16:47:59",1912.0,2,nimishshinde
1397,16735066,"Saber #2","2026-09-26 16:21:03",1911.9,2,yzheng21
1398,16765668,shun_johnny,"2026-09-27 01:17:01",1911.9,2,shunjohnny
1399,16892357,easygame,"2026-09-28 13:16:07",1911.6,2,"kangqinyao,xinjunc"
1400,16655199,"Alexander Ulrich","2026-09-24 05:32:03",1911.3,2,alexanderulrich01
1401,16932413,"Evgeny Bratkovsky","2026-09-28 16:54:45",1910.5,2,bratkovskyevgeny
1402,16794167,"Daniel Mineev","2026-09-28 12:53:15",1910.3,2,nilpotent1
1403,16837554,Quickpanda,"2026-09-26 19:40:14",1910.1,2,quickpanda
1404,16866549,"Roman Nesterov","2026-09-28 09:24:38",1909.4,2,romanest
1405,16807538,Asterope,"2026-09-27 23:33:25",1909.4,2,jianlee0
1406,16794542,ysd1110,"2026-09-28 15:33:41",1909.3,2,ysd1110
1407,16805671,"Yuxiang LIANG","2026-09-27 13:35:29",1909.1,2,yuxiangliang
1408,16630548,"YJ Wee 2807","2026-09-27 15:21:17",1908.6,2,yjwee2807
1409,16930569,MarqueeMoon19770208,"2026-09-28 15:49:39",1908.6,2,marqueemoon19770208
1410,16761652,"Dhruv #2","2026-09-26 08:05:02",1908.1,2,dhruvrama
1411,16839389,lizs,"2026-09-28 13:04:03",1907.7,2,chiila
1412,16663247,Ak,"2026-09-28 09:35:50",1907.0,2,abisheksrivastav
1413,16808905,"Yusaku Muroya","2026-09-28 17:16:04",1906.9,2,ymuroya47
1414,16695685,"kwon yong deuk","2026-09-28 16:18:18",1906.4,2,kwonyongdeuk
1415,16864919,ujimaa,"2026-09-28 11:16:32",1906.3,2,ujimaa
1416,16891718,"Me & myself","2026-09-28 07:52:03",1906.0,2,fannasankh
1417,16656011,"Jiashun Tan","2026-09-28 08:56:10",1906.0,2,jiashuntan
1418,16666365,yiyu0716,"2026-09-28 14:04:22",1905.5,2,"lugent,yiyu0716"
1419,16741131,"Adarsh Balanolla","2026-09-28 16:36:59",1905.5,2,adarshreddyb
1420,16661570,"sissoko cheick","2026-09-28 13:19:40",1905.5,2,sissokocheick
1421,16624651,"Zihao Zeng","2026-09-28 15:48:43",1904.9,2,zihaozeng0021
1422,16793340,bee_lx_xl,"2026-09-28 00:40:06",1904.9,2,beelxxl
1423,16924604,"Dzmitry Pihulski","2026-09-28 13:06:23",1904.9,2,dzmitrypihulski
1424,16932335,"Dom Bavuso","2026-09-27 05:44:33",1904.9,2,dombavuso
1425,16925740,Virexon,"2026-09-27 07:31:29",1904.7,2,"spectrion5,synthexia,virexon,vorinaq"
1426,16768449,"Dmitry Volovikov","2026-09-28 11:15:27",1904.6,2,dmitryvolovikov
1427,16732478,Ken_Ken_Pa,"2026-09-28 14:35:28",1904.5,2,kenkenpa
1428,16763767,"Carson Zhang","2026-09-28 08:58:52",1904.3,2,zmcddn
1429,16759632,"Rifqi Haikal","2026-09-27 12:19:03",1904.1,2,rifqihaikal
1430,16751061,L1a0JH,"2026-09-28 18:17:30",1903.1,2,coolkid14122
1431,16840509,"Iskander Yusupov","2026-09-25 14:48:31",1902.9,2,iskanderyusupov
1432,16654511,"Syed Shayan Ali Shah","2026-09-25 06:31:36",1902.6,2,dsshayan
1433,16936121,herens,"2026-09-28 07:53:26",1902.1,2,herens
1434,16728492,ほのぼの牧場,"2026-09-27 11:51:38",1901.9,2,masatoshitaniguchi
1435,16936827,"Weixuan Liu","2026-09-28 15:13:40",1901.8,2,flyfish666
1436,16641548,"Indium AI Labs","2026-09-28 13:04:58",1901.6,2,"devaanshpa,wolframbopp"
1437,16917732,qianqiuwushang,"2026-09-27 14:24:56",1901.3,2,qianqiuwushang
1438,16942011,"Öylesine Yarışıyoruz","2026-09-28 13:46:39",1901.2,2,"burakemrepolat,muhammedfurkanata"
1439,16927555,yaya__k,"2026-09-24 09:27:12",1900.3,2,yaya88k
1440,16771394,"ZHIRUI ZHAO","2026-09-28 13:22:59",1900.3,2,"harr23,zhiruizhao"
1441,16886344,魏杨康,"2026-09-28 12:45:47",1899.8,2,weiiyangkang
1442,16621616,insuperabilehart,"2026-09-27 16:27:01",1899.7,2,insuperabile
1443,16762769,"Jacques Buis","2026-09-27 09:46:47",1899.1,2,jacquesbuis
1444,16632291,"alex chilton","2026-09-24 08:14:35",1897.3,2,alexchilton
1445,16852141,"Zhou Hengyu","2026-09-28 11:21:47",1896.8,2,zhouhengyuu
1446,16848956,"HadBoumoussa's Farm 🌾","2026-09-28 17:26:15",1896.8,2,hkassimi
1447,16623524,"Marcus Vinicius","2026-09-28 18:20:01",1896.8,2,marcux777
1448,16904566,FLA,"2026-09-28 13:18:21",1896.4,2,"athnnna,fanglong,fengzq777"
1449,16696738,rekhasri,"2026-09-28 16:54:38",1896.2,2,rekhasri
1450,16699947,HKmgikao,"2026-09-28 13:29:39",1895.9,2,hitoshikmgai
1451,16930633,micro,"2026-09-27 08:26:33",1895.3,2,brucewu1200
1452,16795070,"HKUST Random","2026-09-28 15:11:10",1895.2,2,siulungfan
1453,16865335,"Hire me! 🤗 [Viktor Cikojevic]","2026-09-20 13:38:52",1894.5,2,viktorcikojevic
1454,16888794,NonCaffeine,"2026-09-25 11:30:06",1894.2,2,noncaffeine
1455,16886640,holyholy,"2026-09-28 17:54:28",1894.0,2,holy5contents
1456,16730065,Blu3s,"2026-09-28 17:40:23",1893.6,2,"atteincueo,ausrine"
1457,16779110,markastra,"2026-09-28 12:57:53",1892.8,2,markastra
1458,16862044,"Toshiki Narushima","2026-09-28 16:51:39",1892.6,2,toshikinarushima
1459,16731751,"Nikita Pudovkin","2026-09-28 11:17:00",1891.9,2,nickpudovkin
1460,16688217,"The Grower","2026-09-28 08:10:12",1891.5,2,vigneshsankar1962
1461,16903852,maoxin123,"2026-09-28 13:48:05",1891.3,2,maoxin123
1462,16943709,ser5kovskiy,"2026-09-28 14:57:54",1890.9,2,sergeypyatkovskiy
1463,16627600,"NiA Farms","2026-09-28 14:33:18",1890.9,2,"adriaft,natliablascoandreo"
1464,16935893,lixusb,"2026-09-28 09:03:49",1890.6,2,lixusb
1465,16623381,cocoaAI,"2026-09-28 03:55:23",1889.8,2,cocoaai
1466,16664577,a14iiiii,"2026-09-26 02:55:58",1889.4,2,a14iiiii
1467,16654076,"Son Pham","2026-09-28 13:51:55",1888.8,2,sonphamorg
1468,16843042,"Frost Cerberus","2026-09-28 09:58:37",1888.7,2,frostcerberus
1469,16748476,sam_the_rice_cake,"2026-09-28 07:48:42",1888.0,2,"hash548,wliilamsam"
1470,16885764,shuinno,"2026-09-26 05:06:11",1887.9,2,"astralisa,hemlock1,metaforge,shuinno"
1471,16655277,GUAM,"2026-09-28 16:16:17",1887.6,2,"analyticaobscura,jeongminlee92,kmmmvs,wnmgrn"
1472,16629033,"Igor V","2026-09-28 16:19:02",1887.4,2,rostigor
1473,16686918,JustinLee,"2026-09-27 20:00:05",1886.0,2,justin2061
1474,16658909,"evolve faster!","2026-09-28 15:16:34",1885.8,2,junesdata
1475,16942314,"Seva Gusev","2026-09-28 08:05:03",1885.5,2,seva1232
1476,16753974,"David Goldrajch","2026-09-28 16:57:34",1885.3,2,elie2003
1477,16709930,llRX,"2026-09-28 01:24:03",1885.2,2,"bankkobe,leojeel,ruikaihong"
1478,16740815,Remielle,"2026-09-28 11:33:13",1884.4,2,remielle
1479,16664096,"Charles Coonce","2026-09-26 22:12:40",1884.1,2,charlescoonce
1480,16794630,"Yuchuan Ding","2026-09-27 15:28:02",1883.6,2,yuchuanding
1481,16731839,mamematcha,"2026-09-27 00:50:59",1882.9,2,mamematcha
1482,16948826,"Viswesh Suri","2026-09-27 18:23:19",1882.4,2,visweshsuri
1483,16891740,quwon_000,"2026-09-28 18:17:44",1882.1,2,quwon000
1484,16854869,Ibar-Aki,"2026-09-28 10:37:05",1881.8,2,akicolor
1485,16933836,arumajiro,"2026-09-28 14:33:15",1881.4,2,excellentarumajiro
1486,16738822,shakedamo0w0,"2026-09-27 06:33:30",1881.3,2,shakedamo0w0
1487,16693215,"Izzoudine Mohamed KANTA","2026-09-28 04:49:33",1880.3,2,izzoudeenkanta
1488,16665331,winstonton,"2026-09-27 15:21:49",1880.2,2,winstonton
1489,16698136,"David Estevez","2026-09-26 15:00:04",1879.8,2,destbreso
1490,16914676,"Luon may Man","2026-09-28 11:47:11",1879.5,2,luonmayman
1491,16816196,"Bianco Chiu","2026-09-28 14:29:24",1878.6,2,biancochiu
1492,16936749,statma,"2026-09-28 14:02:28",1878.4,2,"fractalbyte,marshjff,statma,valqeth"
1493,16735837,yaki-imo,"2026-09-27 18:01:21",1876.9,2,taichiakiyama
1494,16942000,tyson,"2026-09-25 17:24:15",1876.3,2,tysonwashere
1495,16775803,Robson,"2026-09-28 13:36:04",1875.7,2,robsonsan
1496,16777359,"AI Dmitrii","2026-09-28 15:59:40",1874.9,2,dmitriyulybin
1497,16858303,马嘉蛋爱玩跳棋,"2026-09-22 05:52:02",1874.9,2,"jamalzzj,jlw123456"
1498,16810308,Congy,"2026-09-28 02:41:47",1873.8,2,congyingma
1499,16659920,vkhydras,"2026-09-26 12:12:02",1873.8,2,vickimar
1500,16624309,jjamppongmandu,"2026-09-28 15:55:09",1873.5,2,"beckspeca,hihiimj,jjamppongmandu"
1501,16684402,vn1111,"2026-09-28 17:37:47",1873.3,2,vn1111
1502,16622338,github/shepsci/kaggle-skill,"2026-09-28 00:31:06",1873.0,2,shepscientific
1503,16632743,"Krizsó Gergely","2026-09-28 08:51:47",1873.0,2,lucifer19
1504,16747306,"Yasasvi Josyula","2026-09-28 12:07:12",1872.1,2,yasasvijosyula
1505,16775686,"Max Podd","2026-09-28 13:34:00",1872.0,2,maxpodd
1506,16881250,"Enes Altunbaş","2026-09-28 08:50:32",1871.2,2,enesaltunba
1507,16716317,yzyhello,"2026-09-28 10:13:58",1870.8,2,"dalll77,yzyhello"
1508,16744133,"levr hang","2026-09-28 15:12:07",1869.6,2,levrhang
1509,16872204,"Nguyễn Trần Thanh Bình","2026-09-28 16:08:02",1869.3,2,nguyntrnthanhbnh
1510,16655789,"wen chong yu","2026-09-28 03:20:25",1868.7,2,wenchongyu
1511,16623371,MoZayed,"2026-09-27 17:57:56",1868.5,2,mohamedzayedahmed
1512,16632201,neurlog,"2026-09-25 20:42:08",1868.1,2,neurlog
1513,16667964,Shuiys,"2026-09-28 09:57:48",1867.8,2,ysshui
1514,16774475,LoveB4Sunrise,"2026-09-28 06:08:38",1867.7,2,demacia1314
1515,16637099,tobhull,"2026-09-26 05:42:45",1867.7,2,tobhull
1516,16783124,Logorhythms,"2026-09-28 11:49:53",1867.2,2,mohammadsaidulislam
1517,16894196,"Qiank Chen","2026-09-28 16:16:12",1866.5,2,qiankchen
1518,16693431,"Yi Wang","2026-09-28 11:24:23",1866.4,2,jone520
1519,16807411,tamura_aicon,"2026-09-23 00:03:54",1866.2,2,hayatetaf
1520,16870780,"John Gates","2026-09-27 16:49:18",1865.9,2,johngates
1521,16745761,mitomeat823,"2026-09-28 14:47:21",1865.3,2,mitomeat823
1522,16880393,flower_s,"2026-09-26 00:45:26",1864.8,2,flower244140625
1523,16860813,hirayuki,"2026-09-28 12:19:56",1864.8,2,hirayukis
1524,16785321,HaoChi,"2026-09-28 06:34:08",1864.1,2,"lishi321,moxi21"
1525,16736079,Maxy5illion,"2026-09-28 12:56:00",1863.8,2,maxy5illion
1526,16855992,"Vanshika #2","2026-09-28 07:58:56",1863.7,2,crystalbaby
1527,16654707,ManasviSharma,"2026-09-25 11:03:40",1863.1,2,manasvi821
1528,16655128,"Somasundar V","2026-09-24 21:04:44",1862.7,2,somasundarv
1529,16659351,"Hamna Kaleem","2026-09-28 15:19:53",1862.2,2,hk3296
1530,16779304,"Ari Nakos","2026-09-27 20:27:36",1862.0,2,aristides
1531,16717289,JackChenghao,"2026-09-28 14:57:56",1861.8,2,jackchenghao
1532,16659412,yesterdays_rebel,"2026-09-28 10:39:06",1860.8,2,irfanparaniya
1533,16806475,sohma,"2026-09-28 14:11:29",1860.7,2,hi210278
1534,16757621,Kurokawa,"2026-09-28 13:49:23",1860.6,2,hiroshikurokawa
1535,16730761,ElephtAI,"2026-09-26 07:23:45",1859.9,2,yuchengj
1536,16889597," Master Bob111","2026-09-27 08:10:13",1859.3,2,masterbob111
1537,16642128,"MAC SAHO","2026-09-27 20:48:53",1858.3,2,macsaho
1538,16810408,"Bohdan Boklah","2026-09-28 09:16:49",1857.7,2,bohdanbb2000
1539,16844233,y3uanm,"2026-09-27 23:44:16",1857.6,2,"delta47x,lunpaixo,y3uanm"
1540,16935560,南山3G战神,"2026-09-25 03:48:53",1857.5,2,"dongxinwan,jyo5200,linkenfaqiu8290,vincent8491,wxh20031103"
1541,16661743,"Sergey Kutepov","2026-09-28 16:48:44",1857.5,2,natsyst
1542,16794527,linyifangzhenshuai,"2026-09-28 12:57:12",1856.9,2,linyifangzhenshuai
1543,16805704,ShuHaya,"2026-09-27 13:51:03",1856.6,2,yfqqq088
1544,16697898,"Yin Li","2026-09-27 19:00:04",1856.3,2,kevin250304
1545,16718649,"Zakaria Aala","2026-09-27 16:05:09",1856.0,2,zlordgrim
1546,16719733,CleoCantCompete,"2026-09-25 05:52:04",1855.3,2,cleocantcompete
1547,16714057,"T0m0t0m0 W","2026-09-28 13:28:47",1854.6,2,t0m0t0m0w
1548,16625060,"Subin An","2026-09-25 13:21:55",1854.3,2,subinium
1549,16888303,Satuker,"2026-09-28 13:35:13",1854.1,2,filipgaliski
1550,16881928,"Saad Khan","2026-09-24 18:56:07",1853.9,2,saadlohani
1551,16790943,"Tashfik Salehin","2026-09-26 18:28:58",1853.8,2,tashfiksalehin
1552,16751140,onick_man,"2026-09-28 04:51:50",1853.4,2,ftakahas
1553,16730015,suzu10,"2026-09-27 05:04:56",1853.0,2,suzu10
1554,16719884,ykhnkf,"2026-09-24 22:36:04",1852.4,2,ykhnkf
1555,16786102,"Anay Garodia","2026-09-24 03:58:21",1852.3,2,anaygarodia
1556,16635127,"Sergey Bryansky","2026-09-28 13:48:37",1851.7,2,sggpls
1557,16800076,xinwang,"2026-09-28 08:24:06",1851.3,2,xxxtetantion
1558,16677149,"Umataro Tenma","2026-09-28 14:11:28",1851.0,2,umatarotenma
1559,16630524,"Omprakash Patra","2026-09-28 05:16:04",1850.4,2,omprakashpy
1560,16699856,yukio,"2026-09-28 16:44:58",1850.1,2,yukioseki
1561,16730675,"🦊Farm Fox🦊","2026-09-28 17:12:39",1849.5,2,soutasakurai
1562,16894714,"PadroChill Farm","2026-09-28 17:19:05",1848.4,2,"gerbertradmirovich,kastv90"
1563,16806541,hidenov,"2026-09-28 12:02:51",1848.2,2,hidenov
1564,16621671,Chellick,"2026-09-26 08:47:01",1848.2,2,matweyisupov
1565,16880648,"Akash Pattani","2026-09-27 15:21:40",1847.8,2,akashpattani
1566,16752019,"Kaipeng Zheng","2026-09-28 12:57:31",1847.5,2,kaipengzheng
1567,16623691,KevlarZanderChi,"2026-09-28 17:29:55",1847.5,2,kevlarzanderchi
1568,16847543,"Sankalp Wanjari","2026-09-28 15:31:26",1847.4,2,sankalpwanjari25
1569,16656810,IskanderAkhmetov,"2026-09-28 17:07:53",1847.2,2,iskander2017
1570,16922094,Shiv28,"2026-09-26 03:38:57",1847.1,2,shiv28
1571,16942573,Almaz,"2026-09-28 15:18:58",1846.9,2,almazsakhapov
1572,16765601,"Dinesh Makireddy 7389","2026-09-28 06:44:01",1846.8,2,dineshmakireddy7389
1573,16942378,"Cheese Burgers","2026-09-25 03:46:35",1846.2,2,"gaippi,mrkoolguy"
1574,16624484,"Tomoki Hirose","2026-09-24 15:50:38",1846.0,2,tomokihirose
1575,16758316,"Roy Lo TW","2026-09-27 22:06:12",1845.2,2,roylotw
1576,16939190,Ichika,"2026-09-28 05:29:53",1845.2,2,natsue
1577,16628951,"Hiro Nomo","2026-09-25 07:31:45",1844.7,2,morinokuma3
1578,16685982,Snorf,"2026-09-26 14:37:56",1844.7,2,snorfyang
1579,16766640,watana,"2026-09-24 13:39:25",1844.6,2,yukiwat
1580,16852766,MCZK,"2026-09-28 06:59:02",1844.5,2,hitoshimochizuki
1581,16918941,"E-Max AI","2026-09-28 16:42:01",1843.6,2,royalacecat
1582,16924480,Manasa.ai,"2026-09-27 16:06:28",1843.3,2,manasaai
1583,16690923,"Maqsoud Tawaliou","2026-09-27 04:45:03",1842.7,2,maqsoudtawaliou
1584,16806862,JudyWatermelon,"2026-09-24 23:56:16",1841.9,2,judywatermelon
1585,16659464,"Héctor Valverde","2026-09-28 08:09:59",1841.9,2,hvpareja
1586,16723096,Shabuuu,"2026-09-25 13:55:51",1841.1,2,shabuuu
1587,16635744,XDang13,"2026-09-24 16:52:57",1839.2,2,xdang13
1588,16817518,Dresden,"2026-09-25 02:29:39",1839.2,2,dresdeng
1589,16640873,"Takumu Hata","2026-09-27 03:18:32",1838.5,2,takumuhata
1590,16847304,"eryue shisi","2026-09-28 05:51:05",1838.4,2,eryueshisi
1591,16932366,"Mehrdad Naderi","2026-09-28 18:02:43",1838.4,2,mehrdadnaderi
1592,16718033,TheMightiestMan,"2026-09-28 17:26:06",1838.0,2,themightiestman
1593,16863974,suteno,"2026-09-26 10:28:04",1838.0,2,sutekikano
1594,16655477,Aurora,"2026-09-28 15:01:47",1838.0,2,"niteshranjansingh,themeghajoshi"
1595,16730881,hank0123,"2026-09-28 13:26:00",1838.0,2,hank0123
1596,16784420,renyxin,"2026-09-28 16:58:18",1836.9,2,renyxin
1597,16883168,jojo,"2026-09-26 23:54:13",1836.9,2,jojojablon
1598,16763669,cm391,"2026-09-24 22:20:58",1836.5,2,mccocoful
1599,16630331,"Mohamed El-Nageeb","2026-09-28 14:12:12",1836.2,2,thelastsmilodon
1600,16644808,"Rotation Theory","2026-09-28 09:14:40",1836.2,2,mikhsank
1601,16761875,"Eugen Nekhai","2026-09-27 17:34:36",1835.9,2,eugennekhai
1602,16909097,"Yaoxiang Li","2026-09-27 04:37:11",1835.7,2,lzyacht
1603,16744979,"Ahmed Alhassan","2026-09-13 21:51:58",1835.1,2,ahmed55
1604,16930394,"civil 11","2026-09-28 17:04:59",1835.0,2,civil11
1605,16764499,"Edwards Neuron","2026-09-28 01:40:16",1835.0,2,edwardsneuron
1606,16700767,tkpmnlms,"2026-09-28 17:28:21",1834.7,2,"emorgunov,mikhailkachalin,roniuhle"
1607,16720056,"Heads or Tails","2026-09-28 17:53:17",1834.5,2,headsortails
1608,16859757,"Nathan Jacob","2026-09-28 07:35:02",1832.9,2,nathanjacob
1609,16682183,lihaha.36,"2026-09-28 00:20:23",1832.7,2,lihaha36
1610,16732763,"Raihan Ramadistra","2026-09-26 04:44:16",1832.5,2,raihanramadistra
1611,16651331,"Mohamed Saeed","2026-09-24 17:00:06",1832.5,2,m0sm71
1612,16638804,"Anhad Mahajan","2026-09-28 14:35:55",1832.4,2,anhadmahajan06
1613,16885832,"Soshi Uejima","2026-09-24 14:09:29",1832.1,2,assdafa1223
1614,16946853,"BAHUMANYA R G","2026-09-25 11:58:12",1832.0,2,bahumanyarg
1615,16652659,Eos,"2026-09-28 17:20:04",1831.6,2,vvickeyy
1616,16668227,Yusuraume,"2026-09-28 17:07:05",1831.5,2,sugitatomohiko
1617,16737482,Lindicaphxag,"2026-09-28 08:53:13",1830.9,2,oblivicore
1618,16644578,"Team Name","2026-09-27 02:24:33",1830.9,2,baytree1238
1619,16654196,"Aryaman Chokhani","2026-09-24 08:41:08",1830.6,2,"aryamanchokhani,pranrocky"
1620,16694138,Alex,"2026-09-24 17:32:04",1830.5,2,alex789
1621,16698308,"Gemini IS ALL YOU NEED","2026-09-28 08:59:48",1830.4,2,"jacqueszhelinzhang,yuan800"
1622,16718745,"Vishwamitra Mishra","2026-09-27 20:43:14",1829.9,2,vishwa007
1623,16677423,songling,"2026-09-28 11:37:49",1829.9,2,"lvbingrong,oralia"
1624,16657100,"Jacky Chan","2026-09-24 23:27:04",1828.4,2,jhkchan
1625,16913081,"Danil Bashkirov","2026-09-26 16:55:59",1827.4,2,chieph
1626,16730223,Ojaswy,"2026-09-28 17:04:22",1827.4,2,ojaswy
1627,16705431,"Thuận Đoàn Vũ","2026-09-28 07:04:46",1827.3,2,thunonv
1628,16806160,"Hamza Atique ","2026-09-26 15:34:27",1827.2,2,hamzaatique
1629,16655688,"Ryan Shan","2026-09-25 22:27:11",1827.0,2,codegold
1630,16886627,caintly,"2026-09-28 13:31:43",1826.7,2,eyesad
1631,16693342,takemo,"2026-09-28 13:02:08",1826.3,2,takemoriyuto
1632,16756153,"🪏Harvest Moon","2026-09-28 09:57:28",1825.8,2,"bbrage,bobmyersthesecond,wguesdon,yutomuroshima"
1633,16925097,deeptrace12,"2026-09-28 14:34:27",1824.8,2,"deeptrace12,je2wak,neonmatrix6,rdwan3"
1634,16846525,Dwaslaop,"2026-09-28 15:26:19",1824.7,2,"dwaslaop,haorunjia"
1635,16823938,InSociEUP,"2026-09-24 14:38:59",1824.7,2,santanubanerjee9
1636,16674312,yuxuan,"2026-09-28 15:08:10",1824.6,2,yuxuan1221
1637,16683936,Cyrus,"2026-09-28 17:20:56",1823.2,2,jamalsaeedi
1638,16621165,"xisheng feng","2026-09-28 07:53:31",1823.1,2,xishengfeng
1639,16659467,AlexMoura2026,"2026-09-28 18:13:16",1822.5,2,alexmoura2023
1640,16865168,"Maksym Bilychenko","2026-09-25 20:38:06",1822.5,2,mbilichenko
1641,16795131,XuanxuChem,"2026-09-28 13:20:22",1821.9,2,zhaonoah
1642,16867370,jasonyoung,"2026-09-25 21:22:54",1821.5,2,jasonyoung66
1643,16832555,"Yanxi Teng","2026-09-28 17:15:15",1821.2,2,yanxiteng
1644,16809194,Ajanraj,"2026-09-23 17:48:10",1820.9,2,ajanraj25
1645,16641372,ShoaibSSM,"2026-09-24 17:10:08",1820.9,2,"naveenlx111249971939,shoaibssm"
1646,16948957,KIT0,"2026-09-26 17:24:47",1820.6,2,kit024
1647,16772460,"Дмитрий Онин","2026-09-27 02:00:16",1820.5,2,rejo1ce
1648,16785523,Doranap,"2026-09-27 17:51:41",1820.1,2,doranap
1649,16668532,"Nir Aberman","2026-09-25 04:13:41",1819.8,2,niraberman
1650,16792410,"Taewoong Kim","2026-09-27 03:09:19",1819.8,2,aleaiest
1651,16841940,"Hakkı Besim Bardakçı","2026-09-25 13:53:39",1819.6,2,xdebron
1652,16624339,"Дворкин Евгений Владимирович","2026-09-26 11:12:33",1818.8,2,evgendvorkin
1653,16866933,tech-Mira,"2026-09-28 13:32:11",1818.4,2,itsukiito
1654,16904028,BraydenPikachu,"2026-09-28 11:27:44",1818.4,2,braydenpikachu
1655,16660220,tomo11111,"2026-09-28 04:35:58",1818.4,2,tomo11111
1656,16773098,Apa,"2026-09-28 10:18:25",1818.1,2,yasso1
1657,16858418,"Nguyễn Công Tuấn","2026-09-28 04:08:48",1818.1,2,nctuan
1658,16659328,"Muhammed Ashiq Abdul Khader","2026-09-25 15:00:27",1817.5,2,ashiqabdulkhader
1659,16844148,Ethereal49,"2026-09-26 07:49:26",1817.3,2,ethereal49
1660,16805949,Bigplanedoesnotflyfast,"2026-09-28 12:14:58",1817.2,2,ronav48902753425
1661,16731270,"Arthurs Torres24","2026-09-28 09:26:02",1817.1,2,arthurstorres24
1662,16764394,haseryooooo,"2026-09-28 10:50:02",1817.0,2,haseryooooo
1663,16936848,spy007,"2026-09-27 13:55:49",1817.0,2,"py1603300133,syhsyh123"
1664,16626191,"kevin park","2026-09-25 12:19:27",1816.8,2,k3v1npark
1665,16939044,pioneerqaz,"2026-09-25 16:26:40",1816.3,2,pioneerqaz
1666,16937798,"Semih Temiz","2026-09-28 12:32:27",1815.9,2,semhtemiz
1667,16714401,"Ivo Georgiev","2026-09-28 14:00:38",1815.6,2,ivogeorg
1668,16655582,"Yang Jinneng","2026-09-27 07:28:44",1814.7,2,adurey
1669,16758381,"Yang Kuang Ou","2026-09-25 09:23:02",1814.4,2,yangkuangou
1670,16653068,"Shuichi Fushimi","2026-09-28 13:35:44",1814.0,2,shuichifushimi
1671,16692845,"Yassine Ben Zekri","2026-09-24 21:18:48",1813.7,2,yassinebenzekri
1672,16919647,moo_&yuu1,"2026-09-28 16:12:54",1813.4,2,"a91zjy,mooyuu"
1673,16701685,shawloong,"2026-09-25 01:14:31",1813.2,2,shawloong
1674,16946666,"Pengfei Yan ","2026-09-28 10:59:42",1812.1,2,pengfeiyan
1675,16735252,LagrangianLocomotive,"2026-09-24 20:22:02",1812.0,2,lagrangianlocomotive
1676,16789990,SA,"2026-09-28 04:11:49",1811.1,2,soheiarisaka
1677,16623875,"Pavlo Ivanin","2026-09-25 06:21:37",1811.0,2,pavloivanin
1678,16738298,tomo0608,"2026-09-25 14:46:56",1810.9,2,tomo0608
1679,16632172,Ayodeji,"2026-09-27 11:03:20",1810.3,2,ayodejiibrahimlateef
1680,16661708,"Stanley Honkpehedji","2026-09-28 15:01:28",1809.9,2,stanleyhonkpehedji
1681,16661050,Master_S1ave,"2026-09-27 14:54:48",1809.6,2,masters1ave
1682,16689599,Ryvven,"2026-09-26 20:13:01",1809.1,2,unethicalmk
1683,16622242,"Robert Koval","2026-09-27 08:34:05",1807.9,2,robertkoval
1684,16634026,"Mike Kim","2026-09-26 15:44:55",1807.7,2,mikeskim
1685,16870461,Fumi,"2026-09-28 17:01:47",1806.6,2,cheersbeer
1686,16660209,"Whyme Labs","2026-09-26 02:31:05",1806.1,2,whymelabs
1687,16831965,"Ray Roberts","2026-09-24 01:04:13",1806.0,2,rayroberts
1688,16636756,"K.THARUN KUMAR","2026-09-28 17:46:20",1806.0,2,tharunkumar369
1689,16631967,vecxoz,"2026-09-24 17:42:44",1805.9,2,vecxoz
1690,16921557,"Terry Duan","2026-09-24 21:21:44",1805.2,2,xueyueicu
1691,16663999,"Colton Martin","2026-09-28 17:20:10",1803.7,2,coltonmartinnn
1692,16865317,"sunil kumar","2026-09-28 15:45:28",1803.6,2,sunil123kumar
1693,16765233,Shun,"2026-09-28 04:53:07",1803.1,2,shunchan0677
1694,16754567,"Ashraf 1232","2026-09-26 19:18:39",1803.1,2,ashraf1232
1695,16638557,"Araik Tamazian","2026-09-25 06:41:49",1802.7,2,atamazian
1696,16779067,fishwg,"2026-09-28 04:21:41",1802.6,2,fishwg
1697,16747408,すずき,"2026-09-28 17:44:59",1802.3,2,shumpeace
1698,16947057,jfhjfgjhfj,"2026-09-25 07:29:39",1802.2,2,jigsawpuzzle
1699,16745138,yok,"2026-09-28 16:36:49",1801.8,2,yokoinaba
1700,16663668,"Tahsin Arafat","2026-09-26 10:41:50",1801.2,2,tahsinarafat
1701,16931907,"Nokubonga Ngema","2026-09-22 20:13:20",1800.3,2,nokubongangema
1702,16841434,soraemon,"2026-09-28 18:10:55",1800.3,2,soraemon
1703,16945907,"yuki ogata","2026-09-28 03:06:14",1800.2,2,yyogata
1704,16656337,"Prashant Kikani","2026-09-28 02:27:38",1799.9,2,prashantkikani
1705,16717114,uninhibited-scholar,"2026-09-28 02:51:58",1799.3,2,uninhibitedscholar
1706,16624056,Raggriculture,"2026-09-26 10:42:52",1798.8,2,ravi123a321at
1707,16730578,BostonKaggle,"2026-09-27 19:22:59",1798.0,2,"isthereanycode,lynnkim0"
1708,16678534,"Filip Strzałka","2026-09-28 05:05:30",1798.0,2,snufkin77
1709,16709435,"Artyom Lyan","2026-09-24 09:36:10",1797.8,2,arli2016
1710,16636079,"Pawan Rama Mali","2026-09-28 14:35:30",1797.4,2,pawanmali
1711,16784401,east,"2026-09-28 15:40:23",1796.1,2,eastxe
1712,16661994,"Suvrat Rai","2026-09-26 06:47:52",1796.0,2,suvrat11rai
1713,16660046,"Ikki Katsuyama","2026-09-27 12:05:35",1794.7,2,kacchanwriting
1714,16758895,daphne,"2026-09-27 03:35:49",1794.7,2,daphne4sg
1715,16849801,tq1d,"2026-09-28 17:39:02",1794.6,2,haya03010
1716,16749605,SoedaHaruto,"2026-09-28 15:09:56",1794.6,2,soedaharuto
1717,16675493,"Ryotaro Minato","2026-09-27 01:15:32",1794.0,2,ryotarominato
1718,16709463,MKhlystun,"2026-09-26 15:26:51",1793.5,2,mkhlystun
1719,16693045,"Huseyin Battal","2026-09-25 00:07:14",1793.5,2,huseyinbattal
1720,16674385,"qr farm","2026-09-26 19:18:00",1793.1,2,qrz1201
1721,16623533,xthixsl_ml,"2026-09-28 03:26:11",1792.4,2,xthistle999
1722,16664359,Nightingale,"2026-09-27 17:42:36",1791.0,2,apilkhadka
1723,16948146,tsuka3a_soc,"2026-09-28 10:22:15",1790.9,2,tsuka3asoc
1724,16740263,4H,"2026-09-27 08:01:33",1790.9,2,scottweeden
1725,16842384,"Muhammad Mirza Darma Putra","2026-09-27 13:02:25",1790.3,2,mirzadarma
1726,16928491,weihewo,"2026-09-28 05:45:25",1790.2,2,weihewo
1727,16634952,"Igor Zharov","2026-09-28 15:15:09",1790.0,2,flexonafft
1728,16849330,"Ian Wang","2026-09-28 07:29:26",1790.0,2,ianwang1204
1729,16661607,choqui62,"2026-09-28 12:47:24",1789.5,2,choqui62
1730,16668260,"Yangle Ma","2026-09-28 11:38:01",1789.4,2,yanglema
1731,16668789,qaq7864,"2026-09-25 06:23:51",1789.3,2,qaq7864
1732,16687363,"elegantangel (628700)","2026-09-26 08:56:15",1788.4,2,elegantangel
1733,16662121,One-For-All,"2026-09-26 01:56:52",1787.6,2,"akankshatiwari2803,indarkarhana"
1734,16727182,FinalSunFlower,"2026-09-28 12:29:20",1787.4,2,"finalsunflower,wubingheng"
1735,16724298,Orig_lab,"2026-09-24 10:30:26",1787.2,2,chengxixixi
1736,16747161,wqlun06,"2026-09-27 12:55:45",1787.0,2,wqlun06
1737,16709967,Matsu,"2026-09-28 16:15:41",1786.4,2,matsuzawahayato
1738,16936688,"avinash singh","2026-09-28 08:30:30",1786.2,2,avszoom
1739,16730577,"Team Rocket’s Orbital Farm","2026-09-28 00:26:18",1786.1,2,koheitsutsumi
1740,16944820,Nikouo,"2026-09-25 06:20:36",1785.5,2,nikouo
1741,16847706,takumina,"2026-09-26 10:19:02",1785.2,2,takuminakamatsu
1742,16668761,"Lorenzo Regalado","2026-09-26 15:58:52",1785.0,2,lregaladohdez
1743,16668152,ksew364,"2026-09-24 09:24:05",1784.8,2,ksew364
1744,16655423,"Roland Luethy","2026-09-27 15:04:02",1784.8,2,rluethy
1745,16664459,gngnher,"2026-09-28 03:38:52",1784.7,2,ryanshunsuke
1746,16734914,bharat,"2026-09-25 18:08:02",1784.4,2,bharatmohan
1747,16718480,PLReddy23,"2026-09-26 17:08:47",1784.4,2,plreddy23
1748,16924338,tyvallo,"2026-09-27 12:19:30",1784.1,2,"tyvallo,vornilo,xerlavo,zovrita"
1749,16895147,"DL Julius","2026-09-27 09:32:56",1783.7,2,dljulius
1750,16702275,Joyal,"2026-09-28 15:15:13",1783.5,2,joyalseejo
1751,16660137,Densike,"2026-09-28 17:19:29",1783.4,2,densike
1752,16782520,Durian,"2026-09-27 12:14:59",1781.7,2,rainyjin
1753,16921300,tamakawa,"2026-09-28 18:28:16",1781.3,2,tantantama1192
1754,16730720,broccoli,"2026-09-28 10:26:17",1780.9,2,norihori0917
1755,16784416,tatt:)ch,"2026-09-28 17:00:57",1780.8,2,"awewrasdffetfe,jay051012,tattch,yjy10086"
1756,16852342,"Minh Đăng Lê","2026-09-27 10:14:51",1779.8,2,minhngle
1757,16838370,aqua,"2026-09-28 17:55:31",1779.6,2,aquaaqua11
1758,16684641,t.me/aetheranime,"2026-09-28 09:59:02",1779.3,2,yfrite
1759,16711752,"Atakan Aldemir","2026-09-28 11:31:03",1779.0,2,atakanaldemir
1760,16887107,"Crazy Spirits","2026-09-28 16:31:34",1778.4,2,latents
1761,16640472,"Vsevolod Rakita","2026-09-27 06:21:08",1777.9,2,vsevolodrakita
1762,16919088,M.Y.C.E.L.I.S,"2026-09-28 11:33:15",1777.7,2,johnmoncel
1763,16687159,Max64738CB,"2026-09-28 17:24:30",1777.6,2,max64738cb
1764,16709339,"Mohammad Javad Dianat","2026-09-28 17:21:42",1777.0,2,dianatofficial
1765,16918411,"Gautier Marti","2026-09-28 06:22:50",1776.5,2,gautiermarti
1766,16772391,"Jinhan Gao","2026-09-27 11:21:18",1776.2,2,jinhangao
1767,16716533,wiffany,"2026-09-28 11:01:22",1776.1,2,wiffany
1768,16827224,"[HSE Lyceum ML] zaepupno","2026-09-28 13:35:27",1776.0,2,daniilgoryushin
1769,16693942,"Lisan al-Gaib","2026-09-28 09:27:56",1776.0,2,azrihasin
1770,16643319,Jules,"2026-09-28 11:15:49",1775.1,2,julesvanligtenberg
1771,16920678,qinsuikang,"2026-09-28 16:18:30",1774.3,2,"qinsuikang,tudousisi"
1772,16906728,"Konstantin Zhar","2026-09-28 14:32:59",1774.3,2,zharkd
1773,16659540,"Goua Henri","2026-09-28 07:10:04",1773.8,2,gouahenri
1774,16631215,私立ホルスタイン学園,"2026-09-28 05:44:36",1773.6,2,hiranorm
1775,16662618,"Soledad Santiago","2026-09-27 20:59:36",1773.3,2,soledadsantiago
1776,16889522,nyayassist,"2026-09-28 01:42:46",1773.2,2,"gauravnagotanekar,raneyash"
1777,16668162,AlejandroAlvarez,"2026-09-28 13:46:18",1772.6,2,theworm
1778,16843203,"Liyi xin jie","2026-09-28 06:28:12",1772.3,2,liyixinjie
1779,16675671,Marlubie,"2026-09-28 11:23:42",1771.4,2,kchuang
1780,16903770,UYHHHHYu,"2026-09-23 13:20:49",1770.9,2,yhhhhyu
1781,16904984,"Andrej Angelovski","2026-09-22 17:23:18",1770.9,2,cybertiger7
1782,16856778,"Johnathan King","2026-09-26 23:27:35",1770.8,2,johnathanking1278
1783,16773026,アルモンド,"2026-09-27 06:25:55",1770.2,2,almondman0707
1784,16663214,"Mathieu W","2026-09-28 08:16:05",1769.0,2,mathieuw
1785,16634462,"Yash Marathe","2026-09-23 13:27:14",1768.9,2,maratheyash
1786,16914006,Stefano,"2026-09-28 13:08:40",1768.4,2,stefanojp
1787,16657657,ArnabKarmakar,"2026-09-28 04:04:59",1768.3,2,arnabkarmakar
1788,16722378,waticson,"2026-09-27 14:55:04",1768.2,2,yutodennou
1789,16647438,"Aderian Setiawan","2026-09-26 07:37:57",1767.4,2,aderiannovito
1790,16760244,"Alex Paul","2026-09-27 18:50:13",1767.1,2,alexazander
1791,16707453,"Kaan Dınız","2026-09-28 11:42:28",1766.8,2,kaandnz
1792,16855295,zhudong1949,"2026-09-28 15:52:49",1766.0,2,zhudong1949
1793,16713797,CrazyDave111,"2026-09-27 18:44:35",1765.9,2,crazydave111
1794,16723379,local,"2026-09-23 07:32:48",1765.7,2,matteo123383iend
1795,16840617,RyotaroAbe,"2026-09-24 15:17:52",1765.5,2,ryotaro45123
1796,16949339,Kuriboh,"2026-09-27 06:59:23",1765.2,2,cauchyeix
1797,16841708,toku,"2026-09-23 15:31:55",1764.6,2,tokurr
1798,16631978,"batuhan kalem","2026-09-22 19:02:41",1764.2,2,batuhankalem
1799,16653093,"willam wu","2026-09-27 12:42:46",1763.6,2,biaaib
1800,16920069,"arar tawil","2026-09-27 13:36:15",1763.4,2,araraltawil
1801,16627888,atl132,"2026-09-28 07:34:07",1763.3,2,atl132
1802,16632735,"No Free Lunch, Only Melons","2026-09-24 14:02:17",1762.3,2,kawaharataishi
1803,16740892,"yuki matsumori","2026-09-28 18:09:05",1761.8,2,yukimatsumori
1804,16941364,anto,"2026-09-28 12:35:49",1761.3,2,"yeohzhonghanervin,yueyaozzz"
1805,16665416,"zeyu lau","2026-09-22 12:23:19",1761.3,2,zeyulau
1806,16935521,闰土和‌猹‌,"2026-09-26 17:18:59",1760.4,2,"fenghanxiang,zzh13332470923"
1807,16897501,"I'm Fine.","2026-09-26 03:10:36",1760.2,2,zkheart
1808,16689186,NCK,"2026-09-28 09:06:31",1760.1,2,drnchaitanyakumar
1809,16779977,sue124,"2026-09-28 16:49:05",1759.9,2,ryotasueyoshi
1810,16633069,"Nur Srijan","2026-09-25 15:27:30",1759.6,2,nursrijan
1811,16859034,wayg9odysseus,"2026-09-24 18:56:46",1758.9,2,wayg9odysseus
1812,16700068,"My Little Pony","2026-09-28 14:47:29",1758.4,2,"buxiangzaoqi66,juliezhang131,yaoyilv"
1813,16881395,nikotin55,"2026-09-28 17:57:49",1758.3,2,"isaevsemyon,nikotin55,remihrf"
1814,16698206,"Bark at the Barnyard","2026-09-28 12:07:05",1758.3,2,mming0430
1815,16707057,tamo,"2026-09-26 11:43:13",1757.8,2,ryotakasuya
1816,16741113,kaitle,"2026-09-28 04:40:36",1757.4,2,kaitle
1817,16756972,"Đức Hải Hà","2026-09-28 11:43:30",1757.2,2,tankinguyen
1818,16842300,fanmili,"2026-09-28 08:27:03",1757.0,2,fanmili
1819,16871967,"Md Arafat #2","2026-09-28 13:54:52",1756.6,2,arafat362
1820,16744842,juisajdiasd,"2026-09-27 14:55:54",1756.5,2,juisajdiasd
1821,16698294,"John Doe","2026-09-25 01:10:36",1756.1,2,johndoe90843
1822,16755654,oQo,"2026-09-27 09:58:11",1755.8,2,oqoxodk6
1823,16936225,Holeon,"2026-09-26 17:05:58",1755.8,2,holeon
1824,16876126,1fan,"2026-09-28 14:34:16",1753.9,2,wurrfv
1825,16769116,qiuqiu,"2026-09-28 11:07:09",1753.5,2,qiuqiuh
1826,16630251,"Handry Novianto","2026-09-24 08:49:02",1753.2,2,handrynovianto
1827,16630274,yutoAb,"2026-09-28 08:15:40",1752.3,2,yutoab
1828,16722399,"Meta learners","2026-09-28 17:33:12",1752.2,2,aditya2909rb
1829,16741527,meiyoun,"2026-09-28 09:03:57",1752.0,2,"guetsg,meiyoun,miraclehat"
1830,16924069,levshaazz,"2026-09-28 10:12:14",1751.9,2,levshaazz
1831,16825002,RAVEN,"2026-09-28 09:54:51",1751.6,2,silverlxt
1832,16948745,"Nero Nrx","2026-09-28 08:48:56",1751.5,2,neronrx
1833,16641171,"Sadettin Şamil Verdil","2026-09-28 13:59:38",1751.2,2,sadettinamilverdil
1834,16755203,TY0912,"2026-09-28 02:03:26",1750.2,2,samejimatink0
1835,16730045,渡邊征央,"2026-09-25 05:47:50",1749.8,2,undertaker3409
1836,16743136,unhappy,"2026-09-26 15:29:43",1749.4,2,chenyahui123
1837,16689430,"Terry Luo","2026-09-28 18:22:09",1749.4,2,eimhluo1764
1838,16937599,"Swasembada Pangan","2026-09-24 16:17:30",1748.3,2,fathurachmadhanafi
1839,16776505,"Duck Typing","2026-09-28 17:31:47",1748.0,2,ahmadamindw
1840,16676114,Gekkotron,"2026-09-24 13:32:38",1748.0,2,gekkotron
1841,16848929,"Nikoo Yu","2026-09-28 03:32:06",1747.9,2,nikooyu
1842,16742149,"Ankith Savio","2026-09-25 22:13:45",1747.8,2,weedoo
1843,16641130,LitvinKA,"2026-09-28 07:29:03",1746.6,2,litvinka
1844,16698688,JeremiahMannings,"2026-09-24 04:03:51",1746.3,2,jmannings
1845,16924271,kitton,"2026-09-28 15:28:04",1746.0,2,kitton20250606
1846,16723528,"Singaraj B","2026-09-28 14:30:28",1745.9,2,singarajb
1847,16709712,iwa_hueai,"2026-09-28 02:01:16",1745.6,2,"sdcarson,yetanothercoder"
1848,16869614,"Szymon Miłosz","2026-09-27 03:01:10",1745.1,2,szymonmiosz
1849,16632867,"Rayk Kretzschmar","2026-09-24 23:30:25",1744.9,2,raykkretzschmar
1850,16746191,たがやす,"2026-09-24 11:34:09",1743.5,2,drktti
1851,16682867,sneaky6767,"2026-09-28 16:31:08",1743.4,2,sneaky6767
1852,16711376,"Arman Tuganbaev","2026-09-28 16:56:17",1742.9,2,armantuganbaev
1853,16644643,today,"2026-09-28 14:02:59",1742.3,2,today55
1854,16794753,"Yan #2","2026-09-27 14:27:05",1742.2,2,diskya
1855,16932757,yucho147,"2026-09-27 16:23:25",1742.1,2,yucho147
1856,16699722,Dicere,"2026-09-23 09:23:48",1742.1,2,thedark735
1857,16885735,keith,"2026-09-28 14:38:02",1741.8,2,kamatt
1858,16839902,"Sōsuke Aizen","2026-09-28 15:05:21",1741.6,2,"soukeaizenz,souvikdbiswas"
1859,16660735,"Bassel Elbahnasy","2026-09-28 17:30:34",1741.3,2,basselashraf
1860,16895464,WilsonPzx,"2026-09-28 16:43:45",1741.1,2,"lirongkun,wilsonpzx"
1861,16666571,"Zhengxu Yu","2026-09-24 09:26:27",1741.0,2,zhengxuyu
1862,16664217,Shushantw,"2026-09-23 14:34:39",1740.9,2,shushantw
1863,16622509,Ali,"2026-09-26 17:34:55",1740.8,2,asalhi
1864,16635504,"Datta Dhebe","2026-09-28 03:56:49",1740.8,2,dattadhebe
1865,16931893,IUT_BakeNekos【化け猫】,"2026-09-28 17:54:45",1740.5,2,"didhitinahid,farhanishraqq"
1866,16795798,"Refrain 1","2026-09-22 15:35:00",1739.7,2,"chisatoy,refrain1"
1867,16845907,yt0914,"2026-09-24 04:25:15",1739.6,2,yt0914
1868,16694110,"Team Amboss","2026-09-23 16:09:25",1739.1,2,alexphilippi
1869,16704466,"QQ Farming","2026-09-28 11:21:11",1738.9,2,"dzjiann,hdhsjdjd,keithtyser,mitubant,ngyzly"
1870,16790005,"Rohit Kumar Sahoo","2026-09-28 11:32:09",1738.1,2,rohit4118
1871,16638994,wpl,"2026-09-26 14:13:08",1737.9,2,peilwang
1872,16907246,VROPEXT,"2026-09-28 15:05:06",1737.7,2,vropext
1873,16747069,l'rug,"2026-09-25 16:10:12",1737.4,2,sdfsfsfsdf
1874,16896774,EPHEMORIA,"2026-09-25 09:29:13",1737.1,2,ephemoria
1875,16657877,zigiella,"2026-09-28 10:41:39",1736.4,2,zigiella
1876,16774075,"Mohammad Yaser Hussain","2026-09-24 11:10:55",1736.4,2,mohammadyaserhussain
1877,16669256,Shivam_2212,"2026-09-28 15:04:37",1736.2,2,shivam2212
1878,16692185,"Xu Suyi","2026-09-28 12:05:16",1735.3,2,xuyuhaosuyi
1879,16631421,cg,"2026-09-22 14:31:09",1735.2,2,chaitanyagarg2
1880,16913949,"Tejash Prakash","2026-09-27 07:58:39",1735.1,2,tejashxprakash
1881,16697185,"Prince Special","2026-09-28 15:18:49",1734.9,2,temitayogbolahan
1882,16736985,Colt,"2026-09-26 16:59:14",1734.6,2,nht1990
1883,16664239,VK_Kaggriculture..StartCompet,"2026-09-28 06:02:02",1734.6,2,venkatkumar001
1884,16677518,"Khor Yin Loon","2026-09-28 01:49:20",1734.2,2,khoryinloon
1885,16655316,Nader,"2026-09-28 15:13:50",1734.2,2,naderamin
1886,16911078,Tolgii,"2026-09-26 06:56:06",1734.0,2,tolgakiremit
1887,16632262,Milkomeda,"2026-09-25 08:42:16",1733.8,2,milkomeda74583
1888,16838479,"Sufi Afifi","2026-09-28 11:24:20",1733.5,2,emrys21
1889,16896224,"Rajveer Singh Rajput","2026-09-26 15:58:34",1733.4,1,rajveersrajput080
1890,16760990,naren_v,"2026-09-28 07:58:07",1733.1,2,varuthakari
1891,16623400,Less,"2026-09-23 04:33:03",1733.0,2,jiaoyouzhang
1892,16728571,hasibirok0,"2026-09-25 12:25:55",1732.2,2,hasibirok0
1893,16809294,Cherie01,"2026-09-28 13:54:36",1732.0,2,cherie01
1894,16634104,FarmGoose,"2026-09-27 22:25:20",1730.2,2,yizhanglou
1895,16663867,"Stephen Schott","2026-09-28 12:36:33",1729.4,2,steve421471
1896,16669123,"Alex #2","2026-09-24 12:40:04",1729.1,2,alxdfy
1897,16659550,"Sai Syam","2026-09-24 09:02:08",1728.5,2,saisyam
1898,16862096,"Saksham Gupta","2026-09-26 19:01:26",1728.5,2,mashug
1899,16728160,Ozi,"2026-09-27 00:34:36",1728.3,2,muhammaduzair21
1900,16751411,"lamb Liu","2026-09-25 13:57:23",1728.2,2,liuxiaohua72
1901,16858828,BlueSky_sora,"2026-09-28 16:23:49",1727.7,2,blueskysora
1902,16823942,"jiajun chi","2026-09-25 05:33:48",1727.3,2,jiajunchi
1903,16905517,Marti,"2026-09-24 01:00:51",1727.3,2,marticn
1904,16784608,shawenher,"2026-09-23 17:45:03",1727.2,2,shawenher
1905,16926473,"Illia Dolenko","2026-09-22 00:32:26",1726.8,2,illiadolenko
1906,16658830,"Farhat Pachisa","2026-09-25 11:39:11",1726.4,2,farhatpachisa
1907,16750448,"Ansh Agarwal","2026-09-25 16:03:14",1725.9,2,anshagarwal2616
1908,16852910,omoch1,"2026-09-25 09:35:30",1725.5,2,agecom
1909,16925842,Naoya,"2026-09-27 18:33:29",1724.8,2,takashimanaoya
1910,16775190,bianfu,"2026-09-27 23:05:46",1724.6,2,bianfu
1911,16709809,RiyaSoni20,"2026-09-28 17:21:43",1724.5,2,"riyasoni20,rudraamin06"
1912,16757064,"coke lu","2026-09-24 08:51:05",1723.6,2,cokelu
1913,16674831,"nk for work","2026-09-28 18:26:48",1723.5,2,nkforwork
1914,16927550,User1114,"2026-09-28 03:12:24",1722.6,2,lyboihh
1915,16912988,"Roy Zhu","2026-09-22 03:55:22",1721.6,2,roy0zhu0
1916,16798317,"Baran Akyıldız","2026-09-24 16:17:09",1721.5,2,baranakyldz
1917,16884467,jiangnanxn,"2026-09-23 18:43:49",1721.2,2,jiangnanxn
1918,16888260,"Ndabenhle Ngema","2026-09-25 02:15:27",1721.1,2,ndabenhlengema
1919,16732292,takaygiiiiiiii,"2026-09-28 13:20:03",1719.0,2,takaygiiiiiiii
1920,16864113,YYC3,"2026-09-23 10:47:51",1718.6,2,icongovo
1921,16635872,"Evgeniya Dmitrieva","2026-09-23 18:05:27",1717.6,2,evgeniyadm
1922,16890503,KevinYongxin,"2026-09-28 02:05:34",1717.5,2,yongxinkwan
1923,16621243,"Jesse Bullard","2026-09-27 05:00:36",1716.8,2,jessebullard
1924,16752082,"Tian hao Qing Nano7ko","2026-09-24 08:44:08",1716.6,2,tianhaoqingnano7ko
1925,16848970,massi0411,"2026-09-28 17:07:42",1716.5,2,massi0411
1926,16655150,"Benjamin H Pepper","2026-09-24 11:34:27",1716.4,2,bhpepper
1927,16655796,"dijia zhang735","2026-09-26 16:04:26",1715.8,2,dijiazhang735
1928,16746010,"Khoi Tuan Nguyen","2026-09-23 15:06:41",1715.7,2,khoingt
1929,16926108,"Pavan G","2026-09-28 18:11:39",1715.6,2,exemplar
1930,16863350,"Horatio Eversfield","2026-09-28 18:19:20",1714.9,2,horatioeversfield
1931,16732714,Mforg,"2026-09-25 03:26:51",1714.4,2,mforg74911
1932,16791977,JeremyLIU858,"2026-09-28 18:00:17",1714.3,2,jeremyliu1997
1933,16842747,314?,"2026-09-24 08:51:31",1713.7,2,elshahed
1934,16861198,Eggplanck,"2026-09-28 15:27:07",1713.6,2,gyozzza
1935,16879185,"xuhang ren","2026-09-27 05:25:05",1713.4,2,xuhangren
1936,16858208,linhaiy,"2026-09-27 00:21:14",1713.4,2,linhaiy
1937,16933123,dynatrixa,"2026-09-26 05:37:38",1713.3,2,"datacinder7,dynatrixa,veltronic"
1938,16892118,DsLiner,"2026-09-25 15:12:41",1712.3,2,dsliner
1939,16810306,"Asy Mortenson","2026-09-25 19:53:34",1711.9,2,asymortenson
1940,16671292,Yuyajk,"2026-09-24 05:39:41",1711.5,2,yuyajk
1941,16809211,"Aleix López","2026-09-28 15:05:47",1711.3,2,aleixlopez
1942,16906651,Izumi_LP,"2026-09-28 06:39:53",1711.2,2,amememe
1943,16660251,Yagawa,"2026-09-28 15:31:30",1711.1,2,yagawa
1944,16626093,"Pilkwang Kim","2026-09-27 01:31:52",1711.1,2,pilkwang
1945,16932996,"Francisco Angulo de Lafuente","2026-09-25 22:30:06",1710.8,2,franciscoangulo
1946,16930858,LIUDIZHU,"2026-09-27 00:15:32",1710.8,2,liudizhu
1947,16741639,kirito83,"2026-09-28 16:45:46",1710.8,2,lishsh83
1948,16767360,"Sinh Nguyễn Đức","2026-09-28 11:37:05",1710.6,2,sinhnguync
1949,16772678,SuppliLion,"2026-09-28 01:20:42",1709.8,2,supplilion
1950,16938980,24110231_pyongjoo,"2026-09-28 16:35:56",1709.6,2,assistonia
1951,16936396,olHwHlo,"2026-09-26 07:44:32",1709.5,2,olhwhlo
1952,16681116,Kagamihara,"2026-09-26 01:45:41",1709.2,2,kagamihara
1953,16668071,"Ali Eren Oğuztaş","2026-09-28 03:30:17",1708.4,2,alierenouzta
1954,16851133,"Bryan Pauze","2026-09-28 13:51:07",1708.2,2,bryanpauze
1955,16715933,Scomics,"2026-09-28 12:02:28",1707.8,2,"bruceche7797,dongyiqun,jyxxxx"
1956,16623812,"SeshuRaju 🧘‍♂️","2026-09-27 07:28:40",1707.2,2,seshurajup
1957,16635340,"zhuo wamg","2026-09-28 16:21:52",1707.0,2,zhuowamg
1958,16742362,"AMANI DD","2026-09-28 17:32:09",1706.9,2,dkonan
1959,16935594,"wenya hao","2026-09-28 06:12:37",1706.9,2,wenyahao
1960,16821967,"Nakul Maurya","2026-09-28 14:06:05",1706.7,2,nakulmaurya
1961,16630713,"Grzegorz Sionkowski","2026-09-28 09:52:24",1706.4,2,sionek
1962,16840439,"God Se7en","2026-09-27 16:05:45",1706.4,2,godseven7
1963,16731940,xxxxyt,"2026-09-24 04:29:54",1705.9,2,"shengqinxi,xmxgxcs,xxxxyt"
1964,16841826,抵扣豆浆,"2026-09-27 15:31:37",1705.8,2,tootough
1965,16660485,tablecables,"2026-09-25 20:07:51",1705.5,2,colingaffney1
1966,16709468,"Andrey Chankin","2026-09-27 07:42:02",1704.8,2,bluepill
1967,16661325,"Max Fofanov","2026-09-25 12:31:58",1704.7,2,maxfofanov
1968,16647607,pumpkin,"2026-09-25 09:22:32",1704.6,2,gealachpumpkin
1969,16635818,F.A.Nina,"2026-09-28 11:14:21",1703.9,2,nina2025
1970,16725403,tabetai28,"2026-09-27 15:32:39",1703.8,2,taichiabewaseda
1971,16634088,Jet,"2026-09-25 09:54:52",1703.1,2,drkongvis
1972,16761693,nhatvo,"2026-09-23 01:07:47",1702.9,2,nhatvo
1973,16732537,Rapha,"2026-09-28 17:47:25",1702.3,2,raphaabels
1974,16671424,cicen1139,"2026-09-28 15:29:39",1702.0,2,cicen1139
1975,16730854,src,"2026-09-28 06:55:17",1701.8,2,skthtu
1976,16623378,"nvidia fan","2026-09-26 04:49:45",1701.7,2,outwrest
1977,16644229,"Amy Yuan","2026-09-28 15:22:05",1701.7,2,cozytato
1978,16623799,"Akhilesh godugu","2026-09-24 06:37:23",1700.9,2,"akhileshgodugu,ashokgodugu"
1979,16685743,"Alex Oranov","2026-09-28 11:13:03",1700.1,2,aoranov
1980,16761434,t07_noma,"2026-09-28 12:45:48",1699.9,2,t07noma
1981,16922832,"Zhang Feifan","2026-09-25 08:34:36",1699.8,2,zhangfeifan
1982,16938431,"ADRIANO ALMEIDA","2026-09-24 00:03:40",1699.5,2,adrianoalmeidaa
1983,16839422,Serendipity,"2026-09-27 07:30:13",1699.3,2,stringyixuxi
1984,16914801,milkdragon,"2026-09-28 12:44:11",1699.2,2,hhhhhhyc
1985,16689741,shinamonmon,"2026-09-24 07:38:25",1699.0,2,shinamonmon
1986,16665129,Doom,"2026-09-26 22:12:36",1698.8,2,"mr6436,sanskaarundale"
1987,16665357,XW,"2026-09-26 07:21:49",1698.7,2,xuewei
1988,16744837,JuliaGastellu,"2026-09-26 15:17:23",1698.0,2,juliagastellu
1989,16783740,ZiYiMing,"2026-09-24 11:53:34",1698.0,2,"kaibozhou,ziyiming"
1990,16823319,eviltsundera,"2026-09-28 15:04:47",1698.0,2,eviltsundera
1991,16663513,DLTLM,"2026-09-23 13:12:06",1696.8,2,"debayank2024,laveshjadon,laxmikantaroy,moumitaaaaaa,tarunraii"
1992,16657277,"Dude and Destroy","2026-09-24 03:39:44",1696.7,2,raymondbrookman
1993,16662380,"Brandon Calderon-Morales","2026-09-27 01:45:32",1695.9,2,bmoe640
1994,16767929,Timbydude,"2026-09-24 15:30:58",1695.6,2,timbydude
1995,16630984,TakamaruEX,"2026-09-28 15:00:07",1695.6,2,takamaruex
1996,16843582,isk54_34,"2026-09-26 05:25:07",1695.4,2,isk5434
1997,16655704,heinado,"2026-09-26 19:48:20",1695.1,2,heinado
1998,16806346,"Mike chen666","2026-09-26 04:54:57",1693.5,2,"mikechen666,tiffanyjade"
1999,16880664,"Nodir Xamdamov","2026-09-24 16:18:54",1693.4,2,nodirxamdamov
2000,16660988,"AI After Hours","2026-09-28 17:11:28",1693.3,2,"akshaythammana,mmehersaipreetam"
2001,16671454,Shadow,"2026-09-28 05:22:55",1692.7,2,uziahmd
2002,16708296,LUCKY2,"2026-09-28 12:15:53",1692.6,2,carolezountangni
2003,16936082,"H IMedit","2026-09-24 21:37:36",1692.4,2,himedit
2004,16843860,LH-and-FPGA,"2026-09-28 18:23:04",1692.2,2,lhandfpga
2005,16823251,"Khaled Yousef","2026-09-25 05:52:51",1692.2,2,recochet96
2006,16892682,"Yasuhiro Manai","2026-09-27 07:35:46",1692.1,2,yasu01
2007,16634432,KARGI,"2026-09-28 10:49:37",1692.0,2,learningkin
2008,16746632,tingyu516,"2026-09-28 10:38:50",1690.6,2,tingyu516
2009,16671017,"Pablo César Ruíz","2026-09-24 18:21:58",1690.6,2,pcruiher08
2010,16930688,"Solo Leveling","2026-09-26 14:05:00",1690.4,2,lingyuzhi
2011,16859496,KTAcosmo,"2026-09-28 18:00:14",1690.2,2,ktacosmo2kag
2012,16944065,"Wael El Ghazzawi","2026-09-22 23:05:10",1689.8,1,waelelghazzawi
2013,16921163,"Sam StSt","2026-09-22 06:30:05",1689.4,2,samstst
2014,16863512,YumeNeko,"2026-09-28 17:46:11",1689.2,2,kashiwaba
2015,16811251,poijio,"2026-09-28 13:12:54",1689.2,2,poijio
2016,16626814,"Vu Tran Hoang","2026-09-28 08:22:25",1688.8,2,hoangvux
2017,16779598,RiverStead,"2026-09-27 11:22:54",1688.4,2,riverstead
2018,16814375,"Yuta Eiki","2026-09-28 11:17:52",1688.4,2,wildauk
2019,16672456,hangglider5,"2026-09-24 07:49:26",1688.2,2,hangglider5
2020,16938859,Adequate_Echo,"2026-09-25 05:09:30",1686.4,2,adequateecho
2021,16818194,sugiharahara,"2026-09-24 15:33:48",1686.3,1,sugiharahara
2022,16732666,"Stefano Blando","2026-09-28 14:20:46",1685.9,2,stefanoblando
2023,16851186,kaerururu,"2026-09-28 15:19:31",1685.7,2,kaerunantoka
2024,16941777,"Ziming Wu","2026-09-23 08:55:56",1684.7,2,zimingwu
2025,16637031,"and more","2026-09-25 07:28:43",1684.7,2,kym2022
2026,16717255,Ryuuga89,"2026-09-25 15:08:51",1684.7,2,ryuuga89
2027,16871584,xder,"2026-09-27 11:26:09",1684.6,2,xderyeke393
2028,16683435,CoorDi,"2026-09-28 15:45:42",1684.5,2,bxy0125
2029,16732129,"payne yam","2026-09-23 01:46:06",1684.2,2,payneyam
2030,16898204,"MAHESH ISHRAN","2026-09-28 16:13:51",1684.0,2,iitm21f1003346
2031,16665294,"Thái Văn Tài","2026-09-28 03:13:28",1683.5,2,thivnti
2032,16678061,"Sushanth Tiruvaipati","2026-09-25 06:33:19",1683.4,2,sushanthtiruvaipati
2033,16622898,"sbol ball","2026-09-28 17:30:01",1683.4,2,"linearbasis,maksimkostritsya"
2034,16888093,"Alejandro Izaguirre","2026-09-24 20:35:33",1682.6,2,alejandroizag
2035,16876853,PUN,"2026-09-26 17:24:20",1682.4,2,pshikk
2036,16751999,"Poorna Sai Dumpa","2026-09-28 15:28:21",1681.7,2,poornasaidumpa
2037,16655631,"Djamila Benchikh","2026-09-25 16:02:10",1680.7,2,djamilabenchikh
2038,16632612,Farmville,"2026-09-28 17:26:32",1680.3,2,rafaelfigueiredo13
2039,16923217,kou,"2026-09-28 15:57:32",1680.2,2,yuu111111111
2040,16676063,"Kembang Melon","2026-09-28 12:32:34",1680.2,2,wajawaja
2041,16667018,ZekeAlx,"2026-09-27 03:27:33",1679.8,2,alexthomas12345
2042,16652451,JackGong,"2026-09-28 10:41:58",1679.6,2,jackgong
2043,16737237,"Ayodeji Adesegun","2026-09-27 07:17:34",1678.2,2,ayodejiadesegun
2044,16734435,Economist,"2026-09-28 14:35:19",1678.0,2,jtheyogi
2045,16732690,なーでぃー牧場,"2026-09-28 16:44:45",1677.3,2,nadyresearcher
2046,16746599,Borrun,"2026-09-22 05:23:12",1677.0,2,borrun
2047,16765834,Oakzen,"2026-09-24 11:49:54",1676.9,2,gyx517120273
2048,16811900,"Brejesh Balakrishnan","2026-09-23 06:38:14",1676.7,2,brejeshbalakrishnan
2049,16920916,"wiki Alexander","2026-09-28 12:01:30",1676.6,2,wikialexander
2050,16829834,Luxuer,"2026-09-28 13:21:47",1676.6,2,luxuer
2051,16807108,dongdongunique2,"2026-09-28 18:16:58",1675.1,2,yinzhaoren
2052,16827859,"Ishraq Tanvir","2026-09-25 14:54:39",1674.9,2,ishraqtanvir
2053,16687824,"André Dkw","2026-09-24 21:05:42",1674.3,2,andrdkw
2054,16844004,"Takahiro Saito","2026-09-28 02:36:36",1673.4,2,takahiro3110
2055,16897489,"East Kowloon","2026-09-23 16:16:34",1673.2,2,"haydenmlh,veron0611"
2056,16796901,hanhan761,"2026-09-28 13:24:37",1673.2,2,"hanhan761,kiivii,noice12138,xiaobai0417"
2057,16736474,"Håkon Kjelseth","2026-09-23 09:18:48",1673.1,2,hkon2k
2058,16768143,KingDellaFarm,"2026-09-23 17:55:42",1673.1,2,"alessandrodestasi,disteroas"
2059,16867132,"Dilara Adıgüzel","2026-09-28 16:33:31",1671.8,2,dilaraadgzel
2060,16758982,Boredom,"2026-09-22 17:34:35",1671.4,2,"baodewen,cudacoding,elektromagnetizm,j12345673,mikeyu2026"
2061,16879166,NoDash,"2026-09-26 23:15:11",1670.9,2,nodash
2062,16853540,WUZB,"2026-09-23 03:14:03",1670.7,2,wzhengbiao
2063,16671738,Exposed,"2026-09-28 04:20:14",1670.4,2,erickeller2
2064,16931127,taipen,"2026-09-26 12:47:36",1670.1,2,pankhuri001
2065,16655686,Kyle,"2026-09-28 01:43:49",1669.6,2,kylezhouzhou
2066,16698069,k_4821,"2026-09-28 17:27:17",1668.8,2,edgarondoodevilclub
2067,16628765,"Kota Iizuka","2026-09-25 00:04:42",1668.8,2,kotaiizuka
2068,16737944,ToastUz,"2026-09-27 10:15:09",1668.7,2,tatsuzoosawa
2069,16664573,AdhithyaRokhith,"2026-09-25 17:29:38",1668.3,2,adhithyarokhith
2070,16714474,"Glenn Dalbey","2026-09-28 03:26:36",1668.1,2,glenndalbey
2071,16905685,小娃娃是娃娃里较小的娃娃,"2026-09-28 17:31:25",1667.4,2,xiewenwei29
2072,16838956,"Michael Brown","2026-09-26 19:51:50",1667.4,2,michaelbrown4343
2073,16657728,"T Soo","2026-09-28 17:49:32",1666.9,2,ttgrcgrc
2074,16659419,"Chahat Mehra","2026-09-26 17:53:15",1666.7,2,chahatmehra
2075,16625921,JinchengZhang1,"2026-09-27 01:29:31",1666.4,2,jinchengzhang1
2076,16944349,m_meles,"2026-09-23 16:04:45",1666.3,2,mmeles
2077,16923373,"kouhei mori","2026-09-23 13:22:14",1665.5,2,kouheimori
2078,16848063,"Yuan Weijun","2026-09-28 14:15:56",1664.8,2,yuanweijun
2079,16688979,"Dhayaney Vijayan","2026-09-21 18:04:43",1664.5,2,dhayaneyvijayan
2080,16676336,lemon13418,"2026-09-23 00:05:09",1663.9,2,lemon13418
2081,16841663,"Ryosei Hara","2026-09-26 23:45:14",1663.8,2,ryhara
2082,16828705,"liama liama","2026-09-28 18:11:58",1663.6,2,liamaliama
2083,16946537,"Roustoum Abdel Moula","2026-09-23 09:34:04",1663.6,1,roustoumabdelmoula
2084,16778744,"Shunsuke Hayashi","2026-09-28 05:50:46",1663.3,2,shunsukehayashi1993
2085,16640467,Catalyst,"2026-09-23 09:25:57",1663.1,2,vibekaggler
2086,16634803,hongzhouzhou,"2026-09-26 09:24:12",1663.0,2,afterrain42
2087,16888752,"edward john washins","2026-09-26 18:43:24",1662.9,2,edwardjohnwashins
2088,16723991,"James Holland","2026-09-28 13:05:38",1662.8,2,jkhollandjr
2089,16947886,"Rufeng Toxins","2026-09-23 14:01:48",1662.8,2,rufengtoxins
2090,16639971,"qi yun","2026-09-28 13:05:39",1662.6,2,qiyun280
2091,16872211,"Artem Bakalinskiy","2026-09-28 05:37:59",1662.3,2,artembakalinskiy
2092,16673881,"Sebastian Johansson","2026-09-24 15:36:56",1662.2,2,sebbejohansson
2093,16919030,"wenzhi liu","2026-09-23 03:25:11",1662.2,2,liuwenzhi
2094,16879253,Bldr2,"2026-09-27 16:08:00",1661.8,2,alphalin2010
2095,16682843,underline12311,"2026-09-23 04:27:15",1661.7,2,underline12311
2096,16659843,"Amer Alkhalili","2026-09-28 15:18:07",1661.3,2,ameralkhalili
2097,16662949,"Will English","2026-09-28 17:27:56",1661.1,2,dubascudes
2098,16631115,prvsiyan,"2026-09-27 09:57:30",1660.7,2,prvsiyan
2099,16794696,"Paul Bryan Elefante","2026-09-28 12:00:49",1660.5,2,heuljax
2100,16699082,Sakthei,"2026-09-20 13:41:34",1660.4,2,sakthei
2101,16863329,"Alvaro Mendizabal","2026-09-27 05:10:32",1660.1,2,alvaromendizabal
2102,16680172,TTANE,"2026-09-28 14:45:14",1659.1,2,otmaneelmahdaouy
2103,16670032,Kenjo1209,"2026-09-28 18:10:24",1658.9,2,kenjo1209
2104,16848588,"vibe coders","2026-09-26 07:10:12",1658.9,2,"caando,sheryllynntan"
2105,16712134,cf696666,"2026-09-28 03:08:35",1658.7,2,cf33333
2106,16735741,"Фермеры чист","2026-09-27 14:46:54",1658.5,2,"gdreallygoodman,maksonch1k"
2107,16778627,LXZ538,"2026-09-26 05:04:47",1657.7,2,lxz538
2108,16847247,月之光面,"2026-09-28 13:05:51",1657.2,2,cxcxcxcx
2109,16898500,"M Noxon","2026-09-18 21:46:34",1656.6,2,mnoxon
2110,16658665,ChandramouliNagasundaram,"2026-09-26 07:28:12",1656.6,2,"enginegeneral,mouliindian"
2111,16622422,ss,"2026-09-23 06:37:19",1656.2,2,forest2026
2112,16798974,huangbin,"2026-09-26 23:38:16",1656.1,2,huangbin1
2113,16764386,Troy_xx,"2026-09-27 07:41:14",1655.7,2,troyxx
2114,16688568,Sophie555,"2026-09-27 22:03:51",1654.9,2,sophie555
2115,16936519,Found,"2026-09-28 17:25:18",1654.6,2,seventeennine
2116,16675863,"Habib ullah","2026-09-28 15:17:21",1654.3,2,habibullah123456789
2117,16845736,Gio,"2026-09-27 17:58:35",1653.7,2,giovanizanfra
2118,16943704,"Qutaiba Kaleem","2026-09-28 15:21:07",1653.0,2,qutaibakaleem
2119,16692895,Manuf,"2026-09-25 13:01:40",1652.6,2,manuelferromorales
2120,16904371,Makhmudov_1602,"2026-09-22 10:40:41",1652.5,2,makhmudov1602
2121,16748941,"We Forgot To Water","2026-09-28 00:14:39",1652.4,2,"dearkarl,shuangxue"
2122,16880694,yuxian6666,"2026-09-23 13:00:16",1652.2,2,yuxian6666
2123,16706410,lixiaoxin25,"2026-09-25 07:20:08",1652.0,2,lixiaoxin25
2124,16945992,wwwwwwwwwwwwwwwwwwwwwwwwwwwwww,"2026-09-28 14:27:22",1651.7,2,wwwwwwwwwwwwwwwwwwww
2125,16852049,Tremble,"2026-09-22 02:07:51",1651.1,2,"aimeechen1,haoxuanwang12366,junsongzhang,qiyaoxu,yifuandonlyyifu"
2126,16838312,macaron,"2026-09-28 16:59:40",1650.8,2,hayatotech
2127,16940453,"HIbiki Awai","2026-09-22 13:57:50",1650.3,2,hibikiawai
2128,16848217,"Yang Bai","2026-09-23 11:23:39",1650.2,2,jackelysia
2129,16665864,kavipavi19,"2026-09-22 10:37:14",1649.9,2,kavipavi19
2130,16809323,"Naoki Yamada","2026-09-23 14:17:01",1649.7,1,naokiyamada1106
2131,16669490,hinemos,"2026-09-28 14:44:07",1649.7,2,hinemos
2132,16669632,"Kenneth Alonso","2026-09-27 13:16:12",1649.4,2,kennethalonso
2133,16907393,Logus,"2026-09-28 08:18:48",1649.4,2,logus4704
2134,16762926,"Ricky RTG","2026-09-24 02:48:42",1648.9,2,rickyrtg
2135,16736124,GIN,"2026-09-23 06:57:33",1648.9,2,runjinzhang
2136,16891008,"Golubev Alexander","2026-09-28 17:59:59",1648.8,2,"golubevalexander,nikitadgolubev"
2137,16809842,"zg l1218","2026-09-27 09:01:21",1648.7,2,"dkttttt,zgl1218"
2138,16654704,mandgeee,"2026-09-28 13:33:07",1648.4,2,mandgeee
2139,16919615,AcidicBlaster,"2026-09-21 10:37:49",1648.4,2,adityamurugesh
2140,16769234,"Akshar #2","2026-09-23 17:16:50",1648.1,2,"aksharzala,therishitaggarwal"
2141,16854074,yudai_000111,"2026-09-24 12:02:57",1648.0,2,yudai000111
2142,16677847,ShiviWhivi,"2026-09-22 02:15:51",1647.7,2,blackpearls1
2143,16806328,"The Fly🪰","2026-09-28 14:38:36",1646.4,2,takamichitoda
2144,16859473,wakaka,"2026-09-27 05:01:20",1646.1,2,bernicerobinson
2145,16867067,jiazepin,"2026-09-28 15:11:56",1645.6,2,jiazepin
2146,16925892,野獸先輩,"2026-09-22 17:10:48",1645.1,2,rayyen216
2147,16668167,sottnik,"2026-09-28 15:15:23",1644.6,2,sottnik
2148,16657941,"Nick Styles","2026-09-27 04:57:51",1644.5,2,styles
2149,16894950,csly666,"2026-09-21 15:34:28",1644.3,2,csly666
2150,16658300,"Thành Toàn Vương","2026-09-23 11:25:19",1644.2,2,thnhtonvng
2151,16905426,futabato,"2026-09-27 01:32:28",1642.7,2,futabato
2152,16911850,Farmerjay,"2026-09-28 09:44:33",1642.1,2,officeghost
2153,16632304,"Masataka Suzuki","2026-09-25 17:14:34",1641.9,2,masatakasuzuki
2154,16872203,"Mikael Kerimov","2026-09-28 10:05:46",1641.8,2,"mikaelkerimov,mperminiov"
2155,16765135,neuro168,"2026-09-23 11:11:29",1641.4,2,lordmc
2156,16871409,"Aleksandr Isakov","2026-09-28 16:38:02",1641.0,2,aleksandrisakov
2157,16936346,"Han Zhou","2026-09-22 00:51:30",1640.8,2,hanzhou445
2158,16762935,"ibr mo sal","2026-09-25 08:20:45",1640.8,2,ibrmosal
2159,16931121,Caocao,"2026-09-28 11:50:24",1639.4,2,caocaoIvy
2160,16774712,icelemon2004,"2026-09-27 17:54:24",1639.0,2,"guanghuchen,icelemon2004,mustard64"
2161,16705139,gogogo,"2026-09-27 08:39:53",1638.1,2,huzech
2162,16845965,Oldplaykid,"2026-09-24 12:37:52",1638.0,2,"tonf3195,zerethon"
2163,16623515,"Apple Joy","2026-09-23 05:27:00",1636.9,2,"cqput640,fishcat37,sdq2237"
2164,16870440,GOSS,"2026-09-28 06:19:32",1636.7,2,gossan
2165,16719451,"Syed Toubur","2026-09-23 07:12:40",1636.1,2,syedtoubur
2166,16718660,"Ramona Flowers","2026-09-28 07:17:52",1635.5,2,forsmthnoithingtosay
2167,16770832,"Harish Yadav","2026-09-24 11:57:04",1635.5,2,harishyadav0506
2168,16911212,zby_4240,"2026-09-28 12:32:51",1634.7,2,"panhiuting,zby4240"
2169,16629787,FlameZywoo,"2026-09-28 04:55:28",1634.1,2,zgdllt
2170,16709126,"Jamie Nojek","2026-09-28 01:22:54",1634.0,2,jamienojek
2171,16634873,shin0000,"2026-09-24 03:07:22",1633.6,2,shin0000
2172,16914287,"Vinzi Leo","2026-09-23 02:31:46",1633.5,2,vinzileo
2173,16728863,Irabala,"2026-09-26 10:17:15",1632.9,2,irabala1
2174,16701728,"katya barzova","2026-09-28 17:41:47",1632.9,2,"harlenka,nipah1,sigmaborov"
2175,16624941,"KO Ho Tin","2026-09-27 17:34:21",1632.6,2,b14ckc4tmr
2176,16898651,Kitsune0o,"2026-09-28 09:24:06",1631.9,2,theodaimones888
2177,16658203,Lan_Sky,"2026-09-28 05:47:51",1631.8,2,lansky6
2178,16658038,Khanh,"2026-09-25 15:24:53",1631.7,2,khanhp142
2179,16692038,CodeHacker,"2026-09-28 05:36:47",1631.2,2,junhanzangai
2180,16842093,aether74,"2026-09-24 02:23:54",1631.1,2,aether74
2181,16742183,alessandrozonta,"2026-09-23 07:46:51",1631.0,2,azonta
2182,16682879,"Ace Team","2026-09-28 13:06:11",1630.9,2,drpatrickchan
2183,16930996,"ROGER REN","2026-09-23 08:01:24",1630.9,2,rogerrenruben
2184,16857491,cherish_zhang,"2026-09-23 07:18:03",1630.3,2,cherishzhang
2185,16728708,"Rishi Jain","2026-09-25 19:29:04",1630.3,2,rishijain07
2186,16654332,"Borys Tymchenko","2026-09-25 07:10:49",1630.3,2,spsancti
2187,16741096,"Yohanes Lengkong","2026-09-26 02:38:11",1630.2,2,yohanesfc
2188,16772808,lucataco,"2026-09-28 00:10:03",1630.1,2,lucataco
2189,16931056,zhangsan1224789,"2026-09-23 14:05:54",1629.7,2,zhangsan1224789
2190,16728114,yu9824,"2026-09-24 16:47:05",1629.6,2,yu9824
2191,16682514,"Pavel Pavlov","2026-09-25 13:16:01",1629.4,2,akakii
2192,16860071,TOSS,"2026-09-28 17:49:37",1629.1,2,toshikawa80
2193,16730713,"Michael Mueller","2026-09-28 05:12:23",1629.1,2,michaelmueller26
2194,16639418,"Oleksii Zhukov","2026-09-28 17:36:57",1629.0,2,zhukovoleksiy
2195,16940950,"Camarillo Kull","2026-09-28 08:06:07",1628.8,2,camarillokull
2196,16723893,iring58,"2026-09-27 02:18:39",1628.0,2,iring58
2197,16943979,"Joshua Willie","2026-09-27 17:12:28",1627.9,2,joshuawillie
2198,16850995,"KOSUKE MATSUDA","2026-09-28 13:50:16",1627.8,2,kosukematsuda
2199,16824931,Magniverko,"2026-09-27 13:03:40",1626.1,2,huangyingkun
2200,16927137,"Hibachi Fried Rice","2026-09-27 04:45:08",1624.9,2,samvalladares
2201,16762195,eliasruntime,"2026-09-24 20:15:23",1624.8,2,eliasruntime
2202,16623366,"Alexander Dudin","2026-09-28 12:04:12",1624.4,2,cyberecho
2203,16644877,lu_fish,"2026-09-26 08:00:10",1624.3,2,thefish114514
2204,16665230,"Jack Burley","2026-09-28 06:24:57",1624.2,2,jackburley
2205,16836787,KSKBL,"2026-09-28 14:42:55",1624.0,2,"length1001,trafalgar1234"
2206,16726769,"Ci Zhu","2026-09-27 03:39:13",1623.3,2,zhuci1993
2207,16886400,Nisshi888880,"2026-09-28 10:19:38",1623.1,2,nisshi888880
2208,16674451,NycteacoBa,"2026-09-27 13:53:45",1623.1,2,nycteaowl
2209,16731966,ねねね,"2026-09-24 22:49:32",1623.0,2,napier1550
2210,16663827,magoemu,"2026-09-27 08:50:37",1621.5,2,magoemu
2211,16946367,dwinging,"2026-09-23 14:07:09",1620.6,2,dwinging
2212,16682885,风沙星辰,"2026-09-21 20:40:04",1620.4,2,"duoliya,linyeping,sereinovov,wangying2026"
2213,16721248,"Raef Guizani","2026-09-22 08:25:43",1620.4,2,raefguizani
2214,16735628,RB25det,"2026-09-28 06:42:43",1620.2,2,"perrodawn,rb25det,shinzotakayama,toranosukenoda"
2215,16861805,farmer-kuni,"2026-09-23 07:28:14",1619.8,2,kuni05
2216,16857505,"joy of harvest","2026-09-28 12:50:11",1619.6,2,"dllogic,hanleileo,lawjkj,mragentrrr"
2217,16768650,ifarm,"2026-09-23 08:48:33",1617.6,2,sericsheon
2218,16655912,sssskilo,"2026-09-27 03:26:29",1617.3,2,wellkilo
2219,16761744,"Daiki Takahashi","2026-09-23 08:45:23",1617.2,2,daikitakahashi
2220,16818313,"haonan zhengh","2026-09-27 01:57:16",1616.8,2,haonanzhengh
2221,16847578,"Tim Chernov","2026-09-28 16:52:22",1616.3,2,saffff
2222,16729192,1m0ke,"2026-09-28 00:29:05",1616.1,2,smokelate
2223,16763375,Makus,"2026-09-22 13:33:25",1616.0,2,alexmartinez75
2224,16924529,dacheah,"2026-09-24 12:40:10",1615.8,2,dacheah
2225,16854477,"Marc Maldonado Lorca","2026-09-23 08:04:16",1613.5,2,marcmaldonado
2226,16807038,mitsuki,"2026-09-28 03:23:54",1613.5,2,mk00000
2227,16886856,爱上帝的小熊猫,"2026-09-23 04:30:55",1612.9,2,xuefengxie
2228,16843864,IkeKodd,"2026-09-22 12:16:03",1612.8,2,"ikekodd,pinluk"
2229,16655567,Heisnotanimposter,"2026-09-22 04:52:39",1611.9,2,test013
2230,16661737,"Márcio Santos","2026-09-28 14:40:52",1611.9,2,mos3santos
2231,16646318,TeamNexus,"2026-09-26 18:21:52",1611.7,2,chrisopherjoshy
2232,16660413,Ritesh-2006,"2026-09-28 07:26:27",1611.4,2,ritesh2006
2233,16647324,GG-bond,"2026-09-28 02:12:28",1610.8,2,wyhwyh123
2234,16875984,cccyou,"2026-09-28 04:38:26",1610.5,2,cccyou
2235,16683808,RuggedBones,"2026-09-22 17:38:06",1610.2,2,ruggedbones
2236,16681986,"Chirantan Bhardwaj","2026-09-25 04:22:03",1609.7,2,chirantanbhardwaj
2237,16790585,wzyxp_123,"2026-09-28 18:21:11",1609.6,2,cloudssdut
2238,16903652,LokeshGiri,"2026-09-28 17:26:40",1609.3,2,"lokeshjasrotia,vengatagirig"
2239,16725856,"Abhi Datta","2026-09-28 16:56:19",1609.2,2,abhidatta87
2240,16943126,"Aaditya Verma","2026-09-28 14:27:52",1608.8,2,tensura911
2241,16890118,chiikavyshy,"2026-09-27 09:56:14",1608.4,2,"marynaborovska,yuriygreben"
2242,16861903,iwa,"2026-09-23 09:53:06",1608.0,2,ichiko
2243,16672251,"Kavinkumar M","2026-09-27 05:44:20",1608.0,2,kavinkumarrkm
2244,16749061,"Wang H2O","2026-09-23 03:58:50",1607.2,2,wangh2o
2245,16726547,"Ezra Kho","2026-09-26 11:07:55",1607.0,2,ezrakho
2246,16793635,"Johnny Hyland","2026-09-27 20:33:04",1606.8,1,johnnyhyland
2247,16942240,M78星云,"2026-09-27 17:18:40",1606.7,2,"cheng2246,tangyangpu284,upczbw,xinyinghu7123"
2248,16857977,namopanda,"2026-09-28 15:30:18",1606.6,2,namopanda
2249,16621294,dpquoc,"2026-09-24 04:40:59",1606.2,2,dpquoc
2250,16763437,"⸻AgentZZ ⸻","2026-09-26 16:27:48",1605.9,2,agentzz
2251,16727350,"T Hansda","2026-09-22 13:49:10",1605.4,2,hansda
2252,16881512,"Asem Adnan","2026-09-24 10:30:05",1605.4,2,asemadnan
2253,16650181,victorvv,"2026-09-26 13:13:38",1605.4,1,whs66666666666
2254,16658365,OnlyFarms,"2026-09-28 16:03:02",1605.3,2,hoowoo
2255,16654669,"Jordi Corbilla","2026-09-28 12:07:52",1605.1,2,jordicorbilla
2256,16658677,大山,"2026-09-28 04:36:30",1605.0,2,mapodoufu
2257,16935319,"Adrian Phillips","2026-09-23 06:52:14",1604.8,2,adrianphillips00
2258,16693549,別班,"2026-09-28 14:42:30",1603.9,2,"kusurizuke,pepushi,tomokiaki"
2259,16723318,グレイラットルーデウス,"2026-09-22 07:27:17",1603.6,2,rudeus666
2260,16660395,ljx59141421,"2026-09-22 13:47:32",1602.8,2,ljx59141421
2261,16661039,Abracadabra,"2026-09-28 16:52:12",1602.5,2,giovannicr
2262,16622937,"Sheep 🐑","2026-09-28 13:08:41",1602.0,2,kabilrh
2263,16715828,samg,"2026-09-24 11:25:06",1601.9,2,samgreen2046
2264,16642036,enddl22,"2026-09-28 04:52:40",1601.7,2,enddl22
2265,16915571,"jay tsang","2026-09-26 07:57:39",1601.2,2,jaytsang
2266,16858207,"David Wang","2026-09-28 07:51:31",1600.9,2,renew66
2267,16773064,GoPreCure,"2026-09-28 17:23:58",1600.9,2,sonuyadav710
2268,16731911,"liu bo","2026-09-28 08:29:08",1600.7,2,liuboo45586
2269,16888254,CaliforniaDog,"2026-09-24 04:55:58",1600.6,2,californiadog
2270,16915663,Wlemalin,"2026-09-23 15:16:20",1600.6,2,wlemalin
2271,16673328,"Preetham Prasanna","2026-09-28 05:08:41",1600.2,2,preethamprasanna
2272,16644480,"Umut Keltek","2026-09-23 19:23:59",1600.2,2,umutkeltek
2273,16725996,MatheusPSorancoDeCarvalho,"2026-09-28 18:12:59",1599.6,2,matheussoranco
2274,16842183,"Sumukh M G","2026-09-25 03:33:11",1599.5,2,sumukhmg35
2275,16664111,"John Park","2026-09-28 01:18:49",1599.5,2,sigint
2276,16818060,bnfan,"2026-09-27 00:01:53",1599.0,2,simonfan7
2277,16878353,"Hongbin Gu","2026-09-28 07:57:38",1598.8,2,guhongbin
2278,16678370,Wangles,"2026-09-22 11:10:59",1598.5,2,wangles
2279,16880558,"Georgi Kanev","2026-09-26 11:05:46",1598.1,2,georgikanev
2280,16671012,"Sean Zhang","2026-09-24 01:00:58",1598.0,2,seanzhang2445
2281,16858986,kam,"2026-09-24 07:21:27",1597.5,2,kotakambayashi
2282,16925703,darkphase11,"2026-09-27 08:20:56",1597.5,2,"corephase,darkphase11,metacraftt,neurofieldd"
2283,16824664,wozijishuode,"2026-09-28 06:04:03",1597.3,2,jamsubmarines
2284,16727103,sword3522,"2026-09-28 11:24:45",1596.6,2,"qinyanqiu,sword3522"
2285,16856988,"power spy","2026-09-28 04:42:27",1596.1,2,powerrspyy
2286,16655263,rishavsaigal,"2026-09-27 20:08:20",1595.2,2,rishavsaigal
2287,16887631,"Wills Cui","2026-09-22 05:47:39",1594.1,2,willscui
2288,16622482,"Veniamin Nelin","2026-09-21 10:44:20",1593.1,2,veniaminnelin
2289,16928213,橋本真旺,"2026-09-22 16:37:33",1593.0,2,mao925
2290,16641893,"Kashyapsinh gohil","2026-09-28 14:47:30",1592.3,2,kashyapsinhgohil
2291,16908403,"Stepan Ivanov","2026-09-25 14:31:15",1592.3,2,stepanivanov233
2292,16841061,"Artin yzn","2026-09-28 15:59:27",1592.2,2,artinyzn
2293,16806014,"weihao huang2004","2026-09-26 03:05:17",1592.0,2,weihaohuang2004
2294,16653728,"Iswar Patra","2026-09-25 15:05:38",1591.9,2,iswarpatra
2295,16939076,"Solo runner","2026-09-26 23:10:19",1591.8,2,camronsanders
2296,16758767,NSK_54,"2026-09-28 18:09:14",1591.7,2,"leon7archer,suvalex"
2297,16682753,"Cam-Luan Truong","2026-09-22 11:11:54",1591.5,2,luantruong
2298,16690500,Mr.NoT_GaMeR,"2026-09-27 03:47:24",1590.7,2,joshdilipkumarpatel
2299,16658946,theredbluepill,"2026-09-28 05:42:55",1590.3,2,poonszesen
2300,16746689,"Harm Buisman","2026-09-28 06:49:41",1589.8,2,harmbuisman
2301,16680690,MYOUCER,"2026-09-24 01:40:19",1589.6,2,myoucer
2302,16779388,"Mohammad Alnajdawi","2026-09-23 11:40:29",1589.4,2,mohammadalnajdawi
2303,16809332,"ansheng jhang","2026-09-23 08:52:27",1589.4,2,anshengjhang
2304,16658109,edward1503,"2026-09-21 09:31:07",1588.8,2,nguynnc
2305,16847189,"porosyonok Beib","2026-09-28 18:14:03",1587.9,2,rocinantt
2306,16662191,Danieler,"2026-09-22 18:46:56",1587.6,2,danielerufo
2307,16797699,"Dylan Moraes","2026-09-28 07:08:49",1587.6,2,dylanmoraes
2308,16655632,"Dmitry Kozlov","2026-09-22 05:26:12",1586.4,2,dkozlov
2309,16661539,"Ilia Mironov","2026-09-28 06:16:46",1585.9,2,millcool
2310,16931481,"Дмитрий Томилов","2026-09-22 02:12:22",1585.6,2,floyed
2311,16623440,"JB Bryant","2026-09-22 19:26:37",1584.5,2,jbbryant
2312,16668056,"Quantum Farm","2026-09-21 16:05:52",1583.8,2,"anselem7,divineokwueze,nnanyereuzoma"
2313,16755229,theearthcheng,"2026-09-22 02:20:25",1583.3,2,theearthcheng
2314,16770282,colt,"2026-09-21 17:56:20",1582.9,2,"logicalgenius1,mindmaniac,mindpioneer,thinkinglogic2,xiaomaguo"
2315,16789561,"Rohan Kishibe","2026-09-22 14:43:18",1582.8,2,anbianluban1
2316,16657093,"sixer srinath","2026-09-28 09:39:51",1582.1,2,srinath2495
2317,16857607,inny,"2026-09-23 04:12:13",1581.9,2,innycc
2318,16699586,"Linda Liu","2026-09-22 03:43:59",1580.2,2,lpoint
2319,16935420,"zicong pan","2026-09-24 09:34:45",1579.5,2,zicongpan
2320,16732746,MSG_Encrypted,"2026-09-27 22:11:41",1579.5,2,msghais
2321,16735232,"Johnson Chishimba","2026-09-22 05:41:07",1579.4,2,johnsonchishimba
2322,16664392,AdamHsieh,"2026-09-26 03:06:41",1579.2,2,adamhsieh
2323,16674839,"hongqian miao","2026-09-20 14:22:50",1578.8,2,hongqianmiao
2324,16870247,mxt1022,"2026-09-28 02:21:08",1578.7,2,unlome
2325,16674919,yukiZ,"2026-09-28 15:37:41",1578.4,2,hideyukizushi
2326,16783870,malaxg,"2026-09-28 11:07:52",1578.3,2,guoyixian2
2327,16900489,Machine_e1,"2026-09-25 12:52:38",1578.1,2,"arcanee1,machinee1,mymilk"
2328,16936542,"Lee Velon","2026-09-28 10:02:14",1577.3,2,leevelon
2329,16801457,"Anthropic Banned My Account","2026-09-23 06:52:31",1577.2,2,subaru486
2330,16796937,Alan,"2026-09-24 00:44:47",1576.9,2,amunsentom
2331,16881005,"Donald Trump","2026-09-28 15:49:27",1576.8,2,"seanmtk,sinfonia8838"
2332,16749257,rsraki,"2026-09-26 05:41:43",1576.5,2,rsraki
2333,16730334,"Have a nice trip in USST","2026-09-28 16:57:53",1576.5,2,"eugeneyeung,grace7523,sztszt0726,tuskig,wzh20050212"
2334,16741672,张菠,"2026-09-22 03:23:37",1575.4,2,ysqdababa
2335,16745419,elren,"2026-09-21 15:48:47",1575.4,2,elrensmin
2336,16939445,Dylan,"2026-09-28 11:10:57",1575.2,2,dylan2778
2337,16839638,keeplooking,"2026-09-27 14:31:39",1575.1,2,keeplooking
2338,16661276,Middle,"2026-09-28 16:20:20",1574.3,2,aydagul
2339,16942875,Vikram,"2026-09-24 03:42:14",1574.1,2,vikramreddy2001
2340,16704924,jdx,"2026-09-25 02:15:10",1573.7,2,jdsemrau
2341,16667020,SCLim2022080004,"2026-09-22 03:18:23",1573.3,2,sclim2022080004
2342,16786109,"Thomas Deng","2026-09-27 00:58:09",1573.3,2,tdeng24
2343,16771558,"Vitalie Cervinschi","2026-09-28 15:11:01",1573.2,2,vitaliecervinschi
2344,16631592,ktr,"2026-09-26 15:20:21",1573.2,2,kcotton21
2345,16858087,"Mohd Aasim Ansari","2026-09-21 07:35:49",1572.3,2,aasim2003
2346,16644530,"Busya PRIME","2026-09-21 11:20:07",1571.8,2,busyaprime
2347,16932743,"Chris Chia","2026-09-22 02:24:46",1571.7,2,cchia3
2348,16663603,xsong2020,"2026-09-25 16:05:34",1571.3,2,xstargate
2349,16840857,Meteor,"2026-09-28 08:43:43",1571.2,2,meteorkid
2350,16659730,"Zhang Yingluo","2026-09-22 14:08:04",1571.2,2,zhangyingluo
2351,16786357,guoyihui,"2026-09-23 06:12:19",1571.0,2,guoyihui
2352,16917715,BIGWin,"2026-09-28 12:36:29",1570.8,2,"jackerdu,pinjiewang,sunjiadong12,sunruiwang"
2353,16632113,"Any Things","2026-09-26 20:43:32",1570.3,2,anythingsj3fare767
2354,16667880,DOPEなNOUFU耕すHOPE👨‍🌾,"2026-09-25 00:02:40",1570.3,2,"shin9915,syamoji141chan"
2355,16670524,"Nat Bel ML Fun","2026-09-27 21:15:11",1570.3,2,natbel4ml
2356,16716078,H&E,"2026-09-28 18:07:12",1569.7,2,"jenzenhuang,luwyeb,wafflebear,wenjiewangdev"
2357,16736632,Leo,"2026-09-28 17:08:43",1569.2,2,huangkx666
2358,16713743,oliver,"2026-09-23 17:57:56",1568.9,2,ollibolli
2359,16917149,beastars,"2026-09-28 12:53:54",1568.8,2,"doorknob881,ohyabuddy,vickylinvicky"
2360,16924499,Matterhorn3838,"2026-09-28 09:16:58",1568.7,2,matterhorn3838
2361,16732878,modelcollapse,"2026-09-21 10:09:15",1567.8,2,modelcollapse
2362,16662628,AbhiniveshSharma5354,"2026-09-28 10:13:42",1567.7,2,abhiniveshsharma5354
2363,16672033,"Mohan Prasath P","2026-09-21 13:48:43",1567.3,2,mohanprasath21
2364,16791862,"Emmanuel Mireku","2026-09-26 21:25:17",1566.5,2,eldermireku
2365,16747982,"Affriza Wildan Fauzan","2026-09-27 03:30:57",1566.2,2,affrizawildanfauzan
2366,16929850,"XINGYUAN  ZHOU","2026-09-22 14:12:26",1565.9,2,n05199
2367,16675960,"Audric LOKO","2026-09-24 20:40:08",1565.8,2,audricloko
2368,16695664,Bantam,"2026-09-28 07:12:10",1565.1,2,bantam
2369,16880792,dre,"2026-09-22 17:25:08",1565.0,2,ahmedelfazouan
2370,16662946,uzair,"2026-09-27 18:58:26",1564.3,2,quantumcurator
2371,16806219,"Yiwei Pu","2026-09-22 01:59:54",1564.2,2,"lvyihan1210,raven20010261,yiweipu"
2372,16750317,"ELhamdaoui AM","2026-09-28 07:14:14",1563.7,2,elhamdaouiabdelmajid
2373,16645431,Amin,"2026-09-25 15:27:01",1563.3,2,aminvafaei
2374,16841190,dp23334,"2026-09-22 10:42:21",1562.3,2,dp23334
2375,16766401,"Gobi Elangovan","2026-09-20 11:00:23",1561.9,2,gobielangovan
2376,16832335,"Junhua Yang","2026-09-28 08:13:11",1560.9,2,junhuay
2377,16842482,Litvin,"2026-09-28 16:41:49",1559.6,2,wodo888
2378,16772723,"Zhou Haonan","2026-09-21 13:37:50",1559.1,2,hatsuseizuna
2379,16802505,daviondk,"2026-09-28 06:58:58",1558.8,2,daviondk
2380,16921085,Keerthana,"2026-09-23 16:30:06",1558.4,2,k33rthanaa
2381,16657229,"Adam Plow","2026-09-22 09:40:21",1557.8,2,lizhiiii
2382,16693488,HarvestZero,"2026-09-25 03:34:38",1557.6,2,bernardboatey
2383,16670883,G*Sim,"2026-09-26 14:43:12",1557.6,2,guillaumesimiand
2384,16757034,"Hanxiang Li","2026-09-21 03:43:45",1557.3,2,hanxiangjames
2385,16822002,shiokoh,"2026-09-27 02:09:16",1557.1,2,shiokoh
2386,16623463,porply,"2026-09-21 13:32:47",1556.8,2,porply
2387,16943033,BobChuckyJoe,"2026-09-24 05:07:19",1556.5,2,bobchuckyjoe
2388,16851343,"Ritwika Kancharla","2026-09-27 01:43:09",1556.3,2,ritwikakancharla
2389,16751358,Cristiano,"2026-09-26 14:41:59",1556.3,2,zhuangbility
2390,16662914,"Apollo's cattles","2026-09-28 16:46:05",1555.9,2,"icr007,kennethlie16,romanrozen"
2391,16875653,xuzenkun,"2026-09-27 12:55:18",1555.8,2,xuzenkun
2392,16937269,"Egg D. Kernel","2026-09-22 01:53:27",1555.7,2,eggdkernel
2393,16696421,"Koyashiki Mao","2026-09-22 11:55:10",1554.8,2,koyashikimao
2394,16712751,haruo_tensai,"2026-09-26 01:58:17",1554.6,2,haruotensai
2395,16891396,易思言ysy,"2026-09-17 15:02:45",1554.5,2,ysykevin
2396,16779519,"Xiangsong Tian","2026-09-27 05:18:09",1554.4,2,xiangsongtian25
2397,16864870,JR,"2026-09-22 14:20:57",1554.2,2,jurijsruko
2398,16673013,TTT,"2026-09-23 08:59:54",1553.7,2,tadahiroasami
2399,16862614,"Andrew Bunn","2026-09-22 00:14:18",1553.4,2,andrewbunn
2400,16755495,"Leo Udah","2026-09-24 06:03:33",1552.1,2,leoudah
2401,16754823,"tiki tiki tiki","2026-09-23 22:48:33",1551.3,2,slangitup
2402,16669594,euorrl,"2026-09-26 14:02:56",1551.3,2,euorrl
2403,16934170,"Krish Shah","2026-09-23 05:49:34",1551.1,2,krshs90
2404,16632476,"Назар Коваль","2026-09-26 21:58:56",1551.0,2,miickey
2405,16920189,"Son Hoang","2026-09-23 12:57:59",1550.4,2,sonhoang82
2406,16723955,chunsuri,"2026-09-28 07:56:01",1550.4,2,chunsuri
2407,16719123,"Thomas Tschinkel","2026-09-23 02:43:20",1549.9,2,thomastschinkel
2408,16885137,"Manjunadh Padarthi","2026-09-25 05:27:43",1549.3,2,manjunadhpadarthi
2409,16901894,"Michael Reid","2026-09-23 17:10:41",1548.7,2,michaelreid2025
2410,16767709,"Mike Anderson","2026-09-28 00:03:49",1548.6,2,manderson240
2411,16770715,"Vicens Gaitan","2026-09-28 15:01:15",1548.1,2,vicensgaitan
2412,16789546,"lsm jii","2026-09-28 05:55:06",1547.8,2,lsmjii
2413,16631536,kglctf,"2026-09-28 13:05:44",1547.6,2,kglctf
2414,16640264,DhanaLakshmiMalla,"2026-09-22 20:29:36",1547.4,2,dhanalakshmimalla
2415,16657094,irynavs,"2026-09-23 14:18:45",1547.2,2,irynavs
2416,16808111,"Oliver #2","2026-09-21 10:29:39",1547.1,2,wangzn0410
2417,16641183,"Team Name Pending","2026-09-20 14:32:46",1546.7,2,"abdaathaillahhadyan,oliverspiby"
2418,16654585,"David Pedersen","2026-09-28 14:38:03",1546.5,2,semalytics
2419,16658221,"Roshan Roy","2026-09-25 18:08:07",1545.9,2,"adhilvt,mohamedarifj,roshanroy333"
2420,16805882,nmdcddwzml,"2026-09-28 07:15:34",1545.3,2,mujian63
2421,16848622,"KUO JEN WEI","2026-09-24 19:20:54",1545.2,2,"kuojenwei,kuyiting"
2422,16855111,PixelPuff,"2026-09-26 14:16:59",1543.6,2,krishpatel290895
2423,16795134,"jiawei li","2026-09-28 06:38:27",1543.5,2,jiaweiaaa
2424,16848992,"Lee Shit Hoo","2026-09-25 16:13:41",1543.5,2,leeshithoo
2425,16773185,"Alwin Djuliansah","2026-09-26 01:40:34",1543.3,1,alwdj07
2426,16669148,"Syed Muhammad Gillani","2026-09-20 23:33:36",1543.2,2,syedmuhammadgillani
2427,16884028,"Jayden Y","2026-09-25 01:39:28",1543.0,2,jy0810
2428,16728549,Karatelb,"2026-09-26 11:53:23",1542.9,2,karatelb
2429,16793427,wuwuwu,"2026-09-28 16:44:29",1542.3,2,wu1570
2430,16659715,masb,"2026-09-28 11:22:25",1541.7,2,affansaied
2431,16924344,trigo,"2026-09-21 07:41:11",1541.6,2,trigoani
2432,16665077,"Mohit Babel","2026-09-24 20:55:36",1541.0,2,mohitbabel
2433,16726545,whm8016,"2026-09-23 16:17:05",1540.7,2,whm8016
2434,16730634,Priestess,"2026-09-21 05:34:51",1540.4,2,kalypheus
2435,16845695,"Nam Lê Phương","2026-09-28 06:55:21",1540.2,2,pearpn25
2436,16924825,"Steven Feng","2026-09-24 09:46:32",1540.1,2,stevenkaiyi
2437,16840550,henriquejsza,"2026-09-21 05:07:28",1539.9,2,henriquejsza
2438,16849780,"Juan Leiva","2026-09-20 14:08:59",1539.7,2,juank333
2439,16778707,momohuhu_kkkkkarrot,"2026-09-28 12:19:16",1539.7,2,kjy666
2440,16947082,"Alex  Redna","2026-09-25 12:46:49",1539.5,2,alexredna
2441,16930280,greyhound,"2026-09-23 07:24:56",1539.4,2,tapaskd123
2442,16768100,Nathael,"2026-09-21 00:41:59",1539.3,2,nathaeldias
2443,16722117,"Zhou Zhengyu","2026-09-28 01:05:15",1538.6,2,"yanwenwang921,zhouzhengyu118"
2444,16927660,abraxas417,"2026-09-20 13:44:26",1538.3,2,abraxas417
2445,16838560,Aphrodite,"2026-09-24 05:04:21",1538.1,2,aphrodite874
2446,16729413,KharinTymofii,"2026-09-28 15:03:11",1537.9,2,kharintymofii
2447,16653828,Boltuzamaki,"2026-09-28 13:36:27",1537.5,2,boltuzamaki
2448,16759849,kkanayj,"2026-09-28 12:39:37",1536.7,2,kkanayj
2449,16624047,GUOHAOYANG,"2026-09-21 06:13:29",1536.7,2,pkuszboi
2450,16655758,patience,"2026-09-28 14:39:09",1536.6,2,"weirdocurry,wenjunkai124"
2451,16659961,faahh,"2026-09-25 18:30:51",1536.4,2,shivam98saini
2452,16932991,"Gabriel Stoms","2026-09-22 15:15:38",1536.2,2,gabrielstoms
2453,16897821,bjthomas,"2026-09-20 17:39:05",1535.8,2,bjthomas
2454,16718937,62326368,"2026-09-26 11:50:31",1535.3,2,mooniim
2455,16923450,tensorlike,"2026-09-28 17:28:21",1533.5,2,"echoverse1,neonflux,regressiw,tensorlike"
2456,16752444,zama,"2026-09-21 06:56:28",1533.3,2,zamami
2457,16632377,"Legend Brothers","2026-09-26 02:47:10",1531.9,2,"holeguma,shunhirota"
2458,16925409,GEHAOHUA,"2026-09-20 09:31:42",1531.7,2,gshy2028
2459,16849282,ancientLuck,"2026-09-20 13:04:14",1531.3,2,ancientluck
2460,16749576,heralces,"2026-09-21 15:38:45",1530.6,2,heralces
2461,16930459,Ela,"2026-09-20 12:04:21",1530.4,1,pentol
2462,16894110,寒月千逸,"2026-09-28 14:46:07",1529.2,2,"hanyueqianyi,leeyang1,sakurahg"
2463,16744983,Gappy,"2026-09-21 12:02:19",1529.2,2,takahirohigasa
2464,16907973,Mainafly,"2026-09-23 06:07:12",1528.2,2,ishakuyusufmaina
2465,16742267,chandora,"2026-09-27 08:54:45",1527.8,2,chandora
2466,16764850,"cy zhang","2026-09-26 03:21:38",1527.8,2,zcy20051117
2467,16722487,Zotar,"2026-09-28 14:57:38",1527.7,2,chunhinma
2468,16797457,Aamod06,"2026-09-28 10:28:59",1527.5,2,aamod06
2469,16817077,"Dinesh kumar Thiyagarajan","2026-09-20 21:01:23",1527.4,2,dineshkumar0705
2470,16865693,Eda,"2026-09-20 11:51:41",1527.3,2,edagram
2471,16623450,S.Aoki,"2026-09-21 04:27:13",1527.2,2,soyaoki
2472,16848208,"Takuto Inoue","2026-09-28 14:22:09",1527.1,2,takutoinoue
2473,16853132,masa0219,"2026-09-26 21:46:08",1526.8,2,masa0219
2474,16916938,MC1127,"2026-09-24 13:08:50",1526.6,2,mc1127
2475,16744503,"Jun AKita","2026-09-26 11:50:00",1525.9,2,junakita
2476,16630545,"GAURAV PARKHEDKAR","2026-09-25 13:18:41",1525.8,2,gauravparkhedkar
2477,16887858,"Oleg Zholobov","2026-09-21 14:06:59",1525.2,2,olegzholobov
2478,16658777,"Jiarui (Jerry) Cao","2026-09-27 12:55:00",1524.6,2,jiaruicao7
2479,16632097,PavelLiashkov,"2026-09-28 16:21:53",1524.4,2,bigbag1983
2480,16928640,Kenj,"2026-09-20 08:01:59",1523.0,1,kiritoooooooo
2481,16863501,ATC,"2026-09-20 09:24:46",1522.8,2,t6ccc2
2482,16632493,"oni chan arigato","2026-09-20 10:55:22",1522.7,2,"kindasomethin,nabidnur"
2483,16668798,"Ayush Shukla","2026-09-28 17:19:17",1522.4,2,ayushivy
2484,16832192,"No Name #2","2026-09-25 16:33:33",1521.9,2,ivanj0
2485,16740431,yuikag,"2026-09-27 14:52:33",1519.7,2,yuikag
2486,16883863,qhapaq49,"2026-09-27 09:26:47",1519.1,2,qhapaq49
2487,16743528,shfyyds12138,"2026-09-20 02:46:07",1518.6,2,"chrisshi123,junwenzhu1314"
2488,16663759,Aggro,"2026-09-21 17:30:40",1518.2,2,datafad
2489,16935499,"Smarter Decision🏆","2026-09-28 08:45:20",1517.8,2,yunkuns
2490,16949981,"Yi Yu","2026-09-28 15:04:54",1516.9,2,yy5652
2491,16848394,Polaris,"2026-09-19 12:40:07",1516.6,2,zhanglei226
2492,16769849,"Shuwen(Shawn) Ge","2026-09-27 17:35:16",1516.2,2,shuwenshawnge
2493,16719869,"Swamy Gadila","2026-09-25 14:32:08",1515.6,2,testfridaycore2
2494,16665084,"Wei Han","2026-09-20 06:30:13",1515.2,2,weihan87
2495,16661575,skw1990,"2026-09-20 23:43:37",1514.8,2,skw1990
2496,16917535,"Edric Zhou","2026-09-21 08:05:07",1514.0,2,edriczhou
2497,16906626,JY,"2026-09-20 13:07:00",1513.8,2,junyihjy
2498,16939866,"Big boom","2026-09-28 06:36:25",1513.6,1,cancinoespi
2499,16795698,ml_gg,"2026-09-28 16:22:35",1513.6,2,ramnarayanchoudhary
2500,16746380,JKong,"2026-09-24 00:00:30",1513.4,2,kmt2001
2501,16754838,"Berkay Özkan","2026-09-28 11:45:08",1513.4,2,berkayzkan
2502,16713543,"Rustam Bazarbayev","2026-09-28 05:06:01",1513.3,2,rustambazarbayev
2503,16709236,rick11224,"2026-09-28 14:46:00",1512.8,2,rick11224
2504,16939133,wang,"2026-09-27 08:11:49",1512.3,2,tombryant
2505,16860288,"VIKASH YADAV","2026-09-25 08:53:44",1512.2,2,vikashyadav05
2506,16878026,yamazaking,"2026-09-28 11:59:36",1511.3,2,zacky21
2507,16654841,"ABHIRUP DAS","2026-09-28 15:34:16",1511.2,2,abhirupdas10
2508,16630784,"🚜 Sub-Par Seedlings","2026-09-28 17:56:56",1510.1,2,"dwellement0baser,michaellist,oneupkiwi,wilhelmberghammer"
2509,16716531,tebenia,"2026-09-20 08:51:40",1509.7,2,tebenia
2510,16919136,"First Farming","2026-09-28 12:17:23",1509.7,2,"chengxuanyang,dongshangyu,lxinye09,pengwenlong"
2511,16782708,lcx666,"2026-09-28 07:52:40",1509.0,2,chengxinliang
2512,16926712,lostargon,"2026-09-21 21:44:55",1508.9,2,vadimpryakhin
2513,16621315,"Reyhan Ksatria","2026-09-19 11:26:15",1508.6,2,reyhanksatria
2514,16926545,"Rintaro Washio","2026-09-19 19:02:47",1508.4,1,rintarowashio
2515,16673604,"Jiman Kwon","2026-09-27 03:49:55",1508.4,2,jimankwon
2516,16806840,"Tavuk Master","2026-09-21 09:52:18",1508.0,2,mkrimenurgm
2517,16623988,"Charismatic Pizza Party🍕","2026-09-19 12:22:20",1506.9,2,debugendless
2518,16939292,Cunriman,"2026-09-24 12:59:54",1506.9,2,cunriman
2519,16664506,"Jonatan Asketorp","2026-09-25 15:30:45",1506.7,2,weft169aston
2520,16916418,Lukas,"2026-09-23 13:02:38",1506.5,2,lukasbuck
2521,16763761,mkai1981,"2026-09-22 05:43:59",1506.4,2,mkai1981
2522,16880773,最强扫地僧,"2026-09-21 05:14:26",1506.2,2,yyx466005036
2523,16654710,"Ray Brothers","2026-09-28 17:52:46",1505.8,2,"madhurjyaray,vibekodr"
2524,16622034,"Aryan Yadav","2026-09-19 05:51:25",1505.6,2,simplexcomplex
2525,16655654,Cacinie,"2026-09-28 14:58:46",1505.5,2,cacinie
2526,16866996,"Marina Afanas'eva","2026-09-20 22:23:21",1505.3,2,proamari
2527,16757987,maverick_ss_26,"2026-09-22 13:19:24",1504.8,2,maverickss26
2528,16922907,萤火2018,"2026-09-20 09:48:37",1504.8,2,aiwody
2529,16657623,Restart:),"2026-09-19 16:26:31",1504.3,2,wayne127
2530,16729130,KoshinM,"2026-09-28 14:14:59",1504.3,2,koshinm
2531,16920843,"Hou JH-71","2026-09-20 13:09:46",1502.9,2,houjihao
2532,16654914,Nozprod,"2026-09-20 18:40:20",1502.2,2,nozprod
2533,16712560,"Max vrstpan1","2026-09-25 15:57:43",1501.8,2,wdjy123456
2534,16634426,ertu,"2026-09-20 16:42:44",1501.8,2,ozertuu
2535,16749251,HawkOsm,"2026-09-23 05:17:19",1501.1,2,hawkosm
2536,16801855,KooDol,"2026-09-27 18:37:01",1501.0,2,koodol
2537,16724242,"Romash Koirala","2026-09-25 12:35:17",1501.0,2,romashkoirala
2538,16743546,"Simon Dorcas","2026-09-24 16:36:17",1499.4,2,simondorcas
2539,16860164,Ry_Sa,"2026-09-22 13:02:38",1498.9,2,ryqsaq
2540,16947863,"Minato Namikaze","2026-09-28 15:37:38",1498.6,2,arunklenin
2541,16868304,"Aaron amacadu","2026-09-19 20:18:38",1498.1,2,aaronamacadu
2542,16927087,"Arun #2","2026-09-28 15:12:31",1498.0,2,arun8ovfjfdr6
2543,16851399,"Ali Eren Konak","2026-09-28 10:49:26",1497.4,2,alierenkonak
2544,16942821,PabloKim,"2026-09-25 11:26:53",1496.8,2,pablodevkim
2545,16826582,natsu,"2026-09-28 13:22:35",1496.4,2,okamotonatsuo
2546,16656213,"Mehdi Boumiza","2026-09-24 03:56:40",1496.2,2,mehdiboumiza
2547,16926297,brave-心勇-heart,"2026-09-22 10:33:15",1496.2,2,braveheart
2548,16627799,"navazsh fathi","2026-09-22 15:31:34",1495.8,2,navazshfathi
2549,16727266,Agricola,"2026-09-28 15:02:50",1495.5,2,ebisuya
2550,16848850,Lazyman,"2026-09-21 18:42:12",1495.1,2,lazyman
2551,16625214,Malla,"2026-09-21 14:31:15",1494.4,2,mallaphalguni
2552,16623920,"Kazuta MIZUTA","2026-09-21 00:27:46",1494.2,2,kazutamizuta
2553,16862461,"Guilherme Volpe","2026-09-23 00:38:39",1493.6,2,guivolpe
2554,16709872,"Tim McGarvey","2026-09-28 16:23:14",1493.5,2,timmcgarvey
2555,16657032,"Ayaan Ghosh","2026-09-28 15:57:13",1493.4,2,ayan9001
2556,16621075,"Octavi Grau","2026-09-22 16:25:47",1493.2,2,octaviograu
2557,16847096,Jackylw,"2026-09-20 15:53:08",1492.7,2,jackylw
2558,16635668,"Mirza Yasir Abdullah Baig","2026-09-28 07:34:02",1492.6,2,myab07
2559,16678080,"Timothy Adeyemi","2026-09-19 16:58:52",1491.8,2,timothyadeyemi
2560,16653927,"Fernando GH H","2026-09-27 02:40:20",1491.1,2,fernandoghh2
2561,16852208,"LONG NT123","2026-09-19 08:30:22",1490.3,2,longnt123
2562,16937817,Yuki_ARL,"2026-09-21 17:58:56",1490.1,1,yukiarl
2563,16790652,救赎之道，就在其中,"2026-09-20 01:08:29",1490.0,2,"mengyihu,pengchaozheng"
2564,16736198,JetJetGo,"2026-09-19 14:10:00",1489.4,2,psykrishna
2565,16790091,"[Deleted] 0c90d8c7-6287-45e2-a53d-b800213ae7c3","2026-09-23 14:47:14",1489.4,2,del=09910093914da146
2566,16866689,snehitha,"2026-09-23 13:47:34",1488.9,2,andapallysnehitha
2567,16668123,B0RN2BL0W0UT,"2026-09-19 19:30:24",1488.4,2,kadenmansur
2568,16810472,YuanKing77,"2026-09-28 08:57:56",1488.3,2,yuanking77
2569,16731074,UmutUygurr,"2026-09-28 17:06:52",1488.2,2,"dilahbaheci,umuttuygurr"
2570,16827571,"BNBU Astra","2026-09-28 08:19:15",1488.1,2,"andycooper747,austindengkaggle,BNBUDINGSHANLee21,yuxiang328"
2571,16635969,"Omkar Kadam","2026-09-28 16:42:48",1487.7,2,"itzzomkar,khanayanayub,princypaonam"
2572,16770979,"Paulo Martins","2026-09-28 02:56:44",1487.1,2,paulomartins87
2573,16759501,BaconT,"2026-09-22 15:56:11",1486.5,2,bacont
2574,16731630,SatoshiN04,"2026-09-27 23:19:51",1485.8,2,satoshinakamura04
2575,16929902,Daijun_zju,"2026-09-21 07:23:03",1485.6,2,daijunzju
2576,16811703,KaggricultureX,"2026-09-28 12:23:50",1485.6,2,"hanwang666,huanghaoyu7280,lannuo,liangzixiabc"
2577,16898309,"Mohammad Albaddawi","2026-09-19 14:27:45",1485.5,2,m7mdalbaddawi
2578,16941720,Abdellatif,"2026-09-22 13:35:50",1485.5,2,moussaid
2579,16849814,"Mr. Architect","2026-09-20 08:06:03",1485.3,2,vietnguyen130593
2580,16943490,"green algeria","2026-09-22 19:12:48",1485.2,2,greenalgeria
2581,16863383,HanFish,"2026-09-26 11:04:51",1484.4,2,hananfish
2582,16671412,Xman,"2026-09-28 13:35:11",1484.2,2,xuanzhang001
2583,16753820,sbite0138,"2026-09-28 15:31:44",1483.7,2,sbite0138
2584,16920912,wxxbest,"2026-09-23 13:36:08",1483.6,2,w20260801
2585,16914950,"Alessio Mezzina","2026-09-22 07:11:58",1483.5,2,alessiomezzinaaa
2586,16826999,donaldxu,"2026-09-28 13:31:45",1483.2,2,abc1705
2587,16838914,kikikukikii,"2026-09-20 11:03:49",1483.2,2,kikikukikii
2588,16710428,"Mansi Aggarwal","2026-09-28 18:13:49",1482.5,2,mansiaggarwal88
2589,16700207,"S. Mujtaba Hussain","2026-09-23 08:49:23",1482.4,2,smujtabahussain
2590,16761267,"Pranav Arvind","2026-09-19 13:28:32",1482.1,2,pranavarvind
2591,16714159,Lonnie,"2026-09-22 16:13:10",1481.8,2,lonnieqin
2592,16630964,LEEKANG,"2026-09-19 08:43:02",1481.7,2,poby7722
2593,16805906,FENGYESHAN,"2026-09-26 04:07:51",1481.7,2,fengyeshan
2594,16900902,"Younes Chafi","2026-09-23 12:36:44",1481.6,2,youneschafi
2595,16632138,kaggle_bbgg,"2026-09-28 16:22:14",1480.8,2,kagglebbgg
2596,16885090,higuuu,"2026-09-27 05:40:50",1480.8,2,higuuu
2597,16860559,"Sara Lark","2026-09-28 14:07:12",1478.8,2,saralark
2598,16632214,roomer,"2026-09-27 16:09:21",1478.8,2,"matsuphy,mqme526,yasunamiura"
2599,16701697,Pelican,"2026-09-24 14:11:36",1478.7,2,chetanagrawall
2600,16723241,TrinhDung16,"2026-09-19 04:29:59",1478.4,2,trinhdung16
2601,16806568,"Mumtaz Ahmad Maitla","2026-09-28 07:11:40",1478.3,2,mumtazahmadmaitla
2602,16622788,Fitzcarraldo,"2026-09-27 06:42:36",1478.0,2,ivankuc
2603,16817923,"Adhiraj Jagtap","2026-09-28 13:36:08",1477.7,2,adhirajjagtap
2604,16844518,"Haroon Rasheed","2026-09-24 04:47:28",1477.7,2,haroonnsgb
2605,16635600,"Divyansh Kumar","2026-09-28 11:20:31",1477.1,2,"divyanshkumar3,vivekjeetpatel"
2606,16654681,htech5,"2026-09-25 13:19:38",1476.9,2,htech5
2607,16884751,"full-auto agent","2026-09-28 11:52:40",1476.2,2,"idcode,pychat,regularl2,tokenrank"
2608,16944358,Kobamiyannnn,"2026-09-23 02:50:24",1476.2,2,kobamiyannnn
2609,16743055,栗ご飯,"2026-09-26 22:23:06",1476.2,2,criticalpath1903
2610,16806249,CLJY,"2026-09-28 08:13:21",1475.1,2,cljy2026
2611,16654379,"Sebastian Mateus","2026-09-28 14:01:40",1474.5,2,"brenorb,sebastianmateus"
2612,16941958,"Justin Anderson","2026-09-25 10:20:24",1474.3,2,justanderson
2613,16658840,sanju25,"2026-09-18 14:32:41",1474.1,2,sanju25
2614,16652214,Zhenrui.Weng,"2026-09-20 04:23:41",1474.0,2,zhenruiweng
2615,16756698,savoelh,"2026-09-28 18:15:07",1474.0,2,savoelh
2616,16757392,Winter01,"2026-09-28 10:17:13",1473.9,2,wei111111
2617,16731776,ASH,"2026-09-24 09:17:40",1473.7,2,pentannnn
2618,16929367,SimulationXYZ,"2026-09-28 13:35:34",1472.8,2,"biandatong,fan41786,taomarktao,ycc13688881999"
2619,16854072,r13721,"2026-09-19 15:19:42",1472.8,2,r13721
2620,16939130,BenRed1,"2026-09-28 00:59:20",1472.4,2,benred1
2621,16666719,helenkwok,"2026-09-28 16:44:09",1471.7,2,helenkwok
2622,16811920,"MINGXI LIU","2026-09-28 16:39:52",1471.6,2,wang5630900
2623,16793385,"Rishav Utkarsh","2026-09-19 18:07:24",1471.5,2,rishavutkarsh
2624,16802752,hako22,"2026-09-22 01:31:31",1471.3,2,hako22
2625,16843522,clouds111,"2026-09-24 13:40:53",1471.1,2,clouds111
2626,16665596,chunhu666,"2026-09-26 08:12:26",1471.0,2,chunhu666
2627,16857458,HIIHIH,"2026-09-28 15:33:37",1470.9,2,hiihih
2628,16944157,"Aly Dhedhi","2026-09-23 00:53:42",1470.7,2,alydhedhi
2629,16871053,Ni123456&,"2026-09-25 05:05:05",1470.7,2,bingdongni
2630,16656382,Aevion-Labs,"2026-09-23 14:23:35",1470.6,2,aevionlabs
2631,16863551,"Fady Mohammed","2026-09-26 04:39:25",1470.5,2,fadymagdy
2632,16777394,antadam127,"2026-09-19 23:03:20",1470.4,2,antadam127
2633,16791248,"Ioannis Tzachristas","2026-09-19 06:15:43",1470.4,2,"ioannistzachristas,lilishyxf"
2634,16661533,wangyuou,"2026-09-25 11:22:49",1470.1,2,wangyuou
2635,16630740,"Ramazan Turan","2026-09-19 08:51:11",1470.0,2,ramazanturann
2636,16663851,"Harshith revuru","2026-09-19 19:18:24",1469.9,2,harshithrevuru
2637,16733016,Quillbolt,"2026-09-28 11:09:01",1469.9,2,tunminhhunh
2638,16728996,autowin,"2026-09-20 06:57:56",1469.5,2,atharvjairath
2639,16764546,Thirst,"2026-09-15 13:07:32",1469.2,2,wahidakram
2640,16658499,Grifun,"2026-09-28 15:25:45",1469.0,2,msingatullin
2641,16866014,htsbrer,"2026-09-20 00:09:51",1468.9,2,ht5brer
2642,16831179,"Andrey Baranov","2026-09-23 16:19:45",1468.4,2,baranov
2643,16722619,vlavlalva,"2026-09-20 13:44:47",1468.4,2,cppcph
2644,16640552,"rupsa roy","2026-09-27 13:23:40",1468.3,2,rupsarroy
2645,16659942,"Abdoulaye DIAW","2026-09-22 09:46:49",1468.3,2,abdoulayediaw25
2646,16919736,elda27,"2026-09-22 01:32:59",1468.2,2,elda27
2647,16668370,"Matthew Labrador","2026-09-17 14:07:15",1468.2,2,m4tyuuu
2648,16630829,Ivan1625,"2026-09-28 08:30:15",1468.0,2,ivan1625
2649,16838589,iCO,"2026-09-26 17:00:02",1467.3,2,takashimaeda
2650,16775474,ERS,"2026-09-19 06:16:01",1466.6,2,shingo257
2651,16689926,3MnRho,"2026-09-19 06:59:04",1466.0,2,yongxiangzhao
2652,16734715,史永刚,"2026-09-28 06:19:15",1465.5,2,shizehao
2653,16792927,EnricRovira,"2026-09-28 17:09:59",1465.2,2,enric1296
2654,16621249,"Kunal Aarse","2026-09-28 09:13:38",1465.1,2,kunalinfinite
2655,16688907,青烟,"2026-09-26 15:01:44",1464.9,2,"imagine4391,mortal4416"
2656,16926016,"[KGZ] Aruke Sulaimanova","2026-09-19 15:15:47",1464.9,2,arukesulaimanova1
2657,16870350,praneethb7,"2026-09-27 12:19:57",1464.7,2,praneethbudati
2658,16739537,"Bina Salama","2026-09-24 10:00:16",1464.6,2,binasalama
2659,16936434,joshuag99,"2026-09-27 08:15:37",1464.6,2,joshuag99
2660,16635067,"Berat Egemen Gök","2026-09-23 19:09:42",1463.9,2,berategemengk
2661,16755808,"Van-Phuc Huynh","2026-09-22 07:21:40",1463.4,2,hvanphucs112
2662,16672371,Loren-wen,"2026-09-27 04:40:08",1463.1,2,wofusituerte
2663,16667604,L7n,"2026-09-17 08:29:55",1462.9,2,znwe342
2664,16723967,dk2lone,"2026-09-26 01:25:11",1462.4,2,dk2lone
2665,16623749,Tejas,"2026-09-17 09:53:36",1461.8,2,tejuuss
2666,16890976,zyh222,"2026-09-28 00:55:27",1461.4,2,"eason0407,hrj314,tanghuan2005,zyh222"
2667,16885933,"Nadeem Kilani","2026-09-23 03:32:45",1461.4,2,fifthway
2668,16730446,photunix,"2026-09-27 14:13:30",1461.4,2,photunix
2669,16660090,"Kaggriculture @ Farmageddon","2026-09-27 10:35:32",1461.2,2,gary08phillios
2670,16663485,"Jacob Alstrup","2026-09-28 15:08:44",1460.1,2,jacobalstrup
2671,16682254,"Jeffery Jerome Harris","2026-09-28 07:41:58",1460.0,2,jefferyjeromeharris
2672,16743852,"Giovanni Giorgio","2026-09-18 14:57:23",1459.9,2,"alexandermlad,erikpymay"
2673,16692432,"Les 2 oies","2026-09-28 18:23:12",1459.7,2,"sanarceate,youyoucrf"
2674,16671150,Mc10nys0n,"2026-09-28 14:32:03",1459.6,2,rattanunt
2675,16866458,lalal2006,"2026-09-23 14:26:28",1459.2,2,lalal2006
2676,16888126,Iminabo,"2026-09-17 16:21:33",1458.9,2,iminabo
2677,16746317,xingyun_byto,"2026-09-28 15:03:37",1458.5,2,xingyunbyto
2678,16875601,forwardidear,"2026-09-19 08:49:41",1458.1,2,forwardidear
2679,16775010,"Alexey Kuznetsov","2026-09-19 14:26:40",1458.0,2,legtarrr
2680,16656340,MAGMA,"2026-09-26 01:49:48",1457.6,2,infiheart
2681,16884417,"malcolm tan","2026-09-18 18:24:39",1456.4,2,malcolmtan
2682,16676321,"tao wu11","2026-09-27 07:17:27",1456.3,2,"taowu11,xujchill"
2683,16822706,"YUE WU","2026-09-21 00:34:02",1456.1,2,yuewuacademic
2684,16890772,tcipin-egor,"2026-09-19 01:12:37",1456.0,2,egorich51
2685,16743639,Hanserong,"2026-09-18 06:20:56",1454.7,2,"ronghedragon,rufus666"
2686,16879879,wulawulacong,"2026-09-18 03:56:01",1454.7,2,wulawulacong
2687,16922609,rofa2,"2026-09-18 23:05:58",1453.9,2,"gaoyuanjun,zhdmath"
2688,16910041,"Gorgulu Fried Chicken Wings","2026-09-28 17:13:31",1453.5,2,"jingshixu,ooorangecatt"
2689,16882280,K_daisuke,"2026-09-18 16:07:55",1453.5,2,kawakamidaisuke
2690,16870596,juicyorange,"2026-09-27 22:35:09",1453.3,2,billychau1
2691,16623263,ASHML,"2026-09-19 20:19:53",1453.0,2,ashml
2692,16777138,"Anna Pakhaliuk","2026-09-27 16:29:48",1452.4,2,annapakhaliuk
2693,16677565,"Avish Sinha","2026-09-28 10:47:26",1451.7,2,avish006
2694,16712863,ominteam,"2026-09-28 17:15:36",1451.2,2,"luantony,suruikk"
2695,16690065,JiangWenfeng1,"2026-09-27 14:29:04",1451.0,2,jiangwenfeng1
2696,16657785,"Himanshu Kumar","2026-09-27 18:41:37",1450.8,2,himanshujha2812
2697,16921850,"Leon Sakakibara","2026-09-21 02:05:50",1450.1,2,leonsakakibara
2698,16764901,"Han Chen","2026-09-22 09:05:16",1449.8,2,puffohan
2699,16913591,fly,"2026-09-18 07:06:04",1449.6,2,"azh1sdad,linjingmax,rong414,w1ll1am10,yuhanleo"
2700,16801797,Tv,"2026-09-27 15:45:59",1448.9,2,linyeah
2701,16784829,"Masahiro Yamagata","2026-09-28 09:53:11",1448.3,2,masahiroyamagata
2702,16721079,"six seven swag","2026-09-27 14:24:37",1448.0,2,polinababiichuk
2703,16780062,Kousuke55,"2026-09-25 15:01:04",1447.3,2,kousuke555
2704,16765151,htnhtn,"2026-09-26 13:00:38",1446.8,2,htnhtn
2705,16639550,data_gardening_club,"2026-09-28 17:37:41",1445.3,2,"hideyochiba,mitsuaccessjam"
2706,16885430,zoujustkidding,"2026-09-18 08:42:04",1444.0,2,chenxianshen123
2707,16906666,"selam ya","2026-09-28 17:21:05",1443.4,2,selamya
2708,16685014,"Vishal Kishore","2026-09-20 11:55:12",1443.4,2,kishorevishal
2709,16637919,NoOneAhead,"2026-09-19 03:24:29",1443.1,2,jerrlu
2710,16888261,"Andreas meling","2026-09-19 22:03:28",1442.7,2,andreasmeling
2711,16897519,SShota-box,"2026-09-18 05:12:20",1441.5,2,sshotabox
2712,16746275,LittleScottyy,"2026-09-19 11:11:39",1441.3,2,fongwaiyong
2713,16635280,"Narendra Sirvi","2026-09-24 04:12:37",1441.0,2,narendras78
2714,16711918,"Pavel Filin","2026-09-28 17:37:31",1440.7,2,pavelfilin
2715,16839580,"Søren Ravn Andersen","2026-09-16 13:57:31",1440.5,2,sorenravn
2716,16875763,"芳村 愛支","2026-09-20 03:21:14",1440.4,2,shin1012
2717,16911021,spark328,"2026-09-19 10:30:15",1440.0,2,spark328
2718,16903912,樱花冷月,"2026-09-18 06:28:43",1439.7,2,yinghualengyue
2719,16751899,peggy,"2026-09-28 09:59:58",1439.7,2,refrigerator21
2720,16697249,"Sudharsana Rajasekaran","2026-09-24 01:19:07",1438.9,2,sudhan03
2721,16903793,"Zhongkai Shangguan","2026-09-28 06:48:36",1438.8,2,leonshangguan
2722,16817750,"Baiqing Wang","2026-09-18 08:46:19",1437.9,2,wangbqbqbq
2723,16924209,AmirabbasBF2027,"2026-09-24 19:10:14",1437.2,2,amirabbasbf2027
2724,16655766,前衛,"2026-09-18 16:22:25",1436.4,2,"atharvranjan,shreyasgandhe,siddharth9077"
2725,16733839,"Fabian Ruiz","2026-09-19 21:47:07",1434.9,2,fabianruiz3
2726,16764868,y129besan,"2026-09-19 02:30:37",1434.6,2,y129besan
2727,16721259,Qsj,"2026-09-24 01:31:34",1433.7,2,qiaoshiji
2728,16623708,"Chekhlov Dmitrii","2026-09-18 13:45:33",1433.6,2,zoli800
2729,16791369,dataix,"2026-09-28 17:40:33",1433.5,2,codymachody
2730,16891588,Krtecek,"2026-09-20 11:16:13",1432.9,2,krtecek
2731,16652630,stars_w,"2026-09-18 06:57:00",1432.2,2,starsw
2732,16740010,"[Deleted] 3d43f904-9731-4807-b835-0ae07351a8c7","2026-09-20 18:57:10",1432.0,2,del=230950f98ee5f235
2733,16806635,digimagi,"2026-09-22 08:18:35",1431.6,2,digimagi
2734,16863212,"Jayanth Koppala","2026-09-21 19:38:51",1431.4,2,jayanthkoppala
2735,16856629,Methematics,"2026-09-17 15:14:04",1430.8,1,pavelvasilevskiy
2736,16905157,Moonyk,"2026-09-16 08:16:37",1430.5,1,moonyk
2737,16880856,jinxingweilai,"2026-09-17 03:05:31",1429.8,2,jinxingweilai
2738,16823981,"mou mou","2026-09-21 13:30:48",1429.3,2,moumou6322
2739,16880296,"CT in CS","2026-09-28 10:12:22",1429.3,2,"anhphamtranminh,nguyenvietdat,nnvietha,toanleducanh"
2740,16888648,"MAOSEN ","2026-09-21 10:40:03",1428.5,2,maosen
2741,16880975,"Shenyu Ma","2026-09-18 15:19:11",1428.4,2,shenyuma
2742,16824010,yuxingyizhou,"2026-09-28 15:19:46",1428.3,2,yuxingyizhou
2743,16854776,aruuu,"2026-09-24 03:30:09",1428.2,2,arruuu
2744,16881660,Prateek,"2026-09-28 17:41:40",1427.7,2,prateekagnihotri
2745,16825340,xiaoBOSS97,"2026-09-21 15:18:33",1427.6,2,xiaoboss97
2746,16915888,"Steve T","2026-09-20 05:28:41",1427.2,2,jamesfitxroi
2747,16810954,BayramAnnakov,"2026-09-19 11:14:29",1426.9,2,bayramannakov
2748,16677774,"Abdulatif Mahgoub","2026-09-27 17:00:28",1425.6,2,abdulatifmahgoub
2749,16621628,pupen_o,"2026-09-23 17:16:53",1425.3,2,pupeno
2750,16926797,aurnik,"2026-09-24 19:26:39",1424.9,2,aurnik
2751,16798989,"Harvest Sun","2026-09-17 06:18:22",1424.2,2,zaoooo29
2752,16730301,wonder777,"2026-09-28 17:32:21",1424.2,2,wonder777
2753,16781279,zhyphirus,"2026-09-16 11:08:51",1423.7,2,zhyphirus
2754,16708315,beeyan,"2026-09-28 12:57:25",1423.5,2,beeyan0821
2755,16820596,Karina,"2026-09-28 17:54:04",1423.3,2,karinajoey
2756,16915895,Shaylynn,"2026-09-17 15:58:29",1422.7,1,shittttttt
2757,16680144,AM,"2026-09-17 15:52:11",1422.6,2,adammekky
2758,16807373,"junxing peng","2026-09-17 07:28:50",1422.0,2,junxingpeng
2759,16897955,Diganta,"2026-09-18 15:58:46",1421.7,2,digantabhattacharya
2760,16770842,yatakeuc,"2026-09-28 12:54:08",1420.5,2,yatakeuc
2761,16743427,Under遊具,"2026-09-18 06:00:32",1420.4,2,andayougui
2762,16907699,"zhirong ye","2026-09-18 16:25:01",1419.0,2,zhirongye
2763,16632708,__Taichicchi__,"2026-09-27 22:30:30",1419.0,2,hutch1221
2764,16859157,"David Mensah-Gbekor","2026-09-17 22:03:56",1418.8,2,ravdave
2765,16861616,"Gagan Deep","2026-09-20 14:50:30",1418.8,2,gagandeep1
2766,16908326,"Cristiano M Martins","2026-09-27 19:18:43",1418.1,2,cristianommartins
2767,16907595,"Eric Zhang63","2026-09-18 18:15:50",1416.6,1,"ericzhang63,szqg666"
2768,16805778,"Dương Đức Anh","2026-09-17 14:52:22",1416.6,2,"dda2k6,trungdttik55"
2769,16729488,"Bala vighnesh Reddy","2026-09-20 11:38:40",1416.5,2,balavighneshreddy
2770,16852963,LingLingToshite,"2026-09-28 08:20:06",1416.0,2,lingtoshitehiroki
2771,16917982,"Haitao56 ","2026-09-19 14:38:52",1415.7,2,haotao56
2772,16653078,pk210495,"2026-09-21 12:11:20",1415.5,2,pk210495
2773,16921161,"earl naranja","2026-09-18 14:29:46",1415.5,1,earlnaranja
2774,16912371,Dorararra,"2026-09-23 03:37:28",1414.9,2,dorafairy661
2775,16927981,narihz,"2026-09-22 12:25:06",1414.1,2,xiaochaizhen
2776,16669089,YujieXing10,"2026-09-22 18:01:14",1414.1,2,yujiexing10
2777,16886174,还没想好冥,"2026-09-18 14:45:39",1414.1,2,"fufustory,hashak,linjunren1016,mushroom1763,yamaer"
2778,16667346,Artwenty-six,"2026-09-27 04:57:22",1413.9,2,rezakautsarinsani
2779,16741243,"Yasin Mert Şahin","2026-09-27 21:43:48",1413.8,2,ymertsahin
2780,16826555,AioRaito,"2026-09-18 16:49:58",1413.3,2,aioraito
2781,16875968,"Dias Bakhtiyarov","2026-09-16 19:41:15",1412.8,2,diasbakhtiyarov
2782,16621610,NMarkS,"2026-09-21 12:03:36",1412.7,2,nmarks
2783,16897870,妮选择遗忘的,"2026-09-17 13:59:51",1412.2,2,yk120951
2784,16661622,"Ergin Akın","2026-09-21 17:19:04",1411.6,2,erginakin
2785,16796223,"Bohan Shao","2026-09-18 11:27:52",1411.6,2,bohanshao
2786,16632757,taopy2,"2026-09-28 12:30:31",1411.5,2,taopy2
2787,16664751,"Cindy Meng90","2026-09-21 08:37:53",1411.5,2,cindymeng90
2788,16635055,chch,"2026-09-28 12:49:56",1411.4,2,chchentw
2789,16676904,researchstudio.site,"2026-09-28 17:57:28",1410.5,2,fistyee
2790,16899240,"Abel Mendez","2026-09-25 04:42:43",1410.4,2,abelmendez
2791,16659160,"Dmitry Bardonov","2026-09-18 18:20:26",1409.9,2,bdesim
2792,16669711,"Anton Shaniuk","2026-09-18 18:08:55",1409.8,2,antonshaniuk
2793,16749466,"The Wolf of Wheat Street","2026-09-16 23:35:18",1409.7,2,"lijuantang19,yuemengzheng01"
2794,16654373,thwaitsusa2,"2026-09-28 12:15:27",1409.4,2,thwaitsusa2
2795,16936777,tagokoro,"2026-09-24 05:14:27",1409.3,2,tagokoro
2796,16710459,Nironiro,"2026-09-27 15:44:01",1409.1,2,nironiro
2797,16759626,"Ghazaros Barseghyan","2026-09-28 14:19:26",1408.3,2,ghazarosbarseghyan91
2798,16899300,"Yassine Chritt","2026-09-17 06:31:14",1408.1,2,yassinechritt
2799,16806376,pardival,"2026-09-28 12:23:49",1408.0,2,pardival
2800,16682667,"zeel vavliya","2026-09-26 10:43:07",1408.0,2,zeelvavliya
2801,16731832,jackee777,"2026-09-27 18:07:56",1407.9,2,jackee777
2802,16878968,"Dale Zhong","2026-09-28 17:19:19",1407.6,2,dalezhong
2803,16860811,XiaoXiaoJ,"2026-09-17 19:38:39",1406.9,2,xiaoxiaoj
2804,16843555,sol12378,"2026-09-22 05:46:50",1406.9,2,sol12378
2805,16726816,"Games Jadley","2026-09-24 22:02:50",1406.5,2,gamesjadley
2806,16849125,"OBSTACLE DEVELOPER","2026-09-26 09:46:19",1406.2,2,obstacledeveloper
2807,16786092,Shiru2,"2026-09-28 16:42:17",1406.0,2,shiru2
2808,16811868,luyinn,"2026-09-28 08:12:26",1405.5,2,luyinn
2809,16810595,dauriel,"2026-09-28 15:47:20",1405.4,2,"dauriel,theakshay"
2810,16793452,"Ghazaros Ghazaros","2026-09-28 06:19:02",1404.9,2,ghazarosghazaros
2811,16772109,Yashvs56,"2026-09-19 11:04:41",1404.9,2,"vivaancyber,yashvs56"
2812,16623678,"Mahog & Gerar","2026-09-28 01:14:16",1404.9,2,"gerardeltoro,mahoganybuttstrings"
2813,16891562,"Weverton Guedes","2026-09-25 12:29:45",1404.9,2,owevertonguedes
2814,16845382,Alpha_Ashwin007,"2026-09-23 20:31:55",1404.6,2,alphaashwin007
2815,16909973,"Tri Tuc Cao","2026-09-17 09:59:28",1404.4,1,tricao
2816,16849778,"Kim Minh","2026-09-22 03:21:00",1404.3,2,hanming14
2817,16876520,OpenModelMap,"2026-09-18 15:05:55",1404.1,2,openmodelmap
2818,16898547,"[Deleted] 56e880dc-015c-4899-9c1b-85d9958ef4af","2026-09-15 18:25:34",1404.1,2,del=84798c2d77df7d9d
2819,16758954,shenjj02,"2026-09-17 02:30:08",1403.6,2,shenjj26
2820,16732735,MMMMMMMMMMMM,"2026-09-16 14:57:27",1403.6,2,hyh273279
2821,16635745,DataRockstar,"2026-09-28 05:41:13",1403.5,2,"amaropeter,jvlegend"
2822,16768104,"Ivan Aleksandrov","2026-09-28 17:11:59",1403.3,2,ivanblch
2823,16651257,PursueML,"2026-09-22 16:24:27",1403.1,2,"cuijohn,pursueml"
2824,16912052,"Nana Bast","2026-09-18 16:29:38",1401.6,2,"fontainedefurina,nanabast"
2825,16687479,kowalskii,"2026-09-17 08:52:42",1398.7,2,anirudhkumaraheer
2826,16940722,"Jalen ShiAo","2026-09-28 14:47:48",1398.6,2,jalenshi
2827,16621683,Shivangoudaa,"2026-09-16 16:04:07",1398.4,2,ishivapatil
2828,16740034,BSCode,"2026-09-28 16:51:07",1398.3,2,bscode
2829,16830526,"Raghav Agrawal","2026-09-23 17:42:54",1398.0,2,raghagra
2830,16743172,moonzfxs,"2026-09-23 15:34:29",1397.8,2,moonzfxs
2831,16662318,"Bardia Bahadori","2026-09-18 15:21:53",1397.3,2,bardiabahadori
2832,16894457,kento2002,"2026-09-17 16:44:18",1397.0,2,kento2002
2833,16796544,"Xiaonan FU","2026-09-16 01:44:11",1395.9,2,xiaonanfu999
2834,16679004,"Kevin Zhao","2026-09-22 07:36:22",1395.7,2,kevinzhao666
2835,16681100,Chiranjith,"2026-09-17 11:37:34",1395.4,2,chiranjithdharma
2836,16933118,wkdbskwsm,"2026-09-27 09:58:40",1394.6,2,wkdbskwsm
2837,16768543,caas_sicca,"2026-09-19 07:56:21",1393.8,2,caassicca
2838,16623577,"Jiayi Tang","2026-09-24 11:24:41",1392.4,2,mannguo
2839,16623199,"Jesse Ferguson","2026-09-25 22:32:37",1392.3,2,jesseferguson
2840,16908116,"Kabir Potdar","2026-09-16 18:40:56",1392.1,2,kabir01010
2841,16714134,"Raul Tinajero","2026-09-17 19:57:39",1391.1,2,raultinajeroo
2842,16670659,saumyagupta12,"2026-09-26 18:07:30",1389.3,2,saumyagupta12
2843,16670967,"Ne ML Clan","2026-09-28 18:07:18",1389.3,2,"al55522me,egoregors,sirgauda,vladmazeev"
2844,16855268,"Jiayi Du","2026-09-26 21:17:21",1389.1,2,jahyee
2845,16774250,"C R Suthikshn Kumar","2026-09-28 17:15:33",1387.6,2,crsuthikshnkumar
2846,16891851,kamranahmmed,"2026-09-23 12:49:22",1386.9,2,kamranahmmed
2847,16897719,"Muhammad Aashir Irshad","2026-09-21 14:44:03",1386.8,2,muhammadaashirirshad
2848,16728135,sukirman,"2026-09-16 03:25:01",1386.8,2,rakbidb
2849,16707994,"Ayush Gupta #2","2026-09-17 22:21:54",1386.4,2,desmond6101
2850,16910590,Hubillionaire,"2026-09-17 06:56:01",1385.9,2,hubillionaire
2851,16850078,"Safwan Amin","2026-09-16 16:53:04",1385.7,2,bracu23101281
2852,16738408,kujitama,"2026-09-17 12:13:20",1385.0,2,tyamujin
2853,16773170,"yy li","2026-09-24 03:40:48",1384.4,2,yangyili11
2854,16643693,"Kerem çelik","2026-09-27 19:13:34",1383.9,2,keremelik
2855,16635910,K3V1NM,"2026-09-18 13:33:33",1383.9,2,k3v1nm
2856,16773448,"Qamar usman","2026-09-28 17:20:42",1383.3,2,qamarmath
2857,16847620,york1to,"2026-09-15 19:10:35",1383.3,2,yorkkang
2858,16904006,vorlian,"2026-09-16 03:18:09",1383.2,2,vorlian
2859,16908832,"ranya marwan","2026-09-18 20:46:58",1382.8,2,ranymarwan286
2860,16716012,LaiCxm,"2026-09-24 11:50:02",1382.5,2,laicxm
2861,16855477,SiriusStarRally,"2026-09-16 09:32:59",1382.5,2,siriusstarrally
2862,16685342,"Kanth Da","2026-09-21 04:15:12",1382.4,2,"kanthda,riteeshreddybysani"
2863,16892796,FunLegendGaming,"2026-09-17 16:27:04",1382.2,2,funlegendgaming
2864,16725947,SamarthRawat18,"2026-09-24 16:29:45",1381.8,2,samarthrawat18
2865,16881600,"Yoshihiro Hatakeyama","2026-09-21 03:41:49",1381.6,2,yoshihiro1909
2866,16739019,quzhihang,"2026-09-23 08:28:40",1381.3,2,quzhihang
2867,16673131,"Arfin Mustofa","2026-09-17 01:40:55",1381.0,2,arfinmustofa
2868,16692711,Deniz,"2026-09-16 14:51:14",1380.9,2,denizeryilmaz
2869,16639844,MaxChen303,"2026-09-20 03:12:58",1380.2,2,maxchen303
2870,16731983,Gracie,"2026-09-27 13:23:32",1379.7,2,gracie428
2871,16701948,"Shaokai Zhang","2026-09-19 10:58:04",1379.4,1,shaokaizhang
2872,16793553,hoon0303,"2026-09-16 12:38:01",1378.7,2,hoon0303
2873,16865570,"Kedar Kale","2026-09-22 14:32:10",1378.5,2,kedarkale
2874,16915374,"Muaz Husaini","2026-09-21 06:18:49",1378.1,2,muazhus
2875,16676762,"Tomas Escobar Rivera","2026-09-16 01:46:24",1377.2,2,tomasescobarrivera
2876,16840576,kfsky,"2026-09-19 11:16:48",1376.5,2,kengofujii
2877,16791999,"Dashi Tsybikzhapov","2026-09-28 11:01:31",1376.0,2,dashitsybikzhapov
2878,16830678,Voodoo_m88,"2026-09-26 05:18:05",1375.6,2,voodoom88
2879,16862967,Unicorns,"2026-09-15 17:50:14",1375.4,2,"isaacjiang,ryokitano"
2880,16847311,WangYilin_henuAI,"2026-09-21 03:46:35",1375.1,2,"hyhyyh,violin1,xiaoming1238952"
2881,16748738,Shymohn,"2026-09-17 07:01:37",1375.1,2,shymohn
2882,16826719,"Dennis HT","2026-09-18 09:43:32",1374.7,2,dennisht
2883,16897094,Ryota-Di,"2026-09-23 01:49:48",1374.5,2,ryota6230
2884,16697139,Stocks152,"2026-09-20 04:10:05",1374.4,2,stocks152
2885,16688460,lllleeeo,"2026-09-16 17:38:13",1373.1,2,lllleeeo
2886,16886193,"Xiaoyong Zhu","2026-09-15 01:23:47",1372.6,2,xiaoyzhu
2887,16729102,"Bruce Zheng","2026-09-16 06:58:02",1372.4,2,brucezheng666
2888,16761324,WLYYYo,"2026-09-22 14:15:28",1372.4,2,wlyyyo
2889,16903902,wanghaozhi,"2026-09-20 02:00:08",1372.2,2,wanghaozhi
2890,16877685,"Felipe Figueiredo","2026-09-24 02:47:56",1372.1,2,felipefigueiredo02
2891,16791828,Ling,"2026-09-14 21:50:30",1371.7,2,lingbia
2892,16764605,"Bandito Gangesterito","2026-09-28 16:10:05",1371.6,2,"mrtrueteller,restovrator"
2893,16895926,Zengr1,"2026-09-17 09:58:50",1371.3,2,zengr1
2894,16915300,wanhty,"2026-09-18 13:43:54",1371.1,1,wanhty
2895,16662314,"Hanh Tran","2026-09-16 09:57:42",1371.0,2,honghanhhh
2896,16670933,Pat,"2026-09-15 05:34:10",1370.4,2,junseia
2897,16647192,"Sailor Ren","2026-09-27 10:05:09",1370.3,2,"dongdongjiaqi,sailorren"
2898,16706576,王一凡,"2026-09-23 01:33:57",1370.3,2,"liuziyang1016,mikakohinata68"
2899,16861256,lizh2025,"2026-09-27 15:04:10",1370.2,2,lizh2025
2900,16644481,Liquidus,"2026-09-16 02:57:18",1370.1,2,liquidus
2901,16651806,shawnYiB,"2026-09-28 04:44:25",1369.9,2,"mike17cui,shawnyib"
2902,16827097,"Bình Trần Thanh","2026-09-16 03:47:00",1369.5,2,dsdadasda
2903,16838625,kyohei2106,"2026-09-17 22:37:42",1369.4,2,kyohei2106
2904,16895014,trying_out,"2026-09-15 20:03:10",1368.7,2,"samiatisha,vickysynapsev"
2905,16657276,"Пётр П","2026-09-25 22:36:49",1368.6,2,petrinvest
2906,16739181,yamu_duck,"2026-09-18 12:14:10",1368.5,2,crazyleg11
2907,16887661,magic101,"2026-09-14 22:48:26",1368.4,2,magicbuttons
2908,16751603,xxxzzz123312123321,"2026-09-24 02:40:01",1368.3,2,xxxzzz123312123321
2909,16662681,"Vernon Campbell","2026-09-18 01:51:57",1368.2,2,vernoncampbell
2910,16889004,SkOnTheRocks,"2026-09-15 11:43:43",1368.0,2,skontherocks
2911,16878308,Pjchauhan,"2026-09-25 04:59:56",1367.4,2,pjchauhan
2912,16635418,ocean240812,"2026-09-23 10:27:41",1366.6,2,ocean240812
2913,16924959,"Shun Liou","2026-09-27 09:31:53",1366.6,2,shunliou
2914,16646970,juewang1p,"2026-09-21 13:00:11",1366.5,2,juewang1p
2915,16671504,Agentmaster,"2026-09-16 15:21:27",1366.1,2,"kinjaza,shawnno"
2916,16907222,"Harshith Kumar","2026-09-16 17:13:57",1366.0,2,harshith1212a
2917,16690401,Skyspace,"2026-09-16 11:02:11",1365.0,2,empireblue
2918,16866968,HXS-CF13,"2026-09-27 18:25:51",1364.8,2,hxscf13
2919,16774699,"Rio Nakamura","2026-09-16 09:25:16",1364.2,2,rionakamura10
2920,16807380,"D × MirAI","2026-09-28 10:11:21",1363.4,2,kmnkmn
2921,16626203,"Manish Kumar Maurya","2026-09-19 19:39:02",1363.3,2,manishkumarmaurya11
2922,16887142,backsider,"2026-09-16 09:34:44",1363.1,2,backsider
2923,16758817,Ruwawa,"2026-09-15 14:26:15",1362.6,2,ruwawa
2924,16726616,9Hash,"2026-09-26 10:46:04",1362.4,2,hashimrazi
2925,16625219,MJVinay,"2026-09-27 19:40:22",1362.1,2,mallajayanthvinay
2926,16728321,Rohitt_94,"2026-09-14 11:49:40",1362.0,1,rohitt94
2927,16770785,Brahim,"2026-09-28 10:10:50",1361.9,2,brahimdriss
2928,16622531,"musya lyusya team","2026-09-15 17:44:15",1361.2,2,vswz2nqp
2929,16681464,Amyel21,"2026-09-17 18:28:33",1360.8,2,amyel21
2930,16832231,lst1923,"2026-09-26 22:06:29",1360.7,2,lst1923
2931,16857404,gachichan,"2026-09-16 23:58:47",1360.6,2,gachichan
2932,16914244,Poemcourt,"2026-09-17 11:14:15",1359.8,1,poemcourt
2933,16673370,JeovaAnderson,"2026-09-24 15:45:12",1359.4,2,jeovaanderson
2934,16763551,"PRASHANT SHUKLA91","2026-09-28 16:57:15",1359.3,2,prashantshukla91
2935,16881248,Veerakrishna,"2026-09-17 16:30:12",1359.1,2,veerukhannan
2936,16679812,"Xiang Li","2026-09-28 18:12:24",1358.2,2,xianglipee
2937,16851147,Saifuddin,"2026-09-28 15:19:05",1357.9,2,syehsyoh
2938,16849328,"Gaurav #2","2026-09-17 13:14:38",1357.9,2,genesis96839
2939,16723620,3정훈,"2026-09-28 17:09:38",1357.7,2,az05192000gmailcom
2940,16896854,photonova,"2026-09-15 12:29:25",1357.6,2,photonova
2941,16896267,HendraDanuSaputraChauwito,"2026-09-16 12:37:41",1357.2,2,usilisme
2942,16791873,Eldritch,"2026-09-25 05:54:39",1357.0,2,"sanjay6727,thefool00"
2943,16854472,Taimo,"2026-09-27 15:36:50",1356.9,2,taikimori
2944,16750931,"Antonio Rotundo","2026-09-19 12:04:18",1356.6,2,antoniorotundo2
2945,16896033,omnifluxor,"2026-09-15 09:40:03",1356.6,2,omnifluxor
2946,16854521,koumiyata,"2026-09-27 08:32:40",1356.5,2,koumiyata
2947,16853125,"BEIKE YAN","2026-09-21 02:10:30",1356.4,2,craigsid
2948,16867924,PeaBrain,"2026-09-16 01:22:29",1356.3,2,abiruekanayaka1
2949,16904305,"YICHEN PAN","2026-09-16 18:39:53",1356.2,2,sakanamango
2950,16684704,LIQUIDHORSE,"2026-09-14 17:57:58",1356.2,1,liquidhorse
2951,16682032,"Satkar sarvankar","2026-09-25 14:17:58",1356.1,2,satkar003
2952,16896886,"hemloock ","2026-09-15 12:35:43",1355.8,2,hemloock
2953,16903970,qorlin,"2026-09-16 03:12:00",1355.1,2,qorlin
2954,16746372,"Meerub Atiq","2026-09-18 13:00:49",1354.7,2,meerubatiq
2955,16707303,meTeam,"2026-09-24 18:14:20",1354.4,2,aaronzribi
2956,16679827,Juanky_too,"2026-09-27 17:44:11",1354.3,2,juankytoo
2957,16862582,StephaneB7899,"2026-09-14 02:34:17",1354.2,2,stephaneb7899
2958,16905643,yngd99,"2026-09-16 12:32:42",1353.8,1,yngd99
2959,16763457,"Mohammad Essam","2026-09-26 16:13:34",1353.5,2,mohammedessam97
2960,16875618,"Joel P. Joseph","2026-09-25 13:57:41",1353.4,2,joelpjoseph
2961,16743392,tellurium_rrr,"2026-09-28 17:51:47",1353.4,2,telluriumrrr
2962,16677399,lyts,"2026-09-26 08:54:14",1353.2,2,lytsyyds
2963,16847370,"Suleyman Yollyyev","2026-09-25 05:54:55",1353.2,2,suleyman71
2964,16710499,sukeke,"2026-09-15 04:28:10",1352.9,2,sukeke
2965,16891791,judy12345.0316,"2026-09-15 05:38:38",1352.8,2,judy123450316
2966,16797029,phospholipid,"2026-09-20 23:17:05",1352.8,2,phospholipid0614
2967,16668157,"vineet dairashri","2026-09-24 21:14:39",1352.3,2,vineetdairashri
2968,16891432,porzlck,"2026-09-17 10:07:44",1352.2,2,orzlck
2969,16668688,"Nezihe Sözen","2026-09-28 14:52:13",1351.4,2,nezihesozen
2970,16893402,tedo,"2026-09-15 00:05:46",1351.2,2,takuroedo
2971,16863335,"Bright Choice AI","2026-09-28 08:14:59",1350.7,2,brightchoiceai
2972,16904732,Weifenhuan,"2026-09-28 15:18:32",1350.6,2,schwa6
2973,16755099,"Aleksandr Ulianin","2026-09-14 12:05:33",1350.2,2,aleksandrulianin
2974,16676278,"Om Sangwan","2026-09-23 15:04:01",1350.1,2,omsangwan
2975,16676034,"Songyot P","2026-09-18 06:33:06",1349.1,2,songyotpi
2976,16864125,culture,"2026-09-15 12:50:09",1348.9,2,shkurak
2977,16710466,"Charles Backman on LinkedIn","2026-09-14 14:14:42",1348.7,2,charlesbackman
2978,16767960,"Yuvraj Bhati","2026-09-14 23:24:32",1348.6,2,avioon
2979,16893208,hongan,"2026-09-15 21:49:30",1347.7,2,honganzhu
2980,16777137,Bernardus,"2026-09-25 08:18:07",1347.5,2,bernubritz
2981,16640540,QYQ1693,"2026-09-16 03:29:19",1347.4,2,qyq1693
2982,16731799,"Ansh The Farmer 👩‍🌾","2026-09-15 19:05:59",1347.0,2,affection
2983,16845020,AGI,"2026-09-17 18:19:05",1346.9,2,"guusadema,tgroen3"
2984,16741551,"Vedant Tiwari","2026-09-26 17:22:42",1346.8,2,vedant7312
2985,16799304,"Rlug mb","2026-09-28 08:44:14",1346.4,2,"hongxinzhang111,minhtrph,rlugmb"
2986,16744342,"glupez ","2026-09-23 16:52:06",1346.1,2,glupez
2987,16693439,"Ankit Hemant Lade","2026-09-28 17:22:57",1345.3,2,"ankitlade12,jsaikrishna"
2988,16810030,fukumayo,"2026-09-23 05:07:59",1345.2,2,fukumayouta
2989,16820607,PeriwinkleBlueOvO,"2026-09-28 08:47:08",1345.1,2,"PeriwinkleBlueOvO,wenqiangao1"
2990,16886979,"Ivan Toropin","2026-09-13 21:21:17",1345.0,2,ivantoropin
2991,16669441,"Chirag Desai","2026-09-18 15:03:16",1345.0,2,cid007
2992,16828191,wanghongwei111,"2026-09-14 13:07:32",1345.0,2,wanghongwei111
2993,16866971,imriad,"2026-09-23 04:26:59",1344.5,2,riadhhossain
2994,16842246,montplusa,"2026-09-17 00:59:05",1344.5,2,montplusa
2995,16802442,"Rabia Eda Yılmaz","2026-09-15 19:10:02",1344.2,2,truthisneverlinear
2996,16720316,"Hưng Trần","2026-09-16 10:27:05",1344.1,2,hungtrabiz
2997,16697411,VynoDePal,"2026-09-20 23:47:47",1344.0,2,kvynodjo
2998,16659771,DieByTheSword,"2026-09-16 08:53:03",1344.0,2,przemysawstroiws
2999,16806728,"Neural Knight","2026-09-24 16:39:55",1343.9,2,"chinmaymnaik,sivasainath06"
3000,16674295,"Nguyễn Minh Hiếu","2026-09-19 07:44:18",1343.3,2,endermage
3001,16670504,Shirabe,"2026-09-17 03:00:23",1343.2,2,carlmakt
3002,16654742,"Aastik Rajan15","2026-09-14 11:58:25",1342.9,2,aastikrajan15
3003,16944401,summer_desire,"2026-09-28 17:20:51",1342.8,2,summerdesire
3004,16864346,"Yanwei Lu","2026-09-15 19:27:35",1342.4,2,yanweilu
3005,16895927,logicorix,"2026-09-15 09:30:21",1341.9,2,logicorix
3006,16674586,"Stanislav Ilin","2026-09-15 13:33:30",1340.4,2,stanislavilin2026ai
3007,16731577,RYnerv,"2026-09-14 11:33:32",1339.2,2,rynerv
3008,16778792,"Karthik #2","2026-09-27 20:20:15",1338.0,2,karg14
3009,16732945,"Aru Ohta","2026-09-22 14:21:41",1337.7,2,aruohta
3010,16742159,mimi！,"2026-09-16 05:57:58",1337.6,2,"morongzhu,we111135"
3011,16621355,Raiden.B,"2026-09-22 16:08:44",1337.6,2,raidenb
3012,16738653,"Julien Trocmé","2026-09-25 12:47:01",1337.5,2,julientrocm
3013,16840921,evolved,"2026-09-15 05:03:46",1337.4,2,algunion
3014,16730495,joinus,"2026-09-15 08:34:22",1337.3,2,joinus2003
3015,16709950,"Ryan Myers","2026-09-25 05:52:17",1336.8,2,ryanmyers03
3016,16658426,RIVEN23,"2026-09-15 04:02:51",1336.6,2,riven5
3017,16653127,"Talim Aushakhman","2026-09-15 17:29:46",1336.3,2,talimaushakhman
3018,16918151,"Hidenori Sasaki","2026-09-25 16:49:57",1336.2,2,hidenorisasaki
3019,16881882,Fl,"2026-09-14 21:42:24",1336.1,2,flagon
3020,16655844,MAFIN,"2026-09-14 12:37:15",1335.3,2,moneyman91
3021,16783021,"TAN TIANYE","2026-09-13 03:04:35",1335.3,2,tantianye
3022,16630312,beijijun,"2026-09-14 12:04:11",1335.2,2,beijijun
3023,16884892,AQiDA19,"2026-09-14 02:32:26",1335.0,2,aqida19
3024,16924679,"Vandan Sharma","2026-09-20 09:50:10",1334.9,2,vanam56
3025,16630129,"Yi Lu","2026-09-16 01:54:33",1334.5,2,liqiu0224
3026,16892272,"Leo #3","2026-09-14 15:44:18",1334.5,1,leo123321
3027,16845165,Tanuki_boosting,"2026-09-13 12:41:51",1334.4,2,miyamotodaiya
3028,16845023,zhtmgxr,"2026-09-17 04:53:03",1334.3,2,zhtmgxr
3029,16799024,Becegatto,"2026-09-27 23:55:44",1334.0,2,viniciussignorelli
3030,16862912,"Nicolas Krusche","2026-09-15 00:03:10",1333.7,2,nicolaskrusche
3031,16884753,God111,"2026-09-28 10:32:17",1333.5,2,god111
3032,16753925,"Tyler Durden","2026-09-15 08:06:49",1333.4,2,jeedimetlacharan213
3033,16818508,"Napster Y","2026-09-27 03:40:55",1333.4,2,napstery
3034,16796133,NoMoreThan20Words,"2026-09-15 00:19:25",1333.1,2,nomorethan20words
3035,16709504,U023,"2026-09-14 16:44:14",1332.6,2,ryutek
3036,16697540,"Jared Floersch","2026-09-24 12:24:14",1330.6,2,jaredfloersch
3037,16872207,"Tèo Búng","2026-09-18 08:06:06",1330.5,2,teobung
3038,16918568,"Penn Lam","2026-09-24 09:56:43",1329.9,2,pennlam
3039,16744914,"El Mehdi EL JAIR","2026-09-21 07:56:02",1329.5,2,elmehdieljair
3040,16649314,"Yuka,Ota","2026-09-14 08:17:18",1329.3,2,yukaika
3041,16725287,NoahRyan,"2026-09-13 10:37:32",1329.2,2,beginner080
3042,16713335,"Muhammad Imran","2026-09-14 09:42:21",1328.6,2,muhammadimranchitral
3043,16855071,Janvi_ch,"2026-09-13 18:22:18",1328.5,2,janvich
3044,16698661,"Albert Wang","2026-09-28 18:00:41",1328.3,2,mianwang1024
3045,16893291,"We Want... A Shrubbery!","2026-09-17 21:55:10",1327.2,2,timlongii
3046,16809200,v0m0v,"2026-09-13 12:09:18",1326.5,2,maguchiya
3047,16659395,HyperX,"2026-09-15 11:53:22",1324.9,2,"diversedharun,harishinkaggle"
3048,16656312,"retiring to farm","2026-09-25 14:55:10",1324.8,2,"avnermlim,belati,hilariusjeremy,matthewpramana,nicholasarditirta"
3049,16879578,"kabir Merakeb","2026-09-28 17:24:32",1324.0,2,kmerakeb
3050,16729765,"Caio Ruiz","2026-09-28 09:28:31",1323.7,2,chvruiz
3051,16637973,StephenNedumpally,"2026-09-15 07:50:55",1323.2,2,stephennedumpally
3052,16728774,あなまか,"2026-09-25 23:42:10",1322.6,2,arakish
3053,16639642,c-number,"2026-09-13 03:29:40",1322.4,2,cnumber
3054,16835851,ruizhichen,"2026-09-22 16:59:50",1322.3,2,ruizhichen
3055,16625082,真的懒,"2026-09-19 06:14:56",1322.2,2,gtccc9
3056,16881350,xwl_tree,"2026-09-18 10:40:29",1322.1,2,xwltree
3057,16672121,"Tiger bonbon","2026-09-14 03:41:59",1321.6,2,fujiwarayuto
3058,16635670,"Mr.S hanakosan","2026-09-28 09:50:25",1321.6,2,earlgreytea15
3059,16838362,"Yixuan Yang","2026-09-28 05:37:40",1321.4,2,easoney
3060,16910441,Ultracodes,"2026-09-28 13:08:07",1320.7,2,"guanchaosun,lh123463,yitao111"
3061,16904747,미카엘,"2026-09-28 06:21:18",1320.2,1,madscientist097
3062,16769435,"Nguyễn Mạnh","2026-09-21 04:23:56",1320.0,2,nguyenmanh97
3063,16764301,"Quýt đây đừng sợ","2026-09-20 15:19:28",1319.7,2,ponschannel
3064,16793755,"Juank Suarez","2026-09-20 02:45:18",1319.5,2,juanksuarez
3065,16655098,"Brotron Carbide","2026-09-27 03:34:44",1319.4,2,brotroncarbide
3066,16802843,Dream,"2026-09-16 02:45:24",1319.3,2,"jamesl8,tzeweilim"
3067,16766796,panda__MB__maximus,"2026-09-27 05:24:45",1319.2,2,tanishmohokar09
3068,16861637,薄荷喵呜,"2026-09-12 09:39:16",1318.0,2,bohemiao
3069,16885455,"Ali Azizi","2026-09-19 12:36:06",1317.7,2,aliazizi1
3070,16653311,"Stanislav Tsepa","2026-09-28 17:36:27",1317.5,2,mrtsepa
3071,16857987,fujia,"2026-09-28 06:27:55",1317.5,2,fujiasama
3072,16623326,"Tatiana Malygina","2026-09-27 11:00:08",1317.2,2,latticetower
3073,16623603,"Renji Starfall","2026-09-13 14:14:01",1316.8,2,renjistarfall
3074,16782193,nal_nh906,"2026-09-28 15:00:20",1316.6,2,hhan09
3075,16679987,"Said Mohamed Omary","2026-09-21 11:31:47",1316.4,2,saidmohamedomary
3076,16840588,Q.Ai,"2026-09-13 19:36:27",1316.2,2,"alperennbaran,hseyinemre134"
3077,16854439,"Yosef Zoabi","2026-09-13 21:05:15",1315.6,2,yosefzoabi
3078,16667766,vasujain7,"2026-09-14 17:44:19",1315.3,2,vasujain7
3079,16843303,inori315,"2026-09-14 13:31:27",1315.3,2,inori315
3080,16722295,"Yuya Shintani","2026-09-20 16:06:02",1314.6,2,uplus26e7
3081,16846069,"Bryce Muhlnickel","2026-09-27 17:17:36",1314.6,2,tokenjunkielabs
3082,16624109,"Nguyễn Thế Minh Đức","2026-09-15 01:01:29",1314.2,2,nguynthminhc
3083,16669604,"Abhijit Pise","2026-09-13 21:25:57",1314.2,2,abhijitpise
3084,16678930,"Just a moroccan","2026-09-26 12:14:44",1314.2,2,zbidaamine
3085,16696716,MatiasMG,"2026-09-28 06:03:13",1314.2,2,matiasmgonzalez
3086,16865554,"parker tan","2026-09-18 10:42:33",1314.2,2,parkertan
3087,16640780,"drezna ultra","2026-09-18 14:14:35",1314.0,2,notakes
3088,16780995,"Silver Surfer","2026-09-25 09:29:46",1312.3,2,hausch11
3089,16796235,"Keside Onyeocha","2026-09-20 01:25:05",1311.6,2,kesideonyeocha
3090,16652272,"nadhir hasan","2026-09-13 14:07:09",1310.9,2,nadhirhasan
3091,16877958,"Igor Buinyi","2026-09-27 06:33:31",1310.6,2,buinyi
3092,16658382,vladee,"2026-09-26 22:09:08",1310.4,2,vladee
3093,16698726,加油,"2026-09-14 12:25:38",1309.8,2,honeeyl
3094,16884861,Sky,"2026-09-13 07:20:40",1309.3,2,dhaksheshwarm
3095,16802410,"Aleksandr  Larko","2026-09-14 02:42:42",1308.6,2,alexxanderlarko
3096,16791254,player123,"2026-09-21 15:21:23",1308.3,2,prashantbhattarai093
3097,16885807,S3unburst,"2026-09-13 10:25:40",1307.7,2,s3unburst
3098,16778340,NayuNayu,"2026-09-28 17:40:40",1307.0,2,nayunayu1005
3099,16875849,"Yaotong Niu","2026-09-15 13:37:34",1305.7,2,yaotongniu
3100,16757320,Jingxiang,"2026-09-12 22:11:32",1305.6,2,jingxiango
3101,16792865,"Arseniy Shutko","2026-09-27 16:01:24",1305.3,2,arseniyshutko
3102,16691001,"Mahmoud Abdelshafy","2026-09-14 20:08:03",1304.8,2,mahmoudabdshafy
3103,16694346,ywwywww,"2026-09-14 07:52:56",1304.4,2,ywywww
3104,16885734,zylvento,"2026-09-13 10:02:37",1304.1,2,"lorvexa,zylvento"
3105,16641816,"Toshiki Honda","2026-09-16 15:03:37",1304.0,2,toshikihonda
3106,16847763,MartinZiserman,"2026-09-11 23:53:37",1303.1,2,zarmii
3107,16792799,Kohecchi,"2026-09-15 16:17:53",1302.9,1,kohecchi
3108,16865261,"Kamal Kadakara","2026-09-28 14:40:15",1302.4,2,kamalkadakara
3109,16761418,"Piggy Piggy","2026-09-14 23:37:49",1301.5,2,txgg123
3110,16688808,"Niranjan Nakkala","2026-09-25 11:28:27",1301.2,2,niranjanmudhiraj
3111,16870577,"Kenan Zhang9","2026-09-21 02:18:25",1301.2,2,kenanzhang9
3112,16877997,Mirlan,"2026-09-13 07:44:53",1300.0,2,zmtrxq
3113,16686155,梁圣的恩情还不完,"2026-09-14 14:08:46",1299.8,2,yyyyhhhhwww
3114,16780279,"N Divij","2026-09-12 18:30:06",1299.7,2,divijio
3115,16916104,"Dayi Zhang","2026-09-22 15:27:26",1299.4,2,dayizhang
3116,16835641,baojidehuangmao,"2026-09-28 02:45:06",1298.9,2,"brittneylewis2,innocentdzzz"
3117,16867375,YUXUCH,"2026-09-27 13:45:23",1298.8,2,yuxuch
3118,16942588,Isabe11aM00re,"2026-09-25 19:37:41",1298.7,2,"dan1e1c1ark,henryy0ung,isabe11am00re,s0ph1amart1n"
3119,16858523,"Taivanbat Bayarsaikhan","2026-09-24 08:03:28",1298.3,2,taivnaaiwnl
3120,16884368,LaManbo,"2026-09-13 10:51:44",1298.0,2,encizhang
3121,16677320,kcoffee,"2026-09-28 15:15:29",1297.9,2,kcoffee
3122,16654322,"Debatreya Biswas","2026-09-24 14:55:19",1297.8,2,debatreyabiswas
3123,16723427,"Nikita Biryukov","2026-09-14 07:00:48",1297.5,2,bnikita
3124,16802745,"Fuat Çakıcı","2026-09-28 00:14:50",1297.3,2,fuatcakiicii
3125,16674526,"Imdadul hasan hamim","2026-09-28 10:25:02",1296.9,2,imdadulhasanhamim
3126,16731501,"Shiv Satyam","2026-09-13 22:14:15",1296.6,2,shivsatyam
3127,16735353,我是刘大聪,"2026-09-14 16:55:50",1296.3,2,smartorz
3128,16806146,"Factual Explorer","2026-09-12 20:05:48",1296.0,2,factualexplorer
3129,16810141,"Sijie Ma","2026-09-13 14:22:49",1295.7,2,"dimashitong112,sijiema"
3130,16881755,MudassarPAPI,"2026-09-14 08:59:06",1294.5,2,mudassarpapi
3131,16807802,嘴爷,"2026-09-14 02:14:43",1293.7,2,zui0711
3132,16691670,wangbin.dev,"2026-09-17 16:58:12",1293.3,2,wangbindev
3133,16629873,UncleWKTK,"2026-09-13 05:24:28",1293.3,2,unclewktk
3134,16875464,tllswelp,"2026-09-13 11:07:16",1293.2,2,tllswelp
3135,16630418,butterchicken,"2026-09-25 08:17:33",1292.8,2,"ritanshuprasad,sriramlingavel01"
3136,16761657,Picu,"2026-09-25 15:44:04",1292.6,2,rumoschilling
3137,16751267,Guojun1,"2026-09-28 17:25:04",1292.4,2,guojun1
3138,16928266,"Arun Khatua","2026-09-24 05:25:15",1291.9,2,arunkhatua
3139,16662984,"Mark Schatza","2026-09-17 18:27:19",1291.9,2,markschatza
3140,16696099,moss,"2026-09-13 09:31:52",1291.4,2,kenyashimizu
3141,16868001,"Young MacDonald","2026-09-18 15:16:22",1290.2,2,natert
3142,16672448,"Crisis Liu","2026-09-23 05:47:19",1290.0,2,crisisliu
3143,16669843,"hikaru kitagawa","2026-09-21 04:20:12",1289.5,2,hikarukitagawa
3144,16862390,huytngo,"2026-09-13 02:44:09",1289.4,2,huytngo
3145,16822395,"Vladimir Galatenko","2026-09-24 02:41:17",1289.3,2,vladimirgalatenko
3146,16630803,"Mirza Milan Farabi","2026-09-13 21:59:25",1289.3,2,mirzamilanfarabi
3147,16643554,"Arnie Jimenez","2026-09-16 16:50:18",1289.1,2,arniejimenez
3148,16797154,"Elvern Neylmav Tanny","2026-09-13 23:37:07",1288.0,2,elvernneylmavtanny
3149,16914530,ZKH-Harness,"2026-09-27 06:06:53",1287.9,2,"hanyazhang,kanny912,zhaoruichen"
3150,16682892,"Alvaro Llamojha","2026-09-24 06:44:17",1287.6,2,alvarollamojha
3151,16884932,torvile,"2026-09-13 05:54:14",1287.0,2,torvile
3152,16748559,GodofThunder2407,"2026-09-13 06:18:15",1286.5,2,godofthunder2407
3153,16657587,PxlPau,"2026-09-13 00:34:27",1285.8,2,studybeetutoring
3154,16857723,"Mask Learning","2026-09-27 06:04:35",1285.6,2,"clipcode,daskrank,maskgen,nnmerge,opscfg"
3155,16881631,"Arjun Sharma","2026-09-12 14:47:32",1285.1,2,arjundsharma
3156,16832226,"DI27 RF","2026-09-13 02:34:01",1284.8,2,di27rf
3157,16881237,"Chunlai Li","2026-09-26 12:30:35",1284.4,2,lichunlai123
3158,16656399,CROW,"2026-09-28 06:44:22",1284.4,2,"aaayangxh,hanifnoerrofiq"
3159,16715216,Colin,"2026-09-15 12:36:41",1284.3,2,umcolin
3160,16885704,tavrico,"2026-09-13 09:52:55",1283.5,2,tavrico
3161,16942273,"Sravanthi Kovvuri","2026-09-23 12:14:18",1283.3,2,sravanthikovvuri
3162,16857762,Fablers,"2026-09-28 13:25:23",1283.2,2,"cvcost,fluxdev,lossvis,zetaex"
3163,16846857,"Tomohiro Nagai","2026-09-28 07:16:27",1282.8,2,tomohironagai
3164,16855088,Re:dorf,"2026-09-15 12:44:10",1282.8,2,reydorf
3165,16707865,"bb aa","2026-09-20 09:47:41",1282.2,2,bbaa233
3166,16948046,"Jeroen Cottaar","2026-09-23 14:38:47",1281.6,2,jeroencottaar
3167,16674744,"Burhan Ul Tayyab","2026-09-27 14:21:41",1281.6,2,babychick
3168,16633773,copasta,"2026-09-13 06:16:43",1281.2,2,copasta
3169,16674878,KirillKlem,"2026-09-13 18:19:27",1281.2,2,kirillklem
3170,16943936,"Wessel van Dijke","2026-09-27 23:22:56",1281.2,2,wesselvandijke
3171,16845112,"Robert Baburin","2026-09-20 18:23:29",1281.1,2,robertbaburin
3172,16741321,"S. B.","2026-09-25 06:01:56",1281.0,2,aughra
3173,16671607,"Chanhyuk Han","2026-09-28 08:35:09",1279.8,2,chanhyukhan
3174,16852383,"Ahmed Mostafa #2","2026-09-27 21:11:57",1279.5,2,republic966
3175,16917996,Agentculture,"2026-09-28 11:46:07",1278.5,2,"ericchen001,huzhenyi,sylvia47,thx123456121"
3176,16905027,"xiaomeng lin","2026-09-26 15:10:44",1278.2,2,xiaomenglin
3177,16857488,BC+,"2026-09-28 12:30:44",1277.1,2,"lachesism,neoist,wangtianyi8,zhihaoweng"
3178,16882077,telep,"2026-09-22 15:21:34",1276.8,2,vitaliypyvovar1
3179,16876869,MAGGR,"2026-09-28 12:22:02",1276.3,2,manojmandal
3180,16852377,"Zhong Lyu","2026-09-25 08:57:10",1275.5,2,zhonglyu
3181,16879614,"Razvan Stancioiu","2026-09-22 20:24:54",1275.4,2,razvanstancioiu
3182,16884902,yovrini,"2026-09-13 05:49:06",1275.1,2,yovrini
3183,16866868,mr_children_0617,"2026-09-14 13:01:56",1274.1,2,mrchildren0617
3184,16715066,akahane,"2026-09-16 21:06:58",1273.9,2,shuheiakahane
3185,16859745,111,"2026-09-25 16:54:39",1273.4,2,guoz112
3186,16654109,"Mohamed Amine Aichaoui","2026-09-22 21:38:11",1273.2,2,mohamedamineaichaoui
3187,16857636,Tm-ACCS,"2026-09-28 14:35:44",1272.8,2,"bitsmini,corebase,llmrun,opsneo"
3188,16669038,"Nabeel Shar","2026-09-13 09:17:32",1271.6,2,nabeelshar
3189,16885770,"Rahul Jangra","2026-09-13 10:13:19",1271.2,1,leonado10000
3190,16661509,JSON_Voorhees,"2026-09-28 01:30:58",1271.2,2,michaelgreenhut
3191,16622820,"Sergey Nefedov","2026-09-13 18:00:39",1271.1,2,sergionefedov
3192,16946333,KIT,"2026-09-23 09:13:30",1271.0,2,ray6767
3193,16639168,Sergey,"2026-09-13 08:22:45",1270.8,2,sergeymikhailovn
3194,16654848,DovyDigital,"2026-09-25 00:28:21",1270.6,1,dovydigital
3195,16855665,"Yash Yadav","2026-09-27 07:10:51",1270.5,2,yash2072005
3196,16630315,janson,"2026-09-27 14:54:53",1268.5,2,johnjanson
3197,16841799,珍珠,"2026-09-14 16:49:56",1267.8,2,luochen6
3198,16870485,agentic,"2026-09-16 19:21:30",1267.2,2,"audiuphile,mark5221,sidchevvan"
3199,16942429,"yangjian zhu","2026-09-26 01:53:40",1267.1,2,yangjianzhu
3200,16871327,"Anh Bui","2026-09-18 04:29:28",1266.2,2,bibanh
3201,16715912,"Hiroshi Sakiyama","2026-09-25 15:56:51",1266.1,2,hiroshisakiyama
3202,16731415,BOB,"2026-09-28 18:05:44",1265.8,2,hotpotbro
3203,16719364,Yeh!AIGame,"2026-09-28 16:38:25",1265.5,2,"luluyeh,yehshibang"
3204,16798152,"A secretive person","2026-09-18 14:09:57",1265.2,2,asecretiveperson
3205,16839754,"Lauresowe 3D","2026-09-12 10:00:06",1265.1,2,lauresowe3d
3206,16671596,Sibato,"2026-09-22 00:41:44",1264.9,2,sibato
3207,16864988,"jiangling wang","2026-09-13 10:59:00",1264.8,1,jianglingwang
3208,16660041,"Hoàng Quốc Việt ","2026-09-13 04:56:59",1264.6,2,viethwang3i
3209,16783537,JustinybGao,"2026-09-27 23:12:30",1264.5,2,justinybgao
3210,16635973,"Code by Nadiia","2026-09-24 11:05:35",1264.4,2,codebynadiia
3211,16884822,reziavon,"2026-09-13 05:38:11",1263.6,2,reziavon
3212,16943817,Ranbeer06052009,"2026-09-27 08:23:55",1263.6,2,ranbeer06052009
3213,16854939,nusrati,"2026-09-27 13:57:20",1263.5,2,nusrati
3214,16875733,Fronta,"2026-09-13 06:47:59",1262.6,2,mirichima
3215,16881121,Annsatz,"2026-09-14 14:59:00",1262.1,2,ansatzkong
3216,16705318,arminhej96,"2026-09-22 05:17:55",1262.1,2,arminhej96
3217,16716867,"Kevin Gemilang","2026-09-19 04:52:17",1261.0,2,kevingemilang
3218,16881613,refluxor,"2026-09-12 14:44:46",1261.0,2,refluxor
3219,16775571,Gaurav06520,"2026-09-15 12:38:42",1260.5,2,gaurav06520
3220,16881783,novasync88,"2026-09-12 15:27:48",1259.8,2,novasync88
3221,16639731,williamrawling,"2026-09-27 03:11:34",1259.8,2,williamrawling
3222,16881818,gradfield21,"2026-09-12 15:44:29",1259.2,2,gradfield21
3223,16857621,"stack overflow","2026-09-28 12:44:44",1258.1,2,"cudastack,dlbyte,dsbeta"
3224,16630797,"Seok, Jeongeum","2026-09-28 10:36:04",1257.9,2,seokjeongeum
3225,16722818,"Mukesh R","2026-09-14 09:13:30",1257.7,2,mukeshr06
3226,16881521,Juniperss,"2026-09-12 14:16:09",1256.9,2,juniperss
3227,16949344,M1R0OFFICIAL,"2026-09-24 00:09:03",1256.6,1,m1r0official
3228,16862084,weiooocnnnnnn,"2026-09-15 11:52:22",1256.1,2,weiooocn
3229,16920167,AI+Agriculture,"2026-09-28 11:33:29",1256.0,2,"alexanderzhiyuanliu,duyutong6,jackdeng123,lgz666"
3230,16839489,Q1du,"2026-09-12 10:12:02",1255.3,2,zjecust
3231,16863498,Jackmama-nolfwin,"2026-09-13 04:36:37",1255.0,2,nolfwin
3232,16878707,"Shiva Somasundaram Balaji","2026-09-13 05:58:09",1255.0,2,shivasomasundaramb
3233,16833141,yomogii,"2026-09-28 17:49:21",1254.8,2,yomogii
3234,16945180,"Anton Nikonov","2026-09-25 12:16:58",1254.2,2,antonnikonov
3235,16731926,"Pardheev Krishna","2026-09-12 12:08:13",1254.1,2,"anandkumar0901,ayushjiwatramani,nidhibsh,nitindatanylatics,pardheev"
3236,16692725,"Zhen Li","2026-09-12 10:05:10",1253.6,2,zhenlisak
3237,16920623,yeqinxin,"2026-09-27 23:55:38",1253.5,2,yqx123456
3238,16799598,RameshG888,"2026-09-11 08:42:57",1253.0,2,ramesh888
3239,16918530,lingsio,"2026-09-22 06:17:59",1252.3,2,shinshengchiou
3240,16859690,Molood,"2026-09-10 20:30:43",1251.8,2,molooda
3241,16859409,wia'ma,"2026-09-26 00:45:31",1251.7,2,wangyiqicy
3242,16830984,lizhengui,"2026-09-13 06:34:44",1251.7,2,lizhengui
3243,16684401,WQAAAA,"2026-09-12 03:28:35",1251.6,2,wqaaaa
3244,16663929,"Erman Man","2026-09-12 02:05:39",1251.5,2,ermanman
3245,16865854,lancerhim,"2026-09-14 04:18:21",1250.7,2,lancerhim
3246,16642846,"Leonid Zaporozhets","2026-09-26 09:30:34",1250.7,2,leonidzaporozhets
3247,16854815,marching_zzz,"2026-09-27 02:33:13",1250.7,2,marchingzzz
3248,16737041,presucc,"2026-09-13 04:13:37",1250.5,2,presucc
3249,16782196,"jingyang tu","2026-09-28 08:59:23",1249.9,2,jingyangtu
3250,16888282,Sheeesh---,"2026-09-21 18:08:35",1249.9,1,hamzaaitmohamed
3251,16905838,lin_,"2026-09-24 12:41:31",1249.2,2,linabohachuk
3252,16809721,siren2345,"2026-09-22 14:35:50",1248.9,2,siren2345
3253,16722849,"Dhruv Bansal","2026-09-27 09:01:17",1248.3,2,dhruvb2028
3254,16629699,radiant-allomancer,"2026-09-11 00:50:02",1248.2,2,radiantallomancer
3255,16660250,Moshel,"2026-09-12 23:06:43",1248.0,2,moshel
3256,16641309,klog,"2026-09-12 04:48:32",1247.6,2,mhrzmmhrzm
3257,16698287,"Reinforcement Forgetting","2026-09-24 23:34:50",1247.4,2,ethanjschauder
3258,16657265,"Hemant Kumar","2026-09-18 13:53:47",1246.6,2,hemantrajputt
3259,16862944,Luchsus,"2026-09-14 23:29:16",1246.4,2,jansteindlstarlinger
3260,16808020,"Pulkit Arora 🇮🇳","2026-09-11 09:15:58",1245.7,2,pulkittarora
3261,16771703,"Moomin and his farm","2026-09-12 07:03:58",1245.3,2,ataraxyyeah
3262,16848765,XJHya233,"2026-09-13 11:56:26",1244.3,2,xjhya233
3263,16665841,"Mohit Rao","2026-09-14 05:22:15",1243.8,2,vmohitrao
3264,16942143,Simosc,"2026-09-27 10:58:32",1243.7,2,simosc
3265,16684954,Rogues,"2026-09-28 17:48:36",1241.9,2,"saikushal185,suneethreddy"
3266,16768016,JohnBlake,"2026-09-26 06:49:17",1241.7,2,jaybeeja
3267,16664609,Re2lawd,"2026-09-24 09:51:49",1241.6,2,re2lawd
3268,16886066,latentb,"2026-09-13 11:55:55",1241.4,2,latentb
3269,16756965,gchauhan,"2026-09-15 06:57:02",1240.6,2,gchauhan
3270,16662735,"Kurian George","2026-09-11 17:16:25",1239.1,2,kuriangeorge
3271,16885599,Suiban,"2026-09-27 12:44:09",1238.8,2,suiban410219
3272,16845314,ryvhii,"2026-09-21 06:51:36",1237.8,2,ryvhii
3273,16847725,SOLUCIENCE,"2026-09-28 03:51:47",1236.6,2,solucience
3274,16635233,"Szymon Kłapiński","2026-09-12 10:11:30",1236.0,2,szymonkapiski
3275,16869555,"Karthik Nambiar","2026-09-15 07:13:16",1235.7,2,karthiknambiar387239
3276,16871483,carnivore,"2026-09-25 16:57:19",1235.4,2,prapproved
3277,16699455,vijaikm,"2026-09-22 11:56:07",1234.7,2,vijaikm
3278,16814637,random_numb,"2026-09-28 17:39:28",1234.6,2,randomnumb
3279,16630142,zawawannko,"2026-09-11 08:03:32",1233.7,2,zawawannko
3280,16665641,"Alexander Shahramanyan","2026-09-24 18:02:47",1233.5,2,alexshah
3281,16691270,"Piyal Chowdhury","2026-09-21 18:53:53",1233.2,2,piyalchowdhury
3282,16669461,"suzy su","2026-09-12 12:38:38",1233.1,2,suzysu997
3283,16644818,chudddc,"2026-09-24 14:43:09",1232.8,2,chudddc
3284,16862806,kitsada,"2026-09-19 09:59:59",1232.7,2,wangwaen
3285,16880960,Kiriesh,"2026-09-16 18:45:37",1232.4,2,kiriesh
3286,16749352,"Ian Virchenko","2026-09-14 10:23:15",1232.1,2,yvainr
3287,16882304,"Lokesh Prajapat","2026-09-12 18:20:47",1231.8,1,lokesh0252
3288,16632527,"GIVE ME A JOB","2026-09-10 09:35:11",1231.5,2,tarokogawa
3289,16842293,"WANG HONGXIANG","2026-09-20 15:33:21",1231.1,2,wanghongxiang
3290,16784516,pejipej,"2026-09-26 22:07:46",1230.9,2,pejmaneghbali
3291,16881585,Venqira,"2026-09-12 14:31:19",1230.5,2,venqira
3292,16734447,"Ali Bauyrzhan","2026-09-28 15:14:13",1230.5,2,alibauyrzhan
3293,16783173,"Michael Shihong Zhang","2026-09-13 05:39:27",1230.0,2,"excelexx,festyve"
3294,16748487,Hiters,"2026-09-11 00:54:16",1229.6,2,mikehongsz
3295,16772090,"SHIVAJI SHAIK","2026-09-20 07:13:54",1229.4,2,shivajishaik
3296,16713281,SirShifu,"2026-09-10 22:19:52",1229.2,2,sirshifu
3297,16621402,Maxim,"2026-09-27 07:05:24",1228.9,2,ektarr
3298,16623298,Mikhail_Komkin,"2026-09-26 22:58:30",1228.9,2,mikhailkomkin
3299,16858157,osteo,"2026-09-11 01:33:23",1228.8,2,logstwo
3300,16867641,YK,"2026-09-10 17:17:04",1228.7,2,yukitashiro
3301,16663808,"Fae Gaze","2026-09-10 20:30:29",1227.9,2,achievement
3302,16858414,wantOchange,"2026-09-13 01:00:32",1227.5,2,wantochange
3303,16797847,"levski shampion","2026-09-12 23:19:08",1226.9,2,mariomalev
3304,16781506,un0o7,"2026-09-11 13:10:36",1226.3,2,hjhsdsdww
3305,16664761,"Udit Jain #2","2026-09-12 00:14:14",1226.2,2,iamudit
3306,16772119,Workybara.ai,"2026-09-12 03:16:14",1226.1,2,workybaraai
3307,16850105,Pantheon,"2026-09-14 07:40:15",1226.0,2,skyenxt
3308,16688313,"Gnosys Labs","2026-09-18 00:56:10",1225.8,2,gnosyslabs
3309,16849377,try,"2026-09-26 13:13:47",1225.2,2,weishanshan033
3310,16655411,フナコシ,"2026-09-22 18:24:58",1225.1,2,kokifunakoshi
3311,16881267,"juu meng","2026-09-13 07:07:40",1224.8,2,juumeng
3312,16623385,yurunougyou!,"2026-09-10 12:25:26",1224.8,2,isakatsuyoshi
3313,16624073,SoftRL,"2026-09-22 13:34:39",1224.3,2,"maruichi01,ppocharl,puws06,tatsukisato,unikina"
3314,16731194,"Neglected Turtle","2026-09-28 13:49:13",1224.0,2,pleaselike
3315,16867327,Zorvella,"2026-09-11 03:16:36",1222.9,2,zorvella
3316,16814701,e0970145,"2026-09-10 11:43:21",1222.5,2,maxxtucker
3317,16678609,quantcrypto3,"2026-09-19 01:51:13",1222.1,2,quantcrypto3
3318,16791163,woldy,"2026-09-28 05:13:09",1222.0,2,woldywei
3319,16864072,"Matvey Skovordin","2026-09-10 04:24:07",1221.5,1,kickassnumberone
3320,16859269,BAILW,"2026-09-25 16:46:48",1220.2,2,baimatubama
3321,16735238,DHKim0324,"2026-09-26 19:32:40",1219.7,2,dhkim0324
3322,16784992,Prasad.tgs,"2026-09-25 15:00:49",1218.8,2,sivaprasadnaidu
3323,16689863,yukichi0403,"2026-09-15 12:39:45",1218.1,2,yukitake93
3324,16661667,"Wufang Hong","2026-09-10 07:14:27",1217.5,2,wufanghong
3325,16657887,"Yermak Petro","2026-09-28 11:03:32",1217.2,2,yermakpetro
3326,16880407,kimuraaa,"2026-09-21 07:58:10",1216.7,2,kimuraaa
3327,16708546,"Blue Rain","2026-09-12 04:15:32",1216.6,2,bluefeather386
3328,16702975,RicardoLópez,"2026-09-28 18:15:58",1216.5,2,richi2489
3329,16857624,flatton,"2026-09-16 23:02:27",1216.5,2,tomokifujihara
3330,16849766,"Uncle Scooge","2026-09-11 13:27:24",1216.1,2,"guzzbr,pascalcoimbra"
3331,16688587,yamashu,"2026-09-21 01:17:33",1216.0,2,yamashuuu
3332,16885509,HAL,"2026-09-14 07:58:55",1214.7,1,"asunalin,ljimmy2005007"
3333,16627194,GzmCR632,"2026-09-11 07:01:14",1213.7,2,gzmcr632
3334,16808822,-lingluo-,"2026-09-22 04:22:20",1213.6,2,lingluoo
3335,16671520,sci-shi,"2026-09-28 09:11:46",1213.5,2,scishi
3336,16868685,"Kotaro Simizu","2026-09-11 20:39:54",1213.2,2,"kotarosimizu,mahiro1214"
3337,16907406,herok0809,"2026-09-16 16:49:09",1213.0,2,herok0809
3338,16654403,"Skibidi Six Seven","2026-09-08 14:20:24",1212.6,2,iam4722202468
3339,16861723,"Landon Hershberger","2026-09-15 22:04:40",1212.6,2,landonhershberger
3340,16883478,Aggri_goon,"2026-09-16 10:48:29",1212.5,2,ryonagakubo
3341,16841595,Jaso1024,"2026-09-10 01:44:10",1212.5,2,jaso1024
3342,16676085,"Giordano Dolenz","2026-09-11 17:20:50",1212.4,2,giordanodolenz
3343,16710469,Qimra1729,"2026-09-11 08:09:04",1212.2,2,qimra1729
3344,16701612,Kiki,"2026-09-11 06:43:31",1212.1,2,rouiou
3345,16790931,100rabh,"2026-09-12 16:42:27",1212.0,2,saurabhkumar234
3346,16867407,Lanqira,"2026-09-11 03:08:56",1211.7,2,lanqira
3347,16862840,"Ammar Aziz","2026-09-12 11:11:53",1211.6,2,cabtainamamr
3348,16640991,sometimeafter,"2026-09-09 17:35:05",1211.3,2,xinyeee
3349,16670715,i3,"2026-09-24 08:33:45",1210.6,2,ishijima
3350,16879360,"Neural Subscribed Operator","2026-09-12 06:55:46",1210.5,1,nacl3084
3351,16811496,Marie,"2026-09-28 16:02:42",1210.4,2,mariashatrova
3352,16682318,Bibek,"2026-09-13 20:49:12",1209.6,2,bibek777
3353,16939844,YH,"2026-09-28 13:04:36",1209.0,2,febyeji
3354,16832866,bgaoi2,"2026-09-09 15:09:29",1208.9,2,bgaoi2
3355,16730236,加麻不加辣,"2026-09-27 14:04:46",1208.6,2,"shiyuanhe123,zihaokang"
3356,16741542,"let cats farm","2026-09-19 22:33:26",1208.4,2,amonkizawa
3357,16628875,TakahiroHon,"2026-09-17 02:59:51",1208.4,2,takahirohon
3358,16670879,"old macdonald","2026-09-07 16:11:15",1208.4,2,djschmit
3359,16825815,linchenge,"2026-09-25 14:36:14",1207.4,2,linchenge
3360,16871705,Bertholdt,"2026-09-28 03:29:09",1207.3,2,bertholdt
3361,16851444,"Vũ Tuấn","2026-09-25 15:13:25",1207.1,2,vtunksdlvnj6
3362,16658801,"Thuc Nguyen Dang 111","2026-09-13 05:21:36",1207.0,2,thucnguyendang111
3363,16770055,"san yin26","2026-09-15 08:14:39",1206.2,2,"amadeusan,sanyin26"
3364,16720696,Ankit0017,"2026-09-09 14:57:00",1205.6,2,ankit0017
3365,16672128,Cliffton,"2026-09-28 04:35:09",1205.1,2,rieltzx
3366,16755049,gamesu7107,"2026-09-12 18:24:15",1204.3,2,gamesu7107
3367,16860566,黄旭伟aaaabbs,"2026-09-27 18:45:01",1204.2,2,aaaabbs
3368,16717794,souldrive,"2026-09-13 13:18:14",1204.1,2,souldrive
3369,16865917,"Yihao Wei","2026-09-13 10:07:46",1203.8,2,yihaowei
3370,16876040,hgh404,"2026-09-22 20:49:08",1203.4,2,"gamejoker,hgh1024"
3371,16641956,SixGODD,"2026-09-20 01:06:51",1203.3,2,sixgodd
3372,16683488,"Ripudaman Parmar","2026-09-19 12:56:14",1203.2,2,"ktkgpt,ripudamanparmar"
3373,16660020,"Gaddam Shiva Teja","2026-09-24 20:55:02",1203.2,2,shivateja005
3374,16621063,Broskis,"2026-09-11 03:19:55",1202.8,2,"aikyatansinha,r1cksync,vamshikrishnaemmadi"
3375,16867005,cryptvector2,"2026-09-11 13:22:09",1202.5,2,cryptvector2
3376,16794758,wppepi,"2026-09-09 03:06:09",1202.3,2,"foxsuzuran,malossov,wppepi"
3377,16634519,"Darshan Makwana","2026-09-10 10:17:03",1201.9,2,ellipticaloranges
3378,16839821,"Stepan Pankratov","2026-09-09 14:47:50",1201.4,2,infam62
3379,16804859,DevashishSoni123,"2026-09-28 17:54:36",1201.4,2,devashishsoni123
3380,16756765,DharmParmar,"2026-09-23 01:19:56",1201.4,2,dharmparmar
3381,16782564,"Chris Tu","2026-09-26 06:43:35",1200.7,2,christu831004
3382,16764349,Solo,"2026-09-12 22:58:37",1200.4,2,solosolo
3383,16786496,"Lê Quang Cảnh","2026-09-12 05:44:25",1200.0,2,zhincez
3384,16712329,"Andrej Carpenter","2026-09-22 07:36:56",1199.6,2,andrejcarpenter
3385,16692678,Nerozud,"2026-09-28 12:09:47",1199.0,2,"lorerubiano22,nerozud"
3386,16630833,"Savan Javia","2026-09-10 10:01:49",1198.9,2,savanjaviya
3387,16881694,Novardion,"2026-09-13 11:28:43",1198.9,2,novardion
3388,16860118,Hironobukawaguchi,"2026-09-09 11:53:30",1198.5,2,hironobukawaguchi
3389,16843384,"Anatoly Lyutov","2026-09-11 11:54:44",1198.3,2,anatolylyutov
3390,16725564,NoPlanB,"2026-09-23 18:01:29",1197.7,2,kduncanrobertson
3391,16949503,"Nikita Makarov","2026-09-28 15:10:10",1197.3,2,nikimakarov
3392,16722888,GarrieD,"2026-09-12 14:53:50",1197.3,2,garried
3393,16843892,luxinyayaya,"2026-09-15 03:23:21",1196.8,2,luxinyayaya
3394,16630015,星之海,"2026-09-26 07:48:07",1196.8,2,web3cainiao
3395,16623309,zyvren,"2026-09-11 15:14:31",1196.5,2,"nusratahmmedmaisha,sharif485"
3396,16659957,LeFarmers,"2026-09-24 19:10:00",1196.3,2,"jaydonjp,kuantumknight"
3397,16866424,"gmmm mmod2","2026-09-11 07:38:54",1196.3,2,gmmmmmod2
3398,16811414,Y-Kitaro,"2026-09-26 14:43:05",1195.9,2,yhataktaro
3399,16781550,Lumberjacks,"2026-09-19 16:21:59",1194.1,2,jamesmcgarryiv
3400,16854573,"这是 AI 的胜利","2026-09-10 09:15:16",1193.4,2,iaptainmy
3401,16875671,"Nikolay Shaulsky","2026-09-28 06:23:56",1193.2,2,nikolayshaulsky
3402,16890052,Code4life,"2026-09-15 16:46:33",1193.0,2,"huylngcgia,taovietducofficial"
3403,16779254,MaxZhuCHN,"2026-09-28 10:42:30",1192.7,2,maxzhuchn
3404,16717549,"Adejumo Boluwatife","2026-09-11 19:09:23",1192.6,2,adejumoboluwatife
3405,16635029,"Oleg Melnik","2026-09-28 13:43:04",1192.6,2,olegmelnik
3406,16635062,DL,"2026-09-10 04:16:38",1192.5,2,distiller
3407,16652764,hikahika,"2026-09-11 13:31:34",1191.8,2,naganohikaru
3408,16691084,"Ke Ma Ke","2026-09-13 09:01:36",1191.2,2,kemake
3409,16670276,"Egor Trushin","2026-09-10 08:19:32",1191.0,2,egortrushin
3410,16622835,"Max Manushin","2026-09-11 01:04:29",1190.0,2,innerf1re
3411,16712007,"Dipin Kothavoor","2026-09-14 13:54:52",1189.7,2,dipinkothavoor
3412,16854090,"Kaichi Morimoto","2026-09-09 11:22:01",1189.4,2,kaichimorimoto
3413,16857861,Satua,"2026-09-11 06:36:26",1189.3,2,satyasrinivasanandh
3414,16758893,"Sercan Yeşilöz","2026-09-09 12:34:34",1189.1,2,sercanyesiloz
3415,16769885,kurushun,"2026-09-10 02:10:21",1188.7,2,kurushun
3416,16792013,"Alec Polansky","2026-09-10 01:58:49",1188.5,2,alecpolansky
3417,16661846,"Jeffrey Pike","2026-09-09 16:05:56",1188.3,2,jeffreypikeai
3418,16672997,"Francesco Montone","2026-09-11 10:56:31",1188.3,2,francescomontone
3419,16839834,nouvya,"2026-09-10 15:48:43",1188.1,2,nouvya
3420,16802578,Yuuki4543,"2026-09-11 06:18:16",1188.1,2,yuuki4543
3421,16866567,Variiiiiii,"2026-09-11 10:09:24",1187.9,2,variiiiiii
3422,16631090,yoikoarmor,"2026-09-28 14:49:18",1186.7,2,yoikoarmor
3423,16661701,premjampuram,"2026-09-09 11:13:52",1186.4,2,"aasthasinha9,anji2705,premjampuram,sheetallodhi"
3424,16759508,george-nigmatulin,"2026-09-27 09:07:57",1186.4,2,georgenigmatulin
3425,16857939,"Le Duy Dong","2026-09-10 16:11:23",1186.4,1,lduynglduyng
3426,16858196,"Cường Dược Sĩ","2026-09-22 19:12:00",1186.1,2,cngdcs
3427,16623608,"Dmitry Larko","2026-09-08 23:05:52",1186.1,2,dmitrylarko
3428,16789509,"Yang Wei Hao","2026-09-09 13:02:55",1185.1,2,aichangeworld
3429,16720797,"Vibe Farmer","2026-09-11 02:14:27",1184.8,2,pulakkantibhowmick
3430,16857932,"Ahmed Ansari","2026-09-16 11:57:46",1184.8,2,ahmed1ansari
3431,16676739,"Jonathan Zheng Jiahao","2026-09-10 02:53:21",1184.8,2,jonathanzhengjiahao
3432,16657671,CyberRacoon,"2026-09-15 10:38:45",1184.7,2,racoontw
3433,16843047,liyuting,"2026-09-10 07:27:21",1183.6,2,lytqwq
3434,16855868,PapaSoda,"2026-09-10 17:45:16",1183.5,2,papasoda
3435,16740851,Zefirrr,"2026-09-28 16:38:53",1182.9,2,zefirrrr
3436,16859585,momo,"2026-09-10 03:06:37",1182.8,2,fyenneyenn
3437,16898290,"Ryan Jonathan Valencia","2026-09-17 17:33:18",1181.8,2,ryanjonathanvalencia
3438,16778334,"Onkar Belure","2026-09-09 16:22:19",1181.6,2,onkarbelure
3439,16844456,Touk00,"2026-09-13 04:20:04",1181.6,2,touk00
3440,16811247,"Luca Mussino","2026-09-10 20:53:58",1181.0,2,lucamussino
3441,16729186,Virtute,"2026-09-16 06:25:56",1181.0,2,nameless001
3442,16634082,"Mikey Marszewski","2026-09-11 02:26:39",1180.9,2,mikeymarszewski
3443,16677596,Sere1n,"2026-09-11 15:08:02",1180.8,2,chacc0
3444,16693557,"Ifeoluwa Adewumi","2026-09-28 14:35:00",1180.6,2,ifeadewumi
3445,16702674,"Varun S G","2026-09-18 05:49:16",1180.6,2,warun7
3446,16866946,truxivan,"2026-09-10 13:46:58",1180.4,1,truxivan
3447,16861998,bobodict,"2026-09-09 17:26:50",1180.4,2,bobodict
3448,16715205,GCarnovale,"2026-09-24 01:40:57",1180.2,2,gcarno
3449,16746796,kaguramena,"2026-09-10 07:13:17",1180.0,2,kaguramena
3450,16640701,momoon,"2026-09-28 12:06:38",1180.0,2,nomuraryota
3451,16698134,Hossein,"2026-09-11 02:29:53",1179.7,2,tomi85
3452,16760509,"gnanadeepika karanam","2026-09-26 17:57:13",1179.7,2,gnanadeepikakaranam
3453,16886357,"Sun Jaden","2026-09-13 21:34:56",1179.3,2,sunjaden
3454,16739578,"Pietro Valocchi","2026-09-15 06:34:30",1179.1,2,pietrovalocchi
3455,16734667,sadanamaru,"2026-09-10 12:22:11",1179.0,2,sadanamaru
3456,16697736,"Daniel Correa","2026-09-26 16:35:27",1178.9,2,dcorrea1
3457,16758232,mech_39,"2026-09-10 21:20:57",1178.5,2,mech39
3458,16862056,konchu2,"2026-09-10 11:32:13",1177.8,2,konchu2
3459,16924472,Rajusah,"2026-09-28 17:41:37",1177.4,2,rajucode
3460,16689488,"Ming Fong","2026-09-10 02:48:20",1177.3,2,evilpegasus
3461,16655474,Focus,"2026-09-09 12:04:51",1176.8,2,overvalueawareness
3462,16644452,Durlabh_Jha,"2026-09-28 17:00:14",1176.7,2,durlabhjha
3463,16709501,Galaxantic,"2026-09-09 06:02:29",1175.6,2,neel21yt
3464,16860251,"Fabian Henning","2026-09-09 11:37:30",1175.0,1,crustacean
3465,16859804,seele,"2026-09-09 10:20:41",1174.8,1,seele1917
3466,16750843,jammings,"2026-09-09 13:11:04",1174.7,2,jammings
3467,16896283,"WENBO ZHANG","2026-09-24 00:48:40",1174.5,2,wenbozhang2026
3468,16668622,"Michael McGrain","2026-09-10 10:38:27",1174.4,2,michaelmcgrain
3469,16809445,takusemba,"2026-09-09 14:50:14",1174.4,2,takusembba
3470,16732409,kawhi0.0,"2026-09-10 03:44:50",1174.2,2,kawhi00
3471,16753710,tax_free,"2026-09-10 17:08:47",1174.0,2,taxfreepython
3472,16688130,"Lujia Liang","2026-09-16 21:00:32",1173.6,2,lujialiang123
3473,16625798,grifth,"2026-09-23 06:10:26",1173.3,2,grifth
3474,16712796,"Kumar Saurabh","2026-09-17 08:13:59",1173.1,2,bakakaka
3475,16736120,"Ricky #2","2026-09-08 02:47:36",1173.0,2,rickyds97
3476,16670020,nanare,"2026-09-16 16:43:03",1173.0,2,nanaresudo
3477,16858113,wli889661,"2026-09-09 13:38:01",1173.0,2,wli889661
3478,16814378,"Jay Prrajapati","2026-09-09 13:53:13",1172.8,2,jayprrajapati
3479,16860160,"Kohei #2","2026-09-09 11:20:08",1172.7,1,confirm
3480,16677217,Panos,"2026-09-15 12:44:36",1172.3,2,panosc
3481,16633793,adakoda,"2026-09-09 11:55:49",1171.8,2,adakoda
3482,16860708,"Nav N","2026-09-10 07:47:42",1171.7,2,navidata
3483,16774823,fan2goa1,"2026-09-09 07:23:33",1171.6,2,zfun0926
3484,16771337,titako0000,"2026-09-10 09:00:19",1171.6,2,titako0000
3485,16722112,nyori,"2026-09-27 22:46:08",1171.4,2,nyoriworks
3486,16624303,seven,"2026-09-09 09:18:12",1168.7,2,morikawatakeshi
3487,16805144,heliosli,"2026-09-21 13:29:51",1167.5,1,heliosli
3488,16719771,"Oleg Papulov","2026-09-26 11:37:32",1167.0,2,olegpapulov
3489,16840564,starlovelmj,"2026-09-09 02:16:02",1166.8,2,starlovelmj
3490,16855035,"rock paper scissors","2026-09-08 15:03:00",1166.5,1,downbythesallygarden
3491,16806006,2,"2026-09-23 08:45:53",1166.3,2,smallvv
3492,16779957,养了一群扫福瑞,"2026-09-09 12:13:36",1165.6,2,whq0q7
3493,16773964,trung,"2026-09-28 09:53:19",1165.2,2,trung2006
3494,16661648,"Vân Nguyễn","2026-09-15 14:45:09",1165.1,2,vunnguyen
3495,16659670,MeeMee,"2026-09-10 07:07:22",1164.8,2,yagi46
3496,16706265,questiondlmarks,"2026-09-10 06:09:35",1164.6,2,questiondlmarks
3497,16700510,"Shadow Recon","2026-09-28 09:24:06",1164.5,2,gaurav065
3498,16763418,overwhelmer,"2026-09-16 17:39:13",1164.4,2,overwhelmer
3499,16840862,HaoKwok,"2026-09-09 03:50:41",1164.3,2,haokwok2002
3500,16863445,Mainies,"2026-09-27 23:24:23",1164.2,2,mainies7
3501,16695242,"Utkarsh Prakash Srivastava","2026-09-08 15:55:37",1164.0,2,utkarshps
3502,16843635,"Просто Человек","2026-09-08 18:03:16",1162.7,2,gomunkul
3503,16806879,tetsuro731,"2026-09-09 11:46:20",1162.5,2,tetsuro731
3504,16769277,卡心农场,"2026-09-18 17:14:44",1161.9,2,"hkd2333,hsiaosuan"
3505,16808631,ALkkGame,"2026-09-14 15:16:47",1161.7,2,alkkgame
3506,16841960,WessonZ,"2026-09-10 02:11:20",1161.5,2,wessonz
3507,16680524,Nealdarkdarkdark,"2026-09-08 04:36:02",1161.5,2,wklyb1
3508,16652173,"Shardul Gharat","2026-09-22 03:52:12",1160.2,2,shardulgharat
3509,16756592,"Abdalrahman Eissa","2026-09-25 12:47:21",1159.9,2,abdalrahmaneissa
3510,16731836,"Theo Venturian","2026-09-11 18:03:45",1159.8,2,theodorraulventurian
3511,16841565,"dar Zaa","2026-09-08 18:04:18",1159.7,2,darzaa
3512,16663748,Calmracer,"2026-09-08 16:17:56",1159.4,2,ethanhall123
3513,16644702,cracker_1_war,"2026-09-10 07:18:48",1159.2,2,cracker1war
3514,16844672,"sleeping king","2026-09-09 02:11:59",1158.4,2,sleepingking
3515,16876071,NITISH5236GOEL,"2026-09-26 05:12:35",1158.3,2,nitish5236goel
3516,16856437,"Roshan S. Chauhan","2026-09-14 09:33:55",1158.1,2,vrosenta
3517,16843617,Jenny124685,"2026-09-28 07:28:39",1156.9,2,jenny124685
3518,16757123,"Sripad Modali","2026-09-16 14:48:11",1156.8,2,sripadmodali
3519,16794871,IMosia,"2026-09-21 08:03:49",1156.2,2,ivanmosiagin
3520,16679694,"Yaro Perventsev","2026-09-28 02:15:01",1156.2,2,yaroslavperventsev
3521,16840536,"Philip Snyder","2026-09-08 05:18:07",1155.5,2,darkhorsecodes
3522,16870447,"louie lau","2026-09-11 08:22:30",1155.4,1,louielau
3523,16659465,AravindLochan,"2026-09-08 10:00:39",1155.4,2,aravindlochan
3524,16861083,Shoto,"2026-09-09 15:14:42",1154.4,1,bloodymonday
3525,16833052,"we lose some 🏆","2026-09-26 14:40:54",1153.9,2,sayangoswami
3526,16854541,yangyiqing6,"2026-09-15 06:14:21",1153.3,2,yangyiqing6
3527,16809097,volumatic,"2026-09-10 11:00:51",1153.2,2,"kkeevviinn666,volumatic"
3528,16842967,yoshiki116,"2026-09-11 05:05:19",1153.2,2,yoshiki116
3529,16630111,jannchie,"2026-09-23 09:27:46",1153.1,2,jannchie
3530,16842645,zard599,"2026-09-26 08:29:40",1152.7,2,zard599
3531,16660477,SeaGoat,"2026-09-27 14:10:01",1151.8,2,vbandaru
3532,16718823,"Rafael Molina Castaño","2026-09-12 20:45:02",1151.3,2,rafaelmolinacastano
3533,16627581,AidenSong123,"2026-09-12 14:15:30",1151.3,2,aidensong123
3534,16641713,"ronsen sun","2026-09-11 08:01:06",1150.7,2,ronsensun
3535,16909962,"Peter Shu","2026-09-17 02:29:52",1149.9,2,petershuikun
3536,16870600,"Huayu Wen","2026-09-11 14:17:55",1149.7,2,huayuwen
3537,16763001,Eb3lss,"2026-09-09 11:08:19",1149.5,2,eb3lss
3538,16669826,Jesse,"2026-09-12 07:51:27",1149.5,2,jesneuman
3539,16808840,Devansh3007,"2026-09-10 05:02:13",1149.3,2,devansh3007
3540,16774884,assssstnuar,"2026-09-21 10:18:41",1148.9,2,assssstnuar
3541,16663498,"Braxton Dyer","2026-09-23 14:23:54",1148.6,2,braxtondyer
3542,16796014,keith70,"2026-09-08 07:18:36",1148.5,2,keith70
3543,16863538,e-toppo,"2026-09-10 01:15:27",1148.4,1,masatomatsui
3544,16688450,SpiralTip,"2026-09-14 04:11:41",1148.2,2,spiraltip
3545,16805940,Foxure,"2026-09-12 01:51:33",1147.7,2,foxure
3546,16810813,Scorn100,"2026-09-09 17:11:13",1147.5,2,scorn100
3547,16715729,Ajay_Rao_43,"2026-09-09 05:25:11",1147.3,2,ajayrao43
3548,16673524,"Zikai Chen","2026-09-26 03:20:09",1146.8,2,"auroraxxiiaa,kyrie1102kai"
3549,16656806,"Arshad Shemil k","2026-09-09 08:33:09",1146.5,2,arshadshemilk
3550,16840819,clammpon,"2026-09-27 11:28:04",1146.5,2,clammpon
3551,16699246,"Labh Khatke","2026-09-11 15:53:22",1146.2,2,labhkhatke
3552,16841077,melowdramtic,"2026-09-10 02:31:53",1145.9,2,melowdramtic
3553,16784485,betterme,"2026-09-09 15:54:54",1145.2,2,betterme12345
3554,16663252,"MD Concepcion","2026-09-28 12:54:20",1145.2,2,mikedconcepcion
3555,16891040,"Nasri Siwar","2026-09-18 18:05:16",1145.1,2,sassounasri
3556,16724755,K.nosaka,"2026-09-10 12:07:13",1144.8,2,kenseinosaka
3557,16732352,ORiginators,"2026-09-09 10:47:23",1144.7,2,"sachinpandey721,sunritpal"
3558,16765484,smsxgz,"2026-09-08 19:09:03",1144.5,2,smsxgz
3559,16846391,"here we go","2026-09-09 05:28:41",1144.3,2,j1aliangx
3560,16763200,"Alexander Nord","2026-09-07 18:04:42",1143.4,2,"alexandernord123,pizza987"
3561,16815985,leemc95,"2026-09-08 21:31:33",1143.3,2,leemc95
3562,16635747,"Jeki Wan Taufik","2026-09-08 15:14:33",1143.2,2,jek1wantaufik
3563,16741563,"Paul Pawletta","2026-09-15 09:16:16",1143.1,2,paulpawletta
3564,16793478,noisyislands,"2026-09-28 17:05:43",1143.0,2,noisyislands
3565,16665191,JoJa,"2026-09-22 04:49:21",1142.9,2,"mojyou,noahzx"
3566,16848686,"xiang156 xu","2026-09-08 03:23:16",1142.9,2,xiang156xu
3567,16758629,karinkaito,"2026-09-16 01:08:30",1142.6,2,karinkaito
3568,16771010,42X,"2026-09-09 13:43:36",1142.6,2,infcyx
3569,16728959,"no pain no gain","2026-09-11 09:19:44",1141.9,2,ilyayurov2000
3570,16884338,"Emmet Banker","2026-09-24 01:53:27",1141.4,2,emmetbanker
3571,16743648,Hei_shao,"2026-09-12 18:48:52",1141.4,2,heishao
3572,16730473,Kyohei,"2026-09-08 00:42:18",1141.2,2,kyohei3
3573,16896006,jrw208,"2026-09-22 21:27:28",1140.9,2,jrw208
3574,16650824,Orsted_hitogmi,"2026-09-16 07:59:15",1140.8,2,orstedhitogmi
3575,16862298,"Varadaraj Borkar","2026-09-13 13:12:11",1140.6,2,varadarajborkar
3576,16672241,dupakdungking,"2026-09-15 13:32:04",1140.2,2,primarizki
3577,16633445,Wal8800,"2026-09-10 06:30:12",1140.0,2,wal8800
3578,16766171,Jonaid,"2026-09-10 22:22:27",1140.0,2,jonaidshianifar
3579,16680290,prospers,"2026-09-08 05:37:42",1138.3,2,prospers
3580,16823782,yuyutech(Genuine),"2026-09-08 04:32:19",1138.1,2,yuyutechgenuine
3581,16758709,dk07dk,"2026-09-12 07:13:48",1137.8,2,dk07dk
3582,16841097,"Arsonist Duck","2026-09-17 20:21:55",1136.6,2,herbertthebird
3583,16845280,"Samuel Watson","2026-09-11 07:06:59",1136.5,2,scwatson
3584,16786158,"Yi-Chia Chen","2026-09-22 06:48:34",1136.4,2,threerabbits
3585,16821420,Sight,"2026-09-28 06:15:00",1135.9,2,"cai12341234,crimsurfer,jingwenxu85,sakurasss,yuankunzou3"
3586,16717253,Sybery_AI,"2026-09-13 19:51:41",1135.8,2,syberyai
3587,16795704,haodada001,"2026-09-10 01:49:03",1135.1,2,haodada001
3588,16841313,"Daniel Harkin","2026-09-09 18:24:13",1134.8,2,danielharkin
3589,16771080,"Ricky Shao","2026-09-07 17:16:14",1134.5,2,rickyshao
3590,16653805,mohsen2050,"2026-09-14 18:25:43",1134.4,2,mohsen2050
3591,16624979,"Mohamed abdelrazik","2026-09-25 20:36:52",1132.8,2,mohamed3abdelrazik
3592,16848095,"Risha Apps","2026-09-08 15:41:31",1132.4,2,rishaapps
3593,16845083,"Restu Anggoro Kasih","2026-09-07 12:44:58",1131.4,1,restuanggorokasih
3594,16672858,Lyesterday,"2026-09-07 10:14:39",1131.0,2,ilyas93
3595,16728109,"Sidharth Hulyalkar","2026-09-11 06:16:26",1131.0,2,sidharthhulyalkar21
3596,16844845,"Dinesh Amalathasan","2026-09-28 18:20:17",1130.8,2,amaldinesh
3597,16664619,"Trupen Patel","2026-09-08 15:52:17",1130.4,2,trupenpatel
3598,16657341,raccoonForest,"2026-09-08 06:45:18",1130.0,2,gkanamoto
3599,16797251,"Nguyễn Mạnh Niên","2026-09-06 11:29:31",1129.3,2,jacobrichard312
3600,16733111,qihuaz,"2026-09-13 06:35:14",1129.0,2,qihuaz
3601,16625050,"how to place pokemon","2026-09-25 22:58:31",1128.1,2,ktverdov
3602,16708880,yotsutose,"2026-09-10 10:18:49",1127.4,2,yotsutose
3603,16668647,"THIRUPATHI KANNAN K","2026-09-07 14:59:51",1127.3,2,thirupathikannank
3604,16898040,王ruizhe,"2026-09-19 07:56:03",1126.9,2,ruizhe28
3605,16790472,"Manurupan M","2026-09-20 07:09:36",1126.6,2,manurupanm
3606,16857973,guochangZhang,"2026-09-09 04:24:41",1126.5,1,guochangzhang
3607,16777107,Pipiripipap,"2026-09-09 10:03:38",1126.4,2,yohalf
3608,16841113,Andy,"2026-09-07 01:22:11",1126.3,2,andrewmedran0
3609,16741997,hikarinosenshi,"2026-09-08 00:50:58",1126.0,2,hikarinosensh1
3610,16852605,VTH,"2026-09-08 06:35:01",1125.9,2,storm2501
3611,16840338,"Shoma Arakawa","2026-09-12 08:55:21",1125.5,2,shomaarakawa
3612,16774941,Samvrcai,"2026-09-16 22:56:19",1125.3,2,samvrcai
3613,16621687,ropeadope,"2026-09-27 15:44:12",1124.6,2,silkross
3614,16765488,chenyinheng30,"2026-09-27 13:10:13",1124.4,2,chenyinheng30
3615,16791712,"xiang W","2026-09-08 14:24:56",1124.0,2,"dekonsu,xiangwaaaaa"
3616,16799362,"James Weatherhead","2026-09-06 21:45:45",1123.6,2,jamesweatherhead
3617,16671425,"Gajenddra Raj","2026-09-11 01:18:29",1123.3,2,gajenddra
3618,16631400,JZ,"2026-09-20 23:44:22",1122.8,2,zhoujiachen
3619,16721382,"Milan Leonard","2026-09-12 07:20:12",1122.6,2,milanleonard
3620,16866086,"Table Feng","2026-09-15 15:22:21",1122.0,2,tablefeng
3621,16849883,"Rifa Tamanna","2026-09-07 22:07:04",1121.9,2,rifatamanna1109
3622,16736542,YuRuiZe,"2026-09-06 10:16:45",1121.6,2,ruoyuruize
3623,16845193,Kaan111,"2026-09-17 15:37:21",1121.6,2,kaan111
3624,16786139,Trezerg,"2026-09-09 03:22:46",1121.0,2,progtrollwarrior16
3625,16660987,AdrianWang2003,"2026-09-09 09:32:53",1120.9,2,"adrianwang2003,benlou04"
3626,16779942,"YueKai Yu","2026-09-07 01:12:38",1120.7,2,yuekaiyu
3627,16755414,Danzzzl,"2026-09-27 15:59:58",1120.3,2,okunevda
3628,16655501,Savko,"2026-09-21 06:02:04",1120.3,2,savchenko
3629,16623646,"Minal kharat123","2026-09-27 16:22:31",1120.2,2,minalkharat123
3630,16715358,wuy1hao,"2026-09-07 10:23:01",1120.1,2,wuy1hao
3631,16634156,"Hiroyasu Okuno","2026-09-27 03:38:36",1119.3,2,hiroyasuokuno
3632,16861544,"Hiroyuki Fujimaki","2026-09-28 13:45:15",1119.2,2,hiroyukifujimaki
3633,16668748,"Harrison Interactive","2026-09-24 12:07:26",1119.1,2,nosiru
3634,16924593,"Aarav Bajya","2026-09-28 16:25:32",1118.4,2,aaravbajya
3635,16710546,"Russlan Ramdowar","2026-09-09 05:03:58",1118.1,2,russlan
3636,16822109,Meticulousss,"2026-09-10 16:32:31",1117.9,2,meticulousss
3637,16842066,Atomo333,"2026-09-08 10:35:55",1117.5,2,atomo333
3638,16730375,Floth,"2026-09-07 15:14:58",1117.4,2,suwat513
3639,16923006,"Nguyen Cat Luong","2026-09-19 21:12:51",1116.4,2,nguyencatluong
3640,16655109,"Tia He","2026-09-10 00:54:40",1116.0,2,altheahe
3641,16844769,phi,"2026-09-09 18:19:54",1115.9,2,fahisplr
3642,16854616,"Dd National","2026-09-12 13:29:04",1115.4,2,ddnational
3643,16666393,saikyo,"2026-09-07 02:04:55",1114.9,2,kyosaikyo
3644,16640878,"Krishna Yadu","2026-09-06 08:18:51",1114.9,1,krishnayadav456wrsty
3645,16918095,Free-joint,"2026-09-25 07:40:00",1114.8,2,"huangzehua,percivallin"
3646,16736404,¡olé!,"2026-09-08 04:30:34",1114.6,2,hjx1024
3647,16728229,twomoon,"2026-09-08 05:22:46",1114.6,2,twomoon036
3648,16637241,M4nd4l0r14n,"2026-09-07 21:50:19",1114.5,2,thiagobcunha
3649,16661462,"Dania Amer","2026-09-28 18:02:37",1114.4,2,dania35
3650,16740464,"Jorrawar Grewal","2026-09-08 00:43:17",1114.1,2,jorrawargrewal
3651,16656776,ShaoCharles,"2026-09-09 14:16:17",1113.9,2,shaocharles
3652,16838588,"Nadeem Ishikawa","2026-09-08 23:04:10",1113.9,2,nadeemishikawa
3653,16743484,"薄和叶 Lv.INF","2026-09-03 14:24:47",1112.2,2,lumine01
3654,16726559,william,"2026-09-05 02:03:48",1111.3,2,hiricodev
3655,16687716,"Joshua Fernando","2026-09-16 12:51:45",1111.1,2,joshuafernandoj
3656,16663681,Kometa,"2026-09-20 06:03:24",1110.8,2,petarknezevic1
3657,16686424,"Thần Thoại","2026-09-08 16:58:05",1110.6,2,thanthoai
3658,16854744,"Rostislav Epifanov","2026-09-10 12:14:58",1110.5,2,rostepifanov
3659,16849295,"Israa Saede","2026-09-07 17:30:03",1110.4,1,esraaalsaeede
3660,16719090,CHSTO,"2026-09-12 21:35:49",1109.9,2,haotianqi
3661,16724993,Bonkoturyu,"2026-09-10 07:59:12",1109.9,2,bonkoturyu
3662,16842044,StackOverflowed512,"2026-09-07 17:53:32",1109.9,2,stackoverflowed512
3663,16660444,"Сергей Мизин","2026-09-24 16:29:09",1109.8,2,seeergo
3664,16730247,DOM-VASCONCELOS,"2026-09-23 09:45:05",1109.5,2,domcreator
3665,16832556,"Harshit Raj #2","2026-09-10 16:45:16",1108.9,2,harshitraj2123221
3666,16725851,hetspookjee,"2026-09-07 21:54:39",1108.3,2,hetspookjee
3667,16661768,"Lợi Trần Bảo","2026-09-13 19:43:53",1108.3,2,litrnbo
3668,16893007,thegoatman7,"2026-09-18 04:04:52",1107.5,2,thegoatman7
3669,16623806,黒田彩人,"2026-09-07 21:37:20",1107.3,2,ayato0705
3670,16754974,BurntPotato,"2026-09-09 00:06:54",1107.2,2,burntpotato
3671,16679810,"Patrick Joël MAIRLOT-MBEZELE","2026-09-10 17:54:50",1106.7,2,pigenesis75
3672,16783517,"dongdong zhang","2026-09-07 03:22:34",1106.2,2,mcdongdongzhang
3673,16672549,"ReinFARMent Learning?","2026-09-11 03:38:53",1105.9,2,arksey
3674,16730484,Esperanza,"2026-09-10 00:42:17",1105.8,2,deanpixton
3675,16881235,"Konstantin Zorin","2026-09-28 18:12:35",1105.6,2,zokost
3676,16726431,Manav,"2026-09-07 14:42:18",1105.5,2,manavsangwan
3677,16937692,"Sergio D","2026-09-25 20:58:22",1104.5,2,ser8147
3678,16686444,"Syakirin Pahimi","2026-09-06 16:21:15",1104.3,2,syakirinpahimi
3679,16661034,"Devesh Mehta","2026-09-27 16:10:39",1104.1,2,deveshmehtaaie
3680,16854416,"Artemiy Shirokov","2026-09-08 12:53:33",1103.0,1,tema7707
3681,16845510,bugkeeper,"2026-09-08 06:24:57",1102.7,2,bugkeeper
3682,16830000,"Danilo Lapegna","2026-09-21 06:52:23",1102.3,2,danilolapegna
3683,16765207,Cathy,"2026-09-10 01:48:38",1101.8,2,cathyyou
3684,16704613,alexbstl,"2026-09-14 01:43:31",1101.3,2,alexbstl
3685,16810104,Mahoraga,"2026-09-27 04:29:24",1101.0,2,hemanthraju311
3686,16639570,"Vishesh Banna","2026-09-08 13:07:51",1100.9,2,visheshbanna
3687,16748527,Tsubasa_00,"2026-09-10 00:22:27",1100.8,2,tsubasa00
3688,16843173,"Hansen Zhong","2026-09-28 02:05:44",1100.5,2,onegameonedream
3689,16840452,pan6628,"2026-09-10 04:38:21",1100.3,2,pan6628
3690,16702430,"ZeLong Leo","2026-09-28 08:36:26",1099.4,2,zelongleo
3691,16700501,Konno,"2026-09-08 02:40:46",1099.4,2,nearfield1234
3692,16669666,RhoenSprudel,"2026-09-11 19:08:43",1098.2,2,rhoensprudel
3693,16768043,"Cropy and Paste","2026-09-13 17:56:08",1098.1,2,tfriedel
3694,16810490,katlun,"2026-09-26 21:18:02",1097.9,2,"hoyin1212,katlun"
3695,16824564,"piu ATI","2026-09-06 10:02:27",1097.8,2,piuati
3696,16675897,"KANG ZHIPENG","2026-09-16 01:26:34",1097.1,2,kangzhipeng
3697,16639800,"Yong Ming-Jia","2026-09-15 06:14:00",1097.1,2,ymingj
3698,16725081,ZhouYongqi,"2026-09-06 14:55:06",1096.9,2,xy0v0zhang
3699,16870585,ba,"2026-09-11 08:25:46",1096.8,2,yusukebaba
3700,16853941,"Baha Enes Ören","2026-09-28 15:34:24",1096.7,2,bahaenesren
3701,16665352,"Paul Nassiri","2026-09-22 12:01:10",1095.6,2,laszlolevray
3702,16654068,"Renoir Vieira","2026-09-05 17:42:47",1095.3,2,renoirvieira0
3703,16748997,wl4mb,"2026-09-27 18:02:20",1095.0,1,zhilongjaredliw
3704,16659711,williams,"2026-09-06 23:23:25",1094.8,2,williams
3705,16839429,"Igor Aranovsky","2026-09-08 08:55:51",1094.0,2,igoraranovsky
3706,16688281,"Luke Stafford","2026-09-22 15:43:55",1093.9,2,luketstafford
3707,16715383,"Leo Lilley","2026-09-09 03:36:39",1093.9,2,leolilley
3708,16764476,daviddnd,"2026-09-15 07:40:48",1093.7,2,daviddnd
3709,16838807,"tony boakye","2026-09-08 11:41:30",1093.6,2,tonyboakye
3710,16806809,air,"2026-09-06 09:54:14",1092.6,2,air041001
3711,16839548,"Александр Прохоров","2026-09-08 12:30:54",1092.1,2,obbwd12
3712,16842187,"rongkai bao","2026-09-06 05:34:57",1091.8,2,rongkaibao
3713,16839343,"SAURABH VISHWAKARMA","2026-09-15 17:13:31",1091.2,2,surabhv21
3714,16671767,Kaileh57,"2026-09-28 17:08:55",1090.8,2,kaileh57
3715,16805509,"Adel Zebiche","2026-09-06 17:28:28",1090.7,2,adelzebiche
3716,16731822,Senn88,"2026-09-08 13:54:19",1089.4,2,senn88
3717,16738820,"Ying Li","2026-09-14 15:06:54",1089.1,2,lyee919
3718,16797036,tksfjn,"2026-09-12 04:06:53",1089.0,2,tks3210
3719,16802719,uta_ccc,"2026-09-06 07:15:44",1088.6,2,utaccc
3720,16838898,"Minh Trịnh","2026-09-06 13:38:05",1088.4,2,minhtrinh2002
3721,16801995,"XD tsui","2026-09-03 20:41:03",1088.3,2,xdtsui
3722,16803592,"Bishal Lamichhane","2026-09-16 13:33:25",1087.4,2,bishallamichhane44
3723,16796600,skyShenzi5822,"2026-09-08 08:06:25",1087.0,2,skyshenzi
3724,16842273,2424,"2026-09-08 14:29:16",1086.8,2,takutonishi
3725,16893831,"Sasan Nazari","2026-09-16 00:07:26",1086.7,2,sasannazari
3726,16683952,"Maksimov Evgeniy","2026-09-04 01:23:59",1085.9,2,maxevg
3727,16764342,malone001,"2026-09-11 08:18:49",1085.7,2,malone001
3728,16843986,"Young Jim","2026-09-07 00:05:04",1085.2,2,youngjim
3729,16792123,coder2403,"2026-09-12 17:08:38",1085.2,1,coder2403
3730,16810060,galileo680,"2026-09-05 23:45:08",1085.0,2,keter333
3731,16759913,"Peter Cnudde","2026-09-07 20:08:25",1084.9,2,petercnudde
3732,16726889,stnick,"2026-09-05 19:13:36",1084.9,2,stnick
3733,16727536,lelelove1225,"2026-09-06 12:58:48",1084.6,2,lelelove1225
3734,16802630,takotakosan,"2026-09-09 03:10:10",1084.5,2,takotakosan
3735,16758839,"Yusuf Murtaza","2026-09-06 10:23:21",1084.0,2,yusufmurtaza01
3736,16639369,"Kyuhwan Cho","2026-09-18 23:24:42",1083.8,2,octoarden
3737,16822414,Yassinovich,"2026-09-06 12:50:02",1083.4,2,yassinovich
3738,16845063,"Gaston Zarate","2026-09-22 05:36:22",1083.3,2,gastonz195
3739,16869870,"Electric Weasle","2026-09-13 15:27:16",1083.3,2,electricweasle
3740,16667922,JungHwan,"2026-09-06 00:05:59",1083.2,2,najunghwan
3741,16654463,Mark,"2026-09-04 19:38:01",1082.6,2,robotmf
3742,16664293,"Adam Lloyd","2026-09-05 07:12:04",1082.2,2,alloyd256
3743,16862895,"Quinn Brighton","2026-09-12 00:01:22",1081.7,2,quinnbrighton
3744,16918646,MsMarch.7,"2026-09-18 09:12:24",1081.6,2,msmarch7
3745,16689366,"Cuong Le","2026-09-06 15:24:57",1081.4,2,ad1999
3746,16728897,kaba777,"2026-09-28 13:31:37",1081.2,2,kaba777
3747,16804549,Feidudu,"2026-09-04 15:51:54",1081.0,2,zenanshao
3748,16674720,"Prathmesh Lagdive","2026-09-27 07:25:26",1079.1,2,"aglavevaibhav,prathmeshlagdive,shriyashkurud"
3749,16734894,"MP Gamimg","2026-09-25 10:09:15",1078.3,2,okadahiroshi
3750,16667998,Speril,"2026-09-11 03:51:03",1078.0,2,speril
3751,16842817,darcy132,"2026-09-06 13:16:34",1077.8,2,darcy132
3752,16885684,LiYiTingTom,"2026-09-21 15:53:41",1077.7,2,liyitingtom
3753,16634336,"Arko Bera","2026-09-08 19:08:41",1077.5,2,cartoonistbeard
3754,16737702,"kaneko takafumi","2026-09-28 13:15:47",1077.3,2,kanekotakafumi
3755,16669715,housssaamos,"2026-09-27 16:02:39",1076.2,2,housssaamos
3756,16734199,Iliamna,"2026-09-06 20:44:33",1076.1,2,decotoj
3757,16838953,HHHyyds,"2026-09-05 12:31:34",1076.0,2,hhhyyds
3758,16824014,"Kotaro Kikuchi","2026-09-07 10:57:06",1075.9,2,kotaro1129
3759,16697923,"Vincent Debout","2026-09-12 22:24:00",1075.4,2,vdebout
3760,16677107,gagacrow,"2026-09-07 16:11:58",1074.9,2,gagacrow
3761,16778388,"straw hats","2026-09-20 14:26:24",1074.7,2,rushikeshgaonkar
3762,16777894,"Matthew Neba","2026-09-06 21:37:08",1074.6,2,matthewneba
3763,16725195,易研学社,"2026-09-06 07:27:43",1074.6,2,"chency17,fengwann,mingyingxin,sjojasdq,tbtbbb"
3764,16860587,"Mayo Mafia","2026-09-14 12:41:03",1073.1,2,vasujain12344
3765,16644255,Rister,"2026-09-04 00:05:35",1072.0,2,"rister101,stharundhatri"
3766,16810859,"Michael Silverblatt","2026-09-06 12:39:49",1071.6,2,msilverblatt
3767,16750726,prince22466,"2026-09-26 06:40:24",1071.4,2,prince22466
3768,16811890,Bobbbbbbbbx,"2026-09-03 15:25:01",1071.3,2,bobbbbbbbbx
3769,16779321,HarryP12,"2026-09-11 16:45:35",1070.8,2,harryp12
3770,16802039,"Anna Currie","2026-09-04 10:24:33",1069.9,2,hcnfgxsghvbkhbty
3771,16771397,its_mrz,"2026-09-07 17:48:52",1069.6,2,itsmrz
3772,16783328,AggriTrader,"2026-09-15 13:56:09",1069.5,2,leoluo
3773,16745949,"Miaohua Zhang","2026-09-26 06:55:00",1069.0,2,miaohuazhang
3774,16851959,Darren0724,"2026-09-11 12:15:26",1068.9,2,darren0724
3775,16626979,"An - Claudex","2026-09-24 10:28:30",1068.7,2,myotterspace
3776,16632231,"Samrish B","2026-09-05 18:17:55",1068.3,2,samrishb
3777,16717756,Dominick,"2026-09-28 16:36:55",1067.9,2,kcinimod
3778,16707702,"anton leyn","2026-09-08 16:30:11",1067.1,2,antonleyn
3779,16697205,"Gould Research","2026-09-08 17:19:28",1066.8,2,"georgeking1,gouldh,gradybos,shanemullahy"
3780,16824101,"Bala Murugan AIML","2026-09-04 02:20:12",1066.6,1,balamuruganaiml
3781,16777406,"Toheeb Ogunade","2026-09-08 22:46:05",1066.3,2,toheebogunade
3782,16639746,"Kyle Wang","2026-09-04 15:12:00",1065.5,2,ky1ewan9
3783,16719578,blueblue222,"2026-09-11 04:36:53",1065.4,2,blueblue222
3784,16841276,EmmaL09,"2026-09-09 22:09:29",1065.0,2,emmal09
3785,16707562,Snipine,"2026-09-08 01:17:09",1065.0,2,boluosnow
3786,16773039,zyiqun,"2026-09-04 06:12:36",1064.3,2,zyiqun
3787,16697877,"Sky kun","2026-09-13 22:36:13",1064.2,2,skykun
3788,16773069,Grant,"2026-09-05 10:49:32",1063.5,2,leolin05
3789,16721688,"Hi Im Ryo","2026-09-04 15:05:22",1062.9,2,loto610
3790,16657904,xfhdh1,"2026-09-06 09:51:45",1062.7,2,xfhdh1
3791,16707639,Fujinawa,"2026-09-15 12:14:48",1062.6,2,wasshoiwasshoi
3792,16684947,Hoaquason,"2026-09-28 13:28:54",1061.9,2,"datnguyen0102,mibombaclat"
3793,16808352,Rheinmetall,"2026-09-25 16:34:55",1061.9,2,rheinmetall
3794,16657228,"Vladimir Babin","2026-09-21 06:07:32",1061.8,2,vovababin
3795,16765763,latter0206,"2026-09-06 07:00:54",1061.8,2,shoheiyamanaka
3796,16845366,cdaden,"2026-09-08 06:00:19",1061.3,2,cdaden
3797,16641099,sieru-copan,"2026-09-25 12:03:44",1061.2,2,sierucopan
3798,16659776,"Ben Hamilton","2026-09-08 23:36:18",1061.1,2,kineticaxisstudio
3799,16841542,Smmyth,"2026-09-06 22:18:52",1061.0,2,smmyth
3800,16838305,"Zhiyan Chen","2026-09-05 09:20:32",1060.8,2,zenosga
3801,16803141,"Verdant Meridian","2026-09-08 14:13:17",1060.6,2,xinweizhang003
3802,16790359,"laoma fighting","2026-09-07 05:30:45",1060.2,2,laomafighting
3803,16781110,yqz,"2026-09-04 17:57:19",1059.8,2,yuqizheng
3804,16662749,Jordan,"2026-09-28 05:46:23",1059.2,2,extergeist
3805,16732433,syuuuuu,"2026-09-06 12:53:05",1059.1,2,syuuuuukun
3806,16756902,"Matt Palmer","2026-09-06 04:17:51",1059.0,2,palmsey
3807,16927297,galaxy2025,"2026-09-20 01:15:33",1058.8,1,galaxy2025
3808,16816445,"Danila Lebedev","2026-09-08 13:54:33",1058.6,2,danilalebedev
3809,16797393,lingmingzi,"2026-09-05 04:36:26",1058.2,2,lingmingzi
3810,16839209,yuuuu.T,"2026-09-06 02:01:37",1057.6,2,yuuuut
3811,16662204,SM_30,"2026-09-05 15:45:06",1057.3,2,sagarmane104
3812,16734813,"Johan BONILLA MENDIETA","2026-09-05 15:23:38",1056.9,2,johanbonillamendieta
3813,16811433,"Bx LLLLLLLL","2026-09-05 21:54:10",1056.9,2,bxllllllll
3814,16741683,"Lance Wu","2026-09-05 02:17:10",1056.2,2,lancewu722
3815,16717186,"Roumak Das","2026-09-04 03:41:55",1056.1,2,roumak77
3816,16657637,"Ronnie Atuhaire","2026-09-26 06:27:08",1056.1,2,ronnieatuhaire
3817,16780141,"One Zero001","2026-09-03 08:43:16",1055.8,2,onezero001
3818,16808433,thenokol,"2026-09-07 12:26:33",1055.5,2,thenokol
3819,16727147,"Alan Smith","2026-09-09 11:26:14",1055.1,2,acorncupcake
3820,16730834,TomoyaM,"2026-09-10 00:00:39",1055.0,2,tomoyamiyaake
3821,16743788,"Emmanuel Lo","2026-09-04 13:07:50",1054.5,2,emmanuello
3822,16773144,"Mohamed Salah","2026-09-28 18:06:16",1054.2,2,mosalah7
3823,16848220,ggmljs,"2026-09-10 05:10:42",1054.2,2,ggmljs
3824,16683199,"Filippo Gombac","2026-09-02 17:16:47",1053.9,2,filippogombac
3825,16623480,xmaster6y,"2026-09-08 18:26:54",1053.3,2,xmaster6y
3826,16717113,"Dovydas Ruokis","2026-09-11 19:58:21",1053.3,2,dovydasruokis
3827,16806587,"Dear Shark","2026-09-17 07:12:32",1052.8,2,dearshark
3828,16695229,X1a0Ch3n,"2026-09-04 16:14:07",1052.8,2,xiaochen20236673
3829,16725793,Krilin,"2026-09-03 18:41:48",1052.6,2,krilin
3830,16838520,"Niu Yuanfang","2026-09-07 07:50:24",1052.5,2,niuyuanfang
3831,16730707,"James Michael","2026-09-04 14:12:29",1052.3,2,ingenio
3832,16695931,"Kers Aoyagi","2026-09-05 19:24:41",1052.0,2,kersaoyagi
3833,16738810,mararaa,"2026-09-04 10:21:18",1051.9,2,mararaa
3834,16721805,kavunidze,"2026-09-03 11:04:48",1051.8,2,kartu72
3835,16857923,Haruki.O,"2026-09-12 08:23:32",1050.5,2,ho0707
3836,16796840,ezalbxx,"2026-09-10 04:09:31",1050.1,2,ezalbxx
3837,16634239,"Radhakrishnan Guhan","2026-09-05 19:54:20",1049.9,2,rmsgrk
3838,16773607,sky1,"2026-09-04 13:54:00",1049.8,2,skyk1jn
3839,16654995,"Artem Voronov","2026-09-14 11:14:51",1049.5,2,artemyvoronov
3840,16797063,Nianhua1,"2026-09-05 03:35:11",1049.2,2,nianhua1
3841,16716475,"dong & shen","2026-09-03 04:47:45",1048.6,2,"dongcookies,muyouqian4"
3842,16820988,人畜无害,"2026-09-24 09:01:58",1048.1,2,slowmo19
3843,16745351,ChrisXie,"2026-09-08 02:14:19",1047.6,2,chrisstan
3844,16658287,ArturoSirvent,"2026-09-12 05:20:34",1047.2,2,arturosirvent
3845,16899030,CardPilotLab,"2026-09-17 00:32:05",1047.2,2,EldieEnfiel
3846,16662810,HarshitSama,"2026-09-19 10:23:32",1046.9,2,harshitsama
3847,16828244,AGSaturn,"2026-09-06 19:42:52",1046.6,2,polyuhst
3848,16658409,AlexMasip,"2026-09-03 15:37:32",1046.3,2,alexmasip
3849,16768323,thuvuduy16,"2026-08-31 18:59:54",1046.3,2,thuvuduy16
3850,16654791,"Dev Rath","2026-09-10 16:32:18",1046.2,2,devbratrath
3851,16762494,西松大祐,"2026-09-28 15:49:43",1045.9,2,wep212
3852,16806535,"zhangzhuang li","2026-09-03 18:31:12",1045.2,2,zhangzhuangli
3853,16654266,古德拜吃,"2026-09-26 02:11:29",1045.0,2,nosaewang
3854,16799554,dengddd,"2026-09-03 15:30:23",1044.9,2,dengdgq
3855,16786255,OceFFFF,"2026-09-26 06:46:42",1044.1,2,oceanfujimoto
3856,16858618,NaokaK,"2026-09-09 06:58:14",1043.9,1,naokak
3857,16892727,Pi,"2026-09-28 13:42:02",1043.7,2,liemdt
3858,16624506,zhongtian,"2026-09-28 14:47:15",1043.7,2,kmtbang
3859,16672040,"Tom Yim","2026-09-07 04:31:34",1043.1,2,tomyim
3860,16747577,"Nolan BONHOMME","2026-09-03 13:22:05",1043.0,2,nolanbonhomme
3861,16854250,"Jenil Emp","2026-09-21 13:06:46",1042.5,2,jenilemp
3862,16750273,"Nil Lic","2026-09-14 16:44:57",1042.3,2,nillic
3863,16736050,SuperZero11,"2026-09-10 07:44:19",1042.3,2,anandaverma
3864,16673303,"Samuel Sundararaman ","2026-09-28 16:10:09",1042.2,2,neopok919
3865,16925327,danmleo,"2026-09-28 12:05:14",1042.2,2,danmleo
3866,16810802,"Musa Khan","2026-09-03 16:40:12",1041.7,1,lazer999
3867,16626462,mango,"2026-09-04 01:11:13",1041.5,2,mango789
3868,16675739,"Jithendra Maddala","2026-09-12 05:12:26",1040.6,2,jithendramaddala
3869,16639520,"Cary Jin","2026-09-05 22:54:44",1040.5,2,strigiformes
3870,16825772,liujieyou,"2026-09-14 12:01:35",1040.2,2,liujieyou
3871,16716613,Arvin,"2026-09-08 01:18:15",1039.1,2,chesterx
3872,16688642,"Natalia Mawyin","2026-09-05 11:08:38",1039.1,2,nmawyin
3873,16623630,noobanot,"2026-09-03 12:05:20",1039.1,2,noobanot
3874,16682283,"RL is all you need","2026-09-08 13:59:11",1039.1,2,"bpmf577,junzhejiao,jwj1342,liaodid,mrschang"
3875,16841667,Zwxiang123,"2026-09-06 01:27:21",1039.1,1,zwxiang123
3876,16658898,"SRI shiva","2026-09-26 13:57:49",1039.0,2,srishiva
3877,16719083,"Justin Mai 16","2026-09-07 22:30:10",1038.6,2,justinmai16
3878,16695556,"Prajwal Dongre","2026-09-20 05:45:05",1038.6,2,prajwaldongre
3879,16635065,T88,"2026-09-07 09:02:57",1038.1,2,t88take
3880,16657395,"Uchechukwu Ajuzieogu","2026-09-03 14:10:11",1038.0,2,uchechukwuajuzieogu
3881,16750364,Tangruichen,"2026-09-23 19:19:29",1038.0,2,device666kunkun
3882,16694186,souju00,"2026-09-14 10:52:51",1037.8,2,souju00
3883,16753646,"[Deleted] 7d100524-25e6-4751-98db-b4fdce26a5ee","2026-09-02 14:22:45",1037.4,2,del=effabded1aa6d176
3884,16885421,"Lee Minseung","2026-09-28 14:56:38",1037.2,2,leeminseung
3885,16702429,iamlonely,"2026-09-08 16:27:53",1036.8,2,iamlonely
3886,16655311,"Plant City Planter","2026-09-02 19:03:12",1036.8,2,michaellombard
3887,16666296,A.P.R.I.L,"2026-09-12 16:42:30",1036.6,2,puneeth333
3888,16820116,cotora2121,"2026-09-05 17:42:49",1036.3,2,cotora2121
3889,16659430,"John Keith Weber","2026-09-06 16:32:54",1036.1,2,johnkeithweber
3890,16794740,"Alexander R Luz","2026-09-11 16:15:45",1036.0,2,alexanderrluz
3891,16822745,Jetpack,"2026-09-28 16:25:34",1035.2,2,"m1ngch1,victorye04"
3892,16673250,Prashant,"2026-09-04 16:46:37",1034.7,2,"kajalsinghrajpoot,prashantxo"
3893,16806394,Flowers,"2026-09-02 04:03:16",1034.4,1,"guyueyuan,oliver34,wu12138test"
3894,16775506,"lin qiy","2026-09-05 13:32:19",1033.7,2,linqiy
3895,16836457,Andrew9603,"2026-09-06 12:28:37",1033.7,2,benxvyan
3896,16845426,"Erlik Khan","2026-09-13 23:03:03",1033.0,2,erlikkhan
3897,16735253,银龙,"2026-09-07 07:00:02",1032.9,2,boyanyanbo
3898,16838821,小等等,"2026-09-16 07:41:23",1032.3,2,atwelve
3899,16639583,typeIIIfairy,"2026-09-27 04:47:36",1031.9,2,typeiiifairy
3900,16623856,aowhite,"2026-09-03 06:12:31",1030.6,2,brandnewyork
3901,16722995,July,"2026-09-10 10:42:05",1030.5,2,julyzseven
3902,16706442,tipstar0125,"2026-09-05 11:50:46",1029.9,2,dragonty
3903,16814716,edder0798,"2026-09-28 11:35:04",1029.9,2,"edder0798,wangxi608"
3904,16790542,shiba-inu,"2026-09-21 14:06:32",1029.3,2,npinpi
3905,16664518,senxichong,"2026-09-18 08:01:00",1029.2,2,senxichong
3906,16730049,"r2d2 Dasari","2026-09-20 20:15:24",1029.2,2,r2d2dasari
3907,16851712,VelloNChiru,"2026-09-25 02:30:27",1029.2,2,janelawrence
3908,16657825,MilanJoshi,"2026-09-27 13:07:44",1029.2,2,mlnjsh
3909,16721237,phoenixai0,"2026-09-08 14:15:57",1029.0,2,phoenixultra
3910,16622934,"Ümit Anık","2026-09-05 13:54:40",1028.2,2,mitank
3911,16783521,xiannaix,"2026-09-04 09:28:00",1027.6,2,xiannaix
3912,16935054,"jae young ji","2026-09-28 08:01:50",1027.5,2,sayul0102
3913,16667731,"Agent 33","2026-09-24 19:53:19",1027.4,2,agent33
3914,16764068,"Chika Komari","2026-09-02 11:18:48",1027.4,2,gothamjocker
3915,16655633,johnny,"2026-08-31 04:55:56",1027.3,2,jonykarki
3916,16728103,Immutable,"2026-09-06 21:33:16",1027.0,1,dishcleaner
3917,16665700,张广麒,"2026-08-31 08:41:33",1026.8,2,zzggqq
3918,16655114,"Hippo Farming Ltd.","2026-09-28 08:56:25",1026.4,2,felixmneumann
3919,16734979,NiuLAI,"2026-09-24 07:23:38",1026.4,2,"chunsingyu,chunyinhui,jaminmei"
3920,16667724,"Masashi Onda","2026-09-02 12:43:58",1026.1,2,masashionda
3921,16824069,"Phương Nguyễn Việt","2026-09-04 03:52:08",1026.1,1,phngnguynvit
3922,16678462,"Eric Han Wang","2026-09-22 22:39:00",1025.7,2,ericwang03
3923,16662568,RaghavMundhra1,"2026-09-23 22:44:35",1025.5,2,raghavmundhra1
3924,16848645,"Chee Keong Sim","2026-09-10 14:59:11",1025.2,2,cheekeongsim
3925,16871907,"Junya _318","2026-09-14 04:15:18",1025.0,2,junya318
3926,16737937,xamad,"2026-09-01 13:19:27",1024.9,2,giannicerrato
3927,16742470,AK,"2026-09-06 07:57:50",1024.6,2,aman1391
3928,16808178,qianyuatkaggle,"2026-09-08 00:37:32",1023.7,2,qianyuatkaggle
3929,16843970,dharana77,"2026-09-24 08:27:42",1023.7,2,ylee4574
3930,16798174,"Jan Bartos","2026-09-07 22:28:55",1023.6,2,janbartos
3931,16811637,mohui666,"2026-09-03 09:21:41",1023.2,2,mohui666
3932,16633850,Pascal,"2026-09-05 04:01:56",1022.7,2,pascalledesma
3933,16936261,pigpig,"2026-09-28 17:37:03",1022.6,1,"panyizhouhahaha,yanfeipu"
3934,16774727,"Dannya AbdulHadi","2026-09-04 11:48:50",1021.9,2,dannyaabdulhadi
3935,16636954,"Jeff Horon","2026-09-28 14:28:08",1021.6,2,jeffhoron
3936,16686827,Kronki,"2026-09-05 12:24:58",1021.6,2,kronki
3937,16771605,Psyrax,"2026-09-17 16:00:11",1021.1,2,psyrax012
3938,16734290,CodeAMANSA,"2026-09-09 14:52:52",1020.7,2,bcollazo
3939,16686513,Vipul_Kumar75476,"2026-09-28 01:44:19",1020.5,2,vipulkumar75476
3940,16655381,"Varshith K","2026-09-10 22:42:07",1019.9,2,var3604
3941,16659210,HASHP100D,"2026-09-05 11:23:41",1019.9,2,hashp100d
3942,16743191,"Ryoya Kochiyma","2026-09-05 13:28:19",1019.5,2,"kazutotakekuma,ryoyakochiyma"
3943,16793344,zyichi,"2026-09-02 06:41:30",1018.4,2,zyichi
3944,16761167,"Tejasteju M P","2026-09-28 03:20:47",1018.4,2,tejastejump
3945,16757384,straw_Yu,"2026-09-09 01:41:11",1018.3,2,strawyu
3946,16675351,-Beterraba,"2026-09-05 18:45:27",1018.1,2,"afonsoo,miguelottoni"
3947,16732221,ringbearer,"2026-09-27 00:04:05",1017.9,2,mehmetbarankrat
3948,16639771,"DK Armada","2026-09-06 06:33:12",1017.2,2,dkarmada
3949,16732813,Soomana1z,"2026-09-27 19:25:10",1017.0,2,soshionodera
3950,16695521,"Chen Ken","2026-09-28 12:43:30",1016.9,2,nutastray
3951,16656659,"James Y","2026-08-31 09:51:47",1016.7,2,redoctopusk
3952,16761641,Diavolo,"2026-09-05 09:31:08",1016.5,2,jeanmarcbah
3953,16665311,"huayang sun","2026-09-05 06:20:01",1016.4,2,okami001
3954,16628456,kiro,"2026-09-08 06:39:53",1016.4,2,kirosamurai
3955,16785924,Abhinav_26104,"2026-08-31 15:17:41",1016.3,2,abhinav26104
3956,16838843,"qiu ji123","2026-09-12 02:58:46",1015.8,2,qiuji123
3957,16682195,celefefwefwe1,"2026-09-02 16:48:52",1015.5,2,celefefwefwe1
3958,16660121,10pi,"2026-09-02 01:21:07",1015.1,2,meredith10pi
3959,16757418,Janus,"2026-09-20 02:21:48",1014.8,2,khaled1alhasan
3960,16725410,LE4VES,"2026-09-08 09:27:15",1014.8,2,le4ves
3961,16727544,"Mostafa H","2026-09-01 10:03:53",1014.7,2,mostafahaghiri68
3962,16654715,"Aqib Raza","2026-09-02 19:21:26",1014.2,2,aqibrazadev
3963,16682932,"Iulian Curte","2026-09-13 10:07:59",1013.7,2,iuliancurte
3964,16803930,"Farrukh Ismoilov","2026-09-02 11:30:29",1013.6,2,fismoilo
3965,16729092,"ayman elamin","2026-09-27 17:35:45",1013.6,2,aymanelamin
3966,16783630,"fan yanbing","2026-08-30 11:33:12",1012.9,2,jackpudding
3967,16782954,"Team Dajiang","2026-09-19 13:02:19",1012.7,2,"jihuaye,toolazyhhh123"
3968,16795041,"Denis Revenko","2026-09-01 13:02:36",1012.2,2,denizzko
3969,16713540,Anruan,"2026-09-05 16:45:53",1012.1,2,xiaowanshen
3970,16718956,hassan,"2026-09-01 16:14:25",1012.0,2,hasankhhan
3971,16805609,Gleb,"2026-09-01 22:11:48",1011.8,1,korelin
3972,16721501,αίνιγμα,"2026-09-28 18:09:39",1011.6,2,"muditnagori09,shahidnadaf001"
3973,16747036,Illusion,"2026-09-04 13:34:36",1011.6,2,briankimtaikab
3974,16657594,"Wojciech Krasowski","2026-09-02 20:37:04",1011.5,2,ci3l4k
3975,16639979,naphthalene,"2026-09-01 10:40:26",1011.1,2,"aaa0342,leehyungjoon,minjek,trv449"
3976,16659215,"Zhizhou Sha","2026-08-31 12:43:52",1010.2,2,zhizhousha
3977,16714365,meryol,"2026-09-25 21:58:42",1009.7,2,meryol
3978,16791752,bayachay,"2026-09-13 02:26:18",1009.6,2,bayachay
3979,16887947,"Blips and Chitz","2026-09-28 00:02:09",1009.2,2,michaelriedl
3980,16677252,カワシギ,"2026-09-27 02:30:34",1007.6,2,kawashigi
3981,16660488,tehyoni,"2026-09-28 09:59:00",1007.5,2,"gooberdambi,sidcat,suaeng,tehyoni"
3982,16790658,lxymmd,"2026-09-10 07:59:16",1007.1,2,lxymmd
3983,16689266,"Oleksandr Dudnev","2026-09-09 06:14:10",1007.1,2,dantist
3984,16852043,"pig da","2026-09-08 05:32:31",1007.0,2,qijunjie
3985,16847289,"Hengxiang Yu","2026-09-21 07:24:59",1006.9,2,hengxiangyu
3986,16860049,Himanshu,"2026-09-15 12:12:33",1006.3,2,himanshuffbfujbf
3987,16779652,cheezyp,"2026-08-31 06:26:25",1005.4,2,cheezyp
3988,16655169,Musliadi,"2026-08-31 05:51:39",1004.5,2,timscientia
3989,16621831,"Tsung-Yeh, Hsieh","2026-09-09 18:31:09",1004.3,2,"tsungyehhsieh,xinyuloong"
3990,16651792,LX,"2026-09-02 10:29:49",1004.2,2,sunnylx
3991,16661393,"razab Bawa","2026-09-06 12:43:30",1004.1,2,razabbawa
3992,16779831,地里偷偷尿尿,"2026-09-06 14:21:55",1003.0,2,jjsdfd22
3993,16756633,TheDanKing,"2026-08-31 05:49:23",1001.9,2,thedanking
3994,16693382,Sandrone,"2026-09-07 15:57:25",1001.5,2,luvgoelo
3995,16818589,"Rachmat S. Haryadi","2026-09-10 16:48:09",1001.4,2,rachmatsharyadi
3996,16670527,"Balram Gupta","2026-09-18 05:06:28",1001.2,2,"akankshaparab,bg28898"
3997,16756630,Shreyas,"2026-08-30 09:58:08",1000.5,2,shreyasdongre25
3998,16732484,tanzaku,"2026-09-06 07:58:50",999.9,2,tanzaku
3999,16626655,"Surya milenial","2026-08-30 08:21:22",999.5,2,suryamilenial
4000,16839972,"Yusuf Lee","2026-09-28 15:12:44",999.5,2,yusuflee
4001,16663166,Rey4Dan,"2026-09-27 13:14:30",999.4,2,rey4dan
4002,16630516,"Seb (allegedly)","2026-09-09 09:22:48",998.6,2,sebmallia
4003,16839975,AlexHan,"2026-09-05 13:16:50",997.9,1,gksgusrb1212
4004,16623890,"rapika rosalia","2026-09-01 17:40:24",997.1,2,rapikarosalia
4005,16771361,"It's Ratcha","2026-09-07 18:59:25",996.0,2,itsratcha
4006,16779007,"Teoh jia sheng","2026-09-28 15:30:59",995.9,2,"nathanael19,teohjiasheng"
4007,16819030,sunyuxiang136,"2026-09-28 18:15:27",995.3,2,"hqy0619,orangetailfish,sunyuxiang136,tshen12"
4008,16622919,Waffle,"2026-09-23 23:19:28",995.2,2,waffle3z
4009,16773320,kaka,"2026-09-17 08:53:18",994.8,2,kakawin
4010,16669810,CREART,"2026-08-29 16:06:18",994.8,2,gustardust
4011,16780317,jrcjrcjrc,"2026-09-04 06:03:51",994.2,2,jrcjrcjrc
4012,16691247,"Aneesh Rao","2026-08-27 17:11:07",994.0,2,sidrao2006
4013,16664537,"Lenin Goud","2026-08-27 01:07:37",992.7,2,leningoud
4014,16757704,Faustine,"2026-09-23 00:54:18",992.6,2,faustine649
4015,16745416,yamato035073,"2026-08-30 22:24:34",992.6,2,yamato035073
4016,16667147,"Daksh Bhalala","2026-08-26 06:41:04",992.4,2,dakshbhalala
4017,16883641,"Benedek Brandschott","2026-09-28 02:23:30",992.0,2,benedekbrandschott
4018,16922434,Raduansm,"2026-09-28 13:50:12",991.4,2,raduansm
4019,16742825,"Ritwik Raha","2026-09-05 00:03:10",991.1,2,ritzraha
4020,16795982,Vordax,"2026-09-03 18:17:12",991.0,2,vordax
4021,16765154,dreamcxy,"2026-08-31 03:54:16",990.6,2,dreamcxy
4022,16652912,"Kyle Ellard","2026-09-04 11:51:13",990.4,2,kyleellard
4023,16791549,"Eugenio Schiavoni","2026-08-31 19:14:40",990.3,2,eugeniokukes
4024,16712432,hengck23,"2026-08-25 17:58:30",989.9,2,hengck23
4025,16748187,"Violet Notes","2026-09-09 13:20:38",988.7,2,dominicjamil
4026,16768676,Doit,"2026-08-25 02:09:47",988.1,1,aifccnb
4027,16764738,Lucasty,"2026-08-25 07:04:36",987.8,2,lucaswty
4028,16904320,"Flying Duck","2026-09-24 05:15:07",987.8,2,dreame1
4029,16796980,ChenyuBaii,"2026-09-11 09:56:01",987.5,2,chenyubaii
4030,16738279,zhangshuosc,"2026-08-26 05:11:57",986.8,2,zhangshuosc
4031,16790233,"prateek chandra","2026-08-30 15:55:55",986.8,2,prateekchandra7005
4032,16778019,Mr.Frundles,"2026-09-03 02:21:58",986.7,2,watehell
4033,16698340,"Yanxi Jiang","2026-08-26 03:24:55",986.4,2,yanxijiang
4034,16716549,notoverkil,"2026-08-28 08:16:38",985.5,2,notoverkil
4035,16738895,SangGold,"2026-09-13 09:18:56",985.5,2,sanggold
4036,16766941,"S Kim","2026-09-10 22:16:57",985.3,2,sunnyk92
4037,16771457,"HK Fama","2026-09-05 17:51:47",985.1,2,kenho211
4038,16811502,"Avi Porath","2026-09-14 04:33:01",984.3,2,aviporath
4039,16798544,esprit,"2026-08-31 23:47:56",984.2,1,takuji
4040,16654042,B.Pushpanjali,"2026-09-23 07:50:41",983.7,2,"bpushpanjali,vinithwade"
4041,16689569,JovanaLab,"2026-08-27 22:43:51",983.3,2,"choonesenlu,joxitsai"
4042,16795391,MECHINE,"2026-09-01 03:05:47",983.2,2,nainglinwai
4043,16786603,"Shutong Hou","2026-09-27 02:19:48",983.1,2,praxel123
4044,16623736,Garigariyong,"2026-09-01 04:31:17",983.0,2,garigariyong
4045,16863344,masat,"2026-09-09 23:46:30",982.7,1,masatttt
4046,16770998,ket,"2026-08-31 22:14:53",981.9,2,kentken
4047,16802775," SonSheungmin","2026-09-03 06:55:03",981.4,2,sonsheungmin
4048,16736111,hexingwei33,"2026-09-23 15:12:47",981.2,2,hexingwei33
4049,16794841,thisArmin,"2026-08-31 04:29:30",981.0,1,thisarmin
4050,16661304,"Jonathan Roy","2026-09-14 17:05:57",981.0,2,jonathanroy7
4051,16806048,duck_raccooon,"2026-09-02 15:03:04",980.8,2,duckraccooon
4052,16661970,"BOB'S ROOM","2026-09-28 16:49:18",980.5,2,"bobpop123447,datasutudent"
4053,16843755,oguzok,"2026-09-27 20:41:21",980.4,2,oguzok
4054,16734225,"Vijay athithya ","2026-09-02 07:06:29",980.4,2,vijay09
4055,16740392,"Amey Thakur","2026-08-25 12:01:41",980.3,2,ameythakur20
4056,16654526,"Jin Niu","2026-08-26 18:25:33",980.0,2,gufanmingmie
4057,16782227,"chen yue li","2026-09-03 01:34:30",979.6,2,yueelc
4058,16638019,Randynho,"2026-09-15 16:13:30",978.5,2,randynho
4059,16748647,"Adar Cohen","2026-08-24 21:27:43",978.4,2,adarcohen
4060,16634153,AnpAn_Men,"2026-08-29 19:47:31",978.3,2,anpanmen
4061,16663584,"Deployable LLMs","2026-09-27 15:20:39",978.3,2,"lucasveronese,planetoidleser,sinhakprat"
4062,16662338,jaepyeocho,"2026-09-27 16:58:54",978.2,2,jaepyeocho
4063,16627472,CloverFarm,"2026-09-08 13:23:55",976.9,2,ljs2546
4064,16770927,kaptaan45,"2026-08-28 08:06:32",976.1,2,kaptaan45
4065,16793106,"Пал Лаич","2026-08-30 12:45:34",976.0,1,skypunkaudiowalker
4066,16741826,StackKnight,"2026-08-28 02:12:12",975.7,2,stackknight
4067,16672468,ComposeMage,"2026-09-08 01:51:40",975.7,2,composemage
4068,16764431,"William Diment","2026-09-14 07:50:42",975.7,2,williamdiment
4069,16893654,"Arhaan Aggarwal","2026-09-24 01:14:00",975.4,2,arhaanaggarwal2
4070,16752121,adhsdrtjh,"2026-08-23 15:02:25",975.3,2,adhsdrtjh
4071,16876214,Yunfei_Z,"2026-09-17 16:32:21",975.2,1,zhaoyunfei
4072,16762537,Controlvector,"2026-08-25 08:28:11",975.0,2,"controlvector,yxdu01"
4073,16722731,"E&M Pioneer","2026-08-30 11:18:55",974.9,2,hzq2004
4074,16729906,"Krzysztof Madziar","2026-08-28 05:05:13",974.8,2,krzysztofmadziar
4075,16637458,OlivierS,"2026-09-09 03:41:58",974.5,2,oliviers
4076,16662651,CoatiAI,"2026-09-16 11:06:40",974.4,2,gjhordan
4077,16793261,Von_Feynman,"2026-08-30 13:35:43",974.3,1,terrenceluo1017
4078,16630323,kaggricultureomnidimensionalut,"2026-08-28 10:51:28",974.1,2,kumarandatascientist
4079,16662222,MinerUNLEASHED,"2026-08-24 16:28:40",973.2,2,minerunleashed
4080,16844154,シュークリーム,"2026-09-07 03:31:45",972.8,2,syucream
4081,16733708,RyanHo,"2026-08-29 03:59:12",972.1,2,ryanrx
4082,16689697,Kmart0112,"2026-09-21 17:38:23",971.5,2,kmart0112
4083,16775771,"Ewia Tng","2026-09-09 04:57:46",971.4,2,ewiatng
4084,16733748,"Ashutosh Agarwal","2026-09-27 11:24:16",971.3,2,ashutoshagarwal088
4085,16662696,"Cengizhan Tümer","2026-08-31 20:54:21",969.8,2,cengizhantmer
4086,16879133,xiepengo,"2026-09-13 14:05:18",969.5,2,xiepengo
4087,16845570,CHCV,"2026-09-28 12:25:59",969.5,2,chcvpz
4088,16689274,Anyeson,"2026-09-18 12:04:00",969.4,2,anyeson
4089,16752733,zjukop1,"2026-08-25 03:29:28",969.3,2,zjukop1
4090,16668756,"Clark Kitchen","2026-09-09 00:54:50",968.8,2,clarkkitchen
4091,16742232,"Prema Ananda","2026-09-18 15:40:40",968.5,2,premaananda108
4092,16832186,"Noah Öksüz","2026-09-15 13:38:56",967.6,2,noahksz
4093,16844343,"Gotovtsev Artyom","2026-09-18 20:30:04",967.0,2,artemgotovtsev
4094,16665753,"Mansour A. S. Ataa","2026-08-26 10:28:34",966.8,2,profmansoor
4095,16692744,"VAIBHAV RASTOGI 90","2026-09-03 23:43:33",966.5,2,vaibhavrastogi90
4096,16818689,Takashi,"2026-09-28 02:07:32",966.3,2,takashi1
4097,16769028,"Rishabh Yadav","2026-09-17 01:59:59",966.0,2,riishabhhh
4098,16902856,"Laura Vanegas Torres","2026-09-28 02:57:05",965.8,2,lauravanegastorres
4099,16753194,"Saicharan Ramineni","2026-08-26 19:33:02",965.3,2,godlydonuts
4100,16774129,"Chen Audrey","2026-09-04 13:38:19",964.9,2,chenaudrey
4101,16674310,"Ayaz Ahmed Kazi","2026-08-29 18:49:13",964.7,2,ayazahmedkazi
4102,16771843,"Surekha Ramireddy","2026-09-01 15:34:18",964.6,2,surekharamireddy
4103,16669403,mrgrishninsb,"2026-09-13 13:22:10",964.2,2,mrgrishninsb
4104,16675777,"Ml BOY","2026-09-07 18:15:38",963.9,2,mlboy1
4105,16658500,"abhinav rai1","2026-09-26 21:08:47",963.4,2,abhinavrai1
4106,16758791,"qw yi123","2026-09-22 13:41:44",963.0,2,qwyi123
4107,16664683,"Halapeño Farms","2026-09-14 00:35:12",962.7,2,haladaj
4108,16730705,chris,"2026-09-28 11:41:35",962.5,2,chris62
4109,16935983,"Anas Zewail","2026-09-27 16:07:44",962.4,2,anashanyzewail
4110,16758279,"GO HIROSHIMA 2","2026-08-29 02:51:47",962.3,2,gohiroshima2
4111,16838736,"kauan cassiano","2026-09-05 06:42:48",961.6,1,kauancassiano
4112,16778808,"Candace Dudleson","2026-08-31 23:19:12",961.4,2,candacedudleson
4113,16760656,CharTFboy,"2026-08-24 09:19:37",961.4,2,chartfboy
4114,16639796,rmizuta,"2026-08-28 15:07:43",961.1,2,rmizuta
4115,16662819,THeLAB,"2026-09-25 16:30:40",961.0,2,feuorme
4116,16666195,"Yihan Guo","2026-08-28 08:44:06",961.0,2,yihanguo
4117,16761019,"yiwen hou","2026-08-25 14:48:43",960.9,2,hevenhina
4118,16790391,"Kevin Cao","2026-08-29 13:38:03",960.7,1,kevincao2
4119,16767625,"Saurabh Yadav","2026-08-24 17:56:22",960.7,1,saurabhyadav1305
4120,16938353,"Damilola Oladapo","2026-09-27 10:26:25",960.5,2,wizardskull
4121,16894622,"Matthew B","2026-09-23 08:29:26",959.7,2,mcb68945
4122,16755244,SZU蓝心,"2026-09-01 11:50:45",959.7,2,jiazhanliu
4123,16848207,vlad,"2026-09-15 11:56:09",959.4,2,khizanov
4124,16770299,"أحمد فهد الربيش","2026-08-25 09:55:13",958.1,2,ghr111
4125,16762139,AltriaE,"2026-08-25 15:27:52",958.1,2,altriae
4126,16655255,MalelizarazoP,"2026-08-26 13:34:53",957.5,2,malelizarazop
4127,16770397,Ryu,"2026-09-03 20:15:16",957.5,2,bexultanashenov
4128,16658280,"Hemanth Reddy Katta","2026-09-14 22:15:43",957.4,2,hemanthreddykatta
4129,16794205,"kiwi apple","2026-09-01 18:56:25",957.2,2,kiwiapple
4130,16748000,"Rohit Raj Singh","2026-09-15 13:50:22",957.2,2,rohitrajsingh555
4131,16927279,santa9150,"2026-09-28 16:46:24",956.0,2,santa9150
4132,16775443,NoName,"2026-09-04 23:49:43",955.7,2,thesonalsingh
4133,16704603,Tmaxxer,"2026-08-28 14:45:38",954.9,2,tmaxxer
4134,16729225,"Aayush Sigdel","2026-09-03 15:47:50",954.9,2,aayushsigdel
4135,16743904,minamoto,"2026-08-25 16:53:16",953.9,2,usermina
4136,16742228,"bangqun ZHAO","2026-08-27 05:20:56",952.8,2,bangqunzhao
4137,16870771,wangxt1,"2026-09-11 06:19:14",952.6,2,wangxt1
4138,16744905,"Nator X","2026-08-26 22:15:29",951.7,2,natorx
4139,16672202,HealthStone,"2026-08-29 21:04:07",951.7,2,healthstone
4140,16709115,"PARK HYUNSIK","2026-08-26 01:51:31",951.6,2,hyunsikpark
4141,16727214,"Jaivardhan Raahi","2026-09-24 04:34:53",951.4,2,jaivardhanraahi
4142,16693663,"YoungCheol Son","2026-08-27 00:51:34",951.0,2,sonyc5720
4143,16844770,Richard,"2026-09-22 05:48:05",950.6,2,richardwg
4144,16664379,N_Matsumoto24,"2026-09-24 08:32:13",950.6,2,nmatsumoto24
4145,16830753,"youyi li","2026-09-06 02:50:01",950.5,2,liyouyi
4146,16729554,"JingSong Yang","2026-08-28 05:33:55",950.4,2,jingsongyang
4147,16802867,matcha110,"2026-09-27 11:01:11",950.3,2,matcha110
4148,16739363,kulukkuluu,"2026-09-26 20:42:07",950.3,2,kulukkuluu
4149,16769082,"Little Xi","2026-08-26 03:31:32",949.6,2,littlexi0
4150,16724228,LSS0334,"2026-08-26 00:15:54",949.5,2,lss0334
4151,16784611,sardarkhanyadav,"2026-08-28 16:45:33",949.4,2,sardarkhanyadav
4152,16762940,"Davide Andreolli","2026-09-06 09:20:28",949.4,2,davideandreolli
4153,16778489,dataWr3cker,"2026-08-28 20:40:52",949.3,2,gourabr0y555
4154,16734699,PangMinShih,"2026-08-28 08:39:27",949.2,2,shihbonbon
4155,16778358,"Lê Nguyễn Việt Cường","2026-08-28 03:46:51",949.0,2,lengvietcuong
4156,16757903,"Om Singh","2026-08-27 07:05:06",949.0,1,spoilyfrog
4157,16666468,"J Penman","2026-09-09 07:04:10",948.8,2,jpenman
4158,16853131,"Awesome Egg","2026-09-10 07:27:41",948.7,2,newegg
4159,16897961,"AIZOYA FarmBrain","2026-09-27 08:19:04",948.6,2,aizoya
4160,16660492,"Deven Bagul","2026-08-29 11:56:30",948.5,2,devenbagul
4161,16871894,sx2154,"2026-09-20 14:56:27",947.7,2,sx2154
4162,16712943,"Cesar Marcondes","2026-09-04 13:20:02",947.3,2,cmarcond
4163,16716930,"Direc M","2026-08-31 04:54:06",947.0,2,direcm
4164,16691154,UnknownRobi,"2026-08-31 22:50:27",947.0,2,canrobichaud
4165,16730449,"Shinichiro Yoshida","2026-09-25 17:12:44",946.9,2,sysd00
4166,16693193,"Efrain Garay","2026-09-04 20:55:13",946.8,2,efraingaray7
4167,16784056,"anh nông dân may mắn","2026-09-26 21:21:10",946.6,2,nguyen1tri
4168,16724452,Jay,"2026-08-20 00:34:34",946.1,2,jayshimada
4169,16740159,CY,"2026-09-05 09:33:08",945.8,2,aimeny
4170,16774410,"Rishabh Roy","2026-08-26 09:01:38",945.8,1,rishabhr0y
4171,16759705,2nod,"2026-09-19 02:17:04",945.1,2,tsunoten
4172,16659972,"Pelamovic ","2026-08-25 18:03:34",945.1,2,pelamovic
4173,16893046,ClaudiCulture,"2026-09-28 18:19:28",944.9,2,ortimusprime
4174,16675704,reeemii,"2026-08-26 08:51:15",944.9,2,reeemii
4175,16758152,MiguelLFCG,"2026-08-30 11:20:49",944.2,2,miguellfcg
4176,16904612,"Naveen Reddie","2026-09-18 04:19:28",943.9,2,naveenreddie
4177,16856449,Sting,"2026-09-16 17:12:20",943.7,2,sarlnovax
4178,16759075,"Michael Day","2026-08-24 10:38:52",943.6,2,michaelday99
4179,16765313,Hosuke,"2026-09-01 04:19:31",943.5,1,hosuke
4180,16861578,Markura,"2026-09-19 04:56:28",943.5,2,markura
4181,16768955,Hunedjekdsfkd,"2026-08-25 03:56:30",943.3,1,hunedjekdsfkd
4182,16727529,윤영일,"2026-09-22 10:15:57",943.1,2,iongil
4183,16708965,"Witold Dziurdz","2026-08-23 16:33:47",943.1,2,witolddziurdz
4184,16666057,StopPlantingStartGameTheorying,"2026-09-08 07:53:27",943.0,2,mymelodyenjoyer
4185,16848720,嘎达嘎达,"2026-09-08 07:39:07",943.0,1,eggyeggygggy
4186,16807054,"JSU xiaopoche","2026-09-03 06:35:02",942.6,1,xhmuvw
4187,16693272,ush,"2026-09-27 14:24:30",942.2,2,kusuha
4188,16670297,"Gebreab K. Zewdie","2026-08-26 00:22:15",941.1,2,gzewdie
4189,16733932,"Jasper Turnidge","2026-08-24 06:36:23",940.7,2,jasperturnidge
4190,16945082,"Colin's COK and Friends","2026-09-23 05:41:01",940.6,1,"emartinez22,genericcname,sammchargue"
4191,16840001,agheieff,"2026-09-05 13:16:29",940.6,1,agheieff
4192,16716081,"dunky su","2026-08-23 06:36:50",940.4,2,dunkysu
4193,16685450,Nadeem,"2026-08-25 09:21:14",940.4,2,nadeembinshajahan
4194,16699772,MrAnalyst,"2026-09-05 10:43:49",940.3,2,mranalyst
4195,16828844,"SHOUHEI IKEDA","2026-09-06 23:29:56",940.0,2,shouheiikeda
4196,16692272,Ddere008,"2026-08-21 18:43:56",939.3,2,ddere008
4197,16845582,"Julio Cesar Filho","2026-09-08 06:10:03",939.2,2,juliocesarfilho
4198,16727379,"Nicholas Chua","2026-08-20 16:28:44",939.0,2,nickckb
4199,16761788,"Corenthin Buffard","2026-08-26 13:16:28",938.3,2,cbuffard
4200,16753618,mushichou4,"2026-08-22 10:20:51",937.4,2,mushichou4
4201,16665337,BHackers,"2026-08-26 17:13:11",937.0,2,clarencepagaduan
4202,16720720,道海孤舟,"2026-08-21 06:59:41",936.4,2,unseenanch
4203,16933477,curlybaboon,"2026-09-21 12:52:19",936.0,2,curlybaboon
4204,16779275,XuetingWang,"2026-09-01 08:50:53",935.6,2,snoopy262
4205,16732851,chenry2003,"2026-08-24 02:27:53",935.6,2,chenry2003
4206,16654662,"2/3 rounded to two decimals","2026-08-22 00:36:50",935.4,2,rnold2
4207,16709246,"Tariku Mehdi","2026-09-03 00:25:56",935.0,2,tarikumehdi
4208,16758634,Ernnnn4u,"2026-08-24 17:00:46",935.0,2,ernnnn4u
4209,16712535,"Benjamin Beaujard","2026-08-18 11:03:03",935.0,2,benjaminbeaujard
4210,16730320,Rosebuddychomp,"2026-09-12 07:54:11",934.5,2,rishabhshetye
4211,16732446,"Nuri DUDAK","2026-08-29 09:00:59",934.4,2,nuridudak
4212,16755071,"Varun Rao","2026-08-26 18:46:59",934.2,2,varunraosfanlkan
4213,16754086,Beenvvv,"2026-08-25 05:57:29",934.1,2,beenvvv
4214,16748907,EdwardHwang@123,"2026-08-24 15:32:00",934.0,2,edwardhwang123
4215,16738721,"Luan Kunyu","2026-09-04 07:05:21",933.7,2,luankunyu
4216,16713007,"Jerry Hwa","2026-09-23 11:52:48",933.6,2,"jerryhwa,richarrdyu"
4217,16841536,"Berkay Hasret","2026-09-07 00:29:45",932.7,2,berkayhasret
4218,16800775,SunSeeker染汐,"2026-09-01 16:47:33",932.6,2,sunseekerrx
4219,16754560,Kam,"2026-08-21 14:02:39",932.3,1,kamting
4220,16663767,"Tommy Mancino","2026-08-31 23:03:57",932.2,2,tommymancino
4221,16846297,"Zihan Ni","2026-09-07 08:06:53",932.0,2,lunangai
4222,16705328,"Ester Arias","2026-09-28 05:37:38",931.6,2,esterarias
4223,16949285,"Subham Sharma","2026-09-28 14:55:12",931.6,2,subsh2004
4224,16630711,"Aleks Lviv","2026-09-27 21:18:09",931.5,2,alekslviv
4225,16684075,"Tianfang Li","2026-09-25 02:41:25",931.3,2,tianfangli1
4226,16690308,"Fatima Sarhan","2026-09-19 14:01:01",931.1,2,fatimasarhan
4227,16704589,"Lobato MBA IA Big Data","2026-09-27 19:20:58",930.8,2,lobatombaiabigdata
4228,16769769,"Artur Shafiev","2026-08-29 05:29:31",930.8,2,arturshafiev
4229,16658245,ziliangCok,"2026-08-28 16:08:13",930.5,2,ziliangcok
4230,16661772,R3ddrag0n,"2026-09-02 19:43:09",930.2,2,r3ddrag0n
4231,16844277,"Akash Chanran","2026-09-09 16:48:32",929.9,2,"akashchanran,shruti9345"
4232,16664002,"Guilherme Zanini de Sá","2026-09-28 15:30:04",929.8,2,guilhermezaninides
4233,16667843,"durgesh dere","2026-08-21 16:10:13",929.7,2,durgeshdere08
4234,16675831,"Thayaparan Kumarakuru","2026-09-24 17:34:36",929.4,2,"kavishkasubashana,mrkala,thayaparankumarakuru"
4235,16756750,Charu,"2026-08-22 00:45:03",929.3,2,charu13a
4236,16721070,LiuChen1350,"2026-08-26 05:30:30",929.1,2,liuchen1350
4237,16748933,Lixrixy,"2026-08-26 06:11:03",929.0,2,lixrixy
4238,16766320,vp_mass,"2026-08-25 20:19:08",928.9,2,vpmass
4239,16634093,gezi,"2026-09-09 08:07:03",928.7,2,goldenlock
4240,16726994,bird,"2026-08-23 05:00:19",928.5,2,whitebird
4241,16711608,"Thomas Greissler","2026-08-24 00:01:46",928.4,2,thomasg22202020
4242,16675486,"SALAH ELDIN ELNABARAWY","2026-08-18 21:17:22",928.2,2,salaheldinelnabarawy
4243,16753515,"Yosif EL-Rammaal","2026-08-25 16:57:09",927.9,2,yosifelrammaal
4244,16739898,"solo levelling","2026-08-18 21:08:16",927.8,2,munibmemon
4245,16784133,"HASNAIN HAIDER","2026-09-01 17:02:27",927.7,2,techzero
4246,16769795,"Edi Marian","2026-08-25 11:01:09",927.5,2,edimarian
4247,16780130,与君作田,"2026-08-29 14:01:35",926.6,2,zhaoxi1244
4248,16733297,sohasoha42,"2026-08-18 17:50:51",926.6,2,sohasoha42
4249,16770884,VegetabledogNeo,"2026-08-31 01:23:25",926.3,2,vegetabledogneo
4250,16664566,"Lormann ","2026-08-23 06:24:29",926.2,2,lormann
4251,16772803,"Linneu Holanda","2026-09-25 02:25:46",925.4,2,linneuholanda
4252,16662066,"Yug Savalia","2026-09-27 19:46:26",925.3,2,"priyankagarg19,yugsavalia"
4253,16779780,SiVitr2fDrXS.2N,"2026-08-30 15:06:17",925.3,2,sivitr2fdrxs2n
4254,16757566,"Ankit Kumar","2026-08-23 12:03:53",925.2,2,imankit57
4255,16765215,"arlenjim ","2026-08-24 19:32:48",925.0,2,arlenjim
4256,16635681,"Shubham Phapale","2026-09-05 12:46:36",924.9,2,shubhamphapale
4257,16753831,zhangjiaweii,"2026-09-04 07:26:21",924.9,2,zhangjiaweii
4258,16759813,tyf_scu,"2026-08-23 17:11:18",924.6,2,tyfscu
4259,16743016,"MD Zeeshan","2026-08-20 18:13:32",924.3,2,makrovh
4260,16771994,"Jaden Tang","2026-09-15 09:28:23",924.3,2,"aayanshah,jadentang17"
4261,16725304,"Alexandru A","2026-08-29 07:34:25",923.9,2,alexandrua01
4262,16736969,"york li13","2026-08-19 01:07:02",923.3,2,yorkli13
4263,16764545,ArX,"2026-08-24 09:44:45",923.3,2,arx1993
4264,16712185,"Vishal Khomane","2026-09-02 15:32:38",923.2,2,vishal567
4265,16738899,Grayden_Lee,"2026-08-21 11:42:07",923.2,2,haozelii
4266,16755921,"Natnael Yerga","2026-08-24 16:43:22",923.1,2,natnaelyerga
4267,16793229,"Waseem Mushtaq","2026-08-30 13:38:14",923.1,1,waseemmushtaq045
4268,16724353,PrathamGupta,"2026-08-17 02:04:38",922.9,2,prathamguptaaaaaaa
4269,16677577,"Harsha Vardhan Konisa","2026-09-13 17:33:53",922.7,2,harshavardhankonisa
4270,16753125,"Rudransh Singh Rathore","2026-08-26 03:10:23",922.2,2,rudranshsinghrathore
4271,16759625,gkg223,"2026-09-03 19:17:02",922.1,2,gkg223
4272,16719262,sadjeen00,"2026-08-14 02:15:50",921.9,1,sadjeen00
4273,16732381,Raphdraft,"2026-09-03 01:11:34",921.6,2,raphdraft
4274,16822583,"TA ME CHEM","2026-09-13 09:26:11",921.5,1,tamechem
4275,16654021,"Swachhith B","2026-08-24 08:40:04",921.4,2,swachhithb
4276,16715244,uri_kkyhr,"2026-08-15 04:53:37",921.2,2,urikkyhr
4277,16663569,XYZ,"2026-09-27 12:56:02",921.1,2,h249748fkv7lyhik897
4278,16732792,amaotone,"2026-08-20 14:27:36",921.1,2,amaotone
4279,16658983,"Titi Huang","2026-09-19 03:19:15",920.7,2,titihuang
4280,16638177,stpete_ishii,"2026-08-30 05:35:41",920.6,2,stpeteishii
4281,16666165,ChrisLeiteScha,"2026-08-24 15:20:36",920.5,2,chrisleitescha
4282,16738461,monnosuke,"2026-09-28 14:12:10",920.2,2,shiomi1012
4283,16701633,"Jacob Davis","2026-08-23 15:06:50",920.1,2,jacobtdavis
4284,16736138,Anand,"2026-08-21 06:00:12",920.0,2,gazzal
4285,16622627,"Erik van de Ven","2026-09-23 14:18:28",919.9,2,erikvdven
4286,16724584,"Jinx JK","2026-08-18 09:08:26",919.7,2,jinxjk
4287,16763444,"crazy achiever","2026-08-28 18:51:13",919.4,2,crazyachiever
4288,16740399,"Lynn Pigott","2026-08-24 03:32:08",919.4,2,lynnpigott
4289,16744043,Take,"2026-08-23 14:17:27",919.1,2,takeuchidaisuke2001
4290,16708185,XiaoYan12,"2026-09-13 17:57:28",918.9,2,xiaoyan12
4291,16666054,Ani,"2026-09-04 21:33:20",918.7,2,anirudhk333
4292,16705907,Adrià,"2026-09-11 10:14:39",918.6,2,adriamb3
4293,16729273,"Munib Ur Rehman Memon","2026-08-24 20:48:08",918.5,2,muniburrehmanmemon
4294,16665214,Epiphany_Thu,"2026-08-21 12:06:53",918.1,2,epiphanythu
4295,16726281,rperez04,"2026-08-22 23:15:13",918.1,2,rperez04
4296,16675655,TrebolNoir_,"2026-09-01 12:59:42",917.8,2,trebolnoir
4297,16736250,Yizhi,"2026-08-31 06:03:48",917.7,2,yizhitao
4298,16764206,yanjixiang,"2026-08-25 11:37:34",917.7,2,yanjixiang
4299,16738657,Mactorr,"2026-09-02 22:44:15",917.6,2,mactorr
4300,16729691,YinuoChen271,"2026-08-17 15:42:51",917.3,2,yinuochen271
4301,16739488,Restodecoca,"2026-08-19 16:42:34",917.2,2,restodecoca
4302,16709203,Ayush_Patel,"2026-08-25 03:34:12",917.0,2,ayushpatel1305
4303,16750457,"Adrian Ricardo da Silva","2026-08-25 11:21:43",916.9,2,adrianricardodasilva
4304,16710128,"KeHao Liu","2026-08-14 01:52:29",916.8,2,kehaoliu
4305,16653129,"Prashanth Reddy Biyyani","2026-08-20 13:53:37",916.3,2,"prashanthbiyyani,shivagurrala,sumu1526"
4306,16653379,"Asakawa Ruriko","2026-08-30 00:31:08",916.1,2,asakawaruriko
4307,16675610,"Srikar Medisetti","2026-08-30 12:06:25",915.7,2,deathaunter
4308,16841296,Flesymevoli,"2026-09-06 08:49:58",915.7,2,flesymevoli
4309,16715579,Uvais,"2026-08-24 00:58:56",915.6,2,joshuaedwinjacobv24f
4310,16685074,"Emir Can","2026-08-30 20:16:36",915.5,2,aerospacer
4311,16713127,Felis,"2026-09-18 13:00:27",915.5,2,ilyaafanasenko
4312,16667734,SuroRitch,"2026-08-15 16:23:52",915.3,2,suroritch
4313,16638823,YDDDDDD999,"2026-09-06 18:22:40",914.9,2,ydddddd999
4314,16677592,keniii,"2026-08-25 00:29:31",914.7,2,kartheeswaran28
4315,16743216,xerkey,"2026-09-08 13:52:41",914.5,2,xerkey
4316,16728901,dqvide,"2026-08-17 19:53:39",914.5,2,dqvide
4317,16672003,carlscamt,"2026-08-14 17:19:42",914.2,2,carlscamt
4318,16805870,"Ngo Trung","2026-09-12 17:12:53",914.0,2,trungngotdt
4319,16729372,"Gaspard Plt","2026-08-17 21:58:55",913.9,2,gaspardplt
4320,16636094,Hax2456,"2026-08-15 10:05:01",913.9,2,hax2456
4321,16716697,"Habil Tobi","2026-08-28 20:57:52",913.6,2,habiltobi
4322,16711928,Leraaaa,"2026-09-26 11:32:14",913.5,2,leraaaa
4323,16709824,pizzahut,"2026-09-19 20:23:22",913.4,2,csalazoltntams
4324,16925475,AdrianValerio,"2026-09-20 04:21:19",913.3,2,adrianvalerio
4325,16666665,Team-Veraxion,"2026-08-31 08:24:24",913.1,2,"anuragvelekat,ayushiitomar,faizmemon,hariharigandikota"
4326,16790548,"Francesco Del Sesto","2026-08-31 10:47:27",912.9,2,francescodelsesto
4327,16665336,"maoyuan ma","2026-08-18 11:41:09",912.8,2,maoyuanma
4328,16886319,novacryptic,"2026-09-13 12:37:51",912.6,2,novacryptic
4329,16666578,STRAF,"2026-08-23 23:07:25",912.6,2,nikosstraf
4330,16691946,"Hassan Algizani","2026-08-13 20:20:09",912.2,2,hassanalgizani
4331,16632164,"Tim Shini","2026-08-30 18:04:29",912.0,2,timshini
4332,16639250,"Hamed Seyed-allaei","2026-08-21 19:11:09",912.0,2,pinocchio
4333,16842071,buddyY26,"2026-09-07 13:06:08",911.9,2,buddyy26
4334,16654548,DataSluts,"2026-08-28 07:00:12",911.9,2,"rahulmedida,siddarthnayak50,sivasu07"
4335,16745312,"Alexie Huynh","2026-08-22 08:27:27",911.8,1,alexiehuynh
4336,16701868,AJ,"2026-09-09 20:53:34",911.6,2,abduljabbarcalica
4337,16634172,"Mario Cicala","2026-09-05 03:06:37",911.6,2,mariocicala
4338,16752018,三浦桂基,"2026-08-30 04:00:30",911.5,2,keikipc
4339,16665927,"bhavya shah","2026-08-17 11:06:22",911.5,2,bhavyashah007
4340,16778410,"uriel villegas govea","2026-08-28 00:25:47",911.4,2,urielvillegasgovea
4341,16728067,"Chenzhao Li","2026-08-18 08:04:21",911.4,2,heartquest
4342,16719414,SahilKumarTolani,"2026-09-10 16:16:07",911.1,2,sahilkumartolani
4343,16726011,"Dawid Fleischer","2026-08-25 18:37:25",911.1,2,dawidfleischer
4344,16670118,"Álvaro Benítez","2026-08-29 15:46:04",911.0,2,lvarobentezlvarez
4345,16701362,"Papa Annan","2026-08-20 21:26:39",910.5,2,papaannan
4346,16668721,"Efe Can Celiksoy","2026-08-13 22:00:41",910.5,2,efecnc
4347,16737057,Wiz,"2026-08-24 03:15:13",910.4,2,williamzhou001
4348,16632777,"Alexandrine Cakpo","2026-08-20 10:20:22",910.3,2,alexandrinecakpo
4349,16698930,MrKiwi,"2026-08-19 09:34:31",910.3,2,mrkiwi
4350,16683193,Paami,"2026-08-24 01:21:00",910.3,2,coldpaami
4351,16692639,"Bharat Kumar0925","2026-09-04 19:52:25",910.1,2,bharatkumar0925
4352,16782984,crinoid,"2026-09-02 10:59:06",909.6,2,takemi
4353,16690970,"Raoul Biagioni","2026-08-22 06:37:40",909.6,2,raoulbiagioni
4354,16673234,MACvengers,"2026-08-19 16:34:04",909.2,2,"astrojaswanthkumar,ikpikp"
4355,16724060,"Mạnh Linh Hoàng","2026-08-15 15:54:52",909.1,2,manhlinh1501
4356,16696098,Valmorlee,"2026-08-23 19:40:07",908.9,2,valmorlee
4357,16687068,digiliwigili,"2026-08-22 12:49:07",908.8,2,kukchyievervin
4358,16625339,kazusw,"2026-09-23 06:28:56",908.5,2,kazusw
4359,16680967,Tyooughtul,"2026-08-16 00:58:06",907.9,2,yooughtul
4360,16725346,sokoranohimazin,"2026-08-18 19:39:07",907.7,2,sokoranohimazin
4361,16732654,Goated_Farmers,"2026-08-23 17:09:50",907.4,2,"mugundhjb,srinathduvvuri"
4362,16725335,"Chris #2","2026-08-29 15:32:47",907.4,2,kagglecompetechris
4363,16943744,"Quinn Cossette","2026-09-23 20:34:13",907.1,2,quinncossette
4364,16738745,"Anh Quân","2026-08-24 13:41:30",907.1,2,qunanh
4365,16745499,"lurs lurs","2026-08-29 02:02:15",906.7,2,lurslurs
4366,16664477,"The T-MAN","2026-08-26 18:51:40",906.4,2,otmaneelmahda
4367,16655718,eveyxy,"2026-09-05 08:58:28",906.0,2,eveyxy
4368,16707193,"radji kraim","2026-08-26 11:53:17",905.6,2,radjikraim
4369,16665966,aj000,"2026-09-26 14:12:53",905.3,2,anishjagdaleaj
4370,16875537,HeIIo.Darkness,"2026-09-13 23:22:12",905.3,2,heiiodarkness
4371,16623470,rurumi,"2026-09-02 05:21:15",905.1,2,rurururumi
4372,16823751,"Tyler Knecht","2026-09-25 14:56:47",905.0,2,tknecht
4373,16659763,clarkzhang1031,"2026-08-13 12:27:10",905.0,2,"clarkzhang1031,huafeihuang"
4374,16716991,XristosFilip,"2026-08-18 16:43:34",904.5,2,xristosfilip
4375,16660840,"An Garcia","2026-09-25 14:11:29",904.0,2,angarcia
4376,16665543,"Charan Manthena","2026-09-06 08:59:20",903.9,2,charanmanthena
4377,16725441,lemon1219,"2026-08-21 15:37:35",903.9,2,lemon1219
4378,16655195,Pirhosseinlou,"2026-08-24 18:17:43",903.8,2,pirhosseinlou
4379,16643125,"CARLOS CAADA ROSTRO","2026-08-21 19:23:34",903.5,2,carloscaadarostro
4380,16722330,"Jean-Louis Roy","2026-08-31 07:44:08",903.3,2,jeanjean111
4381,16621741,"Andrey Naymushin","2026-08-24 09:46:41",903.0,2,andrewsokolovsky
4382,16689601,"Prathmesh Adsod","2026-08-18 03:55:13",902.7,2,prathmeshadsod
4383,16725342,little_d1d1,"2026-08-16 04:24:39",902.3,2,littled1d1
4384,16774237,"Dennis SH Lai","2026-08-30 17:21:31",902.2,2,dshihlai
4385,16697458,"Lissandra Kruse Fuganti","2026-09-01 15:19:00",902.1,2,lissandrakruse
4386,16936191,WDK777,"2026-09-23 16:12:36",902.0,2,wdk777
4387,16683813,WangQrkkk,"2026-09-23 15:58:31",901.7,2,wangqrkkk
4388,16625241,"Mutoy Choi","2026-09-01 07:42:20",901.4,2,mutoy1
4389,16715319,ocha_heaven,"2026-08-19 13:10:14",901.3,2,ochaheaven
4390,16732685,Tanmay,"2026-08-23 18:16:07",901.1,2,blankkz
4391,16713262,"Seyit kaan Gunes","2026-09-28 18:12:54",901.1,2,seyitkaangunes
4392,16856021,PSI,"2026-09-08 19:26:40",901.0,1,vinayak121
4393,16735582,"Tumaini Makena","2026-08-18 06:01:09",900.9,1,tumainimakena
4394,16651088,ych~sun,"2026-09-11 13:06:05",900.9,2,ychsun
4395,16657553,graceyunliu,"2026-09-16 02:43:23",900.9,2,graceyunliu
4396,16721383,"Emon xu","2026-08-21 16:14:05",900.8,2,emon0xuyym
4397,16771277,zhaowenyi7,"2026-08-31 09:18:04",900.8,2,zhaowenyi7
4398,16668700,"Pranshu Ghori","2026-08-17 22:02:35",900.5,2,pranshughori
4399,16660233,ko9ma,"2026-09-08 08:42:33",900.4,2,kohojung
4400,16698576,monnu,"2026-08-19 05:55:01",900.3,1,fuumin621
4401,16651672,"Xiaolei Lian","2026-08-19 03:18:04",900.2,2,xiaoleilian
4402,16739298,"ricardo assaad","2026-08-18 19:03:22",900.0,2,ricardoassaad
4403,16697922,TingyuanLi277,"2026-08-21 03:39:03",899.8,2,tingyuanli277
4404,16743124,"Leo's Demiurge","2026-09-08 15:06:04",899.6,2,jelurge
4405,16841747,"Carlos Bósquez","2026-09-27 04:40:36",899.4,2,carlosbsquez
4406,16675807,cubreto,"2026-08-26 15:00:34",899.3,2,cubreto
4407,16709295,"Isaac Owomugisha","2026-08-20 16:22:52",899.3,2,cmplxxyttmt
4408,16786013,sakarush,"2026-09-02 13:17:42",899.2,2,sakarush
4409,16664128,"Michael Todd Overdorf","2026-08-17 00:32:51",899.1,2,michaeltoddoverdorf
4410,16661784,"XU XUXIANG","2026-08-27 12:57:06",898.9,2,"mikeaaaa14,xuxuxiang"
4411,16764422,"ong bee","2026-09-09 02:25:57",898.8,2,ongbee
4412,16737843,"Muhammad Shoaib Memon","2026-08-23 19:52:52",898.8,2,muhammadshoaibmemon
4413,16714498,Zubekanov,"2026-08-18 01:14:49",898.8,2,zubekanov
4414,16727842,"Iadh Jarray","2026-08-17 13:45:11",898.7,2,iadhjarray
4415,16664120,SaiDuttaAbhishekDash,"2026-08-21 20:30:01",898.6,2,saiduttaabhishekdash
4416,16697936,"Sami Cakiral","2026-08-15 19:43:40",898.4,2,samicakiral
4417,16691506,Dipak_ISM,"2026-08-29 13:07:18",898.1,2,dipakism
4418,16655877,"Harish K","2026-08-25 19:09:49",898.0,2,harishk2209
4419,16729640,"Наталья Скляр","2026-08-21 18:11:07",898.0,2,natsklyar
4420,16678346,"Farhan Abid","2026-08-16 08:41:15",897.8,2,farhanabidtech786
4421,16728914,d0gied,"2026-08-17 15:12:08",897.6,2,d0gied
4422,16675503,"Jeff Marc E. Cadet","2026-08-30 17:56:07",896.7,2,jeffmarcecadet
4423,16671694,evananann,"2026-08-19 07:46:36",896.7,2,evananann
4424,16809677,"Phong Khổng Hoàng","2026-09-28 16:05:08",896.5,2,phongkhonghong
4425,16680065,Vishodhan,"2026-08-14 23:46:15",896.3,2,vishodhan
4426,16694710,ponsuk,"2026-08-17 19:01:09",896.2,2,ponsuk
4427,16629403,Galza98,"2026-09-20 06:26:24",896.1,2,galza98
4428,16662833,"umair zia","2026-09-28 18:12:48",895.7,2,aimerscoding
4429,16685160,Yura,"2026-08-17 07:27:50",895.6,2,yuratrubitsyn
4430,16630839,steubk,"2026-09-25 05:24:44",895.6,2,steubk
4431,16885658,Mio,"2026-09-28 16:13:28",895.5,2,mio114
4432,16719006,bouiboui,"2026-08-20 18:55:02",895.3,2,bouiboui
4433,16732104,sizumita,"2026-09-12 01:21:14",894.8,2,sizumita
4434,16660268,"Sébastien Mametz (Pixs)","2026-08-14 09:08:39",894.5,2,sbastienmametzpixs
4435,16646679,tong00,"2026-08-17 12:02:11",894.4,2,tong00
4436,16743790,"yuji y","2026-08-28 10:53:06",894.3,2,yujiyyy
4437,16666939,20237208_黄奕恺,"2026-08-22 12:53:27",894.3,2,mrhuangyy
4438,16733576,"Ojas Aklecha","2026-08-17 18:34:02",894.3,2,ojasaklecha
4439,16699745,"Norbert Szolnoki","2026-08-18 11:39:55",894.2,2,norbertszolnoki
4440,16726660,"Prime Leo","2026-08-23 14:21:53",894.2,2,primeleo
4441,16703300,"Fahd EL ANSARI","2026-08-15 23:47:17",894.1,2,fahdelansari
4442,16744127,Faiz,"2026-08-21 20:33:33",893.0,2,souraditya26
4443,16634143,"manual player","2026-08-14 00:41:13",893.0,2,prospal
4444,16890232,"Yihan Guo #2","2026-09-18 02:40:07",892.8,2,kagglebushswill
4445,16663445,"ali dzaki","2026-09-13 14:59:25",892.8,2,alidzaki
4446,16708226,asi1024,"2026-08-16 13:14:53",892.6,2,asi1024
4447,16720841,liuhc1017,"2026-09-14 12:24:08",892.5,2,liuhc1017
4448,16668788,ConnieCodes,"2026-08-17 13:40:25",892.1,2,conniecodes
4449,16744355,"Sameera T","2026-08-22 10:13:47",891.7,2,sameeramaq
4450,16666946,pwxc00,"2026-09-28 11:21:09",891.6,2,alert04
4451,16737561,"Raj Aryan Singh","2026-08-18 11:50:54",891.3,2,kratos14raj
4452,16722319,"༺ANIS YT༻","2026-08-19 13:08:47",890.9,2,anisyt
4453,16725432,Ezra,"2026-09-10 21:42:30",890.7,2,ezberch
4454,16802892,YUYA,"2026-09-06 08:34:05",890.7,2,yuyaizumikawa
4455,16675905,HydFarms,"2026-08-30 11:22:11",890.7,2,"kumaramar,ronithjaju,shiveshcgatech,vidhishah115"
4456,16672199,Vachan,"2026-08-20 07:33:48",890.6,2,vachanpadival
4457,16727019,uitsnf,"2026-08-23 15:45:22",890.6,2,uitsnf
4458,16664762,"John Marinton","2026-09-22 13:52:40",890.5,2,marintonjohn
4459,16691976,"Harini Panigrahi","2026-08-14 16:57:32",889.6,1,harinipanigrahi
4460,16656394,"Pushkar K.G","2026-08-18 09:29:08",889.5,2,dejokz
4461,16738278,yansf677,"2026-09-01 12:24:29",889.3,2,yansf677
4462,16885548,"Anand Kumar 369o","2026-09-28 10:54:15",889.1,2,anandkumar369o
4463,16722303,JohannPongratz,"2026-09-10 08:07:38",889.1,2,johannpongratz
4464,16713267,"yq l68135","2026-08-21 21:35:52",889.1,2,yql68135
4465,16724351,"Luxshan Thavarasa","2026-08-24 09:58:38",888.8,2,luxluxshan
4466,16841344,"Abdoul Ahad Diop","2026-09-10 20:22:54",888.7,2,abdoulahaddiop
4467,16712459,松原琉喜,"2026-08-14 14:54:47",888.7,2,ryuki12kyo
4468,16655179,"I Need an Internship","2026-08-15 02:39:23",888.6,2,dimasibnumuthi
4469,16727219,"Chukka Venugopalam","2026-09-26 16:47:09",888.6,2,chukkavenugopalam
4470,16625856,takai380,"2026-09-01 02:34:05",888.2,2,takai380
4471,16781170,"Ulugbek Salohiddinov","2026-08-28 02:38:15",888.2,2,ulugbeksalohiddinov
4472,16670791,Hugelidus,"2026-08-25 03:43:18",888.1,2,hugelidus
4473,16779063,"Yendrew Y","2026-09-28 15:24:49",888.0,2,yendrewy
4474,16870431,"Adam Brink","2026-09-11 11:09:17",887.8,2,adambrink
4475,16623445,"Hasin Raihan Dhrubo","2026-08-16 09:28:12",887.2,1,hasinraihandhrubo
4476,16640368,"Nkosi Ndwandwe","2026-09-06 05:03:26",887.2,2,nkosindwandwe
4477,16633222,maxingkong733,"2026-08-18 23:32:58",887.2,2,maxingkong733
4478,16746112,"Jonathan Martschinke","2026-08-24 08:52:51",886.7,2,jonathanmartschinke
4479,16682557,"Soumalya Mandal","2026-08-14 14:57:29",886.4,2,mrcyberhunter
4480,16734492,Orynx,"2026-08-19 08:01:33",886.4,2,"inderj1,jayveersingh6"
4481,16756925,"Dread Development","2026-09-05 11:38:51",886.3,2,"dreaddevelopment,seanornberg"
4482,16661352,"Porch Goose","2026-08-21 02:52:24",886.2,2,jaclyndeem
4483,16760295,"Luke Hurt","2026-08-24 01:03:42",886.2,2,lukehurt
4484,16657803,"Arya Mazloomi","2026-08-14 00:17:11",886.1,2,aryamazloomi
4485,16656584,Spintronic,"2026-08-19 15:24:17",885.5,2,spintronic
4486,16756557,"Marius Heuser","2026-08-24 21:41:31",885.5,2,mariusheuser
4487,16667324,"Muhammed selim Bilic","2026-08-26 17:02:17",885.5,2,muhammedselimbilic
4488,16707749,Yuzu,"2026-09-04 10:22:41",885.2,2,yuzuoctopus
4489,16759652,Fnoa,"2026-08-23 12:26:39",885.0,2,trasibulo
4490,16722120,nekoha,"2026-08-15 15:01:16",884.9,2,nekoha
4491,16663590,"Jakub Dolének","2026-08-13 13:08:32",884.6,2,dolenek
4492,16708624,"Aboubacar HEMA","2026-08-19 14:24:02",884.3,2,"aboubacarhema,marcmare,wilfredkouadjo"
4493,16690612,"Mina Gayid","2026-08-16 12:59:16",884.2,2,minagayid
4494,16664759,OrGanAIc,"2026-08-14 22:58:18",884.1,2,arghyaranjandas
4495,16623226,"Hafida Belayd","2026-09-05 17:12:33",884.1,2,hafidabelayd
4496,16771677,"hedy huangyuheng","2026-08-27 02:13:28",883.7,2,hedyhuangyuheng
4497,16729054,"Shantanu Kesarkar","2026-08-27 05:50:23",883.6,2,shantanukesarkar
4498,16719536,"Mandy Lin","2026-08-14 03:18:29",883.6,2,ydnamlin
4499,16719002,Astraeus,"2026-09-14 15:53:57",883.1,2,astraeusdotdev
4500,16678172,"Eishkaran Singh","2026-08-19 19:12:02",882.9,2,eishkaran
4501,16715506,"Moo Point","2026-08-17 21:44:26",882.9,2,"gnarlycow,tianmeiwang"
4502,16726071,"PDF ULTRA","2026-08-20 19:36:33",882.8,2,"alengevorgyan,gab0yan"
4503,16665125,"David Schindler15","2026-08-14 04:58:39",882.6,2,"davidschindler15,mz3207"
4504,16669897,"Tahsan Ferdous","2026-08-14 19:30:09",882.0,2,tahsanferdous
4505,16644145,"Mehdi Azouz","2026-09-07 11:22:07",881.8,2,mehdiazouz
4506,16698223,"Feng Jiahui","2026-08-18 08:35:04",881.8,2,junipersky
4507,16638375,"Tran H Hoang","2026-08-14 17:01:27",881.7,2,tranhhoang
4508,16637329,Rucbic,"2026-08-19 17:32:21",881.6,2,rucbic
4509,16641288,nakagawaren0805,"2026-09-12 10:35:10",881.6,2,nakagawaren0805
4510,16710389,GuerillaMoon,"2026-08-19 22:33:46",881.4,2,guerillamoon
4511,16709529,alhlbx5,"2026-09-03 22:48:54",881.0,2,alhlbx5
4512,16724947,teacherli0,"2026-08-16 03:09:09",880.9,2,teacherli0
4513,16667787,"Daryl Brach","2026-08-17 09:41:51",880.2,2,dbrach
4514,16692548,"Rockstar Farmer","2026-08-19 05:15:37",880.0,2,yuhaili
4515,16674684,next-best-agent,"2026-08-17 15:28:53",879.6,2,"minhduy13ly,tdtu981"
4516,16710141,htatsumi,"2026-08-15 01:07:11",879.5,1,tatsumihasebe
4517,16678872,ibrahim,"2026-08-17 19:30:32",879.3,2,skyfish77
4518,16698214,Juandix,"2026-08-18 03:35:51",879.3,2,juandix
4519,16634166,Yuki.O,"2026-08-19 01:38:42",879.3,2,yukiohkawa
4520,16723941,teraSurfer40141,"2026-08-16 01:16:49",879.3,2,r00tt00r
4521,16839557,Superspork,"2026-09-08 03:25:46",878.9,1,superspork
4522,16698884,VVVoyager,"2026-08-14 03:55:10",878.9,2,"haoxuanshan,hengnui"
4523,16726064,"sana slama","2026-08-15 17:01:13",878.6,1,sanaslamamm
4524,16691012,"Sanzhar Almasuly","2026-08-29 07:28:34",878.5,2,sanzharalmasuly
4525,16727191,"Alexander Kokshenin","2026-08-20 02:08:15",878.3,2,kokshenin
4526,16695615,Celinao,"2026-08-14 08:02:47",877.1,2,celinao
4527,16710587,durgasai,"2026-09-01 13:14:36",877.1,2,dsainvg
4528,16709214,"Ariel Suntasig","2026-08-17 19:46:09",876.9,2,arielsuntasig2001
4529,16765953,"Muhammad Ahmed","2026-08-26 13:46:48",876.6,2,muhammad4hmed
4530,16775412,"moo moo","2026-09-08 15:54:28",876.2,2,"amrof122,yassinamr11"
4531,16633096,anvai_agents,"2026-08-20 05:50:45",875.3,2,"anandgaikwad7781,vaidehidhamnikar"
4532,16718572,MLarpers,"2026-08-22 14:06:48",875.2,2,"koteikachannel,mrhornetik"
4533,16694091,"Nan Leng","2026-08-23 07:41:41",874.8,2,nleng66ca
4534,16672530,GUGUGAGA,"2026-08-14 04:33:54",874.7,2,"ruiyangzhang23,taoguo079"
4535,16664860,ANUJPUROHIT18,"2026-09-01 05:03:07",874.5,2,anujpurohit05
4536,16663240,"Rilen T. L.","2026-08-18 13:45:46",874.1,2,"jairosilvabastos,rilentl"
4537,16674447,"Nathan Thor","2026-09-18 11:07:56",873.8,2,devofpie
4538,16742048,SuperGiantLam,"2026-08-25 02:08:17",873.0,2,zptpsz
4539,16698439,"Pournami Prakash","2026-09-12 20:17:14",872.9,2,pprakas
4540,16724795,yangqi1234,"2026-08-23 08:26:23",872.8,2,yangqi1234
4541,16738235,tenfish,"2026-09-22 15:26:05",872.6,2,"oygdri,takatoyoshikawa"
4542,16766982,"Sir Dona ","2026-08-25 15:54:46",872.5,2,sirdona
4543,16841647,patitod,"2026-09-06 01:22:09",872.3,2,anasofaescobar
4544,16658150,Gravity-x73d,"2026-08-17 09:16:29",871.9,2,gravityx73d
4545,16670755,"Amine zeDDouk","2026-08-18 09:37:41",871.9,2,aminezeddouk
4546,16778206,yuanlao153,"2026-08-28 15:00:04",871.8,2,yuanlao153
4547,16785505,"Rishiraj Acharya","2026-09-08 04:26:42",871.4,2,rishirajacharya
4548,16656931,pns,"2026-08-15 09:45:46",870.8,2,"nikhilkasyap07,premsivasai,saranboddu"
4549,16717792,han10086,"2026-08-13 15:05:21",870.6,2,han10086
4550,16718947,"Dani Ortega","2026-08-25 07:07:35",870.5,2,daniortega99
4551,16682471,Soumya2003,"2026-09-17 09:22:26",870.4,2,soumya2003uyvv755
4552,16705176,"Ruslan Raupov","2026-08-20 09:10:24",870.2,2,ruslanraupoff
4553,16628295,qwertykeypadapple,"2026-08-13 19:05:04",870.1,2,qwertykeypadapple
4554,16730735,YUK,"2026-09-28 18:11:57",870.0,2,yu0307
4555,16658931,"somewhere after","2026-08-19 08:16:29",869.6,2,amaterasuuuuu
4556,16691987,0xalgos,"2026-08-17 09:35:28",869.1,2,anandvashishtha5362
4557,16839110,0x3f,"2026-09-26 03:43:58",868.9,2,zhangbowen1005
4558,16731243,"[Deleted] dab36be1-9992-4710-95f4-39a9f7a2cd3c","2026-08-24 15:13:27",868.9,2,del=fd92954ed0c92f1a
4559,16651833,"Hồ Khánh Duy","2026-08-14 17:52:23",868.9,2,hkhnhduy
4560,16622367,mg,"2026-08-23 17:49:21",868.9,2,"egorkashpar,sashaboriskin,smooky"
4561,16730903,noynkmr,"2026-08-25 05:47:01",868.9,1,noynkmr
4562,16751992,Coding4Fun07,"2026-09-27 12:31:57",868.5,2,coding4fun07
4563,16732428,"Darren Amadeus Martin","2026-08-19 00:48:02",868.3,2,darrenamadeusmartin
4564,16750344,Vaasu0501,"2026-08-28 16:49:39",868.2,2,vaasu0501
4565,16691702,kss,"2026-08-13 19:30:20",868.0,2,l0glikelihood
4566,16632444,"Issac “Izreal” Davis","2026-08-13 20:42:03",867.9,2,issacizrealdavis
4567,16731432,sieradni,"2026-09-01 06:12:00",867.4,2,sieradni
4568,16715187,maker2026,"2026-09-09 00:38:59",867.1,2,maker2026
4569,16634691,bot-farmer,"2026-08-19 06:16:19",867.0,2,shauryam25
4570,16756415,"Mihai Balan","2026-08-31 06:39:25",867.0,2,mihaibalan
4571,16691524,"Martim Nascimento","2026-09-05 15:54:47",866.8,2,martimnascimento
4572,16726232,"sayed rafi","2026-08-18 21:13:00",866.7,2,sayedrafi
4573,16656519,"Chris Laska","2026-08-25 19:45:39",866.7,2,chrislaska
4574,16621219,"Inna Campo","2026-08-15 09:08:23",866.6,2,innacampo
4575,16710421,SZ_00_zyz,"2026-08-20 02:54:53",866.4,2,sz00zyz
4576,16925900,"Marco Papotti","2026-09-26 14:48:26",866.1,2,marcopapotti
4577,16623791,rakumo,"2026-08-19 23:46:04",866.1,2,sirakumo
4578,16662940,"The Coder Geek Squad Leader","2026-08-17 09:23:58",866.0,2,soulemaneisissifou
4579,16624824,GoofyGenius,"2026-09-09 16:05:59",865.9,2,goofygenius
4580,16770952,"Satyajeet Kumar","2026-08-25 20:42:40",865.4,2,m4rcuseryx
4581,16691830,"Nikita Lugovoy","2026-08-15 03:39:17",865.2,2,nikital7
4582,16894541,"Deepak Mahajan","2026-09-17 05:27:59",865.2,2,xdipzz
4583,16639732,"Junbeom Lee23","2026-08-15 02:45:23",865.2,2,junbeomlee23
4584,16687596,AjPrem,"2026-09-14 02:49:09",864.9,2,"ajprem,jefferysingh,neelcasula"
4585,16748717,mt,"2026-08-20 13:09:12",864.7,1,mtanakaslgfreak
4586,16668069,jackhsia,"2026-08-23 15:56:13",864.5,2,jackhsia
4587,16713771,bndang,"2026-09-19 21:22:11",863.7,2,bndang
4588,16653890,YUKRUB,"2026-09-11 08:55:14",863.3,2,yukrub
4589,16734450,"Ian Teigen","2026-08-18 00:04:38",863.1,2,ianteigen
4590,16664164,"Elzandi Irfan Zikra","2026-08-15 15:53:21",862.8,2,"dyahayuretnoningsih2,zangetsufuin"
4591,16655305,"Junior Sohou","2026-08-14 00:15:42",862.7,2,juniorsohou
4592,16677945,"Quân Trần","2026-08-25 06:43:39",862.7,2,wuntrn
4593,16721947,groots,"2026-08-16 06:32:40",862.7,2,muhammadismail433
4594,16720088,"Oiti Roy","2026-08-14 06:26:04",862.6,1,oitiroy
4595,16665919,"Labmem Tang","2026-08-31 03:06:37",862.6,2,labmemtang
4596,16743737,"Joanna C.","2026-08-20 23:07:09",862.5,2,joannaciesielski
4597,16635317,"KAKA Minishijie","2026-08-26 04:36:55",862.5,2,kakaminishijie
4598,16675161,iVl44d,"2026-09-24 11:18:03",862.1,2,ivl44d
4599,16631595,CuteClaw,"2026-08-14 01:25:52",861.8,2,bloodmoonwq
4600,16719100,"Abhiraj Singh","2026-08-14 12:02:33",861.8,2,cyberdrago
4601,16924433,stochar,"2026-09-28 12:38:01",861.6,2,"bayerfe,quantforge12,spectior,stochar"
4602,16724233,"Rafal Porwol","2026-09-24 22:02:55",861.5,2,rafalporwol
4603,16809168,"Shaun the Sheep ","2026-09-26 11:43:12",861.4,2,badlandsram
4604,16735075,"Ronchen Luo","2026-08-18 04:29:47",861.3,2,ronchenluo
4605,16711910,"Artem Zapara","2026-08-18 16:48:51",861.1,2,artemzapara
4606,16750477,"Tapabrata Biswas","2026-08-25 13:11:13",861.0,2,"dumbakaash,ishanhira"
4607,16695093,"Ryota Murai","2026-08-27 15:28:04",860.6,2,rmuraix
4608,16623938,flashthunder,"2026-09-27 14:23:09",860.5,2,thunderflash
4609,16672653,Cultuurstelsel,"2026-08-13 16:59:47",860.5,2,ryuorlandotamin
4610,16821267,1417,"2026-09-11 13:14:32",860.4,2,"dongyuhao,liuyihang026,yejialin"
4611,16639230,Rylan,"2026-08-15 13:15:45",860.4,2,"liuruihan333,wangxiaodundun"
4612,16655335,Justus,"2026-08-19 14:18:38",860.1,2,justus0
4613,16714058,"Ahmet Erdem Pamuk","2026-08-12 18:59:18",860.1,2,ahmeterdempamuk
4614,16714980,Chenaters,"2026-08-16 08:41:10",859.9,2,chenaters
4615,16693934,evnchn,"2026-08-23 15:41:50",859.7,2,evnchn
4616,16713178,Funno,"2026-08-19 17:32:54",859.5,2,yes711
4617,16685850,K,"2026-08-14 06:37:41",859.4,2,kolci017
4618,16685626,"Livingstone Selassie","2026-08-16 00:26:50",859.4,2,"hackerx019,livingstoneselassie"
4619,16840694,"cory cozy","2026-09-06 11:48:38",859.4,2,corycozy
4620,16719238,"Rômulo Siqueira","2026-08-20 00:15:16",859.2,2,romulosiqueira
4621,16756399,"old Ryne Mac had a farm","2026-08-21 19:44:11",859.2,1,rynemac
4622,16744658,Shree85,"2026-09-22 21:05:43",859.0,2,shree85
4623,16724262,"Obu obu","2026-08-15 10:48:05",858.5,2,obuobu
4624,16679560,LEET,"2026-08-15 00:45:52",858.3,2,soufianelasfar
4625,16663992,小陈同学,"2026-08-18 07:26:54",857.9,1,czastu
4626,16692851,ichnixhelle,"2026-08-12 22:20:24",857.7,2,ichnixhelle
4627,16715024,"Ömer Özbek","2026-08-22 13:50:34",857.3,2,omerozb
4628,16658803,"Rahul Jiwane","2026-08-21 06:19:57",857.1,2,rahuljiwane
4629,16657610,"H Bharath","2026-08-31 18:54:57",856.6,2,hbharath
4630,16723132,Bridgeport,"2026-08-21 20:25:32",856.6,2,bridgeport
4631,16669191,"Mohammed Nomaan","2026-09-19 19:48:47",856.5,2,nomaanz
4632,16740700,"Vyas Senthilkumar","2026-08-19 04:26:42",856.5,2,vyassenthilkumar
4633,16766840,"Andrey ","2026-08-24 14:27:38",856.4,1,anti1111
4634,16663313,onlysmrtsumx,"2026-08-12 01:29:30",856.1,2,onlysmrtsumx
4635,16710094,winwinwin,"2026-09-03 13:22:51",856.0,2,"ouyangruize,teecemackenieo"
4636,16743741,Arooran,"2026-08-24 13:37:47",855.9,2,arooransivakarunai
4637,16715628,Dian,"2026-08-17 01:57:33",855.7,2,clas233
4638,16763813,Sydney,"2026-09-26 01:39:40",855.5,2,n3yan7
4639,16662615,"Anurag irawit","2026-09-01 14:16:49",855.5,2,anuragirawit
4640,16672243,"Fazil Putra","2026-08-14 01:24:17",855.4,2,fazilputra
4641,16690020,shantaitichu,"2026-08-17 09:40:30",854.8,2,shantaitichu
4642,16690567,"Falih Kaleel","2026-09-28 13:42:20",854.4,2,alphajet185
4643,16710661,"Pengyi Peng1","2026-09-28 09:10:07",854.3,2,pengyipeng1
4644,16695691,neural-canvas,"2026-08-12 20:46:37",854.2,2,mrsanap
4645,16634238,SoWwe,"2026-08-29 18:17:46",853.6,2,sowwe4
4646,16634824,yuki16,"2026-08-27 02:55:04",853.5,2,yuki16
4647,16748421,lulzx,"2026-08-20 17:52:11",853.4,2,lulzxy
4648,16675240,Leifson1337,"2026-09-25 12:17:00",853.0,2,leifson1337
4649,16697689,"Pavel Pakhmutov","2026-08-12 23:11:23",852.9,2,pavelpakhmutov
4650,16693058,"Yuvraj singh","2026-09-18 11:41:37",852.8,2,yuvrajsingh789
4651,16659614,"Heikki Leskelä","2026-08-22 16:35:42",852.7,2,heikkileskela
4652,16632788,"Bright O.H.","2026-08-23 03:45:36",852.3,2,brightoh
4653,16622939,"Kamal Das","2026-08-27 12:47:13",852.1,2,kmldas
4654,16842806,"Yan Tao Tang","2026-09-07 10:41:41",851.8,2,yantaotang
4655,16735125,mtskggle,"2026-08-22 04:50:43",851.8,2,matsusakaggle
4656,16690113,m0chi1216,"2026-08-16 15:07:24",851.6,2,m0chi1216
4657,16802322,HongchenDai,"2026-09-28 18:13:27",851.5,2,hongchendai
4658,16729828,spunkrock,"2026-08-16 20:08:06",851.4,1,spunkrock
4659,16688368,"Lam Vo","2026-08-15 16:39:23",851.2,2,nhatlam
4660,16841176,"Bruce Cole","2026-09-09 00:39:28",851.0,2,brucecole
4661,16649313,"Jiajun HAN","2026-08-14 07:13:57",850.9,2,jiajun1
4662,16763978,"Swayam Gode","2026-09-07 16:15:33",850.9,2,swayamgode2
4663,16680931,"Rattan Singh","2026-08-16 04:23:37",850.9,2,rattans
4664,16745294,"Ahmed Ehab Fathi","2026-09-05 01:27:13",850.8,2,ahmedehabfathi
4665,16738825,RishabhSpark,"2026-08-28 05:11:27",850.6,2,rishabhspark
4666,16665050,"Praneeth Palugula","2026-08-14 06:28:56",850.6,2,praneethpalugula
4667,16730288,matsurih,"2026-09-26 09:36:20",850.2,2,matsurihime
4668,16724109,"small fry in the underworld","2026-09-11 05:51:16",850.1,2,wwwwhitley
4669,16748246,"Eric S","2026-08-26 12:50:54",849.7,2,ericsangberg
4670,16770648,"Yoshitaka Nozaki","2026-08-26 00:38:06",849.7,1,yoshitakanozaki
4671,16633580,Vinymo,"2026-08-23 15:32:23",849.7,2,vinymo
4672,16740320,NguyenAn27,"2026-08-20 00:46:32",849.5,2,nguyenan27
4673,16697024,"Jiri Prudky","2026-09-06 06:00:57",849.3,2,jiprud
4674,16947693,"Mohammad Rashid Pathan","2026-09-28 08:06:39",848.7,2,pathanmohammadrashid
4675,16656990,"NALLA SUMANG","2026-08-30 03:15:46",848.6,2,sumangnalla
4676,16803651,gyujinst,"2026-09-05 01:44:38",848.2,2,gyujinst
4677,16653955,"tanmay singhal","2026-08-29 12:00:53",848.1,2,anexperiencedidiot
4678,16650372,Greed,"2026-08-12 17:18:47",848.1,2,greedshen
4679,16634650,UnfriendlyAI,"2026-08-24 11:44:47",847.9,2,unfriendlyai
4680,16659123,sd,"2026-08-18 17:46:56",847.7,2,siddharthadevkota
4681,16713155,AdarshAleti,"2026-08-18 05:39:57",847.5,2,adarsh1077
4682,16809122,"federico battello","2026-09-10 15:05:02",847.5,2,federicobattello
4683,16930655,"Abdalrahman mohamed","2026-09-23 14:42:21",847.2,2,abdalrahmanmohamed3
4684,16766905,Antigone_duckduck,"2026-08-24 16:38:37",847.2,2,antigonexzh
4685,16707598,Kamazarashi,"2026-08-18 05:40:15",847.0,2,kamazarashi
4686,16662023,"Vikas Kumar","2026-09-08 17:17:57",846.8,2,vikshit104
4687,16696631,"saya akan lawan!","2026-08-21 18:42:23",846.7,2,nurhadibudhy
4688,16753985,"Narenthira Balaji","2026-08-21 10:54:17",846.6,1,narenthirabalaji
4689,16726870,"Svanik Kolli","2026-08-16 00:11:14",846.2,1,svanikkolli
4690,16665838,wenbodai,"2026-09-01 12:41:51",846.1,2,wenbodai
4691,16635509,simmons1025,"2026-09-24 00:57:55",846.0,2,simmons1025
4692,16625611,"Karl Smile","2026-08-28 16:42:46",845.8,2,karlsmile
4693,16738467,EnriFermi,"2026-08-26 23:51:18",845.6,2,enrifermi
4694,16691714,"Wesley Juraschek","2026-08-19 06:07:37",845.4,2,wesleyjuraschek1
4695,16722986,"Abhiram 9803","2026-08-15 18:43:09",845.4,2,abhiram9803
4696,16696895,BrokeFarm,"2026-09-28 08:39:42",845.4,2,brucec
4697,16749618,Fon1as,"2026-08-21 09:36:42",845.2,2,fon1as
4698,16765526,"Kotala Kishan Reddy","2026-08-24 08:56:22",845.0,1,kotalakishanreddy
4699,16674479,"Alan Rosston","2026-08-14 08:20:49",845.0,2,alanrosston
4700,16697223,"Azizii Gill","2026-09-09 21:27:12",845.0,2,aziziigill
4701,16658097,Sujay,"2026-09-17 06:08:01",844.9,2,sujayprodduturi
4702,16701969,旧楚狂人,"2026-08-15 14:20:59",844.8,2,jiuchukuangren
4703,16803913,"SUJIB BARMAN","2026-09-01 16:42:07",844.8,1,cardata
4704,16803602,ihiratch,"2026-09-06 15:57:56",844.6,2,ihiratch
4705,16677832,"Maryam Tahir","2026-08-25 15:07:42",844.3,2,maryamtahir09
4706,16768022,"Miles Oberting","2026-08-31 23:48:39",844.1,2,milesoberting
4707,16757417,otter_0714,"2026-09-28 08:50:40",844.1,2,otter0714
4708,16679443,albu,"2026-08-15 19:22:12",843.9,2,albuslaev
4709,16728723,"Ronith Rashmikara","2026-08-18 03:28:52",843.6,2,ronithrr
4710,16927988,"Ravi Ramakrishnan","2026-09-20 05:22:13",843.1,1,ravi20076
4711,16663284,"Aman Prakash","2026-08-12 20:58:28",842.1,2,amanprakash777
4712,16725354,"Swaroop piduguralla","2026-08-19 14:23:28",842.0,2,pnsaimanitejaswaroop
4713,16663352,"Avnish Sharma","2026-08-31 14:42:23",841.6,2,kewlaz
4714,16726115,helloworld311,"2026-08-17 05:52:20",841.5,2,helloworld311
4715,16623753,HZM,"2026-09-11 04:34:07",841.4,2,leehann
4716,16709793,"Victor Hotz","2026-08-13 18:48:06",840.3,2,victorhotz
4717,16694149,maxout,"2026-09-21 06:18:06",839.3,2,"aadijoshi19,kavyabhand"
4718,16664334,"Satishvaran Ragu","2026-08-28 03:07:19",839.2,2,satishvaranragu
4719,16773266,newbyy,"2026-08-26 05:21:47",839.1,1,newbyy
4720,16658081,ando,"2026-08-20 01:52:23",838.9,2,andoshunsuke
4721,16661423,"Rishavendra Sharma","2026-08-31 08:38:23",838.8,2,rishavendrasharma
4722,16941390,yukikotani,"2026-09-25 00:00:27",838.6,2,yukikotani2231
4723,16774228,"Anggit Maulana Abdi","2026-08-28 14:37:01",838.1,2,anggitmaulanaabdi
4724,16666853,"Bisola Olasehinde","2026-08-31 13:08:21",838.0,1,bizzyvinci
4725,16761849,viber3221,"2026-08-24 13:38:59",837.6,2,viber3221
4726,16772450,"Muneeba Badar","2026-08-25 21:19:13",837.6,2,muneebabadar
4727,16729484,"Sankalp Nagineni","2026-08-16 17:35:31",837.5,2,sankalpnagineni
4728,16725242,chinchilla,"2026-08-19 10:53:07",837.4,2,tgwstr
4729,16765065,"Rohith T R","2026-08-26 13:28:38",837.4,2,rohithtrgod
4730,16663694,"Dimitri ZABRE","2026-09-18 22:22:32",837.4,2,dimitrizabre
4731,16775386,kaggler,"2026-08-31 09:29:41",837.1,1,deepkim
4732,16717630,Amer,"2026-08-13 21:23:41",837.0,2,amerhu
4733,16754552,Touyu,"2026-09-24 23:29:39",835.9,2,yutoaoki
4734,16773559,"Abhishek Mahto","2026-08-26 06:40:07",835.8,1,abhishek3115
4735,16732462,"Aji Samudra","2026-08-24 09:05:21",835.7,2,ajisamudra
4736,16622251,"Moroz Roman","2026-08-20 06:22:05",835.6,2,crissyro
4737,16712888,Vux,"2026-08-20 14:32:16",835.5,2,weiyu85
4738,16732754,ikeuchy,"2026-08-29 04:10:41",835.4,2,ikeuchy
4739,16700737,HechtJP,"2026-08-13 11:12:06",835.3,2,hechtjp
4740,16727090,"Deep Blue Pasture","2026-08-17 02:28:34",835.0,2,shamanah
4741,16675088,"Andrei Chulkov","2026-08-15 19:43:12",834.9,2,andreichulkov
4742,16759864,exaucedossou,"2026-08-22 17:56:40",834.2,2,exaucdossou
4743,16724533,"Yusei Ito","2026-08-22 19:18:19",833.9,2,yuseiito
4744,16714059,Yentür,"2026-08-12 18:47:44",833.8,1,meryentr
4745,16699610,"Sneha ","2026-08-17 01:00:34",833.4,2,kharya3
4746,16728460,oh-Artistburger-AHA-TastyMeat!,"2026-08-16 11:54:46",833.3,1,akikukeo1
4747,16689447,"Ivan Berrutto","2026-08-13 04:14:38",833.2,2,ivanberrutto
4748,16889392,Prit_44421,"2026-09-14 11:29:09",833.1,2,prit44421
4749,16924409,Obsidian,"2026-09-27 18:03:26",833.1,2,edwardkhunt
4750,16767528,"Umut Toygar Göz","2026-08-30 13:01:54",833.0,2,umuttoygargoz
4751,16729650,"Tapiwa Makandigona - Zimbabwe21","2026-08-31 11:36:48",832.9,2,mukanya1994
4752,16651052,lty,"2026-08-18 02:33:01",832.5,2,linwei9
4753,16681749,"rohith vinice","2026-08-11 23:55:16",832.2,2,rohithvinice
4754,16775781,"I am GroOth","2026-09-27 16:47:56",832.1,2,gideonoba
4755,16668049,"Masayoshi Kurihara","2026-08-14 06:20:21",832.0,2,masayoshikurihara
4756,16671821,donglee,"2026-08-13 09:13:09",832.0,1,dongleeovo
4757,16696561,"Ali Ramazanov","2026-09-22 07:46:58",831.7,2,aliramazanov
4758,16633709,"kitory Yeah やきとり","2026-08-15 22:30:08",831.7,2,kitoryyeah
4759,16703099,GansPiro,"2026-08-13 18:34:26",831.5,2,ganspiro
4760,16857894,"Ludwig Agurto Contador","2026-09-12 22:35:55",831.5,2,ludwigagurtocontador
4761,16768647,vaultguard,"2026-09-14 21:08:32",831.3,2,vaultguard
4762,16714902,HunterBlue,"2026-08-13 18:54:47",830.9,2,marianacodebase
4763,16725642,"Arav Sharma","2026-08-17 03:51:14",830.7,2,aravsharma26
4764,16695964,"JiMing Feng","2026-08-17 10:56:45",830.4,2,jimingfeng
4765,16749347,Shibungi,"2026-09-01 06:52:21",830.0,2,shibungi
4766,16792329,"Kumkum Barot","2026-09-28 17:19:27",829.9,2,kumkumbarot02062003
4767,16674683,"Ali Esam","2026-09-11 17:00:03",829.8,2,zyxsu0
4768,16632146,Haker_Sam,"2026-08-27 10:45:31",829.8,1,hakersam
4769,16655559,"Fajri Yanuar Shiddiq Juanda","2026-08-13 01:40:20",828.7,2,fajriyanuar
4770,16652750,"Bahadir Selim Bakla ","2026-09-27 18:52:35",828.5,2,bahadirselimbakla
4771,16767164,"yuhan wu","2026-08-26 09:37:53",828.4,2,yuhanwu487
4772,16693159,"Zonglin Han","2026-08-13 17:10:08",828.1,2,zonglinhan
4773,16781516,"Hongbin Guokaggle","2026-08-29 04:16:00",827.5,2,hongbinguokaggle
4774,16666242,"Lalwani Palash","2026-09-28 16:27:06",827.4,2,lalwanipalash
4775,16623020,Muhandro,"2026-08-20 16:29:57",827.3,2,muhandro
4776,16696887,kt-Kitayama,"2026-09-01 13:23:49",827.0,2,ktkitayama
4777,16729421,Oblivix,"2026-09-02 04:16:25",827.0,2,"aradhyatiwariii,oblivix"
4778,16726512,shash,"2026-08-15 19:41:18",826.9,1,zshashz
4779,16688153,"Panchajanya Banerjee (Pancham)","2026-08-16 20:28:27",826.6,2,delayedkarma
4780,16621735,VN-Orion,"2026-08-21 11:42:27",826.1,2,fastthanh78
4781,16666033,"Shota Takano","2026-09-28 09:11:14",825.9,2,shotatakano
4782,16679767,Salut!,"2026-08-12 21:56:55",825.8,2,denismekhanikov
4783,16681275,"CUG HeQiao","2026-08-12 09:06:14",825.5,2,cugheqiao
4784,16652904,TonightIsOver,"2026-09-26 13:02:54",824.8,2,tonightisover
4785,16722902,"Grigorii IU","2026-08-22 01:54:09",824.7,2,grigorii220
4786,16629292,"Syed Saad Hasan Emad","2026-08-17 06:14:38",824.7,1,syedsaadhasanemad
4787,16627995,"Fire Bird","2026-08-11 20:36:45",824.6,2,xuanleekaggle
4788,16651623,"Sarvesh Talele","2026-08-28 05:18:58",824.5,2,sarveshtalele
4789,16748524,TongY26,"2026-08-21 08:33:16",823.6,2,tongy26
4790,16701759,xycai,"2026-08-14 17:23:35",823.5,2,xycaipku
4791,16673110,"Sri Jayavel K","2026-08-20 08:18:31",823.4,2,srijayavelk
4792,16692110,"Ahmed Khudair","2026-08-11 22:33:06",822.7,1,ahmedkhudair121
4793,16672374,"kelly waldeck","2026-08-11 21:07:30",822.3,2,kellywaldeck
4794,16729874,"Shane Schisler","2026-09-26 19:33:37",822.1,2,seschis
4795,16699659,"Dimas Pasha Akrilian","2026-09-01 01:59:59",822.0,2,dimaspashaakrilian
4796,16763120,"Shivam Singh #2","2026-08-23 16:56:35",821.9,1,shivamsingh17072001
4797,16698256,Mint,"2026-08-17 18:39:08",821.6,2,rorandangerous
4798,16657494,Trex,"2026-08-12 14:00:14",821.4,2,trexzone
4799,16689952,"Lazarus Ogero","2026-08-11 16:44:08",821.4,2,lazarusogero
4800,16728272,"Daris Dzakwan Hoesien","2026-08-16 10:48:22",821.2,1,darisdzakwanhoesien2
4801,16700995,"Maram Ali","2026-08-15 09:13:15",821.2,2,msama01
4802,16696983,"JKM Ventures","2026-08-17 22:58:03",820.9,2,jeffreydrew
4803,16772993,"dirty farmers","2026-08-26 06:33:12",820.6,2,jamesgui2007
4804,16633414,"sagar tripathy","2026-08-13 15:57:56",820.6,2,sagar8trip
4805,16649108,"Steve AVOMO","2026-08-17 03:12:41",820.5,2,aurelsteve77
4806,16692090,sans,"2026-08-12 03:14:55",820.5,2,sans6262q
4807,16669494,"Abdullah Razi","2026-09-03 18:39:36",820.4,2,abdullahroninrazi
4808,16695695,"Siva Kumar","2026-09-28 16:09:47",820.4,2,sivapnlr80
4809,16695501,brocade,"2026-08-15 00:01:12",820.3,2,brocade
4810,16716468,"Sakhawat Hossen","2026-08-15 03:28:07",820.1,2,sakhawathossen
4811,16733547,"Mark Grayson","2026-08-17 18:53:21",819.0,2,flyingsinclair
4812,16735102,"Zhiqi Liu","2026-08-31 02:57:12",818.2,2,crazyqiqi
4813,16667839,Viet-Tien,"2026-08-22 19:46:21",818.0,2,tiena2cva
4814,16830837,"Damilare Olayemi","2026-09-08 08:35:23",817.8,2,damilareolayemi
4815,16709462,"KK #2","2026-08-14 09:06:37",817.8,2,kk2909
4816,16789587,"José Luis","2026-09-08 06:49:13",817.7,2,joseluissz
4817,16697021,Vaishnavi22052006,"2026-08-11 18:43:08",817.5,2,vaishnavi22052006
4818,16729227,Marjao,"2026-08-16 16:49:12",817.4,2,muniburrehman2020
4819,16624682,FrederikZ,"2026-09-02 10:17:51",817.2,1,zkirederf
4820,16656731,"Muhammad Ali","2026-08-14 06:47:06",816.9,2,sardaralimaqsood
4821,16770302,stardxx,"2026-08-26 02:21:35",816.6,2,stardxx
4822,16657857,hust_xll,"2026-08-12 05:38:12",816.6,2,hustxll
4823,16654381,"Dmitry Belan","2026-08-30 17:16:29",816.5,2,dimong4
4824,16655368,"Mohammed Maqsood L","2026-08-19 10:40:17",816.5,2,mohammedmaqsoodl
4825,16645712,"Changye Li","2026-08-24 06:23:33",815.4,2,antoinegg1
4826,16660371,"José Luis Gómez","2026-08-13 01:37:42",814.5,2,josluisgmezz
4827,16684012,ceh,"2026-08-16 04:58:18",814.4,2,emilhessman
4828,16693886,spellstriker,"2026-08-12 22:03:20",814.2,2,spellstriker
4829,16634654,unknown,"2026-08-13 02:11:22",814.1,2,abdullahshafi2021
4830,16769866,"Suzuki Riki","2026-08-25 12:11:09",814.0,2,suzukiriki
4831,16655952,"Tianfu Wang (王天夫)","2026-08-12 15:08:12",814.0,2,wangtf96
4832,16663241,"Kris Adamatzky","2026-08-13 09:49:19",813.9,2,krisadamatzky
4833,16823144,"AARAV JADAV","2026-09-28 18:24:18",813.9,2,aaravjadav
4834,16661362,BEETRiX🦋,"2026-09-28 11:32:58",813.8,2,johannaleighdeley
4835,16716949,ligaydima,"2026-09-27 11:58:27",813.4,2,ligaidima
4836,16656807,Yoganjaneyulu,"2026-08-13 09:20:17",813.2,2,yoganjaneyulu
4837,16697675,"Isaac Grossman","2026-08-30 23:21:35",812.4,2,kingisaac
4838,16636909,"wking edewd","2026-08-21 11:21:57",812.2,1,wkingedewd
4839,16678638,Loshtradz,"2026-08-26 18:40:35",812.0,2,loshtradz
4840,16624026,有辣条有权,"2026-09-28 18:12:45",811.9,2,russcore
4841,16811576,Zi,"2026-09-03 01:52:15",811.2,1,kaigaokaigao
4842,16808914,slfmmm,"2026-09-02 11:50:26",811.0,1,slfmmm
4843,16740103,Adjakou,"2026-08-24 07:31:02",811.0,2,adjakou
4844,16656948,"alexander kern","2026-08-24 18:02:17",810.4,2,alexanderkern
4845,16806886,dreamtear,"2026-09-02 05:55:56",810.3,1,mohanzeng
4846,16659692,"Hùng Nguyễn Huy (Hiirooo)","2026-08-11 03:47:45",809.9,2,hngnguynhuy
4847,16889423,ShinChua,"2026-09-14 12:50:22",809.2,1,shinchua
4848,16656316,"Richard Tang","2026-08-11 01:09:34",808.7,2,richardgtang
4849,16636004,"Ragunath Ravi","2026-08-11 10:59:07",808.4,2,ragunathravi
4850,16679371,ΛYMΞNRH,"2026-08-11 06:43:55",808.0,2,aymnrh
4851,16684163,MohamedFD,"2026-08-13 12:32:47",807.9,2,mohamedfd
4852,16624896,"Akmal Azzam o'g'li","2026-08-18 06:03:51",807.8,1,akmalmir
4853,16749153,"Arnav Mishra","2026-09-12 05:10:43",807.6,2,arnavmishra02
4854,16771780,Trichoderma,"2026-09-06 04:58:38",807.4,2,brunoescalhao
4855,16708333,"Phạm Vương","2026-08-11 16:17:10",807.0,2,vuongphamqq
4856,16702774,FilipJ,"2026-08-16 18:34:05",806.9,2,filipjarmua
4857,16670433,"Mohammad Osamah Atif","2026-08-19 08:46:32",806.4,2,osamatif
4858,16734578,"Pascal Andreas","2026-08-26 17:42:14",806.2,2,pascalandreas
4859,16666733,"Alberto MV","2026-08-10 23:06:33",806.1,2,albertomv
4860,16775684,ketterking,"2026-09-28 15:28:41",805.5,2,"ketterwang,wwppyywwww"
4861,16732586,Juniex,"2026-09-22 13:52:52",805.4,2,"juniex,shirleyshirleyye"
4862,16767431,Nine1Eight,"2026-08-24 16:51:12",804.7,1,wethepeople918
4863,16709300,炫酷的小克里斯,"2026-08-19 15:54:28",804.6,2,tinfufans
4864,16695376,Garv88,"2026-08-13 12:19:20",804.2,2,garv88
4865,16667994,"Zhian Wei","2026-09-11 06:57:54",804.0,2,zh1anwe1
4866,16696769,"maximo lorenzo y losada","2026-08-12 13:07:35",803.5,2,maximolorenzoylosada
4867,16632579,ZZfancy,"2026-08-11 12:04:42",803.4,2,zzfancy
4868,16785100,5386,"2026-09-10 11:08:04",803.3,2,"ismktkaggle,rairai314,satosis"
4869,16666884,"Antonio Stanciu","2026-08-15 14:33:52",803.0,2,stanciuantonio
4870,16692457,t2better,"2026-08-12 11:56:41",802.9,2,t2better
4871,16748330,Okan,"2026-08-21 11:15:17",802.9,2,okanzkaya
4872,16912040,YUYAN457,"2026-09-18 08:13:27",802.7,2,yuyan457
4873,16692138,"Bishwa Thakur","2026-09-05 09:15:47",802.0,2,bishwathakur
4874,16692103,HaniJezo,"2026-08-11 20:32:40",801.7,1,hanijezo
4875,16700116,Goldian,"2026-08-21 16:13:40",801.6,2,goldian
4876,16683441,Eura73,"2026-08-21 08:07:47",801.0,2,eura73
4877,16640869,taijunhao,"2026-08-12 10:26:30",800.4,2,taijunhao
4878,16745092,zakihiro,"2026-08-21 07:59:39",800.4,2,zakihiro
4879,16660711,ricardo,"2026-08-15 22:34:26",799.6,2,magania
4880,16676154,"Tuan Tran","2026-08-10 16:29:40",799.3,2,thtuan
4881,16809277,"Shuntaro Tanaka","2026-09-11 01:01:20",798.7,2,shuntarotanaka
4882,16623444,"sary sary","2026-09-22 20:50:21",798.6,2,sarysary
4883,16700630,apoyusiken,"2026-08-12 06:10:52",798.5,2,umutarpay
4884,16681620,wanwanuil,"2026-08-13 12:43:19",798.3,2,wanwanuil
4885,16660911,"Animesh Ratna","2026-08-23 22:01:35",798.1,2,animeshratna
4886,16661132,"Jia Chen","2026-09-28 17:05:12",797.7,2,jiachenjasper
4887,16696644,"Franklin T","2026-09-13 07:17:43",797.5,2,franklin0410
4888,16643233,"Marco DG","2026-08-11 06:20:14",797.2,2,marcodg
4889,16666410,"Binil George","2026-08-12 10:40:43",796.8,2,binilg
4890,16805763,"Masaya Kawamata","2026-09-04 03:39:48",796.7,2,masayakawamata
4891,16627400,"Krasnov Daniil","2026-08-11 06:04:48",796.6,2,daniilkrasnovvv
4892,16941176,"Jesse #2","2026-09-28 09:50:46",796.4,2,atjesse
4893,16665702,"Aman Gupta","2026-09-08 16:26:19",796.2,2,amangupta0014
4894,16667729,"Daniel Wu","2026-08-15 14:35:27",796.1,2,danielwuu
4895,16707584,sadatch,"2026-08-13 05:18:28",795.7,2,sadatch
4896,16661093,"INDRAJIT SWAIN","2026-08-15 13:23:37",795.6,2,indrajitswain
4897,16761728,"Vybhav Nath C A","2026-08-30 12:19:48",795.5,2,shadowfax2000
4898,16688136,"Armanzhan Ayan","2026-08-11 16:49:36",795.5,2,armanzhanayan
4899,16673097,"Sonu Kushwaha","2026-09-01 11:10:15",795.5,2,sonukushwaha124
4900,16709069,"James Mcquay","2026-08-14 18:05:40",795.3,2,jamesmcquay
4901,16725680,henri66,"2026-08-15 21:09:47",795.0,2,henri665
4902,16640058,"Justin CH123","2026-08-11 09:15:28",794.5,2,justinch123
4903,16738705,"Atilla Y","2026-09-12 06:51:34",794.4,2,atillay
4904,16659314,Sandeep063,"2026-08-25 12:44:22",794.3,2,sandeep063
4905,16682936,"Latifa Riziki","2026-08-12 09:38:13",794.2,2,latifariziki
4906,16676043,"Tejash Rai","2026-08-14 07:16:01",793.7,2,tejashrai
4907,16663820,taka,"2026-09-16 22:06:10",793.5,2,takaakiishi
4908,16632675,"Baran Kucuk","2026-08-11 15:09:58",793.3,2,barankucuk
4909,16708573,Benser,"2026-08-15 14:41:24",792.9,2,benser
4910,16724779,"Gavin Cao","2026-08-16 09:00:53",792.8,2,gavinxgcao
4911,16804961,explise,"2026-09-02 08:13:03",792.8,2,explise
4912,16706825,"Niranjana Vincent ","2026-09-23 01:06:38",792.7,2,nj54425
4913,16689770,"Abdillah Sagif","2026-08-11 10:11:23",792.6,2,abdillahsagif
4914,16682303,"Kapadiya Nirav Kumar","2026-08-18 06:24:30",792.5,2,kapadiyaniravkumar
4915,16875777,YinboLiu,"2026-09-17 11:11:46",792.2,2,yinboliu
4916,16662213,"Yang Zong-Yu phD","2026-09-28 11:24:59",792.0,2,yangzongyuphd
4917,16660331,A.K.NITHIN,"2026-08-12 12:07:32",791.0,2,aknithin
4918,16763383,"Alexandru Sitaru","2026-08-25 07:05:06",790.7,2,sitaru
4919,16692490,"Enes Coşkun","2026-08-11 05:37:38",790.7,2,enscskn
4920,16692164,Abdulrahman.su10,"2026-08-11 20:35:39",790.4,1,abdulrahmansu10
4921,16705584,"Adil Munawar","2026-08-29 21:18:33",790.1,2,adilmunawar
4922,16709744,"Emre Bayram","2026-08-14 09:04:57",790.0,2,emrebayram
4923,16698942,"PRADHAN RS","2026-08-13 18:06:58",789.5,2,pradhanrs
4924,16704622,ray,"2026-08-11 16:30:13",789.4,2,rayenezanned
4925,16831372,"Hazel caviar","2026-09-05 08:07:40",789.2,2,hazelcaviar
4926,16633886,mudesteven,"2026-08-16 02:54:25",789.2,2,fastlight2007
4927,16671666,showtree,"2026-09-02 01:53:55",789.1,2,showtree
4928,16806003,"Hazqeel Afyq","2026-09-20 08:53:15",789.0,2,hazqeelafyqathaillah
4929,16625615,"Mobeen Fatima","2026-09-24 10:19:55",789.0,2,mobeenfatimah
4930,16728955,"Chris Murphy","2026-09-07 23:33:26",788.7,2,mur418
4931,16676275,Scorpi,"2026-08-12 01:34:25",788.7,2,scorpi
4932,16669778,UknesIruka,"2026-09-18 18:30:56",788.5,2,uknesiruka
4933,16662166,duy,"2026-08-31 08:50:51",787.8,2,hduynguyen
4934,16790115,Starumi,"2026-08-31 00:39:22",787.7,2,starumi
4935,16848998,yiweigan,"2026-09-22 13:17:52",787.6,2,yiweigan
4936,16665058,"Llin Ding","2026-09-28 03:25:00",787.1,2,"greatneuro,llinding"
4937,16898760,"Berat Erol ÇELİK","2026-09-27 15:44:39",786.4,2,beraterolelk
4938,16780558,hxrdxk,"2026-08-29 18:36:48",786.3,2,hxrdxk
4939,16707993,"Sangita Bannore","2026-08-11 14:33:47",786.3,1,sangitabannore
4940,16828106,AG,"2026-09-20 00:12:01",785.4,2,lacroix7771
4941,16745264,wpang,"2026-09-25 00:08:24",785.4,2,wangshu
4942,16701573,"Haggai Musoda","2026-08-17 20:04:00",785.0,2,haggismusoda
4943,16737113,"Sergei Myshianov","2026-08-20 03:24:23",784.8,2,sergeimyshianov
4944,16662653,"Jordan Schaeffer","2026-09-09 01:49:11",784.7,2,jordanmschaeffer
4945,16696608,beanbamboozled,"2026-08-10 10:45:19",784.7,2,beanbamboozled
4946,16656934,"Aleks Kolesnik","2026-09-28 12:42:34",784.6,2,aleksandrkolesnik
4947,16710672,"Yasemin Koç","2026-08-14 05:52:52",784.5,2,yaseminmkoc
4948,16695608,"Elie Elias","2026-09-12 11:11:33",784.3,2,elieelias
4949,16706315,"Desert Fox88","2026-08-11 12:02:03",783.5,2,desertfox88
4950,16656181,Vishwa,"2026-08-11 05:46:58",783.5,2,rv1922
4951,16672579,"Udbhaw Anand","2026-08-22 13:15:18",783.4,2,udbhawanand
4952,16676356,"Wander waal","2026-08-11 02:48:56",783.3,2,wanderwaal
4953,16770777,"Oscar Legoupil","2026-09-09 15:43:18",783.2,2,oscarlegoupil
4954,16644891,yankang_XZK,"2026-09-02 18:29:53",783.1,2,yankang233
4955,16668334,Suavemango,"2026-08-12 05:18:03",782.8,2,suavemango
4956,16701466,"HELIOS reasonning","2026-08-11 22:38:55",782.8,2,heliosreasonning
4957,16679519,"Петьо Лазаров","2026-08-10 22:30:35",782.6,2,pesosz
4958,16661983,"Victor's Team","2026-08-12 12:05:19",782.3,2,"dlordsjustified,jezrealmomoh,joludare,victorokpe"
4959,16712651,riicon,"2026-09-27 13:25:48",782.1,2,risakashiwabara
4960,16793134,sawasawasawa,"2026-09-07 09:06:57",782.0,2,yukisawamura
4961,16688436,Zuu3scode,"2026-08-12 15:19:16",782.0,2,zuu3scode
4962,16761975,lixiuqixiaoke,"2026-08-26 09:59:11",781.3,2,lixiuqixiaoke
4963,16793535,Pink,"2026-09-15 08:44:32",781.2,2,farjanaafrinswarna
4964,16830784,栀蓝thy,"2026-09-15 10:03:44",781.2,2,tianhaoyuan86
4965,16823736,"Logan Seitz","2026-09-09 15:07:29",781.1,2,loganseitz26
4966,16656691,"Sahaj Deep Singh","2026-08-12 01:39:36",781.1,2,sahajdeepsingh9877
4967,16660653,kanchana's,"2026-09-21 17:23:31",780.9,2,"saikanchana,yuvarajkanchana"
4968,16705370,TS2333,"2026-08-11 03:40:40",780.8,2,ts2333
4969,16695137,"Samantha Nicole Bracamonte","2026-09-27 09:13:45",780.6,2,snrbracamonte
4970,16719551,JamesYip7,"2026-08-20 10:24:50",779.8,2,jamesyip7
4971,16655715,Chin,"2026-08-12 06:20:32",779.5,2,qinyukun
4972,16927276,"julian andres viejo garrido","2026-09-26 03:26:34",779.0,2,salmaviejo
4973,16762837,Nagamatsur,"2026-09-17 12:24:55",778.4,2,rihitonagamatsu
4974,16701221,"Othman Istaiteh","2026-08-10 13:25:38",778.2,2,istatieh
4975,16659890,"Cu Spoon","2026-08-25 22:02:11",778.1,2,cuspoon
4976,16660479,"Lakhindar Pal","2026-08-31 13:26:49",778.0,1,lakhindarpal
4977,16660333,"Deanos Crew","2026-08-11 13:10:19",777.9,2,jamescole0101
4978,16660037,shehai.lrs,"2026-08-11 13:37:32",777.8,2,shehailrs
4979,16664481,"Siddhu Jaykay","2026-08-12 14:02:29",777.6,2,siddhujaykay
4980,16691591,"Dheeraj Kumar #3","2026-08-12 04:05:32",777.5,2,kdheeraz
4981,16655210,Amon,"2026-08-16 06:09:04",777.2,2,kingaemon
4982,16667052,"Dandan Li","2026-08-15 18:07:17",777.0,2,clcll532x
4983,16677723,"Trip Meiners","2026-09-22 14:40:41",777.0,2,tripmeiners
4984,16669643,"Athenix Kaggriculture","2026-08-24 18:23:54",776.9,2,sdafdsfsdfgdsg
4985,16667233,EdGy2k,"2026-08-10 10:41:12",776.6,2,edgy2k
4986,16940838,"Dean Wuu","2026-09-23 02:06:11",776.4,2,deanwuu
4987,16691275,"Muhiminul Islam   Mahim","2026-08-12 10:04:35",776.3,2,muhiminulislammahim
4988,16657429,"xiao cat q","2026-08-12 01:41:13",776.2,2,xiaocatq
4989,16706283,haogood666,"2026-08-11 08:25:40",775.9,1,haogood666
4990,16660594,XIAODOUZI,"2026-08-17 12:06:50",775.6,2,xiaodouzi666
4991,16653153,Gbining,"2026-09-23 15:25:35",775.4,2,gbining
4992,16705441,CooperJiang,"2026-08-13 06:57:44",775.1,2,gingersna
4993,16639476,耶✌,"2026-08-30 19:52:36",774.8,1,qifeihhh666
4994,16733121,saturnliu,"2026-09-10 17:20:24",774.0,2,saturnliu
4995,16658487,radozaprazny,"2026-09-12 14:09:06",773.9,2,radozaprazny
4996,16659803,nRuaif,"2026-08-22 02:47:10",773.8,2,phngdoan
4997,16663919,hnhyhj,"2026-08-13 04:05:56",773.6,2,hnhyhj
4998,16654122,"Peter Thompson","2026-08-10 17:59:36",773.3,2,mightytreefolk
4999,16704027,"Alan Cai","2026-08-10 22:36:40",773.1,1,alancai27
5000,16697142,Kujaomega,"2026-08-10 22:13:02",772.6,1,kujaomega
5001,16624088,Pomiro,"2026-08-11 04:41:24",772.1,2,pomiro
5002,16631777,KiKi,"2026-09-03 04:27:02",771.9,2,kingkiller2164
5003,16793275,"Biao Cao","2026-08-30 13:44:48",771.8,1,biaocao398
5004,16768644,Momoko,"2026-08-25 03:22:50",771.5,1,yangmengyuanmomoko
5005,16905679,xaxipiruli,"2026-09-28 14:17:29",771.5,2,xaxipirulazo
5006,16687724,Yijue1,"2026-08-11 02:15:05",771.5,2,yijue1
5007,16675305,"Justin Sabu Sebastian","2026-08-22 23:19:57",771.0,2,justinsabusebastian
5008,16700314,Giallar,"2026-08-14 16:45:53",770.8,2,andreykrotkikh
5009,16666282,"Bang sion","2026-08-22 10:06:06",770.6,2,bangsioni
5010,16807134,"Chaowei Liang","2026-09-09 01:53:25",770.5,2,chaoweiliang
5011,16672075,"Kameron Green","2026-08-11 05:49:32",770.3,2,hgenix20
5012,16688265,"Kyle #2","2026-08-11 01:51:35",769.8,2,georgeturbo
5013,16799769,manyuA,"2026-09-28 13:54:06",769.7,2,"forheuristiclifeksh,manyua,realhonest"
5014,16695176,"Zakaria Settar","2026-08-16 21:52:31",769.6,2,zakariasettar
5015,16675582,DavidX,"2026-08-11 06:05:18",769.6,2,davidasx
5016,16635330,tekatoncat,"2026-08-16 23:42:10",769.2,2,tekatoncat
5017,16695903,cerensukaramese,"2026-08-14 09:18:05",769.2,2,cerensukaramese
5018,16687594,"Andrew Markley","2026-08-13 01:19:04",768.7,2,andrewmarkley1
5019,16823252,"FARZANA ALI","2026-09-28 17:57:21",768.2,2,farzanaali
5020,16696852,MYGEMER,"2026-08-09 15:43:13",767.9,1,mygemer
5021,16699488,"Kelvin Lai","2026-09-28 01:48:07",767.0,2,kelvin84hk
5022,16808116,WWAWW,"2026-09-15 03:47:37",766.9,2,masatowaragai
5023,16728633,draven,"2026-09-12 07:35:01",766.1,2,ustchx
5024,16659618,"Jeevan Jolly","2026-08-13 13:51:52",766.1,2,jeevanjolly
5025,16624625,"Harsha Vardhan","2026-08-10 07:33:35",766.0,2,harshacode101
5026,16694744,XiaoZhiren,"2026-08-10 13:03:56",765.6,2,"ruikangan,xiaozhiren"
5027,16650485,nasu726,"2026-08-13 13:51:20",765.2,2,nasu726
5028,16694065,zhangwei02,"2026-08-30 09:29:12",765.2,2,zhangwei02
5029,16726422,"Praveen Kumar","2026-08-29 11:25:55",765.1,2,pankajrepswal
5030,16662718,xlnt,"2026-08-22 12:37:49",764.9,2,"princebisht,xlnt404"
5031,16702909,SG4265,"2026-09-07 21:14:54",764.7,2,sg4265
5032,16681858,"Rishav Sanjay","2026-09-27 20:38:41",764.0,1,rishavsanjay
5033,16736816,LLE,"2026-08-22 16:50:40",763.6,2,"rajaditya01,saiash"
5034,16655323,roma,"2026-08-09 19:49:51",763.0,2,mnroma
5035,16639236,"Dhavan Shah","2026-08-12 18:20:38",762.6,2,dhavanshah99
5036,16709473,"Selahattin Günter","2026-08-23 14:07:42",762.0,2,selahattingnter
5037,16729800,"Alchemical Retard.","2026-08-20 07:28:07",761.3,2,alchemicalretard
5038,16658875,"Noah Bishop","2026-08-10 09:56:34",761.0,2,noahbishop1
5039,16658746,marinxbt,"2026-09-11 14:18:24",761.0,2,marinxbt
5040,16760247,kriskur123,"2026-09-15 14:23:38",760.4,2,kriskur123
5041,16690829,JeremyH43,"2026-08-16 00:06:30",759.7,2,jeremyh43
5042,16890654,"Niloofar Y.","2026-09-24 17:12:56",759.3,2,niloofaryoonesi
5043,16639496,"Sai Teja Bandaru","2026-08-11 14:51:49",758.6,2,saitejabandaruin
5044,16729863,Monkeyzl,"2026-08-22 20:02:21",758.0,2,monkeyzl
5045,16925552,JacobQIQI,"2026-09-22 13:58:21",757.6,1,jacobqiqi
5046,16940857,"Melon Man","2026-09-26 11:58:55",757.5,2,alvinandrada
5047,16657598,"Arun Mallikarjuna","2026-08-10 04:29:14",757.3,2,arunmallikarjuna
5048,16706523,"Aussie lover","2026-09-28 01:57:00",756.9,2,aussielover
5049,16652827,"Rob C","2026-08-14 03:04:30",756.8,2,robertcheah
5050,16732008,"Phoebe Lin","2026-09-05 01:05:06",756.7,2,phoebe0511
5051,16817309,"TeddyDog Lovely","2026-09-03 10:44:15",756.4,2,teddydoglovely
5052,16623461,MightyK,"2026-08-09 05:36:23",756.0,2,anhhkhoi
5053,16904681,yzhaolabs,"2026-09-20 10:26:40",755.9,2,zhaoyuanzhen
5054,16732140,Miaa1526,"2026-08-24 08:58:42",755.9,2,miaa1526
5055,16659662,MOHSIN525,"2026-09-01 15:43:49",755.8,2,mohsin525
5056,16907268,"Ilya Fedorov","2026-09-19 16:29:53",755.7,2,sorrow321
5057,16760101,"Big Moo","2026-08-25 00:52:06",755.7,2,abdullahramadan1
5058,16672315,CemBas,"2026-09-28 04:48:12",755.5,2,cembas
5059,16732679,argon,"2026-08-19 08:32:47",755.1,2,argonlabs
5060,16635238,"Tai Tien Ta","2026-09-03 03:25:55",754.9,2,tittin
5061,16672247,"Movie Watch2022","2026-08-18 19:48:12",754.7,2,moviewatch2022
5062,16784719,"Ayush Shekhar","2026-09-26 06:32:29",754.7,2,ayushshekhar56
5063,16698489,"JIUZHOU CHAN","2026-09-22 18:50:06",754.5,2,jiuzhouchan
5064,16705192,"John Ogah","2026-08-16 03:54:21",754.1,2,johnogah
5065,16681226,"tingting shen","2026-08-10 09:24:23",753.7,2,tingtingshen99
5066,16663678,"Fabiano Adelino","2026-09-25 14:48:28",753.5,2,fabianoadelino
5067,16684852,後藤将斗,"2026-08-24 14:51:20",753.3,2,masato09
5068,16633006,Kaiser,"2026-09-01 06:36:38",753.2,1,kaiserm
5069,16622487,"Sam kramer_1028","2026-08-18 09:40:58",752.8,2,samkramer1028
5070,16847300,"Lam PayGi","2026-09-08 02:02:17",752.4,2,lampaygi
5071,16652741,"Sergi Bas","2026-09-23 16:29:27",752.1,2,sergibas
5072,16670545,"Mouad AIT HA","2026-08-18 20:03:55",751.8,2,mo0103
5073,16652849,Hejunhui,"2026-08-16 14:15:29",751.8,2,website98
5074,16659610,gareeb,"2026-08-10 15:46:50",751.5,2,"arjund29,saqlainsqx,yashawl194"
5075,16676025,"Csaba József","2026-08-31 19:31:00",751.3,2,"jcsaba,peterkiss4"
5076,16665500,"Madan kumar","2026-08-13 17:31:57",750.9,2,winklemad
5077,16663780,"Hamza Kanice","2026-08-09 00:08:11",750.9,2,hamzakanice
5078,16711725,meatori-nu,"2026-09-05 13:40:48",750.6,2,meatorinu
5079,16713031,"Nahid Hossain Redom","2026-08-13 15:38:30",750.6,2,nahidhossainredom
5080,16702482,"Carlos Navarro","2026-08-14 05:26:26",749.9,2,navarr0
5081,16664409,"Kathi Munishwar","2026-08-09 03:37:05",749.1,1,kathimunishwar
5082,16786082,"Noberto Frota","2026-08-29 00:40:42",749.0,1,nobertofrota
5083,16679347,"Youssef EL MSIYAH","2026-08-09 12:07:55",748.9,2,youssefelmsiyah
5084,16696208,"kazwzn S","2026-09-22 12:06:22",748.9,2,kazwzns
5085,16644378,"hicham bedrani","2026-08-28 11:33:17",748.8,2,hichambedrani
5086,16869317,Pikachuexeallen,"2026-09-12 19:46:36",748.7,2,pikachuexeallen
5087,16683909,"Krzysztof ""Chris"" Karaszewski","2026-08-14 08:41:11",748.4,2,futureofworkchannel
5088,16780967,"black hole sun","2026-09-01 02:25:21",748.1,2,danielefiorino
5089,16889300,"Chris McCarthy","2026-09-23 08:20:29",747.9,1,chrismccarthy
5090,16880045,"Underground Farmers","2026-09-13 13:04:19",747.6,2,xavierwi
5091,16742442,"Anton Dugin","2026-08-21 09:51:07",747.4,2,antondugin
5092,16670040,galaxyhunter,"2026-08-17 19:22:06",746.5,2,pkharkwal
5093,16680646,Naym0425,"2026-08-14 04:20:36",746.3,2,naym0425
5094,16672660,"Straw Hat","2026-08-11 06:14:47",746.1,2,"anuragugargol,tanishafagare114"
5095,16671174,Alexandre008,"2026-08-09 12:29:49",745.8,2,alexandre008
5096,16672980,"Thomas Prinz","2026-08-09 13:57:51",745.7,2,xardiphotography
5097,16910408,Yuumi080911,"2026-09-20 09:42:09",745.3,2,"haiyunzhang,yuumi080911"
5098,16729859,wintermute,"2026-09-24 07:44:41",745.2,2,siraev
5099,16749776,DataLover,"2026-08-20 16:34:37",745.0,1,paulknidler
5100,16645078,"A Aswanth Raj","2026-08-09 08:57:36",744.9,2,aaswanthraj
5101,16659529,"Sanchit Jain","2026-09-27 12:46:58",744.8,2,sanchit1609
5102,16698735,Larfii,"2026-08-21 18:01:02",744.5,2,larfii
5103,16683036,"Ritesh Thawkar","2026-08-14 08:34:08",744.1,2,riteshthawkar
5104,16683982,Kenny,"2026-08-16 19:43:13",743.9,2,kmonar
5105,16685828,Ztr0,"2026-08-09 05:53:10",743.6,2,y1amadeus
5106,16693374,"Henfry De Los Santos","2026-08-12 11:43:51",743.5,2,henfrydelossantos
5107,16653208,FabienDaniel,"2026-08-07 10:17:38",743.5,2,fabiendaniel
5108,16643193,"Shoroogh Ahmadi","2026-08-13 10:36:43",743.4,2,shorooghahmadi
5109,16692970,LakoMoor,"2026-08-09 17:43:25",743.3,2,lakomoor
5110,16692677,"Ashish Dubey","2026-08-10 06:17:34",743.2,2,ashish124536
5111,16689471,wenjinyang,"2026-08-11 13:32:09",743.2,2,wenjinyang
5112,16724895,russ,"2026-08-19 08:55:30",743.2,2,mdevian
5113,16926195,koutwiring,"2026-09-27 18:00:16",743.0,2,koutwiring
5114,16667124,"Chaotic Era","2026-08-12 01:26:13",743.0,2,sani84
5115,16656515,"Rushal Manandhar","2026-09-26 05:41:31",742.3,2,rushalmanandhar
5116,16923138,"Davi Santos","2026-09-26 17:31:44",742.3,2,davissantos1
5117,16676038,"Adyanth M","2026-08-09 05:12:40",742.2,2,adyanthm
5118,16709304,"Aleksey SCHUKIN","2026-09-28 06:15:28",742.0,2,alekseyschukin
5119,16680075,I_luv_magick,"2026-08-07 09:50:30",742.0,2,iluvmagick
5120,16663928,Auxileon,"2026-08-09 16:20:13",741.9,2,auxileon
5121,16684762,X-xuhui,"2026-08-08 10:07:58",741.8,2,xxuhui
5122,16660259,Marcus,"2026-08-08 17:23:34",741.4,2,marcuseno
5123,16695182,"Ali Haydar Özdağ","2026-08-10 14:29:59",741.3,2,ahoirg
5124,16746592,Harvester,"2026-08-21 13:57:05",741.2,2,yudhis16
5125,16853733,Eugene,"2026-09-27 14:29:46",741.0,2,eugenejyuan
5126,16726173,"Aman Bihari","2026-08-23 12:51:05",740.9,2,amanbihari
5127,16630372,Q.qlmmm,"2026-08-24 18:25:02",740.9,2,qlammi
5128,16660613,今日洗澡明日香,"2026-08-07 09:58:49",740.2,2,"jasperkag,ryjiang,timmengzh,yningc"
5129,16664179,animelonerboy,"2026-08-09 15:52:55",739.7,2,adambasa5
5130,16698467,"Ra'uf Fauzan Rambe","2026-08-10 04:29:13",739.7,2,rauffauzanrambe
5131,16660430,"Hassaan Ibrahim","2026-08-10 12:45:55",739.7,2,hassaanibrahim
5132,16848297,chacha260,"2026-09-28 18:18:35",739.5,2,chacha260
5133,16663457,Furqan102102,"2026-08-09 12:02:35",739.4,2,furqan102102
5134,16845420,"Terrance Luangrath","2026-09-08 05:41:53",739.1,2,tksluangrath
5135,16736429,Rudra278,"2026-08-18 12:07:42",739.1,1,rudra278
5136,16923114,Pruthvij08#,"2026-09-19 06:44:33",739.0,2,pruthvij08
5137,16665935,eternitywinner,"2026-08-08 14:41:53",738.6,2,eternitywinner
5138,16684639,Bru3ll,"2026-08-09 15:50:45",738.6,2,bru3ll
5139,16905921,关注塔菲喵,"2026-09-16 16:11:46",738.6,2,zuberi05
5140,16638998,"khalid harouach","2026-09-17 13:32:02",738.1,2,khalidharouach
5141,16661707,"Rudolf HOUNLETE","2026-08-09 11:41:08",737.5,2,queystanle
5142,16881964,"Vipeen Kumar","2026-09-21 06:20:46",737.0,2,vipeen
5143,16675752,"Simon Rüba","2026-08-10 14:23:16",736.6,2,simonrba
5144,16784731,Alfred,"2026-09-20 21:54:16",736.6,2,holleyalfred
5145,16660101,Zarathustra,"2026-08-12 02:48:18",736.6,2,rezkyadytama
5146,16700876,"Oyegoke Emmanuel","2026-09-28 04:13:08",736.5,2,oyegokeemmanuel
5147,16670406,"jessica jennifer","2026-08-20 15:55:41",736.1,2,jessicajennifer
5148,16660385,"Jose Santiago Echevarria","2026-08-25 12:02:45",736.0,2,jmsechevarria
5149,16655763,"Diogo Sena","2026-08-22 17:08:45",735.8,2,diogodmsena
5150,16661739,"Spandan Mhapsekar","2026-08-08 10:39:41",735.4,2,spandanmhapsekar
5151,16671837,"Ronald K Wilson ","2026-09-21 14:14:14",735.4,2,ronaldkwilson
5152,16670202,"Elizabeth Park","2026-08-09 20:33:17",735.2,2,elizabethpark
5153,16671372,"Meet Sabhaya","2026-08-08 06:02:13",735.1,2,meetsabhaya
5154,16624253,DTrieu,"2026-09-25 13:46:55",735.0,2,hodinhtrieu
5155,16815105,"Saurav Chaudhari","2026-09-03 08:46:53",734.8,2,saur3x
5156,16711204,"harden james","2026-08-12 08:00:14",734.7,1,ffusername
5157,16833063,"Fidel Escalona","2026-09-28 15:16:14",734.6,2,fbescalo
5158,16623189,"Aditya Mishra","2026-08-09 03:42:06",734.3,2,adityamishranika
5159,16664283,"Nguyễn Hữu Công","2026-08-07 05:24:48",734.2,2,nguynhucng
5160,16669971,"Luka Philip","2026-08-08 16:09:32",733.9,2,lukaphilip
5161,16830079,"Quan Vu","2026-09-04 11:35:57",733.8,2,quan0095
5162,16673179,"Muhammad Faraz Aftab","2026-08-09 10:18:58",733.8,2,muhammadfarazaftab
5163,16731924,CuddleYokai,"2026-08-19 10:57:11",733.3,2,cuddleyokai
5164,16653984,"Howard Lyu","2026-08-08 18:35:00",733.2,2,howardlyu
5165,16671403,"Alex Karpowicz","2026-08-08 18:36:52",733.1,2,alexkarpowicz
5166,16658278,"Malcolm Durosaye","2026-09-17 12:31:05",733.0,2,malcolm95
5167,16679848,Nikola010,"2026-08-13 16:29:19",733.0,2,nikola010
5168,16847456,waHAHA,"2026-09-07 09:53:07",732.7,1,wangshen1994
5169,16655076,"Tita Kongolo","2026-08-08 09:08:57",732.6,2,titakongolo
5170,16830531,"Nikos Chatzinikolaou","2026-09-24 14:53:07",732.6,2,nikoschatzinikolaou
5171,16694751,im_justmatthew,"2026-08-10 11:27:00",732.2,2,imjustmatthew
5172,16694317,"PRITIKA SA","2026-08-09 07:17:19",731.5,2,pritikasa
5173,16661249,Yaohui,"2026-08-26 14:59:02",731.2,2,yaohui85
5174,16668029,Timbo615,"2026-08-07 11:56:21",731.2,2,timbo615
5175,16795676,cold_star,"2026-09-04 03:54:22",731.0,1,a406161167
5176,16644150,"J.M.Mubasshir Rahman","2026-08-09 17:15:01",731.0,2,jmmubasshirrahman
5177,16640332,"ning gu","2026-08-21 00:01:22",731.0,2,morninggu
5178,16720234,Aditya109,"2026-09-08 05:20:00",730.8,2,"aditya109,tathagattyger"
5179,16671314,"Robot Farm","2026-08-29 16:54:23",730.2,2,codearranger
5180,16668758,"Aman Vishwakarma","2026-08-09 17:33:00",730.1,2,amanvishwakarma01
5181,16659727,shuaiqiyang,"2026-09-16 01:16:36",729.7,2,shuaiqiyang
5182,16634174,phibkro,"2026-08-07 03:10:52",729.6,2,phibkro
5183,16623152,"agentic warriors","2026-09-28 05:42:39",728.7,2,"ibadia,isabellawoo01"
5184,16658670,EveryJust,"2026-08-07 08:33:35",728.1,2,"everyjust,zfc666wsnd"
5185,16625472,"luna is free！","2026-08-29 16:39:51",727.9,2,simingtan
5186,16670065,"Artyom Sayapin","2026-09-22 16:26:22",727.0,2,spielmeister
5187,16665898,chengsongtao,"2026-08-23 00:12:59",726.9,2,cheng618
5188,16664242,"Alex Lee","2026-08-11 03:43:12",726.7,2,aiexanderr
5189,16660537,Furina,"2026-08-08 13:52:01",726.5,2,cjlcjlcjl
5190,16659585,"Anas Riaz","2026-08-08 20:20:23",726.5,2,anasriaz
5191,16661899,AAI,"2026-08-09 14:23:08",726.3,2,aiolapo
5192,16838800,"LEE Dailun","2026-09-09 13:59:27",726.2,2,peterccll
5193,16683439,Goober,"2026-08-10 19:46:41",726.2,2,kongzhisyuen
5194,16693925,"Francisco Corredor","2026-09-28 12:24:38",725.9,2,franciscocorredor
5195,16642579,"Desyat IO","2026-08-09 17:31:59",725.9,2,desyatio
5196,16729472,"Boris Pletenev","2026-08-16 17:23:56",725.9,1,borispletenev
5197,16680408,mochogo,"2026-08-07 05:42:33",725.8,1,mochogo
5198,16670807,mannogun,"2026-09-04 23:15:49",725.6,2,arcanejumper
5199,16893333,Chista,"2026-09-17 23:10:55",725.5,2,"amirelite,asimir"
5200,16666632,to1_10i,"2026-08-19 20:27:42",725.2,2,to110i
5201,16789865,AgroByte-dev,"2026-09-02 14:39:25",725.2,2,ylyasyylkybayev
5202,16630758,"Keshav Joshi","2026-08-20 18:53:37",725.0,2,keshavjoshi22
5203,16755091,Charlie,"2026-09-24 01:54:36",724.8,2,zephyrlennox
5204,16630441,"yjhv buddies","2026-08-07 09:50:05",724.8,2,bender1123123
5205,16686843,"Juraj Zelman","2026-08-09 08:40:09",724.0,2,jurajzelman
5206,16653262,"tianwen zhang1","2026-08-08 16:21:18",723.8,2,tianwenzhang1
5207,16630249,"Aymar Avohoueme","2026-08-20 10:22:33",723.7,2,aymaravohoueme
5208,16683852,"Abhiram Anil","2026-08-08 06:26:11",723.6,2,abhiramanil
5209,16639645,RamenBoy,"2026-09-08 14:38:35",723.3,2,ramenboyjapan
5210,16671844,I2nfinit3y,"2026-08-07 02:27:10",722.6,2,i2nfinit3y
5211,16631101,"Muneeb ul Hassan","2026-08-10 09:56:41",722.4,2,muneeb2405
5212,16635781,wacata,"2026-08-19 14:53:05",722.4,2,wacata
5213,16670117,"Raj Aryan","2026-08-07 18:15:04",722.3,2,rajaryan2503
5214,16657989,"vishnu gopal P","2026-08-08 12:27:56",722.3,2,vishnugp
5215,16669273,Parag,"2026-09-28 05:24:58",721.8,2,paragkale
5216,16713590,"Александр Арутюнян","2026-08-13 05:20:18",721.7,2,alexarut17
5217,16674977,BarbateP,"2026-09-20 10:57:34",721.5,2,barbatep
5218,16664666,"Rheal Thomas","2026-08-21 19:29:44",721.4,2,rhealthomas
5219,16841445,Challo,"2026-09-26 02:28:49",721.2,2,germantardioperez
5220,16639606,Peach2587,"2026-08-12 03:19:13",721.1,2,momokayoshioka
5221,16637898,"Marek Nurzynski","2026-09-26 19:39:58",721.0,2,marek3000
5222,16678506,SireeshLimbu,"2026-08-08 08:39:43",720.8,2,sireesh
5223,16692883,coolguy,"2026-08-08 20:56:21",720.5,1,vihangpagare334
5224,16676911,"Michał Ścibak","2026-09-26 19:36:53",720.4,2,michacibak
5225,16662161,"Touhidul Alam Seyam","2026-08-10 12:39:51",720.4,2,seyamalam
5226,16679683,Aberrchan,"2026-08-08 17:44:32",720.3,2,aberrchan
5227,16658173,Tamizharuvi,"2026-09-19 08:42:47",720.1,2,tamizh1
5228,16634468,"Kun Zhang","2026-09-01 11:38:47",720.0,2,beicicc
5229,16681480,"Kevin Nguyen","2026-08-14 18:16:29",719.8,2,haidangnguyen1802
5230,16665015,"laiba razzaq10","2026-08-07 14:21:49",719.7,2,laibarazzaq10
5231,16623485,XtraLearning,"2026-08-09 17:10:36",719.4,2,xcessivesmash
5232,16688579,"Long Hu","2026-08-09 09:41:04",719.4,1,longhul
5233,16667245,"KAIWALYA RAUT","2026-08-09 09:04:25",719.3,2,kaiwalyaatulraut
5234,16633276,"Nolan Liang","2026-08-09 03:26:47",719.3,2,iamlkn
5235,16685990,VictorAndrew,"2026-09-05 22:20:04",719.2,2,vicktvr
5236,16681065,SYC,"2026-08-07 03:22:25",719.1,1,yichengs
5237,16731259,"Manvik singh rathore","2026-08-30 17:18:55",719.1,2,manviksinghrathore
5238,16866155,gomamonaka,"2026-09-12 10:10:10",719.0,2,gomamonaka
5239,16925125,Chirag&Sanika,"2026-09-28 18:12:08",718.9,1,chiragdeshmukh1
5240,16659525,"Dang Khoa Nguyen","2026-08-17 09:51:16",718.9,2,khoadangnguye
5241,16656347,OctahedronBB,"2026-08-07 00:52:27",718.8,2,octahedronbb
5242,16724556,"Yixiang Wu","2026-09-27 22:08:39",718.8,2,yixiang964
5243,16782792,"[Deleted] bdc3c175-811b-438f-9c3a-c2d9c80c106a","2026-08-29 07:16:45",718.5,2,del=e8b93c44cf962f9e
5244,16742239,"Benny Joseph","2026-09-17 13:06:06",718.4,2,pbennyjoseph
5245,16760841,KIsXcl,"2026-08-24 14:34:11",718.4,2,kisxcl
5246,16656118,Mutte1904,"2026-08-07 05:03:56",718.4,2,mutte1904
5247,16758431,"Mathews Jere","2026-08-26 18:10:25",718.2,2,mathewjere
5248,16674367,"zongze Yan","2026-09-22 05:31:47",718.1,2,aaayan
5249,16672520,"Nah I'd win","2026-08-07 08:09:12",718.1,2,asutriy
5250,16738145,綿鍋だよん,"2026-09-28 00:25:36",718.0,2,potrue
5251,16825767,f7e6n5g4,"2026-09-25 09:15:53",718.0,2,f7e6n5g4
5252,16870486,"Sincere Bailey","2026-09-28 17:00:22",718.0,2,sincerebailey
5253,16698071,nixotrix,"2026-09-07 21:16:50",717.9,2,nixotrix
5254,16666826,"Simone di costanzo","2026-08-07 19:38:11",717.6,2,simonedicostanzo
5255,16661100,"Muhammad Junaid","2026-09-06 21:24:50",717.5,2,junaid512
5256,16688898,"Sanskar Omar","2026-08-09 11:10:44",717.5,2,sanskaromar7
5257,16669930,"Ilya Klimanov","2026-08-25 13:30:13",717.4,2,ilyaklimanov
5258,16665353,Sakshamm2587,"2026-08-17 16:50:43",717.4,2,sakshamm2587
5259,16665976,"Daksh Goyal","2026-08-08 20:36:06",717.2,2,dakshgoyal387
5260,16633043,"Ryan Adams","2026-09-08 23:48:54",717.1,2,ryanadamsai
5261,16666625,"Nguyen Ngoc Thien","2026-08-07 16:12:04",716.7,2,ngocthienai
5262,16658213,"Ahmet Abdullah Gültekin","2026-09-27 21:20:03",716.1,2,abdullahgultekin
5263,16687463,"Manolo Chow","2026-08-09 22:56:20",715.7,2,manolochow
5264,16835621,"Atharv Santosh","2026-09-05 02:49:27",715.5,1,atharvsantosh
5265,16660555,"Nguyễn Nhật Thanh","2026-08-07 03:45:29",715.5,2,nguynnhtthanhhhhh
5266,16675753,Khafidin,"2026-08-12 05:16:26",715.5,2,khafidin
5267,16657957,"Mounika Kommireddy","2026-08-08 07:57:32",715.3,2,mounikakommireddy
5268,16736559,"Team Rot-Weiß","2026-08-19 13:22:35",715.1,2,moritzpaal
5269,16840641,"Yukar Fu","2026-09-28 12:14:29",715.1,2,yukarfu
5270,16641535,Tutti,"2026-09-06 15:16:23",715.0,2,malk271828
5271,16792989,ALKRIS,"2026-08-31 14:35:26",715.0,2,wasimjbuh
5272,16655156,"Pranjal Ranjan","2026-08-06 23:58:43",714.6,2,pranjalranjan299
5273,16664890,ideal_m99,"2026-09-19 19:12:14",714.3,2,idealm99
5274,16654626,bgsszsa,"2026-08-07 12:01:33",714.1,2,bgsszsa
5275,16624003,weedfarmer,"2026-08-08 05:34:16",713.7,2,aleksanderhan
5276,16658025,"Dennis Gioche","2026-08-06 09:08:34",713.5,2,dennisgioche
5277,16653117,"li jiaqi77","2026-08-07 05:32:06",713.4,2,lijiaqi77
5278,16698822,JJN8825,"2026-09-26 16:38:20",712.5,2,jjn8825
5279,16679237,"Danilo Sepúlveda","2026-08-06 21:26:28",712.3,1,daniloseplveda
5280,16670361,"Saud Saudesen","2026-08-15 22:16:42",711.9,2,saudsaudesen
5281,16732722,Kusanagi,"2026-08-24 21:52:54",711.8,1,kusanagiap
5282,16654623,"Asher Goldstein","2026-08-09 17:54:27",711.3,2,ashergoldsteincd21
5283,16811628,"Roger Yang","2026-09-08 03:12:08",711.1,2,rogerjyang
5284,16669608,"Jesy Lu","2026-08-13 16:21:53",711.1,2,jesylu
5285,16644552,Keanan,"2026-08-08 11:35:17",711.0,2,citerne
5286,16667479,"Leon Christians","2026-09-13 17:12:37",710.9,2,leonchristians
5287,16640582,Attension_Seeker,"2026-08-10 06:57:51",710.6,2,aisipu
5288,16676677,"Clark Stéphane","2026-08-07 18:58:45",710.6,2,clarkstphane
5289,16639125,"Caio Coelho","2026-08-09 15:38:12",710.5,2,caio41
5290,16664827,"Jose Miguel Diez de la Lastra","2026-08-07 16:08:49",710.2,2,josemigueldiez
5291,16658789,Zhanpeng.W,"2026-08-08 10:05:26",710.0,2,zhanpengw
5292,16753850,"Ahmad Ali","2026-09-09 17:58:10",710.0,2,ahmadali1243534
5293,16660120,gktdgktdgktd,"2026-08-07 07:50:45",709.8,2,gktdgktdgktd
5294,16667219,"Komil Parmar","2026-08-08 10:00:55",709.7,2,komilparmar
5295,16666686,yolo,"2026-08-08 12:08:38",709.2,2,avin55
5296,16939419,goat,"2026-09-28 09:00:43",709.2,2,vinhdang2006
5297,16670058,"Dahoui Alex Armel ","2026-08-07 01:02:07",709.0,2,dahouialexarmel
5298,16678288,"Speedrun retirement","2026-08-30 18:59:23",708.9,2,"josephkimanikamau,nanducode"
5299,16729165,コーラ,"2026-08-23 07:30:40",708.9,2,cola0912
5300,16668034,ggggalaxy,"2026-08-28 04:56:40",708.8,2,ggggalaxy
5301,16673155,"Babar Khilji","2026-08-06 15:55:26",708.6,2,babarkhilji
5302,16668545,Ronty00,"2026-08-06 08:24:07",708.4,2,ronty00
5303,16734490,Tomeiser,"2026-09-24 11:23:16",708.3,2,tomeiser
5304,16634078,"yoho kumedayo","2026-08-15 12:48:29",708.3,2,dorachinyastyle
5305,16720913,Candidates,"2026-09-28 12:41:35",708.3,2,"ulyanovmmm,vladimirarchipov"
5306,16668060,"Spiros Skarmoutsos","2026-08-08 12:48:07",708.2,2,spirosskarmoutsos
5307,16623932,"Axel Ahmer","2026-09-19 16:55:30",708.0,2,blondie1
5308,16661019,lmq,"2026-08-04 14:47:23",707.9,2,lmminhquang
5309,16699784,nianyu,"2026-08-10 09:46:32",707.7,2,nianyuc
5310,16629983,Amundsen,"2026-08-05 06:51:46",707.7,2,amundsen
5311,16635518,"ROFIQUL ALAM SHEHAB","2026-08-09 11:49:00",707.5,2,rofiqulalamshehab
5312,16854347,"Arul Gandhi","2026-09-12 10:19:13",707.5,2,arulgandhi
5313,16673002,xubenzheng,"2026-08-07 15:40:31",707.0,2,xubenzheng
5314,16662496,KhalidKhan,"2026-08-05 05:31:07",706.8,2,feedfeed
5315,16676283,jnurik,"2026-08-07 17:24:01",706.7,2,nurdauletmoldik
5316,16705242,"Chonghao Peng","2026-09-04 21:45:52",706.4,2,chonghaopeng
5317,16672629,"Alex Boyd","2026-09-06 15:37:19",706.3,2,alexrayboyd
5318,16669518,Galagala,"2026-08-07 18:35:59",705.8,2,b12705059
5319,16783131,Hawkeye,"2026-09-03 07:15:17",705.8,2,pragneshbagary
5320,16670671,"TAUIL Abd Elilah","2026-08-11 01:17:39",705.4,2,tauilabdelilah
5321,16659958,brainpick,"2026-08-24 21:54:50",704.9,2,prathvirajpalekar
5322,16660091,bcTiann,"2026-08-06 05:55:54",704.9,2,bctiann
5323,16719793,dhuruvapriyan,"2026-08-14 16:06:42",704.7,2,dhuruvapriyan
5324,16665169,"Rahul Barakoti ITM","2026-08-07 10:58:30",703.9,2,rahulbarakotiitm
5325,16832844,aliREZA,"2026-09-17 23:55:15",703.7,2,afazlik1
5326,16665529,Venneth,"2026-08-08 12:32:20",703.7,2,venneth
5327,16659000,xjlgg123,"2026-08-08 12:35:10",703.6,2,xjlgg123
5328,16624977,Avikumar93801,"2026-08-11 05:55:19",703.5,2,avikumar93801
5329,16641093,"Satish ","2026-08-20 04:18:42",703.3,2,satishkommanaboina
5330,16654832,mohit,"2026-08-07 00:01:08",703.3,2,mohitvarred
5331,16655497,cszf_first,"2026-08-09 02:06:46",703.2,2,cszffirst
5332,16643095,ckyasb,"2026-08-05 14:39:42",702.7,2,ckyasb
5333,16684568,"[ODS] waniz","2026-08-08 11:04:42",702.6,1,wanizz
5334,16674550,"Jebastin Nadar","2026-08-06 10:09:16",702.6,2,samfc10
5335,16677675,"Roman Mironov","2026-08-06 17:30:28",702.5,1,helloromiro
5336,16699699,rudykane,"2026-08-11 16:06:34",702.4,2,rudykane
5337,16657942,"Gokul Prasath","2026-08-04 23:38:18",702.1,2,beastgokul
5338,16896810,Xcution,"2026-09-16 18:23:35",702.1,2,gghhjjkk
5339,16621802,fgwiebfaoish,"2026-08-13 12:21:54",701.9,2,fgwiebfaoish
5340,16631016,木下陽平,"2026-08-06 14:52:20",701.8,2,yoheikaggle
5341,16734312,truebelief,"2026-09-09 00:11:41",701.7,2,truebelief
5342,16758905,"Iwa Iwa","2026-09-28 18:18:49",701.7,2,iwaiwa
5343,16666147,"Khalid Bin Hethlain","2026-09-15 20:43:36",701.6,2,khalidbinhethlain
5344,16866109,AAA-建材批发旭哥,"2026-09-12 03:44:40",701.6,2,aaawenxu
5345,16655353,"Pablo Montenegro","2026-08-09 02:13:47",701.4,2,pablomontalb
5346,16698538,"Haozhe Wang 2022","2026-08-24 00:50:02",701.1,2,haozhewang2022
5347,16669491,"Parakh Sharma","2026-08-06 10:59:33",701.0,2,parakh20
5348,16689084,Tam1m,"2026-08-29 09:56:39",700.9,2,booleanwolf
5349,16658717,"Aditya Kapadia","2026-08-06 14:32:16",700.8,2,adityakapadia2003
5350,16665561,LuoXingda,"2026-08-07 08:22:42",700.8,2,luoxingda
5351,16669400,"Martin Konôpka","2026-08-06 12:16:13",700.4,2,rumburakk
5352,16927400,HaY0801,"2026-09-28 15:53:02",700.3,2,hay0801
5353,16668039,NotEnoughTokens,"2026-08-06 13:04:52",700.1,2,"adofai,jonghyun7777,taglink"
5354,16667606,Manifolds1,"2026-08-06 16:36:46",700.1,2,ptrakuldit
5355,16692469,neoistheone,"2026-08-08 18:38:13",700.0,1,neoistheone
5356,16818086,wwewwt,"2026-09-08 05:44:07",699.7,2,wwewwt
5357,16666358,"GAYATHRI SALINI","2026-08-07 07:55:26",699.6,2,gayathrisalini09
5358,16690897,"Ashok Kumar Garain","2026-08-08 13:26:11",699.4,1,ashokkumargarain
5359,16894603,"Riyan Ahasan Araf","2026-09-16 02:11:59",699.1,2,riyanahasanaraf
5360,16682336,"Çınar Efe Yetişen (Student)","2026-08-19 08:29:20",699.0,2,narefeyetienstudent
5361,16670765,"tensor choko","2026-08-05 23:03:23",698.9,1,tensorchoko
5362,16656009,"Steven Liu","2026-08-31 06:25:02",698.8,2,thornkey
5363,16667091,"Nico Feiler","2026-08-07 14:27:47",698.8,2,nicofeiler
5364,16654486,alijs,"2026-08-06 14:27:22",698.6,2,alijs1
5365,16936773,"shahab shahsavar","2026-09-26 03:17:27",698.5,2,shahabshahsavar
5366,16635890,Poojan,"2026-08-06 09:44:47",698.4,2,poojankumartandel
5367,16802341,"Yousef Turk","2026-09-08 04:00:16",698.4,2,yousefturk
5368,16631665,"jatan sanghvi","2026-09-07 14:03:17",698.4,2,jatansanghvi
5369,16886420,infoproje,"2026-09-13 12:58:25",698.3,2,infoproje
5370,16936771,"Elvis Diniz","2026-09-22 10:49:26",698.3,2,elvisdiniz
5371,16624485,"Nishant Dahal","2026-08-10 02:24:42",698.2,2,nishantdahal
5372,16662712,"Roman Stupin","2026-08-27 23:52:01",698.1,2,rcnegby
5373,16656393,"Faris Abqari","2026-08-07 00:15:25",698.1,2,farisabqari11
5374,16732667,Doug,"2026-08-26 23:26:49",698.0,2,dougsgrott
5375,16659820,Accayo14,"2026-08-06 14:20:30",697.9,2,accayo14
5376,16639280,"Faruk Çiftler","2026-08-09 11:27:46",697.8,2,abdullahfaruk
5377,16665256,zhoujqi,"2026-08-06 18:31:31",697.7,2,zhoujqi
5378,16658684,"Takayuki Michishita","2026-09-13 11:00:03",697.7,2,takayukimichishita
5379,16802695,"Taras Sam","2026-09-07 17:36:00",697.6,2,tarassam
5380,16668329,HakimTaoufik,"2026-08-18 13:06:18",697.4,2,hakimtaoufik
5381,16935826,Ayush,"2026-09-27 10:52:22",697.3,2,"aniketchonu,ayush20081303"
5382,16675027,namanbnsl,"2026-08-06 13:02:52",697.1,2,namanbnsl
5383,16731990,Karl0106,"2026-09-18 08:35:18",697.1,2,karl0106
5384,16858849,"Mark Diamond","2026-09-13 22:11:38",697.0,2,ponkle
5385,16765310,"Aria Muse","2026-09-28 14:03:37",696.9,2,ariamuse
5386,16664291,"William Dennis","2026-08-11 07:57:27",696.9,2,williamdennis
5387,16675981,"Luca R","2026-09-27 21:43:13",696.8,2,luck058
5388,16662730,Operator-X,"2026-08-08 10:06:04",696.7,2,"jpexee,lavlinjaisonme23b250"
5389,16862705,karlmorg37,"2026-09-22 20:10:48",696.4,2,karlmorg37
5390,16745450,GusNicho,"2026-08-24 03:30:55",696.3,2,pineapplepencil
5391,16662592,"Vladislav Yushkevich","2026-08-09 14:54:24",695.9,2,"crazyflyingsheep,vladislavyushkevich"
5392,16644861,"kanzaler ensemble","2026-08-11 14:30:36",695.6,2,kanzalerensemble
5393,16656296,Fususu,"2026-09-05 04:32:44",695.6,2,phuongncn
5394,16663369,csteeve,"2026-09-26 18:25:26",695.5,2,csteeve
5395,16663178,Sm00thiecodes,"2026-08-07 11:00:29",695.0,2,sm00thiecodes
5396,16665431,"Monojit Nandy","2026-08-06 11:50:38",694.6,2,vedarthmn
5397,16758174,REBEL_K,"2026-08-27 18:30:45",694.6,2,rebelk
5398,16635612,Julian,"2026-09-27 07:55:19",694.6,2,mob404
5399,16642154,Burkina_team_mate,"2026-08-06 15:30:54",694.5,2,"belemkalilou,tedjosegregorybere"
5400,16664368,"Ujjwal Reddy","2026-08-10 19:43:26",693.9,2,ujjwalreddyks
5401,16639043,"saroj bono","2026-08-28 18:42:55",693.9,2,sarojbono197
5402,16684470,"Soumi Ghosh","2026-08-11 10:59:07",693.8,2,soumighosh911
5403,16943185,VarchaswaV,"2026-09-22 21:48:07",693.7,2,varchaswav
5404,16654209,"Nirav Mehta 1612","2026-08-10 15:41:47",693.5,2,niravmehta1612
5405,16665399,"Shivam Shrivastava","2026-08-13 15:32:37",693.4,2,shivamshrivastava180
5406,16667714,ZhexinJiang,"2026-08-06 11:26:30",693.2,1,zhexinjiang
5407,16875632,HexTex,"2026-09-12 04:34:49",693.1,2,hexlab
5408,16652900,cjen07,"2026-08-07 23:33:05",693.1,2,cjen07
5409,16676280,agniii,"2026-08-06 17:05:08",693.1,2,agniii
5410,16668668,"George Byne","2026-08-25 10:10:36",692.9,2,georgebyne
5411,16797134,Yooho0,"2026-09-07 16:25:05",692.6,2,yooho0
5412,16806251,"Seok Jun Kim","2026-09-08 07:51:16",692.6,2,sjk1225
5413,16857747,ru-shao,"2026-09-28 13:21:20",692.5,2,"shaoxw,souwaka"
5414,16796509,"Taha Alselwi","2026-09-27 19:52:40",692.3,2,tahaalselwii
5415,16658723,"Waleed Alkhateeb","2026-08-05 13:31:44",692.1,2,waleedalkhateeb
5416,16659565,Tekin24,"2026-08-13 21:25:21",692.0,2,tekin24
5417,16729564,"Eirik Tveiten","2026-08-19 13:04:02",691.9,2,eiriktveiten
5418,16645705,wataru420,"2026-09-28 16:02:34",691.2,2,wataru420
5419,16669542,Agzam,"2026-08-06 05:09:43",690.7,2,mazgag
5420,16718916,"ROBERT SSEBAMBULIDDE","2026-08-14 19:21:24",690.6,2,robertssebambulidde
5421,16659883,"Ahmad Hfdx5","2026-08-05 03:33:48",690.4,2,ahmadhfdx5
5422,16623798,RuiKimura4,"2026-08-27 00:30:45",690.0,2,ruikimura4
5423,16663407,Denis,"2026-08-11 17:42:21",689.9,2,matsiusheuski
5424,16764419,"Leo #2","2026-08-30 08:17:12",689.7,1,nanlihao
5425,16675203,HK,"2026-08-06 11:38:05",689.7,1,hizurukonishi
5426,16722341,"Pham Huu Bao Chung","2026-09-16 08:57:18",689.4,2,phamhuubaochung
5427,16666163,"Muthuraman Raman 7","2026-08-06 05:25:09",689.3,2,muthuramanraman7
5428,16656345,sunchang71,"2026-08-05 14:05:13",689.2,2,sunchang71
5429,16926064,"amit shulstein","2026-09-28 12:21:29",688.9,2,amitshulstein
5430,16653939,"Amr Yasser","2026-08-06 17:56:07",688.8,2,amryasswe
5431,16694399,"Sujith Kumar Sashikanth","2026-08-10 00:01:32",688.7,2,sujithsashi
5432,16677240,"Jeevan Malla","2026-08-07 07:37:46",688.6,2,jeevanmalla
5433,16713291,Lperalt,"2026-09-20 02:20:12",688.6,2,lucianobastidas
5434,16632426,Santhana,"2026-09-26 23:27:23",688.5,2,santhanalekshmic
5435,16717448,getalife();,"2026-09-20 08:55:13",688.4,2,"byteknight28,dhairyapandya24,rounakagrwl"
5436,16651613,"Devin Zhou","2026-08-05 02:27:36",688.3,2,devinzhou
5437,16678965,MrGS,"2026-08-09 01:18:09",688.2,2,gabrielsderhll
5438,16664300,"swajay nandanwade","2026-08-05 04:57:10",688.1,2,swajaynandanwade
5439,16677965,felipe9695,"2026-08-12 21:23:05",688.1,1,felipe9695
5440,16668357,"B.Pardha Manoj Reddy","2026-08-24 16:57:25",688.0,2,pardhamanojreddy
5441,16762722,"Bruno Romero García","2026-08-31 20:24:32",687.7,2,brunoromerogarca
5442,16659217,Dynamic_fire07,"2026-08-05 18:51:51",687.5,2,"dynamicfire07,tryingmybest123"
5443,16661410,tmxdlr,"2026-08-05 12:40:54",687.4,2,tmxdlr
5444,16643922,Konstantin03,"2026-09-07 17:03:30",687.4,2,konstantin03
5445,16623665,Giba,"2026-08-05 22:44:41",687.2,2,titericz
5446,16699080,"Karthikeya Thatipamula","2026-09-12 04:52:19",687.2,2,karthikeya18
5447,16682182,"himanshu chauhan2406","2026-09-26 11:54:31",687.1,2,himanshuchauhan2406
5448,16726025,"Yanrun Chen","2026-09-07 12:15:23",686.8,2,yrchen98
5449,16660939,"Quenux Studio","2026-09-03 17:07:26",686.8,2,dieguis1976
5450,16639330,"Dead Signal Works","2026-08-02 12:40:32",686.8,2,brooklynhalmstad
5451,16713463,"Dillen Perumal","2026-08-29 16:39:37",686.7,2,dxllen
5452,16654235,"Mwanza Wambua","2026-08-06 10:16:13",686.7,2,mwanzawambua
5453,16702796,Yavuz.YILMAZ,"2026-09-07 12:22:45",686.6,2,yvztpe
5454,16667101,SundharSteyn,"2026-09-23 16:27:30",686.3,2,sundharsteyn
5455,16635351,AAAMIKASA,"2026-09-28 18:21:11",686.0,2,aaamikasa
5456,16727696,Milkman,"2026-08-19 15:05:17",686.0,2,talhasahi
5457,16666900,sooflee,"2026-08-12 14:19:50",685.9,2,sooflee
5458,16650396,RaymondZhao0304,"2026-08-04 00:39:30",685.8,2,raymondzhao0304
5459,16671407,JBro13,"2026-08-07 02:29:02",685.7,2,jbro13
5460,16732048,jiangletian,"2026-09-27 07:42:41",685.7,2,jiangletian
5461,16652896,"R^2 negative","2026-08-04 23:14:38",685.6,2,rktqwe
5462,16790145,"Casper du Jardin Kejser","2026-09-04 09:12:34",685.5,2,casperdujardinkejser
5463,16656304,"Gururaj Athani","2026-09-12 02:26:55",685.4,2,gururajathani
5464,16744640,"Marcin Skalski","2026-09-01 18:25:08",685.3,2,marcinskalski
5465,16668995,"MD.Firoj Khondokar","2026-08-06 11:05:13",685.2,2,mdfirojkhondokar
5466,16930968,"Harvey Zheng","2026-09-24 04:34:49",685.1,2,harveyzheng07
5467,16807875,meghana,"2026-09-10 23:44:54",685.0,2,meghana284
5468,16677188,Nicooni,"2026-08-06 16:35:01",684.9,1,nicooni
5469,16670378,"Ari Carter","2026-08-08 23:18:02",684.7,2,aricarter
5470,16641326,IY,"2026-08-05 19:27:31",684.6,2,irotrader
5471,16658265,kraken,"2026-09-05 15:23:26",684.5,2,krn0209
5472,16654726,"James Mancillas","2026-08-07 15:46:12",684.1,2,jamesmancillas
5473,16635679,WUHAOZHE618,"2026-08-15 04:08:45",683.9,2,wuhaozhe618
5474,16658709,"Kaggler Albafica","2026-08-06 10:05:39",683.7,2,kaggleralan
5475,16848841,Spacejam,"2026-09-07 16:15:52",683.7,1,spacejam1221
5476,16772626,"Dr. Mikholae Hutchinson","2026-09-05 19:48:53",683.5,2,drmikholaehutchinson
5477,16655828,ack07,"2026-08-06 04:52:07",683.2,2,its07amit10
5478,16656171,ishu,"2026-08-04 03:27:45",683.1,2,ishhverma
5479,16659719,"Subha Prakash Pattnaik","2026-09-27 18:59:52",683.0,2,quantumwars
5480,16653855,"Klgv Klgv","2026-08-06 11:54:38",683.0,2,klgvklgv
5481,16721639,"Ankit Sain","2026-08-25 01:14:02",682.9,2,thisankitsain
5482,16664400,Boruiyang21,"2026-08-05 14:56:03",682.8,2,boruiyang21
5483,16636148,SanggeunParrk,"2026-08-05 04:04:32",682.6,2,sanggeunparrk
5484,16663591,"Joseph Franck","2026-08-25 10:07:56",682.5,2,josephfranck
5485,16657861,"Liao Zixu","2026-08-25 04:28:34",682.4,2,liaozixu
5486,16650018,EiMengLove,"2026-08-05 10:27:31",682.4,2,konicty
5487,16663052,gh,"2026-09-13 21:30:08",682.3,2,grzegorz
5488,16679155,jeziorop,"2026-08-06 20:34:53",682.3,1,jeziorop
5489,16656444,"christopher athans crow","2026-08-05 00:08:13",681.9,2,cchrisaa
5490,16742806,"Oğuz Karabulut","2026-09-11 07:47:41",681.9,2,ouzkarabulut
5491,16687135,"Kavya Bhandari","2026-08-22 17:20:43",681.9,2,kavyabhandari1998
5492,16712577,"nattapon nakakong","2026-09-22 02:49:39",681.8,2,nattaponnakakhong
5493,16744809,"Ruben Romero Fernández-Monge","2026-08-25 18:00:39",681.6,2,salieri7
5494,16666609,"visit palja.co","2026-08-15 03:34:49",681.5,2,sselrats
5495,16644390,"Manan Gupta","2026-08-05 17:08:32",681.3,2,obirdy
5496,16632446,"Abdul Wahab Khan","2026-08-06 04:53:37",681.2,1,abdulwahab2321
5497,16690889,"B A S E L #","2026-08-08 14:47:22",681.1,2,basselll
5498,16770454,"Nawaf Almutairi","2026-09-12 19:23:12",681.0,2,nawafbalmutairi
5499,16661229,Gena,"2026-08-04 15:18:42",680.9,2,gdonchyts
5500,16654743,"Jaume Batlle i Ferrer","2026-09-25 06:18:38",680.8,2,jaumebatlleiferrer
5501,16642207,"Nerijus Areska","2026-08-04 00:01:32",680.8,2,nerijusareska
5502,16625663,sota1111,"2026-09-03 01:43:41",680.5,2,sota1111
5503,16807575,Rf28,"2026-09-03 10:29:55",680.4,2,rehyyy
5504,16628727,dominyellow,"2026-08-04 11:44:21",680.3,2,dominyellow
5505,16797785,"Vivek Verma","2026-08-31 20:36:45",680.3,2,cosmicescape
5506,16655534,"Charles Mills","2026-08-06 16:40:27",680.2,2,charlesqmills
5507,16634752,"Praise the SHOVEL","2026-08-03 16:16:28",680.2,2,barnobarno
5508,16693164,nuggettttt,"2026-08-09 02:14:22",679.8,2,nuggettttt
5509,16655339,harmo-miu,"2026-08-23 05:57:37",679.5,2,harmomiu
5510,16765743,page0526,"2026-08-26 02:08:11",679.5,2,page0526
5511,16663273,"Mason Frias","2026-08-06 22:57:08",679.4,2,masonfrias
5512,16898029,"Leonid Kononenko","2026-09-18 04:47:05",679.4,1,"aleksandraavetisova,leonidkononenko"
5513,16879958,Sash.a,"2026-09-28 11:59:22",679.3,2,smashaza
5514,16657077,_LT_zyc,"2026-08-05 01:01:42",678.6,1,zyczyc
5515,16732022,Mosamosa,"2026-09-03 00:42:06",678.6,1,mosamosa
5516,16698045,"Vikhas S G","2026-09-07 06:12:25",678.6,2,vikhassg
5517,16786115,"Andy Phan","2026-09-07 01:10:28",678.6,2,andyphan
5518,16671622,"Isaac Diaz Lopez","2026-09-28 02:49:35",678.5,2,isaacdiazlopez
5519,16916213,"Arjun Hans","2026-09-18 02:13:40",678.4,2,arjunhans
5520,16652986,"Justin Kimlim","2026-08-26 03:12:37",678.3,2,justinkimlim
5521,16934428,shib,"2026-09-24 18:37:26",677.8,2,shibendum
5522,16711556,"Avvy Lavoienne","2026-08-18 04:44:16",677.8,2,avvylavoienne
5523,16655294,Mobzya,"2026-08-26 23:11:15",677.6,2,mobzya
5524,16666301,"James Felipe","2026-09-03 05:42:24",677.3,2,jamesfelipe
5525,16644221,"Guzha Panashe H","2026-08-22 15:34:41",677.3,2,guzhapanasheh
5526,16691310,"Ganesh ","2026-09-27 21:24:58",677.1,2,hotshot1798
5527,16667503,Yuzuki,"2026-08-05 12:19:45",676.9,1,yuzukiohya
5528,16846968,kfous,"2026-09-28 06:39:57",676.9,2,kfousekis
5529,16658569,"Danu A.","2026-08-05 13:12:09",676.6,2,eu1234
5530,16659761,cheng-han,"2026-08-06 08:16:10",676.6,2,neoshie
5531,16762634,"Clement Ling","2026-09-11 08:49:26",676.2,2,clementling
5532,16918433,"Mingkang He","2026-09-27 02:32:07",676.2,2,mingkanghe
5533,16667730,"Surya Vijjeswarapu","2026-09-03 18:49:07",676.0,2,suryavijjeswarapu
5534,16632686,strike,"2026-08-06 06:21:38",675.9,2,nicolia
5535,16757741,"Malte Bories","2026-08-25 20:08:35",675.8,2,maltebories
5536,16792155,abc,"2026-09-03 06:45:13",675.4,2,"datqg0,quangnguyn132"
5537,16622760,yunus_bayram_kagle,"2026-08-04 07:49:00",675.2,2,yunusbayramkagle
5538,16767453,IterumVici,"2026-09-06 19:28:10",675.1,2,iterumvici
5539,16729515,"Emmanuel Tolani","2026-08-29 15:03:36",674.9,2,emmanueltolani
5540,16825081,huohuaya,"2026-09-09 06:09:50",674.9,2,huohuaya
5541,16654419,kreiack,"2026-08-09 23:47:00",674.7,2,kreiack
5542,16700298,tmgf,"2026-09-27 14:53:36",674.7,2,tiagomgfernandes
5543,16881685,"Vladislav Mlechko","2026-09-12 16:41:48",674.6,1,vladislavmlechko
5544,16740633,zhangtingyu11,"2026-08-20 04:34:32",674.5,2,zhangtingyu11
5545,16667547,"miaoqing long","2026-08-06 03:31:43",674.5,2,miaoqinglong
5546,16849443,"Abhishek Kumar Gupta","2026-09-08 17:27:49",674.4,2,guptabhishekumar
5547,16669282,sky233,"2026-08-06 17:06:04",674.2,2,sky233
5548,16682353,"counter puncher","2026-09-16 13:38:14",674.1,2,ahmadabdoumalickdiop
5549,16662872,"Artem Garbart","2026-08-05 09:41:29",674.0,2,artyomgarbart
5550,16654081,"Aleksei Ponomarev","2026-08-06 00:43:57",674.0,2,alekseiponomarev
5551,16762021,Dhananjai1729,"2026-09-26 12:19:33",673.9,2,dhananjai1729
5552,16753826,"Jai Mata Di","2026-08-31 10:09:11",673.8,2,mrigshira
5553,16715255,"xiaocai liu","2026-09-13 19:19:43",673.8,2,xiaocailiu
5554,16709136,ryanocm,"2026-08-13 15:08:49",673.6,2,ryanong
5555,16919251,"Eric Fan","2026-09-19 19:04:44",673.5,2,ericfan1110
5556,16758383,"Tong Jing Yen","2026-09-03 20:42:50",673.3,2,tongjingyen
5557,16747163,"Sarthak Patel","2026-09-27 13:17:54",673.3,2,sarthakpatel2028
5558,16654491,"Amedeo Biolatti","2026-09-25 19:08:34",673.1,2,abiolatti
5559,16635159,Abdulsamad,"2026-08-06 11:48:04",673.0,2,abdulsamadjod1234
5560,16804027,ceir-ceir,"2026-09-03 19:11:09",672.9,2,ceirceir
5561,16690050,PersistentLife,"2026-08-08 17:16:17",672.7,2,persistentlife
5562,16663899,"Abdelrahman Aboegela","2026-08-05 13:54:26",672.3,2,abdelrahmanaboegela
5563,16655530,AlivRick,"2026-08-05 16:18:54",672.3,2,alivrick
5564,16734511,"Marcin Salaterski","2026-09-16 23:18:31",672.0,2,marcinsalaterski
5565,16666245,"Cagatay Morcicek","2026-08-13 06:53:40",671.8,2,thisismylabs
5566,16670304,"Daniel Tomaro1","2026-08-09 03:03:06",671.6,2,danieltomaro1
5567,16770724,Louras,"2026-08-26 09:49:05",671.6,2,louras
5568,16725147,"Salah Ibrahiemu","2026-09-28 03:36:08",671.5,2,salahibrahiemu
5569,16695555,S4K50M,"2026-08-12 14:39:41",671.4,2,setiasaksham
5570,16841816,JasonDTao,"2026-09-14 06:38:01",671.1,2,jasondtao
5571,16660819,nya654nya,"2026-09-14 08:30:21",670.8,2,nya654nya
5572,16734672,"Artom  Wade","2026-09-18 19:01:18",670.8,2,artomwade
5573,16839782,"mou chen111","2026-09-05 15:00:04",670.7,2,mouchen111
5574,16764081,"Demir Durbakayım","2026-08-29 21:21:56",670.7,2,sixcode
5575,16748741,"pt ptao","2026-08-26 12:50:45",670.6,2,ptptao
5576,16673682,MJ.LIU.T,"2026-08-06 08:14:05",670.6,1,mjliut
5577,16702509,KošičanSVK,"2026-08-17 18:04:22",670.5,2,ryanstoner
5578,16935335,"Joshua Attridge","2026-09-22 07:07:14",670.3,2,joshuaattridge
5579,16659045,Rai1,"2026-08-08 11:53:28",670.2,2,rai2003
5580,16676054,"Vladislav Konstantinov","2026-08-08 09:33:35",670.1,2,vladkonstantinov
5581,16700265,Reesav,"2026-08-10 14:15:06",669.9,2,reez08
5582,16807786,St　YS,"2026-09-27 16:52:23",669.9,2,yasunorisuzuki1182
5583,16661010,"Dante Dyches-Chandler","2026-08-05 04:36:09",669.9,2,dantedycheschandler
5584,16679861,Pandabueno,"2026-08-12 15:51:48",669.8,2,ronaldomonzn
5585,16658702,sherlockwatson007,"2026-09-28 16:50:09",669.7,2,sherlockwatson007
5586,16775353,"YK Pan","2026-09-14 11:19:52",669.5,2,vansher
5587,16724269,lava,"2026-09-25 13:51:26",669.4,2,fanxiaozhen
5588,16623389,"Mominul Islam Hemal","2026-08-02 11:23:03",669.4,2,mominulislamhemal
5589,16670099,"Jon Snyder","2026-08-06 00:27:21",669.2,2,snyderj1515
5590,16664170,SpookyHippo,"2026-08-06 02:44:29",669.2,2,spookyhippo
5591,16796145,Qian,"2026-09-01 15:04:00",669.0,2,"aurelianz,qianyuchaoni"
5592,16669227,"Tom Dufresne","2026-08-07 11:17:39",668.7,2,tadufre
5593,16659996,Schwifty,"2026-08-12 20:01:01",668.4,2,schwiftyc137
5594,16942806,rosefinch555,"2026-09-27 10:14:55",668.2,1,rosefinch555
5595,16653122,Wei_Chance,"2026-08-23 10:25:14",667.6,2,bystanderq
5596,16656420,"Aditya Raj #2","2026-08-18 16:37:49",667.6,2,optimus2005
5597,16664775,DoubleZs,"2026-08-06 02:55:02",667.5,2,zhang051018
5598,16683764,bf01,"2026-08-21 21:19:05",667.4,2,jalperov
5599,16766274,"Satwato Dey","2026-09-24 20:50:22",667.4,2,satwato
5600,16658384,UwU,"2026-08-10 04:20:44",667.3,2,claudesewitz
5601,16679144,つるげーねふ,"2026-09-25 05:59:08",667.1,2,atom7666
5602,16728345,ron,"2026-09-19 21:49:15",666.7,2,romart
5603,16639241,"Alissa King","2026-08-04 05:05:30",666.7,2,alissaking
5604,16659676,Light,"2026-08-05 03:07:39",666.7,2,aadarshashrestha007
5605,16625013,sash,"2026-08-05 01:00:10",666.6,2,sash2104
5606,16876275,"JOP OK","2026-09-18 18:09:43",666.6,2,fuveo24
5607,16672264,iiTz_AK,"2026-08-15 12:18:44",666.5,2,iitzak
5608,16775250,Junrong,"2026-08-30 00:00:13",666.2,2,fjhgjf
5609,16847548,"Abhinav Sai Podugu","2026-09-10 06:59:09",666.1,2,abhinavsaipodugu
5610,16735488,"arhaan rai","2026-09-01 19:18:46",665.9,2,arhaanrai
5611,16925283,"Carlos Gallego Menor","2026-09-19 19:19:37",665.8,2,carlosgallegomenor
5612,16819277,"Enshi Zhang","2026-09-05 16:26:29",665.6,2,enshizhang31
5613,16823948,"Alexey Stepanov","2026-09-04 21:57:25",665.5,2,alexey0508
5614,16658264,XiweiZhou,"2026-09-06 23:35:58",665.5,2,xiweizhou
5615,16807281,sansh0u0,"2026-09-27 15:50:16",665.4,2,sansh0u0
5616,16667205,"Andrew Lee","2026-08-06 11:16:52",665.1,1,andrewlee23023
5617,16658571,"Yusuke Sato","2026-08-27 03:06:42",664.6,2,wanko123
5618,16655493,TheDigitalCK,"2026-08-07 12:31:58",664.5,2,thedigitalck
5619,16662904,Bharathms1902,"2026-08-08 11:41:54",664.5,2,bharathms1902
5620,16656709,"Anh-Vu Mai-Nguyen","2026-09-21 21:06:46",664.3,2,mainguyenanhvu
5621,16656170,"Chakrabhuana V  Deva","2026-08-05 06:54:50",664.1,2,chakrabhuanavdeva
5622,16624600,ariacat,"2026-08-06 07:16:44",664.1,2,ariacat
5623,16929792,"Ganesh K","2026-09-22 19:25:02",664.1,2,ganeshk2846
5624,16631261,Monster,"2026-08-04 15:46:32",663.9,2,tmtngtrng
5625,16658852,"Chhaya Awasthi","2026-08-04 09:37:05",663.8,2,chhayaawasthi
5626,16876448,"Max Harvestappen","2026-09-23 05:18:56",663.8,2,ryosukefujita
5627,16630760,dkzmn,"2026-09-04 08:59:03",663.5,2,dmkzmn
5628,16866097,"Pradeep Kumar Mahato","2026-09-16 14:21:29",663.5,2,pradeepkr12
5629,16637519,Temprao,"2026-08-03 12:16:43",663.3,1,maruimono928
5630,16623448,HoJoonYun,"2026-08-09 13:43:43",663.3,2,hojoonyun
5631,16654271,"Sophie and Yanna","2026-08-19 17:08:47",663.2,2,"morty3500,sophanie"
5632,16916625,"Dhoni Theja007","2026-09-28 06:30:47",663.2,2,dhonitheja007
5633,16665293,"ADITYA BEECHA","2026-08-10 05:16:38",663.2,2,bechaaditya
5634,16738239,"Yaseen Shah7897","2026-09-08 05:57:15",663.0,2,yaseenshah7897
5635,16770912,IsonaEi,"2026-08-26 12:48:48",662.8,1,isonaei
5636,16655588,"The Devil's World 678","2026-08-07 10:39:23",662.7,2,thedevilsworld678
5637,16664565,"Wayne Chou","2026-08-05 12:30:14",662.4,2,ambientz
5638,16623236,"Yonatan Nemtsov","2026-08-06 00:28:01",662.3,2,yonatannemtsov
5639,16663096,Agola_dasacic,"2026-08-04 20:07:50",661.8,2,mnu303
5640,16664221,Anish,"2026-08-14 00:53:48",661.7,2,anishmunje
5641,16658562,mashBrian254,"2026-08-04 10:48:33",661.6,2,mash1990
5642,16644185,"Mimic Mohsin","2026-08-02 18:38:46",661.4,1,mimicmohsin
5643,16669052,"Md. Asif Hossain","2026-09-18 05:29:41",661.4,2,sabuktagin
5644,16794125,"Xero Scythe","2026-09-02 18:57:39",661.2,2,xeroscythe
5645,16764445,sukesuke012,"2026-09-03 01:40:16",661.1,2,sukesuke012
5646,16845284,KD0G22,"2026-09-07 20:07:47",661.1,2,kd0g22
5647,16632055,Bugra0,"2026-08-03 22:44:42",660.9,2,bugra0
5648,16688884,"As Wasti","2026-08-14 01:34:26",660.8,2,aswasti
5649,16621557,"Vijay Krishna Lanka","2026-09-27 05:51:08",660.8,2,vijaykrishnalanka
5650,16632250,"Mesut Gözdemir","2026-08-05 17:54:14",660.8,2,gfkfu123
5651,16717483,Caerno,"2026-09-28 04:18:28",660.7,2,caerno
5652,16706993,Celibistrial,"2026-09-03 20:28:20",660.7,2,celibistrial
5653,16633808,mmath2,"2026-08-07 10:52:38",660.6,2,mmath2
5654,16652560,"Ahmed Samir","2026-08-03 12:15:01",660.5,2,ahmedsamir1598
5655,16623969,"Akira Imae","2026-09-21 07:19:19",660.4,2,imaeakira
5656,16656308,"Srishanth Sriramula","2026-08-08 09:02:13",660.2,2,srishanthsriramula
5657,16640811,cyberia,"2026-08-02 09:12:23",660.2,1,cyberia
5658,16923258,nono00,"2026-09-20 16:43:09",660.1,2,nono00
5659,16668633,peien5,"2026-08-06 14:44:47",660.1,2,peien5
5660,16914081,"Ashmit Janjirkar","2026-09-25 07:33:21",660.1,2,ashmitjanjirkar
5661,16693903,"Alief Randiansyah","2026-08-09 09:37:39",659.9,1,"aliefrandiansyah,salsaaghnia"
5662,16884148,mengxc410,"2026-09-28 14:41:10",659.8,2,mengxc410
5663,16657817,"rohith sai midigudla","2026-08-05 12:36:40",659.5,2,rohithsaimidigudla
5664,16835371,"Eli Ziv","2026-09-06 00:11:52",659.4,2,eliziv027
5665,16660376,"Ahmed Sedky 0100","2026-08-06 20:56:37",659.3,1,ahmedsedky0100
5666,16644415,Ztrk,"2026-09-03 17:04:24",659.2,2,ztrk123
5667,16632694,8ct10nz,"2026-08-04 12:02:49",659.0,2,act10nz
5668,16627023,Farrmer,"2026-08-05 08:02:35",658.8,2,noahfarr
5669,16659033,"Farzana Shaju","2026-08-05 07:18:29",658.7,2,"farzanashaju,shaikhharisjamal"
5670,16659435,Zerabyte_X,"2026-08-04 09:52:16",658.6,1,zerabytex
5671,16678250,"RMS Danaraj","2026-09-08 19:52:43",658.5,2,salorajan
5672,16644456,"Agbe Eko","2026-09-27 23:23:08",658.5,2,timmecom
5673,16644882,"SAMOILOV MIKHAIL","2026-08-03 02:10:04",658.4,1,samoilovmikhail
5674,16660824,"Stitch Clarity","2026-08-04 15:27:53",658.4,2,stevenanctil
5675,16691938,"PRASHANT SUTHAR11","2026-09-25 12:12:57",658.3,2,prashantsuthar11
5676,16738506,"Rok Sechs","2026-09-16 21:43:58",658.1,2,rokshimiz
5677,16652339,"Mohamed Amine Rebhi","2026-08-03 16:03:07",658.1,2,mohamedaminerebhi
5678,16664819,"SUBHASRI  S","2026-09-20 04:45:35",658.0,2,subhasri2007
5679,16637797,"Xiangchen Li","2026-08-04 09:47:59",657.7,2,xiangchenli07
5680,16621709,smlcr,"2026-08-04 19:35:19",657.4,2,simulacri
5681,16653958,seowoohyeon,"2026-08-06 11:48:06",657.1,2,seowoohyeon
5682,16655712,"Smart Manoj","2026-08-04 01:55:13",656.9,2,smartmanoj
5683,16716522,"Lavanya Bacche","2026-08-17 08:43:40",656.9,1,lavanyabacche
5684,16640877,Yorix.um,"2026-08-02 13:31:28",656.8,1,yorixum
5685,16670424,"Josep Audenis","2026-08-11 17:52:07",656.8,2,josepaudenis
5686,16658334,"Roy Wei","2026-09-28 05:51:59",656.7,2,renyiwei
5687,16846490,MazharShaikh,"2026-09-12 04:53:27",656.6,2,mazharshaikh
5688,16680239,"Marinto Richee J","2026-08-12 08:21:02",656.5,2,marintoricheej
5689,16637489,"Gopal Krishna Gundumalla","2026-08-02 12:39:17",656.4,2,gopalkrishnag
5690,16656503,"Thiago Munhoz da Nóbrega","2026-08-04 20:47:37",656.3,2,thiagommtmn
5691,16661670,sansm1,"2026-08-04 16:54:59",656.2,2,sansm1
5692,16661532,"Fedor Baart","2026-08-05 12:34:21",656.0,1,fedorbaart
5693,16846320,"hao zhang","2026-09-28 09:23:29",655.9,2,zhanghao913
5694,16665764,"izh yng","2026-08-21 06:16:21",655.4,2,izhyng
5695,16644774,lungjyuanz,"2026-08-07 01:03:20",655.3,2,lungjyuanz
5696,16655603,"Veeranuch Leelalai","2026-08-11 12:55:29",655.1,2,veeranuchleelalai
5697,16641141,"Yuri Barbashov","2026-09-28 10:40:58",655.1,2,yuribarbashov
5698,16650701,"Oliver Wang","2026-08-03 16:17:36",655.0,2,oliverwang15
5699,16784599,"Engineer Lisa","2026-09-28 03:39:57",654.4,2,lisamhines
5700,16655187,cmxu,"2026-08-05 05:31:07",654.4,2,cmxu77
5701,16875907,"Yash Mathur","2026-09-18 16:13:00",654.1,2,yashmathur03102001
5702,16739551,arao,"2026-08-28 21:24:55",654.0,2,anjanarao
5703,16660470,"Oğuz Kaan Mavice","2026-08-28 09:39:58",654.0,2,oguzkaanmavice
5704,16664249,"Rohan Jain","2026-08-17 20:26:14",654.0,2,rohanjain2312
5705,16654153,"Mateus Cruz, Msc.","2026-08-03 17:44:02",653.9,1,matteuscruz
5706,16661376,"YERMES AMINE","2026-08-04 14:13:45",653.8,1,yermes
5707,16659874,"ding yumeng","2026-08-26 11:59:06",653.6,2,dingyumeng
5708,16703203,"Hamza Shafik ","2026-08-17 23:48:06",653.5,2,hamzashafik12
5709,16660853,"lxh unbound","2026-08-05 00:02:02",653.3,2,lxhunbound
5710,16758889,bomboclat,"2026-08-30 08:52:08",653.2,2,sstprk
5711,16665994,Rakhansyah,"2026-08-25 13:08:20",653.1,2,rakhansyah
5712,16662375,"Yunusa Hussein Adeiza","2026-08-14 22:12:49",653.1,2,yunusahusseinadeiza
5713,16872090,DanielAarhus,"2026-09-17 07:10:37",652.7,1,danielaarhus
5714,16622940,"Enrico Ambrosio","2026-08-06 19:56:30",652.5,2,enricoambrosio
5715,16633083,bsenst,"2026-08-07 12:38:47",652.5,2,bnzn261029
5716,16850098,"Bob Gerry","2026-09-09 05:35:31",652.5,2,bobgerry
5717,16654705,"Abu Saleh","2026-09-09 17:01:47",652.3,2,salehjunior
5718,16715399,"Julia Chien","2026-09-05 08:21:06",652.1,2,juliachien
5719,16672672,Koiiiiiopen,"2026-08-08 06:25:21",651.8,2,koiiiiiopen
5720,16661685,"Lê Ngọc Lâm","2026-08-13 15:29:40",651.1,2,lengoclam
5721,16655396,Tesla1AC,"2026-08-08 08:18:09",650.5,2,mathornton
5722,16718579,"Nazariy Karpov","2026-08-18 07:28:29",650.4,2,nazariykarpov
5723,16714166,"Naman Malik","2026-09-28 14:30:32",650.3,2,"adenijielijah,anapau11,marydata,namanmalik81714"
5724,16763865,SydneyC666,"2026-08-26 08:50:40",650.0,2,sydneyc666
5725,16678666,"Rudranarayan Pradhan","2026-08-09 12:28:32",649.8,2,itzrnp
5726,16670365,"Konstantin Alekseev","2026-08-10 10:58:09",649.8,2,alekskst
5727,16632536,"Aleksander Sachuk","2026-08-02 21:33:27",649.7,2,alexsssachuk
5728,16805598,"I'm just trying out here QQ","2026-09-02 22:31:17",649.7,2,zadatt
5729,16934906,"sou yamaguchi","2026-09-21 09:59:04",649.6,2,souyamaguchi
5730,16815488,"crothety liu","2026-09-05 06:27:35",649.4,2,crothetyliu
5731,16923772,"Aidan Edward Lawson","2026-09-21 05:55:34",649.3,2,modalpathethics
5732,16658616,"Amitesh Chaudhary","2026-08-11 10:04:02",649.1,2,amiteshchaudhary
5733,16941830,"Yasin Baykal","2026-09-23 09:27:10",649.0,2,godmethium
5734,16798334,"Gabriel othávio","2026-09-02 22:08:55",649.0,2,gabrielothvio
5735,16663099,"Md. Abdullah Al Mamun","2026-08-05 02:16:43",648.7,2,mamun18
5736,16622015,"Ioannis M","2026-08-06 08:12:21",648.6,2,imeintanis
5737,16664439,"Tony T","2026-09-10 12:16:04",648.6,2,thekke
5738,16709800,nubx,"2026-08-20 17:12:04",648.3,2,manrajjitsidhu
5739,16651180,yangyefd,"2026-08-03 08:42:57",648.2,1,yangyefd
5740,16656379,"Jay Gautam","2026-08-12 12:19:40",647.9,2,jaygautam007
5741,16730180,zshandy,"2026-09-08 04:57:54",647.8,2,zshandy
5742,16760087,Slizzle,"2026-08-30 04:37:40",647.6,2,sloan98
5743,16655596,Bela,"2026-08-04 01:18:06",647.5,1,istribaik
5744,16770972,"Victoria Makarskaia","2026-08-27 12:28:53",646.8,2,victoriamakarskaia
5745,16657294,"Ragul M","2026-08-04 07:08:51",646.8,2,ragul7002
5746,16916717,Rubén,"2026-09-18 18:44:49",646.5,2,rucamaba
5747,16730199,kawanot,"2026-08-24 09:15:18",646.5,2,kawano
5748,16634022,"Cihan Atak","2026-08-02 16:00:43",646.3,2,cihanatak
5749,16755398,takataok_42,"2026-09-28 13:42:33",646.2,2,takataok42
5750,16667516,Rosastella,"2026-08-05 16:00:48",646.1,2,rosastella
5751,16634213,kkunizaw,"2026-08-03 20:47:58",646.0,2,kkunizaw
5752,16669164,コノウイ,"2026-09-23 16:51:48",645.6,2,nickhu0414
5753,16774787,wpk1122,"2026-08-29 01:54:49",645.6,2,wpk1122
5754,16641489,suminshim,"2026-08-03 06:24:39",645.5,2,suminshim
5755,16636105,"Md. Mehedi Hasan","2026-08-01 14:03:03",645.2,2,mehedi052
5756,16663187,"Teddy McBride","2026-08-07 03:59:53",645.2,2,tedcr100
5757,16652984,hxaxd,"2026-08-05 15:09:49",645.0,2,hxaxdcs
5758,16898276,SergioMoras,"2026-09-18 10:49:37",644.6,2,sergiomoras
5759,16658261,"Manan Khanna","2026-08-04 07:41:27",644.6,1,manankhanna0
5760,16804094,faheem,"2026-09-22 15:33:10",644.4,2,faheemkhaskheli9
5761,16641068,"Rahul Ray","2026-08-05 14:27:07",644.2,2,rahulray5
5762,16861102,walnut11,"2026-09-27 23:49:32",644.0,2,walnut11
5763,16716089,wuzixiao,"2026-09-08 03:36:02",643.5,2,wuzixiao
5764,16658252,"Krishnan CS","2026-08-20 05:28:14",643.4,2,krishnanchathadi
5765,16661585,"Fully Liquidated","2026-09-01 01:57:16",643.3,2,kriskilgroe
5766,16654006,"Harish Dhanarajan","2026-08-03 17:23:50",642.5,1,harishdhanarajan
5767,16717414,"Akshit Sivaraman","2026-08-13 14:43:40",642.5,2,akshitsivaraman
5768,16635680,starclan,"2026-08-14 17:50:55",642.5,2,starclan
5769,16666784,"Michał Łapiński","2026-09-28 12:16:36",642.1,2,michaapiski
5770,16626217,"Stanislav Chistyakov","2026-08-05 18:52:47",641.9,2,chistyakov
5771,16639719,JASONSLIMWONG,"2026-08-02 08:11:22",641.8,2,jasonslimwong
5772,16661353,mithi,"2026-08-11 20:04:07",641.8,2,singhaleo
5773,16659749,"Kavsik YVS","2026-08-22 19:30:45",641.8,2,kavsiku0512
5774,16658048,"Joel jaison 391","2026-08-05 02:31:57",641.5,2,joeljaison391
5775,16657419,"Saivedant Hava","2026-08-05 06:36:39",640.9,2,saivedanthava
5776,16663444,Thomas,"2026-08-11 04:21:42",640.5,2,tartieret
5777,16623555,yindujuxi,"2026-08-01 10:11:35",640.3,2,yindujuxi123
5778,16664653,Adir,"2026-08-26 00:49:46",640.1,2,adiradam
5779,16639567,YassY_The_AlchemYst,"2026-08-11 15:07:03",639.9,2,yassineelhallaoui
5780,16634876,MakiMakiAi,"2026-08-02 07:52:40",639.7,2,makimakiai
5781,16949731,"Engel Ai Labs","2026-09-24 00:56:37",639.7,2,joshuaziese
5782,16622312,"Malak Reda","2026-08-03 09:02:41",639.6,2,malak457
5783,16798401,"Hunter Mimaroglu","2026-09-02 22:00:37",639.5,2,huntermimaroglu
5784,16863492,"Andrew Kalita","2026-09-10 03:32:25",639.5,2,andrewkalita
5785,16639471,CaminoLSY,"2026-08-05 01:22:09",639.2,2,lsy37521
5786,16772394,TNWL,"2026-09-27 07:43:54",639.2,2,vuminh
5787,16665301,EricYang03,"2026-08-13 15:49:11",638.8,2,ericyang03
5788,16623732,A.S.TENSHU,"2026-08-17 16:25:35",638.4,2,kirvk013
5789,16762719,"Ahmet Bilginoglu","2026-09-02 20:34:49",638.4,2,ahmetbilginoglu
5790,16654946,AliLucky,"2026-08-05 15:07:59",637.9,2,alilucky
5791,16759162,sgsuh,"2026-09-23 14:41:49",637.7,2,seukgyo
5792,16640461,"Shigeru Kondou","2026-09-17 19:12:22",637.6,2,shigerukondou
5793,16945354,"Aakriti Rao","2026-09-23 06:57:11",637.5,2,aakriti0110
5794,16639473,"Jeff Borschowa","2026-08-02 00:39:11",637.5,2,jeffborschowa
5795,16678044,BJFC,"2026-09-20 16:07:06",637.0,2,"harshithharithsa,svsumanth"
5796,16652334,"Aldibek [dsmlkz]","2026-08-27 19:33:18",636.7,2,aldibek
5797,16726617,"Chase Lebarv","2026-08-19 01:07:58",636.6,2,chaselebarv
5798,16855147,Kao0207,"2026-09-12 12:32:12",636.6,2,kao0207
5799,16646360,"Asrith Singampalli","2026-08-03 08:46:59",636.4,2,asrithsingampalli
5800,16677752,"Senya Ka","2026-08-08 19:16:00",636.2,2,m1greatcool
5801,16774682,"Tatsuhito Yoshikawa","2026-09-04 02:14:45",636.2,2,tatsuhitoyoshikawa
5802,16883264,"João Felipe Aguiar","2026-09-13 15:32:14",636.1,2,joofelipeaguiar
5803,16708189,Facouse,"2026-08-11 16:09:17",636.0,2,facouse
5804,16714894,"Mitsuaki Inoue","2026-09-28 09:33:01",635.8,2,mitsuakiinoue
5805,16809515,"Александр Трифонов","2026-09-12 20:13:15",635.7,2,cybrvibe
5806,16688868,AlbanMaurel7,"2026-08-14 01:34:07",635.6,2,albanmaurel7
5807,16670842,Cole,"2026-08-15 19:50:43",635.6,2,colechristensen
5808,16809371,"Aashir Noman","2026-09-18 10:03:45",635.5,2,aashirnoman
5809,16688429,"Omrani Rabah","2026-08-11 22:19:21",635.4,2,omranirabah
5810,16775210,"Daniel LPD","2026-09-10 14:44:52",635.3,2,daniellpd
5811,16881370,"xianhao Lin6077","2026-09-15 12:39:40",635.2,2,xianhaolin6077
5812,16718039,Uman_n3l,"2026-08-31 14:40:32",635.2,2,umann3l
5813,16655217,"Jiawei Zhao","2026-09-26 21:57:57",635.1,2,c789a123
5814,16668361,NinhNguyen,"2026-09-12 12:55:39",634.8,2,ninhnt110695
5815,16643692,Samsay24,"2026-08-02 17:22:45",634.5,1,samsay23
5816,16663515,HamsterSashka,"2026-08-20 14:40:55",634.3,2,hamstersashka
5817,16644566,"Guangjian Dong","2026-08-02 23:59:18",634.2,1,guangjiandong
5818,16708369,JairSanchez151270,"2026-08-11 16:30:55",634.1,2,jairsanchez151270
5819,16637340,the_vinci_coder,"2026-08-03 16:27:16",633.5,2,lokijt
5820,16728204,Meshwa,"2026-09-04 11:17:12",633.5,2,meshwapatel4287
5821,16659125,"Meet Parekh","2026-08-19 10:31:09",633.4,2,meetparekh1
5822,16663933,AnshV1,"2026-08-06 03:03:35",633.3,2,anshv1
5823,16793626,"KO LIH HAN","2026-09-11 01:29:18",633.2,2,kolihhan
5824,16691481,"Aditi Salvi","2026-08-18 15:24:53",633.1,2,aditisalvi04
5825,16659174,Soulwood,"2026-09-06 04:56:32",633.1,2,soulwood
5826,16707034,"Muhammed Ali Kul","2026-09-15 14:52:53",632.8,2,muhammedalikul
5827,16635848,KartoplyanePure,"2026-08-31 20:43:34",632.8,2,"danylotovp,wizardmp"
5828,16888646,tinaztepec,"2026-09-19 16:21:38",632.6,2,tinaztepec
5829,16675475,"Andrey Aristov","2026-08-10 22:02:24",632.6,2,andreyaristov
5830,16692954,"Adam Nhan","2026-08-16 19:10:48",632.3,2,asnhan
5831,16682908,"Masha Mashallah","2026-09-12 09:32:09",631.6,2,mashamashallah
5832,16692750,"Hoya need job","2026-09-27 18:30:34",631.5,2,pranavwankhade
5833,16925442,"Stef Sempels","2026-09-22 08:29:38",631.2,2,stefsempels
5834,16668021,"bali rasem","2026-08-07 16:15:13",631.0,2,balirasem
5835,16632571,"nishchal jain","2026-08-03 07:27:14",631.0,2,nishchaljainds
5836,16755568,KHuShIMaHajan,"2026-08-21 18:55:05",631.0,2,bymista4578
5837,16734321,SubratP85,"2026-08-25 21:03:35",630.8,2,subratp85
5838,16733131,Rad,"2026-09-23 09:12:43",630.1,2,vnt174
5839,16639973,akky,"2026-08-03 15:39:41",630.0,2,tellxxx
5840,16667058,"Lê Quốc Duy","2026-08-08 01:03:08",630.0,2,lqucduy
5841,16639810,gytdrop,"2026-08-14 12:47:28",629.8,2,"kartikeyrajbhar,shaikaktharali"
5842,16736314,"wuret henr","2026-08-20 09:10:48",629.7,2,wurethenr
5843,16840735,"Heavy Drivers 2.0","2026-09-16 22:40:25",629.6,2,"cranjuice,pgggggggggggg,sudhanvaed25b055"
5844,16662633,"Shekhar Suman","2026-08-15 19:17:49",629.5,2,shekharvc
5845,16884517,"Fizie Fulumaka","2026-09-14 07:46:31",629.3,2,fiziefulumaka
5846,16634036,"Emanuel Lázaro","2026-08-02 14:55:30",629.3,2,emanuellcs
5847,16716300,"Julian Kerignard","2026-09-07 10:12:31",629.0,2,juliankerignard
5848,16657332,"Amit Malakar","2026-09-28 15:25:02",628.8,2,amitmalakarjoy
5849,16924892,"cheng chen","2026-09-26 02:32:48",628.8,2,icebruce
5850,16725150,"Nicolae Drabcinski","2026-09-01 11:45:51",628.6,2,nickdrabcinski
5851,16912690,"Tegh Bindra","2026-09-20 04:55:09",628.5,2,teghbindra
5852,16728069,Taisei7,"2026-09-09 06:27:49",628.5,2,taisei7
5853,16672035,diet1236364,"2026-08-09 23:37:45",628.2,2,kosuke123
5854,16675452,Vladislav,"2026-08-12 13:58:35",628.2,2,simmeringoverstep
5855,16718202,"Abhi Kumar Agrawal","2026-08-18 09:52:24",628.2,2,abhikumaragrawal
5856,16635049,rooklift,"2026-08-16 06:27:36",627.8,2,rooklift
5857,16663659,"Omer Rehman","2026-09-02 11:05:02",627.7,2,omerrehman97
5858,16759229,"Samuel Kurabachew","2026-08-28 22:17:20",627.6,2,samuelkurabachew
5859,16822111,hikarimaru,"2026-09-10 14:07:36",627.3,2,hikarimaru
5860,16698596,ymok,"2026-09-12 02:00:52",627.1,2,iromao
5861,16671980,601918_กิตติพงศ์,"2026-08-08 08:28:12",627.1,2,bluexg5502
5862,16661467,sh_sub97,"2026-08-12 15:20:25",627.0,2,shsub97
5863,16849153,"Zackary Loevseth","2026-09-08 06:14:48",626.9,2,zackaryloevseth
5864,16669330,"Panagiotis Charalabopoulos","2026-08-26 18:49:46",626.6,2,panagiotischaral
5865,16799014,"Vaibhav singh kaira","2026-09-12 04:49:54",626.3,2,vaibhavsinghkaira
5866,16658050,"changwei shi","2026-08-18 02:45:47",626.0,2,changweishi
5867,16662050,HandsOffMyBigMelons,"2026-08-13 22:00:12",625.7,2,scrattle
5868,16654193,fvong,"2026-09-04 07:15:22",625.5,2,fvong35963
5869,16802675,manishcs076,"2026-09-16 21:13:06",625.3,2,manishcs076
5870,16947217,"Chikkam Sandeep Munna","2026-09-25 20:26:45",625.2,2,chikkamsandeepmunna
5871,16882072,"Ahmed Isa Zaweel","2026-09-13 09:57:29",624.9,2,ahmedisazaweel
5872,16658618,"philip georgiev","2026-09-28 17:43:08",624.8,2,philipgeorgiev
5873,16675997,"Rintaro Moriwaki","2026-09-16 16:03:10",624.8,2,rintaromoriwaki
5874,16844092,Johana01,"2026-09-15 08:10:42",624.8,2,johana01
5875,16659444,"ANKIT AGARWAL","2026-09-27 17:29:55",624.5,2,ankwall223
5876,16881453,"fahim magsi","2026-09-13 15:18:43",624.3,2,fahimmagsi
5877,16770154,Florian,"2026-09-11 07:52:00",624.2,2,ftusek
5878,16672687,Liz,"2026-09-25 23:08:33",624.1,2,lizgarcia3
5879,16674543,"Sujal Agarwal2301","2026-08-09 13:37:43",623.9,2,sujalagarwal2301
5880,16654579,"anagha kv","2026-09-23 06:30:22",623.7,1,anaghakv6801
5881,16891184,rbjp557,"2026-09-24 10:35:20",623.7,2,rbjp557
5882,16894008,"Marcus Jamieson","2026-09-25 10:34:42",623.7,2,marcusjamieson
5883,16665816,Vikas1306,"2026-08-10 05:53:19",623.6,2,vikas1306
5884,16923101,Kimodii,"2026-09-20 05:30:33",623.6,2,kimodii
5885,16660548,"Viraj Bakshi","2026-08-08 18:50:11",623.5,2,virajbakshi
5886,16724522,"stathis maurog","2026-08-26 07:01:48",623.4,2,stathismaurog
5887,16692569,"Mark Kirwan","2026-08-26 08:05:16",623.2,2,markkirwan1990
5888,16667874,Vidushiii,"2026-08-10 12:25:42",623.0,2,vidushianand09
5889,16702932,kyconf,"2026-09-12 14:10:46",622.9,2,kyconf
5890,16818110,Kactus,"2026-09-16 00:15:43",622.9,2,kactus
5891,16854339,"ML Underdogs","2026-09-22 06:19:48",622.8,2,mdjubairhasan
5892,16688929,"Kangqiao LIU","2026-08-18 07:44:55",622.4,2,kangqiaoliu
5893,16675661,June_mk,"2026-09-06 00:08:47",622.4,2,jungoto
5894,16654855,"Pedro Rezende Gomes","2026-08-06 00:41:30",621.9,2,pedrorzgomes
5895,16669466,"vuppuluri sriramsubhash","2026-08-06 08:42:50",621.8,2,vuppulurisriram
5896,16750864,Ymori,"2026-09-27 03:41:35",621.8,2,yasunorim
5897,16623645,"ayutin tin","2026-08-14 07:48:31",621.7,2,ayutintin
5898,16678246,"Mark Holloway","2026-09-05 22:23:35",621.7,2,markholloway
5899,16663356,Farm-ops,"2026-08-06 23:27:37",621.4,2,"dakotavannauker,tsho01"
5900,16944040,guarva,"2026-09-25 10:27:00",621.4,2,guarva
5901,16758298,"Jack p","2026-08-30 07:36:22",621.1,2,jtv199
5902,16734712,"Jamshid Ganiev","2026-08-19 06:03:31",621.0,2,jamshidganiev
5903,16784960,i-yuki23,"2026-08-30 01:13:11",621.0,2,iyuki23
5904,16687808,GorillaGhost,"2026-08-13 23:23:10",621.0,2,gorillaghost
5905,16668923,"duy tran","2026-08-10 18:38:49",620.8,2,duytran23
5906,16749524,zzholo,"2026-09-06 00:16:17",620.7,1,zzholo
5907,16939742,"Shivang Modi","2026-09-28 17:29:13",620.5,2,shivang22
5908,16724747,"Md.Mahfujul Karim","2026-09-28 05:03:39",620.4,2,mdmahfujulkarim
5909,16927491,Adilkhan1275,"2026-09-28 08:41:52",620.3,2,adilkhan1275
5910,16713877,FunnyBishop,"2026-08-16 03:19:24",620.2,2,funnybishop
5911,16636725,shichi,"2026-08-11 12:47:35",620.1,2,shichi
5912,16665654,"Anurag H H","2026-09-10 15:05:26",619.9,2,anur4ghh
5913,16656072,Vespidae,"2026-08-14 03:30:03",619.8,2,ianapis
5914,16664149,"Bushel Seed","2026-08-12 17:10:56",619.7,2,"dmyung,nicholasmschwartz"
5915,16694269,Aftxb,"2026-08-11 14:58:08",619.6,2,aftxb07
5916,16656167,"Minh Quang Do","2026-09-11 04:05:53",619.6,2,mrfreddy0209
5917,16747914,"Token's Expired","2026-08-22 16:25:39",619.4,2,"adeebshekh,akratisingh0101,shaankapoor21"
5918,16822523,bvgr,"2026-09-15 19:17:50",618.8,2,vbeeram
5919,16697844,Noobykiller16,"2026-08-15 06:08:27",618.5,2,noobykiller16
5920,16633923,JackyFan123,"2026-08-01 15:22:04",618.5,2,jackyfan123
5921,16756176,"Unsh Rawal","2026-09-06 20:29:16",618.3,2,unshrawal
5922,16677514,mayoristaNLP,"2026-08-09 16:33:23",618.3,2,mayoristanlp
5923,16667762,KucingGanteng,"2026-09-12 20:04:37",618.3,2,dhiyaussalam
5924,16668868,tawashi,"2026-08-13 06:51:45",617.9,2,tawashi
5925,16666391,"Harshpreet Singh","2026-08-06 10:32:51",617.9,2,harshpreet931
5926,16882001,"Satyam Pote","2026-09-13 00:00:04",617.7,2,satyampote
5927,16715251,SoraGinko,"2026-08-28 18:52:17",617.6,2,terrywuu
5928,16853417,"Aditya Prasetyo Budiarso","2026-09-11 11:59:34",617.6,2,artsodeva
5929,16685069,derek_kuang0213,"2026-08-22 10:33:21",617.6,2,derekkuang0213
5930,16741892,astro,"2026-08-20 20:49:49",617.5,2,mayursamrutwar
5931,16692350,"Emerson Suarez","2026-08-16 05:09:13",617.4,2,jericksystem32
5932,16710621,(´･_･`),"2026-08-16 07:14:53",617.4,2,tanakh
5933,16685412,Praveen8775,"2026-09-22 15:48:40",617.3,2,praveen8775
5934,16635004,"jacob OKOTH O","2026-08-02 05:57:05",616.8,1,jacobokotho
5935,16740404,BarrelAged,"2026-09-13 11:27:04",616.8,2,johnhosack
5936,16754845,"LG Music","2026-09-28 15:12:21",616.8,2,lgmusic
5937,16739640,TeamBanzaiSL,"2026-08-27 17:13:26",616.8,2,teambanzaisl
5938,16674532,"shoaib khan","2026-08-08 01:57:11",616.6,2,manifoldinfo
5939,16662486,"KOTHAPALLI DILEEP","2026-08-10 12:06:14",616.6,2,kothapallidileep
5940,16702713,"Rob Sartin","2026-09-24 21:59:26",616.4,2,robsartin
5941,16669392,cobrapigeon,"2026-08-20 18:43:25",616.4,2,cobrapigeon
5942,16635177,Zacchaeus,"2026-08-07 07:04:15",616.3,2,zacchaeus
5943,16658083,"Gunjan Solanki","2026-09-03 10:39:28",616.3,2,blackhatv1
5944,16657095,"Prashant Kumar","2026-08-20 12:59:11",616.1,2,praskr
5945,16907576,"Dat Nguyen Viet","2026-09-28 11:12:22",615.7,2,datnguyenviet
5946,16705345,"DEMON JI","2026-08-14 15:02:11",615.7,2,demonji04
5947,16664103,izack2666,"2026-08-07 14:41:10",615.7,2,izack2666
5948,16918421,"Joseph Kosednar","2026-09-28 06:11:07",615.6,2,josephkosednar
5949,16638667,"Sarvesh Nikas","2026-09-23 11:44:21",615.5,2,sarveshnikas
5950,16862913,MLEDV,"2026-09-11 18:13:10",615.4,2,edwardvaines
5951,16718539,"Divyansh Agrawal","2026-08-14 06:58:46",615.3,2,spartan1925
5952,16758204,kkKaan,"2026-08-24 07:56:58",615.2,2,kkkaan
5953,16811210,"Matt Dowis","2026-09-04 14:41:36",615.0,2,mattdowis
5954,16664241,payoon,"2026-08-07 08:24:05",615.0,2,payoon1234
5955,16666341,"Ege Güvener","2026-09-27 07:08:31",614.8,2,egegvener
5956,16726093,CocoTeam,"2026-08-18 14:22:45",614.8,2,"albaasca,ceemeese"
5957,16658430,bruyantq,"2026-09-23 08:33:16",614.1,2,bruyantq
5958,16699578,kakanekoka,"2026-09-04 17:45:15",614.1,2,kakanekoka
5959,16798268,KAEOS,"2026-09-06 20:09:49",614.0,2,hitesh221
5960,16664828,Leon,"2026-08-09 09:00:09",613.5,2,leonmyl
5961,16655062,KKS,"2026-08-08 07:36:03",613.5,2,sachisgod
5962,16670759,"Lemmes Yad","2026-08-09 04:37:37",613.3,2,"austinsemmel,jonallday"
5963,16640619,"Sơn Nguyễn","2026-08-28 08:19:19",613.1,2,sonnguyen10
5964,16684710,"Pratik Singh","2026-08-11 11:34:48",613.1,2,pratikks11
5965,16865982,"Orest Myth","2026-09-23 13:26:01",612.7,2,orestmyth
5966,16838855,"Sze Yu Sim","2026-09-09 01:37:05",612.5,2,szeyusim
5967,16658272,"Yash Katiyar","2026-08-08 20:17:05",612.4,2,yashkatiyar409
5968,16639223,"SIDHAARTH SHREE","2026-08-19 15:03:55",612.4,2,sidhaarthshree
5969,16693137,"Ich Benavides","2026-09-06 18:24:52",612.2,2,jabeichbenavides123
5970,16887820,"Radosław Czajkowski","2026-09-27 16:14:14",612.2,2,radoslaw
5971,16662138,"Luan He","2026-09-05 21:53:24",612.0,2,luanhe
5972,16857130,"Joao Araujo","2026-09-09 01:11:50",611.8,2,jhcaextra
5973,16859900,ZZZ234234234,"2026-09-25 10:49:35",611.7,2,zzz234234234
5974,16633175,"Umut Kıvanç Sipahioğlu","2026-08-04 15:51:56",611.7,2,umutkvansipahiolu
5975,16924397,ngzeonwang,"2026-09-24 08:57:26",611.5,2,ngzeonwang
5976,16792512,ckd999,"2026-09-27 13:27:28",611.5,2,ckd999
5977,16743617,Dancing_Chaos,"2026-08-31 15:42:35",611.5,2,"bailynlove4ever,ripplecddc"
5978,16688108,Special_octo20,"2026-09-14 19:16:13",611.4,2,specialocto20
5979,16916743,"Low Aik Khoon","2026-09-28 11:11:18",611.4,2,izuneliu
5980,16763977,"Jong Park","2026-08-26 09:21:40",611.4,2,papercat318
5981,16942760,"V Manmohan","2026-09-25 10:31:12",611.0,2,vmanmohan
5982,16786485,"Sam Jenkins","2026-09-01 03:50:16",610.8,2,samjenkinsuk
5983,16674324,"luca fregona","2026-08-08 13:37:49",610.7,2,lucafregona
5984,16712321,"Elias Schecke","2026-09-11 15:00:14",610.6,2,eliasschecke
5985,16750175,"Quentin Pr","2026-08-27 18:08:14",610.5,2,quentinpr
5986,16719081,数学の山田,"2026-09-15 10:28:05",610.4,2,b612sum1
5987,16847275,"Giovanni Marco Dall'Olio","2026-09-09 20:43:20",610.3,2,dalloliogm
5988,16773966,"Ronel Abraham Mathew","2026-08-26 16:05:26",610.3,2,ronelm
5989,16719065,"Aldo Rizona","2026-08-17 15:32:26",610.3,2,aldorizona
5990,16664219,JosephGuhlin,"2026-08-10 08:46:16",610.1,2,jguhlin
5991,16763838,"L. Barriga","2026-09-09 10:57:18",610.0,2,lbarriga
5992,16856888,"Md Mehrab Hossain Opi","2026-09-10 07:16:45",609.9,2,iamopi
5993,16676308,DC,"2026-08-19 17:34:02",609.9,2,choudahchiun
5994,16891179,feng222666888,"2026-09-24 10:49:47",609.5,2,feng222666888
5995,16694779,JacobKooi,"2026-08-10 09:16:35",609.5,2,jacobkooi
5996,16640933,"Bhanu prasad","2026-09-21 03:21:24",609.4,2,restlesseagle
5997,16673346,gabrielep09,"2026-08-11 01:52:41",609.4,2,gabrielep09
5998,16624277,"D S S Kumar","2026-08-10 03:22:55",609.3,2,satrusskumar
5999,16759351,"Shinsaku Haruta","2026-09-21 12:22:17",609.2,2,shinsakuharuta
6000,16655744,"Ademola Arigbabuwo","2026-09-03 21:44:49",609.1,2,princedemo
6001,16633772,ayuma,"2026-08-03 06:01:01",609.1,2,onthoze
6002,16701036,"Tiandong Wang","2026-08-19 11:45:32",609.1,1,condone
6003,16757211,dacho,"2026-09-28 00:04:19",608.7,2,slothcafe
6004,16623886,onepunch999,"2026-08-01 07:30:37",608.3,2,onepunch999
6005,16669561,"Nikunj Pahwa","2026-08-15 20:04:36",608.2,2,nikunjpahwa
6006,16658043,"Tran Huy Hoang1312","2026-08-05 01:58:39",608.1,2,tranhuyhoang1312
6007,16671217,"Akshay V","2026-08-21 04:01:22",608.0,2,akshayv1001
6008,16670214,"Louis @ tradeInsight.ai","2026-08-21 15:18:11",607.9,2,louisquart
6009,16696724,arkmid,"2026-09-09 13:11:46",607.5,2,arkmid
6010,16860088,Lockers,"2026-09-09 11:32:59",607.5,1,lockers123
6011,16719745,"Masih Pemula Beneran","2026-08-31 02:14:53",607.0,2,mikhaeldhika
6012,16656501,"Thái Phạm Công","2026-08-05 03:59:47",607.0,2,thaipc
6013,16926169,LeoBode,"2026-09-27 23:22:42",606.7,2,lebo124
6014,16664024,"Juan David Bolanos","2026-08-13 17:06:00",606.3,2,juandavidbolanos
6015,16759443,"Ayman machhidan","2026-09-25 08:22:39",606.2,2,aymanmachhidan
6016,16929645,"GeneralShizha ","2026-09-20 10:27:45",606.0,2,generalshizha
6017,16679079,"cedric stephan ","2026-08-25 20:39:15",605.6,2,cedricstephan
6018,16678773,"Steve Probst","2026-09-09 01:51:39",605.5,2,steveprobst
6019,16926305,"Ιωάννης Μπερτολης","2026-09-23 16:15:30",605.4,2,"absor97,bertolis"
6020,16918826,NOTSUREKITTY,"2026-09-19 03:56:04",605.4,2,notsurekitty
6021,16665120,nobody,"2026-08-13 14:48:45",605.0,2,rajesh1729
6022,16635796,MugaBros,"2026-08-04 05:27:02",604.9,2,"drrocktotpalkonwarh,monjyotid"
6023,16895824,"Dhruv lele","2026-09-20 05:41:57",604.9,2,dhruvlele
6024,16690988,"Aditya Bharadwaj","2026-08-20 10:02:32",604.8,2,adityabharadwaj26
6025,16737986,"Edris Yawar #2","2026-09-05 09:32:08",604.8,2,edrisyawar
6026,16777222,"José Daniel Ara","2026-08-27 00:12:53",604.7,2,josdanielara
6027,16677402,"Hıdır Demir","2026-09-10 22:35:54",604.7,2,hdrdmr
6028,16666452,"victor souza","2026-08-09 17:07:51",604.6,2,victorcaio
6029,16672103,"fred mahinay","2026-08-24 23:34:48",604.1,2,fredmahinay
6030,16709481,"Gerbilles Saucières","2026-08-22 10:38:44",604.0,2,"benjaminhrt30,volbox1902"
6031,16784154,JoshJML,"2026-09-03 05:39:26",603.8,2,joshjml
6032,16712567,PatWid,"2026-08-18 17:17:20",603.7,2,patwid
6033,16691580,"Toni Blanco","2026-08-11 13:10:45",603.7,2,toniblanco
6034,16905608,ChrisVas123,"2026-09-16 09:44:56",603.7,2,chrisvas123
6035,16809762,"Ryan Wong","2026-09-04 14:47:39",603.4,2,taggatle
6036,16876021,"Jeff Law #2","2026-09-17 23:31:28",603.3,2,jlaw99
6037,16797025,"Jonathan Glinton","2026-09-11 17:11:01",603.3,2,jonathanglinton
6038,16690852,"Naveen Venu Bagadi","2026-08-30 04:38:13",603.3,2,naveenvenubagadi
6039,16661943,"Cow Wizard","2026-08-14 02:14:58",603.1,2,cowwizard321
6040,16947496,"lit tlemiaos","2026-09-28 12:22:01",603.1,2,littlemiaos
6041,16656013,Asuran,"2026-09-04 04:43:56",603.1,2,zkasuran
6042,16767802,"Luis Fernando Faria","2026-08-31 20:57:29",603.0,2,luisfernandofaria
6043,16660310,KOLONEX.NET,"2026-08-10 12:40:46",603.0,2,danielandresmiranda
6044,16687925,BillDoser,"2026-09-11 21:54:35",603.0,2,billdoser
6045,16686645,Ornaat,"2026-09-28 15:09:27",602.9,2,ornaat
6046,16747390,SawadaTsurumai,"2026-08-24 09:48:07",602.6,2,sawadatsurumai
6047,16668089,Goller,"2026-08-26 15:05:53",602.6,2,goller
6048,16675952,bazinga,"2026-09-22 23:21:10",602.4,2,stephanhahn16
6049,16664116,"Bogdan Sburlea","2026-09-28 08:18:17",602.3,2,bogdan1405
6050,16716402,"Shashvat Singham","2026-09-26 22:53:59",602.3,2,shashvatsingham
6051,16663343,"Abdullah M. Haque","2026-09-13 18:41:14",602.3,2,abdullahmhaque
6052,16893361,lemonjuice2312,"2026-09-19 07:36:26",602.1,2,lemonjuice2312
6053,16639492,"Vishnu R Mohan","2026-08-08 20:36:19",601.9,2,vishnurmohan
6054,16664159,"james nazareth","2026-08-19 02:13:23",601.8,2,jamesnazareth
6055,16663784,Aniketh2k7,"2026-08-10 06:02:02",601.7,2,aniketh2k7
6056,16684436,Simon-the-sorcerer,"2026-09-28 16:28:22",601.6,2,simonwiller
6057,16696267,"yu lesui","2026-08-10 05:41:40",601.6,2,yulesui
6058,16733195,"Zukas F.","2026-09-27 05:29:31",601.6,2,zukasf
6059,16673477,ArtFix,"2026-08-11 00:51:09",601.5,2,artfix
6060,16663361,protoLabs.studio,"2026-08-06 18:39:50",601.5,2,protolabsstudio
6061,16738538,ZHANG_WuHua,"2026-08-18 16:21:19",601.3,2,zhangwuhua
6062,16932197,SamarthPD-21,"2026-09-25 13:57:11",601.3,2,samarthpd21
6063,16657570,"Guruprasad Parasnis","2026-08-10 12:04:57",601.1,2,guruprasadparasnis
6064,16739128,"Praneeth Paikray","2026-09-07 11:18:26",601.0,2,paiky1995
6065,16669856,StrugglerK,"2026-09-22 17:10:09",600.9,2,muhammedkaanlker
6066,16884815,"Idrees Asghar","2026-09-28 06:08:27",600.9,2,adiladil1275
6067,16875690,jwboost,"2026-09-16 04:31:31",600.8,2,kiritocui
6068,16655340,LGarcia10,"2026-08-17 13:17:31",600.5,2,leonardogarcia10
6069,16684957,"Lucas Ferreira","2026-08-11 18:20:43",600.4,2,lucasdeoferreira
6070,16746151,"Nicolas Gomasjaya","2026-08-26 16:57:08",600.3,2,nicolasgomasjaya
6071,16687883,CherylStoned,"2026-08-11 22:53:28",600.1,2,cherylstoned
6072,16660805,"Ramon van Dijk","2026-08-05 05:48:21",600.1,2,ramonvandijk
6073,16658655,HbjaHbja,"2026-08-12 12:18:51",600.0,2,hbjahbja
6074,16655693,DePie,"2026-09-28 18:24:02",600.0,2,phucthaiv02
6075,16806023,"Eesh saxena","2026-09-28 18:25:01",600.0,2,eeshsaxena
6076,16842527,ko_fusion_JPN,"2026-09-28 18:26:48",600.0,2,kofusionjpn
6077,16793895,"Moh Notif","2026-09-26 23:03:08",599.8,2,mohnotif
6078,16639970,Gowtham2962s,"2026-09-27 16:57:56",599.5,2,gowtham2962s
6079,16727059,ksankeerth1,"2026-09-03 02:28:22",599.4,2,ksankeerth1
6080,16623580,matsu997,"2026-09-22 15:27:14",599.3,2,mastu997
6081,16845664,fabio5050,"2026-09-16 04:04:27",599.2,2,fabio5050
6082,16695822,"Ahmad Elawady","2026-08-18 20:06:59",599.1,2,aielawady
6083,16663736,"Life Is Roblox","2026-08-17 18:58:37",599.1,2,alexlisenko
6084,16780969,"Ewa Suknarowska","2026-08-30 15:53:25",598.9,2,ewasuknarowska
6085,16748955,micchy,"2026-09-23 22:17:27",598.9,2,micchy326
6086,16663238,"Francesco Zaccaria","2026-08-21 07:28:57",598.8,2,francescozaccaria
6087,16666833,DenisKoronchik,"2026-09-14 21:19:27",598.7,2,deniskoronchik
6088,16772673,"Alejandro Rendon B.","2026-09-27 14:01:39",598.7,2,alejandrorendonblan
6089,16757447,soyukke,"2026-09-13 17:38:12",598.6,2,soyukke
6090,16650160,nori8774,"2026-08-10 06:26:21",598.5,2,norimasayamamoto
6091,16676885,"Riva Kajangu","2026-09-28 12:03:19",598.3,2,rivakajangu
6092,16654456,"Tristan Peng","2026-08-09 17:00:48",598.3,2,tristanpeng
6093,16699838,"Harry Taylor","2026-08-21 10:38:18",598.2,2,harryphysics
6094,16738805,"Sergey Panasenko","2026-08-31 23:14:50",598.2,2,spanasenko
6095,16670420,"Mihir Argulkar","2026-08-07 20:03:15",598.0,2,mihirargulkar
6096,16633240,Igor,"2026-09-28 02:32:01",597.8,2,igor14497
6097,16718133,KaranjeetSingh1110,"2026-09-16 15:31:45",597.7,2,karanjeetsingh1110
6098,16659294,"Muhammad Rafzan","2026-09-05 18:30:44",597.4,2,revianalfariz
6099,16738700,"Bugra Cinar","2026-09-28 18:05:43",597.2,2,bugracnr
6100,16669489,"Yichi Zhang","2026-08-28 19:31:07",597.1,2,yichizhang12
6101,16706192,rustlers42,"2026-09-02 15:24:05",596.9,2,"lkshrsch,powerofcreation"
6102,16755681,nic001,"2026-08-28 08:06:19",596.6,2,mimamura
6103,16888546,"Skskj Sskm","2026-09-16 03:06:12",596.2,2,skskjsskm
6104,16687788,"Me and the Geese","2026-08-26 15:57:41",596.1,2,skalermo
6105,16636808,"Kaito Ichikawa","2026-09-18 10:15:37",596.1,2,kaitoichikawa
6106,16736579,rk777848,"2026-09-25 07:51:29",596.1,2,rk777848
6107,16851573,NaNomin,"2026-09-08 01:55:42",595.9,1,nanomin
6108,16658602,aldoktvns,"2026-08-04 15:51:08",595.7,2,alrette
6109,16791960,Boladi,"2026-09-10 00:53:38",595.5,2,boladi
6110,16654267,maniginam,"2026-09-28 03:30:06",595.3,2,maniginam
6111,16810807,Cordiz,"2026-09-03 22:42:51",595.2,2,cordiz
6112,16664457,yaohongfu,"2026-08-10 12:30:43",595.1,2,yhfwww
6113,16660491,"Ryan Hancock","2026-08-08 09:56:54",595.0,2,rychanfox
6114,16679295,Mk26,"2026-09-04 13:52:05",594.9,2,"manishk26,mans31"
6115,16653222,StevenYuan7788,"2026-08-17 17:38:44",594.8,2,stevenyuan7788
6116,16776928,aiexpert1120,"2026-09-01 16:48:18",594.4,2,aiexpert1120
6117,16798478,"Vinicius Pupin","2026-09-02 21:29:51",594.0,2,viniciuspupin
6118,16832474,"Isaac D. Hérnandez G.","2026-09-15 23:52:34",593.9,2,isaacdhrnandezg
6119,16655140,Efthimios,"2026-09-28 06:41:13",593.7,2,efthimiosfousekis
6120,16926026,"Michael Pamurahardjo","2026-09-24 17:40:08",593.5,2,michaelpamurahardjo
6121,16698007,"Juanma Serrano","2026-08-23 15:49:31",593.4,2,juanmaserrano
6122,16724002,Yahia717,"2026-08-20 20:48:31",593.4,2,yahia717
6123,16780019,"hamza khokhar890","2026-09-20 16:35:58",593.0,2,hamzakhokhar890
6124,16695662,"Ollie Lowe2","2026-08-16 16:47:01",592.9,2,ollielowe2
6125,16755344,"Alizen James","2026-08-23 18:34:30",592.7,2,alizenjames
6126,16725010,jenninglim,"2026-08-23 08:38:47",592.7,2,jenningl
6127,16741188,"Adarsh Samanu","2026-08-20 00:01:33",592.5,2,adarshsamanu
6128,16705348,"Howard lin","2026-08-20 23:01:36",592.4,2,howardlin007
6129,16656274,googunmo,"2026-08-08 01:13:58",592.3,2,googunmo
6130,16668354,"ashraf saiyed","2026-08-13 13:44:31",592.1,2,ashrafsaiyed58
6131,16665517,"RUEI-HSIANG. CHANG","2026-08-17 15:23:55",592.1,2,rueihsiangchang
6132,16630559,khan,"2026-08-02 12:18:56",592.0,2,khansolov
6133,16766732,"Maziyar Abyari","2026-09-19 08:14:10",591.7,2,maziyarabyari
6134,16666204,"David Nana Kofi Ofosu-Arko","2026-08-05 11:04:42",591.3,2,davidnanak
6135,16649344,BeyondAnalytics,"2026-08-28 12:00:36",591.3,2,radumarinion
6136,16699415,"Dohwan Kwak","2026-08-31 01:05:28",591.3,2,dohwankwak
6137,16841397,"Petro Tarnavskyi","2026-09-06 12:36:05",590.9,2,petrotarnavskyi
6138,16736856,misaki,"2026-09-26 00:42:12",590.9,2,"dicenull,iroharyo,jinnsou0219,misakima"
6139,16630741,mrk,"2026-08-05 09:49:44",590.8,2,matsubaratakuji
6140,16694575,"Aloise Mutune","2026-09-17 13:48:22",590.4,2,aloisemutune
6141,16634582,"Tarun Chaudhary","2026-08-12 06:36:33",590.4,2,tarunchdev
6142,16879477,liuzewen123,"2026-09-27 08:07:35",590.3,2,liuzewen123
6143,16686715,"Adrien Secondaire","2026-08-08 15:54:58",590.2,2,adriensecondaire
6144,16726941,CJ103CJ,"2026-08-23 12:52:07",590.1,2,cj103cj
6145,16731516,Sumit0694,"2026-09-15 21:17:01",590.0,2,sumit0694
6146,16664154,dwdwdwsdedwd,"2026-08-11 06:29:24",589.8,2,dwdwdwsdedwd
6147,16777065,"dani yemane","2026-09-17 20:43:13",589.7,2,daniyemane
6148,16741660,Dhruv_Goyal990,"2026-09-03 16:20:31",589.7,2,"dhruvgoyal990,prathameshbelavagi"
6149,16808956,"Denis Zerov","2026-09-03 10:59:46",589.7,2,dinoden
6150,16658224,"Daniel Gallardo Gómez","2026-08-07 08:17:24",589.4,2,danielgallardogmez
6151,16655595,ashsah,"2026-08-31 08:37:35",589.4,2,ashsah
6152,16692857,AbeLincoln1865,"2026-08-11 00:10:16",589.3,2,abelincoln1865
6153,16703310,"israel ntumba","2026-09-14 17:42:47",589.2,2,israelntumba
6154,16854582,BlackWizard00,"2026-09-08 15:32:36",589.1,2,blackwizard00
6155,16657172,Honkazu,"2026-08-28 16:55:46",588.9,2,janposlusny
6156,16630501,"Haris Ahmed","2026-08-14 10:08:51",588.9,2,harisahmedgenai
6157,16633928,ghostiee11,"2026-08-01 01:33:25",588.5,1,ghostiee11
6158,16750036,"Kiệt Lưu","2026-09-05 03:41:19",588.5,2,jaxyss
6159,16855646,Seshu,"2026-09-09 14:49:33",588.4,2,seshuthota
6160,16738994,"Hem Viramgama","2026-08-21 00:34:48",588.3,2,hemviramgama
6161,16899024,Whooriiiaaaaa,"2026-09-24 23:24:57",588.2,2,"nickazaria,woupyie"
6162,16797395,"LCNN JJ","2026-09-17 16:38:59",588.2,2,supremebeast08
6163,16763886,"Jackson Sauls","2026-09-04 22:59:51",588.1,2,jacksonsauls
6164,16636454,epigene,"2026-08-02 10:14:52",588.1,2,nadhu59648
6165,16790257,"Shivam Kushwaha","2026-08-30 11:55:08",588.0,2,shivamk21
6166,16937197,men-of-culture,"2026-09-24 06:52:33",587.9,2,leejianrong
6167,16914138,"Amritesh Anand","2026-09-28 10:16:01",587.9,2,amriteshananad
6168,16795802,Kk,"2026-09-21 10:03:04",587.9,2,cudamax
6169,16768058,"Ibrahim Anaz","2026-09-27 19:44:28",587.8,2,ibrahimanaz
6170,16672095,"Friaseus ","2026-09-28 04:25:42",587.6,2,friaseus
6171,16793189,"Akash Mohan Chaudhary","2026-09-01 18:29:57",587.5,2,akashmohanchaudhary
6172,16695633,"Kiran Kumar","2026-09-12 16:57:52",587.4,2,iamrkk
6173,16667258,"Firman Imam","2026-08-09 02:36:56",587.4,2,piririp
6174,16797969,probability,"2026-09-07 09:44:49",587.3,2,probabilitywavepeak
6175,16670834,romin_123,"2026-08-14 01:25:19",587.3,2,romin123
6176,16673034,"Milos Vlainic","2026-09-28 12:43:02",587.1,2,wlakinsson
6177,16714208,TirumalaMarri,"2026-08-29 00:04:15",587.0,2,mtreddy
6178,16659974,"anthony sinchi","2026-08-18 00:01:08",587.0,2,anthonysinchi
6179,16699091,Umkaaa,"2026-09-15 14:04:55",586.9,2,umkaaa
6180,16698034,Anatoliy_Fomin,"2026-08-12 12:57:18",586.9,2,anatoliyfomin
6181,16686787,"Lars Kammeijer","2026-08-07 21:31:11",586.8,2,larskammeijer
6182,16885575,"Kotaro Imamura","2026-09-18 00:47:04",586.8,2,kotaroimamura
6183,16936578,kissadolce,"2026-09-27 15:21:03",586.6,2,kissadolce
6184,16662015,"ryan panda","2026-09-23 20:03:28",586.4,2,hollowpurple
6185,16759427,Dhruv,"2026-08-23 12:20:16",585.9,2,dtalati1
6186,16742073,"nguyễn huệ anh","2026-09-15 15:55:00",585.4,2,akapatu
6187,16656460,dlutwzh,"2026-08-08 06:48:33",585.2,2,dlutwzh
6188,16735298,Watary0927,"2026-08-22 23:25:11",585.1,2,watary0927
6189,16805340,"Md. Rafiul Islam","2026-09-25 16:04:37",585.1,2,rafiulislamrafi
6190,16658377,Masaya,"2026-09-04 15:10:14",585.0,2,irrohas
6191,16631573,uesi,"2026-08-01 12:04:04",584.7,1,uemura687
6192,16665984,hepialidae,"2026-08-10 16:05:19",584.7,2,hepialidae
6193,16786437,"Kiran Narayana K","2026-08-30 06:45:20",584.7,2,kirannarayanak
6194,16665759,"Shawn Zhang","2026-08-21 10:18:20",584.6,2,shawnzhang0318
6195,16819872,"Shi Van","2026-09-03 16:50:46",584.6,1,shivanufo
6196,16624888,okome_niigata,"2026-08-06 06:47:17",584.5,2,okomeniigata
6197,16665042,Neo_0x3f,"2026-08-10 21:36:56",584.2,2,neo0x3f
6198,16911847,LGC,"2026-09-17 08:21:20",584.1,1,victorlingc
6199,16781242,"Bobby Clare","2026-09-03 17:04:16",584.0,2,bobbyclare
6200,16668720,"etienne duplessix","2026-08-10 22:48:53",584.0,2,etienneduplessix
6201,16655142,"Stanislav Kuznetsov","2026-09-03 12:58:20",584.0,2,drtduck
6202,16672493,ChloeeeeY,"2026-08-23 06:17:03",583.9,2,chloeeeey
6203,16888900,"Koh Endru","2026-09-19 12:08:24",583.9,2,kohendru
6204,16660955,"Nihal l.suvarna","2026-09-17 14:24:23",583.9,2,nihallsuvarna
6205,16757614,"Eduardo Molina","2026-09-06 04:04:22",583.8,2,eduardomolinaai
6206,16947797,"Chris Croft","2026-09-25 12:42:53",583.8,2,chriscroft
6207,16668298,"Riki Garcia","2026-08-26 15:36:14",583.6,2,rikigarcia
6208,16660270,Ziel_Lux,"2026-09-22 14:36:05",583.6,2,nahbilafaith
6209,16635021,RiLi,"2026-09-27 13:17:19",583.5,2,hisatosenda
6210,16854414,handsomeHBS,"2026-09-28 14:38:27",583.5,2,handsomehbs
6211,16675888,"Rob Gonzalez","2026-08-08 14:58:43",583.3,2,robg475
6212,16721960,"Lê Khang","2026-08-18 19:42:43",582.9,1,kobtdatten
6213,16731260,"Jeel Gajera","2026-08-18 07:44:44",582.6,2,jeelog
6214,16631353,"Shivam Shinde","2026-08-01 15:29:24",582.5,2,shindeshivam
6215,16676254,"Lazy Lagoon","2026-09-17 16:26:05",582.5,2,"mokshoswal137,taniyasankhe"
6216,16699292,"Siddharth Kumar Gopal","2026-08-14 16:35:03",582.5,2,siddharthkumargopal
6217,16661898,Farfadet,"2026-08-12 06:04:18",582.5,2,farfadet
6218,16657397,"QSS Technosoft AI Team","2026-08-05 07:47:00",582.4,2,"kunalthedev,nishantkumarabes,prathamydvv,prishagdev,shreyakchakraborty"
6219,16769767,bruhbruh,"2026-08-28 08:51:26",582.3,2,nguyendinhbach69
6220,16665942,"Satvik R Shetty","2026-08-09 03:59:52",582.1,2,satvikrshetty
6221,16655578,"Ahmed Merie","2026-08-13 00:11:40",582.1,2,aa7767
6222,16661225,"Monibee Fudgekins","2026-09-16 18:18:38",582.0,2,monibeefudgekins
6223,16760439,XLX,"2026-09-06 03:20:58",581.9,2,lonelygleaner
6224,16771001,"0x1369 T-Farm","2026-08-31 04:38:04",581.9,2,xcryst
6225,16808242,keowpwpwkeo,"2026-09-07 18:23:50",581.9,2,keowpwpwkeo
6226,16675780,susutem,"2026-09-27 17:18:31",581.7,2,susutem
6227,16664709,kai,"2026-08-18 23:29:11",581.6,2,sungwo101
6228,16759623,"zhenglu wen","2026-08-26 06:24:09",581.5,2,zhengluwen
6229,16789898,"Trung Phạm Đức","2026-09-23 03:12:41",581.5,2,arscil
6230,16718838,"josh mathers","2026-08-14 09:26:33",581.4,2,joshmathers
6231,16665476,"Zhanghao Chen69","2026-08-19 12:42:33",581.4,2,zhanghaochen69
6232,16869617,"Denis Chernyshov","2026-09-18 22:32:19",581.3,2,denischernyshov
6233,16702411,"Aryuemaan Chowdhury","2026-08-21 07:05:31",580.8,1,aryuemaanchowdhury
6234,16648215,"Terrence Chuwe","2026-08-03 13:32:15",580.6,2,terrencechuwe
6235,16663998,"Harith Al-Ani","2026-08-24 00:09:54",580.5,2,abo3losh
6236,16747180,KaiKogure,"2026-09-03 12:46:04",580.4,1,kaikogure
6237,16658290,rrishavrraj,"2026-09-27 14:42:58",580.3,2,"rrishavrraj,shubhamkumar9812"
6238,16693949,"Eric Worrall","2026-09-24 12:55:00",580.2,2,ericworrall
6239,16741121,"Vignesh Nehru","2026-09-22 07:58:54",579.8,2,vigneshnehru
6240,16723729,"Lucas Cimiano","2026-08-29 17:21:55",579.8,2,lucascimiano
6241,16623540,TheDuck,"2026-09-27 23:26:31",579.8,2,jaxroth
6242,16663200,BONES,"2026-09-26 18:37:23",579.6,2,tusharkumar23321032
6243,16665395,"bachi idriss","2026-08-10 15:23:30",579.6,2,bachiidriss
6244,16755548,"Manuel Ramos","2026-08-27 19:06:26",579.4,2,aizpask13
6245,16724364,Sh4ron,"2026-09-11 15:48:11",579.1,2,sh4ron
6246,16671421,"Gryffin Wang","2026-08-08 23:08:40",579.1,2,gryffindoraf
6247,16655897,"Huanchen Jia","2026-09-28 00:30:21",578.9,2,huanchenjia123
6248,16700546,"Nightshade Family","2026-09-07 13:24:48",578.9,2,"gihanchamod17,vishmithasamarakoon"
6249,16661650,"Docker container","2026-08-15 18:52:39",578.8,2,yossefaymanzedan
6250,16814805,Muzhi11,"2026-09-21 02:41:31",578.7,2,muzhi11
6251,16752362,"Shashank Jangid (G25AIT2100)","2026-09-28 04:36:47",578.6,2,shashankjangid
6252,16781447,"Cody Schrank","2026-08-31 04:38:57",578.5,2,codyschrank
6253,16752324,"yunchuan liu","2026-09-06 22:21:06",578.4,2,hoteye
6254,16664003,"Nakul Rajpal","2026-08-05 06:29:24",578.3,2,nakulrajpal
6255,16659341,Aryan88097,"2026-08-05 17:26:57",578.2,2,aryan88097
6256,16739167,Yeyuqing0913,"2026-09-07 00:36:15",578.1,2,yeyuqing0913
6257,16633269,op_star_platinum,"2026-08-09 17:52:52",578.1,2,opstarplatinum
6258,16714100,SuperMercat,"2026-09-09 15:13:08",577.9,2,supermercat
6259,16659828,"Lebansty Valan","2026-08-21 14:14:56",577.8,2,lebanstyvalan
6260,16756113,"George Megre","2026-09-16 07:04:00",577.5,2,georgemegre
6261,16664804,ryanovovo,"2026-08-05 18:02:38",577.4,2,ryanovovo
6262,16664072,"victor aguilera","2026-09-24 23:34:18",577.3,2,viaguilera
6263,16657654,TemperaryT,"2026-09-20 00:21:54",577.1,2,temperaryt
6264,16665342,Prothos,"2026-08-23 13:44:29",576.9,2,vjuenemann
6265,16668269,"Rashi Jain07","2026-08-05 17:46:37",576.9,1,rashijain07
6266,16793892,cjc0013,"2026-08-31 18:27:50",576.9,2,cjc0013
6267,16939496,"Haotian Niu","2026-09-26 06:35:52",576.8,2,haotianniu
6268,16777746,"Daniel Bandy","2026-08-29 02:04:01",576.6,2,goddangitboby
6269,16692994,turneja,"2026-08-08 23:50:13",576.3,2,turneja
6270,16677105,"Chaitanya Yadav","2026-08-16 10:36:07",576.3,2,xhaitanya
6271,16876642,Gruberx,"2026-09-25 17:53:44",576.2,2,gruberx
6272,16670313,HamzZZzzZZa,"2026-08-06 22:01:28",576.1,2,memesalot
6273,16844262,"S Aishvarya","2026-09-25 19:23:59",576.0,2,saishvarya
6274,16685785,KSAI,"2026-09-07 14:42:54",575.7,2,kishan2112004
6275,16796445,"Md Aminul Islam","2026-09-27 22:44:36",575.5,2,aminulabir
6276,16664112,"Ethan Hung","2026-08-08 21:44:57",575.5,2,chinesegorilla99
6277,16916387,Nathan,"2026-09-18 14:01:04",575.1,2,nathanpradostapia
6278,16715473,cmrfrd,"2026-08-14 04:58:15",574.7,2,thecmrfrd
6279,16660345,"Aadhithya Ramesh","2026-08-06 08:49:10",574.6,2,aadhithyaramesh
6280,16699689,"David Sedláček","2026-08-10 08:38:38",574.5,2,sibicek
6281,16666188,"XueFeng Chen","2026-09-18 00:46:41",574.4,2,chxfmcs
6282,16665692,Straw_hats,"2026-09-01 07:40:19",574.4,2,"charanno,tvigneshreddy"
6283,16826098,Nomushin,"2026-09-11 13:22:26",574.3,2,nomushin
6284,16891689,"Jiawei Xi","2026-09-14 19:46:39",574.2,2,jiaweixi56
6285,16717952,Aydar,"2026-08-29 21:28:35",574.2,2,aydara
6286,16735408,"Evan S","2026-08-18 20:06:05",574.1,2,evansc123
6287,16632994,primal,"2026-08-12 16:02:29",574.0,2,primalhost
6288,16655044,"Darius Kolycius","2026-08-04 09:49:01",574.0,2,dariuskolycius
6289,16833040,"Vadim Demchuk","2026-09-05 06:07:54",573.9,2,vadimdemchuk
6290,16866712,Ddm_demo,"2026-09-20 14:16:05",573.9,2,ddmdemo
6291,16846149,"Arnav Salkade","2026-09-07 15:00:23",573.7,2,arnavsalkade
6292,16692401,"Abdurehman Iqbal","2026-08-14 09:13:08",573.7,2,abdurehmaniqbal
6293,16671940,LJazya,"2026-09-05 02:54:37",573.7,2,jihanelek
6294,16664134,"Pelayo Fernández","2026-08-07 10:36:48",573.6,2,pelayofdez
6295,16911383,PurpleNightmare,"2026-09-27 18:26:11",573.6,2,purplenightmare
6296,16924484,"Sadiq Ali","2026-09-20 07:51:11",573.5,2,sadiqali55
6297,16645297,Mark_RowSet,"2026-08-09 05:25:39",573.4,2,markrowset
6298,16775652,"Dat Dinh","2026-09-14 02:48:43",573.4,2,dathbdinh
6299,16760025,DEBI,"2026-09-28 15:52:54",573.4,2,"mayarabdelfattah,omarelmaghraby03"
6300,16659817,"Viet Anh Ngo ","2026-08-31 09:41:08",573.3,2,vietngogm
6301,16658660,"Leo Lai","2026-08-13 08:14:45",573.2,2,junweilai
6302,16660600,"Beria Kalpelbe","2026-08-07 13:46:47",573.2,2,beriakalpelbe
6303,16725871,"Patrice Santiago","2026-09-03 22:19:56",572.9,2,patricesantiago
6304,16706456,"Michael van Mill","2026-08-12 09:58:40",572.9,2,michaelvanmill
6305,16713061,Yuk!,"2026-09-26 05:55:25",572.8,2,mitsuyukiokamura
6306,16767934,"taha berk","2026-08-26 15:21:51",572.8,2,tahaberkterekli
6307,16825667,"Lê Minh Dương","2026-09-08 05:45:07",572.8,2,minhduonq
6308,16629844,IsaacJinyu,"2026-08-01 15:39:55",572.4,2,isaacjinyu
6309,16670615,Ahornsirup,"2026-09-06 21:03:14",572.3,2,ahornsirup
6310,16766888,"Alex #4","2026-08-24 14:42:19",572.3,1,alxndrvara
6311,16680342,Game_khó_vkl,"2026-09-27 17:19:13",572.2,2,maruusha
6312,16679018,"Kushpreet Singh","2026-09-03 23:23:41",572.2,2,kush639
6313,16925564,"shikigami yao","2026-09-25 13:52:11",572.0,2,shikigamiyao
6314,16671438,"Aot Chanthorn","2026-08-15 16:16:25",572.0,2,aotchanthorn
6315,16928702,UnkaiNene,"2026-09-24 18:17:23",571.9,2,unkainene
6316,16655013,"Adrian Martinez 1111","2026-08-12 00:52:14",571.7,2,adrianmartinez1111
6317,16707561,"Nick Rom111","2026-09-28 17:55:59",571.6,2,nickrom111
6318,16658019,ไอติวบ้านปังมาเอาแช้มมมม,"2026-08-08 18:43:05",571.6,2,tewnabhat
6319,16731447,"Rúben Martins","2026-08-19 20:55:42",571.3,2,rubenmartins10
6320,16716941,林木子吖,"2026-08-24 09:28:59",571.3,2,linmuzi0108
6321,16623213,zulfikar.khalwaniev,"2026-08-23 09:08:56",571.1,1,khalwaniev
6322,16656912,"Sami Ali","2026-08-07 00:48:33",571.1,2,mrsamiali
6323,16654746,"Michael Mullen","2026-08-06 11:08:31",571.0,2,mmullen200
6324,16787200,"HayDay Protestors","2026-09-23 16:59:25",571.0,2,"aaronjoshuaemmanuel,anjulasankalpa,chamathjayashanka,ghostd,prabhashanmadurawala"
6325,16775770,"Ashish Kumar","2026-08-27 17:18:58",570.9,1,whoashish115
6326,16705401,"Nguyen Hong","2026-09-27 10:28:25",570.9,2,nguyenhongbubu
6327,16651661,"Quyền Thịnh","2026-08-07 06:27:45",570.7,2,quynthnh
6328,16656107,Aotokitsuruya,"2026-09-02 14:35:20",570.6,2,elct9620
6329,16702270,"Jonas Jaku","2026-09-09 06:37:15",570.5,2,jonasjaku
6330,16777228,"Zach Locke","2026-09-18 10:25:06",570.5,2,zachlocke
6331,16748979,"Venkata Madhu Sai D ","2026-08-21 19:49:08",570.4,1,venkatamadhusaid
6332,16683282,ayushk_empire,"2026-08-14 11:50:15",570.4,2,ayushkempire
6333,16633466,"Aarush pandey","2026-08-25 19:17:14",570.1,2,aarushpandey
6334,16651593,"huanxian chen","2026-08-11 11:13:05",570.0,2,huanxiachen
6335,16686222,"Nika Chaduneli","2026-08-10 01:21:09",569.9,2,nikachaduneli
6336,16713366,BANKAI,"2026-09-21 18:36:08",569.8,2,igors97
6337,16897403,"Abel Markose","2026-09-18 03:08:38",569.7,2,"abelmarkose,sreehari3301"
6338,16926090,"Amr Fadhilah Abiyyu Alif Basysyar","2026-09-21 00:35:25",569.7,2,amrfadhilah
6339,16655521,"Hemadri Rajyaguru","2026-08-04 02:12:55",569.7,2,hemadrirajyaguru
6340,16674106,Nanga_rendu_peru,"2026-09-27 02:12:33",569.7,2,"dineshak07,jaikrishna007"
6341,16666099,"Marcben James Samuel","2026-09-17 05:52:20",569.5,2,marcbenjamessamuel
6342,16671646,Luche,"2026-08-08 04:23:32",569.4,2,henrylucky
6343,16756564,"Nicolas Defossé","2026-08-25 21:10:58",569.4,2,nicolasdefoss
6344,16764149,"Manish Rai","2026-09-27 22:49:31",569.3,2,magiuscain
6345,16713249,"vedant patnala","2026-08-27 22:38:03",569.1,2,vedantpatnala
6346,16697526,"Jurgen Sinjari","2026-08-10 21:21:26",569.1,2,jurgensinjari
6347,16755529,"Rafea Almejrab2025","2026-08-29 16:06:34",569.0,2,rafeaalmejrab2025
6348,16803726,Yaromir_Ko,"2026-09-08 13:25:00",568.9,2,ronanndex
6349,16749236,"Michael Müller","2026-09-07 15:57:15",568.8,2,michaelmller
6350,16640816,pawaraman,"2026-08-02 19:46:52",568.8,2,pawaraman
6351,16661529,"AL Najafi","2026-08-08 03:39:39",568.6,2,alnajafi
6352,16795923,KaluzaKlein,"2026-09-14 10:50:35",568.6,2,kaluzaklein
6353,16679887,ScriptRed,"2026-08-09 00:36:30",568.6,2,scriptred
6354,16763113,sowhatwillwelearn,"2026-09-01 11:03:47",568.5,2,sowhatwillwelearn
6355,16662128,BenPalmer59,"2026-08-11 19:16:24",568.5,2,benpalmer59
6356,16724202,"Sooriya Senthilkumar","2026-08-23 05:25:47",568.4,2,sooriyasenthilkumar
6357,16806165,"Kaige Wei","2026-09-21 03:07:06",568.4,2,kaigewei0403
6358,16712380,Rdjarbeng,"2026-09-27 21:38:02",568.4,2,rdjarbeng
6359,16707037,"Cedoque BAGBONON","2026-09-20 10:27:32",568.3,2,cedbag
6360,16701034,notnorm,"2026-08-11 10:31:23",568.3,1,notnorm
6361,16757280,"manos papagiannidis","2026-09-09 08:30:46",568.2,2,manospapagiannidis
6362,16791701,"Tired Dad Data","2026-09-12 21:37:23",568.2,2,alexmaggard
6363,16950015,"Jacob Stultz1","2026-09-23 22:49:13",568.1,1,jacobstultz1
6364,16698164,"Ruizhang Zhi","2026-09-28 01:52:35",568.0,2,ruizhangzhi
6365,16659939,"Mouafak Dakhlaoui","2026-09-21 02:34:52",568.0,2,sharmoul
6366,16657798,"Ian Kim","2026-08-06 05:07:10",567.8,2,ianpkim
6367,16665932,"Fabian Birringer","2026-08-21 18:31:41",567.7,2,fabianbirringer
6368,16657347,"Hibiki M","2026-08-20 15:30:40",567.7,2,hibikibrise
6369,16823204,"Adilson Eduardo Tostes Carmo","2026-09-26 13:48:16",567.4,2,eduardotostess
6370,16789550,foundtion,"2026-08-30 13:19:22",567.4,2,foundtion
6371,16666648,"Sriram Reddy19","2026-08-06 08:40:07",567.4,2,sriramreddy19
6372,16786043,Palimpsesto,"2026-09-08 23:44:50",567.4,2,denzelfuentes
6373,16682915,"igeo kK","2026-09-12 23:10:17",567.3,2,igeokk
6374,16759381,"Subhan Hussain","2026-09-20 09:00:54",567.3,2,subhanhussain0205
6375,16786140,valgrinderror,"2026-09-26 15:35:01",567.2,2,valgrinderror
6376,16755111,ingemarieke,"2026-08-21 15:04:53",567.2,1,ingemarieke
6377,16858948,"Nizar Fathurohman","2026-09-26 10:17:47",567.1,1,nizarfathurohman
6378,16774890,SkoopSkoop,"2026-08-31 16:08:04",567.1,2,skoopskoop
6379,16666084,"Andaç Demirdelen","2026-08-09 19:18:08",566.9,2,andacdemirdelen
6380,16745109,deflexor,"2026-08-27 21:35:07",566.9,2,deflexor050
6381,16691518,"Sander Ee","2026-08-09 12:03:09",566.9,2,sanderee
6382,16694610,Kshitiz2002,"2026-08-11 15:44:41",566.9,2,kshitiz2002
6383,16777740,hoangnnh67,"2026-08-28 22:12:22",566.8,2,hoangnnh67
6384,16685649,YUYUTA,"2026-09-25 10:57:15",566.7,2,yuyuta
6385,16796625,Nepsirhc,"2026-09-12 11:15:35",566.6,2,nepsirhc
6386,16675832,"Dean Shalev","2026-08-09 04:12:47",566.4,2,deanshalev
6387,16716365,Murphy,"2026-08-21 14:00:29",566.3,2,taeyounglimdt
6388,16789914,AkikJana,"2026-09-07 16:37:53",566.1,2,firewaterair
6389,16709318,"Jana Hagen","2026-08-26 18:00:16",566.1,2,janahagen
6390,16722502,Abyss,"2026-08-27 11:26:49",566.0,2,sahiltks
6391,16717245,bernard558,"2026-08-24 22:18:16",566.0,2,bernard558
6392,16622993,"Yaroslav Tanko","2026-08-18 04:34:12",565.9,2,yaroslavtanko
6393,16759265,AI老爸,"2026-09-06 15:42:27",565.8,2,tsengchienchih
6394,16696916,Sundar,"2026-08-11 13:04:59",565.6,2,vsundar17697
6395,16661318,"Zeel Kadvani","2026-08-25 11:17:53",565.6,2,zeelkadvani
6396,16668711,"David Leati","2026-08-28 00:47:39",565.6,2,davidleati
6397,16719696,"Spencer Farrand","2026-08-17 18:40:28",565.5,2,spencerfarrand
6398,16793489,hendracos,"2026-09-02 03:10:03",565.5,2,hendracos
6399,16717614,Dhanyashree1028,"2026-08-16 15:00:37",565.4,2,dhanyashree1028
6400,16655027,"Artem Zenkevich","2026-08-16 13:09:58",565.4,2,artemzen
6401,16892971,BeachedRobot,"2026-09-26 02:46:44",565.2,2,beachedrobot
6402,16668819,"ahmedou sidi med","2026-08-19 00:05:55",565.1,2,ahmedousidimed
6403,16711868,"Mark Cooper","2026-08-16 13:09:02",565.0,2,markjcooper
6404,16734822,Zcy,"2026-09-20 12:04:41",564.8,2,laura831
6405,16670070,"Kirill Molostov","2026-08-31 12:18:26",564.6,2,kirillmolostov
6406,16883048,"Amit Gunjan","2026-09-23 00:17:42",564.5,2,daydreamerthinks
6407,16694134,"Sophia Leng","2026-08-24 20:04:10",564.4,1,sophialeng9
6408,16655449,tcvieira,"2026-08-06 18:20:34",564.4,2,tcvieira
6409,16623644,Accer_sz,"2026-08-02 00:27:32",564.3,2,accersz
6410,16854535,Dragon,"2026-09-09 16:48:11",564.2,2,dragon116rus
6411,16653534,"Mohamed Amine Ettaki","2026-09-14 20:52:45",564.1,2,amine159
6412,16943628,"Michael Liu","2026-09-23 04:19:13",563.9,2,mliu1204
6413,16692896,"Guy Lev","2026-08-20 19:18:52",563.9,2,sarthobi
6414,16639867,vibecoder,"2026-08-08 05:34:55",563.8,2,kunal808
6415,16677366,Gmmastermind,"2026-08-07 01:19:13",563.7,2,gmmastermind
6416,16638031,vlad101,"2026-08-21 15:10:27",563.6,2,vlad101
6417,16659951,"CHRISTOPHER CRILLY","2026-09-11 12:23:20",563.6,2,christophercrilly
6418,16682876,"Kartik Garg","2026-08-09 05:21:34",563.5,2,kartikgarg97
6419,16880672,"Bennett Hellman","2026-09-18 12:59:02",563.4,2,bennetthellman
6420,16727241,Yogesh2850,"2026-08-17 09:55:08",563.4,2,yogesh2850
6421,16655629,Mai_Konare,"2026-08-17 06:20:49",563.2,2,maikonare
6422,16875479,"Debasish Gorai","2026-09-28 15:37:00",562.9,2,debasishgorai
6423,16779539,"Dmitri Bugakov","2026-08-27 16:34:42",562.9,2,dmitrybugakov
6424,16823681,Yielder,"2026-09-10 16:59:40",562.7,2,georgepapasideris
6425,16733763,Gaurav,"2026-09-04 00:54:37",562.6,2,gauravahlawat
6426,16663922,MoongladeAI,"2026-09-14 03:49:11",562.5,2,moongladeai
6427,16685938,"Gautier Fauchart","2026-08-12 05:57:21",562.3,2,gautierfauchart
6428,16654328,"QQ Farm","2026-08-28 12:59:12",561.7,2,"huiiyu,titirmt"
6429,16767632,"robin baldeo","2026-09-24 22:26:00",561.4,2,robinbaldeo
6430,16662094,"moncef elm","2026-09-23 09:09:03",561.4,2,moncefelm
6431,16711567,"Finn Brooks","2026-08-15 04:40:11",561.3,2,finnbr
6432,16864562,otaniyu,"2026-09-15 00:53:18",561.3,2,otaniyu
6433,16780484,"Edmond Kirsch","2026-09-01 17:30:28",561.2,2,edmondkirsch
6434,16735476,"Matthew Liew","2026-08-18 08:02:11",561.1,2,matthewliew
6435,16793802,"Andrew Lam","2026-09-01 09:07:56",561.0,2,andrewlam23
6436,16712870,"Jose Gibson","2026-08-13 20:09:11",561.0,2,josegibson
6437,16941519,Dr.Hazbulla,"2026-09-24 14:05:45",560.9,2,drhazbulla
6438,16845009,"Nyasha Gandah","2026-09-15 06:20:21",560.8,2,nyashagandah
6439,16706455,"John Andrei Martinez","2026-08-18 18:55:04",560.7,2,johnandreimartinez
6440,16809158,"Kaito Sada","2026-09-08 05:17:26",560.6,2,kaitosada
6441,16678157,"Ayush Kumawat","2026-08-14 13:10:02",560.5,2,ayushkumawat21
6442,16730231,chandler14362,"2026-08-29 03:04:49",560.5,2,chandler14362
6443,16935929,"Bhavesh Kolhe","2026-09-23 08:47:28",560.4,2,bhaveshkolhe
6444,16715225,"Someswararao Tellakula","2026-08-17 01:15:37",560.4,2,someshtellakula
6445,16855755,"Jack Yap","2026-09-10 19:43:36",560.4,2,jackyap
6446,16733046,Afordancja,"2026-08-24 18:22:42",560.4,2,afordancja
6447,16799391,"Mehdi El M.","2026-09-07 14:08:22",560.4,2,mehdielm
6448,16700785,"VIVEK JAMI","2026-08-19 13:57:57",560.3,2,vivekjami
6449,16712410,aysfshn,"2026-09-09 15:09:08",560.3,2,aysfshn
6450,16717671,Jeremy,"2026-09-22 22:01:27",560.2,2,lukeenness
6451,16763088,mason.jr,"2026-08-25 04:29:36",560.2,2,haophanzx
6452,16730028,"Ken Qian","2026-08-17 03:10:15",560.0,2,kenqian
6453,16841559,dal7,"2026-09-09 04:32:12",560.0,2,purelyconceptual
6454,16858944,Ashish_G_A,"2026-09-27 21:51:53",559.9,2,ashishga
6455,16739449,SelvapriyankaRam,"2026-08-24 18:44:21",559.9,2,selvapriyankaram
6456,16904550,ukiyois,"2026-09-16 19:54:20",559.8,1,ukiyois
6457,16670356,"Dziriyin wa9il","2026-08-25 19:56:56",559.7,2,"akumanomu,alioualaeddine"
6458,16659663,Chintakrinda_Naveen,"2026-09-22 04:04:37",559.5,2,naveen998
6459,16708824,"Tanaka Chiromo","2026-08-20 11:12:22",559.4,2,tanakachiromo
6460,16665471,"Dennis Navamani","2026-08-25 11:10:08",559.3,2,dennisnavamani
6461,16655663,"Farmland Destroyer","2026-08-19 13:43:22",559.3,2,minghaopang
6462,16668211,"Alejandro Hernández Mairal","2026-09-03 13:28:29",559.2,2,alherma7
6463,16673151,skyblue01,"2026-08-27 07:56:10",559.1,2,skyblue01
6464,16687714,nabilux,"2026-08-09 13:27:11",558.8,2,eminesnabil
6465,16809249,Moro,"2026-09-27 22:27:32",558.3,2,moromoromoro
6466,16767932,"Mark #3","2026-09-24 12:07:36",557.9,2,markdjadchenko
6467,16750447,Morpheus0303003,"2026-08-24 16:58:42",557.5,2,morpheus0303003
6468,16937434,iit24m1520,"2026-09-23 06:17:13",557.5,2,iit24m1520
6469,16657016,"MD. AS-AID RAHMAN","2026-08-26 15:57:49",557.4,2,mdasaidrahman
6470,16735624,"Marc Rippee","2026-08-24 05:03:34",557.3,2,marcrippee
6471,16665990,daffaharil,"2026-08-11 07:56:55",557.2,2,"daffaharil,farhansiddiq"
6472,16640888,"Dhe Yeong","2026-09-25 03:38:43",557.1,2,dheyeong
6473,16847801,"Joachim Oliver Mampouya","2026-09-08 14:54:14",557.1,2,olivermam
6474,16663884,DevilQ,"2026-08-23 22:08:52",556.8,2,"parhamesm,samuelescarfone12"
6475,16886077,"Rajan Aggarwal","2026-09-17 15:19:02",556.8,2,rajanaggarwal11
6476,16662120,"Harpal Gujral","2026-08-25 18:07:07",556.6,2,harpalgujral
6477,16732504,"porsche zheng","2026-08-18 08:19:41",556.6,2,porschezheng
6478,16674950,Davide,"2026-09-03 09:22:38",556.6,2,quanttony
6479,16768466,BenJung,"2026-09-16 09:44:23",556.5,2,"benjung2512,hyeonglvl,hyeonho028,limjoonsoo"
6480,16677701,"Coşkun Bağrıaçık","2026-08-10 00:02:25",556.4,2,cbagriacik
6481,16848416,"Mayank Bhatia","2026-09-07 15:09:19",556.2,2,mikemayankb
6482,16795256,"N Nelson","2026-09-05 14:29:25",556.0,2,napoliyannelson
6483,16633379,"Artem Prokhorov","2026-07-31 20:53:32",556.0,1,catfield123
6484,16670698,"Tamerlan Dadashov","2026-08-09 10:36:12",556.0,2,tamerlandadashov
6485,16669393,"ÖMER FARUK YILMAZ","2026-08-07 19:54:59",555.8,2,ofyzero
6486,16658937,SebastianQbiak,"2026-08-05 06:20:18",555.7,2,sebastianqbiak
6487,16655039,"Andrew Yip","2026-08-06 20:14:49",555.6,2,yipcma
6488,16675457,"Ramana Prabhu Sana","2026-09-27 23:58:05",555.4,2,ramanaprabhusana
6489,16745571,"Yifan Xie","2026-09-03 13:55:15",555.4,2,yifanxie
6490,16731009,"Joseph Paris","2026-08-24 05:32:21",555.3,2,josephkparis
6491,16658042,"Giampietro Pregnolato","2026-08-13 09:17:36",555.3,2,giampietropregnolato
6492,16634204,"m-toshi desu","2026-08-01 06:20:37",555.2,2,mtoshidesu
6493,16760604,"Thananut Phiboonbanakit","2026-08-25 14:04:44",555.1,2,tphiboonbanakit
6494,16664415,"Imerson Krysthio","2026-08-12 05:37:03",555.1,2,imersonk
6495,16702993,PLM,"2026-08-30 13:58:34",555.0,2,"ileabogdan,popu23,razvaniga,rvaurs"
6496,16733873,"Shirish Chinchanikar","2026-08-30 15:53:12",555.0,2,"codemastersj,shirishchinchanikar"
6497,16732529,"lixinglong ye","2026-09-09 07:46:16",555.0,2,lixinglongye
6498,16724355,hansama.qht,"2026-09-19 15:23:36",555.0,2,hansamaqht
6499,16650930,"Govind Sharma","2026-08-24 09:25:23",554.9,2,govindsarswat
6500,16623745,chunluran,"2026-09-27 11:17:09",554.8,2,chunluran
6501,16925954,"Ibrahim Emir Tosun","2026-09-20 10:48:22",554.7,2,tosunn
6502,16697261,nbauerle,"2026-08-14 15:10:38",554.5,2,nbauerle
6503,16840445,"Danko Schroeder","2026-09-27 18:50:20",554.5,2,dankoschroeder
6504,16882160,"John Doe #2","2026-09-12 18:04:56",554.4,1,realgrape
6505,16670708,"Mohammad Usman Sajid","2026-09-03 18:26:11",554.1,2,mohammadusmansajid
6506,16677597,InformaBook2,"2026-09-10 05:38:23",553.9,2,informabook2
6507,16888433,SINKO1,"2026-09-25 20:49:06",553.9,2,sinko1
6508,16659138,allenbcy,"2026-09-10 14:41:18",553.9,2,allenbcy
6509,16930840,machineabao,"2026-09-22 19:18:24",553.9,2,machineabao
6510,16661210,vizyourdata,"2026-08-07 11:05:08",553.8,2,vizyourdata
6511,16668439,Lugas024,"2026-08-08 05:33:51",553.5,2,lugas024
6512,16621407,Kh0a,"2026-09-15 06:55:26",553.4,2,llkh0a
6513,16793680,prajval_p,"2026-09-01 01:03:39",553.4,2,prajvalp
6514,16668648,"Mason R. Brito","2026-09-10 16:58:25",553.4,2,masonrbrito
6515,16797356,"Thalía Cantero","2026-09-15 15:41:27",553.2,2,thalicantero
6516,16924914,AgriPredictors,"2026-09-28 12:49:57",553.1,2,"mehakiftikhar,mnkaggler"
6517,16692680,"Marc-Luca ","2026-08-11 12:02:15",553.1,2,marcluca
6518,16946099,"CupidCloris Zeus","2026-09-28 15:12:30",553.1,2,cupidcloriszeus
6519,16756677,"Pyzh Vladislav","2026-08-24 10:19:44",553.1,2,pyzhvladislav
6520,16732357,"Thales Augusto Leite de Souza","2026-08-23 23:43:38",552.9,2,thalestals
6521,16667630,Sparsh389,"2026-08-06 15:46:09",552.8,2,sparsh389
6522,16691398,"Time to Win","2026-09-03 04:36:52",552.8,2,yatharthdurgapal
6523,16853993,"Christie Lam","2026-09-16 03:13:27",552.8,2,christielam
6524,16671680,"Joe Hall","2026-08-10 19:02:30",552.8,2,halljr
6525,16686743,charmander,"2026-09-11 15:44:15",552.6,2,rahuladhi
6526,16671256,"Navid Zaman","2026-09-08 13:58:31",552.6,2,navidzaman01
6527,16693233,"Noah Wheeler","2026-09-22 23:13:00",552.6,2,nwheeler806
6528,16728799,JulianHahn28,"2026-08-17 21:26:57",552.6,2,julianhahn28
6529,16872064,"Jimmy Erickson","2026-09-13 19:43:54",552.4,2,jimmyerickson
6530,16745972,yamy893,"2026-08-22 02:14:20",552.4,2,yamy893
6531,16750751,AarizKh,"2026-09-09 16:28:15",552.4,2,aarizkh
6532,16667514,"Kakarott 10","2026-08-06 09:05:43",552.3,2,kakarott10
6533,16664267,"Alan T. Andrea","2026-08-09 03:22:40",552.3,2,alantandrea
6534,16738336,"Guo Xuehan","2026-09-02 05:44:05",552.1,2,zmllls
6535,16684674,"Ch Muhammad Umer ","2026-08-11 08:11:36",552.0,2,chmuhammadumer
6536,16687548,"Shubham Tibrewal","2026-09-22 07:13:23",551.9,2,researchai2026
6537,16664884,Abhijeetgg,"2026-08-12 08:53:50",551.8,2,abhijeetgg
6538,16707078,"Loïc & Zach","2026-08-24 20:25:24",551.7,2,"locmmeteau,zachariedubus"
6539,16775001,"Maarij Aqeel","2026-08-26 14:48:03",551.6,2,maarijaqeel
6540,16891652,Cristian034,"2026-09-24 09:24:15",551.5,2,cristian034
6541,16625047,BOBQWERA,"2026-08-02 06:34:18",551.5,2,bobqwera
6542,16660670,"Chirag Bhatnagar","2026-08-31 09:21:45",551.5,2,chiragbhatn
6543,16632887,"Santhana Krishnan","2026-09-28 16:35:18",551.3,1,santa2710
6544,16654085,"Bill Xu","2026-09-28 04:00:49",551.3,2,billll
6545,16665060,Pipeweed,"2026-08-27 18:14:40",551.2,2,pipeweed56
6546,16689398,Reesh,"2026-08-11 08:55:10",551.0,2,rishileung
6547,16726839,syunsuke,"2026-08-21 23:12:13",551.0,2,syunsuke1024
6548,16770891,"Oleg Shatov","2026-09-05 16:34:56",551.0,2,bishkek
6549,16665622,one,"2026-08-11 04:10:11",550.9,2,richardsplayground
6550,16932705,tan014,"2026-09-28 18:01:02",550.8,1,tan014
6551,16753353,"Aayush Kumar","2026-09-23 14:16:00",550.7,2,devaayushkumar
6552,16738777,"Balwinder Singh1235","2026-08-20 10:21:34",550.7,2,balwindersingh1235
6553,16662421,"Aparna Mantha","2026-08-06 17:23:34",550.6,2,aparnam91
6554,16664790,"soumic 1088","2026-08-19 08:34:34",550.5,2,soumic1088
6555,16663656,"Andrii Kavetskyi","2026-08-20 21:48:20",550.4,2,andriykavetsky
6556,16663909,HDPark,"2026-08-17 04:48:41",550.4,2,hdpark
6557,16867608,"Paul M","2026-09-25 21:16:56",550.4,1,pillow5
6558,16659446,zhaozy233,"2026-08-15 16:51:36",550.3,2,zhaozy233
6559,16743382,"Pavan Rangisetti","2026-09-15 03:42:00",550.3,2,pavanrangisetti
6560,16660319,fahimMK,"2026-09-19 16:43:05",550.3,2,fahimmk
6561,16665154,"Omkar Pawar","2026-08-23 12:22:56",550.2,2,omkarrr7
6562,16664313,CompilingCoder,"2026-08-06 09:38:17",550.0,2,compilingcoder
6563,16725913,StarStone_233,"2026-08-16 07:22:12",549.9,2,starstone233
6564,16947326,"Sachin Sachdeva","2026-09-23 12:55:56",549.8,2,sachinsachdeva
6565,16662103,"Saravana Thiagarajan K","2026-08-05 21:43:42",549.6,2,saravanatk1984
6566,16732725,MackTen,"2026-08-19 08:14:01",549.5,2,mackten
6567,16664041,"an Expired Engineer","2026-08-17 12:02:21",549.5,2,sanggusti
6568,16667565,BeeDeeR,"2026-09-23 01:13:42",549.5,2,beedeer
6569,16731173,AynRmio,"2026-09-17 08:48:38",549.4,2,aynrmio
6570,16654099,"Bhupin Thapa magar","2026-08-10 09:22:06",549.3,2,vupeenthapamagar
6571,16781377,AgriMind,"2026-09-20 23:27:15",549.3,2,slimaneguermat
6572,16889017,Bigwh3el,"2026-09-23 20:52:54",548.9,2,bigwh3el
6573,16749764,Aquaflame,"2026-09-11 16:41:58",548.9,2,aquaflame
6574,16853288,ypl0lpy,"2026-09-09 07:56:50",548.9,2,ypl0lpy
6575,16881624,RetrainMap,"2026-09-12 20:08:45",548.8,2,retrainmap
6576,16671942,"JIVRAJ SINGH","2026-09-05 02:33:23",548.6,2,jivrajsingh
6577,16668175,el_dedalus,"2026-08-06 14:48:01",548.6,2,eldedalus
6578,16657290,lol-hiker,"2026-09-08 07:32:03",548.4,2,lolhiker
6579,16796810,JosephErikRibeiro,"2026-09-21 21:23:50",548.4,2,josepherikribeiro
6580,16703129,"Pratik Vadher","2026-08-10 21:08:27",548.2,1,pratikvadher
6581,16639679,"Felix Allistar","2026-09-23 09:14:32",548.2,2,felixallistar
6582,16720788,Anson,"2026-09-05 19:45:48",548.1,2,anson0496
6583,16924174,"Brijesh Sankhavara","2026-09-19 07:12:58",548.0,1,brijeshsankhavara1
6584,16726684,"William Lee","2026-08-19 15:35:28",547.9,2,notyouravgwilly
6585,16654761,"Mohammed Mukthar","2026-08-05 02:06:15",547.8,2,mohammedmukthar9
6586,16750614,"Shivansh Chaudhary","2026-09-05 06:17:27",547.8,2,shivanshchoo
6587,16656883,KK,"2026-08-05 10:27:15",547.7,2,kkonzyb
6588,16688175,aarav221w,"2026-08-25 23:40:16",547.6,2,aarav221w
6589,16892496,"Alif Mahmud 1993","2026-09-15 16:35:27",547.5,2,alifmahmud1993
6590,16809136,"Xander Lee","2026-09-04 13:56:48",547.4,2,xndlee
6591,16674504,"Arunabh Gupta","2026-08-18 11:10:33",547.3,2,"arunabhsgupt4,eggsysy"
6592,16689391,"Tejas Rajput","2026-08-08 17:21:18",547.2,2,tejasrajput123
6593,16904690,"yuya #2","2026-09-17 07:21:26",547.2,2,pineandtree
6594,16689033,arman1o1,"2026-09-01 05:01:27",547.0,2,arman1o1
6595,16810497,Garuda,"2026-09-07 06:32:01",546.7,2,santhoshreddypasnoor
6596,16660005,DreamX5678,"2026-08-06 07:55:06",546.7,2,dreamx5678
6597,16700885,"Malala Ramaha","2026-09-19 17:11:00",546.7,2,malalaramaha
6598,16659598,kudston,"2026-09-15 18:38:11",546.6,2,kudston
6599,16671237,"Jose Alejandro Rivera Jaramillo","2026-08-07 18:13:13",546.6,2,alejandroriveraj
6600,16665133,"Abhishek Dubey","2026-08-10 13:28:57",546.6,2,abhishekdubey911
6601,16775749,Yurikada,"2026-09-27 17:20:41",546.5,2,yosukeinada
6602,16665462,ZSZ,"2026-08-12 13:55:00",546.4,2,zsuzsanna2
6603,16621657,"Nikita Batuev","2026-09-22 23:14:25",546.4,2,batuevnikita
6604,16654454,"Haoxiang Li","2026-09-06 09:24:47",546.2,2,haoxiangli789
6605,16785687,"AP SEM F STUDENTS","2026-08-31 03:52:37",546.1,2,"advaithn0518,rohanjeyavel,shrivatsamurugan,stitchsages"
6606,16848263,Xenongas,"2026-09-08 14:23:14",546.0,2,xenongas1
6607,16659367,"Tayyab Aamir","2026-08-06 10:59:49",545.9,2,duketi
6608,16809800,XYZ-Siddhartha,"2026-09-19 15:57:03",545.9,2,siddharthaganguly26
6609,16744752,"Dean Johnson","2026-08-27 10:26:20",545.8,2,deanjohnson202
6610,16669597,农业农村部,"2026-08-10 19:11:08",545.8,2,"bingzhenghan,hrwan1,krasuszl"
6611,16890342,Bin.Han,"2026-09-21 05:17:00",545.8,2,binhan0514
6612,16730461,"Mubin Shaikh","2026-08-19 06:09:17",545.8,2,shaikhmubin
6613,16763287,Sathishkumartheta,"2026-08-25 18:53:26",545.8,2,sathishkumartheta
6614,16660138,"Sanchit Handa","2026-09-12 18:45:23",545.7,2,"harmanjotsingh8,sanchithanda182006"
6615,16877886,"Mohamed el.harery","2026-09-16 00:51:49",545.6,2,mohamedelharery
6616,16937883,Philip,"2026-09-21 21:27:47",545.6,2,timmi22194
6617,16699140,St.Valentine,"2026-08-18 09:49:04",545.2,2,stvalentin3
6618,16670651,Echare,"2026-09-28 15:49:21",545.0,2,echare
6619,16743815,"Asanka Pradeep","2026-08-23 14:32:46",545.0,2,asanakapr
6620,16777056,"Seb boulba","2026-08-27 21:03:26",544.6,2,sebboulba
6621,16686613,Zubatch,"2026-08-15 20:11:39",544.5,2,zubatch
6622,16720143,"AMAN PANDEY","2026-08-16 13:57:00",544.5,2,amanapofficial
6623,16655527,"Saurabh Kumar","2026-08-06 08:14:52",544.4,2,sk25oct
6624,16665894,"Pedro Wu","2026-09-03 03:40:31",544.4,2,pedropei
6625,16677231,"Ahmed Bootaan","2026-08-06 18:08:52",544.4,2,ahmedbootaan
6626,16727376,"Roko Torbarina","2026-08-18 18:31:57",544.3,2,rokotorbarina
6627,16730104,BartHeart,"2026-08-20 18:58:23",544.2,2,bartheart
6628,16762206,"mohammad khanjani2026","2026-09-06 05:17:52",544.2,2,mohammadkhanjani2026
6629,16687390,"Mark Calvert","2026-08-08 09:51:55",544.0,2,markycalvert
6630,16770674,"Arpit Jain","2026-09-02 11:44:36",543.7,2,arpitjain5
6631,16851330,umar,"2026-09-16 03:04:16",543.7,2,umar4md
6632,16774524,ShinYingChua,"2026-09-13 15:35:15",543.7,2,shinyingchua
6633,16658686,"Alpesh Kumar","2026-08-08 06:12:31",543.5,2,alpeshkumar
6634,16896490,"Yiman Gao","2026-09-21 08:15:16",543.4,2,yimangao
6635,16883042,"Stefan Berger","2026-09-20 21:06:25",543.3,2,stefanberger1111
6636,16850246,"Makarand Gokhale","2026-09-24 01:08:26",543.3,2,makarandgokhale
6637,16851079,"Nathaniel Marshall","2026-09-08 02:04:22",543.1,2,nm4rshall
6638,16694064,RRK0123,"2026-08-17 05:30:52",542.8,2,rrk0123
6639,16682815,"Saiyam Bharara","2026-08-19 15:03:06",542.7,2,saiyambharara
6640,16635377,het2554,"2026-09-13 07:55:05",542.6,2,crazy2554
6641,16677178,"YOUSSEF FAID","2026-08-11 21:10:38",542.4,2,yousseffaid
6642,16731616,"Mohamed Aashik 24","2026-09-14 19:24:28",542.4,2,mohamedaashik24
6643,16642994,"Danila Galkin","2026-08-13 19:22:17",542.3,2,danilagalkin
6644,16663210,"Marco Nasuelli","2026-09-13 15:58:07",542.0,2,marconasuelli
6645,16690869,"Yudai Hayashi","2026-08-23 09:14:30",542.0,2,yuhaya9
6646,16730030,"Jared Wilder","2026-08-17 14:23:15",542.0,2,jaredwilder
6647,16728195,"6 GOD","2026-08-21 15:50:28",541.8,2,tertospacko
6648,16855052,pk954061458,"2026-09-14 10:37:54",541.7,2,pk954061458
6649,16672370,"Yash Barhanpurkar","2026-09-10 17:36:18",541.7,2,yashbarhanpurkar
6650,16811935,"Bhargavaram Gajula","2026-09-05 18:08:56",541.7,2,bhargavaramgajula007
6651,16743846,"Hemanth Raja Guttikonda","2026-09-26 21:51:07",541.7,2,"hemanthrajg,poojithakatta18"
6652,16667025,"Anjitha Mekkayil Anand ","2026-08-28 05:59:46",541.5,2,anjithamekkayilanand
6653,16841589,加藤正樹,"2026-09-06 01:59:11",541.5,2,masaki9920
6654,16806260,"Kotaro Furuno","2026-09-03 14:36:00",541.4,2,kotarofuruno
6655,16658116,Emmy,"2026-09-26 08:34:35",541.3,2,emmyone
6656,16792449,SKYisSKYisSKY,"2026-08-31 04:16:07",541.3,2,skyisskyissky
6657,16658009,"Lando Wang","2026-08-05 02:18:17",541.3,2,landowang
6658,16831074,BiNar,"2026-09-27 09:04:57",541.3,2,durbinar
6659,16693988,"Pranav Gupta","2026-08-18 03:51:41",541.2,2,kumbhakarann
6660,16663708,"Imran Ahamed","2026-09-23 19:36:27",540.9,2,immu4989
6661,16728220,Naki,"2026-09-08 11:50:44",540.9,2,nanakiohashi
6662,16670596,prabalsingh_23,"2026-08-26 02:33:14",540.8,2,prabalsingh23
6663,16692995,RafaMartinaitis,"2026-08-22 11:50:10",540.8,2,rafaelmartinaitis
6664,16686655,"Emir Baki Demirci","2026-09-26 00:48:25",540.8,2,emirbakidemirci
6665,16885464,"Javier Hernáez","2026-09-19 18:09:39",540.7,2,javierhernaez
6666,16687448,"Israel Burns","2026-08-12 08:41:38",540.7,2,israelburns
6667,16724819,Dwij12,"2026-08-20 18:28:01",540.6,2,dwij12
6668,16734595,"Abhimanyu Singh","2026-08-20 12:52:38",540.5,2,abhimanyusingh170702
6669,16841858,"Aadit Agrawal","2026-09-08 07:23:56",540.5,2,aaditagrawal
6670,16899050,SerenaLsr,"2026-09-16 03:35:02",540.5,2,serenalsr
6671,16718445,"Hamza Elmorjani","2026-08-15 12:16:55",540.4,2,hamzaelmorjani03
6672,16845593,matsudaatom,"2026-09-07 14:44:59",540.4,2,matsudaatom
6673,16774843,"Assylkhan Kerey","2026-08-30 03:16:54",540.4,2,n0nlyy
6674,16887280,"ronger zhu","2026-09-17 04:03:22",540.2,2,rongerzhu
6675,16697941,"Raphael Coelho","2026-08-16 15:24:28",540.2,2,raphaelrrcoelho
6676,16659418,"Fonge Bertin","2026-08-06 09:26:33",540.0,2,fongebertin
6677,16654640,"Halil Akbas","2026-08-28 00:32:12",540.0,2,halilbrahimakbas
6678,16669165,"IT Neko","2026-08-14 13:17:33",539.9,2,"nirvaanaa,zhexuanyecust"
6679,16787010,"Samir Patel","2026-09-04 02:59:28",539.9,2,mesamirpatel
6680,16637776,MarvelousXun,"2026-08-03 09:33:38",539.9,2,marvelousxun
6681,16663551,"Germinator G-1000","2026-09-18 19:25:47",539.9,2,sinkingpoint
6682,16793913,"Vrushal Patil","2026-09-06 11:13:36",539.7,2,vrushalpatil
6683,16892008,#FeedThePuffer,"2026-09-21 02:24:32",539.7,2,"andrdalbosco,gabmaury"
6684,16667818,AjayVarma555,"2026-08-09 15:14:45",539.5,2,ajayvarma555
6685,16863952,"Kuei-Hsien Chu","2026-09-10 06:14:39",539.4,2,formosa21
6686,16823853,Zerbytheboss,"2026-09-06 22:03:05",539.4,2,zerbytheboss
6687,16774317,A_yuki,"2026-09-21 16:26:27",539.3,2,yukiys
6688,16632510,shi_koyo,"2026-08-04 08:58:56",539.1,2,shikoyo
6689,16738261,"Samuel Moreira","2026-08-24 14:11:40",539.1,2,samuelmoreira420
6690,16655272,"Artur Sakhiullin","2026-08-09 14:27:52",539.0,2,artursakhiullin
6691,16667143,"Noct-Tech zombie","2026-08-06 13:46:51",539.0,2,jo3thaboss
6692,16844385,"Michael Leo Tan","2026-09-08 02:56:03",539.0,2,michaelleotan
6693,16702359,"Ethan Pl","2026-08-11 19:43:21",538.8,2,ethanpl
6694,16723037,"Red Cat","2026-09-10 19:23:50",538.6,2,severl
6695,16707767,"Lai Eu Wen","2026-08-16 16:47:50",538.6,2,laieuwen
6696,16690940,NKryst,"2026-08-29 10:57:18",538.6,2,nkryst
6697,16670544,"William Rients","2026-08-06 00:01:02",538.6,2,williamrients
6698,16913155,DT,"2026-09-20 14:19:20",538.5,2,"bhd233,vatlegend"
6699,16839030,minedmap,"2026-09-07 20:19:52",538.5,2,minedmap
6700,16655426,engin_zhou,"2026-08-05 15:21:18",538.3,2,enginzhou
6701,16658106,"Devam juthani","2026-08-05 08:18:14",538.0,2,devamjuthani
6702,16702118,"cemal özdeniz","2026-08-10 20:27:17",537.9,2,cemalzdeniz
6703,16681149,Lee14k,"2026-08-19 17:00:35",537.9,2,lee14k
6704,16846408,"Arpit Gole","2026-09-16 02:21:23",537.8,2,connecttoarpitgole
6705,16743823,"Zeyu Huang_summer","2026-09-14 15:40:41",537.7,2,zeyuhuangsummer
6706,16717742,"Ghawwjsb Vsjsjsbs","2026-08-13 22:32:49",537.7,2,ghawwjsbvsjsjsbs
6707,16654943,"Alexis Selorm Gbeckor - Kove","2026-08-10 11:44:58",537.7,2,advancedbeginner
6708,16656792,"Gnanaprakash R","2026-08-28 15:05:38",537.5,2,gnanaprakashr
6709,16677303,"Chase Martyn","2026-08-19 02:05:12",537.4,2,chasemartyn
6710,16748603,有本事出来单挑,"2026-09-28 08:54:18",537.3,2,qianzhonhao
6711,16652635,panacea9320,"2026-08-05 10:45:06",537.2,2,panacea9320
6712,16658775,"Vincent Pan","2026-08-29 12:55:20",537.1,2,"judithhong,vincentpan2005"
6713,16676360,"Chris Kang","2026-08-17 10:07:49",537.0,2,rukawa917
6714,16674612,"Muhammad Dhiaz Rafilianza","2026-09-25 12:28:11",536.9,2,dhiazr
6715,16664731,UT,"2026-08-21 15:24:42",536.7,2,"sabapunch,wasshan"
6716,16732609,"Filippo Paninforni","2026-08-19 18:30:22",536.6,2,filippopaninforni
6717,16917921,xxxx333,"2026-09-19 03:58:31",536.6,2,xxxx333
6718,16706413,"Song Research","2026-08-18 00:39:36",536.5,2,sangbong91
6719,16782187,"Margo Kim","2026-08-28 19:15:18",536.4,2,margokim
6720,16744239,"Diogo Gomes ","2026-08-25 09:39:28",536.3,2,diogogomes
6721,16756388,"Sam Scott","2026-08-22 22:04:06",536.3,2,shepard5
6722,16704437,babybuffalo,"2026-08-25 16:11:16",536.3,2,babybuffalo
6723,16674841,"Syna Bedi","2026-08-15 09:57:28",536.0,2,synabedi
6724,16681509,"Kethan Sai","2026-09-18 09:53:32",536.0,2,kethansaikoneru
6725,16837934,"Osman ILICA","2026-09-09 02:30:19",536.0,2,osmanilica
6726,16657871,Lucienne,"2026-08-05 03:13:59",535.9,2,yangnianan
6727,16702820,"Plorek ","2026-08-28 11:28:11",535.9,2,plorek
6728,16764600,"Tanmay Shingavi","2026-09-03 05:43:57",535.7,2,decodingafterlife
6729,16671364,"Mike Riggs","2026-08-09 03:22:55",535.6,2,riggsasi
6730,16732307,"Shobha Vashishtha","2026-08-17 12:32:07",535.5,1,shobhavashishtha
6731,16621811,"Shaun Andrade","2026-08-01 00:44:42",535.4,2,shaunandrade
6732,16635746,"jeon hyeon woo","2026-08-13 15:32:43",535.3,2,jeonhyeonwoo
6733,16660295,Pentos,"2026-08-10 00:06:56",535.3,2,nishiumi
6734,16740662,宣城市机械电子职业技术学院,"2026-09-15 02:05:22",535.3,2,chenzhengy
6735,16667500,jiannebab,"2026-08-14 14:29:12",535.1,2,jiannebab
6736,16800950,"Mani Kanta Kalluru","2026-09-09 17:17:20",535.0,2,manikantakalluru
6737,16775237,"Haruki Iwase","2026-09-12 14:38:17",534.9,2,harukiiwase
6738,16749104,danielx119,"2026-08-20 16:36:00",534.9,2,danielx119
6739,16655571,yuken,"2026-08-07 13:27:53",534.8,2,yukenai
6740,16736261,"Saptanshu Samal","2026-08-22 12:02:42",534.8,2,saptanshusamal
6741,16684886,HTHub,"2026-08-08 00:12:47",534.7,2,adegokesaidi
6742,16715495,Yashi003,"2026-08-24 04:44:40",534.7,2,yashi003
6743,16726080,"Arda Yasar","2026-08-19 06:02:10",534.7,2,ardayasar
6744,16782993,hayashida,"2026-09-07 14:01:36",534.7,2,daichihayashi
6745,16718366,RATriculture,"2026-08-28 19:15:28",534.6,2,tarasshchur
6746,16697704,"Leonid Matetskiy","2026-08-09 21:39:06",534.6,2,leonidmatetskiy
6747,16691552,"Koshtubh Singh Parihar","2026-08-09 03:19:39",534.5,2,koshtubhsinghparihar
6748,16862124,"Lei Yang23","2026-09-16 18:09:55",534.4,2,leiyang23
6749,16633934,Alexy,"2026-08-25 04:40:02",534.1,2,alexycactus
6750,16731996,Chloe,"2026-08-18 02:58:05",534.0,2,chenchloehaimo
6751,16712921,"Come Back","2026-08-20 00:45:45",533.8,2,amirhosseinltf
6752,16630837,"Vishal Sharma","2026-08-05 18:24:44",533.6,2,vishal40182
6753,16655075,"Félix Rodríguez Roble","2026-08-04 09:16:25",533.6,2,flixrodrguezroble
6754,16762994,AdvancedRising,"2026-09-13 14:54:28",533.5,2,advancedrising
6755,16708907,"[Deleted] 84526ff4-3aed-4b4b-a45f-a4486f01cb7b","2026-08-13 20:01:55",533.5,2,del=34c747d6ee8d2bd7
6756,16689919,"Koren Ben Ezra","2026-08-08 17:49:55",533.4,2,korenbenezra
6757,16690736,omarkami007,"2026-08-11 18:40:45",533.1,2,omarkami007
6758,16841827,"pohang milk collector","2026-09-20 14:27:51",533.0,2,"duckhun,idearendil"
6759,16676155,"Adam Carnaffan","2026-08-07 16:48:03",533.0,2,adamcarnaffan
6760,16673359,hasshi7965,"2026-09-23 04:34:47",533.0,2,hasshi7965
6761,16761451,gulag,"2026-08-24 03:39:54",532.9,2,moglin
6762,16719172,"Victor Carriço","2026-08-24 03:35:14",532.9,2,kronossaurus
6763,16675066,Opticulture,"2026-08-16 12:19:48",532.8,2,"bajibaburowthu,ponnuripavankumar,radhakrishnadoredla,veereshkumar1219"
6764,16657105,"Mathijs Deelen","2026-08-05 01:16:34",532.7,2,mathijsdeelen
6765,16819076,"Keyur Gohel","2026-09-22 16:04:23",532.6,2,venuzdonoa
6766,16660540,Minikotey,"2026-08-16 15:34:40",532.6,2,juliapatarishina
6767,16655651,"Kevin Cho","2026-09-14 16:40:58",532.2,2,chokevinjs
6768,16738923,Quantum,"2026-08-29 01:40:45",532.2,2,jawadxhassan
6769,16654351,"Manish Kumar","2026-08-04 07:45:22",532.0,2,manishkumarphd2000
6770,16744898,"Tore Erdmann","2026-09-19 16:19:24",531.9,2,toreerdmann
6771,16658820,"Jonathan Ashenaf1","2026-08-11 16:59:20",531.9,2,jonathanashenaf1
6772,16673981,"Aarya Jadhav","2026-09-22 15:24:49",531.8,2,aaryajadhav0310
6773,16892255,"Jegors Čemisovs","2026-09-23 21:02:44",531.7,2,fortemate
6774,16826099,"Aykut Çağlar","2026-09-15 16:08:32",531.6,2,aykutcaglar
6775,16866643,"Yan Slabodich","2026-09-15 08:02:34",531.5,2,yanskij
6776,16692246,"Pamod Jayaneth","2026-09-08 05:13:09",531.4,2,pamodjayaneth
6777,16771283,taroyan-vamos,"2026-09-08 15:31:54",531.4,2,taroyanvamos
6778,16880022,Abdulbosid,"2026-09-26 21:40:56",531.4,2,abdulbosid
6779,16726873,@F,"2026-08-16 01:43:22",531.4,1,atefbouzid
6780,16744534,"Leonardo Custode","2026-09-11 09:16:04",531.3,2,leocus
6781,16712746,itsraininnnn,"2026-08-12 16:38:56",531.3,1,itsraininnnn
6782,16658151,"Nguyễn Phúc Gia Bảo","2026-08-06 15:15:07",531.3,2,kevincrazy678
6783,16644508,"Vandana Pathania","2026-08-22 21:59:37",531.3,2,vandanapathania
6784,16868576,DarkhanShakhan,"2026-09-15 20:17:01",531.2,2,darkhan1991
6785,16865454,"Zhihuan Xue","2026-09-16 11:16:53",531.1,2,xuantianfengwu
6786,16811603,hundun,"2026-09-04 09:48:18",531.1,2,zhongh4oyang
6787,16699756,"zhang xin","2026-09-23 02:00:57",530.8,2,zhangxin300
6788,16808696,마짱MAZZANG,"2026-09-04 09:41:16",530.7,2,mazzang
6789,16750666,"Mitali Yadav","2026-09-23 07:31:39",530.6,2,mitaliyadav18
6790,16704569,"Lorenzo Grattarola","2026-08-16 22:24:15",530.5,2,lorenzograttarola
6791,16673712,"Alejandro Betato","2026-08-16 10:48:24",530.3,2,alejandrobetato
6792,16727009,B05801037,"2026-08-18 02:28:48",530.3,2,peteropop
6793,16657981,"Arijit Kar","2026-08-18 11:05:52",530.2,2,demonicak
6794,16676534,AlphaBound,"2026-08-25 05:26:32",530.0,2,somsubhrometya
6795,16695799,Vaycheslav,"2026-09-22 08:05:40",529.9,2,vaycheslav
6796,16692637,"Blox Amaze","2026-08-09 09:47:42",529.9,2,bloxamaze
6797,16783367,hezhiqian,"2026-09-17 00:06:34",529.8,2,hezhiqian
6798,16673333,"Dimas Renggana","2026-08-06 23:40:39",529.7,2,dimasrenggana
6799,16656690,"Sushant Kumar (xWF)","2026-08-06 04:44:38",529.6,2,sushantkumarxwf
6800,16845148,"nasa Furiy","2026-09-07 08:24:40",529.5,2,nasafuriy
6801,16704864,ksj00610,"2026-08-12 08:47:16",529.5,2,ksj00610
6802,16691164,"Krishna Saathwik","2026-08-13 13:50:40",529.4,2,krishnasaathwik
6803,16674599,"Luka Duvanov","2026-08-19 22:03:46",529.4,2,nekkon
6804,16663437,inversion,"2026-08-04 20:44:41",529.3,1,inversion
6805,16928039,"Hideki Fujiwara","2026-09-27 22:06:38",529.2,2,hidekifujiwara
6806,16657104,"Bashar Gamal","2026-09-15 05:51:30",529.1,2,bashargamal
6807,16660364,dadandsats,"2026-08-14 11:41:04",528.9,2,continuingdev
6808,16680297,"Ajay Singh","2026-08-08 04:33:24",528.7,2,ajaysinghg
6809,16915731,INF2_josallo4_anpego3,"2026-09-20 16:30:53",528.7,2,josepsalvador
6810,16769793,"Shivam Batra","2026-08-26 14:21:49",528.7,2,shivam744
6811,16728743,Miki_Nuummiu,"2026-09-16 20:54:12",528.6,2,mikinuummiu
6812,16634316,"Cao Tùng Lâm","2026-09-01 07:16:08",528.5,2,liamislazy
6813,16849108,raypratik,"2026-09-25 10:19:40",528.3,2,raypratik
6814,16660035,NoNamedeo,"2026-08-27 14:20:15",528.3,1,nonamedeo
6815,16659309,irisV11,"2026-08-18 05:23:01",528.2,2,irisv11
6816,16730649,Mink,"2026-09-20 22:14:02",527.8,2,"mahendransaeyohnn,mysterious5577"
6817,16702481,"Scott G","2026-08-13 15:19:02",527.8,2,verifiedscott
6818,16669479,"Shifa Salsabiila","2026-08-09 02:56:11",527.3,1,shifasalsabiila
6819,16795609,2023314806_이승민,"2026-09-04 10:21:31",527.2,2,sminleeee
6820,16747345,"Alex #3","2026-09-17 08:59:07",527.2,2,alexb99
6821,16623112,Tians12,"2026-08-09 19:10:24",527.2,2,tiansang12
6822,16844527,"Suyog Gund","2026-09-12 18:30:05",527.1,2,suyoggund
6823,16699711,"maxscender ","2026-08-13 14:03:35",527.1,2,maxscender
6824,16690352,"Aled von Oppell","2026-09-24 16:04:36",527.1,2,aledgvonoppell
6825,16892437,chukbert,"2026-09-26 06:29:07",527.0,2,chukbert
6826,16670274,"dankwa wadie","2026-09-01 08:45:40",526.8,2,dankwawadie
6827,16795997,"Boyu Wan","2026-09-04 04:58:57",526.7,2,pupudan
6828,16736636,torch,"2026-08-18 10:35:29",526.6,2,rhtsingh
6829,16844334,lsnm,"2026-09-07 15:02:17",526.6,2,eliasnema
6830,16690152,"The Ceris","2026-08-16 11:49:31",526.6,2,amedeopachera
6831,16790206,"bogdan chirkov","2026-09-15 13:46:30",526.5,2,bogdannchirkovv
6832,16895374,JerryWang19,"2026-09-15 08:09:57",526.3,1,jerrywang19
6833,16658014,Bharath,"2026-09-28 14:14:04",526.2,2,pes2ug23cs121
6834,16857823,"Hà Công Nga ","2026-09-10 02:49:42",526.2,2,hcngnga
6835,16686149,"Luc Mantoux","2026-08-09 20:25:33",526.2,2,lucmantoux
6836,16765031,"Allen JL Li","2026-08-27 06:12:23",526.1,2,allenjlli
6837,16773779,"Daichi Tanaka","2026-08-31 03:38:48",526.1,2,daichit64
6838,16794797,zzzyan10,"2026-09-21 02:45:51",526.1,2,zzzyan10
6839,16890221,"Kalebu Makombe","2026-09-14 10:07:31",525.9,2,kalebuomakombe
6840,16926556,Fufig,"2026-09-20 17:31:56",525.9,2,yafufig
6841,16669545,"Rishabh Gupta","2026-08-06 18:19:04",525.8,2,rishabhguptajs
6842,16729531,alfphafarm,"2026-08-19 19:09:48",525.8,2,vudattumaniteja
6843,16697681,"Mahfujur Rahman Rakib","2026-08-10 05:14:21",525.8,2,mahfujurrahmanrakib
6844,16697800,DR_Mkelvo,"2026-08-09 20:42:15",525.8,1,drmkelvo
6845,16718565,Frankyface,"2026-08-13 18:54:37",525.7,1,frankyface
6846,16679364,VicD,"2026-08-14 20:16:52",525.6,2,durandv
6847,16710521,"Natpaphon Nukhunthod","2026-08-17 03:37:15",525.6,2,natpaphonnukhunthod
6848,16668817,"Sean ODonnell","2026-08-08 03:27:47",525.6,2,sjean11
6849,16675585,"Jacob Joy","2026-08-11 12:13:06",525.5,2,jac0b1
6850,16709494,"Aditya Dushara","2026-09-10 22:24:55",525.5,2,adityadushara
6851,16673324,Amaranta,"2026-09-21 18:08:18",525.2,2,ulyanovantonamaranta
6852,16827864,"Tùng Dương Bùi","2026-09-04 14:31:54",525.1,2,tdbui1209
6853,16671420,"Chengchen Duan","2026-08-17 15:25:09",525.1,2,chengchenduan
6854,16667794,knadithyavr,"2026-08-13 12:24:05",525.0,2,knadithyavr
6855,16671779,"Syed Jawad","2026-09-06 12:12:28",525.0,2,syedjawad11
6856,16710512,FishWotou,"2026-08-19 04:45:40",524.9,2,fishwotou
6857,16825999,"Atsushi Yoshikawa","2026-09-07 02:06:13",524.9,2,atsushiyoshikawa
6858,16673923,"Gabriele Giacometti","2026-09-10 12:15:50",524.8,2,gabrielegiacometti
6859,16794491,"Sushant Pargaonkar","2026-09-02 02:59:45",524.6,2,sushantpargaonkar
6860,16658477,"chathura prasadh9817","2026-08-06 07:18:04",524.6,2,chathuraprasadh9817
6861,16712902,"Ethan Benjamin Cole","2026-08-13 12:19:26",524.3,2,ethanbenjamincole
6862,16762881,Yuki0x80,"2026-09-22 14:30:53",523.8,2,saiyuki1919
6863,16723125,"Shubham Dhapola","2026-08-16 13:35:23",523.7,2,shubhamdhapola24
6864,16652952,lackmind,"2026-09-04 18:46:11",523.7,2,lackmind
6865,16786297,isxinhe,"2026-09-19 16:25:26",523.7,2,isxinhe
6866,16701795,Proshian,"2026-08-11 00:01:04",523.7,2,proshian
6867,16855185,ArdiaNova,"2026-09-18 11:08:04",523.6,2,ardianova
6868,16700441,"Houssem RIAHI","2026-08-27 14:54:09",523.6,2,houssemriahi
6869,16798918,"Toan Nguyen Mau","2026-09-07 08:39:35",523.6,2,toannguyenmau
6870,16742172,"Felisitas Mellania","2026-09-11 06:39:04",523.6,2,felisitasmellania
6871,16733910,davidsmith42,"2026-08-19 23:59:03",523.3,2,ananthvydianath42
6872,16661432,"Ange Adantchede","2026-09-28 09:00:05",523.3,2,angeadantchede
6873,16869733,narwhal,"2026-09-28 03:43:46",523.1,2,justinye0
6874,16740248,KK_nut,"2026-08-25 03:26:52",523.1,2,k0k0nut
6875,16843393,"Rizki Syawaldi","2026-09-27 15:28:38",523.0,2,rizkisyawaldi
6876,16717850,"HeeGwan Lee","2026-09-06 11:51:49",522.9,2,heegwanlee
6877,16662313,"Maximus Sambucetti","2026-08-09 15:36:46",522.9,2,maximussambucetti
6878,16845161,"Abate etienne","2026-09-08 00:28:04",522.8,2,abateetienne
6879,16664143,"Lucas Henrique Mateo","2026-08-21 19:10:52",522.8,2,lucashmateo
6880,16762010,"Ivan Piaternev","2026-09-15 08:14:40",522.7,2,iamvanya
6881,16622938,"Farmville Redux","2026-08-03 18:58:04",522.7,2,daveconnor
6882,16666483,"Salih Erdem Kaymak","2026-08-08 17:32:38",522.7,2,saliherdemkaymak
6883,16843633,"Arbnor Grubi","2026-09-13 02:32:30",522.7,2,protocool
6884,16731887,"hoo aam","2026-08-21 05:37:16",522.5,2,hooaam
6885,16637894,"Leonardo Domingues","2026-09-25 17:28:07",522.4,2,leonardodomingues
6886,16731729,"Sumit Bopche","2026-08-21 15:53:56",522.3,2,sumitbopche
6887,16674540,"Pratik Priyanshu","2026-08-07 18:28:12",522.2,2,pratikpriyanshu5
6888,16718042,"Muddassir Shah","2026-09-02 21:49:44",522.2,2,wisemanseed
6889,16793150,Comet19,"2026-08-31 10:53:04",522.2,2,comet19
6890,16681660,"Parham Ghazanfari","2026-08-07 20:18:18",522.2,1,parhamghazanfari
6891,16663766,"Anup Gautam","2026-08-08 01:29:10",522.1,2,anupanda
6892,16743001,Nikhilasree,"2026-09-03 11:33:45",522.0,2,nikhilasree2003
6893,16759246,wangfeifei_si,"2026-08-26 14:27:19",521.9,2,wangfeifeisi
6894,16675900,"Pranav Advani","2026-09-28 16:57:18",521.7,2,pranavadvani
6895,16741766,lrik00,"2026-09-15 13:27:32",521.7,2,lrik00
6896,16640077,larry54321zhao,"2026-09-09 08:48:32",521.7,2,larry54321zhao
6897,16756029,EndCreeper,"2026-09-18 15:46:59",521.7,2,endcreeper
6898,16632253,nasuuuuun,"2026-08-04 13:30:11",521.6,2,hikarumatsuzaki
6899,16667011,"Chung Yu Jin","2026-09-21 05:44:32",521.5,1,chungyujin24
6900,16661550,SeriouS_K,"2026-09-24 08:28:49",521.4,2,serious101
6901,16764330,"Koral Kulacoglu","2026-08-26 04:51:33",521.4,2,koralkulacoglu
6902,16640504,"Recep Öztürk","2026-08-26 11:19:31",521.4,2,rcpztrrk1
6903,16666597,Ramkumar4240,"2026-08-10 12:19:20",521.3,2,ramkumar4240
6904,16840437,nick.ai007,"2026-09-10 06:36:01",521.3,2,nickai007
6905,16669595,evanca,"2026-08-08 12:27:56",521.3,2,evanca
6906,16677360,"Jatin Chawla","2026-08-08 13:45:06",521.2,2,jatin221
6907,16729157,HahaTaco,"2026-09-12 17:33:16",521.1,2,hahataco
6908,16845760,Alyosha85,"2026-09-07 05:42:01",521.1,2,alyosha85
6909,16767800,awee,"2026-09-07 19:34:52",521.0,2,aweertw
6910,16752665,"Dominik Toric","2026-09-14 17:20:14",520.8,2,dominiktoric
6911,16867745,"Carlos Uño Magne","2026-09-13 15:09:49",520.7,2,carlosuomagne
6912,16660419,"Kai-Shih Chiu","2026-08-06 12:54:22",520.6,2,kaishihchiu
6913,16808641,papajams,"2026-09-28 07:06:23",520.5,2,papajams
6914,16675461,mins0_0,"2026-08-30 07:50:53",520.5,2,mins00
6915,16774333,"Nazim Shoikot","2026-09-03 11:20:20",520.5,2,nazimshoikot71
6916,16929796,"Emre Balsar","2026-09-20 11:03:09",520.4,2,emrebalasar
6917,16697346,"sayyid mogaka","2026-08-10 21:37:36",520.2,2,sayyidmogaka
6918,16853582,"Qiao Ke","2026-09-09 09:44:44",520.2,1,bridgekk
6919,16880707,Joy_22@1,"2026-09-25 18:15:40",520.2,2,joy221
6920,16756131,"Emre Atilgan","2026-08-24 20:20:06",520.1,2,emreatilgan
6921,16760226,"Erich Hofstötter","2026-08-24 15:49:06",520.1,2,erichhofsttter
6922,16639408,Invictus,"2026-08-11 22:44:04",520.0,2,nicho256
6923,16632504,"[Deleted] c2f6c5d5-ecb1-4f92-95d7-7c9f0fd3474f","2026-07-31 16:04:32",519.7,1,ryota517
6924,16708625,"Lê Văn Pháp","2026-08-29 03:15:56",519.7,2,"linhsarah,lvnphp"
6925,16692450,duckypants,"2026-08-23 20:36:59",519.6,2,duckypants
6926,16668022,"Lady and tech","2026-08-19 04:08:50",519.5,2,ladyandtech
6927,16688220,Aadi,"2026-08-24 23:10:37",519.5,2,aadicv
6928,16657807,"Ragav Rida","2026-08-07 16:22:34",519.4,2,ragavrida
6929,16730105,"Leonardo Palis","2026-08-17 03:35:05",519.3,2,leonardopalis
6930,16752153,zhao569,"2026-09-17 08:34:24",519.3,2,zhao569
6931,16914771,"Moritz Schobesberger","2026-09-17 15:21:34",519.2,2,moritzschobesberger
6932,16659507,"Lokesh Lalan","2026-08-26 08:51:50",519.1,2,lokeshlalan
6933,16664750,"shubham kumar","2026-09-13 16:24:23",519.1,2,shubzk17
6934,16658718,"Duong Bao Duy","2026-09-15 13:31:45",519.1,2,duongbaoduy
6935,16663677,"Aghazie David","2026-08-07 00:32:14",519.0,2,aghaziedavid
6936,16791027,"Ryan Cheung","2026-09-07 04:46:47",519.0,2,doggychip
6937,16722028,"Aw Ming Xuan","2026-08-16 09:24:48",519.0,2,awmingxuan
6938,16885591,Orange,"2026-09-13 11:30:58",519.0,2,orangecoppers
6939,16621523,"Victor Orihuel","2026-08-18 05:40:18",518.9,2,victororihuel
6940,16840480,jignesh13,"2026-09-16 19:33:04",518.9,2,jignesh13
6941,16662293,"Alejandro Fonda","2026-09-25 00:56:43",518.8,2,alejandrofonda
6942,16731013,"Abimael Firstana","2026-09-11 06:55:02",518.7,2,abimaelfirstana
6943,16663864,RamónLópez,"2026-09-25 21:45:37",518.7,2,lopeznomar
6944,16678633,"Tanishq Tayade","2026-09-14 21:39:04",518.6,2,tanishqtayade
6945,16732003,"HAO jia liu","2026-08-18 09:58:05",518.4,2,haojialiu
6946,16844670,"Zheng haoling","2026-09-07 04:22:40",518.4,2,zhenghaoling
6947,16664841,vohi01,"2026-09-26 06:42:32",518.3,2,vohi01
6948,16865918,yh00722,"2026-09-14 04:52:38",518.3,2,yh00722
6949,16713236,kingofeverything,"2026-09-28 03:24:13",518.2,2,"kingofeverything,skyyyang"
6950,16743438,嘎嘎滴辣晒,"2026-08-24 09:30:32",518.2,2,yuhangzhang0621
6951,16823519,GarciasN,"2026-09-07 18:43:18",518.2,2,garciasn
6952,16669028,"Atishay Kasliwal","2026-08-11 17:54:59",518.2,2,atishaykasliwal
6953,16669396,Fleo98,"2026-08-10 15:43:34",518.1,2,fleo98
6954,16784966,oouiaa,"2026-09-03 21:53:59",518.0,2,tomofumihata
6955,16767754,"Dr. T","2026-09-23 06:55:54",518.0,2,davinor
6956,16724904,"Carlos Eduardo De Paula Arantes","2026-08-15 15:48:43",517.9,2,carloseduardo1753
6957,16696526,"Reda HEDDAD","2026-09-05 21:17:22",517.9,2,redaheddad
6958,16861492,Adi_271,"2026-09-10 09:47:25",517.9,2,adi271
6959,16659181,Hongjie04,"2026-08-05 04:07:04",517.8,2,hongjie04
6960,16778145,TW_益民_li,"2026-09-03 12:28:49",517.8,2,liyimintw
6961,16735517,"Philipp k-s","2026-09-13 19:12:05",517.7,2,philippkeussenstrau
6962,16752899,"Nicolò Alberti","2026-08-23 09:16:36",517.7,2,nicolalberti
6963,16846845,Shunsuke,"2026-09-07 15:25:38",517.7,2,shunsukeisono
6964,16680108,dentalsoup,"2026-08-07 09:03:47",517.5,2,afinemonkey
6965,16679671,Ash0666,"2026-08-09 19:28:52",517.5,2,ash0666
6966,16685652,LeonDuue,"2026-09-01 06:55:54",517.4,2,leonduue
6967,16658391,"Jack #2","2026-09-23 17:30:45",517.3,2,jack1233
6968,16863015,"Carlos Jaime","2026-09-24 03:14:47",517.3,2,cjaime708
6969,16795624,"Shashwat Khare","2026-09-02 01:46:54",517.2,2,shshwtkhr
6970,16756858,"Rushi A.","2026-08-23 18:54:03",517.1,2,rushia
6971,16781545,"Jake Lin","2026-09-23 01:14:34",517.0,2,jakelinai
6972,16657794,"Aromal vK","2026-08-06 15:35:11",516.9,2,aromalvk
6973,16907148,Blooriculture,"2026-09-27 18:29:12",516.8,2,"aarnsantosgonzlez,danireyna08,fernandopardoalonso,marcobarrancomoreno"
6974,16718363,"Jarbas Camurça","2026-08-28 11:15:44",516.7,2,pjarbas
6975,16663188,"Ethan Feng","2026-08-05 22:09:38",516.6,2,xenon111231
6976,16927697,Mikiyaas,"2026-09-25 11:09:28",516.5,2,mikiyaas
6977,16811259,"Aaryan Agarwal","2026-09-03 20:21:00",516.4,1,aaryanagarwal
6978,16729202,Sven,"2026-08-27 21:55:40",515.9,2,sventleman
6979,16631772,yuki,"2026-08-03 17:39:58",515.6,2,yururoi
6980,16663232,"Marco Mangan","2026-09-06 21:20:24",515.6,2,masmangan
6981,16635145,"Isaac Menard","2026-08-05 21:11:36",515.6,2,isaacmenard
6982,16673191,juliye,"2026-08-10 03:49:13",515.5,2,juliye
6983,16740709,"Abimael Firstana #2","2026-09-11 07:19:13",515.2,2,abimaelfirstana99
6984,16726052,"Peter Mugoya","2026-09-28 04:50:06",515.2,2,petermugoya
6985,16714592,"Carey Casile","2026-08-14 18:34:16",515.0,2,ccasile
6986,16664140,Sxwat,"2026-08-23 01:13:13",515.0,2,aybatov
6987,16722366,"Aki Lit","2026-08-14 23:24:20",515.0,2,akilit
6988,16682076,"Igor Riegel","2026-09-02 14:49:12",514.8,2,igormriegel
6989,16669118,"yunus yavuz","2026-08-05 21:51:21",514.7,2,yunusyvz
6990,16735702,opflare,"2026-09-04 23:47:49",514.7,2,opflare1144user
6991,16686912,@mldsdev,"2026-08-13 02:07:44",514.6,2,lan1mel
6992,16662751,ZeD,"2026-08-06 10:11:24",514.5,2,hussamcheema
6993,16649339,"华东 朱","2026-09-22 16:35:19",514.5,2,mgdbzny
6994,16664142,"The Studio 1","2026-08-16 23:04:06",514.5,2,landonsheatsley
6995,16777150,Eduardo2c,"2026-09-06 14:23:04",514.5,2,eduardo2c
6996,16897043,"Suyog Dahal","2026-09-26 15:45:17",514.3,2,uzumakidahal
6997,16926574,"walid waccub","2026-09-19 22:12:00",514.3,2,walidwaccub
6998,16661066,"André Kuster","2026-08-06 00:54:20",514.2,2,andrkuster
6999,16662057,DeokJin,"2026-08-05 04:01:38",514.1,2,deokjin
7000,16658738,Aman,"2026-08-05 11:12:10",514.1,2,amank95amank95
7001,16675264,"Alon Bar Koter","2026-08-06 16:16:43",514.0,2,alonbarkoter
7002,16716632,shini47,"2026-08-22 20:30:17",514.0,2,shini47
7003,16662875,Jimmy,"2026-09-21 04:29:42",513.9,2,jiyo4476
7004,16808492,"beginner's luck","2026-09-28 18:01:19",513.6,2,"naohs01,tropicalbanana"
7005,16717716,"Диас Издибаев","2026-08-15 05:32:14",513.6,2,diasiz1
7006,16672463,"Muzammil Baloch","2026-08-07 12:45:39",513.4,2,muzammilbaloch
7007,16740534,"Gao Wenjiang","2026-09-02 09:48:37",513.3,2,gaowenjiang
7008,16676259,Th_Gbay,"2026-08-19 20:42:35",513.2,2,thgbay
7009,16740646,"Darren Chung","2026-08-25 18:00:27",513.1,2,chungdarren
7010,16691271,"Ashler Herrick","2026-08-09 14:54:33",513.1,1,ashlerjohnherrick
7011,16748774,"hakan ulucan","2026-08-25 19:19:11",513.0,2,hakanulucan
7012,16638645,ChrisDavis,"2026-08-03 23:29:34",513.0,2,alpacas
7013,16659813,"Uday Kumar R","2026-08-13 09:47:39",512.9,2,udaykumarramineni
7014,16675074,ahiokk,"2026-08-07 07:58:44",512.9,2,ahiokk
7015,16661832,"Roberto Garcia","2026-08-08 15:09:39",512.5,2,robertogarciada
7016,16683383,Boardgamers,"2026-09-27 23:17:41",512.3,2,"cgchirag,hitishagoyal,nandneepriya,navneetprabhat"
7017,16753887,"Hong Tang","2026-08-24 21:41:20",512.2,1,hongtang15
7018,16890133,Adsterr,"2026-09-19 07:58:59",512.1,2,adsterr
7019,16666328,"Dornus !","2026-08-05 21:53:19",511.8,2,dornus
7020,16761751,KrishnaKumar_AIML,"2026-09-02 14:38:24",511.7,2,krishnakumarcsr
7021,16738456,"Pritul Raut","2026-08-21 08:45:04",511.5,2,pritulraut
7022,16674076,rigsutra,"2026-09-12 16:57:45",511.4,2,rigsutra
7023,16946591,zahid11177700,"2026-09-25 05:38:44",511.4,1,zahid11177700
7024,16877016,"Jasper Wessing","2026-09-18 14:08:07",511.3,2,jasperwessing
7025,16927406,wmar,"2026-09-28 04:19:34",511.3,2,wmar38334
7026,16666249,Kawa_pt,"2026-09-08 22:24:25",511.2,2,kawapt
7027,16939706,"Priyanshu Patel","2026-09-22 17:54:24",511.1,2,"abuzarkhan99,priyanshupatel007"
7028,16738640,"Tjay Burger","2026-08-18 17:35:39",511.0,2,tjayburger
7029,16870372,ALİHAKANÜNAL,"2026-09-23 14:59:55",510.9,1,needdata123456
7030,16669470,"ASDM HUB","2026-08-12 20:13:20",510.7,2,jesushechavarria
7031,16673266,Preet,"2026-08-14 05:57:17",510.6,2,hpkaur34
7032,16664348,"Rocket Zech","2026-08-29 08:23:04",510.6,2,isaactunglaw
7033,16666055,Axit,"2026-08-06 10:16:15",510.4,2,axitslab
7034,16771171,Manfucci,"2026-09-12 14:08:47",510.3,2,manfucci
7035,16780513,"Hugo JOBÉ","2026-08-27 20:51:09",510.3,2,hugojob
7036,16658779,"Richard G Atkinson","2026-08-05 00:29:59",510.3,2,richardgatkinson
7037,16862225,"Dmitriy Ershov","2026-09-09 19:38:26",510.2,2,bejeweled
7038,16688366,yokoikazumasa,"2026-08-08 19:25:58",510.2,1,yokoikazumasa
7039,16717817,"Nick Stoddart","2026-08-14 05:15:23",510.1,2,nickstoddart
7040,16920613,"vietnam vo dich","2026-09-18 13:38:00",510.0,2,ctun12
7041,16730922,"Shengyuan Yin","2026-09-24 10:49:46",510.0,2,flaming0
7042,16709885,"Manuel Pérez","2026-08-14 01:54:02",509.8,2,manuelperezzz
7043,16686109,"Triple Tensor","2026-08-17 08:24:26",509.8,2,"adinathjagtap777,pds178,prajwalzolage05"
7044,16671648,"[Deleted] 05e6ae2c-c72f-4044-b02f-dc74277e34ab","2026-08-09 07:21:22",509.7,2,del=871ca06d8c734ede
7045,16665046,"Srish Jana","2026-08-06 18:12:59",509.6,2,srishjana
7046,16884997,"Le Huy Tuong","2026-09-17 12:55:49",509.6,2,lehuytuong
7047,16773402,齐乐,"2026-09-27 12:56:09",509.6,2,qile200107
7048,16654596,"khusham sheth","2026-08-13 05:28:55",509.3,2,khushamsheth
7049,16659025,"Mohammed Naseef","2026-08-05 09:01:20",509.3,2,mohammednaseef
7050,16773361,"tom yi","2026-09-24 08:56:59",509.3,1,tomyi1547
7051,16666371,jiten_topiwala,"2026-08-08 16:51:13",509.3,2,jitentopiwala
7052,16762831,026,"2026-09-07 00:58:19",509.3,2,thahaarsh
7053,16660850,"Khoa Le","2026-08-05 13:23:55",509.3,2,bryanle2025
7054,16658074,"Qui Ngx","2026-08-05 05:57:15",509.2,2,quingx
7055,16660214,ytddsyt1214,"2026-08-09 12:32:06",509.2,2,ytddsyt1214
7056,16658031,BSam79,"2026-09-12 09:12:39",509.2,2,bsam79
7057,16661564,yang20251228,"2026-09-02 03:40:29",509.2,2,yang20251228
7058,16676320,"Khôi Trần","2026-08-29 14:14:57",509.0,2,khoitrn
7059,16880938,nousername22,"2026-09-28 15:36:46",508.9,2,nousername22
7060,16665281,"[Deleted] 899172b8-e148-4564-ba8c-c46356105ab8","2026-08-05 09:55:11",508.6,2,del=cd7e9a4014b872ef
7061,16651167,ArmanVardanyan07,"2026-08-03 22:43:13",508.6,2,armanvardanyan07
7062,16926699,"Juliano Batistim","2026-09-25 00:02:10",508.6,2,julianobatistim
7063,16730740,"claude opus5🏆","2026-08-19 09:58:24",508.6,2,yinpinggao
7064,16832891,"Kana Kuroyanagi","2026-09-23 05:10:12",508.2,2,kanakuroyanagi
7065,16630773,"An Hoang Vo","2026-09-05 14:49:25",508.1,2,anhoangvo
7066,16670779,"Aditya Dube","2026-08-06 01:41:24",508.1,2,dubeaditya
7067,16669397,"Abed Kibbe","2026-09-13 06:09:10",508.0,2,abedkibbe
7068,16664370,"Joel Arias","2026-08-06 17:29:01",508.0,1,j4rias
7069,16660173,"PAULO HENRIQUE DE LIMA","2026-08-06 02:42:20",507.9,1,paulohenriquedelima
7070,16669408,"Josaphat Adjele","2026-08-31 17:26:56",507.8,2,josaphatadjele
7071,16648589,"Yilan Zhu","2026-08-05 11:23:23",507.5,2,yilanzhu
7072,16688646,lakranitesh,"2026-08-08 12:49:18",507.5,2,lakranitesh
7073,16696163,"Romain Durand","2026-08-17 19:00:46",507.5,2,romaindurand1607
7074,16697730,JCN2365,"2026-08-13 18:06:35",507.3,2,jcn2365
7075,16798775,Lissabon,"2026-09-07 03:36:41",507.3,2,lissabon
7076,16735475,SunjaeLee02,"2026-08-19 08:12:41",507.0,2,sunjaelee02
7077,16743282,"Srivishnu Charan","2026-09-03 14:06:54",507.0,2,srivishnucharan
7078,16756987,"Joseph Paggeot","2026-08-24 04:32:57",507.0,2,josephpaggeot
7079,16731635,懒惰的金枪鱼,"2026-09-23 06:45:21",506.9,2,jiaclv
7080,16660119,"Dhruva Das","2026-08-05 17:05:52",506.8,2,dhruva77
7081,16683918,Thuytien,"2026-08-07 17:20:33",506.7,2,thuytien200529
7082,16657400,indrapurnama,"2026-08-08 05:42:05",506.7,2,indr0008
7083,16724395,"Hampton Yeh","2026-08-22 04:07:32",506.6,2,hamptonyeh
7084,16685618,"Krupa Vardhan","2026-08-28 09:24:21",506.5,2,krupavardhan
7085,16662043,"Hengcong Zhu","2026-08-05 14:46:24",506.4,2,hengcongzhu
7086,16740894,BetOnMe,"2026-08-19 14:40:02",506.3,2,betonme
7087,16760190,"Florian Tigoulet","2026-08-24 12:37:14",506.1,2,floriantigoulet
7088,16678602,"hassan manour","2026-08-07 12:52:23",506.1,1,hassanmanour
7089,16713033,Contact-Nade,"2026-09-10 07:44:18",506.0,2,"masanammedha,rayofc"
7090,16693033,AgriBot,"2026-08-13 23:53:10",505.9,2,prcieuxcomlan
7091,16664119,FSzekut,"2026-08-07 00:03:04",505.8,2,fszekut
7092,16808750,ssssying,"2026-09-11 14:41:53",505.8,2,ssssying
7093,16700661,"Aakash Kavuru","2026-08-12 05:13:05",505.7,2,aakashkavuru
7094,16799485,"Bartholomew Jordan","2026-09-19 09:48:21",505.2,2,bartholomewjordan
7095,16662201,"Saumitra Verma","2026-08-04 18:28:36",505.2,2,saumitraverma
7096,16905582,Movilly,"2026-09-25 15:11:36",505.1,1,movilly
7097,16851553,Sentinel,"2026-09-24 04:01:47",505.0,2,atlasar
7098,16658973,"not today","2026-08-05 05:57:14",504.9,2,cemhan44
7099,16722252,pwdh2026,"2026-08-14 22:16:22",504.8,2,pwdh2026
7100,16840365,"Pranjal Morwal","2026-09-27 19:05:07",504.8,2,pranjalmorwal
7101,16688134,"Marc Dakuginow","2026-08-13 01:40:44",504.6,2,marcdakuginow
7102,16663093,"Akul Sareen","2026-08-21 23:49:50",504.5,2,akulsareen
7103,16659645,Drakus_Julia,"2026-08-09 02:15:20",504.5,2,drakus74
7104,16669699,nikesh23,"2026-08-08 01:52:56",504.4,2,nikesh23
7105,16721877,SuzukiTakumi,"2026-09-26 11:09:24",504.4,2,suzukitakumi
7106,16857732,bzczz123,"2026-09-17 09:52:43",504.2,2,bzczz123
7107,16664605,"Nathaniel Shou","2026-08-05 17:51:47",504.1,2,nathanielshou
7108,16727961,"Ebenezer Olumeyan","2026-08-22 15:54:00",504.1,2,eolumeyan
7109,16664502,"Alejandro Morales","2026-08-10 01:05:59",504.0,2,langley96
7110,16872190,"Zephyr Pong","2026-09-11 11:07:15",504.0,2,zephyrpong
7111,16887274,Shakeel,"2026-09-14 09:55:20",503.9,2,shakeel787
7112,16693738,"Sonu Jha","2026-08-14 20:32:37",503.9,2,sonujha090
7113,16760352,"Romain Bomba","2026-08-24 01:27:23",503.9,2,romainbomba
7114,16779813,zitihc,"2026-08-29 14:18:49",503.7,2,zitihc
7115,16640845,"tang yangzhou","2026-08-04 21:36:09",503.7,1,tangyangzhou
7116,16687538,aefinityaiinc,"2026-08-27 20:59:35",503.2,2,aefinityaiinc
7117,16907151,"Susana Horias","2026-09-23 14:46:43",503.2,2,"diegobarriosalonso,noelcalvoortega,robertocanrubio,rubnvalcarcelvarez"
7118,16674714,"Kaaleedass Manoharan","2026-08-31 19:07:47",503.0,2,kaaleedassmanoharan
7119,16757407,"Dylan Bailes","2026-08-26 07:11:56",503.0,2,dylanbailes
7120,16700484,白井孝太郎,"2026-08-15 01:08:02",502.9,2,kotaroshirai
7121,16655424,Fayche,"2026-08-10 16:50:28",502.8,2,fayche
7122,16666614,"Arjun Annamalai","2026-08-18 09:23:28",502.8,2,arjunannamalai
7123,16655072,Sonuaswar1,"2026-08-04 07:33:47",502.5,2,sonuaswar1
7124,16906705,"Gaurav Vyas","2026-09-20 17:24:05",502.4,2,ctogaurav
7125,16735251,AlviH47,"2026-08-19 14:25:48",502.3,2,alvih47
7126,16641622,datajanko,"2026-08-22 07:40:54",502.3,2,jankoch
7127,16658327,pocari1,"2026-08-19 07:17:28",502.2,2,pocari1
7128,16904318,"wofi poria","2026-09-18 01:33:18",502.1,2,wofiporia
7129,16773942,"Malhar Shah","2026-09-24 18:20:06",502.1,2,"malharshah2511,veervohra123"
7130,16660361,"Abhishek Sharma","2026-09-26 16:41:40",502.1,2,abhisheksharma425
7131,16705183,"Tong Jiakai","2026-08-14 08:23:26",502.1,2,tongjiakai
7132,16661443,"STEPHEN ASANTE OPOKU","2026-08-04 16:45:41",501.7,1,stephenasanteopoku
7133,16708230,"jose manuel Tinajero","2026-08-25 15:02:46",501.7,2,josemanueltinajero
7134,16726445,"James Patounas","2026-08-19 08:37:06",501.7,2,jamespatounas
7135,16720760,ysteh05,"2026-08-15 05:14:53",501.4,2,ysteh05
7136,16621354,pengshy,"2026-08-06 04:54:01",501.4,2,dm15336142
7137,16677585,Pan,"2026-08-07 13:54:22",501.3,2,mehdiacho
7138,16662060,"Richard Valino","2026-08-06 16:03:36",501.3,2,richardvalino
7139,16793889,zhzz,"2026-09-01 11:28:52",501.2,2,ucsdzhengzeng
7140,16654890,"Josh Hipps","2026-08-06 14:16:49",501.0,2,joshuahipps
7141,16906032,Volkan,"2026-09-22 08:59:20",501.0,2,volkan97
7142,16925815,"[Deleted] c3923c6e-1011-4da1-9c40-584a2fcbcc36","2026-09-20 01:04:14",500.7,1,del=0e85502e1e45d7da
7143,16632118,nk,"2026-09-11 09:55:01",500.7,2,nagatakengo
7144,16765380,jslee_homeofson,"2026-08-25 13:10:22",500.7,2,jsleehomeofson
7145,16868761,TboneBrown,"2026-09-11 17:14:42",500.5,2,tbonebrown
7146,16693207,"Vamshi Guntupalli","2026-08-11 22:40:36",500.5,2,vamshiguntupalli
7147,16658160,yunquer,"2026-08-17 07:18:53",500.4,2,yunquer
7148,16664913,"ABHISHEK KUMAR","2026-08-17 04:20:56",500.3,2,abhishek6545
7149,16823067,Francisco,"2026-09-10 18:00:57",500.2,2,cheneblanc
7150,16687330,"Mehmet Ensar Çetin","2026-09-20 07:45:48",500.1,2,mehmetensaretin
7151,16786461,"Caleb Bredlow","2026-09-07 04:17:50",500.1,2,calebbredlow
7152,16925216,krigga,"2026-09-21 09:35:00",500.0,2,krigga
7153,16926609,SunriseL,"2026-09-20 07:56:01",499.8,2,sunrisel
7154,16818405,MickyDot,"2026-09-08 08:16:06",499.7,2,mickydot
7155,16871854,"Tanvi Parsam","2026-09-13 16:07:41",499.6,2,tanviparsam
7156,16733948,novodude,"2026-09-06 18:41:26",499.5,2,novomont
7157,16720714,"Lithole Munangiwa","2026-08-19 11:23:49",499.4,2,litholemunangiwa
7158,16655630,askBillyWhatMamaDid,"2026-08-28 02:06:18",499.2,2,askbillywhatmamadid
7159,16693522,shadycoderalltime,"2026-09-21 00:01:59",499.2,2,shadycoderalltime
7160,16678644,"Kanik Aggarwal","2026-08-13 19:01:16",499.1,2,roronoazoro200
7161,16795284,"Kostas Tsolis","2026-09-14 09:14:56",499.0,2,tkostas
7162,16726854,"Tâm La Thành","2026-08-27 08:55:02",498.9,2,tmlathnh
7163,16632100,"Mohit Shirke","2026-08-07 17:55:11",498.8,2,orcivion
7164,16932020,Syedxd,"2026-09-24 12:53:04",498.7,2,syedxd
7165,16715711,"Shawon Biswas","2026-08-19 10:42:24",498.6,2,shawonbiswas11
7166,16698540,asasaaa,"2026-09-28 09:17:12",498.6,1,fieldhh
7167,16887058,"Michael Eberhard","2026-09-15 20:29:09",498.6,2,michaebe
7168,16875818,Mateollqw,"2026-09-12 22:08:38",498.4,2,mateollqw
7169,16660360,"Joey Gonzales","2026-08-05 00:00:47",498.4,2,joeygonzales
7170,16848498,KeiroS,"2026-09-11 07:59:01",498.3,2,keiros
7171,16854398,"VALERIY MIKHALEV","2026-09-08 16:27:24",498.3,2,valeriymikhalev
7172,16914880,"Mohammed Afreed Pasha","2026-09-26 11:51:11",498.2,2,mohammedafreedpasha
7173,16730749,"Đông Hà","2026-09-23 10:43:32",498.1,2,phapsucongu
7174,16802663,ipefix,"2026-09-01 17:34:35",498.0,2,nmsis91
7175,16698292,"Dallas Manning","2026-08-17 14:29:53",497.9,2,dallasmanning
7176,16711812,"zhan renyi","2026-08-31 05:24:39",497.9,2,zhanrenyi
7177,16679096,WilliamXylean,"2026-09-28 18:03:32",497.7,2,williamxylean
7178,16628487,"Koichi HIRAOKA","2026-08-01 08:42:40",497.7,2,koichihiraoka
7179,16806084,"DSDgsdgs SDgsdfgs","2026-09-03 05:19:11",497.6,1,dsdgsdgssdgsdfgs
7180,16654970,"Maycon Coutinho","2026-08-27 21:28:32",497.5,2,coutinhomaycon
7181,16768178,Scarttish,"2026-08-26 22:44:26",497.4,2,scarttish
7182,16752191,"Wenxuan Ye","2026-09-04 07:10:28",497.2,2,akomwins
7183,16658925,CYBWithFlourish,"2026-08-06 15:56:28",497.2,2,cybwithflourish
7184,16889005,Dino,"2026-09-23 08:43:11",497.1,2,ngohongthai
7185,16696020,"Hugo Voisin","2026-08-11 16:08:06",497.0,2,hugovoisin
7186,16888000,Akhilesh,"2026-09-19 00:03:29",496.9,2,akhilkas
7187,16686150,"Aek KunKub","2026-08-14 05:21:43",496.6,2,aekkunkub
7188,16915853,popwenman,"2026-09-19 08:21:09",496.3,2,popwenman
7189,16709522,"Sanjay Dilip","2026-09-23 23:11:27",496.2,2,sanjaydilip
7190,16666988,"Sarthak Vedant Mohanty","2026-08-08 00:10:11",496.1,2,sarthakvedantmohanty
7191,16891695,yuruihito,"2026-09-16 14:04:22",495.6,2,yuruihito
7192,16947207,"Ayush Khandwe","2026-09-24 07:37:55",495.5,2,ayushkhandwe
7193,16729152,Antoine,"2026-08-17 10:12:04",495.5,2,a11t01n3
7194,16685349,Onelux,"2026-08-13 12:58:31",495.5,2,leehomhuang
7195,16629002,Alpro,"2026-09-08 23:32:24",495.1,2,"dogaakal,egekemalkaraca"
7196,16696460,"Enzo 7mlk","2026-09-16 15:19:51",495.1,2,enzo7mlk
7197,16749038,Seuz,"2026-09-28 17:04:55",495.1,2,kohdawei
7198,16780592,sergey,"2026-08-27 19:09:25",495.0,2,sadsdfsdf
7199,16918629,humblegod,"2026-09-20 19:49:23",495.0,1,sophatodom
7200,16672657,"Lochan Naik","2026-08-07 08:41:44",494.8,2,lochannaik
7201,16862188,KJ007123,"2026-09-10 07:02:20",494.8,2,kj007123
7202,16867305,Prikat,"2026-09-27 14:32:30",494.5,2,prikat
7203,16662741,"Abhiraj Govind","2026-08-04 18:01:16",494.4,1,abhirajgovind
7204,16679771,Coolgolf,"2026-09-02 13:56:54",494.2,2,coolgolf
7205,16665257,"Ken Li","2026-08-09 12:59:32",494.1,2,kenliwt
7206,16880689,yasmine0809,"2026-09-12 16:19:37",493.9,2,yasmine0809
7207,16661099,TheSven,"2026-08-06 17:05:25",493.8,2,thesven
7208,16755101,"Thomas van der Meer","2026-08-26 11:19:19",493.7,2,tvdermeer
7209,16692644,"Achille Gohin","2026-08-10 00:26:26",493.6,2,achillegohin
7210,16769648,"Alok Kumar","2026-08-28 18:04:50",493.6,2,shadowserpent
7211,16672078,vietlinhh02,"2026-08-08 07:46:53",493.5,2,vietlinhh02
7212,16682707,"AJAY KUMAR","2026-08-07 19:13:08",493.5,2,worldsslayer
7213,16661927,JHCodeQuest,"2026-08-25 11:36:46",493.4,2,josephkhassan
7214,16678083,"Abdeljalil Idalahaj","2026-09-05 04:28:08",493.4,2,abdeljalilidalahaj
7215,16645446,gogo98415,"2026-08-29 06:04:15",493.4,2,gogo98415
7216,16666637,"Uttam Limbani","2026-08-07 13:41:14",493.3,2,uttamlimbani
7217,16687604,Harrislrobinson,"2026-08-11 00:25:10",493.3,2,harrislrobinson
7218,16680562,devsloppy,"2026-08-10 20:02:19",493.2,2,twu1738
7219,16715897,shettynaisha,"2026-09-06 17:28:58",493.2,2,shettynaisha
7220,16676663,"This cat is called Fumi","2026-08-11 18:21:43",493.1,2,qwer556617123
7221,16691807,lbs-vadar,"2026-08-26 18:29:57",493.0,2,lbsvadar
7222,16658115,SantaClaws,"2026-08-10 14:50:31",492.8,2,vovikdrg
7223,16661507,Siddharth1984,"2026-08-06 13:39:22",492.7,2,siddharth1984
7224,16630903,"Hrushikesh Pawar","2026-08-09 14:44:37",492.7,2,hrushikeshpawar
7225,16740840,"Huchen Jiang","2026-09-02 09:18:47",492.5,2,huchenjiang
7226,16775131,"Re Son","2026-08-27 14:29:31",492.5,2,lemelson
7227,16657401,korpo,"2026-08-25 20:18:13",492.4,2,krisko
7228,16763351,shutong114,"2026-09-20 18:38:08",492.3,2,shutong114
7229,16623128,AdamJonesJohnson,"2026-09-28 13:32:43",492.3,2,adamjonesjohnson
7230,16683837,"Blessed Ngorima","2026-08-18 09:40:53",492.2,2,blessedngorima
7231,16896566,Bleriot11,"2026-09-15 15:08:27",492.1,2,bleriot11
7232,16666709,JSQL,"2026-09-02 18:52:37",492.0,2,jeffreyschott
7233,16723737,HaruhiroKazami,"2026-08-21 16:12:04",491.9,2,haruhirokazami
7234,16668606,"Hasith Kulathilaka","2026-08-31 19:09:39",491.9,2,hasithkulathilaka
7235,16931219,AzureYu,"2026-09-21 10:44:17",491.9,2,azureyu
7236,16926532,"Akash Shah","2026-09-26 20:20:50",491.8,2,akashshah3
7237,16657674,Warriors,"2026-08-29 14:12:29",491.7,2,"karthikreddykarri,kovvurisaimohanreddy,vikramadityaabhiram"
7238,16672333,"Giovanny Rodríguez","2026-09-17 16:32:24",491.6,2,giovannyrodrguez
7239,16810343,"Aleksandr Borodin","2026-09-02 20:29:06",491.4,2,aleksandrbor
7240,16630438,"Aayush Bansal","2026-09-27 17:00:31",491.4,2,aayushbansal0330
7241,16661858,"Lukas Lee e","2026-08-18 00:58:12",491.4,2,lukasleee
7242,16634790,"Steven Lui","2026-08-03 12:22:08",491.2,2,stevenlui
7243,16833476,"Richard Pagan","2026-09-05 03:01:54",491.0,1,richardpagan
7244,16633577,Boxy,"2026-08-15 18:55:40",490.8,2,boxyml
7245,16635481,Jamaisvu,"2026-08-20 15:39:29",490.8,2,jamaisvu
7246,16941927,想想偶像怎么做,"2026-09-24 08:47:33",490.7,2,fjt12138
7247,16825996,"Alex Li","2026-09-04 08:02:19",490.6,2,alexli1998
7248,16705363,"Matt Hall","2026-08-16 01:44:32",490.5,2,matthall0
7249,16639244,"Romone Dunlop","2026-08-11 10:19:49",490.5,2,romonedunlop
7250,16683309,"Zealous Sebastian","2026-08-09 12:45:32",490.4,2,zealoussebastian
7251,16860086,MTD-hAs,"2026-09-28 12:03:57",490.3,2,mtdhas
7252,16705149,"Allen Chun","2026-08-15 04:59:05",490.1,2,allenchun
7253,16705480,Mint120,"2026-08-19 05:49:10",490.1,2,mint120
7254,16623302,"Raffi Ardhi Naufal","2026-07-31 18:31:57",490.0,1,raffiardhi
7255,16656871,"Pedro Henrique","2026-08-07 03:37:29",489.9,2,pedrohets
7256,16631919,"Ghinwa Allaoui","2026-08-04 16:27:17",489.9,1,ghinwaallaoui
7257,16668324,"Alden Jenish S","2026-08-06 14:02:09",489.9,2,aldenjenishs
7258,16881665,"Negar Hassantabar","2026-09-28 01:01:45",489.8,2,negarhassantabar
7259,16662643,Mohit_Singh,"2026-09-26 06:30:36",489.7,2,mohitsingh955
7260,16764751,"Abhishek Parmar","2026-08-26 04:06:39",489.7,2,abhisheknparmar
7261,16880953,IAMNAMNAM,"2026-09-28 15:55:37",489.5,2,iamnamnam
7262,16688383,plong2101,"2026-08-18 06:21:34",489.4,2,plong2101
7263,16829729,NoobMaster69,"2026-09-06 09:12:58",489.3,2,thelegend007
7264,16664652,QuasarHeart,"2026-09-04 14:00:05",489.2,2,quasarheart
7265,16749371,"Renisa Assyifa Putri","2026-08-21 05:24:07",489.2,1,renisaassyifaputri
7266,16675468,"atakan akgün","2026-08-13 15:32:32",489.1,2,atakanakg
7267,16907592,may2223,"2026-09-21 06:31:05",489.0,2,may2223
7268,16675477,"Joanne Yun","2026-08-07 13:40:53",489.0,2,joannejyun
7269,16845696,Huskkky,"2026-09-07 03:47:13",488.9,2,huskkky
7270,16728137,mchicen,"2026-08-20 16:48:10",488.9,2,"iyaiji,mchicen"
7271,16886832,"Ayush Patel","2026-09-13 16:25:18",488.9,2,ayushpatel02
7272,16691007,"Nhật Khoa Phạm","2026-08-14 16:15:43",488.9,2,pnk123456
7273,16623316,"Ondrew Zudin","2026-08-06 23:08:41",488.8,2,ondrewzudin
7274,16685582,Wasaanyi,"2026-08-18 09:21:30",488.3,2,"cnakakeeto,wasaanyi"
7275,16885828,U-Bex,"2026-09-28 14:55:58",488.0,2,shuichiurabe
7276,16774134,kokdonbaq,"2026-08-30 14:07:52",488.0,2,darkhan14
7277,16659896,TedT,"2026-08-11 19:36:14",487.6,2,fdsaur
7278,16661397,"T. Scharf","2026-08-05 02:54:36",487.4,2,scharf
7279,16843921,Ruijiehe1213,"2026-09-13 03:40:30",487.3,2,ruijiehe1213
7280,16796164,harsh,"2026-09-22 16:02:23",487.3,2,harshdeshwar
7281,16627463,dnish,"2026-08-05 07:37:16",487.0,2,dnishio
7282,16761589,"Eren -","2026-08-27 08:48:44",486.9,2,erenozyurek
7283,16702281,"Dhruv Patel #2","2026-08-10 21:25:08",486.9,2,dhruvpatel1972
7284,16706985,Valmrnch,"2026-08-24 07:57:56",486.7,2,valmrnch
7285,16684024,"Work From Home 3.0","2026-08-14 12:33:30",486.7,2,"direct1,gongyiqian,jovansee,maxtankialok,n00bcak"
7286,16655899,"Dominic Tedrow","2026-08-17 20:37:28",486.6,2,dominictedrow
7287,16668678,"Madhur Sabherwal","2026-08-14 02:47:14",486.6,2,madhur321
7288,16887642,"Dimitrios Giannoulis","2026-09-14 12:38:24",486.5,2,plagiagia
7289,16658627,"Osman Can ÇETLENBİK","2026-08-05 15:25:30",486.4,2,osmancancet
7290,16631981,"Karen Letir","2026-08-10 09:21:51",486.4,2,karenletir
7291,16895340,Prakhareshwar,"2026-09-22 15:22:36",486.3,2,prakharpathak12
7292,16656797,"رحيم محمد","2026-08-04 20:05:45",486.1,2,darkmaxedwe
7293,16678154,"Hashim Far","2026-08-08 04:20:32",486.1,2,hashimfar
7294,16640399,Hubbahub,"2026-08-04 20:40:39",486.0,2,hubbahub
7295,16701761,BalaVignesh,"2026-08-11 17:04:37",486.0,2,balavignesh
7296,16757806,Richardwe,"2026-09-28 08:36:55",485.9,2,richardwe
7297,16686972,"Ankit Maurya","2026-08-23 07:05:44",485.8,2,"ankitmaurya16,rudraprasadsah"
7298,16639814,"Nikhil Krishna A","2026-09-07 07:37:56",485.8,2,techmasternikhil
7299,16725483,PQ_Marz,"2026-08-15 16:25:50",485.8,2,pqmarz
7300,16878695,"Yang Lv","2026-09-25 05:41:36",485.8,2,lvyang199888
7301,16685800,"Sumit Ridhal","2026-09-05 11:44:15",485.7,2,sumitridhal
7302,16656913,"Inna Davidov","2026-08-20 04:43:47",485.6,2,innadav
7303,16630335,"Solve Langseth","2026-08-05 06:48:57",485.6,2,solvelangseth
7304,16799797,"Zimin Zhong","2026-09-23 15:17:43",485.4,2,"dracfy,lyylyy2,zhongzinmin"
7305,16915490,"Rounak Mukherjee","2026-09-28 07:27:28",485.4,2,zade799
7306,16809898,wodDAOdun,"2026-09-14 07:14:35",485.3,2,kylaucode
7307,16674308,"Ayush Roy","2026-08-06 20:28:57",485.3,2,ayushroy39
7308,16661596,t@got@go,"2026-08-10 06:24:24",485.3,2,kamdaanahessod
7309,16843316,"Felipe Chiarini","2026-09-12 12:03:15",485.2,2,felipechiarini
7310,16645936,"Abhy Rejikumar","2026-08-22 19:26:23",485.2,1,abhyrejikumar
7311,16656470,Glimmeron,"2026-08-12 02:01:48",485.1,2,rishabhraushan
7312,16714335,"Jake Mordan","2026-09-28 07:44:22",485.1,2,jakemordan
7313,16660081,fakyyy,"2026-08-09 11:19:15",485.0,2,manideepreddyakula
7314,16661934,"Viacheslav Kasatkin","2026-08-10 10:48:25",484.9,2,viacheslavkasatkin
7315,16665424,taaaaanq,"2026-08-17 14:23:35",484.8,1,"chuayaplong,flashtigro,huayu05,taaaaanq"
7316,16778579,"Jiajia Zhang","2026-08-29 18:19:12",484.7,2,jiajiazhang01
7317,16687942,"Arya Arun","2026-08-16 08:52:26",484.5,2,aryaarun07
7318,16666652,"Mohamed Fanni","2026-08-17 00:51:38",484.5,2,"arachid,mohamedfanni,soukaynamokhtari"
7319,16728014,Alpha223,"2026-09-05 15:51:24",484.3,2,alpha223
7320,16729081,"Venkata Y","2026-08-19 00:45:13",484.3,2,venkatayerrapothu
7321,16725123,"Pham Quang Nghia","2026-08-22 15:00:51",484.1,2,phamquangnghia
7322,16846143,germanyum,"2026-09-13 14:32:05",484.0,2,germanyum
7323,16791550,Team21,"2026-09-08 12:53:38",483.9,2,"fchen121,muktharam"
7324,16707159,"Toua Innocent TIA","2026-08-17 16:28:36",483.3,2,centino
7325,16668509,HarryZ,"2026-09-13 04:29:04",483.1,2,mzhumzhu
7326,16709880,"Javier Pérez Robles","2026-08-15 02:21:07",483.1,2,javierprezrobles
7327,16745655,巴啦啦能量,"2026-09-08 01:30:14",483.0,2,wsh10086
7328,16645870,"Barathan Aslan","2026-08-03 08:21:55",482.9,2,barathanaslan
7329,16777132,"Soham Dave","2026-08-27 14:51:01",482.9,2,sohamdave19
7330,16682984,"Rishikesh Bharat Koli","2026-08-08 04:18:06",482.6,2,rishikeshbharatkoli
7331,16783713,Gale,"2026-09-05 02:29:43",482.6,2,na1vel
7332,16726211,RepeatAfterMe,"2026-08-17 08:21:41",482.6,2,bekirsciftler
7333,16778947,mart3104,"2026-09-05 15:31:43",482.1,2,mart3104
7334,16668461,SobanAli,"2026-08-19 15:49:03",482.0,2,soban256
7335,16885124,"LABHESH YAWALKAR","2026-09-27 18:06:25",482.0,2,labheshyawalkar
7336,16786450,fujii,"2026-09-15 14:01:51",481.9,2,kojisoemi
7337,16675060,"Xinger Gao","2026-08-31 08:52:07",481.9,2,xingergao
7338,16876700,"Omar Mukhtar","2026-09-18 10:05:32",481.9,2,omarmukhtar3
7339,16668612,"raffael prem","2026-08-06 08:02:13",481.8,2,raffaelprem
7340,16659183,"Leonard Yaw Mensah","2026-08-05 02:22:25",481.6,2,leonardyawmensah
7341,16899234,vimes1984,"2026-09-17 01:19:19",481.5,2,vimes1984
7342,16682386,"Charbel Nehme","2026-09-28 08:46:08",481.5,2,charbelnehme
7343,16797002,ZhixinLuo,"2026-09-01 14:16:09",481.4,2,zhixinluo
7344,16654485,"Mahbub Alam","2026-08-04 02:08:23",481.4,2,mahbubalam214
7345,16890884,"Michael Swartz","2026-09-14 17:50:04",481.3,2,michaelbruwerswartz
7346,16893233,"Garrick Lai","2026-09-15 08:44:07",481.2,2,garricklai
7347,16714363,guohaowen,"2026-08-13 14:25:48",481.2,2,guohaowen1910
7348,16662722,"Ajeet Jain","2026-08-07 06:32:10",481.1,2,jainajeet29
7349,16733644,Gavilán,"2026-08-23 19:41:22",481.1,2,gaviln
7350,16659681,"Aditya Seth","2026-09-04 13:12:36",481.1,2,adityaseth777
7351,16774958,"Charles Wuytack","2026-08-27 14:58:07",481.1,2,charleswuytack
7352,16687293,"Aurelie Jodelle Kemme","2026-08-20 00:25:43",481.0,2,"audreydemafo,aureliejodellekemme"
7353,16672105,"Natural Stupidity","2026-08-10 19:39:53",480.9,2,"parthb21,sujaygolla"
7354,16857013,Dote,"2026-09-25 01:48:04",480.7,2,"shriramgunasekar,valid22"
7355,16756561,"Eren Tekin","2026-09-14 23:41:50",480.5,2,erennntkn
7356,16929820,sdssJ0,"2026-09-23 09:57:21",480.4,2,sdssj0
7357,16701454,"André-Marie BEHANZIN","2026-09-15 11:42:17",480.3,2,andremariebehanzin
7358,16685722,"Jiahan Cao","2026-08-12 09:01:22",480.3,2,jiahancao
7359,16657681,"Prince Raj","2026-08-11 22:49:02",480.1,2,princerajmdb
7360,16653118,"Elmira Yekani","2026-08-18 17:05:20",480.1,2,elmirayekani
7361,16636973,"Ali Ali G","2026-08-03 18:36:40",480.0,2,alialig
7362,16660462,"Vishwanath N Iyer","2026-08-07 07:22:17",479.9,2,vishwanathniyer
7363,16794052,"Sarthak Mishra","2026-09-24 18:06:07",479.9,2,"aarushverma04,pg541425,sarthak25b15310182,yadavup50"
7364,16701250,T00bii,"2026-08-11 16:11:06",479.7,1,t00bii
7365,16897899,templar7245,"2026-09-27 09:45:16",479.7,2,templar7245
7366,16664211,"Ben Wilson","2026-08-06 23:57:29",479.7,2,crispyryse
7367,16691466,"Jeeta Nandi ","2026-09-04 09:23:34",479.6,2,jeetanandi
7368,16809022,CheeseFunction,"2026-09-05 06:58:36",479.6,2,cheesefunction
7369,16715126,준환,"2026-09-10 11:28:25",479.5,2,paulguilbert
7370,16656410,Sam,"2026-08-14 01:58:04",479.3,2,beartrader
7371,16658344,SOONHANKWON,"2026-08-28 02:00:59",479.2,2,soonabletv
7372,16772455,dextrecity,"2026-08-30 11:37:56",479.2,2,"dextrecity,leo0pa"
7373,16661402,"Abin Biju","2026-08-11 18:00:35",479.1,2,abinbiju1
7374,16719257,"Alexander Morozov","2026-08-14 23:53:53",479.1,2,scanhex
7375,16693795,kurt,"2026-08-30 15:22:47",479.1,2,syarht
7376,16729914,Christina,"2026-09-14 11:16:46",479.0,2,geekycb
7377,16631547,"Chong Xuan Ng","2026-08-08 15:38:52",478.8,2,chongxuanng
7378,16884418,xuechengzou,"2026-09-13 12:22:43",478.8,2,xuechengzouinkaggle
7379,16818158,Noza,"2026-09-16 04:36:09",478.6,2,harukanozato
7380,16914539,Kou111111,"2026-09-18 10:32:09",478.5,2,kou111111
7381,16670218,"What is Coding?","2026-08-07 01:47:17",478.5,2,matthewshvarts
7382,16722561,Asia214,"2026-08-30 02:26:16",478.4,2,asia214
7383,16679958,Bum_Fy_Mz,"2026-08-13 20:31:44",478.2,2,bumfymz
7384,16665511,phoenix_merk,"2026-08-05 09:46:25",478.1,2,phoenixmerk
7385,16656317,"Manu Rahi","2026-08-06 16:43:55",478.0,2,manurathi
7386,16718338,"Oladimeji Adeyemi","2026-08-17 15:33:50",478.0,2,adeyemioladimeji
7387,16742059,dafei2025,"2026-09-03 09:19:34",477.9,2,dafei2025
7388,16695400,"Karam Khasawneh","2026-08-10 20:29:16",477.8,2,karamkhasawneh
7389,16665080,"RAVI KUMAR696996","2026-08-05 06:14:29",477.7,2,ravikumar696996
7390,16771972,"Vansh Ahlawat","2026-09-22 15:35:39",477.7,2,vansh5126
7391,16631480,"Kumar Abhijeet","2026-07-31 13:29:40",477.3,1,krabhijeet
7392,16688873,cancel,"2026-08-18 06:50:33",477.3,1,rugaru
7393,16641009,"Marius Kirschner","2026-08-03 08:41:47",477.2,2,mariuskirschner
7394,16862497,DefiAudit,"2026-09-28 00:28:44",477.1,2,defiaudit
7395,16718295,doinggyu,"2026-08-18 12:56:58",477.0,2,doinggyu
7396,16663777,"Mortis Beans","2026-08-24 05:27:44",477.0,2,mortisbeans
7397,16920464,reddishregent,"2026-09-18 11:40:22",476.9,1,reddishregent
7398,16657601,Simon,"2026-08-05 15:59:44",476.9,2,benten10
7399,16814952,"Ngọc Huyền","2026-09-15 03:55:18",476.9,2,ngchuynss
7400,16698103,JJ,"2026-09-02 09:46:15",476.8,2,jianjinchen
7401,16769170,"Hardik Savaliya211","2026-08-25 11:07:10",476.8,2,hardiksavaliya211
7402,16688296,"Michael Pollind","2026-08-28 13:30:32",476.3,2,mpollind
7403,16719857,"Howey do it","2026-08-14 23:06:06",476.2,2,ronincoppins
7404,16862542,"Mitchelle's Team","2026-09-23 20:10:55",476.1,2,mitchellluciana
7405,16724470,"Mahdi Rafati","2026-08-24 15:32:51",476.1,2,mahdirafati
7406,16644577,"Arthur Merritt","2026-08-04 07:11:11",475.9,2,jarthuph
7407,16662715,"Great Okwuma","2026-08-17 00:10:46",475.9,2,greatokwuma2
7408,16819549,APEX101,"2026-09-06 06:16:51",475.9,2,"akshitasrivastava1,irongm"
7409,16705661,"Toshiki Touda","2026-08-13 06:51:05",475.9,2,toshikitouda
7410,16694314,"Ali Abbas Baig","2026-08-28 19:55:16",475.7,2,aliabbasbaig
7411,16658476,"goksel yesiller","2026-08-04 11:07:53",475.7,2,gokselyesiller
7412,16798074,"Akkapop Prasompon","2026-09-09 12:17:36",475.6,2,akkapopprasompon
7413,16789996,"Chen Jiaqi","2026-09-02 15:48:25",475.6,2,elaemchen
7414,16778703,kamaras,"2026-08-30 11:58:07",475.5,2,kamaras
7415,16922976,kotemendo,"2026-09-20 00:43:54",475.4,2,kotemendo
7416,16709487,Kohei,"2026-08-19 20:54:42",475.2,2,kshintani
7417,16718828,"Tejas Nisar","2026-08-23 17:04:45",475.1,2,tejasnisar
7418,16694146,"JIlong Zhou","2026-08-26 15:04:38",475.1,2,acemaker
7419,16745065,MrEvidentYew,"2026-08-24 18:36:02",475.1,2,mrevidentyew
7420,16761979,"Chaitany Patel","2026-09-17 14:59:29",475.0,2,chaitanypatel
7421,16774035,"Shengfeng Wang","2026-08-26 07:28:46",474.7,1,shengfengwang
7422,16726913,"T T‗Worker","2026-08-22 11:08:14",474.7,2,ttworker
7423,16662995,"carlos mario de oro aguado","2026-08-06 21:08:28",474.7,2,cdeoroaguado
7424,16728933,dOvOb,"2026-09-08 14:51:10",474.7,2,waytosleep
7425,16660089,ChristosGrigoras,"2026-08-07 22:41:49",474.6,2,cgrigoras
7426,16880843,"Triều Đinh Hải","2026-09-12 19:41:11",474.5,2,triuinhhi
7427,16659505,"Duleeka Mevan","2026-08-06 09:32:46",474.4,2,duleekamevan
7428,16632105,"shreyas sangalad","2026-08-02 12:01:08",474.3,2,spoortisangalad
7429,16805196,"Sebastian Griesbach","2026-09-22 11:47:22",474.2,2,sebastiangriesbach
7430,16895121,Timmmmmmmy,"2026-09-17 05:51:31",474.1,2,"molic1,timmmmmmmy"
7431,16858250,"ayush kumar","2026-09-14 10:35:32",474.0,2,ayushkumar1610
7432,16722109,Navneet,"2026-08-14 14:02:35",473.9,2,zxcdfg
7433,16672473,goldfish,"2026-08-13 03:34:21",473.8,2,dolgfish
7434,16664252,"Huy Hoang","2026-08-15 03:59:40",473.5,2,themeend
7435,16706143,Adityaupadhyay0805,"2026-08-20 04:28:06",473.5,1,adityaupadhyay0805
7436,16725847,"Shel Horta","2026-08-18 04:29:55",473.5,2,shelhorta
7437,16892006,"Leul Hailemichael","2026-09-16 21:00:15",473.4,2,leulhailemichael
7438,16867680,Asuka,"2026-09-11 05:45:46",473.4,2,asuka0langley0soryu
7439,16725938,"Ben Cheng","2026-09-05 16:03:36",473.4,2,benczb
7440,16683934,"Teja Madala","2026-08-10 14:46:07",473.4,2,tejamadala
7441,16886765,LZWang,"2026-09-13 22:00:47",473.3,2,wlzwlz
7442,16794309,"Sanyam Jain","2026-09-25 22:15:39",473.1,2,sjain03
7443,16693797,"Riyaz Ur Rehman","2026-08-17 02:21:15",473.0,2,riyazurrehman
7444,16717601,"Mariem Fersi","2026-08-24 23:22:14",473.0,2,"mariemfersi,yassinebrahem2"
7445,16755807,PokeTrader,"2026-09-28 18:18:43",472.9,2,poketrader
7446,16773020,HyperNeonByte,"2026-09-23 00:23:03",472.9,2,hyperneonbyte
7447,16674943,feyZERO,"2026-08-16 10:48:50",472.8,2,faezamora
7448,16871538,freesoso,"2026-09-15 13:11:39",472.8,2,freesoso
7449,16676613,LCZ1996,"2026-08-29 02:02:59",472.8,2,lcz1996
7450,16661950,moonmelonpizza,"2026-08-09 12:25:23",472.8,2,moonmelonpizza
7451,16744610,"Safiullah Baig","2026-08-20 13:16:58",472.5,1,safm1rza
7452,16656689,"Vansh Gupta","2026-08-11 08:56:56",472.5,2,vanshrl9ine
7453,16654174,"Dharmeswar Basumatary","2026-09-09 11:09:15",472.4,2,dharmeswarbasumatary
7454,16659261,PromptEngineer48,"2026-08-04 16:44:46",471.9,2,promptengineer48
7455,16664706,olivbhxf,"2026-08-06 07:10:34",471.8,2,olivbhxf
7456,16692168,"Kinshuk Aggarwal","2026-08-09 04:23:32",471.7,1,kinshukaggarwal
7457,16737362,"moushun chen","2026-08-20 06:45:46",471.4,2,moushunchen
7458,16725955,"Aditya Pandey","2026-08-17 00:10:10",471.2,2,adipandey777
7459,16661105,"Vignesh Murugan","2026-08-04 19:57:46",471.2,2,vigneshv1cky
7460,16649421,Eltormtace,"2026-08-14 04:35:15",471.2,2,eltormtace
7461,16826447,"Absara viswanathan","2026-09-07 06:16:20",471.1,2,viswanathanabsara
7462,16668562,"Anthony LOISEAU","2026-08-06 16:07:52",471.1,2,anthonyloiseau
7463,16745574,"Yadunandan Raman","2026-08-22 12:20:06",470.9,2,yadunandanraman
7464,16721814,"DOAMBA Jean Edouard Odilon","2026-08-24 14:48:43",470.8,2,doamba
7465,16697568,"Sergey Fedorov","2026-08-20 21:25:34",470.8,1,bd01ar
7466,16685028,"serene ng","2026-08-13 14:53:37",470.7,2,sereneng
7467,16890155,GSD,"2026-09-26 14:24:03",470.7,2,gsdeepakkumar
7468,16883234,Cpleasance,"2026-09-14 00:24:24",470.4,2,cpleasance
7469,16659558,Ayuroshbo,"2026-09-23 09:28:54",470.3,2,ayuroshbo
7470,16705415,"Mauro Najera","2026-08-11 05:30:13",470.3,2,mauronajera
7471,16694171,"guanran wang","2026-08-11 05:57:12",470.2,2,guanranwang
7472,16656573,"Ashiq Firoz","2026-08-17 18:20:11",470.2,2,ashiqfiroz
7473,16673214,Boiga7,"2026-08-06 14:03:53",470.0,2,lewiselliot
7474,16632368,"Yuelin Bai","2026-08-03 08:15:12",469.9,2,paralym
7475,16885999,"Vansh #2","2026-09-20 14:22:18",469.8,1,vanshnavi
7476,16947257,"Hassan Bazzoun-dev","2026-09-27 23:18:21",469.7,2,hassanbazzoundev
7477,16665364,"Shien Zhang","2026-08-06 06:50:46",469.7,1,shienzhang
7478,16771340,pang,"2026-09-05 16:41:51",469.6,2,pangwenfeng
7479,16662938,CarlitrosParra,"2026-08-05 21:34:52",469.5,2,carlitrosparra
7480,16649077,"Yifan Yang 135","2026-08-11 06:22:40",469.5,2,yifanyang135
7481,16668154,JuanEspana,"2026-08-09 11:38:32",469.5,2,juanespana
7482,16672798,yaphanqiii,"2026-08-27 07:55:23",469.4,2,yaphanqiii
7483,16886012,smartkdy7,"2026-09-13 11:37:51",469.3,1,smartkdy7
7484,16843511,"JiaHui Ni ","2026-09-13 14:59:35",469.3,2,jiahuini
7485,16717018,"Urvashi Bansal","2026-08-17 09:12:29",469.3,2,urvashibansal123
7486,16847224,Kfarmer,"2026-09-19 12:51:27",469.2,2,"cwy0904,jasonchao89,jaspersooks,makomek,peiyingtok"
7487,16689908,Hyun777,"2026-08-14 01:11:17",468.9,2,hyun777
7488,16760191,"Kushal Shiva1","2026-08-26 20:19:36",468.7,1,kushalshiva1
7489,16627009,c0sm1c,"2026-08-01 11:06:14",468.3,1,tanghao111
7490,16663368,"Laurence Dale","2026-08-12 18:00:07",468.1,2,laurencedale
7491,16883859,"Carlos Daniel Polanco","2026-09-19 18:45:16",468.0,2,carlospolanco00
7492,16736951,giacomovin,"2026-08-25 20:14:52",467.9,2,giacomovin
7493,16663618,Anthaus,"2026-08-09 17:06:35",467.9,2,anthaus
7494,16762168,Lewbei,"2026-09-10 04:58:43",467.9,2,lewbei
7495,16724842,"Mikaela Gkolemi","2026-08-21 19:04:38",467.9,2,mikaelagkolemi
7496,16945301,QQQXXX123,"2026-09-28 14:47:55",467.8,2,qqqxxx123
7497,16940953,"Bob Liu","2026-09-28 14:11:47",467.7,2,bobliu02041302
7498,16762154,lli,"2026-09-07 19:04:26",467.7,2,colesuoseue
7499,16678613,iBooNDK,"2026-08-09 19:03:37",467.5,2,iboondk
7500,16657929,Robert-zwr,"2026-08-05 11:15:48",467.2,1,robertzwr
7501,16810019,M&S,"2026-09-02 17:19:11",467.2,2,"martinhma,yishusheng"
7502,16700080,Kaushik,"2026-08-10 11:11:18",467.0,2,kgarumugam
7503,16804924,"Kevin L.","2026-09-09 07:04:46",467.0,2,zorgis
7504,16773195,"Pham Nguyen Thanh Huy","2026-08-27 05:25:55",467.0,2,huyphmnguyenthanh
7505,16847947,"Phongwit Sri","2026-09-22 04:30:08",466.6,2,phongwitsri
7506,16876859,Broncat,"2026-09-15 02:27:28",466.5,2,broncat
7507,16668589,"Gleb Naumkin","2026-08-05 22:46:26",466.4,1,glebnaumkin
7508,16840130,tkm_ktn,"2026-09-05 15:48:40",466.3,2,takumikotani
7509,16626105,sasaki,"2026-08-24 02:34:55",466.2,2,rsasaki
7510,16661930,zzangsunghyeon,"2026-08-08 16:22:21",466.0,2,zzangsunghyeon
7511,16663327,Gnr8tr,"2026-08-13 14:16:44",465.8,2,wilburjpereira
7512,16726155,miyawakiayaka,"2026-08-15 18:50:10",465.7,2,kanatakon
7513,16692480,"Khalis Murfid","2026-08-24 07:03:02",465.7,2,khalismurfid
7514,16667042,"Adarsh Mukundan","2026-09-20 14:16:32",465.6,2,aadarshmukundan
7515,16737532,lsystudyhard,"2026-08-22 12:16:47",465.6,2,lsystudyhard
7516,16755781,NaveenManwani,"2026-08-28 05:37:31",465.3,2,naveenmanwani
7517,16768939,"Pratham Sonawane","2026-08-30 17:37:23",465.1,2,prathamsonawane1
7518,16744572,DivyanshAgg,"2026-08-31 19:30:49",464.9,2,divyanshagg
7519,16668698,Addie,"2026-08-08 05:21:08",464.8,1,addie999
7520,16799023,"Alkava Ind","2026-09-28 10:43:31",464.7,2,alkavaind
7521,16720049,"aditya emmadishetty","2026-08-14 13:20:54",464.5,2,adityaemmadishetty
7522,16715769,Ethereallll1,"2026-08-14 15:21:12",464.4,2,ethereallll1
7523,16636333,xiaoyang66,"2026-08-17 13:35:28",464.3,2,kennethhao8
7524,16762427,Raj_craj,"2026-08-30 20:27:00",464.3,2,rajcraj
7525,16851860,"Senih Bayankulu","2026-09-08 03:13:24",464.3,2,senihbayankulu
7526,16908418,Ayush_1319,"2026-09-17 11:59:04",464.2,2,ayush1319
7527,16715942,_@HimShukla23,"2026-09-19 18:14:05",464.2,2,himshukla23
7528,16662690,"Pablo Gomez Perez","2026-09-04 16:45:32",464.0,2,pablogp
7529,16792069,"Yen Hung1021","2026-09-03 16:09:33",464.0,2,yenhung1021
7530,16689372,"Kiran Yerpude","2026-08-12 05:39:43",463.9,2,kiranyerpude
7531,16773194,NgNhan3110,"2026-08-27 09:36:17",463.8,2,ngnhan3110
7532,16637649,cameronezrajones579,"2026-08-15 15:49:12",463.8,2,cameronezrajones579
7533,16831839,404_Brains_Not_Found,"2026-09-20 12:36:19",463.8,2,"manavtejani,rohangadhiya1911,sakshamdubeynew,trushankvaghasiya"
7534,16920641,"Tailee Kim_7","2026-09-19 11:52:02",463.7,2,emilykim01
7535,16652899,Isha,"2026-09-28 11:37:16",463.6,2,aarohi20
7536,16871722,agenlu,"2026-09-28 09:07:51",463.5,2,agenlu
7537,16623198,"Chris D'Mello (ineligible)","2026-07-31 17:32:46",463.5,1,cdmello
7538,16888050,"Ayoub Fliless","2026-09-14 17:56:12",463.5,2,ayoubfliless
7539,16681924,WEcoS,"2026-08-10 04:32:03",463.4,2,aungkhainghtun
7540,16915448,asdfghjklbelinda,"2026-09-26 11:59:24",463.4,2,"asdfghjklbelinda,yyyemin,zhouqingwen"
7541,16768456,清水一希,"2026-09-28 14:24:28",463.3,2,kazukishimizu0427
7542,16920156,RoboSAL,"2026-09-28 18:13:35",463.1,2,salouaouarhlent
7543,16681778,kzeus@003,"2026-08-12 05:12:15",463.1,2,kzeus003
7544,16775214,"Sambhav R","2026-08-27 15:34:44",463.1,2,sambhavr
7545,16640516,"Alfandi Hassan","2026-08-08 03:41:33",463.0,2,alfandihassan
7546,16699707,"Afana Khalit putra","2026-08-11 08:57:25",463.0,2,afanakhalitputra
7547,16668137,"Thomas De Sousa","2026-08-06 06:34:48",462.6,2,thomasdesousa
7548,16729510,ARM,"2026-09-08 13:01:17",462.6,2,"midhun4126,mrohithjohn"
7549,16653809,acbabc123,"2026-08-04 13:53:53",462.5,2,acbabc123
7550,16645841,Lucien,"2026-09-24 07:55:19",462.3,2,lucienhu6775765
7551,16779152,"taijiu int","2026-09-04 22:22:20",462.3,2,taijiuint
7552,16767147,"Hacker Trinity","2026-09-09 12:20:12",462.0,2,hackertrinity
7553,16627324,"Attack on Kaggle","2026-08-06 13:27:22",462.0,2,user19394494
7554,16670719,SimoImane,"2026-08-05 23:36:09",462.0,2,simoimane
7555,16914972,cdwswb,"2026-09-19 02:25:22",461.8,2,cdwswb
7556,16670387,"Oracle69 AI","2026-09-28 13:52:43",461.6,2,princeadewaleadewumi
7557,16707986,Pones_kaggle,"2026-09-01 22:08:32",461.6,2,pyd966
7558,16889078,"Md Waquar Ahmad","2026-09-16 02:52:56",461.6,2,mohdwaquarahmad
7559,16765194,henry,"2026-08-24 13:39:29",461.6,2,zchenry
7560,16775236,hohohoZzZ,"2026-09-16 16:14:37",461.3,2,hohohozzz
7561,16725757,AchyutKishore123,"2026-09-28 10:15:52",461.2,2,achyutkishore123
7562,16805275,"Women or something","2026-09-28 11:11:09",461.1,2,"appalachianmounta1n,reneeschmidt"
7563,16741053,"Bui Minh Thanh","2026-09-07 18:50:23",461.1,2,buiminhthanh
7564,16831819,"Roy Lampe","2026-09-24 11:46:45",460.9,2,roylampe
7565,16667517,"Recep Barkın Topcu","2026-08-31 05:30:02",460.9,2,recepbarkntopcu
7566,16765688,jihunai,"2026-08-26 23:15:54",460.8,2,jihunai
7567,16755394,"Ruben Lucas","2026-08-21 21:50:16",460.4,2,rubenlucas
7568,16909602,jack1e32,"2026-09-18 02:32:58",460.4,2,jack1e32
7569,16699207,"Bipin Rimal","2026-08-10 07:45:21",460.3,2,bipinrimal314
7570,16794499,smileMAN13912339850,"2026-09-07 10:01:07",460.2,2,smileman13912339850
7571,16665374,UmangDobhal03,"2026-08-06 03:46:29",459.8,2,umangdobhal03
7572,16706277,"ratat Zheng","2026-08-12 10:25:38",459.8,2,ratatzheng
7573,16852845,quantumgeek,"2026-09-12 06:54:58",459.7,2,yk1598
7574,16662790,"Derek Earnhart","2026-08-04 18:04:01",459.7,1,derekearnhart
7575,16796273,"Kiplangat Vincent","2026-09-22 13:52:17",459.7,2,balvins
7576,16663267,"Sravya Isukapatla","2026-08-11 10:14:54",459.7,2,sravyaisukapatla
7577,16645302,LuCcc,"2026-08-03 09:45:35",459.7,2,luuuuccccc
7578,16743494,"ROHAN Exploit","2026-09-08 11:13:08",459.6,2,rohanexploit
7579,16681655,"Tae seong Gim","2026-08-14 14:14:10",459.6,2,taeseonggim
7580,16668108,"Suresh Chandra Mangena","2026-08-11 09:32:31",459.4,2,sureshchandramangena
7581,16933345,"Sourin Rakshit","2026-09-21 09:32:28",459.4,2,sourinrakshit01
7582,16701871,"Raj Nandan","2026-08-10 15:13:30",459.4,1,imrajnandan
7583,16701847,"Xi Li","2026-09-28 07:31:59",459.2,2,bruhuh
7584,16870864,"Overfitting Is All You Need","2026-09-18 09:25:23",459.1,2,ryylll
7585,16778127,Nimmokumar,"2026-09-20 18:45:50",459.1,2,nimmokumar
7586,16656431,"Venetta Smithen","2026-08-20 02:19:45",458.8,2,venettasmithen
7587,16625808,"Etsushi Yamamoto","2026-08-09 16:50:41",458.8,2,etsushiyamamoto
7588,16659919,"SILVISTON EMMANUEL","2026-08-06 06:51:55",458.7,2,silvistonemmanuel
7589,16623006,"Aaradhy Singhvi","2026-09-08 12:48:10",458.6,2,aaradhysinghvi
7590,16767585,Hyena,"2026-08-25 22:17:26",458.5,1,hemant0
7591,16768079,Sohee087,"2026-08-24 20:21:01",458.5,1,sohee087
7592,16728318,T3jas06,"2026-08-22 19:45:13",458.5,2,t3jas06
7593,16707951,K_ChanHo,"2026-09-17 11:40:29",458.4,2,kchanho
7594,16726044,"Lena Traczuk","2026-08-22 12:03:58",458.4,2,lenatraczuk
7595,16947220,"Wincent Zhang","2026-09-27 16:01:09",458.3,2,wincentzhang
7596,16655069,"Jason Harrison","2026-08-05 20:56:59",458.1,2,jasonharrisonco
7597,16842936,"Sreejit Pradhan","2026-09-12 19:11:37",458.0,2,sreejitpradhan
7598,16763898,"Tarık Sarıcı","2026-08-24 09:54:31",457.9,2,ssarici
7599,16844010,"Nori Miya","2026-09-06 15:17:38",457.8,2,norimiya
7600,16687959,"Destin Nedjou","2026-08-27 05:45:33",457.8,2,destinnedjou
7601,16665436,Aeternum,"2026-08-15 18:31:32",457.7,2,"donbinoy2004,surajkumarks"
7602,16657528,"Symekah Shadrack Basweti","2026-08-05 10:17:09",457.6,2,symekah99
7603,16670986,"Anas Erami","2026-08-08 01:38:43",456.9,2,anaserami
7604,16739711,SBC,"2026-08-20 10:16:10",456.8,2,"anusasaha2406,harshkumar3014,rahulmaity"
7605,16662111,"Mood Vikram","2026-09-05 23:15:35",456.8,2,"moodvikram,sidhantchauhan"
7606,16638883,LeiYang,"2026-08-03 15:04:07",456.7,2,leiyangcq
7607,16916293,Hun731r,"2026-09-17 20:49:12",456.4,2,hun731rkooki
7608,16657383,"Shih Hua Chou","2026-08-18 03:51:08",456.4,2,shihhuachou
7609,16793145,KarlNUrban,"2026-09-05 12:19:50",456.3,2,karlnurban
7610,16757135,Agrihand,"2026-09-02 15:00:23",456.3,2,mayur756
7611,16719742,"Varun Dave","2026-08-31 22:56:07",456.3,2,"pranavtrivedi02,varundave95"
7612,16625216,"Emre Can","2026-08-01 17:05:51",456.1,2,seicatsu
7613,16665865,"Agrippa Beaulieu","2026-08-08 19:09:28",456.1,2,agrippabeaulieu
7614,16688662,"Faz Forward","2026-08-08 09:03:10",455.9,2,fazforward
7615,16829367,"quant park","2026-09-15 10:29:07",455.8,2,quantpark
7616,16661287,"Jacob Hanlon","2026-08-11 13:59:58",455.8,2,jacobhanlon
7617,16705276,layr0,"2026-08-14 00:53:11",455.8,2,layr0dotdev
7618,16621572,"Abdulazeez AbdulMumeen","2026-08-05 10:59:27",455.7,2,ayobeen
7619,16675916,Lorenzo176ITA,"2026-08-14 11:02:15",455.7,2,"alessiopap,lorenzo176ita"
7620,16661233,"Uriel Johnson","2026-08-05 08:45:24",455.6,2,urieljohnson
7621,16676803,"Josue Villao","2026-08-14 05:20:13",455.6,2,josuevillao
7622,16713179,"Enise Zengin","2026-09-15 02:53:02",455.5,2,enisezengin
7623,16628268,toxic_2499,"2026-09-14 13:39:02",455.5,2,toxic2499
7624,16685570,"Micah Fernando","2026-08-07 19:46:31",455.4,2,micahfernando
7625,16692263,"ADITYA CHAVAN","2026-08-09 17:44:15",455.2,2,adityasnr7
7626,16655080,"Mohamed Judi","2026-09-07 19:18:31",455.1,2,mhjudi
7627,16695102,whitelok,"2026-08-11 12:54:41",455.1,2,whitelok
7628,16784417,"Dallas Odem","2026-08-29 13:14:30",455.1,2,dallasodem
7629,16726441,Enrique.rfm,"2026-09-14 16:40:46",455.0,2,enriquerfm
7630,16786351,"Pradeep P","2026-09-14 16:39:50",454.7,2,pradeeppuranam
7631,16654885,"Jason Kong","2026-08-04 06:52:19",454.7,2,jasonkongie
7632,16651872,Evgen21,"2026-08-05 14:03:50",454.6,2,evgen21
7633,16680799,zixma13,"2026-08-25 13:12:44",454.5,2,zixma13
7634,16630163,"SEREENA JERRY","2026-08-06 08:59:17",454.5,2,serenajerry
7635,16840624,Deepakexplores,"2026-09-11 17:51:43",454.4,2,deepakexplores
7636,16669117,"Shrikant Lambe","2026-08-10 23:31:50",454.3,2,shrikantlambe
7637,16691628,"Gavin Walsh (N1DGE11)","2026-08-08 16:07:24",454.2,2,gavinwalshn1dge11
7638,16847740,FarmAre,"2026-09-07 17:31:01",454.1,2,abishekak
7639,16664251,zzy123123,"2026-08-08 09:22:51",453.9,2,zzy123123
7640,16687237,Khalibryler,"2026-08-11 09:17:03",453.9,2,khalibryler
7641,16733785,"Stuart Gilbert","2026-08-30 01:52:41",453.8,2,stuartgilbert
7642,16675000,"Carl Bell","2026-09-16 20:55:33",453.7,2,allegedcarlbell
7643,16701046,"Thanakorn Kaewwiang","2026-08-14 17:13:39",453.5,2,deweytng
7644,16660899,"Clarence Trinidad","2026-09-16 18:28:20",453.4,2,claree007
7645,16690698,posty_melek,"2026-08-15 05:06:40",452.6,2,srisaraswati
7646,16663622,sammuq1,"2026-08-10 23:56:19",452.5,2,sammuq1
7647,16889822,CornReform,"2026-09-28 01:03:28",452.4,2,cornreform
7648,16661382,CBenaventte,"2026-09-02 13:35:27",452.3,2,cbenaventte
7649,16656745,"BHARATH KOWSHIK ULLANGULA","2026-09-25 10:30:21",452.1,2,"bharathkowshik25,honeyharshith,kesanibhargavaram"
7650,16731636,関西人,"2026-08-24 06:23:14",452.1,2,m1333666888
7651,16661576,"Yash Jumde","2026-08-15 20:09:59",451.9,2,yashjumde
7652,16714488,"HusseinNadem Nadem","2026-08-26 01:53:13",451.8,2,husseinnademnadem
7653,16644410,"Swaroop Kallakuri","2026-08-04 15:40:29",451.8,2,ksjpswaroop
7654,16732200,"Louis WhoEat","2026-08-24 12:02:40",451.7,2,louiswhoeat
7655,16774849,RiyadhLakadimu123,"2026-08-31 19:51:17",451.5,2,riyadhlakadimu123
7656,16695692,Saadii2279,"2026-08-11 16:44:39",451.5,2,saadii2279
7657,16623712,Dapp,"2026-08-03 23:09:19",451.4,2,lgloria
7658,16641948,JustForFun,"2026-08-18 08:00:36",451.3,2,thangphung215
7659,16667722,Radhouen911,"2026-08-06 21:37:37",451.3,2,radhouen911
7660,16693003,ShirrleyChen,"2026-08-15 12:54:58",451.2,2,shirrleychen
7661,16752081,"Ahmad Dehaini","2026-08-30 06:04:54",451.1,2,ahmaddehaini
7662,16888067,Van,"2026-09-21 01:29:39",451.1,2,lanxirye
7663,16664608,sid,"2026-08-07 18:18:04",451.0,2,sidshastri04
7664,16666716,"Fanis Alexakis","2026-08-17 11:59:15",450.9,2,fanisalexakis
7665,16804902,"aitahmed amina","2026-09-08 16:15:15",450.5,2,aitahmedamina
7666,16785352,"joão Vitor","2026-09-05 20:19:12",450.5,2,jaov30718
7667,16658149,X,"2026-09-21 13:42:54",450.5,2,lohithhb
7668,16671670,"Karla Ziegler","2026-09-24 00:26:42",450.5,2,karlaziegler
7669,16663040,"BARBARA GASKINS","2026-08-12 01:08:47",450.4,2,barbaragaskins
7670,16922524,"Aleksandar Belic","2026-09-24 20:48:44",450.3,2,aleksandarbelic
7671,16811454,"Zakaria Taouil","2026-09-07 16:11:13",450.2,2,ztaouil
7672,16661323,mzyktkhs,"2026-08-10 13:21:59",450.2,2,mzyktkhs
7673,16875460,"Safa Nasrin","2026-09-24 07:30:11",450.2,2,safanasri
7674,16893255,"Amal Raj Singh","2026-09-19 08:37:00",450.2,2,amalrajsingh
7675,16655881,"Zhuoran Zhao","2026-08-07 16:50:04",450.1,2,yearcakes
7676,16636719,"Naman Durve","2026-09-12 16:14:56",450.1,2,namancdurve
7677,16621437,AdamBelniak,"2026-08-03 18:15:21",450.1,2,adamos581
7678,16660060,AnkitGoyal,"2026-08-05 15:33:29",449.9,2,goyalankit
7679,16728845,"Mohamed Kaleel","2026-08-22 16:12:58",449.8,2,mdkaleel
7680,16661628,PradipBanerjee,"2026-08-05 21:03:11",449.7,2,pradipbanerjee
7681,16674605,Versilogic,"2026-08-16 07:54:48",449.5,2,versilogic
7682,16751058,"Henrique Loyola ","2026-08-21 05:29:59",449.5,2,henriqueloyola
7683,16882021,"lucas honoratodesouza","2026-09-14 05:21:58",449.4,2,lucashonoratodesouza
7684,16885346,"Michael Handal","2026-09-13 16:23:03",449.4,1,michaelhandal
7685,16658521,"Vishal Dhariwal","2026-08-08 11:43:36",449.2,2,user412
7686,16687602,"jithin manoj","2026-08-12 13:00:23",449.1,2,jithingmanoj
7687,16758970,"Jason Wong","2026-09-16 16:00:15",449.0,2,jsin27
7688,16659520,"Play Code","2026-08-05 14:28:00",448.8,2,codenya
7689,16661154,"gronky goobers","2026-08-15 14:39:05",448.8,2,"viktoriusontop,yoshisurjuise"
7690,16663707,DotBix,"2026-08-12 21:45:54",448.7,2,dotbix
7691,16655415,"Ivan Jarp","2026-08-29 17:07:03",448.7,2,ivanjarp
7692,16794598,"Andrew Yu","2026-09-02 04:51:57",448.6,1,andnyu
7693,16722827,Prathyyyyy,"2026-09-28 15:30:24",448.6,2,prathyyyyy
7694,16798512,"Yuichiro Kinoshita","2026-09-28 14:33:30",448.6,2,yuichirokinoshita
7695,16926614,"Mike Codispoti","2026-09-19 18:17:10",448.6,1,mikecodispoti
7696,16654984,"Guseinov Elvin","2026-08-08 21:44:00",448.3,2,guseinovelvin
7697,16892719,"Sandeep Guttavalli","2026-09-21 11:33:21",448.2,2,sandeepguttavalli
7698,16770096,Program,"2026-09-28 13:13:12",448.2,2,panagiotapanora
7699,16679872,"Kirby Won","2026-09-22 22:10:05",447.6,2,kirbywon
7700,16756812,"Alex Amirkhanyan","2026-08-24 05:51:16",447.6,2,aleksamirkhanyan
7701,16668068,"Neural Harvest","2026-08-27 19:23:44",447.6,2,meghashyampawar
7702,16757204,hhcjj,"2026-08-22 06:42:32",447.6,2,hhcjjkk
7703,16853895,sailohith07,"2026-09-08 10:49:11",447.5,2,sailohith07
7704,16684031,"Phillip Kamundia","2026-08-14 20:35:15",447.5,2,phillipkamundia
7705,16637342,SupremeWarrior108,"2026-09-20 19:21:39",447.3,2,supremewarrior108
7706,16783677,"Đặng Anh Thịnh","2026-08-28 08:31:12",447.3,1,nganhthnh
7707,16630520,dimitris_x94,"2026-08-23 21:10:57",447.3,2,dimitrisx94
7708,16915747,xiao,"2026-09-17 17:03:40",447.2,2,xiao789
7709,16661682,"Rishi Gupta","2026-08-05 07:46:38",447.0,2,rishigupta07
7710,16677524,"Phúc Phạm","2026-08-07 20:16:24",446.9,2,phucpham77
7711,16663258,sawe,"2026-09-16 09:10:13",446.9,2,boiihhh
7712,16930490,freesunp,"2026-09-21 02:48:31",446.9,2,freesunp
7713,16793465,"Farming Sols","2026-09-03 23:40:36",446.9,2,rishitreddypalle
7714,16721940,DarkLayer,"2026-08-22 02:07:13",446.8,2,nnpaopao
7715,16728821,"Alen Maria Nirmal","2026-08-17 21:51:03",446.6,1,alenmarianirmal
7716,16668185,"Swayam Chavan","2026-08-09 01:12:23",446.4,2,swamboy
7717,16661449,"Samarjeet Singh","2026-08-23 04:32:19",446.2,2,samarjeet010
7718,16731790,"A random farmer","2026-08-18 02:19:53",446.1,1,hinatatokuda
7719,16717051,"Chirag Hosdurga","2026-08-13 13:38:41",446.1,2,chiraghosdurga
7720,16654347,"aarav maheshwari1","2026-08-26 05:57:03",446.0,2,aaravmaheshwari1
7721,16623824,zhangende02,"2026-08-01 01:15:21",445.8,2,zhangende02
7722,16665184,woorym,"2026-08-10 03:04:12",445.5,2,woorym
7723,16879532,kiwamizamurai,"2026-09-14 20:27:53",445.5,2,kiwamizamurai
7724,16657664,"Nguyễn Anh Kiệt 28","2026-08-06 04:17:40",445.4,2,nguynanhkit28
7725,16940818,Laiba,"2026-09-28 11:36:01",445.3,2,laibasm01
7726,16758526,"sudo give_me_the_prize","2026-08-24 16:34:02",445.2,2,ibrahimab2
7727,16825489,"Monishwar S","2026-09-24 18:56:22",445.2,2,monishwar2718
7728,16747670,"Luis Molina","2026-09-21 14:34:46",445.2,2,micuentadecasa
7729,16623271,"William Morley","2026-07-31 10:09:16",445.1,2,williamkmorley
7730,16667078,dprinzensteiner,"2026-08-05 14:06:26",445.0,2,dprinzensteiner
7731,16690221,"HISOKY DEV","2026-08-10 09:42:03",444.9,2,omarfahid
7732,16675340,"SHAURYA SHARMA","2026-09-03 00:57:48",444.8,2,shauryas555
7733,16838929,Charlesm85,"2026-09-06 05:56:26",444.8,2,charlesm85
7734,16719521,xarquin,"2026-08-25 03:16:23",444.6,2,xarquin
7735,16713723,"Jyot Buch","2026-08-12 23:09:41",444.5,2,jyotbuch
7736,16621367,Numari,"2026-07-31 16:30:01",444.5,2,numaritaisei
7737,16656641,AndrewEly8,"2026-08-05 00:56:32",444.4,2,andrewely8
7738,16656627,"Soykot Podder","2026-08-14 05:39:06",444.3,2,diptopodder
7739,16655600,"VYSHAKH G NAIR","2026-08-04 21:31:24",444.2,2,vyshakhgnair
7740,16855836,"Srinivasan Raghavan","2026-09-08 18:07:38",444.0,1,srinivasan1812
7741,16691761,"Evie Barker","2026-08-15 13:40:05",444.0,2,eviebarker
7742,16780057,"Njabulo Hope Makana","2026-09-27 15:23:37",444.0,2,njabulohopemakana
7743,16641501,Sonal,"2026-08-08 22:07:46",444.0,2,sonalm13
7744,16707331,"Simon Ziegs","2026-08-23 22:54:11",443.9,2,simonziegs
7745,16663594,"NGU BLACK SANTA","2026-08-05 15:23:10",443.9,2,ngublacksanta
7746,16723490,"Panashe Arthur Mhonde","2026-08-22 11:41:19",443.8,2,panashearthurmhonde
7747,16646286,"C Aravindhan","2026-08-04 05:03:22",443.7,2,caravindhan
7748,16654401,ChronoForensics,"2026-08-08 17:26:11",443.7,2,ryanwollmuth
7749,16760480,yat0i811,"2026-09-13 14:13:59",443.5,2,yat0i811
7750,16771725,"Rijusmit Biswas","2026-09-18 10:55:33",443.3,2,rijusmitbiswas
7751,16670155,Kiznaiver,"2026-08-23 14:27:19",443.3,2,kiznaiver
7752,16681637,nasu01,"2026-08-07 10:14:10",443.2,2,nasu01
7753,16694330,"Jack Way","2026-08-10 11:48:42",443.0,2,jackway05
7754,16674266,HamYad,"2026-08-06 18:19:46",443.0,2,hamyadlab
7755,16723072,Arthurt1,"2026-09-23 22:09:27",443.0,1,arthurt1
7756,16861019,CloriTeam,"2026-09-09 15:34:28",442.7,2,lorenzocomis
7757,16932257,"Joumier Loick","2026-09-25 05:25:04",442.6,2,loickjoumier
7758,16666071,"Arda Yıldız","2026-08-20 09:33:54",442.4,2,xreina8
7759,16668267,Saran,"2026-08-27 14:18:05",442.1,2,saran2
7760,16724984,anish711,"2026-08-22 17:54:18",442.0,2,anish711
7761,16838981,"Adil Shamim","2026-09-09 13:55:52",441.9,2,adilshamim8
7762,16670090,"Gianpaolo Nettis","2026-08-24 08:42:07",441.9,2,rakes7
7763,16699633,Nafmo,"2026-08-11 17:10:53",441.8,2,nafmo2
7764,16690793,"MOHAMMAD ALRASHED","2026-08-08 18:33:34",441.7,2,mohammadalrashed
7765,16664205,"shr Wei","2026-09-03 06:00:47",441.6,2,shrwei
7766,16697448,"Mykola Mazniuk","2026-08-15 17:57:39",441.6,1,mykolamazniuk
7767,16663822,BhavyaSaini001,"2026-08-29 23:10:34",441.6,2,bhavyasaini001
7768,16729086,samanyu,"2026-08-23 10:13:11",441.5,2,samanyu1808
7769,16670634,"Narayan Sharan","2026-09-12 06:55:27",441.2,2,narayansharan
7770,16925447,"Peter Tinashe Mundowa","2026-09-20 09:37:57",441.2,2,petermundowa
7771,16671602,"Nithin Nambi","2026-08-07 00:09:31",441.0,2,nitthewit
7772,16903680,"marwan na","2026-09-28 13:11:13",440.8,2,marwanna
7773,16722793,Murphyzz,"2026-09-27 21:10:36",440.8,2,theophileperez
7774,16668331,"Maitreya Mohapatra","2026-09-23 22:26:09",440.6,2,maitreyamohapatra
7775,16730870,"Jiang Ryan","2026-09-03 03:37:12",440.6,2,jiangryan
7776,16656568,"FARIATHTHEEN F","2026-08-04 11:44:49",440.6,2,fariaththeenf
7777,16661751,"Shailaja J","2026-08-12 14:51:15",440.5,1,shailajaj
7778,16773043,"Petani Baik","2026-09-03 00:56:35",440.5,2,durrahandri
7779,16665949,Rbda,"2026-08-06 14:18:03",440.4,2,brazvan
7780,16785568,"Sneha Bhargava4","2026-09-16 17:56:17",440.2,2,snehabhargava4
7781,16654974,"ACd Rooy","2026-08-11 06:35:28",439.9,2,acdrooy
7782,16667601,"Audrius Molis","2026-08-27 19:30:39",439.8,2,vienas
7783,16634060,"Chí Thành Đỗ","2026-08-02 05:11:58",439.7,2,chithanhdeptrai
7784,16676497,"Non-veg plants","2026-08-07 09:54:00",439.7,2,mohammadshadabshaikh
7785,16653049,"Umut Doruk Öztürk","2026-09-02 09:52:16",439.7,2,umutdorukztrk
7786,16700596,"Markel Iru","2026-08-13 15:52:53",439.6,2,markeliru
7787,16639577,Haitaks,"2026-08-16 09:42:16",439.6,2,haitaks
7788,16735206,"Shiyal Kishan","2026-08-20 04:01:28",439.5,2,shiyalkishan01
7789,16764151,Jpadilla987@gmail.com,"2026-08-25 21:00:27",439.4,2,jpadilla987gmailcom
7790,16936983,"hanlin zhu","2026-09-22 13:06:50",439.4,2,dhanlinzhud
7791,16704597,"Wallace Switzer","2026-08-12 01:09:49",439.3,2,wallaceswitzer
7792,16638967,"Jenny Luo","2026-08-01 23:55:07",439.3,2,"jennyluo96,kyeoh92"
7793,16766803,"Kanishk Sharma","2026-09-01 23:52:42",439.0,2,kan1shq198
7794,16944547,アライグマ,"2026-09-23 12:54:39",439.0,1,alaiguma
7795,16728414,"Pedro Caycho","2026-08-16 12:40:26",438.9,1,pjcc1123
7796,16706843,"yh z","2026-08-11 09:32:56",438.9,1,yhz123456
7797,16738218,kiyo,"2026-09-10 13:01:37",438.7,2,kiyohiro
7798,16664327,"Maged Hegazy","2026-08-06 13:13:28",438.7,2,magedhegazy
7799,16668813,zhaowang,"2026-08-06 05:19:52",438.5,2,zhaowangwang
7800,16686093,"Muhammad Usman Butt","2026-08-07 22:00:04",438.4,2,debugdemon
7801,16734096,"Cem Ali Görmez","2026-09-06 10:48:37",438.3,2,cemaligrmez
7802,16660330,wangyikai,"2026-08-09 07:59:45",438.3,2,wangyik
7803,16683316,moonriver0922,"2026-08-11 07:04:11",438.1,2,moonriver0922
7804,16651939,"Yogesh Jadhav","2026-09-17 06:54:06",438.0,2,dynamo14324
7805,16654458,"Likith Narakala","2026-09-10 20:27:03",437.5,2,likith17052004
7806,16755677,"Rutwik Kumar M","2026-08-26 16:31:00",437.5,2,rutwikkumarm
7807,16657502,Jasmeen,"2026-08-16 08:59:05",437.5,2,jasmeen0207
7808,16676482,GitLyf,"2026-08-16 12:47:59",437.4,2,"jaideva30,rohithkrishnaak"
7809,16698141,Zippo,"2026-08-16 05:44:18",437.2,2,gagemerrick
7810,16881765,"aakriti & tanya","2026-09-18 11:53:42",436.7,2,"aakritiinchaos,tanyac1"
7811,16664558,"Praneeth Annapureddy","2026-08-05 04:52:45",436.7,2,praneethannapureddy
7812,16713218,"Julien Baumgartner","2026-08-14 08:36:27",436.5,2,julienbaumgartner
7813,16888455,Erin,"2026-09-14 02:55:17",436.5,2,eringobyte
7814,16640965,jidaoluckey,"2026-08-08 07:10:45",436.4,2,jidaoluckey
7815,16859368,"Emmanuel King Christopher","2026-09-09 23:31:24",435.6,1,emmanuelkingchris
7816,16938142,"Pavel Krotkov","2026-09-23 20:23:34",435.4,2,pashkal
7817,16661460,Lucky,"2026-09-03 07:49:58",435.3,2,tmiya0107
7818,16838619,HeroGod,"2026-09-05 12:25:27",435.3,2,herogod
7819,16662133,"Ding Lifeng","2026-08-29 08:20:49",435.0,2,dinglifeng
7820,16696993,healer2408,"2026-08-15 07:10:57",435.0,2,healer2408
7821,16683761,"Chiefmen749 Aris","2026-08-10 07:42:42",434.9,2,saysplayz
7822,16696061,Mingyuan2002,"2026-09-22 04:17:12",434.9,2,mingyuan2002
7823,16890511,"Alex Solonsky","2026-09-14 08:57:30",434.8,1,alexsolonsky
7824,16654394,sserges,"2026-08-08 20:46:14",434.7,2,sserges
7825,16662167,"Tara Singh Kharwad","2026-08-05 17:13:10",434.4,2,tarasi7261
7826,16756900,Kome_Sh,"2026-08-30 13:40:56",434.3,2,komeshun
7827,16805621,"DIVYANSH KUMAR SINGH CHAUHAN","2026-09-02 04:04:53",434.0,2,capdiv
7828,16809985,"ADOLE Edache","2026-09-25 11:47:46",434.0,2,adoleedache
7829,16858543,"Fakhar Mustafa","2026-09-10 05:07:39",433.9,2,fakhar90
7830,16938771,"Daniel Peng","2026-09-22 03:53:05",433.9,2,codewithdaniel1
7831,16723614,"James Atteh","2026-09-12 06:28:17",433.9,2,jamesatteh
7832,16716636,"Mahamane Lawaly","2026-08-13 10:22:51",433.8,1,mahamanelawaly
7833,16668093,Sai_Dattu,"2026-08-07 07:35:01",433.7,2,saidattu2003
7834,16776990,"Yash Kumar #2","2026-09-26 12:43:51",433.7,2,yashkumargunnersshot
7835,16722819,Anna,"2026-08-21 15:01:26",433.7,2,annatmp
7836,16757366,"Sean Connolly","2026-09-05 04:10:21",433.6,2,seanconnolly
7837,16759239,SunYaoXi,"2026-08-27 09:32:42",433.5,2,sunyaoxi
7838,16735177,shilpa.rpns,"2026-08-22 04:57:10",433.3,2,shilparpns
7839,16785932,"Thomas Yi","2026-09-04 00:33:06",433.2,2,tyyslashd
7840,16624414,"Chaitanya Jamble","2026-07-31 05:42:10",433.1,1,chaitanyajamble
7841,16708348,"Edilaine Arceno","2026-09-28 14:02:29",433.0,2,edilainearceno
7842,16932760,"Ian Hsu I guess","2026-09-23 01:09:40",433.0,2,ianhsuiguess
7843,16711823,Abi_e,"2026-09-07 09:47:37",433.0,2,abidjacquelineanadi
7844,16709918,GUI666,"2026-08-26 16:17:40",432.7,2,gui666
7845,16661360,"Jasper Jiss","2026-08-13 18:45:37",432.6,2,jasperjiss
7846,16841679,Chafuuu,"2026-09-09 16:26:02",432.6,2,chafuuu
7847,16760377,"Yuxuan Qian","2026-08-29 23:45:28",432.6,2,yuxuanqian
7848,16743032,"Sabarishvar S S","2026-09-03 17:49:08",432.5,1,sabarishvarss
7849,16658219,"Deepesh Pankaj","2026-09-28 07:15:16",432.5,2,deepeshpankaj
7850,16659080,VENKY,"2026-08-07 17:22:03",432.4,2,venkateshthatha
7851,16658678,"Manav Aghera","2026-09-06 18:16:28",432.3,2,manavaghera
7852,16666447,"Shuaib ayad Jasim Jasim","2026-08-06 20:51:47",432.2,2,shuaibayadjasimjasim
7853,16934824,Ken,"2026-09-21 09:28:50",432.1,2,kensuke77
7854,16659658,"Tim Wong","2026-08-06 02:02:30",432.0,2,wai0186
7855,16749271,"Shoki Suzuki","2026-09-26 15:00:23",432.0,2,shokisuzuki
7856,16641513,"Sameer Chakravedi","2026-08-15 16:06:11",431.9,2,sameerchakravedi
7857,16644765,MoeCode,"2026-09-12 16:46:28",431.8,2,syrianeagle
7858,16666132,andres555,"2026-08-28 14:36:21",431.5,2,"andres555,violalin"
7859,16706790,"Stas Chereshkevich","2026-08-19 12:23:33",431.5,2,staschereshkevich
7860,16666066,Khush3e,"2026-09-16 23:20:51",431.5,2,khush3e
7861,16853371,JIAWEILI0001,"2026-09-23 15:42:25",431.5,2,jiaweili0001
7862,16666878,aaronykchen,"2026-08-17 15:06:13",431.5,2,aaronyukuchen
7863,16725065,"Maxim Smirnov","2026-08-15 13:21:05",431.2,2,smirnoffmg
7864,16675686,"PRERIT MAURYA","2026-08-14 06:37:51",430.9,2,preritmaurya
7865,16728394,"Aisultan Davletkan","2026-08-16 13:01:38",430.6,1,aisdav
7866,16809943,"A Rook","2026-09-03 19:06:08",430.5,2,rookcastle
7867,16717679,mureee,"2026-09-28 13:05:07",430.5,2,"hosyan3279,mureee54"
7868,16651042,Mira_332,"2026-08-27 04:58:29",430.4,2,ichiiohno
7869,16675631,"Aswini Gowda","2026-08-10 05:37:33",430.4,2,aswinigowda
7870,16792630,Vipluv1,"2026-09-04 20:32:56",430.0,2,vipluv1
7871,16658520,drownedsnake,"2026-08-05 01:03:22",429.8,2,makerplay
7872,16661786,Nagaraju,"2026-08-10 01:53:04",429.8,2,orugantn
7873,16718517,"Jessica Yin","2026-08-17 00:10:31",429.7,2,jeqyin
7874,16715456,"wilson LUNG","2026-08-17 23:54:10",429.4,2,wilsonlung
7875,16652661,"Petru-Mihai Craciun","2026-08-05 14:55:07",429.3,2,petrumihaicraciun
7876,16630896,OpenBuilder,"2026-08-08 12:09:06",429.3,2,weijunguo
7877,16625149,Rubylicious,"2026-07-31 07:53:00",429.3,2,labibahalya
7878,16799224,"Tian Yan666","2026-09-03 14:48:42",429.2,2,tianyan666
7879,16786101,Cai0Emanuel,"2026-08-29 01:11:51",429.2,1,cai0emanuel
7880,16732513,Taogege,"2026-09-22 09:17:12",429.1,2,"liyiyiyi6,taogege520"
7881,16692128,gibocx,"2026-08-10 18:10:34",429.1,2,gibocx
7882,16716002,"Preethi Gnanaprakasam","2026-08-14 09:10:46",429.0,2,preethignanaprakasam
7883,16811547,Merlin,"2026-09-28 00:11:08",428.9,2,huntergrey
7884,16644053,Rafiozoo,"2026-08-03 19:26:40",428.7,2,rafiozoo
7885,16719679,ZhiruiLuo,"2026-08-25 15:52:57",428.5,1,zhirluo
7886,16664352,"Shreyash Asati","2026-08-06 10:40:56",428.2,1,shreyashasati
7887,16666873,"linli duan","2026-08-12 15:06:42",428.1,2,linliduan
7888,16662079,"Farrukh Hussain","2026-09-08 11:36:07",427.8,2,farrukhhussai
7889,16632855,Shreyash_Automation,"2026-08-21 00:06:49",427.8,2,shreyashautomation
7890,16660990,"Bunny Tang","2026-09-10 14:33:23",427.7,2,tanghung64
7891,16795330,"Alejandro Villacampa","2026-09-02 17:32:11",427.6,2,avillacampa
7892,16776824,"Manuel Santiago Atencio","2026-09-27 13:35:09",427.5,2,manuelsatencio
7893,16660420,tipofyzik,"2026-09-05 14:34:30",427.3,2,tipofyzik
7894,16671665,"Kobata Sota","2026-08-06 07:17:03",427.3,1,kobatasota
7895,16629201,"GUILLERMO REY PANIAGUA","2026-08-01 16:41:58",427.1,2,guillermoreypaniagua
7896,16726882,"Albert Yu","2026-08-17 00:01:53",427.1,2,yukinying
7897,16848309,"Angela Wu","2026-09-09 03:56:03",426.9,1,angelawurx
7898,16729214,kisamaki0815,"2026-08-28 01:21:57",426.9,2,kisamaki0815
7899,16728017,"medkhalil hawachi","2026-09-28 09:41:50",426.8,2,medkhalilhawachi
7900,16729522,all-coder,"2026-08-16 17:55:08",426.8,2,allcoder
7901,16668810,ZZZZGOD,"2026-08-07 19:11:09",426.7,2,zzzzgod
7902,16944152,JanGO,"2026-09-24 00:35:44",426.7,2,jankoai
7903,16773264,LA28,"2026-09-03 19:44:02",426.7,2,saisreelasyaappali
7904,16726285,Dhananjay,"2026-08-15 18:48:20",426.6,2,dhananjaylakkawar
7905,16664129,"Mr M 8641","2026-08-06 18:57:45",426.5,2,mrm8641
7906,16633984,"Mongkhon Hatit","2026-08-04 11:58:56",426.4,2,mongkolhatit
7907,16623582,yunsuxiaozi,"2026-08-01 13:59:57",426.4,2,yunsuxiaozi
7908,16671033,"Alexandr Shustikov","2026-09-17 22:35:17",426.1,2,alexandrshustikov
7909,16936198,"Greedy Acres","2026-09-28 16:37:27",426.1,2,axelmd
7910,16668241,"Shreyansh Kanotra","2026-08-08 19:56:15",426.0,2,shreyanshkanotra
7911,16885547,L0k1xd,"2026-09-13 10:04:10",425.8,2,l0k1xd
7912,16815817,haiy_qq,"2026-09-04 01:41:26",425.7,2,haiyqq
7913,16654312,Xmeeeee,"2026-08-05 00:11:29",425.7,2,xmeeeee
7914,16657312,"baolood herid","2026-08-06 13:13:48",425.5,2,baoloodherid
7915,16892976,"Tony He","2026-09-19 17:41:31",425.4,2,tonyyang0504
7916,16692782,"Andres Regino","2026-08-23 20:26:03",425.1,2,andresregino
7917,16664512,oggyiu,"2026-09-01 07:46:10",425.0,1,oggyiu
7918,16872182,yxxchh,"2026-09-11 13:18:38",424.7,1,yxxchh
7919,16729996,"Michael Roust","2026-08-18 16:09:56",424.5,2,michaelroust
7920,16692618,"Ali Zakaee","2026-08-09 10:13:02",424.3,1,itheequalizer
7921,16791617,"Neil Li","2026-08-30 00:10:32",424.2,1,neilliroub
7922,16709512,Rustamdurdyyev,"2026-08-31 19:59:56",424.2,2,rustamdurdyyev
7923,16802580,WarlockCode,"2026-09-03 14:07:58",424.1,2,maktub83
7924,16786264,"THISHA S","2026-09-06 06:53:09",424.0,2,thishas
7925,16627313,"Zafer Liu","2026-08-03 05:13:39",423.9,2,zaferliu
7926,16668095,Menna_Allah_Samy12,"2026-08-15 15:04:56",423.8,2,mennaallahsamy12
7927,16705510,"Palak Choudhary","2026-08-11 07:12:44",423.7,2,palak2564
7928,16919106,Jocelyn--JY03,"2026-09-23 05:45:05",423.7,2,jocelynjy03
7929,16699436,"Oluwaseun O Adeya","2026-08-23 01:22:24",423.5,2,oluwaseunoadeya
7930,16702200,"ANGAD JANGIR","2026-08-11 02:01:38",423.5,2,angadjangir
7931,16664004,"Me, Myself, and I","2026-08-11 03:57:46",423.5,2,notlunarxd
7932,16694497,Kawai,"2026-09-25 17:21:01",423.4,2,"lavendermoon19,sumitwod"
7933,16748500,stimmie,"2026-08-30 16:11:56",423.1,2,stimmie
7934,16925537,pballurkar,"2026-09-19 13:08:26",423.1,1,pballurkar
7935,16912864,zhzhang,"2026-09-19 12:54:48",422.9,2,lililizh11
7936,16770440,"Tegar Putrayas Dentatama","2026-09-27 06:32:14",422.8,2,tegarputrayasd
7937,16717912,"Anu Kumari","2026-08-13 18:03:07",422.6,1,anuk16020
7938,16786280,Shambhavi21,"2026-09-24 18:04:34",422.6,2,shambhavi21
7939,16768262,"Brayan Miranda G","2026-08-26 19:40:15",422.5,2,brayanmirandag
7940,16662095,"Buzz shocker","2026-09-13 20:28:48",422.3,2,buzzshocker
7941,16907577,"Дмитрий Витальевич","2026-09-17 07:59:28",422.3,2,mtkrqt
7942,16670464,halfpintcider,"2026-09-16 08:50:31",422.2,2,"amoghdeshpande2021,visspric7"
7943,16692373,"Ornevis Montero","2026-08-20 01:59:43",421.9,2,ornevisbolaosmontero
7944,16663104,Sohan,"2026-08-23 14:42:40",421.9,2,sohansinghrawat
7945,16807636,"Liu Panfeng","2026-09-05 00:30:20",421.9,2,liupanfeng
7946,16726765,"Ali Al-Killidar","2026-08-16 09:47:37",421.8,1,alialkillidar
7947,16745980,"Arif Amijoyo","2026-08-30 07:54:40",421.8,2,arifamijoyo
7948,16917703,"Tommy Mac Bird","2026-09-18 02:14:59",421.7,1,tommymacbird
7949,16633097,"Matheus Bonjour Laviola da Silva","2026-08-02 11:08:21",421.5,2,matheusbonjour
7950,16686796,"Harinath Reddy A","2026-08-23 21:23:45",421.5,2,harynath
7951,16660697,"Dannis Wong11","2026-09-09 10:07:46",421.4,2,danniswong11
7952,16723411,CaZen,"2026-08-15 10:48:16",421.3,2,cathzwah
7953,16669168,"Kingsley Jide","2026-08-31 21:30:18",421.1,2,kingsleyjide
7954,16660455,"Alex Kapend","2026-08-05 08:42:26",421.0,2,alexkapend
7955,16661014,manu,"2026-08-16 04:45:12",421.0,2,manupandit
7956,16660923,naganikshith,"2026-08-06 08:01:09",420.7,2,naganikshith
7957,16676256,"Kotaro Nakamura","2026-08-11 22:18:41",420.7,2,kotaroma
7958,16675215,"Viljen Apalset Vassbø","2026-08-06 22:24:44",420.6,2,viljenapalsetvassb
7959,16677166,Spectrobot,"2026-08-08 11:11:46",420.6,2,spectrobot
7960,16663871,"Iyed Djebbi","2026-08-07 09:25:07",420.5,2,iyeddjebbi
7961,16792392,pansya,"2026-09-20 10:00:15",420.5,2,pansya
7962,16639916,BloomBerry,"2026-08-12 12:38:31",420.4,2,kagglepalandata
7963,16632503,"Wei Hsiang Lin111","2026-08-01 07:42:33",420.3,2,weihsianglin111
7964,16877297,"Aaryan Gole","2026-09-15 09:37:08",420.3,2,aaryangole
7965,16655783,KonaKonaz,"2026-08-04 09:36:57",420.1,2,konakonaz
7966,16665152,"Ahmed Karim","2026-08-17 11:32:15",419.6,2,versusic
7967,16701367,CryptoQuant1992,"2026-08-11 13:04:12",419.5,2,cryptoquant1992
7968,16941853,"Prem Raga1809","2026-09-23 18:27:49",419.3,2,premraga1809
7969,16663804,"Fredy Meyer","2026-08-05 20:19:51",419.3,2,alexmeyerm
7970,16655820,"Cory Tortorici","2026-08-08 15:20:42",419.3,2,corytortorici
7971,16775069,JWlKIM,"2026-08-26 23:22:43",419.2,2,jwlkim
7972,16669170,AsadUsmanFAST,"2026-08-05 22:37:33",419.2,2,asadusmanfast
7973,16623528,"Faijur Rahaman","2026-08-20 09:40:07",419.1,2,faijurrahaman
7974,16795877,"Marco Polo","2026-09-16 00:02:55",418.9,2,zhesong1
7975,16689017,"Mounica Challa","2026-09-17 19:39:39",418.9,2,mounicachalla
7976,16633786,tuannm3812,"2026-08-28 08:00:42",418.9,2,tuannm3812
7977,16623503,"D Mohith","2026-08-01 01:06:22",418.8,2,dmohith
7978,16705640,"Dongre Laxman","2026-08-12 12:36:29",418.7,2,dongrelaxman
7979,16653429,mktdev,"2026-08-10 12:19:54",418.6,2,mktdev
7980,16785010,"Victor Wangles","2026-08-28 16:01:17",418.5,1,victorwangles
7981,16742009,"Mutyam kavyanjali","2026-08-19 10:25:06",418.4,1,mutyamkavyanjali
7982,16721942,"Daniel Rodriguez Bothe","2026-08-18 16:57:00",418.3,2,danielrodriguezbothe
7983,16734601,sweetlesson,"2026-08-18 00:40:55",418.2,2,sweetlesson
7984,16661194,"Sandeep Vanapalli","2026-08-04 15:37:06",418.2,2,mrleaf
7985,16845067,"Vineet Gupta","2026-09-14 09:08:20",418.2,1,"graceydugar,vineetgupta2023"
7986,16713557,kaggri-kal-chal,"2026-09-16 18:53:51",418.2,2,"nainikaanish,shrivastavaaryan"
7987,16698029,"Meet Vachhani","2026-08-10 18:34:55",418.1,2,meetvachhani7
7988,16778886,"Sandeep Das","2026-08-31 09:48:37",417.9,2,sandypos
7989,16728945,"Suryansh Kulshreshtha","2026-09-28 11:01:16",417.7,2,"busyfellow,suryanshkulshreshtha"
7990,16659269,"Bedirhan Dinçer","2026-08-10 20:26:46",417.6,2,bedirhandiner
7991,16845679,"Wenhai Tang (raisin)","2026-09-07 03:33:14",417.6,1,wenhaitangraisin
7992,16780783,pri,"2026-09-28 16:19:30",417.6,2,priscilamaria5363
7993,16723779,Matheubern,"2026-09-07 02:24:32",417.6,2,matheubern
7994,16683390,Christopher34,"2026-08-08 00:20:59",417.5,2,christopher34
7995,16786281,"Saumya Prasad","2026-09-24 19:16:29",417.4,2,saumyaprasad2004
7996,16677047,LINOXYR,"2026-08-15 13:13:58",417.3,2,linoxyr
7997,16911283,"Apratim Bajpai","2026-09-18 17:19:51",417.2,2,apratimbajpai
7998,16659414,TTGP_TEAM,"2026-08-06 15:33:09",417.1,2,phttrntrnggia
7999,16653998,www1727,"2026-09-15 16:45:05",416.9,2,www1727
8000,16719460,"Amon #2","2026-08-15 12:40:41",416.8,2,ezjameng
8001,16755159,"Kay Gijzen","2026-08-23 11:51:31",416.7,2,kaygijzen
8002,16827781,c1626343198,"2026-09-04 14:50:37",416.7,2,c1626343198
8003,16662726,"Juan Carlos González Aguilar","2026-08-14 19:54:48",416.5,2,juancg
8004,16658051,SethuMadhavan004,"2026-08-09 09:38:27",416.4,2,sethumadhavan004
8005,16751979,"Sasha Sam","2026-08-27 20:02:46",416.2,2,sashasam
8006,16660343,"Mert Olgun899","2026-08-05 13:05:07",416.2,2,mertolgun899
8007,16669945,"Turab Zaidi","2026-08-07 13:27:44",416.1,2,turabzaidi
8008,16759112,songxin,"2026-09-27 03:54:32",416.1,2,likewaterandwind
8009,16700294,"SWAPNEEL BANERJEE","2026-09-24 15:53:50",416.0,2,swapneelbanerjee
8010,16698570,MurphyIIVan,"2026-08-10 03:35:41",415.9,2,murphyiivan
8011,16761148,Deku,"2026-08-23 13:36:57",415.8,1,piyushsharma5654
8012,16892644,ElKnilcho,"2026-09-14 19:01:37",415.7,2,elknilcho
8013,16663976,"wangyang denis","2026-08-12 06:26:08",415.5,2,wangyangdenis
8014,16804803,"01000110 01010101 01000011 01001011 00100000 01011001 01001111 01010101 00100001","2026-09-14 16:38:59",415.4,1,f01010101
8015,16758987,"Irtaza Ahmed Khan","2026-09-08 06:38:25",415.3,2,yrrebeere
8016,16696271,"Neeta Sanjay Gajabi","2026-08-09 14:48:42",415.0,2,neeta2574
8017,16632841,AGG,"2026-09-05 18:33:20",415.0,2,aleixgim
8018,16891504,"Taha N Kaya","2026-09-14 14:03:21",415.0,1,tahankaya
8019,16765863,MADUPU.SRINIDHI,"2026-09-05 10:31:08",414.8,2,madupusrinidhi
8020,16757336,Stevejustin,"2026-08-31 04:18:31",414.8,2,stevejustin
8021,16665647,hr15de,"2026-09-25 08:52:49",414.7,2,hr15de
8022,16668141,"Soichiro Mochizuki","2026-08-07 22:13:36",414.7,2,soichiromochizuki
8023,16930439,wessa0,"2026-09-22 13:42:39",414.5,2,wessa0
8024,16941095,"P. Sewmuthu Abewickrama Singhe","2026-09-28 11:34:00",414.5,2,psewmuthu
8025,16676327,shu10038,"2026-09-14 12:07:16",414.4,2,shu10038
8026,16656989,Crunchex,"2026-08-29 10:52:11",414.2,2,"asmo04,chinmaysoni48,codencry"
8027,16880350,喜欢逢坂大河,"2026-09-16 08:36:54",414.2,2,yhsno69
8028,16943142,"ravi AK","2026-09-27 11:50:08",413.9,2,raviak
8029,16897148,"Ikrame Ibn Hayoun","2026-09-15 14:26:06",413.8,2,ikrameibnhayoun
8030,16854332,kotaross,"2026-09-09 15:18:06",413.6,2,kotaross
8031,16671913,res67,"2026-08-07 16:22:30",413.6,2,junyeanyap
8032,16778939,"Stepan Antonov","2026-08-27 07:59:30",413.5,1,stepanantonov
8033,16665040,"Arnav Yashlaha","2026-08-05 05:44:26",413.5,2,arnavyashlaha
8034,16706184,"Lingaraju Saikumar","2026-08-16 11:51:34",413.2,2,lingarajusaikumar
8035,16661966,Rocket,"2026-08-29 18:05:35",413.1,2,"aarchie4,nick16541,siddharthdongardive"
8036,16625434,"Chirapathleo Saelim","2026-09-08 08:40:06",413.1,2,chirapathleosaelim
8037,16706054,"ErrorX Info","2026-08-20 11:30:03",412.9,2,"errorxinfo,shyampatel47"
8038,16695627,"Xu Lou","2026-08-09 13:01:23",412.7,2,xuxiaozhou666
8039,16662896,"Adrian Dubois","2026-09-21 03:33:43",412.7,2,adriandubois
8040,16796102,yiliang,"2026-08-31 12:55:20",412.7,2,yilianglv
8041,16717420,"Muhammad Yasir Sarwar","2026-08-13 14:40:09",412.6,2,muhammadyasirsarwar
8042,16802750,"[Deleted] fafa60dd-8026-43cc-b656-34ca4625ef7d","2026-09-01 12:22:13",412.3,1,del=e2a734cecd171934
8043,16735012,"Shuvam Swapnil Dash","2026-08-28 19:56:48",412.1,2,"shashwatmandal,shuvamswapnildash"
8044,16691704,"Rahman Aliyev","2026-09-10 17:59:57",412.0,2,rahman4li
8045,16669703,AnubhavBhadani142,"2026-08-15 06:32:19",411.6,2,anubhavbhadani142
8046,16654175,abhiv142,"2026-08-11 13:22:03",411.6,2,abhiv142
8047,16931956,Aari101,"2026-09-20 19:23:51",411.5,2,aari101
8048,16665470,KanakoS,"2026-08-18 13:13:58",411.4,2,kanakos
8049,16640814,"Kritika Adhikari","2026-08-07 09:25:26",411.4,2,kritikaadhikari
8050,16631609,dlougen,"2026-08-04 16:40:03",411.4,2,dlougen
8051,16838460,"Yash Vardhan","2026-09-08 07:39:50",411.4,2,poruskapil1
8052,16798347,"Mr Michael Chung","2026-09-14 19:39:17",411.3,2,mrmichaelchung
8053,16792685,李明,"2026-09-22 08:03:47",411.2,2,liming2026good
8054,16809998,chzCharbs,"2026-09-15 08:14:49",411.2,2,chzcharbel
8055,16660531,greySnow,"2026-09-10 23:39:09",411.2,2,shlomoron
8056,16682906,Masiki,"2026-09-05 13:55:54",411.2,2,blackseed
8057,16664044,IntentionalSayshara,"2026-09-27 17:50:47",411.1,2,jaelle
8058,16695095,"Jayanth Chowdary","2026-08-22 17:50:39",411.0,2,jayanthchowdary24
8059,16735934,"Uday Kiran003","2026-08-18 06:23:18",411.0,1,udaykiran003
8060,16712488,"Vansh Bhura","2026-08-12 14:23:18",410.8,2,vanshbhura
8061,16700627,"Benedict Ebito Boyubie","2026-08-10 11:03:38",410.8,1,bboyubie
8062,16732395,"Nikita Antonov","2026-08-23 08:33:03",410.6,2,nantonov
8063,16656579,"Riad Rayhan","2026-08-15 06:40:35",410.5,2,riadrayhan
8064,16662985,DanTheDataScienceMan,"2026-08-05 17:40:06",410.4,1,danthedatascienceman
8065,16707437,"Ivan Plekhanov","2026-08-11 12:03:11",410.4,1,nnob0dy
8066,16714240,"The Shovel","2026-08-26 03:21:18",410.3,2,"astapasta0,qotqat"
8067,16657520,"Joel De la Cruz Fuertes","2026-08-12 16:33:48",410.2,2,joeldcf
8068,16919693,Maham1199,"2026-09-28 12:50:06",410.1,2,maham1199
8069,16623135,mohduwaishchaudhary,"2026-07-30 22:05:45",410.0,2,muwaish5
8070,16808646,"Yimeng Wang","2026-09-27 15:09:20",410.0,2,yimengwang0814
8071,16693255,"Carlos Hideo Yamaguchi","2026-08-10 00:59:12",410.0,2,carloshy
8072,16660484,"Waiswa Geoffrey","2026-08-31 08:29:58",410.0,2,waiswageoffrey
8073,16750435,"Oleksandr Zalievskyi","2026-08-23 18:34:59",409.9,2,sashaworker
8074,16693307,"Vlad Gavrilov","2026-08-09 04:00:29",409.9,2,vladgavrilov
8075,16676205,"Alhassan Fedawy","2026-08-14 17:15:07",409.6,2,alhassanfedawy
8076,16659659,"michael J king","2026-09-22 02:24:45",409.5,2,michaeljking
8077,16883044,"Muhammad Olamide","2026-09-16 10:59:44",409.4,2,muhammadolamide
8078,16926757,MengXun326,"2026-09-20 21:55:59",409.4,2,mengxun326
8079,16729155,WangZihao5649,"2026-08-24 02:32:08",409.3,2,wangzihao5649
8080,16644023,"Yiğit Efe Albaş","2026-08-02 18:34:39",409.2,1,yiitefealba
8081,16638953,"Joe Young","2026-08-03 19:23:13",409.2,2,jsphyg
8082,16660073,"Mahad Kakooza","2026-09-06 20:30:18",408.7,2,mahadkakooza
8083,16686954,"Davie Mdumuka","2026-08-09 19:40:56",408.7,1,daviemdumuka
8084,16716657,"Jasti Phani","2026-08-19 08:38:00",408.5,1,jastiphani
8085,16927170,"çağrı okan","2026-09-19 23:33:54",408.5,2,cagrokan
8086,16656902,"Ram Chandra Gupta","2026-08-05 10:18:41",408.4,2,ramchandra142
8087,16669434,"Saugat Kannojia","2026-08-07 11:45:47",408.3,2,saugatkannojia
8088,16681441,"Lamiaa Al-bdrani","2026-08-07 04:25:50",408.1,1,lamiaaalbdrani
8089,16773032,fecrescencio22,"2026-09-02 21:07:10",408.0,2,fecrescencio22
8090,16659459,"Akandé Philippe ABIODOUN","2026-08-06 11:58:09",408.0,2,vrmelo
8091,16890098,"Binief Ta","2026-09-14 14:08:36",408.0,2,biniefta
8092,16745485,"Thamires dos Santos ","2026-09-25 01:42:25",407.9,2,thasantos
8093,16691891,"Gagan Thakur","2026-08-16 04:36:51",407.8,2,gaganthakur2006
8094,16777612,"zebra G","2026-08-27 15:46:59",407.6,1,zebrag
8095,16657574,harikrishnacs,"2026-08-04 12:28:53",407.6,2,harikrishnacs
8096,16804231,illegalplumbing,"2026-09-16 02:55:22",407.5,2,illegalplumbing
8097,16657201,ShayML,"2026-08-08 09:02:05",407.4,2,shayml
8098,16763400,"Parth Sarnobat","2026-09-24 18:54:48",407.4,2,parthsarnobat
8099,16716299,Biwaaa67,"2026-08-13 19:57:06",407.3,1,biwaaa67
8100,16856112,"Thomas White","2026-09-08 19:39:13",407.3,1,leopardguy
8101,16662089,"Alonso Gallego Pacho","2026-08-27 13:27:36",407.1,2,alonsogallegopacho
8102,16721530,revv0o,"2026-08-15 13:58:34",407.0,2,revv0o
8103,16668522,"Moatez Litaiem","2026-08-06 16:57:54",406.9,2,moatezlitaiem04
8104,16621518,jaccobian,"2026-08-29 08:11:50",406.9,2,harshraj22
8105,16802866,"Antonio Di Cecco","2026-09-01 18:37:02",406.6,1,antdic
8106,16786328,"DanishGW School","2026-09-02 03:50:19",406.5,2,danishgwschool
8107,16926880,KarthikeyaAnna,"2026-09-20 13:40:19",406.4,2,karthikeyaanna
8108,16759916,"Jeevith G","2026-08-23 06:58:50",406.3,2,jeevithg090
8109,16702980,GCSudarshanReddy,"2026-08-15 17:32:06",405.9,2,gcsudarshanreddy
8110,16725957,"Ayman Tarig Mohammedosman Elgadi","2026-08-24 02:57:16",405.6,2,aymantarig17
8111,16768174,lambdap,"2026-09-06 13:25:29",405.5,2,lambdap
8112,16925224,Raosaheb,"2026-09-20 08:17:04",405.5,2,raosahebmore
8113,16634911,onlytimeknows,"2026-08-22 12:31:11",405.4,2,onlytimeknows
8114,16697396,"Collective Win","2026-08-18 05:10:12",405.4,2,collectivewin
8115,16763523,"Nam Khánh Lê","2026-09-02 06:28:44",405.4,2,"khanhss,khimbodoi"
8116,16796474,"Chaitanya Mundhe ","2026-09-13 12:27:10",405.2,2,chaitanyamundhe
8117,16811013,"Sara Vahidestakhri","2026-09-03 00:32:07",405.2,1,saravahidestakhri
8118,16630020,"Piotr Gabrys","2026-08-09 16:53:59",405.1,2,piotrekga
8119,16818498,"AARYAN VISHAL","2026-09-07 11:53:23",405.0,2,aaryanvishal
8120,16684776,"D Rithika","2026-08-10 18:36:30",404.9,2,drithika
8121,16753895,Andrew98,"2026-08-22 13:10:58",404.8,2,vitem98
8122,16918087,Kenyo8,"2026-09-21 07:47:02",404.8,2,kenyo8
8123,16768578,"Patrick Lzz","2026-08-25 02:56:30",404.5,2,patricklzz
8124,16712259,geqiulin,"2026-08-13 04:46:11",404.4,2,geqiulin
8125,16908873,KelOliHar,"2026-09-18 20:02:58",404.2,2,kelolihar
8126,16689256,"Pavan Pusapati","2026-09-17 11:26:52",404.2,1,pavanpusapati
8127,16728839,Mharfe,"2026-09-06 23:26:08",404.1,2,mharfe
8128,16809931,"john crick","2026-09-16 02:07:20",404.0,2,johncrick
8129,16849620,rgbweston,"2026-09-07 18:00:17",403.9,1,rgbweston
8130,16664818,"B M Dimpu Shree","2026-08-21 10:51:22",403.9,2,bmdimpushree
8131,16857871,SHP123SHP,"2026-09-10 03:20:57",403.9,2,shp123shp
8132,16662589,"Arunagirinadan Sudharshan","2026-09-27 18:51:57",403.8,2,sudhanaruna
8133,16716589,"Shaik Adilazeez","2026-08-13 09:29:44",403.7,1,shaikadilazeez
8134,16663259,erush,"2026-09-08 03:16:44",403.7,2,erushia
8135,16663815,"Tetsuya Sasaki","2026-09-05 00:00:30",403.7,2,sasakitetsuya
8136,16623631,SeaEag1e,"2026-07-31 06:26:17",403.5,1,seaeag1e
8137,16685615,Spectra,"2026-08-07 16:14:32",403.4,2,thomaskressig
8138,16663055,jainish_d24ce180,"2026-08-10 13:54:40",403.4,2,jainishshah35
8139,16708409,toshiconner,"2026-08-12 06:30:06",402.9,2,toshiconner
8140,16808233,"Yash Hingane","2026-09-04 12:53:43",402.9,2,yashhingane
8141,16678819,"Digant Kathiriya","2026-08-07 02:07:51",402.7,2,digantkathiriya
8142,16793391,"Muhammad Ussman","2026-09-24 20:18:29",402.6,2,muhammadussman
8143,16666944,"Meghnath S","2026-08-11 01:56:22",402.4,2,meghnaths
8144,16653006,"anthony mbadiwe ikeme","2026-08-18 09:08:02",402.4,2,anthonymbadiweikeme
8145,16888334,"Ohene A","2026-09-14 17:36:00",402.2,2,pamo12
8146,16783050,"Charles Chen","2026-09-07 06:24:21",402.1,2,charles2580
8147,16671532,"Yuri Nakayama","2026-08-13 11:34:55",402.1,2,yurinakayama
8148,16709299,"Divyanshu Choudhary","2026-09-04 13:13:32",402.0,2,divyanshuchoudhary25
8149,16805176,"Hritvika Tawde","2026-09-13 11:22:46",401.9,2,hritvikatawde
8150,16715404,"karthik reddy","2026-09-04 01:34:50",401.5,2,karthikreddyp
8151,16864670,"Takahiro Cho","2026-09-10 04:55:10",401.4,1,takahirocho
8152,16656951,"[Deleted] 6015b650-8e16-4705-8036-db40bdd2d353","2026-08-04 09:08:05",401.3,1,del=084ea76838ad756b
8153,16757351,SaiVenkatesh,"2026-09-05 10:30:00",401.2,2,nothingnew
8154,16669204,Scout,"2026-09-28 18:15:26",401.1,2,"aeryst,divyanshxanshu,mridulahluwalia06,shlokgoyal1234,smaggr"
8155,16659018,"Ramziddin Toxirov","2026-08-11 04:58:03",401.1,2,ramziddintoxirov
8156,16890562,Names231,"2026-09-14 16:08:48",401.0,2,names231
8157,16655997,tanatet8,"2026-09-05 11:00:05",400.9,2,tanatet8
8158,16794302,bettta11,"2026-09-04 23:25:27",400.7,1,bettta11
8159,16920572,"Mahalakshmi boga","2026-09-26 12:26:50",400.6,2,mahalakshmiboga
8160,16790718,"Carlos Alves","2026-09-02 04:29:42",400.6,2,carlosone
8161,16655891,"Yukihito Ikoma","2026-08-27 03:55:41",400.6,2,yikoma
8162,16664064,lookapmaka,"2026-08-10 17:19:05",400.5,2,lookapmaka
8163,16790603,xinbao,"2026-09-22 05:21:16",400.5,2,zww123456
8164,16751796,"Leo Pallorina","2026-08-23 14:06:17",400.3,2,lelelsp
8165,16696959,"Joe Filfli","2026-08-11 10:47:03",400.3,2,joefilfli
8166,16660317,esgranja,"2026-08-04 18:58:48",400.2,1,esgranja
8167,16679904,"Joshua Bensemann","2026-09-28 09:43:08",400.1,2,qazcat
8168,16661633,"Joseph Garcia","2026-08-19 16:28:08",400.0,2,josephpgar
8169,16657712,"samuel job Adeola ","2026-09-20 22:25:10",399.8,2,samueljobadeola
8170,16664401,"Pranav Premchand","2026-08-05 03:07:24",399.5,1,pranavpremchand
8171,16896794,Cidoai,"2026-09-18 08:45:45",399.4,2,cidoai
8172,16654947,"Ömer Hüseynov","2026-08-08 22:06:03",399.2,2,omarhuseynov
8173,16657545,"Deepak Singh","2026-08-11 13:50:31",399.1,2,vihaannegi
8174,16656156,"Kshitij aucharmal","2026-08-06 04:35:27",399.0,2,narutoaucharmal
8175,16666334,UnderBlade,"2026-08-05 09:56:11",398.6,2,"athillazaidan,kurtmikhael"
8176,16719296,Mr.TtT_Games,"2026-08-14 04:58:39",398.5,2,mrtttgames
8177,16685904,KavYaHD,"2026-08-10 13:02:45",398.2,2,kavyahd
8178,16738351,"Haidar Faruqi","2026-08-25 05:00:00",398.2,2,haidarfaruqi
8179,16711374,Jascha,"2026-08-13 11:22:30",398.0,2,lippja
8180,16784030,"Pooja Gera","2026-09-02 15:10:47",397.7,2,poojagera00
8181,16638704,"Lee Yen Fei","2026-09-01 03:31:45",397.7,2,leeyenfei
8182,16712633,"Andy Andy","2026-08-13 08:11:38",397.5,2,andy3373
8183,16655372,abobakrosman87,"2026-09-26 04:03:07",397.3,2,abobakrosman87
8184,16657054,"ömer umut güngör","2026-08-05 06:10:22",397.2,2,merumutgngr
8185,16675232,"Rafif Ariq Rabbani","2026-08-27 19:37:32",397.0,2,rafifariqrabbani
8186,16624879,indira,"2026-07-31 06:52:02",396.7,2,inansia
8187,16854266,もふもふ神,"2026-09-12 16:26:42",396.7,2,mohumohukami
8188,16666596,"Daumas Benjamin","2026-09-03 10:05:38",396.6,2,daumasbenjamin
8189,16851939,"Naoya Mieno","2026-09-11 06:19:02",396.3,2,naoyamieno
8190,16784400,K_DHEERAJ_11,"2026-08-31 02:58:38",396.1,2,kdheeraj11
8191,16666479,"Prajwal Nivangune","2026-08-09 18:33:51",396.0,2,prajwalnivangune
8192,16761319,Yuvraj,"2026-08-23 07:29:44",395.9,1,yuvrajkr01
8193,16662646,"Jay Parsana","2026-08-09 18:07:10",395.9,2,jay051
8194,16665228,Jason_Qian,"2026-08-05 16:00:43",395.9,2,jasonqia
8195,16695479,Anandhasabesan,"2026-08-09 13:50:37",395.8,1,anandhasabesan
8196,16898808,katoue,"2026-09-16 21:47:46",395.8,2,katoue
8197,16938488,Firdannn,"2026-09-22 20:12:18",395.6,2,firdannn
8198,16746562,"The Learning loop","2026-09-24 10:32:16",395.6,2,"jananikasenthilkumar,ssjaswanth"
8199,16715416,"Md. Adnan","2026-09-20 08:53:58",395.4,2,mdadnan96
8200,16700685,"Preeti Dhotmal","2026-08-27 11:25:29",395.3,2,preetidhotmal
8201,16802028,Dong,"2026-09-11 03:53:23",395.2,2,protostar
8202,16716702,"majjati khalid ","2026-08-19 14:12:32",395.1,2,khalidma
8203,16733343,"Ayam Dhotekar","2026-09-27 10:42:18",395.1,2,ayamdhotekar
8204,16659588,"Priya J","2026-08-14 05:57:46",395.1,2,priyaj21
8205,16701713,"Максим Хованский","2026-08-10 14:35:38",394.9,1,yeezynaizi
8206,16695828,rihiRule,"2026-08-11 13:40:24",394.8,2,rihirule
8207,16671911,"Dwi Eflatino","2026-08-16 10:44:17",394.8,2,eflatino
8208,16623054,"Max Bond ABE","2026-08-15 22:43:34",394.5,1,maxbondabe
8209,16840668,"Aratrika Ruhal","2026-09-13 23:35:13",394.5,2,aratrikaruhal
8210,16643278,"Giovani Moresco","2026-08-06 05:30:45",394.5,2,giovanimoresco
8211,16661717,"Yaswanth Ippili","2026-08-06 11:32:13",394.4,2,yaswanthippili
8212,16658202,"SNAEHATH P","2026-08-06 13:51:15",394.3,2,snaehath
8213,16757017,"William Green","2026-09-05 01:33:23",394.3,1,dskswu
8214,16668368,"Waleed Hasan","2026-08-12 01:42:22",394.2,2,whasan
8215,16747782,"Muhammad Agam Febryan","2026-08-29 18:22:04",394.2,2,muhammadagamfebryan
8216,16709179,"SATENDRA SINGH","2026-09-17 03:39:22",393.9,2,satendrasingh9876
8217,16675462,bkcoban,"2026-08-07 18:22:48",393.8,2,bkcoban
8218,16654258,"Ashray Bagde","2026-08-13 08:13:00",393.8,2,ashrayaaaaa
8219,16726168,"Shrey Modi","2026-08-15 19:42:14",393.8,2,shreymodi2
8220,16707987,"Big Balls Entertainment","2026-08-12 10:18:24",393.6,2,"pavivin,semenkolesnikov"
8221,16656023,JD_Mello,"2026-09-06 01:41:52",393.6,2,jdmello
8222,16715033,"Colton Byers","2026-08-17 10:41:50",393.4,2,coltonbyers
8223,16669102,Ritik,"2026-08-07 18:11:13",393.2,2,xritikx
8224,16667615,"Zayd Mulani","2026-08-08 23:05:57",393.2,2,zaydmulani
8225,16662081,Ayush_Bhaskar_25323010,"2026-08-08 19:49:56",393.2,2,ayushbhaskar25323010
8226,16712906,"Sharad Garg","2026-08-13 14:54:43",393.0,2,sharadgarg
8227,16750743,"Nagimov Timur","2026-08-20 21:10:30",393.0,2,nagimovtimur
8228,16639764,CortexExplorer,"2026-09-20 15:15:59",392.9,2,cortexexplorer
8229,16919222,"Lakshmi Sayyapureddy","2026-09-20 12:41:09",392.6,2,lakshmisayyapureddy
8230,16840626,"Christopher Márquez","2026-09-12 22:23:02",392.6,2,christophermrqz1174
8231,16701064,KMishra011,"2026-08-20 20:30:34",392.4,2,kmishra011
8232,16834632,casua132,"2026-09-05 07:56:17",392.4,1,casua132
8233,16625418,"Hariprasanth Paranjothy","2026-08-01 05:52:19",392.3,2,hariprasanth8
8234,16663674,"Mason Mahar","2026-08-30 04:00:17",392.2,2,masonmahar
8235,16701885,"Mehdi L.","2026-08-13 13:41:14",392.2,2,lmehdi
8236,16660294,"Mohamed Amadu Bangura","2026-08-04 16:14:07",392.0,1,mohamedamadubangura
8237,16817520,shreyansh0103,"2026-09-15 09:18:38",392.0,2,shreyansh0103
8238,16672292,"KARTIKEY PANWAR","2026-08-06 05:46:16",391.7,2,kartikeypanwar
8239,16913940,"Mustafa Rehman","2026-09-21 09:33:59",391.7,2,mustafar34
8240,16839457,HugoLee_dreamer,"2026-09-14 01:18:31",391.6,2,hugoleedreamer
8241,16894517,kuchinwei,"2026-09-17 14:52:52",391.5,2,kuchinwei
8242,16667759,"Nafis Fuad Shahid","2026-08-05 19:21:39",391.1,2,nafisfuadshahidd
8243,16725349,"Saj Patel","2026-08-15 21:55:42",391.1,2,sajpatel15
8244,16624935,"Anjana mohan","2026-08-01 06:06:39",391.1,2,anjanamohan13
8245,16719603,"sravan Tirumala","2026-08-14 03:05:43",391.1,1,sravantirumala
8246,16660287,BhatNasir,"2026-08-04 16:29:18",391.0,2,nasir94
8247,16665988,"Ronel maamoc","2026-08-31 09:37:13",391.0,2,ronelmaamoc
8248,16808705,Danielaijdkx,"2026-09-03 11:29:34",390.9,1,danielaijdkx
8249,16675043,malibu_orange,"2026-09-05 13:27:13",390.6,2,malibuorange
8250,16738441,"Moritz Huber","2026-08-30 21:00:10",390.5,2,moritzhuber
8251,16860003,"Aatif Sayyad","2026-09-10 21:31:13",390.4,2,aatifsayyad
8252,16660318,"Aiman Al-Shalfi","2026-09-14 12:39:08",390.3,2,aimanalshalfi
8253,16670475,Adib,"2026-08-06 02:02:27",390.2,2,adibemohamed
8254,16758192,"Dev Monk","2026-08-29 14:03:22",390.2,2,devmonk63
8255,16661331,"John Wessel","2026-09-26 20:15:27",390.2,2,johnwessel
8256,16736432,"Sarthak #2","2026-08-18 12:33:53",390.1,2,srthkdixit
8257,16666958,TinkerBotics,"2026-08-05 20:29:19",390.0,2,salosojaedwin
8258,16638938,Light&Thunder,"2026-08-09 06:39:19",390.0,2,yerne39
8259,16897491,"Santipab Tongchan","2026-09-15 14:39:58",390.0,1,santipabtongchan
8260,16839419,"Gunratna borkar","2026-09-05 23:32:33",389.9,2,gunratnaborkar
8261,16875657,"Валерия Захарова","2026-09-12 23:53:56",389.8,2,melomanpanda
8262,16656608,"Jeffrey Dilley","2026-08-04 15:40:08",389.5,1,jeffreydilley
8263,16690197,"Ankit Kushwaha_06","2026-08-18 08:10:12",389.5,2,ankitkushwaha06
8264,16689877,Amr_Said1233,"2026-08-08 08:48:28",389.4,1,amrsaid1233
8265,16630662,Akshatjhawar777,"2026-08-05 12:18:30",389.3,2,akshatjhawar777
8266,16729708,msmsuman,"2026-09-06 11:11:45",389.3,2,msmsumanmuskan
8267,16881479,GG,"2026-09-13 11:27:34",389.2,2,ggroth
8268,16689286,"Telman Yusifov","2026-08-09 07:08:46",389.1,2,yusifovtelman
8269,16723068,Kaggricultors,"2026-09-28 01:01:21",389.1,2,"claralimasilva,roberthdouglasufc"
8270,16696939,"Keaton Zang","2026-08-10 21:24:20",389.1,1,keatonzang
8271,16654290,"Srinivasa Ranga","2026-09-23 20:38:38",388.9,2,srinivasaranga
8272,16744018,"ZK Adam","2026-08-27 17:40:04",388.8,2,zkadam
8273,16733318,"Anuj Bolewar","2026-08-18 11:11:01",388.5,2,anujbolewar
8274,16686411,NeoCodes.Dev,"2026-08-23 23:53:10",388.4,2,neocodesdev
8275,16666257,"Shijian Wen","2026-08-06 09:40:44",388.3,2,shijianwen
8276,16664406,"MURDER GOOSE","2026-08-05 09:45:33",387.9,2,ujjwalar
8277,16758681,"Sahil suman","2026-08-26 16:26:13",387.6,2,gruntingtorch
8278,16734431,"Maxwell Herron","2026-08-19 02:06:34",387.5,2,maxwellherron
8279,16661990,"Olaoluwa Abiodun","2026-08-05 14:57:07",387.2,2,laoluwaa
8280,16793657,Xin_T,"2026-08-30 16:48:11",387.2,1,xint666
8281,16709337,"Chris Turnbull","2026-08-11 22:15:57",387.1,2,christurnbull
8282,16772511,"Max Gläser","2026-08-26 23:39:34",387.0,1,maxglser
8283,16689344,"Shalini Gangrade","2026-08-09 13:17:30",387.0,2,shalinig1
8284,16675385,Apex🦾,"2026-08-14 18:00:17",386.9,2,"raghadabdullara,renadahmadalamri,zzainh"
8285,16779823,"Jean Dem","2026-08-31 12:38:41",386.8,2,jeandem
8286,16758093,_student,"2026-08-23 22:21:25",386.6,2,drvtalan
8287,16770522,honsomewakebera,"2026-09-28 11:55:15",386.6,1,honsomewakebera
8288,16662319,ethan.ai,"2026-08-13 18:16:35",386.4,2,ethanai
8289,16658366,kuroneko,"2026-08-04 10:43:29",386.3,2,kurorosuke
8290,16673009,CruelShow,"2026-09-13 10:36:40",386.2,2,cruelshow
8291,16681209,AgenticBuilder,"2026-08-13 18:44:29",386.2,2,gau2112
8292,16759765,"Ososanwo Idris Olaitan","2026-09-11 18:38:06",386.2,2,ososanwoidrisolaitan
8293,16663286,"Fan Wang","2026-08-10 21:12:40",386.1,2,wangfan420
8294,16791546,fatimakhlid,"2026-09-10 21:00:33",386.1,2,fatimakhlid
8295,16732041,"Vallapu Nandini","2026-08-17 10:22:47",386.0,1,nandinivallapu
8296,16749503,ally,"2026-08-23 11:48:49",385.9,2,phamngoclinh
8297,16654758,f--n,"2026-09-06 13:37:43",385.8,1,a17442473
8298,16686726,"Skander Neffati","2026-09-19 12:40:23",385.6,1,skanderneffati007
8299,16666216,missss,"2026-08-06 06:49:00",385.5,2,missssb
8300,16850232,"Kharchenko Bogdan","2026-09-09 18:57:16",385.4,2,kharchenkobogdan
8301,16716488,"Will Henderson290","2026-09-21 13:11:11",385.3,2,willhenderson290
8302,16658498,cheesama,"2026-08-04 23:36:18",385.1,2,cheesama
8303,16661453,"Disleve Kanku","2026-08-14 15:32:51",384.9,2,dislevekanku
8304,16661476,slowpoke,"2026-08-29 16:33:07",384.8,2,banboyechristains
8305,16892509,"Konko M","2026-09-14 18:52:34",384.8,2,konkomaji
8306,16763938,"joel paul","2026-08-26 02:05:07",384.7,2,joelpaulf
8307,16668431,"Harshpreet Singh #2","2026-08-06 01:06:28",384.6,1,harshpreetsingh45
8308,16931407,"Marcel S","2026-09-27 19:11:44",384.5,2,marcel78
8309,16906688,"Qiao Ruicheng","2026-09-17 11:47:47",384.4,2,qiaoruicheng
8310,16676397,Rohan_Joshi6404,"2026-08-13 13:58:56",384.4,2,rohanjoshi6404
8311,16661434,AgriNova,"2026-09-28 17:52:38",384.4,2,"harshadsanjaydesai,sahilhasure"
8312,16664514,"Henry Adjanor tetteh","2026-08-12 00:43:41",384.3,2,henryadjanortetteh
8313,16669229,"Kayvan Sinha","2026-08-11 15:23:35",384.3,2,kayvansinha
8314,16730589,山谷知輝,"2026-09-02 02:03:05",384.2,2,tomokiyamaya
8315,16727920,"Youssef Yacoup","2026-09-27 02:17:18",384.2,2,youssefyacoup
8316,16708896,"Alberto Scinetti","2026-08-13 19:18:11",383.9,2,albertoscinetti
8317,16710241,"Julien Serbanescu","2026-08-12 14:32:50",383.5,2,julienserbanescu
8318,16674278,"Niels de Gier","2026-08-07 15:57:04",383.3,2,nielsdegier
8319,16640810,まさやん,"2026-08-12 15:22:53",383.2,2,masayam1234
8320,16931682,"Vijay kumar Gandem","2026-09-20 18:04:40",383.2,2,vijaykumargandem
8321,16656860,SamReiswig,"2026-09-02 04:04:09",383.1,1,sreiswig
8322,16622809,"German Vdovin","2026-08-03 00:38:01",383.1,2,ertrerhtytmnbdsefdw
8323,16662162,"THE predict","2026-08-13 21:18:25",382.9,2,vikaspal505
8324,16691565,"Blu cky","2026-08-09 19:13:27",382.9,2,llmdablucky
8325,16717447,zhiyue666,"2026-09-10 09:01:07",382.6,2,zhiyue666
8326,16774592,"Oliad Dandana","2026-08-27 09:28:20",382.4,2,olidan
8327,16729669,HYPEREUCLIDEAN,"2026-08-19 07:47:48",382.2,2,hypereuclidean
8328,16677804,"Pravin Takpire","2026-08-11 08:17:51",382.2,2,pravintakpire
8329,16676726,"Manaswi Bansal","2026-08-16 06:28:05",382.2,2,manaswibansal
8330,16757615,"Muhammad Umer Khan","2026-09-28 09:50:06",381.9,2,mehmedumer0028
8331,16693087,osprey2k,"2026-09-09 02:34:27",381.6,2,osprey2k
8332,16658535,khanna.rohit5,"2026-08-10 05:00:31",381.4,2,khannarohit5
8333,16896207,"Bùi Cao Trí","2026-09-15 16:17:43",381.2,1,bicaotr
8334,16658304,"KETHAVATH Aadarsh","2026-08-05 21:00:45",380.9,2,kethavathaadarsh
8335,16716670,"Aremanda Yasaswini","2026-08-13 09:27:46",380.8,1,aremandayasaswini
8336,16689718,HumsAuraTech,"2026-08-21 17:11:42",380.7,2,humaima03
8337,16732355,"Nagesh gite","2026-09-06 07:44:05",380.7,2,"kuberb,nageshgite,vasugupta1121"
8338,16662267,"Fahim Montasir","2026-08-10 16:15:10",380.4,2,fahimmontasir
8339,16658286,"Jatin Gujarathi","2026-09-20 08:36:06",380.3,2,jatingujarathi
8340,16855738,"Anuj Gupta","2026-09-09 07:38:48",380.2,2,anuj6540
8341,16689349,"Adunola Abdulrahman","2026-08-10 17:38:47",380.1,2,adunolaabdulrahman
8342,16774921,"conor lowth","2026-08-28 10:46:42",380.1,2,conorlowth
8343,16704985,"Ethan Marchisano","2026-08-24 21:36:54",380.0,2,ethanmarchisano
8344,16628404,theken,"2026-08-09 12:19:19",379.9,2,theken
8345,16895685,yuyiduo,"2026-09-28 08:56:01",379.9,1,yuyiduo
8346,16759225,"Andrea Jordan Paro","2026-08-24 11:24:14",379.8,2,andreajordanparo
8347,16780101,jjjhoon,"2026-08-28 04:04:26",379.7,2,jjjhoon
8348,16891519,SongShijieCC305,"2026-09-14 16:03:59",379.5,2,songshijiecc305
8349,16876529,"Νικόλαος Μπριάκος","2026-09-17 09:06:24",379.4,2,bnikos
8350,16706257,dlv,"2026-08-13 11:11:14",379.4,2,ducott1
8351,16661095,"AAYUSHMAAN PATEL","2026-08-09 08:16:53",379.4,2,aayushmaanpatel
8352,16735580,"Dhiya Nachimuthu","2026-08-30 06:13:38",379.4,2,dhiyanachimuthu
8353,16738335,"Xuzhou Dong","2026-08-20 14:39:16",379.3,2,xuzhoudong
8354,16671773,"Sawyer Lundberg","2026-08-07 03:33:23",378.7,2,sawyerlundberg
8355,16673583,"Priyanshu Jha","2026-08-16 08:10:08",378.7,2,codewithjha
8356,16690299,"EL GORRIM MOHAMED","2026-09-01 10:59:10",378.7,2,elgorrimmohamed
8357,16639727,"Andres Mohali","2026-08-13 23:03:25",378.3,2,mohax3
8358,16678298,"RITIK CHAUDHRY","2026-08-10 13:34:35",378.2,2,ritikchaudhry13
8359,16625770,"Đức Trung Trần","2026-08-24 11:01:33",377.8,2,ctrungtrn
8360,16665449,AgroVisionAI,"2026-08-11 19:52:49",377.7,2,"aishwaryvarshney,bhuppisharma,kirtisharmaphd,pragyasingh59,priyasingh0590"
8361,16705696,"TS Farmer","2026-08-13 11:22:09",377.7,2,"shivangkainth,tusharsekhri27"
8362,16714425,sileza,"2026-08-13 12:57:35",377.4,1,azelis
8363,16696384,Sisu16,"2026-08-13 20:13:27",377.3,2,sisu16
8364,16658227,Gugu888,"2026-08-14 04:27:57",377.3,2,gugu888
8365,16668286,"Sabari V","2026-08-15 14:38:41",377.3,2,sabari112005
8366,16790615,"Suryansh Vashisth","2026-08-31 10:38:54",377.3,2,songoku2005
8367,16906238,Naaz,"2026-09-17 06:33:26",377.1,2,naaz03
8368,16659247,cindrella_18,"2026-09-22 09:10:52",376.8,2,"ankithraj30,neharaj1518"
8369,16898258,"Eugene Blackman","2026-09-22 22:46:05",376.7,2,eugeneblackman
8370,16669516,GorgeousCookie,"2026-08-06 09:17:13",376.7,2,axellindqvist
8371,16729351,vlad.shorodok,"2026-08-16 18:05:09",376.5,2,vladshorodok
8372,16803129,hdttnk,"2026-09-02 14:13:00",376.3,2,hdttnk
8373,16735307,"Ayush Dhabsa_real","2026-09-10 09:13:50",376.2,1,ayushdhabsareal
8374,16891781,"mohamed saafan","2026-09-14 14:54:04",376.1,2,mohamedsaafan
8375,16661659,"Ivan Zagorulko","2026-08-05 10:53:13",376.0,2,normaldaki278
8376,16757236,"Erlanda Miko P","2026-08-23 07:02:01",376.0,2,snneva
8377,16867865,"ADITYA RAJ","2026-09-20 17:14:43",375.9,2,adityaraj2026yp
8378,16776777,cerceanit,"2026-08-29 14:51:48",375.6,1,uaisamangeldi
8379,16670257,RonitKhanna333,"2026-08-12 12:22:11",375.4,2,ronitkhanna333
8380,16809202,amano,"2026-09-03 13:44:49",375.4,2,amanoshotaro
8381,16660489,"Luca Lullo","2026-09-24 06:56:17",375.0,2,lucalullo
8382,16782192,"Marcelo Correa","2026-09-25 11:24:09",374.9,2,mvcorrea
8383,16664454,"Naga Vinay Avvaru","2026-08-05 07:04:44",374.9,2,anagavinay
8384,16657063,"those how","2026-08-04 07:50:57",374.9,2,thosehow
8385,16907754,Shenghan,"2026-09-22 16:17:41",374.8,2,shenghanxie
8386,16739939,crescent_star,"2026-09-09 04:42:10",374.6,2,cenzop
8387,16668268,"Kunal Rout","2026-08-06 05:48:25",374.5,2,charlotte26
8388,16771187,FernandoRB,"2026-08-26 15:53:49",374.4,2,fernandorb
8389,16660929,ttkk,"2026-08-12 16:39:58",374.3,1,optimavia
8390,16924761,"Chang Loukas","2026-09-24 06:22:27",374.0,2,changloukas
8391,16848262,Philedo,"2026-09-12 14:33:59",373.9,2,philedo
8392,16727022,Saharkh99,"2026-09-01 00:18:26",373.6,2,saharkh99
8393,16667987,"Kunj Kansara","2026-08-05 13:41:26",373.6,1,kunjkansara
8394,16659720,Project_Kurukshetra,"2026-08-16 05:01:34",373.5,2,"chaitanyaterli05,lavanyayandapalli"
8395,16660228,"Ochuwa Pearl Isa","2026-08-06 09:29:36",373.4,2,pearlisa
8396,16702935,"Defne Demir","2026-08-11 18:27:36",373.4,2,defnedemir
8397,16681188,"Tresor Mufalme.","2026-08-08 09:29:05",373.0,2,tresormufalme
8398,16739447,"Jacob Stambaugh","2026-08-19 17:53:29",373.0,2,jacobstambaugh
8399,16695177,"Ajith Bagali","2026-08-15 12:23:37",372.8,2,ajithbagali
8400,16685207,"Koushik Thummu","2026-08-07 18:15:47",372.7,2,koushikthummu
8401,16622943,"Erwin Huizenga","2026-09-06 15:04:57",372.6,2,erwinh
8402,16785676,Bilal11122,"2026-08-29 08:15:46",372.5,1,bilal11122
8403,16779805,"Ákos Blaschek","2026-09-01 17:21:44",372.5,2,kosblaschek
8404,16723947,"Ariel GNANSOUNOU","2026-09-22 21:11:28",372.5,1,arielgnansounou
8405,16669298,"Dinesh Naveen Kumar Samudrala","2026-09-28 06:35:25",372.4,2,dnkumars
8406,16629742,yun,"2026-08-15 09:10:21",372.3,2,yuyumarupython
8407,16670188,orivael,"2026-08-05 21:20:17",372.2,2,orivael
8408,16658512,fatariq,"2026-08-10 21:18:35",372.0,2,fatariq
8409,16691753,"Jan Moilanen","2026-08-09 12:02:17",371.9,2,janmoilanen
8410,16856809,"Mateusz Kuzniar","2026-09-08 22:14:50",371.8,2,mateuszkuzniar
8411,16660852,"K VISHALINI","2026-08-13 06:59:27",371.8,2,kvishalini
8412,16793944,"Grupo 808","2026-08-30 22:36:59",371.7,1,grupo808
8413,16662791,"Shiva Neshan yuva","2026-08-15 18:39:16",371.6,2,shivaneshanyuva
8414,16722122,Abhas20,"2026-08-19 10:02:51",371.5,2,abhas20
8415,16732340,"BJ Kim","2026-08-19 15:17:16",371.4,2,doitdoit80
8416,16773370,"Nishant #1","2026-08-26 06:11:42",371.4,1,nishanttomar110
8417,16768884,z y f 007,"2026-08-31 05:39:35",371.3,2,zyf007
8418,16794153,"harshita harshita","2026-08-31 17:47:11",371.3,2,harshitaharshitaaaa
8419,16671512,"Darren Grendi","2026-08-10 00:38:51",370.7,1,darrengrendi
8420,16784379,超级陆战队,"2026-08-29 14:43:33",370.7,2,luyi61227
8421,16691790,"Akshay Sawant","2026-08-08 19:33:14",370.6,2,akshaysawant8983
8422,16692825,"Saad Arain","2026-08-09 12:27:08",369.9,2,saad451
8423,16894573,VISHWAPRIYAI,"2026-09-26 05:20:43",369.8,2,vishwapriyai
8424,16723569,"Trishanth Mellimi","2026-08-15 07:09:55",369.4,2,trishanthmellimi
8425,16794088,"Felipe Colombarolli","2026-08-31 00:46:32",369.3,2,felipecolombarolli
8426,16663981,"Steven Pun","2026-08-07 01:59:52",369.3,2,stevenpunn
8427,16727326,AhmedMousaHassan2510,"2026-08-17 12:56:01",369.1,2,ahmedmousahassan2510
8428,16679392,Dickie,"2026-08-09 09:05:10",369.0,2,dickieho
8429,16731108,"Vipparla Nandini","2026-08-17 06:29:48",368.8,1,vipparlanandini
8430,16668159,ABDELGHANY,"2026-08-12 11:04:36",368.7,2,abdelghanyrageh
8431,16692710,"Baran Haydar","2026-08-12 06:56:50",368.6,2,baranhaydar
8432,16677761,"Rithuraj Nambiar","2026-08-06 18:11:41",368.3,2,rithurajnambiar
8433,16689970,"Константин Паращук","2026-08-08 09:15:08",368.3,1,kangchenxi
8434,16682869,"Sepideh Rahmati","2026-09-14 09:43:57",368.2,2,sepidehrahmati
8435,16670565,"Grant Biellak","2026-08-05 22:52:01",367.9,2,grantbiellak
8436,16717522,kyunyoung,"2026-08-14 07:16:00",367.8,2,kyunyoung
8437,16657438,"Udit Aggarwal1","2026-08-08 19:09:27",367.7,2,uditaggarwal1
8438,16790076,Jessewudao,"2026-09-04 16:54:58",367.7,1,"jessewudao,zongruixie"
8439,16663990,"OURNO PAPA SALIF","2026-08-07 23:18:43",367.6,2,belfiremine
8440,16927652,"Mukilan A.R.","2026-09-27 03:40:27",367.6,2,mukilanar
8441,16660515,"pooja sandali","2026-08-08 05:51:03",367.6,2,poojasandali
8442,16726569,"Andrey Balvaneda","2026-08-17 20:59:45",367.4,2,andreybalvaneda
8443,16658519,"David kinyanjui","2026-08-31 07:10:00",367.2,2,davidkinyanjui
8444,16658367,"Prachii Sonii","2026-08-31 17:28:45",367.2,2,prachiisonii
8445,16670988,"Pavle Skoric","2026-09-24 21:18:17",366.9,2,pavleskoric
8446,16693098,broken_gpu,"2026-08-30 10:07:27",366.8,2,brokengpu
8447,16668673,"kyran sinha","2026-08-14 14:21:34",366.7,2,kyransinha
8448,16888733,"Sébastien Callegari","2026-09-14 03:49:42",366.7,1,sbastiencallegari
8449,16721615,"Dai Dai","2026-09-08 07:59:14",366.7,2,jumpingdaidai
8450,16710244,Bytemindd,"2026-08-26 10:20:45",366.7,2,"daisy023,sruthikanv,thasneemj,uthayanandhini,vajraparameswari"
8451,16730191,rRTZZZ,"2026-08-17 02:43:14",366.6,2,rrtzzz
8452,16761784,"Ghaith Kammoun","2026-08-24 21:19:54",366.6,2,ghaithkammoun
8453,16658960,"Amit Kumar","2026-08-06 05:44:30",366.6,2,anmitkumar
8454,16630772,"Mitsuhiro Iizuka","2026-08-04 10:31:00",366.5,2,mitsuhiroiizuka
8455,16681638,aadi_065_,"2026-09-27 03:50:16",366.5,2,aadi065
8456,16770085,AllenCheng329,"2026-08-25 10:05:43",366.3,1,allencheng329
8457,16675801,"Neeraj Jha","2026-09-27 07:38:16",366.0,2,neerajjha1996
8458,16905792,"Omar Tarek Fahmy","2026-09-16 10:59:04",366.0,1,omartarekfahmy
8459,16769110,tianlululing,"2026-08-26 13:09:45",365.4,2,tianlululing
8460,16738563,"Amrutha H","2026-09-28 12:44:44",365.4,2,amr13utha
8461,16741746,"Ahmed Harfoush","2026-08-19 09:47:45",365.3,1,ahmed1harfoush
8462,16732936,"Kateryna Dudko","2026-08-25 12:15:40",364.9,2,dudkiina
8463,16745497,"Handsome Heretic","2026-08-21 19:14:30",364.9,2,handsomeheretic
8464,16659394,"יוסף בש","2026-08-09 15:11:23",364.9,2,josiii123212
8465,16638343,"Phong Khoi","2026-08-04 12:20:52",364.8,2,phongkhoi
8466,16662197,"Zehra Basaral","2026-08-07 10:42:57",364.8,2,zehrabaaral
8467,16870467,wentingyun,"2026-09-11 10:21:01",364.6,1,wentingyun
8468,16758663,"Light In","2026-08-22 19:18:51",364.5,2,lightin45
8469,16657142,"Vishisht Gupta","2026-08-16 16:16:54",364.3,2,vishishtgupta
8470,16924407,"Laxmi Khilnani","2026-09-28 13:52:58",364.2,2,laxmikhilnani2004
8471,16688381,"Teresa Fitzgerald","2026-09-13 21:02:07",364.2,2,teresafitzgerald
8472,16727480,MSAM,"2026-09-07 13:43:02",364.2,2,arashdeepsinghmaan
8473,16716585,"tejaswini kakollu","2026-08-13 09:12:37",363.8,1,tejaswinikakollu
8474,16662964,"Tim Ogilvie","2026-08-13 13:18:59",363.8,2,timogilvie
8475,16657883,jps,"2026-08-06 08:36:04",363.5,2,jahaziel
8476,16664617,BarkeviousBingo,"2026-08-19 04:34:59",362.9,2,barkeviousbingo
8477,16722757,"Sebastian Adamatzky","2026-08-14 19:10:23",362.7,2,sebastianadamatzky
8478,16635130,Pongsaky,"2026-08-01 12:56:02",362.5,2,gantanch
8479,16876354,A_Mose,"2026-09-12 08:57:15",362.3,2,mmameh
8480,16688364,"Om Raval08","2026-08-21 02:57:23",362.0,2,omraval08
8481,16630007,"Yuankun Liu","2026-07-31 15:48:13",361.9,2,lyk1652
8482,16652230,BorisSpider,"2026-08-13 11:34:46",361.9,2,borisspider
8483,16654788,bumbum,"2026-08-14 12:59:51",361.8,2,krzysztoff1
8484,16655737,Dharshini,"2026-08-08 15:00:05",361.7,2,dharshini1812
8485,16679850,AryaGarg23,"2026-08-09 03:33:14",361.7,2,aryagarg23
8486,16641330,"Takuya Yoshimi","2026-08-04 05:16:22",361.6,2,tkyysm
8487,16677747,"Yuvraj Bhatt","2026-08-10 08:38:11",361.4,2,bhattyuvraj22
8488,16896549,"Nived P A","2026-09-15 16:39:35",361.2,2,nivedpa
8489,16667105,"Vikram Tiwari","2026-08-10 11:12:26",361.2,2,vikramtiwari
8490,16656932,"Thivvin Raj","2026-08-13 03:53:35",361.2,2,thivvinraj
8491,16671714,"Donnell Layne","2026-08-07 15:40:35",361.2,2,jupiter1127
8492,16628521,arai9953,"2026-08-24 22:46:57",361.2,2,arai9953
8493,16882081,Aabualella,"2026-09-13 00:58:37",361.1,1,aabualella
8494,16662854,"NISCHAY SANJAY JIWANKAR 23115098","2026-08-13 05:38:18",360.9,2,nischay2908
8495,16664450,"Fritz Adelbertus","2026-08-10 01:13:44",360.7,1,fritzadelbertus
8496,16673201,"Sanjay Varma Malladi","2026-09-18 07:00:17",360.6,2,sanjayvarmamalladi
8497,16941652,里奥梅东,"2026-09-25 10:55:28",360.4,2,lionalmedong
8498,16741512,Offenders,"2026-08-30 15:08:39",359.9,2,"karthicchockalingams,shakil2411,shehnaaz01"
8499,16673825,h_jun,"2026-08-10 06:21:12",359.7,1,lhjoon77
8500,16730060,"Enzo Pio","2026-08-21 16:44:03",359.6,2,enzopio
8501,16801437,"Koh Saito","2026-09-05 06:01:20",359.6,1,kohsaito
8502,16903827,"joy lul","2026-09-24 06:52:11",359.4,1,joylul
8503,16674012,ahankesumah,"2026-08-16 07:34:05",359.3,2,ahankesumah
8504,16721529,"Danny De Bree","2026-08-20 09:46:36",359.3,1,dannydebree
8505,16666590,"Hoàng Anh Tú","2026-08-12 23:59:58",359.2,2,anhtu9999
8506,16796468,suin7328,"2026-09-05 02:05:08",359.0,2,suin7328
8507,16943467,"Goose Gang","2026-09-27 12:52:06",359.0,2,"itzpk16,mohamedfarih,radeshl"
8508,16764608,messibeatgravity,"2026-08-24 05:34:05",358.9,1,messibeatgravity
8509,16633475,betagammashtrit,"2026-08-29 16:24:03",358.9,2,betagammashtrit
8510,16691027,"Jelle Maas","2026-08-08 14:58:19",358.8,2,jellemaas
8511,16710564,"Clarice Harijanto","2026-08-14 04:28:13",358.7,2,clariceting
8512,16881853,Sleepyman,"2026-09-15 09:22:24",358.7,2,alishakeri1
8513,16670724,"Neel Patel","2026-08-14 19:33:43",358.5,2,n33lpat3l
8514,16933048,"Anusuya Gurusamy","2026-09-23 04:45:03",358.2,2,anusuyagurusamy
8515,16684225,"Aum Savaliya","2026-08-10 20:10:02",357.9,2,aumsavaliya
8516,16844246,"CS Abhinay","2026-09-17 08:56:32",357.8,2,csabhinay
8517,16706516,"Mohit Khade13","2026-08-26 16:03:22",357.8,2,mohitkhade13
8518,16717797,"patan hashmi","2026-08-13 15:02:52",357.8,1,patanhashmi
8519,16668696,Fabian,"2026-09-03 15:52:06",357.8,1,fabiantoh98
8520,16675324,"Attempt Seven","2026-08-10 10:13:50",357.7,2,attemptseven
8521,16668523,Bumblerrr,"2026-08-06 19:46:02",357.7,2,bumblerrr
8522,16890029,"Siqing Jing","2026-09-15 02:53:04",357.6,2,siqingjing
8523,16867501,aueurm,"2026-09-11 05:07:13",357.4,2,aueurm
8524,16662647,"Ruben Maya","2026-09-23 22:06:52",357.3,2,rubenmaya
8525,16711497,"Korvi sai kumar","2026-08-13 08:02:21",357.2,1,korvisaikumar
8526,16796572,"Phan Van Hieu ","2026-08-31 14:23:03",357.1,2,phnvnh
8527,16696419,detectivseb,"2026-08-12 10:34:45",357.0,2,detectivseb
8528,16668479,"Muneera Mahjabeen","2026-09-15 03:45:05",357.0,2,muneeramahjabeen
8529,16690077,"GOMATHI PRIYA","2026-08-13 06:38:45",356.9,2,gomathipriyaraj22
8530,16654330,"Perumalla Pujitha","2026-08-12 18:09:24",356.8,2,perumallapoojitha
8531,16656135,"JAYASURYA R","2026-08-05 15:43:01",356.8,2,suryar261
8532,16747683,"Jianyu Lin","2026-08-27 13:05:05",356.7,1,jianyulin1999
8533,16708723,zaltark,"2026-09-25 12:29:49",356.6,1,zaltark
8534,16755029,"Jashan Bajwa","2026-08-22 12:56:30",356.6,2,jashanbajwa
8535,16702771,n_samii,"2026-08-14 01:20:08",356.1,2,nsamii
8536,16710417,"Aryant Jadhav","2026-08-15 18:57:18",355.9,2,aryantjadhav
8537,16779505,"Prasad Ovhal","2026-09-24 13:31:06",355.9,2,prasadovhal
8538,16716497,xpxg,"2026-08-16 17:04:22",355.9,2,deepxchat
8539,16792703,yuvansh,"2026-09-28 00:29:31",355.6,2,yuvansh
8540,16657687,"Siddardha Shayini","2026-09-15 12:52:57",355.6,2,siddardhashayini3
8541,16662577,"Shreyash Suryawanshi","2026-09-02 19:42:31",355.5,2,shreyashsuryawanshi
8542,16765643,canwind,"2026-09-27 17:19:41",355.2,2,canwind
8543,16638383,"Yunus Emre Sarıduman","2026-08-12 12:57:08",355.2,2,emresariduman
8544,16747544,OliverYip,"2026-08-25 06:01:07",355.0,2,oliveryip
8545,16637762,"Greek olive oil","2026-08-09 19:56:48",355.0,2,alexanderchar
8546,16634720,Thiyo,"2026-08-18 11:51:04",354.9,2,thimirajayasekara
8547,16733007,"Not Found","2026-08-17 16:32:16",354.9,4,"ammarkhan05,zainabirfanansari"
8548,16665400,FieldOps,"2026-08-10 16:16:03",354.9,2,sycpr1me
8549,16665959,"Lourenz Baliber","2026-08-18 00:34:06",354.7,1,lourenz
8550,16693147,"Oliver Curtis1","2026-08-09 14:51:57",354.4,2,olivercurtis1
8551,16780915,"Aravind S","2026-09-22 14:16:59",354.4,2,aravind20061981
8552,16634352,"sovit karki","2026-08-12 17:21:13",354.4,2,sovitkarki
8553,16641665,huangjunjia,"2026-08-04 14:12:26",354.3,2,huangjunjia777
8554,16658882,"toukali samir","2026-08-07 13:43:05",354.3,2,toukalisamir
8555,16690029,Nitesh_Prajapati2569,"2026-09-15 07:04:17",354.1,2,niteshprajapati2569
8556,16656946,"Sambit Padhan","2026-08-05 10:10:10",354.1,2,sambitpadhan
8557,16716594,"U Anand Williams","2026-08-13 09:19:09",354.0,1,uanandwilliams
8558,16852606,Hallucinators,"2026-09-27 15:33:45",353.9,2,samikshakamdi
8559,16660980,"João Marcelo Curi","2026-08-05 18:31:19",353.9,2,joomarcelocuri
8560,16755264,wsdsby,"2026-08-21 15:16:42",353.7,2,wsdsby
8561,16759115,chabinhwang,"2026-08-22 14:33:59",353.7,1,chabinhwang
8562,16715988,"Hsyn Kskn","2026-09-03 12:08:15",353.7,2,hsynkskn
8563,16698188,"Smartex Dan","2026-09-25 22:13:17",353.6,2,smartexdan
8564,16785821,"Naresh Meena","2026-08-28 21:24:31",353.3,1,nareshmeena12
8565,16894000,"Vivek Silimkhan","2026-09-15 11:11:29",353.2,2,viveksilimkhan
8566,16690812,zhangkai_0121,"2026-08-09 01:40:21",353.1,2,zhangkai0121
8567,16933436,"Shi Chen","2026-09-22 07:39:57",352.7,2,hjhhhk
8568,16656472,angusdddsa,"2026-08-04 06:04:22",352.7,2,angusdddsa
8569,16634219,"Michael J Hammel","2026-08-01 11:37:10",352.4,2,michaeljhammel
8570,16715097,"Yusuf Yavuz","2026-08-13 00:25:40",352.2,1,yusufyavuzz
8571,16879281,"Monesh M","2026-09-25 19:41:47",352.1,2,moneshm908
8572,16828390,Yuhuping,"2026-09-04 11:22:14",352.0,1,yuhuping
8573,16877927,"EFE ULKER","2026-09-12 00:13:05",352.0,2,efeulker
8574,16667177,"Raunak Phull","2026-08-10 11:14:44",352.0,2,raunakphull4
8575,16716322,zhaimh,"2026-08-14 02:43:21",351.6,2,zhaimh
8576,16668592,"Ashutosh jatav","2026-08-09 13:34:45",351.6,2,ghost1412
8577,16757338,Dewakaran,"2026-08-22 05:34:35",351.6,1,dewakaran
8578,16895317,MrUserm,"2026-09-25 18:18:10",351.4,2,mruserm
8579,16668091,Solidscripts.io,"2026-09-24 02:14:47",351.1,2,juancamera1
8580,16659312,qwertyDmitry,"2026-08-05 13:44:24",351.1,2,qwertydmitry
8581,16656190,"Akshaj Shandilya","2026-08-06 03:14:36",350.9,2,akshajshandilya
8582,16656919,Sumaiya,"2026-09-09 18:09:44",350.7,2,ayeshasummaiyya
8583,16690098,"Akshay Kashyap","2026-08-10 17:10:28",350.4,2,akshaykashyapakku
8584,16927163,1234321,"2026-09-23 18:14:38",350.3,1,sakamoto1234
8585,16673310,dffzno1,"2026-08-14 01:44:55",350.3,2,joyzip
8586,16665907,"Jonathan Saina","2026-09-15 23:12:31",350.3,2,jonathansaina
8587,16669176,"Karakam Sridevi","2026-08-11 07:44:48",350.2,2,karakamsridevi
8588,16622097,"Garrick C.P.","2026-08-10 18:12:06",350.1,2,garrickchinnis
8589,16685625,"silvan ion","2026-08-08 13:05:39",349.9,2,john1one
8590,16701060,"Paula Jimenez","2026-08-22 16:18:37",349.0,2,paulajimenez
8591,16913989,Sanatan21,"2026-09-18 11:41:17",349.0,2,sanatan21
8592,16702742,"Kavyanshu Singh","2026-08-11 10:47:02",348.8,2,kavyanshusingh
8593,16794431,"Yash Apps","2026-09-08 04:12:52",348.7,2,yashwanthgajji
8594,16705300,T3485D5T,"2026-09-03 08:20:18",348.7,2,"danijelbilalli,t3485d5t"
8595,16685164,cleanledger,"2026-08-07 13:38:23",348.7,2,cleanledger
8596,16770758,"Maor talker","2026-08-26 20:18:59",348.7,2,maortalker20
8597,16711573,"Sushmitha Vasantha","2026-08-13 09:08:29",348.7,1,sushmithavasantha
8598,16669218,"Shaik Sabiya","2026-08-12 09:15:22",348.5,2,shaiksabiya55
8599,16671613,Tyler_026,"2026-09-26 09:44:50",348.5,2,tyler026
8600,16768551,"AAYUSHMAAN SINHA","2026-08-25 02:43:00",348.5,2,aayushmaansinha
8601,16680015,"Khôi Trương","2026-08-10 01:11:55",348.3,1,kiykhoi
8602,16796834,"Harsh Gupta #2","2026-09-09 19:20:48",348.2,2,harshgupta0415
8603,16752067,neuroxaker,"2026-08-22 14:50:32",347.8,2,neuroxaker
8604,16661891,BALLEN1337,"2026-08-04 19:22:30",347.6,2,ballen1337
8605,16794285,Penelope.pnlp,"2026-09-01 15:38:43",347.6,2,penelopepnlp
8606,16628409,"yann sadowski","2026-07-31 09:39:25",347.5,1,yannsadowski
8607,16663969,"Aarush Kute","2026-09-21 17:06:14",347.5,2,aarushkute
8608,16866482,"Sunday Ibidapo","2026-09-10 21:46:49",347.3,1,sundayibidapo
8609,16927761,"M Asghar Shakir","2026-09-21 04:04:32",347.3,2,masgharshakir
8610,16721948,ziszim,"2026-08-26 14:38:30",346.8,2,ziszim
8611,16711383,"Monika Kocianova","2026-08-14 11:01:11",346.5,2,monikakocianova
8612,16684677,"Sean Southwick","2026-08-27 14:45:32",346.1,2,seansouthwick
8613,16655257,"Afia Animah Fosu","2026-08-04 18:21:50",345.9,2,afiaanimahfosu
8614,16770039,"Yevhen Tsyba","2026-09-23 06:25:44",345.9,2,yevtsy
8615,16666275,HeatS33ker,"2026-08-15 14:37:36",345.5,2,byronokou
8616,16654688,"Terrell Millz","2026-08-10 16:08:33",345.4,2,terrellmillz
8617,16666218,"sugan Chandrasekar","2026-08-16 11:02:09",345.2,2,suganchandrasekar
8618,16653105,James,"2026-08-17 16:52:18",345.2,2,jamesquirk
8619,16718662,Safin,"2026-08-22 17:50:27",345.1,2,safinlynx
8620,16657658,"Esther Usman","2026-08-25 23:45:50",344.8,2,estherusman
8621,16654213,"Hojin Jang","2026-08-20 09:59:20",344.8,2,hojinjang
8622,16697627,abinandhan03,"2026-09-01 10:38:15",344.8,2,abinandhan03
8623,16661002,"Eliyas sk","2026-09-02 12:32:51",344.8,2,eliyassk
8624,16655689,花朝,"2026-08-05 04:10:02",344.8,2,xhxyyds
8625,16659533,"Pavan Desai","2026-08-10 16:29:20",344.7,2,pavancdesai
8626,16728881,Ch.Manvita,"2026-08-16 16:33:52",344.7,2,chmanvita
8627,16624102,Khadersha.sk,"2026-08-03 02:45:03",344.7,2,khadershask
8628,16780268,"SAI ESHWAR S","2026-08-29 06:26:11",344.5,1,saieshwars
8629,16738581,"mr moradi1","2026-08-18 14:31:26",344.5,1,mrmoradi1
8630,16858795,"Радик Владимирович Хорошев","2026-09-10 07:59:02",344.3,2,rodionkh
8631,16661351,"Adekojo Adeyemi","2026-08-04 15:25:52",344.3,1,adekojoadeyemi
8632,16675093,"Nikhil Srivastava","2026-08-15 08:47:12",344.2,2,nikhilsrivastavark
8633,16862308,"Furkan CAT","2026-09-10 15:07:24",344.0,2,furkancat
8634,16683400,"wo zhe yi sheng ru lu bo bing","2026-08-10 16:53:48",344.0,2,"ivanlo103,panckck,waijai"
8635,16799743,"Luc Tellier","2026-09-05 08:31:17",344.0,1,luctellier
8636,16660397,Divyansh82Raj,"2026-08-04 15:01:28",344.0,2,divyansh82raj
8637,16641140,NITISH_GOYAL1,"2026-08-27 06:42:29",343.9,2,nitishgoyal1
8638,16666997,"Krishnamurthy Venkatasubramanian","2026-08-05 15:09:46",343.7,2,krishnamurthyvenkat
8639,16629476,NOOBS,"2026-08-09 19:58:48",343.1,2,"patelkrishna8,sakshamranawade,shravanideshpande25"
8640,16653001,"Alexey Kuleshov","2026-08-04 12:07:51",342.8,2,alexkulll
8641,16940601,ShreyanshK099,"2026-09-23 07:57:43",342.6,2,shreyanshk099
8642,16691667,jeremyllll,"2026-08-12 03:30:26",342.6,2,jeremyllll
8643,16762854,J8young,"2026-08-26 13:52:54",342.6,1,j8young
8644,16876167,"kjl jkl","2026-09-17 15:51:01",342.4,2,kjljkl
8645,16641606,"Tanisha Sahu","2026-08-02 14:39:27",342.4,2,tanisha3
8646,16659428,"koneti Anusharani","2026-09-28 12:50:49",342.3,1,anusha1103
8647,16716649,"Meghana Busse","2026-08-13 09:33:08",342.2,1,meghanabusse
8648,16706276,MitulbhBhatia,"2026-08-18 04:02:38",342.2,2,mitulbhbhatia
8649,16747403,"Kanchan Chavan","2026-09-12 17:46:56",342.1,2,momovedant
8650,16624235,appu2431,"2026-08-11 15:56:41",342.1,2,appu2431
8651,16937995,"Aleksandr Rybin","2026-09-21 22:21:56",342.1,2,aleksandrrybin
8652,16909521,"Rabs Cats","2026-09-17 02:10:02",342.0,1,rabscats
8653,16640901,"Kian Maghsoodi","2026-08-20 23:01:51",341.7,2,kizmodo
8654,16792188,anisotropies,"2026-09-12 05:25:04",341.7,2,achan31
8655,16898498,"Prakash Bandi","2026-09-21 01:59:35",341.6,2,prakashbandi
8656,16721675,stork8i,"2026-08-14 13:16:26",341.3,1,stork8i
8657,16912504,"Zongyi Zhou/ Joe","2026-09-22 15:24:35",341.2,1,zongyizhoujoe
8658,16624029,"Miguel Angel Rodriguez Fonseca","2026-08-07 03:55:38",341.2,2,miguelangelrodriguez
8659,16743604,KeswaniRohit,"2026-08-22 17:19:18",341.1,2,keswanirohit
8660,16668340,"Sibi Vishnu","2026-08-08 10:35:33",341.0,2,sibivi
8661,16831875,"Hamza Mughrabi","2026-09-06 19:10:53",340.9,2,hamzamughrabi
8662,16831170,"None #2","2026-09-05 04:16:51",340.8,2,mdmorshalinemojumder
8663,16740197,Winssk,"2026-08-27 01:55:06",340.8,2,winssk
8664,16779769,"Pravin jeyavel","2026-09-14 05:39:48",340.8,2,pravinjeyavel
8665,16690947,"Veiled Star","2026-08-10 13:36:49",340.7,2,veiledstar
8666,16662428,"Sonu kumar","2026-08-24 05:18:49",340.7,2,sonukumar9142
8667,16664671,Acteus,"2026-08-06 00:01:12",340.6,2,acteus
8668,16726381,"Adriana Redondo","2026-08-15 19:39:41",340.6,1,adrianaredondo
8669,16792567,"Karan Rai","2026-09-24 22:40:06",340.1,2,karanrai248
8670,16739702,"Vasantha Kumar552","2026-08-19 07:22:10",340.0,2,vasanthakumar552
8671,16709754,"Simon Preuss","2026-08-12 16:39:55",340.0,2,simonpreuss01
8672,16723047,"Matheus Finger","2026-09-11 19:15:11",339.5,2,matheusfinger
8673,16696439,VaraPrabha,"2026-08-10 04:36:00",339.5,2,galiveetipoornima
8674,16658817,"Andrew Glez","2026-08-04 12:10:17",339.3,1,andgos
8675,16664147,JordanM10,"2026-08-05 19:54:08",339.3,1,jordanm10
8676,16771216,"Hugo Ponce","2026-08-25 17:54:30",339.2,2,hugoskn
8677,16655250,"Juan Pablo Ponce","2026-08-08 03:34:18",339.0,2,juanpabloponce28
8678,16654808,Vishwajeet-maker,"2026-08-17 21:17:02",338.9,1,vishwajeetmaker
8679,16941648,ITibe88,"2026-09-22 19:04:58",338.8,2,itibe88
8680,16662967,"Amalio Gomez","2026-08-04 22:07:16",338.7,1,amaliogomez
8681,16883375,"Sam Robin Singh E","2026-09-14 22:42:51",338.7,2,samrobinsinghe
8682,16674725,"rajan jha","2026-08-13 12:05:42",338.4,2,rajan1673
8683,16763255,"I P Tharun Gowda","2026-09-16 17:24:11",338.4,2,iptharungowda
8684,16656732,"Shivam Kashyap","2026-08-04 05:28:03",338.3,1,shiyan0090
8685,16659410,TTH,"2026-08-07 08:21:16",338.2,2,tthungdz
8686,16665996,AVATAR3905,"2026-08-06 18:14:01",338.1,2,avatar3905
8687,16682229,"mayuri sarangi","2026-08-29 14:03:36",338.0,2,mayurisarangi
8688,16673167,Karam96,"2026-08-08 11:40:36",337.9,2,karam96
8689,16700360,"Thanush Soma","2026-08-10 09:49:02",337.8,2,thanushsoma
8690,16802128,"vaman soni","2026-09-02 10:08:49",337.7,1,vamansoni
8691,16917267,"jean-thomas Dauchel","2026-09-18 21:41:23",337.5,1,jeanthomasdauchel
8692,16666577,"Jatin khandelwal112","2026-08-05 11:26:41",337.5,2,jatinkhandelwal112
8693,16770270,"salthiel nishimwe","2026-08-25 10:45:23",337.4,2,salthielnishimwe
8694,16681397,"Vishal Dubey","2026-08-11 08:51:13",337.3,2,visha1dubey
8695,16733961,"Julia Fredo","2026-09-27 20:31:52",337.0,2,juliafredo
8696,16677470,"Saish Walavalkar02","2026-08-09 12:44:51",336.9,2,"harichaudhari1,kaiserjayin,meetramjiyani,nirbhaygajabi30,saishwalavalkar02"
8697,16778526,starkhushi,"2026-08-27 07:01:28",336.9,2,starkhushi
8698,16655555,Bharath2411,"2026-09-03 07:14:26",336.8,2,bharath2411
8699,16936809,"Caleb Ibeh","2026-09-22 08:34:43",336.6,2,calebibeh
8700,16783322,kentaro,"2026-08-29 03:55:45",336.0,2,kentarokujo
8701,16732296,"duong nguyen","2026-08-20 14:51:38",335.8,1,duongnguyen161
8702,16661191,"Yudha Eka Saputra","2026-08-04 19:28:31",335.6,2,yudhaekasaputra
8703,16641294,YogeshG22,"2026-08-03 17:58:51",335.3,2,yogeshg22
8704,16893490,"Thales Galuchi","2026-09-27 02:20:04",335.2,2,thalesgaluchi
8705,16928286,sofonias201012,"2026-09-20 09:33:20",335.2,1,sofonias201012
8706,16735593,"timur tytrin","2026-08-18 07:37:46",335.1,2,timurtiutrin
8707,16793536,yukko08,"2026-09-25 12:09:25",335.1,2,yukko08
8708,16660568,Fascetta,"2026-08-07 20:48:53",335.0,2,fascetta
8709,16658733,luoqiuy,"2026-08-04 10:46:04",334.9,2,luo912
8710,16690775,"Prasanna Raut","2026-08-08 20:41:38",334.4,2,prasannaraut
8711,16851029,john01234,"2026-09-08 04:57:12",334.4,2,john01234
8712,16652422,Kite,"2026-08-17 16:26:55",334.1,1,kiteyinlong
8713,16649794,"Wanzhu Zhao","2026-08-04 13:04:05",333.7,2,wanzhuzhaora
8714,16682108,"Shadow Monarch","2026-08-17 06:45:10",333.6,2,avinashk01
8715,16735751,"Hasan Taşkın","2026-08-24 19:36:02",333.5,2,hasantaskin
8716,16665980,cshara,"2026-08-06 08:41:16",333.4,2,cshara
8717,16795163,"Nguyễn Đỉnh","2026-09-14 05:05:43",333.2,2,nguyendinh1507
8718,16697694,"Adithya Thiruvalluvan","2026-08-29 17:28:42",332.7,1,forestfire7
8719,16937616,"ZIYU NI","2026-09-21 17:26:32",332.7,1,jacsonpercy
8720,16774954,Ye_xz233,"2026-08-26 15:35:23",332.4,2,yexz233
8721,16715791,CustardApple47,"2026-09-06 11:34:26",332.2,2,custardapple47
8722,16735393,Dai_Research,"2026-08-18 10:40:17",332.1,2,dairesearch
8723,16723046,"Pedro Joás","2026-09-11 14:59:09",331.8,2,pedrojos
8724,16692427,"Infy ","2026-08-09 20:48:09",331.8,2,infydes
8725,16795677,"Carol bright","2026-08-31 09:30:28",331.7,2,carolbright
8726,16696800,"VEER GOMA","2026-08-14 15:42:47",331.4,2,novaxoxo
8727,16782747,goodgreen,"2026-09-27 14:04:23",331.3,2,goodgreen
8728,16677950,"Rounak Laddha","2026-08-15 01:47:41",331.0,1,rounakladdha
8729,16705798,"orhun uygun","2026-09-24 08:48:21",331.0,2,orhunuygun
8730,16686716,"menna hassanM","2026-08-28 21:49:51",330.9,2,mennahassanm
8731,16646644,BeyondBirthday,"2026-08-09 06:39:01",330.8,2,near07
8732,16870360,"Tedi Septiana","2026-09-14 06:57:54",330.7,2,tediseptiana
8733,16683087,qiuchenglong,"2026-08-07 09:25:48",330.6,2,qiuchenglong
8734,16655446,"Ismael Omar Leonidas Hurtado Vargas","2026-08-04 00:07:01",330.6,1,ihurtadov
8735,16652805,"Rodrigo Batista da Silva","2026-08-13 13:35:19",330.6,2,eurodrigobatista
8736,16723273,"Bradley ZODOME","2026-08-19 07:06:18",330.5,2,bradleyzodome
8737,16687699,jegazhu,"2026-08-13 22:25:15",330.2,2,jegazhu
8738,16691153,"Hafsa Rouchdi","2026-09-26 12:25:36",330.2,2,hafsarouchdi
8739,16777515,Abhimanyu21,"2026-08-27 13:33:38",330.2,2,abhimanyu21
8740,16661551,SimonAx,"2026-08-10 09:41:59",330.2,2,simonaxel
8741,16659260,hitesh,"2026-08-05 19:29:28",330.1,2,shahhs
8742,16689841,Pavani2325,"2026-08-08 10:00:56",329.9,2,pavani2325
8743,16668471,Broomva,"2026-08-05 14:57:35",329.7,1,broomva
8744,16751311,JoangHZ,"2026-08-21 09:18:57",329.6,2,joanghz
8745,16639067,"ToMY F.","2026-08-11 11:34:31",329.4,1,tomyfdev
8746,16660369,"Dev MCP","2026-08-04 12:59:09",329.3,1,nishant2905
8747,16758426,"Attique Ansari","2026-08-22 11:50:42",329.3,2,attiqueansari
8748,16654407,"Serendeep Rudraraju","2026-09-04 03:17:43",329.2,2,serendeeprudraraju
8749,16742209,"melih Bektaş","2026-09-26 19:31:08",329.1,2,melihbekta
8750,16670812,"Brian Toman","2026-08-09 15:56:22",329.1,2,briantoman
8751,16665460,"Shubham kumar jha","2026-08-23 07:36:36",329.1,2,shubhamjhakr
8752,16716713,"T Vamsi Krishna","2026-08-13 09:37:43",329.0,1,vamsee3763
8753,16663738,"Handre Bezuidenhout","2026-08-04 23:27:08",328.9,2,handrebezuidenhout
8754,16690166,"Niteshwar Mishra","2026-08-08 10:02:22",328.9,2,niteshwarmishra
8755,16735966,kyone,"2026-08-18 08:09:32",328.9,1,xtraky
8756,16660341,"Nefise Aybar","2026-08-04 12:37:29",328.6,2,nefiseaybar
8757,16676974,"Deveshwar U","2026-08-31 01:10:42",328.6,2,deveshwaru
8758,16739356,Renuka,"2026-09-22 11:47:53",328.5,1,alphy1603
8759,16682632,Sebastiaan,"2026-08-27 18:24:40",328.4,2,sebastiaanreinders
8760,16683178,soulasin,"2026-08-07 14:32:26",328.4,2,soulasin
8761,16735080,"SARTHAK PATIL","2026-09-02 19:23:03",328.3,2,sarthakpatil23
8762,16689943,"NAM NGUYỄN CÔNG","2026-09-24 12:41:05",328.3,2,namnguyenhcmut
8763,16672138,mostafa69ca,"2026-08-06 05:03:43",328.0,1,mostafa69ca
8764,16947575,Rekh_Sharath_Chandra,"2026-09-26 07:37:12",327.6,2,rekhsharathchandra
8765,16639624,"Nishanth Rajan","2026-08-02 03:25:35",327.6,2,nishanthrajandev
8766,16658319,"Huỳnh Nguyễn Trọng Tín","2026-08-06 06:23:40",327.5,2,tnhunhnguyntrng
8767,16841549,"Ayush Kumar #4","2026-09-06 03:30:02",327.2,2,akyushumar
8768,16633133,Holeneckles,"2026-09-25 05:06:07",327.1,2,holeneckles
8769,16778327,WangYingChen,"2026-08-28 03:11:28",327.0,1,wangyingchen
8770,16728261,"Smit Deshaval","2026-08-24 17:44:12",326.9,2,smitdeshaval11
8771,16767037,"Yubraj Sigdel","2026-08-24 15:45:56",326.8,1,yubraj11
8772,16695592,"André Luiz Pedroso","2026-08-09 11:59:19",326.8,1,andreluizpedroso
8773,16848598,"Work 3","2026-09-12 09:26:57",326.5,2,nanisriram
8774,16656480,"Dip Biswas","2026-08-07 04:35:56",326.4,2,dipjacobiswas
8775,16725769,NikunjMakhija_,"2026-08-19 13:01:57",326.4,2,nikunjmak
8776,16636643,"Babul Kumar","2026-08-02 07:46:50",326.4,2,babulkumar07
8777,16692906,CodeZee,"2026-08-09 19:50:49",326.3,2,codewithzaeem
8778,16755377,"Rishi Sutar","2026-09-26 18:22:49",326.3,2,rishisutar
8779,16844410,ナポレオン,"2026-09-07 15:46:40",326.0,2,naporeondesu
8780,16632620,"[Deleted] d9d74cbb-c76e-4fbb-a4bf-35e25b48627d","2026-08-08 16:00:16",325.9,2,del=c21e6a8a03ad3b3c
8781,16667033,"Geethika Sandireddy","2026-08-15 07:04:31",325.8,2,geethikasandireddy
8782,16662874,"Dev Shah","2026-08-08 01:52:52",325.4,2,imdevshah11
8783,16710906,Krunal.ix,"2026-08-12 07:06:58",325.1,1,krunalix
8784,16670600,"Leon Lum","2026-08-20 14:58:27",325.0,2,leonlum
8785,16666115,"Iam Intolerable","2026-08-06 07:48:28",324.9,2,iamintolerable
8786,16665360,"Ayush Bhadauria","2026-08-19 11:11:51",324.7,2,ayushbhadauria50
8787,16683136,"Stefano Ciaci","2026-08-16 14:47:29",324.6,2,stefanovcciaci
8788,16657145,"Shudipto Trafder","2026-08-04 19:25:24",324.3,1,iamsdt
8789,16777489,"Yousef Elbaz","2026-08-27 11:18:54",323.9,1,yousefelbaz
8790,16732873,"Yash Rana","2026-08-18 04:57:04",323.8,2,yashrana24
8791,16845081,"Sera Ria Gomes","2026-09-10 12:28:43",323.6,2,serariagomes
8792,16658011,"Arooba Hanif","2026-08-05 07:24:53",323.2,2,aroobahanif
8793,16658320,"Justin Eight","2026-08-27 07:29:52",323.1,2,justineight
8794,16658897,"Teja Pattem","2026-08-07 10:42:44",322.8,2,tejapattem
8795,16926528,"Badri Vishal","2026-09-19 18:42:19",322.7,2,badrivishal90
8796,16666171,"JD Crew","2026-08-06 12:52:58",321.9,2,"abhijnanpodder,ahsafabid"
8797,16657056,"Jacob Ross Piedad","2026-08-06 12:15:14",321.8,1,jacobrosspiedad
8798,16741982,barry_Paddi,"2026-08-27 07:10:52",321.7,2,barrypaddi
8799,16633330,"danielle Ange","2026-08-12 16:26:03",321.7,2,danielleange
8800,16628296,NoxMetenis,"2026-08-15 17:54:03",321.6,1,avasgaire
8801,16659688,Daniel,"2026-08-05 12:21:37",321.5,2,danielyazgi
8802,16669725,chosunghwan,"2026-08-06 03:52:24",321.3,1,chosunghwan
8803,16694264,"Vansh Visariya","2026-08-10 09:00:11",321.1,2,vanshvisariya
8804,16661212,AnkitRaj4004,"2026-08-23 13:17:37",321.1,2,ankitraj4004
8805,16733886,LuisMV8,"2026-09-19 16:51:14",321.1,2,luismv8
8806,16754141,SicilyTing,"2026-09-08 14:53:25",321.0,2,sicilyting
8807,16715576,bhavnachavda21,"2026-09-28 17:25:24",321.0,2,bhavnachavda21
8808,16661390,"Raúl García Gómez","2026-08-04 17:04:39",320.8,2,corso138
8809,16724976,Soham,"2026-08-18 11:28:07",320.7,2,soham308
8810,16659234,"MARY RAISA P","2026-08-27 07:06:43",320.7,2,"harinimala21,maryraisap,saha0102"
8811,16662856,"Pranjal Arya","2026-09-11 09:30:08",320.5,2,pranjalaryaa
8812,16730679,"Hoàng Trọng Hiếu","2026-09-13 08:32:32",320.3,2,hongtrnghiu
8813,16682342,"Jebez Oswald","2026-08-10 05:38:15",320.3,2,jebezoswald
8814,16689923,Dhinesh,"2026-08-09 08:39:37",320.0,2,dhineshwarrs
8815,16831106,asd1984,"2026-09-05 17:40:01",319.9,2,asd1984
8816,16731458,"Arthur Baygildin","2026-08-17 10:06:55",319.8,1,arthurbaygildin
8817,16660246,taqnik,"2026-08-08 11:54:39",319.7,2,taqnik
8818,16660099,Desireog71,"2026-08-08 15:01:19",319.5,2,desireog71
8819,16855459,"Shune Lae lae Khaing","2026-09-11 17:55:19",319.4,2,shunfloryn
8820,16691936,"Adhar Chaudhari 07","2026-08-09 08:13:35",319.4,2,adharchaudhari07
8821,16688859,"Muhammad Fayaz Khan","2026-08-08 06:36:02",319.4,2,mfayazkhan
8822,16746121,Nononoi,"2026-08-21 07:18:02",319.3,1,nononoi
8823,16666056,"sarthak gupta1303","2026-08-05 11:01:04",319.1,2,"sarthakgupta1303,sathviktummalapenta"
8824,16867163,"Harikesh Shukla","2026-09-14 05:04:51",318.8,2,harikeshshukla
8825,16672020,"Arum Puri ","2026-08-18 14:03:33",318.6,2,arumpuri
8826,16660436,turkenm,"2026-08-06 13:03:36",318.5,2,turkenm
8827,16714418,AdriMonFer,"2026-09-01 12:15:21",318.4,2,adrimonfer
8828,16783863,"Vivek Vardhan Reddy","2026-08-31 06:14:34",318.3,2,vivekvardhanreddy77
8829,16854519,nmw,"2026-09-09 15:23:56",318.2,2,rubikkaggle
8830,16882973,"Omar Tarek Abdelkader Ahmed El Belbeisy","2026-09-12 22:59:07",318.2,2,patmux
8831,16635243,MlMlDev34,"2026-08-01 11:26:52",317.9,2,mlmldev34
8832,16625011,"Heng Yu","2026-08-18 06:30:56",317.7,1,megalobox1
8833,16657616,"Manikumar Kundena","2026-09-20 17:25:19",317.2,1,manikumarkundena
8834,16679389,"JOMIN URK21CS1077","2026-09-27 05:49:23",317.1,2,jominurk21cs1077
8835,16678653,Wzjj98,"2026-08-06 19:31:39",317.1,1,wzjj98
8836,16709165,"Yooraj Gole","2026-08-13 18:10:17",317.1,1,yoorajgole
8837,16657729,"Kandregula V S S V P Krishna Murthy","2026-08-08 15:29:35",317.0,2,kkandregula
8838,16929788,"Yusuf Sanusi","2026-09-21 00:50:47",317.0,2,mindbender7
8839,16632558,RUI,"2026-09-18 11:34:17",316.8,2,zaiwubian
8840,16633737,nrg,"2026-08-04 20:19:50",316.7,1,nargizaskarbekkyzy
8841,16757689,YanXiaohan666,"2026-09-14 03:29:51",316.3,2,yanxiaohan666
8842,16755632,"Adarsh Yadav","2026-08-21 16:34:37",316.2,1,adarsh12yadav
8843,16623739,SarsaShen,"2026-08-05 07:12:00",316.2,2,sarsashen
8844,16896350,"Abdelghani M'BAREK","2026-09-20 11:26:09",316.1,1,abdelghanimbarek
8845,16770232,MinhTran2346,"2026-09-07 14:12:04",316.1,2,minhtran2346
8846,16667406,"Abdulrahman AlAsali","2026-08-05 13:20:41",316.0,1,abdulrahmanalasali
8847,16628190,Horizonx30,"2026-08-09 18:06:56",315.9,2,horizonx30
8848,16668012,"Aleksander Iżemski","2026-08-05 20:52:54",315.7,2,aizemski
8849,16894314,curious007hi9387983,"2026-09-17 07:41:07",315.7,1,curious007hi9387983
8850,16866140,Mantis,"2026-09-22 16:59:18",315.4,2,orchidmantis
8851,16670881,"Amir Y. Sajjadi","2026-08-05 23:56:26",315.3,1,amirysajjadi
8852,16706181,"Juvenal Pedro Baptista","2026-08-16 14:58:40",315.2,2,juvenalpedrobaptista
8853,16681177,"Ivan Kevin Garcia Hernandez","2026-08-17 19:25:34",315.0,2,jedilgh
8854,16663351,MiguelS,"2026-08-07 15:25:29",314.9,2,lordm758
8855,16671519,"Mandhati Sai ganesh","2026-08-06 06:36:45",314.5,2,mandhatisaiganesh
8856,16800468,Vaishnavi,"2026-09-01 11:13:30",314.3,1,vaishnavisri09
8857,16659523,"Ahmad Khidir","2026-08-27 22:33:31",314.2,1,ahmadkhidir
8858,16740191,"Arjun Dhillon","2026-08-19 15:15:57",314.0,2,arjundhillon07
8859,16668453,"Kawish Hassan","2026-08-05 16:51:03",313.9,2,kawishhassan
8860,16949156,"shamaev dimon PR-3-1","2026-09-23 19:16:32",313.7,1,shamaevdimonpr31
8861,16727044,"Kai Leisten","2026-08-16 10:19:42",313.3,2,kaileisten
8862,16676416,"Abhishek Mishra","2026-08-10 10:09:30",313.0,2,abhishekmishra23
8863,16757557,BitxWolf,"2026-08-22 19:06:48",312.8,2,bitxwolf
8864,16686332,毛治钦,"2026-09-01 05:05:37",312.4,2,maozhiqinf
8865,16712257,Banarto,"2026-08-13 07:49:16",312.1,1,banarto
8866,16720606,Williamtime,"2026-08-17 03:11:34",312.1,2,williamtime
8867,16634769,Fivingone,"2026-08-03 03:47:43",311.6,2,fivingone
8868,16660996,"Thịnh Nguyễn Chí Tiến","2026-08-08 01:49:40",311.4,2,thnhnguynchtin
8869,16810051,Reddi_twelve,"2026-09-03 23:26:30",311.3,1,redditwelve
8870,16655919,"Tạ Minh Lễ","2026-08-04 06:46:45",311.3,2,tminhl
8871,16713319,"David Tilman","2026-08-12 18:56:13",311.3,2,davidtilman
8872,16654348,rkeshwani,"2026-08-07 16:17:49",311.2,2,rkeshwani
8873,16916821,"Amjath S","2026-09-19 18:03:15",311.1,2,amjaths
8874,16660658,Shlok_Sharma0001,"2026-08-19 09:31:48",310.8,2,shloksharma0001
8875,16655652,Emergence,"2026-08-10 03:21:04",310.6,2,daylighth
8876,16865101,"Hanlinh ","2026-09-11 03:58:09",310.5,2,hanlinh227
8877,16662659,"Chiziterem Eze","2026-08-11 12:20:48",310.5,2,chiziteremeze
8878,16675048,Wizard_King,"2026-08-06 19:35:41",310.5,2,anshumanrayy
8879,16726021,"The Farm Game","2026-09-02 13:23:00",310.5,2,"tacostew,thomasbower6"
8880,16691813,Hyezir4,"2026-08-10 08:36:47",310.4,2,hyezir4
8881,16934966,"Sai Sagar M.S","2026-09-28 10:35:16",309.6,1,saisagarms
8882,16859646,Andy2009,"2026-09-09 12:12:02",309.3,2,andy2009
8883,16666353,"Pal Savani","2026-09-14 19:01:01",308.8,2,palsavani
8884,16677312,"Kavuri Sravya","2026-08-19 02:33:01",308.8,2,kavurisravya
8885,16624990,"Tanjim Ahmed Kingshu","2026-08-02 07:05:52",308.5,2,tanjimahmedkingshu
8886,16664718,Vedika_,"2026-08-11 18:28:09",308.2,1,lighjt
8887,16797284,Alice7371,"2026-08-31 17:58:22",307.9,1,alice7371
8888,16730041,cracksbot,"2026-09-28 17:25:14",307.7,2,cracksbot
8889,16662495,Earth,"2026-08-15 10:54:03",307.6,2,earthearth
8890,16940854,AmbujSingh11294,"2026-09-27 18:22:39",307.5,2,ambujsingh11294
8891,16868034,"Vivek Teja","2026-09-14 19:25:09",307.5,1,vivektejaraju
8892,16823858,"James Mills","2026-09-23 17:08:00",307.5,2,jamesmills1975
8893,16658450,"Krish Singh","2026-08-05 16:11:00",307.5,2,krishsingh2283
8894,16701902,"Matthew Souza Chong","2026-08-11 05:58:50",307.5,2,matthewsouzachong
8895,16664469,"Thorlapati Nikhil","2026-08-11 19:11:09",307.2,2,thorlapatinikhil
8896,16682454," Vandanaa R","2026-09-02 09:48:24",307.0,2,vandanaar
8897,16789486,TanjiahaoXX,"2026-08-29 07:47:37",306.5,1,tanjiahaoxx
8898,16662491,Rudra070311,"2026-08-11 17:06:39",306.4,2,rudra070311
8899,16698739,"Sahrul Adicandra","2026-08-11 04:06:08",306.4,2,sahruladicandra
8900,16659621,Ananya,"2026-09-27 17:41:15",306.2,1,ananya230106
8901,16624553,"Abiram Bharathi S.A","2026-09-08 11:40:32",306.0,2,abirambharathisa
8902,16898267,Tannybro,"2026-09-20 09:31:41",305.9,2,tannybro
8903,16633982,Nikunj1375,"2026-08-07 08:40:29",305.9,2,nikunj1375
8904,16823229,aper,"2026-09-05 08:42:58",305.5,2,todaya
8905,16838913,LunaT2,"2026-09-05 09:10:21",305.4,1,lunat2
8906,16677732,"Alessandro Mermali","2026-08-06 20:52:35",305.4,2,alessandromermali
8907,16721533,"Lakshya Sharma","2026-08-16 06:01:34",305.4,2,lakshyasharma007
8908,16681801,majj,"2026-08-11 03:07:46",305.2,2,m313786372
8909,16656351,"Triet Ho","2026-08-07 07:27:33",305.2,2,trietho247
8910,16700187,"adrian purnama","2026-08-10 10:50:45",305.1,1,adrianpurnama
8911,16672689,"Yusuf Yemez","2026-08-06 06:51:07",305.1,1,yusufyemez
8912,16682345,Gordy,"2026-08-31 07:39:13",305.0,2,gordyii
8913,16686941,vishu,"2026-09-24 12:47:08",304.9,1,vedanthshetty
8914,16669188,Sebastián,"2026-09-25 21:30:33",304.9,1,sebatl
8915,16785111,"JEFFREY KIRUBA J ","2026-08-28 18:07:41",304.6,1,jeffreykirubaj
8916,16784712,SIDDpat,"2026-08-30 08:13:50",304.6,2,siddpat
8917,16623405,nbarlow,"2026-08-12 20:01:08",304.5,2,nickbarlow
8918,16674394,"Ishant Mittal","2026-08-08 09:24:57",304.4,2,ishantmittal95
8919,16698591,FestusKipkoech,"2026-08-28 18:58:28",304.3,2,festuskipkoech
8920,16686700,"Hakkı selim Ak","2026-08-07 17:06:03",304.1,1,hakkselimak
8921,16652970,"Abhay sarkar","2026-08-05 14:40:05",304.1,1,abhaysarkarai
8922,16687403,"Raja Sai Vardhan","2026-08-09 08:19:22",303.8,2,rajasaivardhan
8923,16671959,"Sintu Verma","2026-08-09 05:44:56",303.7,2,sintuverma
8924,16709910,Spinort,"2026-09-19 07:37:27",303.6,2,spinort
8925,16713082,"Siyam Molla","2026-09-06 08:06:43",303.6,2,siyammolla
8926,16661157,Shenlai,"2026-09-17 14:02:50",303.3,2,shenlai
8927,16701924,"Uma maheshwari T","2026-09-23 15:36:09",303.2,1,umamaheshwarit
8928,16683421,"Ruchita Yadav","2026-08-13 18:09:54",303.2,2,ruchitayadav20
8929,16659975,"Rahul Sain","2026-08-05 18:54:58",303.1,2,rahulsain2001
8930,16659493,"Ori Glisko","2026-08-09 14:27:44",303.0,2,origlisko
8931,16693821,"DARSHAN A","2026-08-11 18:02:26",302.8,2,ad12345kag
8932,16655729,"Arnab Mallick","2026-08-04 02:41:48",302.7,2,arnabmallick24
8933,16663945,anyasri,"2026-09-22 18:19:28",302.7,2,anyasri
8934,16659453,"Ishwar Rathod","2026-08-06 03:29:27",302.6,2,ishwarrathodofficial
8935,16661639,"Jayanth Kumar D","2026-08-06 13:36:46",302.4,2,jayanthkumard
8936,16672168,"Justin Rutkowski","2026-09-13 08:13:41",302.1,2,justinrutkowski
8937,16655811,"Duy Trần","2026-08-04 08:23:27",301.7,1,duyqtrn
8938,16858496,"Aziz Alqwm","2026-09-28 06:36:01",301.6,2,azizalqwm
8939,16692084,"Kaggri Farmers","2026-08-29 19:47:29",301.4,2,"jayant99acharya,satvikkolluru"
8940,16778585,Deepa,"2026-09-27 10:42:27",301.3,2,deepa42639
8941,16759407,"Giovanni Colpani","2026-08-22 17:02:37",301.1,2,giovannicolpani
8942,16763916,"Mohamed Nchourupouo","2026-08-24 09:28:47",300.5,2,mohamednchourupouo
8943,16660992,"Vishnu Vardhan Dumpala","2026-08-05 18:17:30",300.4,1,vishnuvardhandumpala
8944,16690183,ankit8924praj,"2026-08-14 15:43:56",300.3,2,ankit8924praj
8945,16623730,"Ethan Higgins","2026-07-31 02:25:21",300.2,2,ethanhigginz
8946,16765805,"sayyad karimun","2026-08-25 10:14:26",300.2,1,sayyadkarimun
8947,16925237,"Abdullah Ahmed saeed","2026-09-22 09:42:28",300.2,2,abdullahahmedsaeed
8948,16705294,"zhenf Liu","2026-08-11 07:51:06",300.1,2,zhenfliu
8949,16791786,BladeOffline,"2026-08-30 03:42:42",300.1,1,bladeoffline
8950,16882689,Soodari,"2026-09-12 21:56:31",299.7,2,soodari
8951,16668166,Pikachu,"2026-08-05 14:52:15",299.7,2,"arpankumarsinha,phantomboy69,subhojitpaul2006"
8952,16656506,"Piyush Harde","2026-08-04 12:54:26",299.1,2,piyushharde
8953,16912620,"Mitul Khemani","2026-09-17 09:25:17",298.9,2,mitulkhemani
8954,16844194,小林周人,"2026-09-17 14:57:34",298.9,2,kobashu
8955,16666639,"Dheeraj Pranav","2026-08-24 19:38:42",298.9,1,dheerajpranav
8956,16805109,"иван астахов","2026-09-10 21:30:35",298.7,2,iastakhov
8957,16756768,"Sayeed Ibrahim","2026-08-22 01:32:12",298.7,2,sayeedibrahim
8958,16665661,Ikhbar,"2026-08-05 09:50:57",298.5,2,ikhbar
8959,16690163,"Abhay Upadhyay","2026-08-08 18:05:54",298.3,2,abhay18s
8960,16855181,Komal_Rani,"2026-09-08 16:39:15",298.2,2,komalvinayak
8961,16661012,"Tesfahun Feleke","2026-09-24 09:04:19",298.0,2,tesfahunfeleke
8962,16668271,"Shashank Raj","2026-08-06 14:27:00",297.8,2,ssr6156
8963,16655315,SL,"2026-08-13 01:50:18",297.7,2,xndr007
8964,16653903,Manav2805,"2026-08-04 09:25:08",297.7,2,manav2805
8965,16730086,HanaGhanem,"2026-09-20 22:15:11",297.4,2,hanaghanem
8966,16673152,"Arijit Raj","2026-08-06 08:23:14",297.3,2,arijitraj02
8967,16719709,Rishiii360,"2026-08-18 03:46:23",297.3,2,rishiii360
8968,16707092,"Asharani Sahu","2026-08-11 11:19:08",297.2,1,asharanisahu
8969,16712089,"yui seya","2026-08-12 12:17:02",297.1,2,yuiseya
8970,16915613,MDM,"2026-09-17 16:03:54",297.0,2,themdm
8971,16807668,kilariHemalatha,"2026-09-05 04:33:19",296.7,1,kilarihemalatha
8972,16657891,"Joshua Kinnah","2026-08-07 23:00:45",296.7,2,joshuakinnah
8973,16687648,"RSJ CorneR","2026-09-23 19:07:08",296.6,2,rsjcorner
8974,16661690,codefusiondu,"2026-08-06 04:53:25",296.4,2,codefusiondu
8975,16729572,"Aswin Ramanathan","2026-08-17 16:17:38",296.2,1,aswinramanathan
8976,16631989,"VIDIT SHRIMALI","2026-07-31 17:13:46",296.2,1,viditshrimali
8977,16661955,Bingos,"2026-08-05 11:43:07",296.1,2,bingos
8978,16664218,"Nguyen Vu Tue Khang","2026-08-24 03:32:10",295.6,2,nguyenvutuekhang
8979,16765997,"Diya Sharma","2026-09-13 18:08:07",295.3,2,diyasharmanexa
8980,16660473,"Owen M Kelley","2026-08-10 00:53:11",295.1,2,owenmkelley
8981,16711348,ticoraph,"2026-08-21 18:55:56",295.1,2,ticoraph
8982,16684308,Itsside_jay,"2026-08-07 11:46:48",294.9,1,itssidejay
8983,16658990,"Muhammad Burhan SE-45-02","2026-08-07 04:26:18",294.8,2,muhammadburhanse4502
8984,16777607,"je nap","2026-08-30 01:56:28",294.6,2,johnenapoles
8985,16794729,Copperford,"2026-09-08 00:41:27",294.5,2,copperford
8986,16660543,"BUTUH DUIT","2026-08-06 07:39:16",294.3,2,abulkahfi
8987,16658452,Hillclimber,"2026-09-13 01:50:22",293.7,2,driessmit1
8988,16653054,Khongor2424,"2026-08-03 15:32:17",293.6,2,khongorkikaik21
8989,16757233,"Tet Toe Wai","2026-08-24 07:51:45",293.6,1,tettoewai
8990,16676302,Arnav,"2026-08-08 06:10:01",293.6,2,arnav03101
8991,16686789,Hay-gent,"2026-09-07 05:37:52",293.5,2,"alagusuriyas,gayathrisrimai"
8992,16749568,"Nana Hung","2026-08-23 02:17:34",293.0,2,nanahung
8993,16662403,"ulaş özen","2026-08-05 19:49:16",292.9,2,ulazen
8994,16794647,"Michael Cahill","2026-09-01 07:46:28",292.4,2,michael1232
8995,16667773,ShashankJha,"2026-09-25 17:08:01",292.4,2,shankinfy
8996,16748092,Luckshith,"2026-08-20 12:59:43",292.2,2,luckshith
8997,16883188,gunnarrrr,"2026-09-27 13:54:44",291.7,2,gunnarrrr
8998,16623161,"Charles Kalaba","2026-08-08 13:06:02",291.2,2,charleskalaba
8999,16662054,"phantom of shubh","2026-08-11 07:54:46",291.1,1,shubhamkumar123490
9000,16818690,"Arionchen TitanTeam","2026-09-04 08:52:16",291.1,2,arionchentitanteam
9001,16810780,prachi.icy,"2026-09-27 15:56:31",291.1,2,prachinikalje
9002,16712958,"Chicken Little","2026-09-27 09:39:49",290.9,1,bcookie11
9003,16682623,"Aditya Paul","2026-08-14 12:44:45",290.9,2,adityapaul634
9004,16665252,"Harsh Katara","2026-08-05 06:51:14",290.3,1,harshkatara
9005,16690055,"Prem Kumar","2026-09-02 05:56:28",290.0,2,premkumar099
9006,16784225,sulala,"2026-08-29 08:51:26",289.7,2,sulala
9007,16845556,"li Insomenia","2026-09-07 04:07:10",289.5,2,liinsomenia
9008,16920837,"Borys Koza","2026-09-18 13:00:28",289.3,1,boryskoza
9009,16690514,"Aditya #3","2026-08-09 06:29:48",289.2,1,a0x1ab
9010,16765570,"Akhand Soni","2026-08-24 12:47:42",289.1,1,akhandsoni
9011,16634016,"Adrien Thomas","2026-09-21 17:32:37",289.0,2,adrienthomas
9012,16759726,Phoenix,"2026-08-22 19:43:10",288.7,1,seanht1
9013,16665758,"Oladipo Bashir","2026-08-31 10:23:51",288.6,1,oladipobashir
9014,16682422,"SABBIR HOSSAIN 2029","2026-08-16 14:23:24",288.6,2,sabbirhossain2029
9015,16728948,L3MG,"2026-08-16 21:17:06",288.4,2,lemgyy
9016,16694673,"B T Chinmayi","2026-08-27 19:47:10",288.3,2,btchinmayi
9017,16766823,suikkee,"2026-09-02 05:05:50",288.1,1,suikkee
9018,16690882,"Meet P. Shah","2026-09-05 04:32:03",287.8,2,meet47
9019,16698920,"Rishabh Bhartiya","2026-08-12 13:48:26",287.6,2,rishabhbhartiya
9020,16732315,"Filip Chladek","2026-08-17 13:37:38",287.5,2,filipchladek
9021,16659060,Pratham3gewg,"2026-08-06 18:26:51",287.4,2,pratham3gewg
9022,16677034,gollapallysaikiraan2,"2026-09-18 21:45:24",287.1,2,gollapallysaikiraan2
9023,16684223,"Aayush Shah","2026-08-13 17:57:28",287.0,2,aayushshah265
9024,16659865,Rithikaaaaah,"2026-08-17 07:09:08",286.9,2,rithikaaaah
9025,16655734,dworld,"2026-08-05 04:13:18",286.9,2,jagdishhalde
9026,16657159,"Amey Malpurkar","2026-08-11 07:35:27",286.2,2,"ameymalpurkar,siddheshsadarao"
9027,16882182,":T Eh?","2026-09-13 09:16:32",286.2,1,goulustis
9028,16915237,"Greg Spitz","2026-09-28 17:00:26",286.1,2,gregspitz
9029,16732280,"Akarsh kumar shukla","2026-08-18 20:38:35",286.0,1,akarshkumarshukla
9030,16654430,"Rishoban Y","2026-08-07 13:46:37",285.9,1,rishoban
9031,16668559,Goups,"2026-08-22 09:11:46",285.6,2,hervrenard
9032,16673753,hmmmSure,"2026-09-15 18:13:47",285.3,2,gerardnitt
9033,16682262,"Pardeep Singh","2026-09-01 11:01:27",285.3,2,pardeep06
9034,16736202,杨雨灿,"2026-09-08 00:51:59",285.3,2,yucanyang
9035,16919058,"Bethany Stringer","2026-09-19 10:18:38",284.9,1,bethanystringer
9036,16839939,Lemonabc,"2026-09-05 12:56:42",284.4,1,lemonabc
9037,16725135,"clement cg","2026-08-19 07:54:00",284.4,2,clementcg
9038,16830884,"Khalil hafni","2026-09-14 23:51:56",284.3,1,hafnix
9039,16885028,"wen yimeng","2026-09-13 09:26:04",284.1,1,wenyimeng
9040,16655621,xia0910,"2026-08-08 11:03:21",284.1,2,xia0910
9041,16932204,"Doğuş Özel","2026-09-20 22:27:23",283.9,2,dozel7
9042,16746682,"julio cesar valencia","2026-09-24 04:19:19",283.7,2,juliocesarvalencia
9043,16769212,"jason vetter","2026-08-25 05:48:22",283.7,1,jasonvetter
9044,16728465,"Abdurrahman Assegaf","2026-08-16 12:13:15",283.5,2,amanshop
9045,16707118,"DEVEN BAGADE","2026-08-11 11:24:10",283.4,2,devenbagade
9046,16716476,lnssan,"2026-08-20 13:05:18",283.4,2,lukanilssandmayr
9047,16784538,"mou1234568 fdsfds","2026-08-28 18:05:29",283.0,2,mou1234568fdsfds
9048,16838645,"Deepak #2","2026-09-06 10:20:54",282.9,2,deepakup85
9049,16814858,"Sankalp Patidar","2026-09-15 08:57:20",282.8,2,sankalppatidar
9050,16792780,"Sreekar Reddy","2026-09-01 15:33:38",282.7,2,eshured
9051,16707179,"Achintya Rai","2026-08-12 11:15:16",282.3,2,achintyarai
9052,16650070,"jakub slavíček","2026-08-04 12:58:40",282.2,2,jakubslavicek
9053,16721849,ayushai8714,"2026-08-28 09:36:41",282.2,2,ayushai8714
9054,16657426,"M.Mukunda Reddy","2026-08-17 06:18:11",281.9,2,mmukundareddy
9055,16774471,"Seymour Schmidt","2026-09-16 10:56:11",281.7,2,angrybread
9056,16624246,"xu j1ayang","2026-08-11 05:12:47",281.5,2,xuj1ayang
9057,16702052,"Beny Pratama Putra","2026-08-12 16:18:20",281.5,2,benypratamaputra
9058,16697283,Puranjay02,"2026-09-10 07:09:06",280.8,2,puranjay02
9059,16632319,Valentin,"2026-07-31 21:14:24",280.8,1,vaha94
9060,16682559,"Punit Pritam Mohanty","2026-08-11 06:21:03",280.8,2,punitpritammohanty
9061,16683284,"Haha Farming","2026-08-07 14:38:04",280.7,1,"akshitharamesh,harinir1423"
9062,16678362,"Mitiku Yohannes","2026-08-07 00:00:37",280.5,2,mitiku
9063,16652397,"Aniket Kumar","2026-08-06 13:29:50",280.5,2,kalkiavatar3
9064,16643303,sigireddyBalasai,"2026-09-12 11:40:23",280.3,2,sigireddybalasai
9065,16796258,"Lanzhi Jiao","2026-09-03 08:31:13",280.2,1,lanzhijiao
9066,16658725,"syed jawad","2026-08-17 08:49:32",280.1,1,syedjawad663
9067,16672670,RonTroy,"2026-08-13 04:46:15",279.7,2,rontroy
9068,16675037,"Stanislav Pashkov","2026-08-08 20:50:16",279.7,2,stanislavpashkov
9069,16668333,VishalVivek,"2026-08-07 09:46:17",279.6,1,vishal14332
9070,16918745,Xstella,"2026-09-24 08:11:56",279.4,2,xstella
9071,16858604,"Ye Naing","2026-09-10 02:42:59",279.0,2,yenaing
9072,16926905,"George Quadros","2026-09-21 21:56:55",278.8,2,georgequadros
9073,16641866,"Prem Gandhi","2026-08-06 19:48:18",278.5,2,gprem352
9074,16663600,"Adrián Flores","2026-08-05 00:38:36",278.5,2,foward2892
9075,16669535,sakshitantak,"2026-08-08 05:16:32",278.3,2,sakshitantak
9076,16741555,"Rushikesh Shirwalkar","2026-08-19 11:02:46",278.2,2,rushikeshshirwalkar
9077,16849173,"Sarvajith Adyanthaya","2026-09-07 16:51:17",278.2,1,sarvajithadyanthaya
9078,16729246,"Ayodeji Akinola","2026-08-29 19:45:30",277.9,2,ayodejiakinola
9079,16784605,"Iniyan M D R","2026-08-28 13:53:22",277.8,1,iniyanmdr
9080,16716592,"Poma Mikhail","2026-09-10 09:08:04",277.6,2,ambisinistra
9081,16655875,PLLZ,"2026-08-17 01:11:41",277.4,2,pllzzz
9082,16730653,"Daham Dissanayake","2026-08-21 03:17:15",277.3,1,"dahamdissanayake,dinuginimnara"
9083,16666316,adityakr1001,"2026-08-05 09:33:41",277.1,1,adityakr1001
9084,16690187,"Amrita Singh","2026-08-08 10:34:51",277.1,2,amrita004
9085,16938753,"Kedar K0","2026-09-22 03:42:53",277.1,1,kedark0
9086,16669576,"zarnab waheed","2026-08-17 19:20:34",277.0,2,zarnabwaheed
9087,16691354,"Vedika Gupta","2026-08-08 14:20:25",277.0,1,vedikagupta0
9088,16773545,faithk7u,"2026-08-31 21:57:43",276.9,2,faithk7u
9089,16646076,"Ajeet Krishnasamy","2026-08-04 19:52:27",276.8,2,ajeetkrish
9090,16662913,"IYAMPAYE ribert","2026-08-04 19:01:38",276.7,1,iyampayeribert
9091,16771870,"kumi cho","2026-09-22 14:52:46",276.3,2,kumicho
9092,16809426,"The Nafl","2026-09-10 11:20:55",276.3,2,nafalrust
9093,16747086,Karma_350234,"2026-08-20 09:56:52",276.3,1,karma350234
9094,16660308,zhangzhenman,"2026-08-25 06:14:26",276.2,1,zhangzhenman
9095,16670674,"Foodle Jang","2026-08-19 22:14:34",276.2,2,foodlejang
9096,16785050,"MITHIL J URK26CS7067","2026-08-28 18:29:14",276.2,1,mithiljurk26cs7067
9097,16893131,"Jenny Dinh","2026-09-21 13:27:12",276.1,2,"jeanguo000,jenny125,keytran8850"
9098,16676305,JTHEFROG,"2026-08-08 12:09:45",276.1,2,joshyuasa
9099,16637025,kodalien,"2026-08-10 15:21:00",276.1,2,kodalien
9100,16661290,"Kelian Esteve","2026-08-04 14:33:13",275.9,1,kelianesteve
9101,16723487,RoboDavo,"2026-08-19 00:36:17",275.5,2,robertdavidson1911
9102,16911725,"casey blanche","2026-09-18 23:50:00",275.4,2,caseyblanche
9103,16752152,abpp,"2026-09-28 03:29:36",275.3,2,abppyo
9104,16675218,데미안과마루,"2026-08-18 14:16:13",275.1,2,siver3
9105,16762084,"Krishna Lokhande","2026-08-23 14:08:48",275.0,1,krishnalokhande8080
9106,16791680,"Surja Sarker","2026-09-04 12:12:24",275.0,2,surjasarker
9107,16706591,"Poorvi Shetty","2026-09-25 14:34:13",275.0,2,poorvishetty1
9108,16707372,"zidu cheng","2026-08-11 13:30:40",274.8,1,ziducheng
9109,16840506,"Jayanth Earla","2026-09-10 16:46:21",274.5,2,jayanthearla
9110,16660529,Imaanga,"2026-08-10 11:41:21",274.3,2,imaangababy
9111,16761731,"James Hu","2026-08-23 17:50:28",274.2,1,cnjameshu
9112,16697373,"Sumit Bhattacharjee","2026-08-29 18:29:11",273.4,2,sumitbhattacharjee
9113,16758856,"Ali Zaib","2026-08-27 20:12:02",273.4,2,alizaib001
9114,16674678,"Tinotenda Garikayi","2026-09-28 06:00:34",273.1,2,tinotendagarikayi
9115,16748410,Lemons,"2026-08-21 19:44:07",273.0,1,takahiromatoba
9116,16839430,EliaSav,"2026-09-06 15:33:34",272.8,2,eliasav
9117,16698562,Kyoko004,"2026-08-11 04:38:18",272.7,1,kyoko004
9118,16654253,"Gaius K Biju","2026-08-03 18:51:18",272.5,2,gaiuskbiju
9119,16658489,小出和見,"2026-08-13 23:23:04",272.0,2,kzmk8d
9120,16724743,"Dr. James Gambrah","2026-08-17 08:48:47",271.7,2,jamesgambrah
9121,16862181,"M chetin","2026-09-12 18:51:14",271.5,2,cetin95
9122,16922932,Anteee231,"2026-09-21 04:19:19",271.2,2,anteee231
9123,16734670,Sparsh,"2026-08-22 01:48:51",271.1,2,sparshsinha24
9124,16652276,Phare111,"2026-08-04 15:09:55",271.0,1,phare111
9125,16755664,"Shivam Rajdev","2026-09-04 19:28:36",270.9,2,shivamrajdev
9126,16753817,Karmers,"2026-09-24 08:52:46",270.6,2,"prasenjittadake,swapnilpatil2737"
9127,16659696,"Lakshyaraj Singh Rathore","2026-09-05 18:47:32",270.5,2,lakshyarajrtm
9128,16660144,"Léandre ELISHA","2026-08-09 12:25:44",270.3,2,landreelisha
9129,16813582,Soham_7391,"2026-09-16 09:59:13",270.3,2,soham7391
9130,16865663,GauravPramodJain,"2026-09-10 09:44:04",269.8,1,gauravpramodjain
9131,16761994,"Talha Sayyad faim","2026-08-23 11:32:37",269.7,1,talhasayyadfaim
9132,16665371,"Kevoh Mutwiri","2026-09-20 20:33:29",269.5,2,kevohmutwiri
9133,16713204,Mohamedg,"2026-08-24 23:15:06",269.4,2,mohamedgcroesus
9134,16841154,Kinjal,"2026-09-05 22:13:51",268.9,2,kinjalparmar5009
9135,16761681,"Ming Myung","2026-08-24 05:12:56",268.8,2,vanhaminhquan
9136,16749514,"M Harini","2026-09-21 14:52:15",268.3,2,rvmharini
9137,16665114,"Francesco Benincasa","2026-08-05 09:56:52",267.8,2,francescobenincasa
9138,16658941,Matts6591,"2026-08-17 07:59:36",267.7,1,mathwithmatt
9139,16847927,"Laiba Hameed","2026-09-12 09:00:51",267.7,2,laibahameed08
9140,16661879,"Pham Truc","2026-08-07 07:21:46",267.4,1,genti1206
9141,16929949,"mohamed seddik sakai","2026-09-22 13:32:24",267.4,2,mohamedseddiksakai
9142,16762045,ADV,"2026-08-23 13:28:56",267.3,1,shuntianjiang
9143,16684168,"Roaya Saed","2026-08-10 14:36:20",266.9,1,roayasaed
9144,16676007,"Lao KENAO","2026-08-15 01:15:48",266.9,2,laokenao
9145,16662039,"Ajat Rosadi","2026-08-04 16:58:10",266.8,2,ajatrosadi
9146,16723045,"Albert Einstein F Muritiba","2026-09-27 17:33:52",266.6,2,spideryzarc
9147,16748712,"Amit Kumar Gupta","2026-08-21 13:33:00",266.1,2,eramitg
9148,16660957,CREVATEC,"2026-08-11 09:30:33",266.0,2,"olakunleolalekan,samueloladeji"
9149,16712086,"Zubair Shafi","2026-08-16 23:23:04",265.9,2,zubairshafi5050
9150,16718890,"Andy Symonds","2026-08-19 23:04:11",265.7,2,andyivanhoe
9151,16701041,"Meet Babariya","2026-08-10 14:21:06",265.5,1,meetbabariya
9152,16676084,"Abir Majdi","2026-08-24 00:24:35",265.3,2,abirmajdi
9153,16685996,"Universal Entropy","2026-08-07 16:22:28",264.8,1,fennerjw
9154,16868524,"Chutayu Adhittayawong","2026-09-11 03:30:13",264.8,2,arteezy009
9155,16658065,"Parul Mittal","2026-08-06 13:55:51",264.5,1,pisces83
9156,16663869,CYBER_TECH99,"2026-08-05 01:40:15",264.4,2,cybertech99
9157,16725104,ManasviVarma,"2026-08-23 10:20:35",264.2,1,manasvivarma
9158,16656881,"Eugene Nyondo","2026-08-30 22:33:50",263.8,2,eugenenyondo
9159,16663459,"Cristian Yeanpaul Palomino Calderon","2026-08-06 04:14:17",263.7,2,dawo0t
9160,16942701,"Tasmin Ara Chowdhury","2026-09-28 14:53:56",263.6,2,tasminarachowdhury
9161,16684191,"Patel Aryan D","2026-08-10 07:36:13",263.5,2,patelaryand
9162,16654490,"Furious Monk","2026-09-28 18:06:08",263.3,2,furiousmonk
9163,16765329,"Bart Woz","2026-08-31 14:18:24",263.0,2,bartwoz
9164,16659581,"isah ridwan","2026-08-07 09:02:00",262.7,2,isahridwan
9165,16654306,Shubham,"2026-08-03 19:09:40",262.4,2,sanjayshubham24
9166,16665243,"Harshit Jha","2026-08-05 13:40:16",262.3,2,harshitjha28
9167,16688231,"Antoine Matemane Mahirwe","2026-08-10 19:40:15",262.3,2,antoinemah
9168,16889111,"Abel Garza-Ramírez","2026-09-19 01:12:05",261.8,1,abelgarzaramrez
9169,16661213,"Daniel Siersleben","2026-08-05 12:53:41",261.8,1,danielsiersleben
9170,16773858,"Kundan Kumar","2026-09-28 09:53:14",261.2,2,edkundan
9171,16656595,"Sithija Amarathunga","2026-08-04 10:09:50",260.6,2,sithijaamarathunga
9172,16665461,"Krishna Golwala","2026-08-24 18:39:08",260.4,2,krishnagolwala
9173,16724204,chestnut,"2026-08-21 02:15:17",260.4,2,yskkrbysh
9174,16862268,"Vishal Harry","2026-09-12 21:26:48",260.4,2,vshr777
9175,16658676,"Abdul Roheem Abdul Warith","2026-08-04 18:59:04",260.3,1,albasoliyy
9176,16659804,"Gashahun Demise","2026-08-04 13:23:20",260.3,2,gashahundemiset
9177,16822259,"Craig Goldswain","2026-09-07 14:52:01",260.2,2,craiggoldswain
9178,16663253,"Albert Benjamin Asare","2026-08-06 19:29:05",260.1,2,albertbenjaminasare
9179,16651668,Haiku,"2026-08-05 06:28:54",260.1,2,yangjiefu
9180,16706312,"shabbar taj","2026-08-11 16:35:57",260.1,2,shabbartaj
9181,16740506,Growingduck,"2026-09-02 03:18:21",259.9,2,jaeminkang2021
9182,16756174,"Mateo Coelho","2026-09-02 19:10:01",259.7,2,mathsco
9183,16739918,POLAROID_86,"2026-08-18 21:56:04",259.3,2,polaroid86
9184,16748206,ArtlexYang,"2026-08-25 08:43:28",259.0,1,artlexyang
9185,16665614,MesonLabs,"2026-08-11 06:17:27",258.9,1,mesonlabs
9186,16658620,"Dina Chettouh","2026-08-04 09:13:27",258.2,2,dinachettouh
9187,16924232,Heshwa,"2026-09-19 08:08:28",258.1,2,heshwa
9188,16658357,heetmehta18,"2026-08-07 13:30:40",257.8,2,heetmehta0000
9189,16643821,"arnav chaturvedi123","2026-08-02 22:16:08",257.8,2,arnavchaturvedi123
9190,16658795,"Case Seller","2026-08-30 06:46:45",257.7,2,caseseller
9191,16740795,Yanshaoo2026,"2026-08-19 08:40:17",257.7,1,yanshaoo2026
9192,16809620,"Mohamed Alaa Elboraay","2026-09-02 19:11:42",257.6,2,mohamedalaa10
9193,16948168,"Анна Кондратенко","2026-09-23 16:03:20",257.6,2,"anetka2006,serhiibarsul"
9194,16670185,"Odilon Yehouenou","2026-08-13 20:23:58",257.3,2,odilonyehouenou
9195,16669314,"Editor Jugnu AI","2026-09-06 08:31:32",257.0,2,editorjugnuai
9196,16695733,"Imad Zaanine","2026-08-11 02:11:15",256.6,2,imadzaanine
9197,16690161,"Sudipto Event","2026-08-11 09:25:00",256.5,2,sudiptoevent
9198,16731278,"hayim lusthaus","2026-09-25 20:20:52",256.5,2,haimlust
9199,16669411,"Atta Ullah","2026-08-10 13:28:30",256.3,2,attaullahqau
9200,16711610,cc_z_kaggle,"2026-08-12 09:33:23",256.2,1,cczkaggle
9201,16922872,EricWang,"2026-09-18 23:56:44",256.0,1,ericwang915
9202,16740950,Shaw,"2026-08-23 10:07:14",255.9,2,shaw06
9203,16659203,"Praful Nayak","2026-08-05 08:17:06",255.3,2,prafulnayak2003
9204,16922345,"MESK WADHAH ABDULQADER ABDULQADER","2026-09-18 19:20:58",255.2,1,meskelemin
9205,16668464,Mauro,"2026-08-05 15:57:27",254.8,2,ilmaurino
9206,16707941,ニイエチカイン,"2026-08-14 15:28:42",254.8,2,j4ck99
9207,16662861,"Chirag Tutlani","2026-08-04 19:13:05",254.5,1,chiragtutlani
9208,16712844,"ray hengbo","2026-09-01 03:35:31",254.3,1,rayhengbo
9209,16633833,"mohammad javad Kamali","2026-08-19 05:13:42",254.2,1,mohammadjavadkamali
9210,16654293,"Jatin N. Soni","2026-08-18 09:59:05",253.9,2,jatinsoni111
9211,16724512,"Diw Gupta","2026-08-21 13:45:51",253.5,1,diwgupta
9212,16661469,"Qiqi Xie","2026-08-06 20:53:32",253.3,2,qiqixie123
9213,16655003,"Paramjeet Kaur","2026-08-04 21:09:02",252.7,1,kauxp26
9214,16822994,"Peter Danilov","2026-09-03 18:16:23",252.6,1,pndanilov
9215,16790483,"ivo nahuel jasinskas","2026-08-29 14:08:28",252.6,1,ivonahueljasinskas
9216,16658888,NovaBytes,"2026-08-06 07:06:34",252.0,2,"drashtisingh14,kjjkjjk3107"
9217,16744954,charley8,"2026-08-22 06:23:36",251.7,2,charley8
9218,16679467,"Ahmed Zedan","2026-08-18 00:28:27",251.5,2,ahmedzedan11
9219,16889340,aryansaini1612,"2026-09-15 04:04:12",251.4,1,aryansaini1612
9220,16712990,shreyaaaaa9,"2026-08-12 16:17:06",251.2,1,shreyaaaaa9
9221,16676501,"[Deleted] cf820879-5b51-45ff-9f0a-1d88833299b5","2026-08-08 08:32:10",251.0,2,kamraanmulani
9222,16809584,"Kinnal Rutu","2026-09-02 15:01:01",250.7,2,kinnalrutu
9223,16759675,TianKitty,"2026-08-27 04:43:06",250.6,1,tiankitty
9224,16790992,"Matthew Knyazev","2026-08-29 17:53:40",250.6,1,matthewknyazev
9225,16633483,"benkerrouche abdelbasset","2026-08-07 16:11:50",250.6,1,bassetkerouche
9226,16723726,"Erika Worrall","2026-08-15 23:09:17",250.3,1,erikaworrall
9227,16663191,"Arnav Anand","2026-08-04 19:53:08",250.1,1,arnavair27
9228,16811014,"Overfit and Chill","2026-09-18 12:41:38",250.0,2,toyeshchakravorty
9229,16794266,"Celestine Preetham Lawrence","2026-09-28 17:52:33",250.0,1,celestiallylvd1
9230,16723583,"varun chindage","2026-09-25 01:13:18",249.5,2,stormy420
9231,16750033,davidw001,"2026-08-20 17:13:07",249.5,1,davidw001
9232,16842088,"Hrithik Reddy","2026-09-07 09:46:01",249.2,1,hrithik22122
9233,16811774,"Eduardo Hoffmann","2026-09-23 22:33:16",249.1,1,hoffmanna
9234,16683970,"Zakhar Homyakov","2026-08-07 11:14:41",249.0,2,zakharhomyakov
9235,16790545,Adnane,"2026-09-01 02:18:09",248.4,2,adnaneel
9236,16654568,Samiksha_Chan1022,"2026-09-20 14:26:32",248.2,2,samikshachan1022
9237,16948529,"Daria Liubarets","2026-09-23 16:33:49",248.1,1,dariisss
9238,16658457,"Uchiha Eren","2026-09-26 14:33:34",248.0,2,lucsanjay
9239,16625775,liubingxin205,"2026-08-15 06:29:40",248.0,2,"hongjuw,liubingxin205"
9240,16687151,harshi101,"2026-08-08 06:32:37",247.9,2,harshi101
9241,16632145,kazuki_kazukazu,"2026-07-31 14:53:13",247.5,1,kazukikazukazu
9242,16656198,N9uy3nPham,"2026-08-06 10:56:04",247.5,2,n9uy3npham
9243,16736084,"Kaishang Zhang","2026-09-02 13:41:28",247.3,2,kaishangzhang
9244,16882350,akacome,"2026-09-12 18:32:37",247.2,1,akacome
9245,16677629,"XIE Jintao","2026-08-06 18:47:28",247.1,2,xiejintao
9246,16831820,"Raihan Saladin","2026-09-12 17:21:34",246.9,2,raihansaladin
9247,16728350,fajarnadeem808,"2026-08-16 13:07:59",246.9,2,fajarnadeem808
9248,16811524,PeiyuQian,"2026-09-11 16:00:55",246.8,2,peiyuqian
9249,16733204,"Sompalli Akhil Kumar","2026-08-18 10:14:08",246.8,2,sompalliakhilkumar
9250,16661587,"Debashis Mohapatra","2026-08-05 09:05:50",246.8,2,debashismohapatra
9251,16677788,DorianCo,"2026-08-06 18:10:06",246.8,2,dorianco
9252,16780106,"Mirangga Jakti","2026-09-09 20:05:22",246.8,2,miranggajakti
9253,16658152,MingSUN007,"2026-08-04 13:46:29",246.7,2,mingsun007
9254,16687574,"Yash Raghuvanshi","2026-08-07 22:09:38",246.7,2,yashraghuvanshi25
9255,16904216,ACCCC114514,"2026-09-28 02:54:43",246.7,1,acccc114514
9256,16677517,justnyoike,"2026-08-10 01:12:56",246.7,2,justnyoike
9257,16689903,wangbohuan,"2026-08-08 09:35:12",246.5,2,wangbohuan
9258,16659374,"[Deleted] 8f7327b9-2576-439b-bd6e-3f5fde366ebe","2026-08-04 10:12:44",246.5,1,del=8b215115eb53cbc1
9259,16756743,"Ismail Alli Adekunle","2026-08-21 22:59:18",246.4,1,ismailalliadekunle
9260,16703295,Yuting,"2026-08-13 20:42:16",245.9,2,yutinghanuxd
9261,16644398,Nurkan123,"2026-08-16 21:20:24",245.8,2,nurkan123
9262,16727383,"Minchul Shin","2026-08-20 07:50:37",245.8,1,nashory
9263,16758007,stoicsatvik,"2026-08-22 12:37:48",245.4,1,stoicsatvik
9264,16713601,"Omar spok","2026-08-19 13:27:13",245.4,2,omarspok
9265,16712979,"Yusuke Tsukuda","2026-08-12 14:58:39",245.3,1,yusuketsukuda
9266,16667700,"Omar Mohammad","2026-08-05 15:52:54",245.3,2,omarmohammadw
9267,16880785,"CHIDANANDA G L","2026-09-12 11:18:48",245.1,2,chidanandagl
9268,16669523,Jackson55171,"2026-08-05 18:21:00",245.1,2,jackson55171
9269,16762167,"Arkoday Roychowdhury","2026-08-24 01:29:19",244.9,2,arkodayroychowdhury
9270,16654318,"Aryan Raj Ayush","2026-08-23 08:34:14",244.9,1,aryanrajayush
9271,16819370,"István Csik","2026-09-03 13:39:36",244.8,2,istvncsik
9272,16657777,"sandeep kumar","2026-08-04 11:41:21",244.8,2,sandeep088
9273,16849556,"Peter Bull","2026-09-08 12:41:45",244.8,2,peterbull
9274,16664157,"Runjie Zhu","2026-08-10 11:49:13",244.7,1,damiendesolei
9275,16737009,"Alexandre Pedrosa","2026-09-03 07:42:20",244.5,1,alexandrepedrosai
9276,16683998,"Mahoraga save me","2026-08-07 22:09:22",244.4,2,yqngyv
9277,16936360,nicapotato,"2026-09-21 13:51:51",244.4,1,nicapotato
9278,16887893,"Sridhar C","2026-09-13 20:12:56",244.2,2,sridharchinnasamy
9279,16806577,ShinYAM1002,"2026-09-06 17:33:20",243.9,1,shinyam1002
9280,16738539,"Sharath S","2026-08-21 05:19:45",243.9,2,akicodes
9281,16755126,"Goosing around","2026-08-21 14:01:59",243.7,2,"annood,davidterkuile"
9282,16684535,Moonlight,"2026-09-07 14:16:17",243.7,2,rajesh1joc
9283,16697712,"Daniel Hebenstreit","2026-09-06 11:53:20",243.7,2,danielhebenstreit
9284,16725288,mustafasadiqi,"2026-08-15 12:26:35",243.2,1,mustafasadiqi
9285,16751488,Klixel,"2026-08-21 03:35:28",243.0,1,klixel
9286,16654853,"Saketh Rao","2026-08-03 21:43:14",242.8,1,sakethrao
9287,16772089,"Ana Riquele","2026-08-26 18:11:38",242.8,2,anariquele
9288,16769754,daguniang,"2026-08-26 00:44:59",242.5,2,daguniang
9289,16841277,"Luis Garza Gonzalez","2026-09-08 05:07:26",242.4,2,luisgarzagonzalez
9290,16635098,"Charvi Upreti","2026-08-15 05:43:59",242.3,1,charviupreti
9291,16667365,"leul dereje","2026-08-08 06:54:54",242.2,2,leuldereje
9292,16733752,Abhi,"2026-08-17 19:34:16",242.0,1,zeroday19
9293,16923722,Coders,"2026-09-26 16:02:31",241.9,1,"dhanalakshmi33,sruthi007,subbanbeeepanagandla"
9294,16696266,"Pandarasamy Arjunan (Samy)","2026-08-09 14:16:03",241.7,1,samy101
9295,16830761,Skarmory,"2026-09-04 13:05:56",241.7,1,syarnorke
9296,16686316,"Ali mohon","2026-08-07 16:16:43",241.5,2,alimohon
9297,16649074,nanato,"2026-08-28 04:27:29",241.4,1,nanato
9298,16939560,"Zhi Quan","2026-09-22 05:35:09",241.3,1,zhiquannn
9299,16672767,"FasterYouChase FasterIRun","2026-08-09 13:15:12",241.2,2,icoguser
9300,16660579,mayank,"2026-08-06 14:41:12",241.0,2,mayank921
9301,16632881,"Brisa Marina","2026-08-07 16:13:15",241.0,1,brisamarina
9302,16821068,"Danila Goncharenko","2026-09-03 15:22:12",241.0,2,danilegovich
9303,16676991,"Jack Hopkins","2026-08-19 19:11:37",240.9,2,jackhopkins
9304,16760903,"Derrick Lace","2026-08-23 04:23:40",240.9,2,derricklace
9305,16741650,"LEGBA Adia Kpèchehoue Pierre Alex ","2026-09-27 12:19:34",240.8,2,alex609b
9306,16665704,"Sreesanth M S","2026-08-05 07:12:05",240.8,1,sreesanthms
9307,16660471,"Obsessed Beings","2026-08-24 16:44:48",240.7,2,"meur99,muhammedsaeed315,obsessedbeing,studentwork01"
9308,16894802,"phus sea","2026-09-15 16:23:01",240.5,2,phussea
9309,16743603,tanmoypal11,"2026-08-19 15:19:36",240.5,1,tanmoypal11
9310,16941661,Parthasaradhy,"2026-09-22 16:02:49",240.5,2,parthasaradhy
9311,16670506,"Juan Andres Bravo Mejia","2026-08-05 21:40:17",240.4,1,juanandresbravomejia
9312,16783872,"Soupau Lev","2026-09-01 09:50:33",240.3,1,olivierauffret
9313,16707228,"Milind Bansal","2026-08-11 11:45:00",240.3,1,milindbansal18
9314,16678647,"Zorawar Singh","2026-08-06 19:55:53",240.3,2,zorawarsingh677
9315,16785789,"Mateus Sousa do Carmo","2026-08-28 21:23:10",240.1,2,mateaadsaf
9316,16689933,"Anjali Shah","2026-08-17 09:30:28",240.0,2,anjalishah0306
9317,16686950,"Kittikhun Pachana","2026-08-08 00:16:11",239.9,2,kittikhunpachana
9318,16657440,Lz7_129,"2026-08-04 15:26:01",239.9,1,lz7129
9319,16673369,Frame,"2026-08-06 07:59:47",239.7,1,rainorwang
9320,16667684,"Tim Neale","2026-08-06 13:01:12",239.4,1,timothyjneale
9321,16929898,"Senadie Damsini Fernando","2026-09-20 10:49:49",239.3,1,senadiefernando
9322,16701143,macneil,"2026-08-14 14:53:54",239.2,2,macneil
9323,16665701,ManuelWick-Eckl,"2026-08-27 16:01:18",239.1,2,manuelw
9324,16659001,"Tim Wanjohi","2026-08-12 11:43:16",239.1,2,timwanjohi
9325,16784952,"Adria Barreto","2026-08-28 16:06:57",239.0,1,adriabarreto
9326,16667063,"Amiksha S","2026-08-09 15:16:49",238.9,1,amikshas
9327,16768453,phicis8911,"2026-09-16 00:41:21",238.6,2,phicis8911
9328,16659280,"yahaya zayyan","2026-08-04 10:51:16",238.6,1,yahayazayyan
9329,16796678,ka,"2026-08-31 16:16:03",238.4,1,kandruszek
9330,16708246,StudyForUse01,"2026-08-11 16:58:19",238.4,1,studyforuse01
9331,16932531,"Ankur Agarwal","2026-09-20 22:56:55",238.4,1,ankur98
9332,16680789,Marouane,"2026-08-15 02:41:18",237.9,2,marouanealahyane
9333,16772388,XiaozhenWu2002,"2026-08-29 16:21:55",237.8,2,xiaozhenwu2002
9334,16672982,"Enes Aytaç","2026-08-14 12:12:24",237.8,2,enesayta
9335,16659387,dharssshiniii,"2026-08-04 09:48:15",237.7,1,dharssshiniii
9336,16639684,Rubel,"2026-08-05 18:49:11",237.7,2,rubel01
9337,16623823,"Julieta Rubis","2026-07-31 04:45:53",237.7,2,julietarubis
9338,16637845,"Hadjmohamd Seif","2026-08-08 21:47:53",237.7,2,hadjmohamdseif
9339,16649650,"Ashish Barnawal","2026-08-11 04:08:04",237.0,1,klein4
9340,16913778,"Ugwushi Chijioke","2026-09-17 12:30:36",236.9,2,ugwushichijioke
9341,16761134,mash3gt,"2026-08-23 06:10:12",236.8,1,shiroguitar
9342,16627717,da_pond,"2026-07-31 08:33:57",236.6,1,dapond
9343,16750526,"Marcel Biezunski","2026-09-05 16:44:52",236.6,1,marcelbiezunski
9344,16654329,"Aby K Prakash","2026-09-17 17:04:51",236.5,1,abykprakash
9345,16920587,"Agnieszka Jabłońska","2026-09-18 14:17:48",236.4,1,agnieszkajaboska
9346,16757098,"Tharun kumar Jaya kumar","2026-08-30 02:29:39",236.4,1,tharunkumarjayakumar
9347,16660450,"prashant prakash","2026-08-08 09:45:36",236.3,2,prashantprakash28
9348,16669756,AlgSaid,"2026-08-05 18:54:07",236.2,1,imabdallah
9349,16864283,"Nguyễn Cường","2026-09-20 11:41:20",236.2,2,nguyncngo
9350,16723467,"Vladas Verkelis","2026-08-15 14:23:42",236.1,1,vlaveris
9351,16662105,PunnatatJAY,"2026-08-04 16:22:50",236.0,1,punnatatjay
9352,16670004,Zinc-Eater,"2026-08-19 22:50:41",236.0,2,zans7331
9353,16659698,"Duy Anh Nguyễn","2026-08-07 10:23:27",235.9,1,duyanhnguyn
9354,16684875,"Amitrakshar Mukherjee","2026-08-07 13:21:32",235.7,2,amitraksharmukherjee
9355,16658783,"Devesh Choudhury","2026-08-07 17:08:33",235.3,2,deveshchoudhury
9356,16818924,"super penguin king","2026-09-03 12:35:44",235.3,1,superpenguinking
9357,16719618,Javierrcs,"2026-08-14 13:16:05",235.3,1,javierrcs
9358,16656692,"kinza aftab 714","2026-08-04 05:43:51",235.1,2,kinzaaftab714
9359,16708480,"Omar M.Moustafa","2026-08-11 18:55:58",235.1,2,omarmmoustafa
9360,16740800,"Shiva Sai","2026-08-19 03:54:27",235.0,1,shivasai846
9361,16663003,devzohaib,"2026-08-04 21:27:30",234.9,1,devzohaib
9362,16657378,doteeee,"2026-08-14 11:43:40",234.7,2,narendra
9363,16687891,qklent,"2026-08-09 19:44:12",234.7,1,qklent
9364,16664863,zzzhhcc,"2026-08-13 06:15:42",234.5,2,zzzhhcc
9365,16665719,"[Armenia] Narek Petrosyan1","2026-08-05 07:49:34",234.4,1,narekpetrosyan1
9366,16762081,VKAUL3,"2026-08-23 12:09:08",234.4,1,vkaul3
9367,16632795,"vishwottam kudekar","2026-08-05 18:19:02",234.3,1,vishwottamkudekar
9368,16655508,bigsea,"2026-08-04 01:31:58",234.2,2,sakamakihiromi
9369,16676003,franck,"2026-08-06 14:59:55",234.1,2,bakura
9370,16711673,losingself,"2026-08-12 09:07:45",233.7,1,level14taken
9371,16695937,Ryckiii,"2026-08-09 13:03:24",233.7,1,ryckiii
9372,16683428,"Darsh Jilka","2026-08-19 09:03:08",233.6,2,darshjilka
9373,16779857,0x74,"2026-09-03 14:03:17",233.5,1,i0x74i
9374,16708091,"Dipak Kumar Samanta","2026-08-11 15:17:04",233.0,1,dipak889
9375,16621290,"Muhammad Ahsan","2026-07-30 17:35:00",232.6,2,ahsanneural
9376,16667691,alexanderctrl,"2026-08-18 10:10:51",232.6,2,alexanderctrl
9377,16856961,"Victor Egbo","2026-09-10 08:38:48",232.6,2,victoregbo
9378,16654067,DataForge,"2026-08-05 10:19:25",232.4,2,"chanduchandini,goriparthiramatulasi,srilakshmipanitini,suryachakradhar"
9379,16660321,syafanidwina,"2026-08-05 00:41:33",232.3,1,syafanidwina
9380,16635610,JeffFosterUK,"2026-08-01 17:16:52",232.1,2,jefffosteruk
9381,16656679,"Sadiqa Bibi","2026-08-27 09:52:29",232.1,2,sadiqabibidata
9382,16778545,Mizunooo,"2026-09-10 10:16:12",231.4,2,mizunooo
9383,16698399,liuzhangzhen,"2026-08-10 09:49:23",231.0,1,liuzhangzhen
9384,16768507,"Dhanush Ballanki","2026-08-25 00:33:27",230.8,1,dhanushballanki
9385,16699790,Aryanpal07,"2026-08-16 12:28:53",230.8,1,aryanpal07
9386,16850036,Sumzali083,"2026-09-07 19:23:11",230.7,1,sumzali083
9387,16785175,SonOfNike,"2026-08-28 17:20:58",230.5,1,sonofnike
9388,16641331,ushi,"2026-08-05 13:33:18",230.4,1,yuki508
9389,16723075,"Cauã Freitas","2026-08-28 17:35:54",230.2,1,cauafreitas
9390,16716407,"Ibrahim Adamu Anka","2026-08-13 09:01:38",230.2,2,ibrahimadamuanka
9391,16653997,"Alekya Valapushetty","2026-08-05 13:52:08",230.1,2,alekyavalapushetty
9392,16817626,"Jaya Singh","2026-09-15 13:30:37",229.6,2,jayasingh12
9393,16845903,"Tsubasa Hizono","2026-09-07 05:47:46",228.9,2,tsubasahizono
9394,16666574,"hrishit prakash","2026-08-05 13:26:37",228.6,2,hrishitprakash
9395,16666512,RexHuang936,"2026-08-07 08:51:41",228.6,2,rexhuang936
9396,16691322,"Anita rai98765","2026-08-16 19:05:43",228.6,2,anitarai98765
9397,16948546,MostatabiZahra,"2026-09-25 11:30:56",228.6,1,mostatabizahra
9398,16623099,"Bovard Doerschuk-Tiberi","2026-07-30 21:04:23",228.2,1,bovard
9399,16689364,"Udbhav Purwar","2026-08-11 10:12:00",228.1,1,udbhavpurwar
9400,16681959,"shun takinami","2026-08-07 05:43:47",227.7,1,shuntakinami
9401,16942668,"Levreau Camille ","2026-09-28 12:35:00",227.2,2,"dechant,levreaucamille"
9402,16655159,"Marcel Relaford","2026-08-13 01:26:26",227.2,1,marcelrelaford
9403,16895750,"charles Ndemo","2026-09-23 23:20:39",227.1,2,charlesndemo
9404,16653319,"Md. Rasel Meya","2026-08-06 14:42:18",226.8,2,raselmeya
9405,16758090,"JOYMIE TALICUAD","2026-08-22 10:07:40",226.6,1,joymietalicuad
9406,16666553,DevChheda26,"2026-08-05 09:53:22",226.4,1,devchheda26
9407,16790137,sinchir0,"2026-08-30 12:52:05",226.4,1,sinchir0
9408,16675104,"khwaja Moula'Ali","2026-08-06 11:30:49",226.3,1,khwajamoulaali
9409,16668654,"Zharkyn Makhanbet","2026-08-10 18:28:08",226.1,1,imadparadoxi
9410,16771048,"Aditya Pawar","2026-08-25 16:55:04",226.1,1,aditya22102001
9411,16653941,"Sachin Kumar Kushwaha","2026-08-11 08:45:11",226.1,2,sachinkumarkushwaha
9412,16691583,Caleb,"2026-08-09 14:32:52",226.0,2,collev
9413,16795353,BlurreA,"2026-08-31 06:42:30",226.0,1,blurrea
9414,16655813,minerppdy,"2026-08-04 06:06:58",225.9,1,minerppdy
9415,16739908,"Asfam Parvez Kawser","2026-09-10 09:42:54",225.7,2,asfamparvezkawser
9416,16680521,"Luis Enrique Dalmau","2026-09-04 09:45:18",225.4,2,luisenriquedalmau
9417,16947253,"Chen Kuan-Chin","2026-09-23 22:10:38",225.1,2,chenkuanchin
9418,16809006,Ilya,"2026-09-02 13:23:05",224.9,1,zhukov
9419,16667550,"Oseni Sakariyau Oluwadamilare ","2026-08-23 10:05:56",224.5,2,sakabambam
9420,16685128,"Rohan Hake","2026-08-10 12:48:36",224.5,2,rohanhake
9421,16744221,Dizzy1829,"2026-08-29 04:15:48",223.9,1,dizzy1829
9422,16668024,"Igor Burkov","2026-08-07 04:35:37",223.8,2,igorburkov
9423,16659900,"Abu Bakr","2026-08-04 18:30:29",223.8,2,mohamed32010
9424,16671302,"Pratish Chaudhary","2026-08-10 00:35:01",223.7,1,pratishchaudhary
9425,16728152,"Kenji Tai","2026-08-16 18:27:33",223.6,2,kenjitai
9426,16707519,"Pradnya Khanse","2026-08-11 12:52:07",223.6,1,pradnyakhanse
9427,16678355,"Tanuj Saxena","2026-08-07 10:10:24",223.5,2,tanujsaxena
9428,16767173,AgriNexus,"2026-09-12 12:58:54",223.5,2,rashmirajput0102
9429,16785434,"[Deleted] 044034de-be4c-465c-ad6d-a40fcc0bf77c","2026-08-28 18:05:21",223.3,1,del=78dbd787081be305
9430,16805585,"Hrishikesh Dhuri","2026-09-28 05:44:45",223.2,2,hrishikeshdhuri19
9431,16861601,aliksey,"2026-09-11 17:22:46",223.1,2,aliksey
9432,16760920,"Román Eliezer Pérez Ríos","2026-08-31 18:07:43",223.1,2,perezrios
9433,16663066,"Mithun Kore","2026-08-29 19:18:28",223.0,1,mithunkore
9434,16662048,"Deekshitha Prabhakar","2026-08-06 18:15:45",222.7,2,deekshithaprabhakar
9435,16645300,szyulian,"2026-08-04 04:42:36",222.7,1,szyulian
9436,16774202,Wrs,"2026-08-26 09:21:40",222.1,1,wrsarch
9437,16782525,"Ashish Mittal","2026-08-28 05:27:46",221.6,2,ashish1502g
9438,16658761,!Aman212,"2026-08-04 12:10:28",221.5,2,aman9142424
9439,16654314,Mahamudul_Hassan_8012,"2026-08-03 18:33:07",221.5,2,mahamudulhassan8012
9440,16725615,carside,"2026-08-29 04:49:31",221.0,1,carside118
9441,16644210,"حسنين ساجد","2026-08-07 22:08:44",220.0,2,kutghngf98687er
9442,16903922,"Lim Ba Su","2026-09-20 04:22:33",219.7,2,limbasu
9443,16762459,GNR_network,"2026-08-23 13:59:19",219.0,1,gnrnetwork
9444,16658383,"SIVA S","2026-09-28 06:45:29",218.9,2,codingmaster24
9445,16684891,SARTHAK,"2026-08-14 19:07:26",218.5,1,s4rth4k01
9446,16658644,"Hitarth Pandey","2026-08-09 03:04:42",218.4,1,hitarthpandey
9447,16684908,"Nidal Saleh","2026-08-08 14:08:20",218.1,2,nidalsaleh
9448,16655786,leavts,"2026-08-04 02:35:50",218.1,1,leavts
9449,16729884,"Chaimaa Matrag","2026-09-05 19:51:34",217.9,2,chaimaamatrag
9450,16798369,"Olabode James","2026-09-01 20:40:53",217.3,1,olabodejames
9451,16656633,N25H03A1028,"2026-08-05 05:18:45",217.2,1,pardhusadhu
9452,16656900,Hxrsh09,"2026-08-10 14:39:46",217.1,2,hxrsh09
9453,16682051,"Noorjahan Siddiqui","2026-08-10 09:33:35",216.9,2,noorjahansiddiqui
9454,16659572,"ABHILASH PRAHARAJ","2026-08-04 11:24:21",216.9,1,abhilashpraharaj
9455,16942073,nagissan,"2026-09-22 14:10:52",216.8,2,nagissan
9456,16661231,"R Ajay Kumar12","2026-08-04 14:12:11",215.8,1,rajaykumar12
9457,16725537,"Ayan Bashir Sheikh","2026-08-15 18:02:07",215.5,2,ayanbashirsheikh
9458,16690494,StevenBeyen,"2026-08-13 07:55:32",215.5,2,beyensteven
9459,16658311,zkskhurram,"2026-08-05 07:59:40",215.4,2,zkskhurram
9460,16708194,"Amulya Kypa","2026-09-26 17:46:28",215.2,2,"aakankshakota,amulyakypa,gvvinaykrishna"
9461,16660291,"Abhijit Rajkumar","2026-08-04 13:27:44",215.0,2,abhijitrajkumar
9462,16658567,"Sharif Mohamed (1)","2026-08-04 13:16:47",214.7,1,sharifmohamed1
9463,16659910,"Shraddha Kumbhar","2026-08-07 09:55:58",214.5,2,raj113
9464,16735735,Rishabh@1304,"2026-09-12 10:08:51",214.5,2,rishabh1304
9465,16724325,Melancholian,"2026-08-15 06:43:12",214.4,1,kasaneru
9466,16668506,"Louie Tang","2026-08-08 06:56:52",214.3,2,louietang
9467,16660309,"Hazem Mahmoud Elsayd","2026-08-04 16:34:31",214.0,2,hazemmahmoudelsaid
9468,16659703,"Ananya #2","2026-08-04 12:00:26",214.0,1,ananyax8
9469,16633342,farm75,"2026-08-03 14:03:14",213.9,2,sakthi75
9470,16698886,pied_piper,"2026-08-10 14:11:15",213.7,2,ahanhalder
9471,16915181,snesne123,"2026-09-25 07:14:21",213.5,1,snesne123
9472,16921430,"Vaibhav Nhayade","2026-09-20 06:49:01",213.2,1,nhayadevaibhav
9473,16668379,dccgps,"2026-08-08 05:44:36",213.1,1,dccgps
9474,16662603,"Shem Gikunda","2026-08-06 17:24:48",213.0,1,shemgikunda
9475,16687337,"sravani kamjula","2026-08-07 19:38:39",212.9,2,sravanikamjula
9476,16655292,"Ingrid Fellah","2026-08-04 06:31:35",212.8,2,ingvor
9477,16698987,"Shree Ashok L","2026-09-01 05:16:16",212.7,2,"praneelbaskar,rishivarathan,santhoshkumarp24,shreeashok72"
9478,16665264,Andyxie2050,"2026-09-25 00:58:20",212.4,2,andyxie2050
9479,16655762,"Idrisse Moundhir","2026-09-05 08:21:45",212.1,1,idrissemoundhir
9480,16714263,Lmfm24,"2026-08-12 20:38:01",212.1,2,lmfm24
9481,16928100,babakara,"2026-09-24 08:37:28",212.0,2,babakara
9482,16748882,gsv,"2026-08-20 16:13:45",211.8,1,ram1o1
9483,16690286,imunderthetree,"2026-08-08 12:25:51",211.5,2,imunderthetree
9484,16811685,benhur0905,"2026-09-25 23:59:07",211.4,2,benhur0905
9485,16773358,yogeshgoudapatil,"2026-08-27 14:59:13",211.3,2,yogeshgoudapatil
9486,16891082,"surya prakash Nayak2","2026-09-14 10:56:23",211.2,1,suryaprakashnayak2
9487,16624000,Leneen,"2026-08-31 16:02:47",211.1,1,leneen
9488,16723404,"Mahdi Al Hajji","2026-08-20 02:13:12",211.0,2,mhh1430hacker
9489,16666027,CropBOTS,"2026-08-13 16:12:42",210.6,2,"anshultickoo,itsmepooja,manuakumar,sapnajain115"
9490,16937822,"Ehab Ibrahim Khalil Mohamed","2026-09-21 17:58:38",210.3,1,ehabkhalil0
9491,16794720,"paola hernandez55","2026-08-31 04:19:31",210.3,1,paolahernandez55
9492,16867344,"shayan yadegaridehkordi","2026-09-12 17:05:44",210.3,1,shayanyadegari32
9493,16918569,"Ashee Softworks","2026-09-18 05:59:35",210.3,1,asheesoftworks
9494,16666383,"Sindhi Vishal","2026-08-14 10:46:32",210.2,2,sindhivishal
9495,16748554,"victor lucas","2026-09-28 17:29:00",209.9,2,lucsxd
9496,16623274,Mhmda81,"2026-08-03 00:10:04",208.8,2,mhmda81
9497,16700832,Blitz,"2026-08-10 11:37:18",208.7,1,premshinde
9498,16871895,"Sahil Raval","2026-09-15 10:57:48",208.5,1,sahilraval1311
9499,16885883,"Stepan Kobaidze","2026-09-16 18:12:28",208.3,2,stepankobaidze
9500,16777986,小雨姑娘,"2026-08-27 21:51:19",208.2,2,skewcy
9501,16639692,"Nirmal Patel","2026-08-06 03:05:27",208.1,2,nirmalpatel02
9502,16731838,"zhexun Liu","2026-09-20 01:03:46",207.8,2,zhexunliu
9503,16675428,"Farhan Khairullah","2026-08-09 16:22:00",207.8,2,farhankhairullah06
9504,16750285,LeEmperor,"2026-08-22 04:36:18",207.7,2,leemperor
9505,16661810,AGNES33,"2026-08-16 19:09:18",207.4,2,agnes33
9506,16784360,"Suraj Kumar","2026-09-08 10:20:42",207.4,2,suraj99km
9507,16666414,salyamq,"2026-08-05 16:41:38",207.3,1,salyamq
9508,16780411,K.Satwik,"2026-08-27 16:23:04",207.0,2,ksatwik3220
9509,16655482,Apoorv007,"2026-08-04 01:55:41",207.0,1,apoorv007
9510,16656287,sandip_shaw123,"2026-08-05 10:02:07",206.9,1,sandipshaw123
9511,16675956,"Hassan Alghamoudi","2026-08-10 02:36:36",206.3,2,hassanabdulhafid
9512,16716386,"Dev Marya","2026-08-13 09:26:18",206.1,1,devmarya
9513,16841294,"Annu Rana1","2026-09-09 18:12:34",206.0,1,annurana1
9514,16749225,"Hisyam Prasetyo","2026-08-27 11:26:07",205.8,2,hisyamprasetyo
9515,16659283,"DILEEP POTHULA","2026-08-08 06:43:15",205.5,2,dileeppothula
9516,16877079,"Saptak Banerjee","2026-09-11 19:09:58",205.5,1,saptakbanerjee123
9517,16860921,jayjayfff,"2026-09-10 01:25:36",205.1,2,jayjayfff
9518,16915627,"Yash Pratap Singh","2026-09-17 14:59:02",204.6,1,yashpratapsingh10
9519,16732342,"Viktor Antonov","2026-08-18 10:22:32",204.4,1,viktorantonov
9520,16906790,"Jean-Luc Hayes","2026-09-21 10:21:36",204.2,1,kingjuc
9521,16663448,"Adel I.","2026-08-07 12:55:44",203.8,2,adelid
9522,16660930,"Chung Ching Yeh","2026-08-04 14:44:34",203.7,2,chungchingyeh
9523,16773557,"Rudra kalyan","2026-08-26 09:08:54",203.6,2,rk1144
9524,16745293,Harvey,"2026-08-22 04:20:10",203.5,2,celestia0113
9525,16859770,"Praful Tiwari1","2026-09-14 10:37:58",203.1,1,prafultiwari1
9526,16654482,SarahShams,"2026-08-14 16:36:06",202.9,2,sarahshams
9527,16892144,"Ruichen Yin","2026-09-17 16:10:38",202.9,2,superaier
9528,16697020,"Hossam elden Mohamed","2026-08-15 01:13:51",202.5,2,hossameldenmohamed
9529,16623846,"masatoshi hiraki","2026-07-31 07:52:39",202.5,2,masatoshihiraki
9530,16778813,ShotDownInMay,"2026-09-27 07:37:25",202.3,1,shotdowninmay
9531,16639615,rickzai,"2026-09-01 05:37:21",202.0,2,rickzai
9532,16762162,"Shota Hirao","2026-08-23 12:34:05",201.9,1,shotahirao
9533,16660749,"PavanK Saketh","2026-08-04 13:38:48",201.8,2,pavanksaketh
9534,16672284,"Dhruv | AI/ML Engineer in Progress","2026-08-07 06:55:13",201.5,1,dhruvdipakchudasama
9535,16710929,"Pooja Divekar","2026-08-16 08:22:48",201.3,1,poojadivekar123
9536,16663525,"Eric Hilary Smith","2026-09-22 16:36:18",201.0,2,erichilarysmith
9537,16674093,"Hoàng Trần Đặng Minh","2026-08-06 08:54:38",200.9,1,hongtrnngminh
9538,16664315,happy_boy_2007,"2026-08-12 09:04:40",200.3,1,happyboy2007
9539,16866478,aktk,"2026-09-10 16:43:56",200.2,2,aniltk
9540,16636540,"Burkova Nastia","2026-08-01 13:34:02",200.2,2,"burkovanastia,ellvalerie"
9541,16706557,"Nurullah Gundogdu","2026-08-11 17:52:07",200.1,2,nurullahgundogdu
9542,16676992,NIDHIHEER01,"2026-08-16 17:09:00",199.9,1,nidhiheer01
9543,16743329,"Daniel Obioma emenike","2026-09-11 12:32:22",199.7,2,danielobiomaemenike
9544,16717586,wangjialu2333,"2026-08-15 09:29:36",199.3,1,wangjialu2333
9545,16656196,"Vishwash Golakiya","2026-08-27 01:07:00",199.3,1,vishwashgolakiya
9546,16692652,"Harsith R","2026-08-08 20:26:56",198.8,1,chiefofpredicitions
9547,16949878,ZaitsevOleksandr,"2026-09-24 13:31:25",198.3,1,zaitsevoleksandr
9548,16681610,"team maccy","2026-08-07 20:27:06",198.2,1,robertgama
9549,16889852,"Abdikaliq osman","2026-09-16 00:48:05",198.1,2,abdikaliqosman
9550,16663658,oriolgalceran,"2026-09-16 05:10:58",198.0,2,oriolgalceran
9551,16668032,pat999,"2026-08-08 08:30:58",197.9,2,pat999
9552,16897297,益田幸太,"2026-09-28 14:02:30",197.8,1,kotamasuda1010
9553,16831130,"Khushar Pal","2026-09-06 15:21:15",197.4,2,khusharpal
9554,16670747,"Aryan Kumar Chaudhary","2026-08-11 22:46:05",197.2,2,"aryankumarchaudhary,rakshitmundra"
9555,16632724,"Sayan Dutta","2026-08-04 07:47:42",197.1,1,sayan1507
9556,16711840,OverfitMilkCake,"2026-08-13 06:36:21",197.0,1,overfitmilkcake
9557,16858512,lkjmo123,"2026-09-09 06:45:18",195.9,1,lkjmo123
9558,16657525,"Alae Lakhdar","2026-08-05 08:10:49",195.9,1,alaelakhdar
9559,16769069,"HAL's Kaggle Dojo","2026-09-23 12:07:37",195.8,1,kafein
9560,16798447,"Sage Harley","2026-09-26 05:14:06",195.7,1,sageharley
9561,16700992,Abhishek_1355,"2026-08-25 09:17:08",195.2,1,abhishek1355
9562,16717555,"Mariem GLIOUEZ","2026-09-10 15:21:07",195.2,1,mariemgliouez
9563,16898240,jimmy5566,"2026-09-15 17:41:24",195.0,1,jimmy5566
9564,16669473,"William Bickelmann","2026-08-05 17:47:13",194.9,1,williambickelmann
9565,16653906,swaroop41,"2026-08-04 05:53:29",194.4,2,swaroop41
9566,16769470,HaHHYbYY,"2026-08-26 07:52:33",193.6,1,hahhybyy
9567,16751141,DeadJed,"2026-08-26 11:10:40",193.6,2,deadjed
9568,16948144,"Muhammad Ali Amir","2026-09-23 15:36:25",193.5,1,malialice
9569,16663438,"Varun Prajapati","2026-08-08 21:54:54",193.0,2,"krunalasari,varun2206"
9570,16701138,superpig,"2026-08-19 09:43:31",192.6,1,geniussuperpig
9571,16671342,"Danh Nguyen 1303","2026-08-09 14:47:52",192.5,1,danhnguyen1303
9572,16889817,"Om Patelxyz","2026-09-14 07:04:40",192.3,2,ompatelxyz
9573,16685568,Secertive,"2026-08-08 17:59:52",192.2,1,secretiveplotter1863
9574,16760392,Владимир,"2026-08-23 00:19:23",192.0,1,vgkuvshinov
9575,16684237,Zen_0910,"2026-08-07 17:07:02",191.9,1,zendeptrai
9576,16663910,"Shivram Nekkanti","2026-08-07 14:38:04",191.8,1,shivramnekkanti
9577,16663333,"Iago Moura e Moreira","2026-08-04 20:05:06",191.7,1,iagomouraemoreira
9578,16744461,"Adiratna Kamble","2026-08-21 22:05:13",191.7,1,adiratnakamble
9579,16668438,"Sahil Suman","2026-08-16 17:09:20",191.6,1,sahilmanavraunak
9580,16663913,"Aanaa Kaliil","2026-08-05 15:15:31",191.2,2,aanaakaliil
9581,16652159,Boson328,"2026-08-04 10:06:13",191.1,1,boson328
9582,16890196,hello518123,"2026-09-14 08:51:52",191.1,1,hello518123
9583,16654244,"Saad Nanawala","2026-08-03 18:17:33",190.7,1,saadnanawala
9584,16661969,"Raja T","2026-09-28 02:47:28",190.6,2,rajathiagaraj
9585,16885565,"Shiva Rupan S","2026-09-13 11:19:14",190.2,1,shivarupan20me
9586,16662353,"LAYAL ALNASHMI","2026-09-12 11:37:55",190.2,2,waitups
9587,16895191,"Oluwatobi Ojekanmi","2026-09-16 12:53:27",190.1,2,oluwatobiojekanmi
9588,16669346,"Jalpesh Vasa","2026-09-24 19:02:56",189.9,2,"deep1812,jalpeshvasa"
9589,16826118,shishuyang11,"2026-09-04 06:50:04",189.6,1,shishuyang11
9590,16840168,"gratefully dumb","2026-09-23 03:01:31",189.1,2,gratefullydumb
9591,16744545,"Aditya Kumar Singh 013","2026-08-19 18:45:42",188.9,1,adityakumarsingh013
9592,16623131,"Liam Carrig Newsam","2026-08-04 00:00:03",188.7,1,liamcarrignewsam
9593,16736759,"Lavesh Kadam","2026-08-18 10:55:05",188.4,1,laveshk314
9594,16679470,"GamaL Mahmoud","2026-08-08 13:33:52",187.4,2,gamalmahmoudtaha
9595,16869551,"Adrien ple","2026-09-11 12:48:34",187.4,2,adrienple
9596,16644360,Mathous,"2026-08-02 20:28:00",187.3,1,mathisdac
9597,16661689,"David Rao","2026-08-04 18:27:01",187.2,1,davidrao63
9598,16654256,"KONGARA PRASANTH","2026-08-04 03:40:27",186.5,2,prasanth2008
9599,16727681,JanV123,"2026-09-06 05:37:07",186.4,2,janv123
9600,16688190,"Win M","2026-08-08 00:28:18",186.4,1,winmet
9601,16696952,tronxz8,"2026-09-09 13:51:31",186.1,1,tronxz8
9602,16677786,"[Deleted] aec7dc1f-59cb-486f-998a-d2407e297536","2026-08-26 13:39:08",186.0,2,del=0fde9ba2630fee3c
9603,16662108,nhkien,"2026-08-05 06:52:18",185.6,2,nhkien
9604,16881244,"Atharva Govind Salunke","2026-09-18 17:50:01",185.4,2,atharvagovindsalunke
9605,16863892,brunoarpa,"2026-09-10 02:43:09",185.3,1,brunoarpa
9606,16741239,"fjf 1asd","2026-08-19 08:46:31",185.2,1,fjf1asd
9607,16654827,"ADITYA KUMAR MISHRA","2026-08-03 20:07:22",185.2,1,aditya1kumarmishra
9608,16891711,"Michael Odoemelam1","2026-09-21 21:38:22",184.8,1,michaelodoemelam1
9609,16922154,"Olaoluwa Osho","2026-09-20 21:35:07",184.5,2,olaoluwaosho
9610,16702060,Mcusac,"2026-08-13 19:42:54",184.2,1,mcusac
9611,16682689,HenryRichardson1,"2026-08-07 10:00:12",184.2,1,henryrichardson1
9612,16687514,Dark_1926,"2026-08-07 20:30:33",183.8,1,dark1926
9613,16728249,"Ahmet Kiraz","2026-08-17 07:23:30",183.5,1,ahmetqiraz
9614,16661252,"Andrzej Walczak","2026-08-05 09:46:19",182.8,2,andrzej1983
9615,16823341,"Agnieszka Sobala","2026-09-03 20:15:55",182.8,1,agnieszkasobala
9616,16945119,Logicolist,"2026-09-23 13:03:16",181.8,1,logicolist
9617,16723262,"Tiago OliveiraLL","2026-08-28 18:22:12",181.4,1,tiagooliveirall
9618,16912044,"[Deleted] 0b2c3d58-9494-483e-ad4c-1465b66166ca","2026-09-17 08:46:46",181.0,2,del=2e39a6893da554dc
9619,16639465,"Gabriel Aguiar Leao","2026-08-02 00:23:49",180.8,1,"gabrielaguiarleao,marcositta"
9620,16712395,"Zuohong Pan","2026-08-12 12:15:40",180.6,1,pshuaibi
9621,16669060,Twansss,"2026-08-15 04:37:59",180.4,2,twansss
9622,16915882,BandaruLakshmi1234,"2026-09-17 16:50:15",180.4,1,bandarulakshmi1234
9623,16665463,Seendon,"2026-08-06 19:19:25",179.8,2,informationminer
9624,16889278,"Ari Kurniawan92","2026-09-14 08:32:53",179.7,1,arikurniawan92
9625,16697628,"Yash Sharma","2026-08-17 15:33:32",179.5,2,yashsharma42
9626,16679713,"John william Vicente 🇧🇷","2026-08-07 00:38:57",178.9,1,chrollo079
9627,16651507,jappanini,"2026-08-03 09:14:04",178.8,1,jappanini
9628,16656771,"thushara bandara","2026-08-07 04:13:43",178.4,2,dushyanthibandara
9629,16657628,Hamo,"2026-08-07 12:00:21",178.4,2,mohamed2223
9630,16625043,"Ivan Litvak","2026-09-16 16:36:06",177.9,2,trydotatwo
9631,16633003,"K Mukhiya ","2026-08-01 12:09:51",177.6,2,kmukhiya
9632,16838890,"Yisher Xia","2026-09-05 16:09:13",176.3,1,yisherxia
9633,16791131,"Maria Carolina BRAY","2026-09-28 15:08:25",176.2,2,mariacarolinabray
9634,16734896,pattikamo,"2026-08-27 10:52:28",175.6,2,pattikamo
9635,16887039,"Angella Semu","2026-09-21 15:26:56",175.6,2,angellasemu
9636,16661494,"Arulmaniyan Rajavel","2026-08-22 13:46:58",175.5,2,arulmaniyanrajavel
9637,16752120,"Görkem Tuğ","2026-08-24 10:45:35",175.5,2,grkemtu
9638,16690195,"Manshi Shukla","2026-08-08 10:12:24",175.2,2,manshishukla
9639,16709957,"Lei Gao","2026-08-12 04:03:42",175.1,1,leigao31
9640,16700771,"Disuru Coba Ama Jaki","2026-09-20 16:44:11",174.7,2,reiiihel
9641,16843225,"Tobenna Okeke","2026-09-06 12:09:22",173.7,2,tobezzi
9642,16807557,coolz,"2026-09-09 06:35:51",173.4,2,cooolz
9643,16759205,MartinaF95,"2026-09-22 12:55:32",172.5,1,martinaf95
9644,16769114,angayoung,"2026-08-25 07:22:00",172.3,1,joaga0603
9645,16723065,"Kaio Castro","2026-09-25 14:32:09",171.7,2,kaiocastro
9646,16773333,"Abdullah javed Javed","2026-09-05 03:13:57",171.6,2,abdullahjavedjaved
9647,16793648,Sarda___,"2026-08-30 16:51:21",171.4,2,brainnotfound3
9648,16674774,"Dine ALASSANE","2026-08-07 05:53:28",171.3,2,dinealassane
9649,16936959,"Anthony Moorehead","2026-09-21 14:56:40",170.6,1,anthonymoorehead
9650,16640914,inconnu,"2026-09-17 12:01:07",169.4,2,kajarnaklokossou
9651,16666037,"Matheus Marques","2026-08-06 06:03:28",169.2,2,mathmarquesbr
9652,16662933,"Marcelo Pereira","2026-08-19 01:14:40",168.9,2,marcekkusrp
9653,16667238,"Srija ganguluri","2026-08-07 10:14:48",168.8,1,srijaganguluri
9654,16706134,NK11FC,"2026-08-25 11:30:00",168.3,2,nk11fc
9655,16715354,"Alyssa Clark","2026-08-14 02:52:26",167.7,2,a1yssaclark
9656,16653462,"Ruchi Scott","2026-08-12 12:19:19",167.1,2,ruchiscott
9657,16664586,"Owen Lim","2026-08-05 05:42:25",167.0,2,owenlim45
9658,16769419,dylanaki,"2026-09-23 14:48:32",167.0,2,dylanaki
9659,16658635,"Deepak Kumar ","2026-08-05 02:38:29",166.5,2,deepak2026ml
9660,16630041,"Devi prashad tripathi","2026-08-03 17:56:58",166.2,1,deviprashadtripathi
9661,16680858,"Harshul Gupta","2026-08-21 04:40:05",166.0,2,harshulgupta77
9662,16793392,"reda elkrouchni","2026-09-02 16:16:05",165.9,2,redaelkrouchni2
9663,16668048,"Gazi Sayem Uddin Samir","2026-08-05 14:29:51",165.8,2,gazisayemuddinsamir
9664,16756887,"Rushika S","2026-09-13 12:26:14",164.8,1,rushikas
9665,16660285,"Sawan Kohli","2026-08-06 13:11:44",164.7,2,sawankohli
9666,16656954,"Marwan Elmetwally","2026-08-04 05:56:29",163.8,2,marwanelmetwally
9667,16693318,meow3301,"2026-08-09 02:33:34",163.8,2,meow3301
9668,16660146,4Solver,"2026-08-08 02:06:19",163.7,2,msfbiolinhares
9669,16795043,"SONU RAUT","2026-09-05 11:51:59",163.6,2,sonuraut
9670,16886819,"Rebecca Shirievo","2026-09-16 17:29:07",163.2,2,rebeccashirievo
9671,16698307,AnasAl7,"2026-08-10 13:08:08",163.0,2,anasal7
9672,16780986,Azizbek,"2026-09-01 14:26:45",163.0,2,miracle88
9673,16658440,"Gloria Lourelynn S","2026-08-04 15:16:09",162.8,1,glorialourelynn
9674,16660978,"Maksym Khavil","2026-08-04 13:43:48",162.1,1,maksymkhavil
9675,16701106,moshito,"2026-08-10 14:13:58",162.1,2,"danamaulana123,moshito,naufaldhiaulhaq01"
9676,16713002,"Adithya M","2026-08-13 15:42:17",162.0,2,adithya3907
9677,16662269,"KAMLESH KUMAR POKHARNA","2026-08-06 17:25:51",161.7,2,kamleshkumarpokharna
9678,16864193,"[Deleted] b3063c6b-024a-4ece-902e-6edde232fe9f","2026-09-10 06:27:50",161.6,2,del=d26e59586a26ce18
9679,16851731,"Amar 5454","2026-09-14 10:28:42",161.5,2,amar5454
9680,16768568,Nour102006,"2026-08-27 04:46:00",161.5,2,nour102006
9681,16641277,Zenieverse,"2026-08-30 05:09:04",161.4,2,zenieverse
9682,16658969,"Yuri Maslov","2026-08-04 10:11:45",161.3,1,yurimaslov
9683,16802348,Shergill_17,"2026-09-01 11:17:15",161.1,2,shergill17
9684,16881320,allen17179869184,"2026-09-19 13:17:49",161.0,2,allen17179869184
9685,16677328,"Eng. Husnain","2026-08-08 13:13:23",160.9,2,enghusnain
9686,16629441,Sofia_Gilka,"2026-09-18 14:41:35",160.8,2,sofiagilka
9687,16657578,raushancoursework,"2026-08-05 06:54:51",160.8,1,raushancoursework
9688,16662630,"M.mohamed Muhasir","2026-08-05 18:25:39",160.8,2,mmohamedmuhasir
9689,16752481,"Thanh Toan","2026-08-21 08:33:13",160.7,2,tonnglthnh
9690,16697466,"hunain shahid","2026-08-11 06:12:38",160.2,2,hunainshahid230
9691,16685093,"Huzaifa Inam","2026-08-07 13:47:15",160.1,2,huzaifainam
9692,16730745,"Aymerou Yaya Koné","2026-09-27 12:04:03",160.0,2,aymerouyayakon
9693,16692568,"Muhammed Gulfam Toor","2026-08-13 19:04:32",159.8,2,gultoor
9694,16681056,"Aryan Jhingan","2026-08-11 18:53:48",159.5,2,aryanjhingan
9695,16730380,"FOKRUL ISLAM LECTURER","2026-08-19 01:56:28",159.3,2,fokrulislamlecturer
9696,16756344,"Pasindu Perera","2026-08-21 19:21:11",159.0,1,amavinperera
9697,16712562,"Sagar Singh","2026-08-17 09:28:26",158.8,2,acrejzz
9698,16861721,"SJ Gamsyy","2026-09-11 09:40:23",158.7,2,sjgamsyy
9699,16669142,"Jaclyn Agee","2026-08-07 15:21:06",158.7,2,jaclynagee
9700,16686902,"Aaditya Jain","2026-09-14 06:22:21",158.6,2,aadityajain2312
9701,16658189,"Zale John","2026-08-26 00:48:24",158.4,2,zalejohn
9702,16690188,Anurag,"2026-08-08 10:20:42",158.4,2,kumaranu2007
9703,16714589,xinsu9898,"2026-08-16 22:26:49",158.2,1,xinsu9898
9704,16662803,"Ashish Gawade","2026-08-04 19:11:19",158.1,2,ashishgawade
9705,16807010,cjsrudals,"2026-09-13 08:33:47",157.8,2,cjsrudals
9706,16722089,"Saidjon Ramazonov","2026-08-16 05:51:50",157.7,2,saidjonramazonov
9707,16725990,"Parth Tomar","2026-08-24 12:35:45",157.7,2,parthtomar193
9708,16658693,leehuilong,"2026-08-06 12:49:22",157.3,2,leehuilong
9709,16893966,"Nguyễn Thái Duy","2026-09-15 08:12:14",157.2,1,nguyenthaiduytgu
9710,16657227,"Anusha Marla","2026-08-04 07:05:53",157.0,2,anushamarla
9711,16677081,"Brandon Gaston","2026-08-12 23:49:58",156.9,1,mushmon
9712,16662557,"Naman Sudershan","2026-08-05 13:21:08",156.9,2,namansudershan
9713,16635248,eosphor,"2026-08-01 09:46:59",156.9,2,eosphor
9714,16785085,"THEEPAN S.S","2026-08-28 16:35:39",156.8,2,theepanss
9715,16724995,dice1494,"2026-08-16 08:51:34",156.7,1,dice1494
9716,16657306,"Krunal Chavda","2026-08-07 21:38:11",156.5,2,krunalchavda21
9717,16718139,"shah jatin","2026-09-27 12:21:21",156.3,2,shahjatin
9718,16913975,"Tom Dooley","2026-09-17 11:48:20",156.1,2,tomdooley123
9719,16712568,"Tanvi Dobariya","2026-08-14 17:39:52",155.7,1,tanvidobariya
9720,16634761,"CHARHBILI Moad","2026-08-07 13:44:23",155.5,1,charhbilimoad
9721,16670777,"Aman Yitbark","2026-08-13 05:43:27",155.3,1,amanyitbark
9722,16855448,MaryKEREN,"2026-09-25 16:00:05",155.2,1,marykeren
9723,16756868,"Anisha Maurya","2026-09-05 19:29:41",155.1,2,anishamaurya
9724,16907555,"Pandidurai E","2026-09-17 16:08:13",155.0,2,pandiduraie
9725,16757671,xxxxc47,"2026-08-22 08:25:52",154.6,1,xxxxc47
9726,16705360,Elahi,"2026-08-18 05:49:00",154.5,2,mmelahi
9727,16668018,"DAVID CHEW HL","2026-08-06 06:36:34",154.4,2,davidchewhl
9728,16657344,"Ombayo fredrick","2026-08-04 14:04:04",154.3,2,ombayofredrick
9729,16671827,"Shourya Gupta","2026-09-25 16:16:36",154.2,2,siriuspotter
9730,16658362,MHaurel,"2026-08-09 15:32:45",154.2,1,hetax17
9731,16763714,"shiv #2","2026-09-28 02:26:20",154.1,2,shivkumarr
9732,16656164,"Justin Schomer","2026-08-09 09:05:59",154.1,2,fathersecurity
9733,16686834,Kaabbil,"2026-08-09 16:14:49",154.0,2,"dr3aking,kaabbil"
9734,16729148,"Marco M","2026-08-16 22:51:36",154.0,1,marcoms1000
9735,16665223,"Sawon Mitra","2026-09-06 17:13:28",154.0,2,sawonmitra
9736,16640468,"Sohangkumar Patel","2026-08-26 15:00:44",153.6,2,samsamurai
9737,16690433,"Amar Amar Gupta","2026-08-15 10:08:37",153.5,2,amaramargupta
9738,16633551,"Subarno Sen","2026-08-25 04:42:35",153.4,2,lordfiftyfive
9739,16875898,"Sai Krishna Pakkir","2026-09-11 17:30:49",153.2,2,saikrishnapakkir
9740,16680419,"Tech Changer","2026-08-17 12:31:58",153.2,1,johnbibin
9741,16654098,"Mohd Zaki","2026-08-26 01:46:45",153.2,2,mdzaki08
9742,16802035,"sanchit atre","2026-09-01 09:31:07",153.2,2,sanchitatre
9743,16674881,"Saisree Dhanasekaran","2026-09-23 11:54:42",153.0,2,saisreedhanasekaran
9744,16670662,"Gina Lee","2026-08-11 22:45:21",152.9,2,ginaleegdm
9745,16674390,yangluo1,"2026-08-08 01:31:08",152.6,2,yangluo1
9746,16659036,"Mohammed Kaif","2026-08-04 10:41:22",152.4,2,mkaif001
9747,16629426,"Abdullah Qureshi","2026-07-31 10:00:44",152.4,2,abdullahqureshi120
9748,16632418,"Bretokce 3amich","2026-08-07 12:18:26",152.2,2,bretokce3amich
9749,16688288,"Ojo Oluwadamilare","2026-08-08 01:43:30",152.1,2,ojooluwadamilare
9750,16658401,"Aryan Lonare","2026-08-04 09:55:47",151.4,2,aryandyalullonare
9751,16683903,Saju,"2026-08-17 11:31:45",151.2,1,sajutr
9752,16750391,"Batuhan Yerebasmaz","2026-08-20 18:34:21",150.7,2,batuhanyerebasmaz
9753,16630725,"vaibhav vyas","2026-08-06 10:56:52",150.6,2,vaibhavvyas0
9754,16872073,"Positive Quark","2026-09-18 13:51:27",150.4,2,quarkliu
9755,16671985,"vishal waghchaure","2026-08-07 09:25:36",149.9,2,vishalwaghchaure
9756,16623563,"Jocelyn Dumlao","2026-09-01 02:35:54",149.9,2,jocelyndumlao
9757,16658033,"sanjay Ghalagi","2026-08-27 15:29:34",149.9,2,sanjayghalagi
9758,16858886,twispur,"2026-09-09 07:38:09",149.8,1,twispur
9759,16683577,"Ankush Kumar M","2026-08-07 13:19:05",149.6,2,ankushkumarm
9760,16734803,guoziyi123456,"2026-09-28 14:46:00",149.6,2,"ax1lec,guoziyi123456,linhexlu,xuanzhechen"
9761,16625029,Hilarus,"2026-08-01 15:59:02",149.6,2,hilagbag
9762,16718605,"صفاء عبد الرقيب","2026-09-06 19:27:10",149.3,2,bssgirl
9763,16655573,"Probablyaphilosopher ","2026-08-16 00:01:40",149.3,2,probablyaphilosopher
9764,16661500,"yagnit sutariya","2026-08-04 15:34:39",149.2,1,yagnitsutariya
9765,16656210,"Sanjay Suthraye","2026-08-04 14:55:13",149.0,2,sanjaysuthraye96
9766,16677403,bababoy,"2026-08-15 14:55:17",149.0,2,adrienrenard
9767,16681895,Akshar,"2026-08-07 06:16:19",148.9,2,aks0625
9768,16785398,"Vitória Freitas","2026-08-28 20:07:12",148.3,1,vitoriafreitas13
9769,16664875,SaiSujitPunukollu,"2026-08-05 05:46:11",148.2,1,saisujitpunukollu
9770,16632111,"Arda Çiftçi","2026-08-04 20:03:37",148.2,2,ardaciftci
9771,16690199,"Lavkush Yadav","2026-08-08 10:20:55",147.9,1,lavkushyadavcse
9772,16882682,"BALQEES GHWANMEH","2026-09-18 20:24:43",147.7,2,balqeesghwanmeh
9773,16841612,"Jordan #2","2026-09-10 16:51:25",147.7,2,jordantay
9774,16756264,query_stop,"2026-08-27 00:24:14",147.6,2,jaared
9775,16657322,"Ashwani Mahajan","2026-09-26 04:50:35",147.4,1,ashwanimahajan
9776,16701997,zran1t,"2026-08-15 14:10:18",147.3,2,zran1t
9777,16832928,"Ilgar Gurbanov","2026-09-10 12:41:23",147.3,2,ilgargurbanov57
9778,16632458,"RAMAN BANSAL","2026-08-24 04:35:56",147.3,1,ramanbansal
9779,16657462,"CROP CODERS","2026-08-10 18:00:28",147.1,2,"dhanvanthraj,raghavan9944,shanmugam666,sitha2345,sumaiyahibrahim"
9780,16743630,TRP,"2026-09-01 17:06:48",147.0,2,tejratanpaulrocky
9781,16658522,"Amna khanii23","2026-08-07 05:15:47",147.0,2,amnakhanii23
9782,16721941,"Rita Ohabuenyi","2026-08-14 12:57:37",146.7,2,ritaohabuenyi
9783,16777666,Lithops1112,"2026-09-05 08:20:21",146.7,2,lithops1112
9784,16657892,"Boonanan namna","2026-08-17 04:36:04",146.7,1,boonanannamna
9785,16913466,abc1zzz,"2026-09-26 13:58:53",146.6,2,abc1zzz
9786,16797105,"Rahul vats","2026-09-25 02:06:31",146.6,2,rahulvats20
9787,16707062,"G DOLANARASIMHA","2026-08-11 12:18:02",146.4,2,gdolanarasimha
9788,16656278,"Bhuvaneshwari Rebba","2026-08-04 09:20:36",146.4,1,bhuvaneshwarirebba
9789,16670462,"Talha Kayar","2026-08-15 15:24:03",146.2,2,talhakayar
9790,16654124,"Aditya Kumar Singh","2026-08-05 09:57:29",146.0,2,adityq121608
9791,16729010,"karan sankhe","2026-08-16 15:15:45",145.9,2,karansankhe1356
9792,16849230,"Md. Mahim Babu","2026-09-18 11:27:55",145.9,2,mdmahimbabu
9793,16934489,Anushahs2026,"2026-09-21 08:28:06",145.8,2,anushahs2026
9794,16664199,SomyaSingh_07,"2026-09-28 13:59:33",145.8,2,somyasingh07
9795,16690112,"Ayush Tripathi","2026-08-17 09:03:03",145.6,2,ayushtripathi112
9796,16713329,qrcodeTH,"2026-08-13 08:22:40",145.6,2,thanaphumsaywonin
9797,16691502,"DILANE FOGUE KAMGA","2026-08-08 15:20:05",145.6,1,dilanekamga
9798,16676026,"Bedashree Swarupa Das","2026-08-06 14:14:21",145.6,1,ashokkumardasbedashr
9799,16740144,Salmon,"2026-08-21 12:55:13",145.1,2,shin3110
9800,16713896,"Quantum Fusion","2026-08-14 12:12:34",145.0,1,gugurobotics
9801,16715896,新木,"2026-08-18 05:25:46",144.9,1,sunchief
9802,16737641,"PATIL ATHARV VIJAYKUMAR","2026-09-07 05:35:17",144.8,2,"atharv095022,patilsarthakvilas,sonuretusharsuresh"
9803,16770924,rohit,"2026-09-12 05:08:35",144.7,2,rohitsrinivasan31
9804,16669311,Schoki,"2026-08-17 22:26:49",144.6,2,jensdnisch
9805,16662859,"Mohamed Zahran","2026-08-05 04:41:56",144.5,1,zrnking2012
9806,16658577,farmercode261,"2026-09-12 03:26:38",144.2,2,hifnikhakim
9807,16862356,Fitalabs,"2026-09-28 14:04:48",144.2,1,aleffita
9808,16945034,divinesouljoy,"2026-09-23 04:59:46",143.7,1,divinesouljoy
9809,16904721,"Creeper Thánh","2026-09-16 06:35:52",143.2,1,creeperthnh
9810,16717600,"Collistus Kibe","2026-08-21 22:13:38",143.2,2,collistuskibe
9811,16664458,"Prantik Chandra","2026-08-05 05:47:10",143.0,1,prantikchandra
9812,16792786,"Fusion Flux","2026-09-20 13:49:10",143.0,2,mithilleshkumar
9813,16667231,bettsy,"2026-08-05 12:12:35",143.0,2,bettsy
9814,16668495,Herisitraka,"2026-08-05 17:16:28",142.8,2,herisitraka
9815,16902494,FoodieJam,"2026-09-21 01:38:58",142.7,2,foodiejam
9816,16827437,kaedehs33-max,"2026-09-08 03:06:50",142.6,1,kaedehs33max
9817,16667886,"Ubaid ur rehman 0345","2026-08-05 15:23:12",142.6,2,ubaidurrehman0345
9818,16667968,ChronosData,"2026-08-18 14:25:43",142.5,2,codex5843
9819,16661447,"Sibel Özbek","2026-08-04 20:50:27",142.5,1,sibelzbek
9820,16784932,"Shefali Pradhan","2026-08-29 10:03:30",142.3,2,shefalipradhan
9821,16631135,"Fernando Liazar Luemba Salvador","2026-09-28 04:49:06",142.1,2,fernandollsalvador
9822,16775493,"JOE DEVA JERRY D ","2026-08-26 15:41:55",141.6,1,joedevajerryd
9823,16671232,"sms tcil","2026-08-07 13:03:30",141.3,1,smstcil
9824,16663334,"sameer mughal","2026-08-29 20:12:57",141.3,2,sameermughal109
9825,16739102,"Mithulya Kumarapeli","2026-08-30 03:53:39",141.1,1,sandalim
9826,16688165,"David @ Koantek","2026-08-25 23:53:17",140.9,2,artificialbrilliance
9827,16662662,"Joaquim Jose1","2026-08-04 17:57:03",140.9,1,joaquimjose1
9828,16756875,"Meryem Kevser Keskin","2026-09-01 21:30:35",140.8,2,meryemkevserkeskin
9829,16697143,"Jeisa Mathew","2026-09-06 13:04:00",140.7,2,jeisamathew
9830,16814946,"Bekama Regasa Negewo","2026-09-03 07:30:36",140.6,1,bekamaregasanegewo
9831,16697339,"Muhammad Safwan Ahmad Saffi","2026-08-15 00:28:21",140.6,2,safwanahmadsaffi
9832,16748453,LINJINYAN,"2026-09-06 14:25:23",140.3,2,linjinyan
9833,16784431,"Régis Meyssonnier","2026-08-28 14:47:27",139.7,1,rgismeyssonnier
9834,16663265,"Darlington Ayakazi","2026-08-04 20:26:08",139.7,1,darlingtonayakazi
9835,16654384,"Alladi Sai Kalyan Raman 24BCE1509","2026-08-30 09:33:11",139.5,2,alladisaikalyanraman
9836,16777923,Sho,"2026-09-26 15:16:05",139.3,2,shoito08190904
9837,16659929,"MAMADOU LY (LY BOUSSO 45)","2026-08-13 11:43:25",139.0,2,mamadoulylybousso45
9838,16738778,"DILIP BAVISKAR","2026-09-13 09:12:49",139.0,2,dilipbdilipb
9839,16662099,"The Algorithmist","2026-08-04 23:41:59",138.7,2,riyagheewala
9840,16723289,"Caio Saboia","2026-08-28 18:24:29",138.5,1,caiosaboia
9841,16737040,"Joseph Djian","2026-09-09 10:30:17",138.2,2,djian55
9842,16654363,"NIKHIL YADAV","2026-08-17 21:20:32",137.6,2,nikhilyadav232223
9843,16789570,wyananwyanan,"2026-09-16 03:05:19",137.0,2,wyananwyanan
9844,16654556,anjipoo,"2026-08-05 15:33:04",136.2,2,anjana0812
9845,16662334,"Andres Beltran","2026-08-04 22:58:11",136.1,2,andresbeltran05
9846,16624973,"Mrunmayee Kulkarni","2026-07-31 06:16:46",136.0,1,kulmrun
9847,16904992,abdulkader1,"2026-09-27 06:44:06",135.6,2,abdulkader1
9848,16659062,"MOHAMMAD SUBHAN PASHA","2026-08-17 07:14:09",134.9,1,mohammadsubhanpasha
9849,16636855,"Wynn Koo","2026-08-01 14:03:04",134.4,1,yongfenggg
9850,16672322,"khalil ur Rehman","2026-08-13 05:10:03",134.3,2,khalilurehman
9851,16697716,ZEO,"2026-08-09 19:43:41",133.6,1,anuppatil29
9852,16775483,"Parv Malav","2026-08-26 16:20:27",133.0,2,parvmalav
9853,16854169,"[Deleted] fe7af88d-d80f-4441-a8c5-3cca6b980e41","2026-09-09 12:41:02",132.8,2,del=0749851e202390c3
9854,16666706,baijiachang,"2026-08-05 11:04:21",132.2,1,baijiachang
9855,16778908,"PATIL ADITYA PANDURANG","2026-09-01 17:34:33",132.2,1,"jagdalepranavsagar,patiladityapandurang,pavankadam7005"
9856,16705490,"KASTHURI DEVI M","2026-08-13 10:42:42",130.0,2,kasthuridevim
9857,16621770,"Rudraksh Zodage","2026-07-30 20:07:49",129.3,2,rudrakshzodage
9858,16777407,"Fahrur Rozzi","2026-08-26 23:01:52",129.1,1,frozzi18
9859,16662083,ihabkaggle,"2026-08-07 00:42:33",128.8,2,ihabkaggle
9860,16754111,"Kalpana Patki","2026-08-22 16:05:10",128.7,1,kalpanapatki
9861,16659271,Hamish,"2026-08-12 12:48:51",127.9,2,hamishdickson
9862,16653934,"Ayomide Abdulrahmon","2026-08-03 19:22:32",127.7,2,ayomideabdulrahmon
9863,16662230,"Angus Mc Gregor","2026-08-13 21:25:46",127.5,2,angusmcgregor
9864,16666018,"H vv sathwik","2026-09-24 09:27:00",127.0,2,hvvsathwik
9865,16656643,"Willetta Dettore","2026-08-05 15:33:52",125.3,2,willettadettore
9866,16659097,noril09,"2026-08-04 11:56:35",124.4,2,noril09
9867,16689389,Chukunder,"2026-09-24 12:38:14",124.2,2,"farbricated,sarikajivrajika"
9868,16657486,"Turhan TAS","2026-08-10 09:21:40",123.0,1,turhantas
9869,16883962,"Ilakk manoharan","2026-09-28 17:32:45",122.6,2,ilakkmanoharan
9870,16762766,"Eman Gope","2026-09-28 12:06:29",122.2,2,emangope
9871,16640323,"KOUSHIK KUMAR DINDA","2026-08-29 01:55:31",122.0,2,koushikkumardinda
9872,16868591,"Lucas A. Rizzieri","2026-09-11 00:22:41",121.8,2,lucasarizzieri
9873,16707146,kaganou,"2026-08-11 13:19:53",120.8,1,kaganou
9874,16719809,"Milanto FR","2026-08-14 05:37:48",120.7,2,milantofr
9875,16662809,"Chukwu Excellent","2026-08-08 22:06:34",120.0,2,chukwuexcellent
9876,16755329,SBedrosian123@,"2026-08-21 15:07:41",119.8,1,sbedrosian123
9877,16662123,hannhu40022,"2026-08-04 18:45:07",119.7,2,hannhu40022
9878,16771841,"Panagiotis Alimisis","2026-09-14 19:04:58",119.2,2,palimisis6
9879,16772354,"Gleidistony Mendes","2026-09-18 12:01:25",118.8,2,gleidistonymendes
9880,16727876,"Harrison Wachira","2026-08-16 08:50:03",118.3,1,harrisonwachira254
9881,16723091,"Naiely Silva","2026-08-28 00:53:34",118.3,1,naielysilva
9882,16633417,"Handsonlabs Software Academy","2026-09-28 12:41:05",117.3,2,tobimichigan
9883,16691729,"ADOLF FAUSTINE","2026-08-18 02:42:39",117.0,2,adolffaustine
9884,16633511,"joshan gladston","2026-08-01 01:19:57",116.4,2,joshangladston
9885,16658695,"Muskan Zahid","2026-08-04 14:14:02",115.9,2,artificial52
9886,16660342,"Adapa Gopireddy","2026-08-04 12:49:43",114.4,1,adapagopireddy
9887,16731986,Vugar3,"2026-08-17 10:51:29",113.4,2,vuqarxudvrdyev001342
9888,16659871,"Abel Kpoton","2026-08-04 20:41:20",113.2,2,abelkpoton
9889,16656235,"Zain Ul Abideen Samo","2026-08-06 15:22:02",113.2,2,zainulabideensamo
9890,16658299,"Bakar Prabowo!","2026-09-05 08:14:32",113.0,2,"galihrattn,kingki19,ranggacarkawan"
9891,16794281,"adilio freitas","2026-08-30 22:25:36",112.7,1,adiliofreitas
9892,16794292,"Taylor Clark","2026-09-22 22:49:20",112.1,2,taylorclark637
9893,16660494,"Hòa Phùng Ngọc GIa","2026-09-22 08:11:18",111.4,2,haphngngcgia
9894,16712406,"L Sangeetha","2026-08-18 01:56:24",111.3,2,lsangeetha
9895,16799001,"Trịnh Quang Minh","2026-09-01 05:16:32",109.8,1,trnhquangminh140
9896,16662142,"Adnan Khan","2026-08-30 06:22:52",108.7,2,iamadnankhan313
9897,16621565,"salih chindo","2026-08-12 19:45:58",107.9,1,salihchindo
9898,16662455,"Nenavath Shashi","2026-08-04 18:04:52",107.8,2,nenavathshashi
9899,16717094,"[Deleted] 3efc3b54-b875-4c05-8e11-1214498e2853","2026-08-13 12:30:26",107.5,1,del=386289f87b91311f
9900,16800124,"Atharv Hirve","2026-09-20 08:44:54",107.2,2,atharvhirve14
9901,16840189,"Sneha yadav","2026-09-28 07:03:59",107.0,2,sneha463
9902,16841368,lware5829,"2026-09-05 20:57:52",106.8,1,lware5829
9903,16848578,"Tuấn Anh","2026-09-09 04:28:16",106.2,2,tuananhdata
9904,16731873,"Abhishek Singh Solanki","2026-08-19 07:24:47",105.5,1,realabhi5hek
9905,16713435,"Visruti Patidar","2026-08-16 11:18:23",105.4,2,visrutipatidar
9906,16891699,Sriram102,"2026-09-19 05:31:23",105.3,2,sriram102
9907,16924962,XavierB5,"2026-09-19 10:26:33",105.3,1,xavierb5
9908,16735064,"Harshada Thorat 129","2026-08-18 03:58:34",105.0,1,harshadathorat129
9909,16668691,BeltusTebid,"2026-08-05 16:01:45",105.0,1,beltustebid
9910,16626218,"Srishti Gauraha","2026-08-08 05:40:23",104.9,1,srishtigauraha
9911,16623660,"Taylor S. Amarel","2026-07-31 23:36:48",104.1,1,taylorsamarel
9912,16683220,Kongali,"2026-08-10 01:24:37",103.2,2,kongali
9913,16690499,SuperAI@2615,"2026-08-11 16:42:48",103.2,2,superai2615
9914,16679979,Pranav6657,"2026-08-07 02:40:48",102.9,1,pranav6657
9915,16654559,"Kerem Ali AVCIOĞLU","2026-08-03 19:28:49",102.4,2,keremaliavciolu
9916,16623953,"Denuwan Wijesinghe","2026-08-01 07:57:04",102.3,2,denuwanwijesinghe
9917,16680165,"Radwa ALkalifa","2026-08-23 08:39:37",101.8,2,radwahamada
9918,16932358,"Ilfat Hismatullin","2026-09-20 21:41:28",101.6,1,izek123
9919,16746655,"Charan Reddy321","2026-08-25 06:27:38",101.3,1,charanreddy321
9920,16659582,"Srikanth Adivanna","2026-08-04 11:25:45",101.3,1,srikanthadivanna
9921,16661160,"Roobhasridevi P","2026-08-04 14:31:22",100.9,1,roobhasridevi
9922,16674328,daniel,"2026-08-06 09:34:23",100.7,1,dkamgamegasoft
9923,16632375,"Vivien Jiaqian Zhu 朱嘉倩","2026-09-24 07:28:48",100.6,2,vivienjz
9924,16847667,"Tushar Barman","2026-09-12 20:30:34",97.8,2,tusharbarman
9925,16726311,"Prince Diwakar","2026-08-16 12:55:18",97.8,2,princediwaker
9926,16659308,Attaerabi,"2026-08-05 07:52:52",96.6,2,attaerabi
9927,16659840,"Dasari Giri Gabrelu","2026-08-05 13:41:11",96.5,2,giridasari
9928,16743822,Surya,"2026-08-19 16:21:21",95.8,1,suryapandian
9929,16765566,DIYANSH_JAIN7,"2026-09-03 10:56:38",95.5,1,diyanshjain7
9930,16768702,"Crop It Like It's Hot","2026-09-28 05:50:35",94.7,2,"davidben10,rachel79"
9931,16662714,"Amilcar Rodriguez","2026-09-01 04:22:39",94.3,2,amilcarskt
9932,16656815,"Atharva S. Naladkar","2026-08-06 06:46:40",94.0,2,atharvasnaladkar
9933,16919907,"Álvaro Martínez González","2026-09-23 13:59:06",93.9,2,lvaromartnezgonzlez
9934,16661098,"Muhammad aufa azmi","2026-08-04 15:18:35",93.4,2,muhammadaufaazmi
9935,16657561,Roshdibenrojo83,"2026-08-04 07:19:05",92.7,2,roshdibenrojo83
9936,16762458,"Promise Matorofa","2026-08-24 10:00:04",91.5,2,promisematorofa
9937,16857111,tfcygv,"2026-09-09 00:09:00",91.1,2,tfcygv
9938,16658297,"Charishma Pillapalem","2026-08-11 12:46:56",90.1,2,charishmapillapalem
9939,16662547,"hiteshsinh solanki","2026-08-05 07:59:16",89.5,2,hiteshsinhsolanki2
9940,16676977,"Akash Babu","2026-09-04 06:45:03",89.0,2,akashbabu17
9941,16626159,"Cảnh Đinh Tiến","2026-08-02 09:17:36",87.8,2,tourist110406
9942,16656685,"Shravani Hibare","2026-08-05 10:15:36",87.4,2,shrahib4725
9943,16662243,"Cepeda Braxton","2026-08-04 19:31:54",85.9,2,cepedabraxton
9944,16683075,"Manuel lasarte León","2026-09-28 09:59:17",85.6,2,manuellasarte
9945,16670547,"Maduako Prince","2026-08-05 22:53:03",85.5,2,maduakoprince
9946,16657303,"Tejas Tiwari","2026-08-04 07:32:17",84.0,1,tejaat
9947,16679847,"Julio Contreras","2026-08-21 20:29:09",83.5,2,juliocontreras
9948,16798631,dzlabs,"2026-09-01 09:57:10",83.5,2,dzlabs
9949,16912163,"Umar Tabbsum","2026-09-17 14:36:46",83.4,2,umartabbsum
9950,16659041,"uma mahesh23","2026-08-04 11:50:03",82.9,2,umamahesh23
9951,16677441,"ERREGUI YOUSSEF","2026-08-06 18:02:39",82.7,2,erreguiyoussef
9952,16662295,"benja cooper","2026-08-04 17:41:28",82.6,2,benjacooper
9953,16691542,Tushar_SVC,"2026-08-11 04:12:09",82.2,2,tusharsvc
9954,16656485,stunningvn,"2026-09-08 07:40:44",82.0,2,dedquoc
9955,16670552,"Harsh Chaudhary ml","2026-08-05 22:16:25",81.5,1,harshchaudharyml
9956,16641109,zzgtylors,"2026-08-06 06:21:50",81.1,2,zzgtylors
9957,16654509,"Shruti Kondabathula","2026-08-07 18:17:56",80.7,2,shrutikondabathula
9958,16748612,"Priyadharshini B","2026-08-24 12:06:18",80.3,1,priyadh29
9959,16888885,"Rômulo Drumond","2026-09-27 20:17:36",80.2,2,romulodrumond
9960,16654711,"Rupam Bhattacharjee1","2026-08-14 16:43:07",78.7,1,rupambhattacharjee1
9961,16733745,sokilya,"2026-09-27 23:04:47",78.3,2,sokilya
9962,16743241,"Adhvaith KS","2026-09-02 14:30:35",77.9,1,adhvaithks
9963,16728931,Sathwik2006,"2026-08-16 14:25:36",77.4,2,sathwik2006
9964,16660340,"pawan sondhiya","2026-08-07 06:22:38",76.7,2,pawansondhiya
9965,16808545,"Qinyong Wang","2026-09-02 11:53:03",75.8,2,magicwqy
9966,16655748,revathip,"2026-08-06 06:00:14",75.6,2,revathiprakash
9967,16623094,"Claudia Arias Gonzalez","2026-09-24 21:54:03",75.4,2,claudiaariasgonzalez
9968,16656777,"Salam Alqerem","2026-08-31 10:59:33",75.4,2,salamalqerem
9969,16886704,"mohammed alshokry","2026-09-15 14:06:43",75.3,2,mohammedalshokry
9970,16785477,"ASHMIL P URK25CS7129","2026-08-28 18:26:11",75.3,1,ashmilpurk25cs7129
9971,16656240,"SACHIN KUMAR","2026-08-10 03:13:24",74.7,2,sackm123
9972,16659451,anero98,"2026-08-22 20:47:29",74.2,2,anero98
9973,16880437,doublek,"2026-09-26 14:02:13",73.8,2,doublek
9974,16661419,"Shivansh Soni","2026-08-04 15:08:01",73.7,2,shivanshsonii
9975,16707468,"SBJ 2205","2026-08-12 09:59:33",72.8,1,sbj2205
9976,16660886,"Dr.Eldirdiri Fadol ","2026-08-05 05:30:48",72.7,2,dreldirdirifadol
9977,16666273,"Wondu Zerihun","2026-09-08 07:55:57",71.7,2,zerihun369
9978,16731142,yshinok,"2026-09-16 23:32:47",71.6,2,yukishinohara0114
9979,16621519,Ᏸ𐍂Ꭷ,"2026-07-30 17:30:30",71.6,2,dheerajkannaujiya
9980,16663161,"Pial Mahmud","2026-08-17 10:38:21",71.4,2,pialgroup
9981,16659675,"M.Athallah Rafif Aldera","2026-08-06 12:40:14",70.5,2,mathallahrafifaldera
9982,16823197,Cowabunga,"2026-09-20 21:55:58",70.5,2,ameripreye
9983,16693819,"Hossein Shad Manaman","2026-08-12 03:14:58",69.2,2,hosseinshadmanaman
9984,16663897,jayaBhavagan,"2026-08-05 19:34:36",69.0,1,jayabhavagan
9985,16794173,"Kamran Arshad","2026-08-31 07:19:49",68.1,2,kamranarshad
9986,16700316,"Pranav Waghmare","2026-08-11 16:29:05",67.6,1,waghmarepranav6
9987,16925909,"Hopefrey Mosingi","2026-09-19 15:30:15",64.9,2,hopefreymosingi
9988,16735323,"Souvik Routh","2026-08-18 04:30:21",64.9,1,souvikrouth
9989,16657055,RedKiwi,"2026-08-05 05:57:34",64.1,2,tnmthai
9990,16658666,"VMax Agents","2026-08-04 10:57:49",63.9,1,"akhiildheep,mithun5353"
9991,16665079,"Maguluri Keerthi","2026-08-05 06:16:03",63.2,2,magulurikeerthi
9992,16667489,"Cornol Lieto","2026-08-05 12:31:14",63.0,1,lietocornol
9993,16867026,"Aashish Bagmar","2026-09-11 05:14:45",62.8,2,aashishbagmar
9994,16736939,"Flandre 29","2026-08-26 08:23:01",62.5,2,flandre29
9995,16663277,"Mariana Mejía","2026-08-24 23:58:54",62.2,2,marianameja
9996,16858278,"Sukma Ramadhan A","2026-09-12 13:22:49",61.4,2,sukmaramadhana
9997,16668599,"Hafsa Anwaar","2026-08-05 17:43:21",61.3,2,hafsaanwaar
9998,16666072,Abinash,"2026-08-05 15:07:52",60.2,2,abinashsinha1726
9999,16867360,kagg24293,"2026-09-11 08:19:36",60.0,2,kagg24293
10000,16848280,"Oladipupo Olapoju","2026-09-08 00:24:32",59.9,2,pupoolapoju
10001,16665345,saurabh10june,"2026-08-05 11:53:47",59.7,2,saurabh10june
10002,16680428,"Surabhi veda","2026-08-07 01:49:35",59.5,1,surabhiveda
10003,16803074,"fumihito mori","2026-09-01 14:00:16",59.5,1,fumihitomori
10004,16678283,"Ajinkya Digurkar","2026-08-21 10:56:03",59.0,2,"ajinkyadigurkar,sakshiagrawal8818"
10005,16670368,"Gary Gitton","2026-08-19 17:03:04",53.8,2,garygitton
10006,16938479,"Илья Попов ","2026-09-22 22:54:01",53.4,1,wingedwolf7
10007,16894437,hondana29,"2026-09-27 00:11:27",53.2,2,tanadaaa
10008,16867334,"Connor Tran","2026-09-21 22:05:52",53.0,1,thlphero
10009,16658100,"Nanda Riansyah","2026-08-04 08:55:54",51.4,2,nandariansyah
10010,16784650,LukasM1,"2026-08-28 14:15:24",50.4,1,lukasm1
10011,16716079,shaurya_pandey@19,"2026-08-13 09:27:49",49.9,2,shauryapandey19
10012,16846758,"Harish More","2026-09-07 07:44:25",49.8,2,harishmore812
10013,16663406,"Elshan Kazim","2026-08-16 08:38:43",49.3,1,elsnkazm
10014,16719441,Gatranova,"2026-08-14 04:11:54",48.9,2,rafiabiyyuairlangga
10015,16687628,ruchit,"2026-08-28 11:22:16",48.9,1,ruchitkhade
10016,16785053,"Rinosh Bethala","2026-08-28 17:52:26",47.9,1,rinoshbethala
10017,16661068,ZeViX,"2026-09-25 16:23:22",47.2,2,"codinggeek101,vedantkhete"
10018,16666836,"Emir Ayvaz","2026-08-07 05:57:00",47.2,2,emirayvaz
10019,16710773,Openaiskrip,"2026-08-12 07:54:38",46.9,2,openaiskrip
10020,16735237,"YASH CHIMAN","2026-08-18 04:20:24",45.6,1,yashchiman
10021,16679410,"Leke Glean","2026-08-07 17:29:04",45.5,2,lekeglean
10022,16730708,ysakuragi,"2026-08-19 01:30:12",44.2,1,ysakuragi
10023,16661711,"Wild Star217","2026-08-30 18:00:18",44.1,2,wildstar217
10024,16633018,purelilyth,"2026-08-20 19:43:09",43.6,2,purelilyth
10025,16667339,"Victor Chege","2026-09-01 13:56:51",41.6,2,victorchege0
10026,16698958,"Shanjaya SK","2026-08-28 15:25:11",40.0,1,"payuu03,shanjayask"
10027,16684847,"M.Harshavardhan Raju","2026-08-09 16:15:49",39.6,2,mharshavardhanraju
10028,16895738,suqingying,"2026-09-21 10:43:10",39.5,1,suqingying
10029,16835282,nico23t,"2026-09-07 14:18:22",39.1,2,nico23t
10030,16868098,"Arya Patil","2026-09-11 08:00:49",38.9,1,shutterstack
10031,16644474,"Vihaan Ahluwalia","2026-08-05 13:16:21",38.8,2,vihaanahluwalia
10032,16673372,"Hadyan Adira","2026-08-14 03:16:30",38.6,2,hadyanadira
10033,16839644,Mikhail,"2026-09-06 06:52:57",38.5,1,mih2501py
10034,16780027,rotto,"2026-09-01 13:18:33",37.2,2,pirotototo4023
10035,16640594,Win2207,"2026-08-07 12:05:07",36.5,2,win2207
10036,16698953,Locked_in_hell,"2026-08-13 18:31:55",36.2,2,stealthknight
10037,16888204,"yunus yalman","2026-09-24 19:48:59",34.8,2,yunusyalman
10038,16761007,"Pankaj Nakhat","2026-08-23 11:48:21",32.1,2,pankajnakhat
10039,16633932,omikbop,"2026-08-02 12:36:52",31.6,2,omikbop
10040,16716562,"Ananya Maurya","2026-08-13 10:01:25",30.5,2,ananyamaurya
10041,16665139,"Siddharaj Kulkarni","2026-08-16 05:23:21",30.2,2,siddharajkulkarni
10042,16892319,"Shair Khan","2026-09-21 08:30:36",26.6,2,datascikhan
10043,16731524,"Tsyrenov Mergen","2026-08-17 09:42:39",24.6,1,tsyrenovmergen
10044,16771156,"Ronald Ayamba","2026-08-25 19:16:26",22.7,1,ronaldayamba
10045,16654087,Gabriela_Fernandes4,"2026-08-04 19:12:33",22.6,1,gabrielafernandes4
10046,16761521,"Artificial Silicon","2026-08-29 10:17:46",20.2,1,artificialsilicon
10047,16675209,lavica,"2026-08-11 13:23:03",19.1,2,lavica
10048,16851038,"Ivan Danut","2026-09-26 12:47:36",18.4,2,ivandanut
10049,16723050,"Ítalo Albuquerque","2026-09-11 18:32:23",17.3,2,taloalbuquerque
10050,16656753,"TAMAL SINGHA ROY","2026-08-05 07:57:48",13.5,2,tamalsingharoy
10051,16675819,RohitS001,"2026-08-11 18:05:54",11.8,2,rohits001
10052,16705637,"Vedant Ghodekar","2026-08-11 05:28:57",10.4,1,vedantghodekar
10053,16747839,"Ich Schmid","2026-09-19 13:56:52",9.1,2,ichschmid
10054,16938443,"zhichen huang","2026-09-21 21:54:55",7.6,1,zhichenhuang
10055,16721495,"404 Crop Not Found","2026-09-01 08:45:29",6.4,2,"aiprojector,boazx15"
10056,16662721,"Manish Sharma","2026-08-12 17:44:16",6.3,2,themihirsharma
10057,16654026,"joju shaji","2026-08-09 16:36:43",4.4,2,jojushaji
10058,16676428,wayzhengong27,"2026-08-08 06:34:59",3.6,2,"kkkuek,wayzhengong27"
10059,16632413,"Varun Patil","2026-07-31 18:41:34",1.7,1,varunpatil262005
10060,16644519,"Shambhu Shekhar Sinha","2026-08-12 18:55:43",1.7,2,shambhushekharsinha
10061,16669011,"Siddiqui Rehan Ahmed Furqan","2026-08-07 05:24:38",1.4,2,siddiquirehanahmed
10062,16852322,"Harshit Varma45","2026-09-08 03:54:30",1.1,1,harshitvarma45
10063,16624064,"Hemant Ahlawat","2026-07-31 15:52:56",1.0,2,happyahlawat
10064,16811344,"Vineeth Nannuri","2026-09-10 05:19:07",-0.7,2,vineethnannuri
10065,16687620,Goktug1,"2026-09-18 18:47:26",-1.5,2,goktug1
10066,16778494,"Agda Niya","2026-08-28 06:43:07",-1.6,2,agdaniya
10067,16714192,"Nishanth Palugula","2026-08-14 06:51:09",-2.1,2,nishanthpalugula
10068,16673732,"Async Null","2026-08-06 16:55:26",-2.9,1,asyncnull
10069,16660161,"Antimo Carlino","2026-09-08 19:09:46",-3.1,2,antimocarlino
10070,16661152,"Dr.Abdulbaset Musleh","2026-09-19 17:40:52",-6.9,2,drabdulbasetaledresi
10071,16633250,Myst19,"2026-08-03 13:25:15",-7.7,2,jakeschweikhart
10072,16708290,"Hrishikesh Thakare","2026-08-12 14:45:08",-12.8,1,hrishikeshthakare
10073,16721567,"Neeraj Sharma","2026-09-04 07:21:50",-14.1,1,neerajsharma897
10074,16689555,"kelvin waruingi","2026-08-09 22:45:23",-14.7,2,kelvinwaruingi
10075,16658745,"Shabby farms 2.0","2026-08-16 03:10:28",-15.6,2,rahulk5418
10076,16916794,SHUJAT,"2026-09-21 14:59:47",-15.9,1,syedshujathussain
10077,16696104,"Harshit Meesari","2026-08-09 14:31:00",-18.2,1,harshitmeesari
10078,16809774,farmci,"2026-09-02 16:59:50",-22.3,1,ermismel
10079,16780318,"Piyush Darinda","2026-08-27 17:28:07",-22.4,2,piyushdarinda
10080,16943065,"LOKHANDE HARSH","2026-09-23 16:45:21",-24.6,1,lokhandeharsh
10081,16914127,"Aditya Jha","2026-09-20 04:35:47",-26.1,2,theadijha
10082,16948861,"PRATHAMESH ARUN JADHAV","2026-09-24 03:10:19",-28.3,1,prathamesharunjadhav
10083,16790678,Pujolaras,"2026-09-03 14:45:14",-29.1,1,pujolaras
10084,16664822,"Prateek Singh","2026-08-05 05:30:22",-29.8,2,pra73ek
10085,16659501,Duckey,"2026-08-04 13:02:16",-30.0,2,bokangletsapo
10086,16731488,"James Kimani","2026-08-27 13:18:20",-31.3,1,jaykim122
10087,16657568,"Manpreet Singh","2026-08-08 13:45:41",-31.3,2,manpreet1994
10088,16732320,"Malik Muhammad Arbaz","2026-08-18 13:05:51",-35.5,1,malikmuhammadarbaz
10089,16792531,"subash jayakumar","2026-08-30 20:14:56",-36.4,2,subashjayakumar
10090,16654404,"Madhan Sidmal","2026-08-11 21:28:45",-38.8,2,madhansidmal
10091,16662922,BrandonDucar,"2026-09-12 23:12:40",-42.3,2,brandonducar
10092,16679250,srskat,"2026-08-16 08:26:30",-43.7,2,srskat
10093,16624666,"Avik Das","2026-08-21 08:57:10",-44.3,2,avikdas567
10094,16720136,"Roaring Cotton","2026-09-15 20:07:58",-45.1,2,daviddavidelijah
10095,16676890,luciferingstar256,"2026-08-20 15:40:55",-45.1,1,luciferingstar256
10096,16644439," علي ساجد","2026-08-02 21:40:07",-45.5,2,jdvdjdv97171ushd
10097,16735078,"SUDHANSHU PATIL","2026-08-18 04:37:33",-48.9,2,sudhanshupatil10
10098,16885604,dualcore,"2026-09-22 09:54:46",-52.8,2,"shashankkalled,tridiv14"
10099,16689681,"Prakash Rajan","2026-08-09 16:37:56",-55.2,2,prakashai
10100,16940668,"Lars Gade","2026-09-24 20:48:47",-58.7,2,larsgade
10101,16622991,"Fedor Grigorev","2026-08-27 15:30:57",-60.2,1,fedorgrigorev
10102,16659057,"Jolvin James","2026-08-07 08:04:22",-61.9,2,jolvinjames
10103,16941446,"Rehan Liaqat","2026-09-22 12:30:49",-75.6,1,rehanliaqat17
10104,16629006,ymym_tymblack,"2026-08-22 09:44:39",-78.9,2,ymymtymblack
10105,16755427,"Daksh Jain","2026-08-21 15:18:57",-80.5,1,dakshu081
10106,16663728,"Al'Humairah Ali","2026-08-10 17:28:01",-90.1,1,alhumairahali
10107,16758417,AthulJenson,"2026-08-22 14:21:26",-91.7,1,athuljenson
10108,16802203,"Sadaf Mughees","2026-09-21 09:16:16",-94.4,2,sadafmughees
10109,16885774,"Adama Savadogo","2026-09-14 17:34:16",-94.7,2,adamasavadogo
10110,16683041,Abhishektyagi649,"2026-08-07 08:37:09",-95.8,2,abhishektyagi649
10111,16731829,"Alexandra Tricia","2026-08-19 07:03:33",-102.4,2,alexandratricia
10112,16805234,Ryuzaki2325,"2026-09-01 19:44:54",-104.5,1,ryuzaki2325
10113,16709661,sapphirey,"2026-09-07 11:21:05",-104.8,2,sapphirey
10114,16713011,"Tasmayu Swain","2026-08-14 15:49:35",-111.6,1,tasmayuswain
10115,16685888,LeulYT,"2026-08-10 05:35:44",-120.3,2,leulyt
10116,16632266,"(ノ◡ <)","2026-09-25 04:46:33",-122.8,2,nawfeelrahman1124444
10117,16707646,ppssbb09,"2026-09-17 13:40:43",-122.9,1,ppssbb09
10118,16637499,Yuchen20,"2026-09-19 14:06:24",-127.9,2,yuchen2066
10119,16808566,"contemporary dance","2026-09-02 22:44:14",-138.2,2,shigeria
10120,16719181,SaltyCode,"2026-08-16 04:56:22",-142.4,1,saltycode
10121,16657035,"Christvin Mathew","2026-08-04 08:55:56",-146.3,2,christvinmathew
10122,16671617,"Bennett Lien","2026-09-19 04:18:05",-160.9,1,"bennettlien,liamspaulding"
10123,16717416,"Timofey Kalyak","2026-08-20 07:04:06",-190.3,1,timofeytweaky
10124,16659881,SantosR,"2026-09-08 14:27:04",-195.9,2,santosr
10125,16695221,"Muhammad Daud Abbas","2026-08-12 20:04:32",-196.1,2,muhammaddaudabbas
10126,16660261,"YO_ONE CHAUHAN","2026-08-08 23:49:54",-197.1,2,yoonechauhan
10127,16659864,"Twin Titans","2026-08-08 07:50:33",-199.7,2,"sivahokage,solaisararaju"
10128,16889642,"calvin Grimm","2026-09-14 06:15:04",-200.1,1,calvingrimm
10129,16692837,"Sai Uttam Gite","2026-08-09 11:36:32",-200.7,1,saiuttamgite
10130,16665495,"sai chand Boppudi","2026-08-07 04:19:58",-202.0,2,saichandboppudi
10131,16885473,Razazazazaza,"2026-09-15 13:23:00",-202.0,2,razazazazaza
10132,16668701,"Nihal Jamadar","2026-08-09 04:28:26",-202.7,2,nihaljamadar313
10133,16728276,"ROHAAN ASIF","2026-08-16 11:20:59",-206.3,2,ordinarydev007
10134,16724138,"Tuna Xiao","2026-09-07 15:05:12",-211.2,1,tunaxiao
10135,16794008,HyperPlanz,"2026-08-31 13:08:38",-216.1,2,domiandr000
