display,player_submission,episode_id,end_time,state,type,player_seat,player_bank,opponent_name,opponent_team,opponent_submission,opponent_seat,opponent_bank,won,opponent_rating_snapshot,opponent_rank_snapshot,opponent_band,opp_family,opp_row1,opp_row2
w1_v15stack_race44.py (W1 re-upload),56521297,112929730,2026-09-24 16:11:21.275000,COMPLETED,EPISODE_TYPE_PUBLIC,0,91453,uninhibited-scholar,16717114,56516985,1,93859,0,2164.9,1284,2000-2500,tape,"[[""BUY_PRODUCT"", ""WHEAT"", 20], [""SELL"", ""WHEAT"", 15], [""BUY_SEED"", ""WHEAT"", 1]]","[[""HIRE""], [""HIRE""], [""HIRE""], [""HIRE""], [""HIRE""], [""BUY_ANIMAL"", ""COW"", 2], [""BUY_ANIMAL"", ""SHEEP"", 2]]"
w1_v15stack_race44.py (W1 re-upload),56521297,112928525,2026-09-24 16:09:52.553000,COMPLETED,EPISODE_TYPE_PUBLIC,1,118093,probably6767,16704818,56516589,0,119748,0,2171.5,1263,2000-2500,tape,"[[""BUY_PRODUCT"", ""WHEAT"", 20], [""SELL"", ""WHEAT"", 15], [""BUY_SEED"", ""WHEAT"", 1]]","[[""HIRE""], [""HIRE""], [""HIRE""], [""HIRE""], [""HIRE""], [""BUY_ANIMAL"", ""COW"", 2], [""BUY_ANIMAL"", ""SHEEP"", 2]]"
w1_v15stack_race44.py (W1 re-upload),56521297,112927366,2026-09-24 16:03:28.024000,COMPLETED,EPISODE_TYPE_PUBLIC,1,89455,Kaileh57,16671767,56502359,0,89201,1,2116.6,1402,2000-2500,tape,"[[""BUY_PRODUCT"", ""WHEAT"", 20], [""SELL"", ""WHEAT"", 15], [""BUY_SEED"", ""WHEAT"", 1]]","[[""HIRE""], [""HIRE""], [""HIRE""], [""HIRE""], [""HIRE""], [""BUY_ANIMAL"", ""COW"", 2], [""BUY_ANIMAL"", ""SHEEP"", 2]]"
w1_v15stack_race44.py (W1 re-upload),56521297,112926205,2026-09-24 15:59:58.987000,COMPLETED,EPISODE_TYPE_PUBLIC,1,117410,Miyanogawa Yuya,16777767,56486009,0,117410,0.5,2062.0,1538,2000-2500,tape,"[[""BUY_PRODUCT"", ""WHEAT"", 20], [""SELL"", ""WHEAT"", 15], [""BUY_SEED"", ""WHEAT"", 1]]","[[""HIRE""], [""HIRE""], [""HIRE""], [""HIRE""], [""HIRE""], [""BUY_ANIMAL"", ""COW"", 2], [""BUY_ANIMAL"", ""SHEEP"", 2]]"
w1_v15stack_race44.py (W1 re-upload),56521297,112925032,2026-09-24 15:58:21.333000,COMPLETED,EPISODE_TYPE_PUBLIC,0,59887,Takahiro Someya,16663213,56483860,1,60334,0,2207.5,1175,2000-2500,tape,"[[""BUY_PRODUCT"", ""WHEAT"", 20], [""SELL"", ""WHEAT"", 15], [""BUY_SEED"", ""WHEAT"", 1]]","[[""HIRE""], [""HIRE""], [""HIRE""], [""HIRE""], [""HIRE""], [""BUY_ANIMAL"", ""COW"", 2], [""BUY_ANIMAL"", ""SHEEP"", 2]]"
w1_v15stack_race44.py (W1 re-upload),56521297,112923879,2026-09-24 15:53:12.887000,COMPLETED,EPISODE_TYPE_PUBLIC,0,104549,Anas Zewail,16935983,56469153,1,104468,1,2126.1,1378,2000-2500,tape,"[[""BUY_PRODUCT"", ""WHEAT"", 20], [""SELL"", ""WHEAT"", 15], [""BUY_SEED"", ""WHEAT"", 1]]","[[""HIRE""], [""HIRE""], [""HIRE""], [""HIRE""], [""HIRE""], [""BUY_ANIMAL"", ""COW"", 2], [""BUY_ANIMAL"", ""SHEEP"", 2]]"
w1_v15stack_race44.py (W1 re-upload),56521297,112922692,2026-09-24 15:47:55.872000,COMPLETED,EPISODE_TYPE_PUBLIC,0,79498,szlachetny snieg,16658700,56495054,1,79496,1,2175.9,1257,2000-2500,tape,"[[""BUY_PRODUCT"", ""WHEAT"", 20], [""SELL"", ""WHEAT"", 15], [""BUY_SEED"", ""WHEAT"", 1]]","[[""HIRE""], [""HIRE""], [""HIRE""], [""HIRE""], [""HIRE""], [""BUY_ANIMAL"", ""COW"", 2], [""BUY_ANIMAL"", ""SHEEP"", 2]]"
w1_v15stack_race44.py (W1 re-upload),56521297,112923158,2026-09-24 15:46:49.916000,COMPLETED,EPISODE_TYPE_PUBLIC,0,118783,haonan zhengh,16818313,56451427,1,118944,0,2324.0,912,2000-2500,tape,"[[""BUY_PRODUCT"", ""WHEAT"", 20], [""SELL"", ""WHEAT"", 15], [""BUY_SEED"", ""WHEAT"", 1]]","[[""HIRE""], [""HIRE""], [""HIRE""], [""HIRE""], [""HIRE""], [""BUY_ANIMAL"", ""COW"", 2], [""BUY_ANIMAL"", ""SHEEP"", 2]]"
w1_v15stack_race44.py (W1 re-upload),56521297,112921356,2026-09-24 15:44:12.897000,COMPLETED,EPISODE_TYPE_PUBLIC,0,77998,King-damon,16667080,56523774,1,80240,0,2401.0,704,2000-2500,tape,"[[""BUY_PRODUCT"", ""WHEAT"", 8], [""SELL"", ""WHEAT"", 3], [""BUY_SEED"", ""WHEAT"", 1]]","[[""HIRE""], [""HIRE""], [""HIRE""], [""HIRE""], [""HIRE""], [""BUY_ANIMAL"", ""COW"", 2], [""BUY_ANIMAL"", ""SHEEP"", 2]]"
w1_v15stack_race44.py (W1 re-upload),56521297,112920365,2026-09-24 15:42:20.394000,COMPLETED,EPISODE_TYPE_PUBLIC,0,128705,SA,16789990,56462073,1,128306,1,2046.8,1562,2000-2500,tape,"[[""BUY_PRODUCT"", ""WHEAT"", 5], [""BUY_SEED"", ""WHEAT"", 1]]","[[""HIRE""], [""HIRE""], [""HIRE""], [""HIRE""], [""HIRE""], [""BUY_ANIMAL"", ""COW"", 2], [""BUY_ANIMAL"", ""SHEEP"", 2]]"
w1_v15stack_race44.py (W1 re-upload),56521297,112919151,2026-09-24 15:36:15.958000,COMPLETED,EPISODE_TYPE_PUBLIC,0,78067,ZHOU HONGYI,16700204,56521937,1,81074,0,2609.5,219,2500-2800,tape,"[[""BUY_PRODUCT"", ""WHEAT"", 5], [""BUY_SEED"", ""WHEAT"", 1]]","[[""HIRE""], [""HIRE""], [""HIRE""], [""HIRE""], [""HIRE""], [""BUY_ANIMAL"", ""COW"", 2], [""BUY_ANIMAL"", ""SHEEP"", 2]]"
w1_v15stack_race44.py (W1 re-upload),56521297,112919285,2026-09-24 15:34:52.345000,COMPLETED,EPISODE_TYPE_PUBLIC,1,66829,Oakzen,16765834,56520460,0,66923,0,2111.3,1419,2000-2500,tape,"[[""BUY_PRODUCT"", ""WHEAT"", 8], [""SELL"", ""WHEAT"", 3], [""BUY_SEED"", ""WHEAT"", 1]]","[[""HIRE""], [""HIRE""], [""HIRE""], [""HIRE""], [""HIRE""], [""BUY_ANIMAL"", ""COW"", 2], [""BUY_ANIMAL"", ""SHEEP"", 2]]"
w1_v15stack_race44.py (W1 re-upload),56521297,112918012,2026-09-24 15:34:06.453000,COMPLETED,EPISODE_TYPE_PUBLIC,1,117462,linchuhan,16895106,56518889,0,117431,1,2362.1,814,2000-2500,tape,"[[""BUY_PRODUCT"", ""WHEAT"", 20], [""SELL"", ""WHEAT"", 15]]","[[""HIRE""], [""HIRE""], [""HIRE""], [""HIRE""], [""HIRE""], [""BUY_ANIMAL"", ""COW"", 2], [""BUY_ANIMAL"", ""SHEEP"", 2]]"
w1_v15stack_race44.py (W1 re-upload),56521297,112916369,2026-09-24 15:28:29.268000,COMPLETED,EPISODE_TYPE_PUBLIC,0,113812,Guilherme Raiuga,16776793,56523419,1,114430,0,2145.0,1340,2000-2500,tape,"[[""BUY_PRODUCT"", ""WHEAT"", 20], [""SELL"", ""WHEAT"", 15], [""BUY_SEED"", ""WHEAT"", 1]]","[[""HIRE""], [""HIRE""], [""HIRE""], [""HIRE""], [""HIRE""], [""BUY_ANIMAL"", ""COW"", 2], [""BUY_ANIMAL"", ""SHEEP"", 2]]"
w1_v15stack_race44.py (W1 re-upload),56521297,112916820,2026-09-24 15:27:14.958000,COMPLETED,EPISODE_TYPE_PUBLIC,1,93014,hidsaito,16727998,56521150,0,94217,0,2240.0,1102,2000-2500,tape,"[[""BUY_PRODUCT"", ""WHEAT"", 5], [""BUY_SEED"", ""WHEAT"", 1]]","[[""HIRE""], [""HIRE""], [""HIRE""], [""HIRE""], [""HIRE""], [""BUY_ANIMAL"", ""COW"", 2], [""BUY_ANIMAL"", ""SHEEP"", 2]]"
w1_v15stack_race44.py (W1 re-upload),56521297,112915631,2026-09-24 15:26:40.739000,COMPLETED,EPISODE_TYPE_PUBLIC,1,62831,Dresden,16817518,56513083,0,62947,0,2415.3,671,2000-2500,tape,"[[""BUY_PRODUCT"", ""WHEAT"", 20], [""SELL"", ""WHEAT"", 15], [""BUY_SEED"", ""WHEAT"", 1]]","[[""HIRE""], [""HIRE""], [""HIRE""], [""HIRE""], [""HIRE""], [""BUY_ANIMAL"", ""COW"", 2], [""BUY_ANIMAL"", ""SHEEP"", 2]]"
w1_v15stack_race44.py (W1 re-upload),56521297,112914465,2026-09-24 15:22:07.511000,COMPLETED,EPISODE_TYPE_PUBLIC,0,72831,Sathwik Chinthakayala,16679688,56509515,1,71178,1,2233.7,1111,2000-2500,tape,"[[""BUY_PRODUCT"", ""WHEAT"", 20], [""SELL"", ""WHEAT"", 15], [""BUY_SEED"", ""WHEAT"", 1]]","[[""HIRE""], [""HIRE""], [""HIRE""], [""HIRE""], [""HIRE""], [""BUY_ANIMAL"", ""COW"", 2], [""BUY_ANIMAL"", ""SHEEP"", 2]]"
w1_v15stack_race44.py (W1 re-upload),56521297,112913271,2026-09-24 15:16:29.087000,COMPLETED,EPISODE_TYPE_PUBLIC,1,112853,soraemon,16841434,56506157,0,112431,1,2305.3,963,2000-2500,tape,"[[""BUY_PRODUCT"", ""WHEAT"", 20], [""SELL"", ""WHEAT"", 15]]","[[""HIRE""], [""HIRE""], [""HIRE""], [""HIRE""], [""HIRE""], [""BUY_ANIMAL"", ""COW"", 2], [""BUY_ANIMAL"", ""SHEEP"", 2]]"
w1_v15stack_race44.py (W1 re-upload),56521297,112912087,2026-09-24 15:14:07.777000,COMPLETED,EPISODE_TYPE_PUBLIC,1,113217,zhudong1949,16855295,56508037,0,111531,1,2116.8,1400,2000-2500,tape,"[[""BUY_PRODUCT"", ""WHEAT"", 20], [""SELL"", ""WHEAT"", 15]]","[[""HIRE""], [""HIRE""], [""HIRE""], [""HIRE""], [""HIRE""], [""BUY_ANIMAL"", ""COW"", 2], [""BUY_ANIMAL"", ""SHEEP"", 2], [""BUY_SEED"", ""CARROT"", 1]]"
w1_v15stack_race44.py (W1 re-upload),56521297,112910894,2026-09-24 15:09:52.776000,COMPLETED,EPISODE_TYPE_PUBLIC,0,85420,Arul Prasad S P,16653982,56499979,1,84599,1,1701.5,2243,<2000,tape,"[[""BUY_PRODUCT"", ""WHEAT"", 20], [""SELL"", ""WHEAT"", 15], [""BUY_SEED"", ""WHEAT"", 1]]","[[""HIRE""], [""HIRE""], [""HIRE""], [""HIRE""], [""HIRE""], [""BUY_ANIMAL"", ""COW"", 2], [""BUY_ANIMAL"", ""SHEEP"", 2]]"
w1_v15stack_race44.py (W1 re-upload),56521297,112910211,2026-09-24 15:06:58.755000,COMPLETED,EPISODE_TYPE_PUBLIC,0,54152,Asterios Terzis,16801171,56514943,1,57315,0,2132.7,1369,2000-2500,tape,"[[""BUY_PRODUCT"", ""WHEAT"", 20], [""SELL"", ""WHEAT"", 15], [""BUY_SEED"", ""WHEAT"", 1]]","[[""HIRE""], [""HIRE""], [""HIRE""], [""HIRE""], [""HIRE""], [""BUY_ANIMAL"", ""COW"", 2], [""BUY_ANIMAL"", ""SHEEP"", 2]]"
w1_v15stack_race44.py (W1 re-upload),56521297,112909702,2026-09-24 15:05:52.579000,COMPLETED,EPISODE_TYPE_PUBLIC,0,142918,Sarthak Sharma ,16676455,56496586,1,142576,1,2297.7,981,2000-2500,tape,"[[""BUY_PRODUCT"", ""WHEAT"", 20], [""SELL"", ""WHEAT"", 15], [""BUY_SEED"", ""WHEAT"", 1]]","[[""HIRE""], [""HIRE""], [""HIRE""], [""HIRE""], [""HIRE""], [""BUY_ANIMAL"", ""COW"", 2], [""BUY_ANIMAL"", ""SHEEP"", 2]]"
w1_v15stack_race44.py (W1 re-upload),56521297,112908516,2026-09-24 14:59:05.023000,COMPLETED,EPISODE_TYPE_PUBLIC,1,127377,srijan k.r keshri,16705659,56515596,0,127101,1,2191.0,1209,2000-2500,tape,"[[""BUY_PRODUCT"", ""WHEAT"", 20], [""SELL"", ""WHEAT"", 15], [""BUY_SEED"", ""WHEAT"", 1]]","[[""HIRE""], [""HIRE""], [""HIRE""], [""HIRE""], [""HIRE""], [""BUY_ANIMAL"", ""COW"", 2], [""BUY_ANIMAL"", ""SHEEP"", 2]]"
w1_v15stack_race44.py (W1 re-upload),56521297,112907338,2026-09-24 14:57:41.918000,COMPLETED,EPISODE_TYPE_PUBLIC,1,75012,Benjamin H Pepper,16655150,56516167,0,75580,0,2114.2,1410,2000-2500,tape,"[[""BUY_PRODUCT"", ""WHEAT"", 5], [""BUY_SEED"", ""WHEAT"", 1], []]","[[""HIRE""], [""HIRE""], [""HIRE""], [""HIRE""], [""HIRE""], [""BUY_ANIMAL"", ""COW"", 2], [""BUY_ANIMAL"", ""SHEEP"", 2]]"
w1_v15stack_race44.py (W1 re-upload),56521297,112906173,2026-09-24 14:54:02.330000,COMPLETED,EPISODE_TYPE_PUBLIC,1,78864,Boredom,16758982,56460653,0,78576,1,2311.3,943,2000-2500,tape,"[[""BUY_PRODUCT"", ""WHEAT"", 5]]","[[""BUY_SEED"", ""WHEAT"", 7], [""BUY_SEED"", ""MELON"", 12], [""HIRE""], [""HIRE""], [""HIRE""], [""HIRE""], [""HIRE""], [""BUY_ANIMAL"", ""COW"", 2], [""BUY_ANIMAL"", ""SHEEP"", 2]]"
w1_v15stack_race44.py (W1 re-upload),56521297,112905004,2026-09-24 14:46:59.617000,COMPLETED,EPISODE_TYPE_PUBLIC,1,130148,zhangsan1224789,16931056,56495425,0,128973,1,2108.4,1424,2000-2500,tape,"[[""BUY_PRODUCT"", ""WHEAT"", 20], [""SELL"", ""WHEAT"", 15], [""BUY_SEED"", ""WHEAT"", 1]]","[[""HIRE""], [""HIRE""], [""HIRE""], [""HIRE""], [""HIRE""], [""BUY_ANIMAL"", ""COW"", 2], [""BUY_ANIMAL"", ""SHEEP"", 2]]"
w1_v15stack_race44.py (W1 re-upload),56521297,112903819,2026-09-24 14:42:37.491000,COMPLETED,EPISODE_TYPE_PUBLIC,0,128919,Dresden,16817518,56513083,1,129165,0,2415.3,671,2000-2500,tape,"[[""BUY_PRODUCT"", ""WHEAT"", 20], [""SELL"", ""WHEAT"", 15], [""BUY_SEED"", ""WHEAT"", 1]]","[[""HIRE""], [""HIRE""], [""HIRE""], [""HIRE""], [""HIRE""], [""BUY_ANIMAL"", ""COW"", 2], [""BUY_ANIMAL"", ""SHEEP"", 2]]"
w1_v15stack_race44.py (W1 re-upload),56521297,112903343,2026-09-24 14:40:34.823000,COMPLETED,EPISODE_TYPE_PUBLIC,0,110384,Gaiar Baimuratov,16805370,56516606,1,133023,0,2428.6,642,2000-2500,tape,"[[""BUY_PRODUCT"", ""WHEAT"", 8], [""SELL"", ""WHEAT"", 8], [""BUY_PRODUCT"", ""WHEAT"", 5], [""BUY_SEED"", ""WHEAT"", 1]]","[[""HIRE""], [""HIRE""], [""HIRE""], [""HIRE""], [""HIRE""], [""BUY_ANIMAL"", ""COW"", 2], [""BUY_ANIMAL"", ""SHEEP"", 2]]"
w1_v15stack_race44.py (W1 re-upload),56521297,112902652,2026-09-24 14:39:03.939000,COMPLETED,EPISODE_TYPE_PUBLIC,1,89309,eliasruntime,16762195,56456193,0,89384,0,2127.3,1375,2000-2500,tape,"[[""BUY_PRODUCT"", ""WHEAT"", 7], [""SELL"", ""WHEAT"", 2]]","[[""BUY_PRODUCT"", ""WHEAT"", 30], [""HIRE""], [""HIRE""], [""HIRE""], [""HIRE""], [""HIRE""], [""BUY_ANIMAL"", ""COW"", 2], [""BUY_ANIMAL"", ""SHEEP"", 2]]"
w1_v15stack_race44.py (W1 re-upload),56521297,112901476,2026-09-24 14:36:16.747000,COMPLETED,EPISODE_TYPE_PUBLIC,1,74773,koren sabag,16685763,56522257,0,75989,0,2724.0,80,2500-2800,tape,"[[""BUY_PRODUCT"", ""WHEAT"", 5], [""BUY_SEED"", ""WHEAT"", 1]]","[[""HIRE""], [""HIRE""], [""HIRE""], [""HIRE""], [""HIRE""], [""BUY_ANIMAL"", ""COW"", 2], [""BUY_ANIMAL"", ""SHEEP"", 2]]"
w1_v15stack_race44.py (W1 re-upload),56521297,112900311,2026-09-24 14:30:46.484000,COMPLETED,EPISODE_TYPE_PUBLIC,0,104415,Nisshi888880,16886400,56480423,1,104036,1,2116.7,1401,2000-2500,tape,"[[""BUY_PRODUCT"", ""WHEAT"", 20], [""SELL"", ""WHEAT"", 15], [""BUY_SEED"", ""WHEAT"", 1]]","[[""HIRE""], [""HIRE""], [""HIRE""], [""HIRE""], [""HIRE""], [""BUY_ANIMAL"", ""COW"", 2], [""BUY_ANIMAL"", ""SHEEP"", 2]]"
w1_v15stack_race44.py (W1 re-upload),56521297,112899128,2026-09-24 14:30:10.551000,COMPLETED,EPISODE_TYPE_PUBLIC,0,101292,holyholy,16886640,56517811,1,100988,1,2197.2,1197,2000-2500,tape,"[[""BUY_PRODUCT"", ""WHEAT"", 20], [""SELL"", ""WHEAT"", 15], [""BUY_SEED"", ""WHEAT"", 1]]","[[""HIRE""], [""HIRE""], [""HIRE""], [""HIRE""], [""HIRE""], [""BUY_ANIMAL"", ""COW"", 2], [""BUY_ANIMAL"", ""SHEEP"", 2]]"
w1_v15stack_race44.py (W1 re-upload),56521297,112898895,2026-09-24 14:28:15.020000,COMPLETED,EPISODE_TYPE_PUBLIC,1,66947,yuki #2,16689881,56521917,0,68707,0,2578.6,281,2500-2800,tape,"[[""BUY_PRODUCT"", ""WHEAT"", 5], [""BUY_SEED"", ""WHEAT"", 1]]","[[""HIRE""], [""HIRE""], [""HIRE""], [""HIRE""], [""HIRE""], [""BUY_ANIMAL"", ""COW"", 2], [""BUY_ANIMAL"", ""SHEEP"", 2]]"
w1_v15stack_race44.py (W1 re-upload),56521297,112898190,2026-09-24 14:26:17.006000,COMPLETED,EPISODE_TYPE_PUBLIC,1,74812,LuanHengYu,16775473,56519694,0,74945,0,2302.2,967,2000-2500,tape,"[[""BUY_PRODUCT"", ""WHEAT"", 20], [""SELL"", ""WHEAT"", 15], [""BUY_SEED"", ""WHEAT"", 1]]","[[""HIRE""], [""HIRE""], [""HIRE""], [""HIRE""], [""HIRE""], [""BUY_ANIMAL"", ""COW"", 2], [""BUY_ANIMAL"", ""SHEEP"", 2]]"
w1_v15stack_race44.py (W1 re-upload),56521297,112897934,2026-09-24 14:23:22.955000,COMPLETED,EPISODE_TYPE_PUBLIC,0,65217,おかゆん,16845833,56511804,1,65650,0,2505.7,435,2500-2800,tape,"[[""BUY_PRODUCT"", ""WHEAT"", 20], [""SELL"", ""WHEAT"", 15], [""BUY_SEED"", ""WHEAT"", 1]]","[[""HIRE""], [""HIRE""], [""HIRE""], [""HIRE""], [""HIRE""], [""BUY_ANIMAL"", ""COW"", 2], [""BUY_ANIMAL"", ""SHEEP"", 2]]"
w1_v15stack_race44.py (W1 re-upload),56521297,112896762,2026-09-24 14:22:28.119000,COMPLETED,EPISODE_TYPE_PUBLIC,1,107426,Arul Prasad S P,16653982,56499979,0,108603,0,1701.5,2243,<2000,tape,"[[""BUY_PRODUCT"", ""WHEAT"", 20], [""SELL"", ""WHEAT"", 15], [""BUY_SEED"", ""WHEAT"", 1]]","[[""HIRE""], [""HIRE""], [""HIRE""], [""HIRE""], [""HIRE""], [""BUY_ANIMAL"", ""COW"", 2], [""BUY_ANIMAL"", ""SHEEP"", 2]]"
w1_v15stack_race44.py (W1 re-upload),56521297,112895601,2026-09-24 14:18:20.956000,COMPLETED,EPISODE_TYPE_PUBLIC,0,128470,Hibachi Fried Rice,16927137,56501826,1,127800,1,2093.9,1459,2000-2500,tape,"[[""BUY_PRODUCT"", ""WHEAT"", 20], [""SELL"", ""WHEAT"", 15], [""BUY_SEED"", ""WHEAT"", 1]]","[[""SELL"", ""WHEAT"", 5], [""BUY_PRODUCT"", ""WHEAT"", 5], [""HIRE""], [""HIRE""], [""HIRE""], [""HIRE""], [""HIRE""], [""BUY_ANIMAL"", ""COW"", 2], [""BUY_ANIMAL"", ""SHEEP"", 2]]"
w1_v15stack_race44.py (W1 re-upload),56521297,112894365,2026-09-24 14:12:25.998000,COMPLETED,EPISODE_TYPE_PUBLIC,1,112762,tyson,16942000,56478737,0,112819,0,2314.2,936,2000-2500,tape,"[[""BUY_PRODUCT"", ""WHEAT"", 20], [""SELL"", ""WHEAT"", 15], [""BUY_SEED"", ""WHEAT"", 1]]","[[""HIRE""], [""HIRE""], [""HIRE""], [""HIRE""], [""HIRE""], [""BUY_ANIMAL"", ""COW"", 2], [""BUY_ANIMAL"", ""SHEEP"", 2]]"
w1_v15stack_race44.py (W1 re-upload),56521297,112893193,2026-09-24 14:07:21.597000,COMPLETED,EPISODE_TYPE_PUBLIC,0,107040,ouga,16770089,56505305,1,107839,0,1870.1,1900,<2000,tape,"[[""BUY_PRODUCT"", ""WHEAT"", 8], [""SELL"", ""WHEAT"", 3], [""BUY_SEED"", ""WHEAT"", 1]]","[[""HIRE""], [""HIRE""], [""HIRE""], [""HIRE""], [""HIRE""], [""BUY_ANIMAL"", ""COW"", 2], [""BUY_ANIMAL"", ""SHEEP"", 2]]"
w1_v15stack_race44.py (W1 re-upload),56521297,112892038,2026-09-24 14:04:32.993000,COMPLETED,EPISODE_TYPE_PUBLIC,0,61624,AcidicBlaster,16919615,56408265,1,60866,1,2348.5,847,2000-2500,tape,"[[""BUY_PRODUCT"", ""WHEAT"", 5], [""BUY_SEED"", ""WHEAT"", 1]]","[[""HIRE""], [""HIRE""], [""HIRE""], [""HIRE""], [""HIRE""], [""BUY_ANIMAL"", ""COW"", 2], [""BUY_ANIMAL"", ""SHEEP"", 2]]"
w1_v15stack_race44.py (W1 re-upload),56521297,112890868,2026-09-24 14:01:43.935000,COMPLETED,EPISODE_TYPE_PUBLIC,1,85724,shyjin,16734580,56469824,0,87260,0,2701.9,92,2500-2800,tape,"[[""BUY_PRODUCT"", ""WHEAT"", 7], [""SELL"", ""WHEAT"", 2]]","[[""BUY_PRODUCT"", ""WHEAT"", 10], [""HIRE""], [""HIRE""], [""HIRE""], [""HIRE""], [""BUY_ANIMAL"", ""COW"", 2], [""BUY_ANIMAL"", ""SHEEP"", 2]]"
w1_v15stack_race44.py (W1 re-upload),56521297,112889664,2026-09-24 13:57:15.031000,COMPLETED,EPISODE_TYPE_PUBLIC,0,92426,micro,16930633,56505876,1,89771,1,2447.6,570,2000-2500,tape,"[[""BUY_PRODUCT"", ""WHEAT"", 20], [""SELL"", ""WHEAT"", 15], [""BUY_SEED"", ""WHEAT"", 1]]","[[""HIRE""], [""HIRE""], [""HIRE""], [""HIRE""], [""HIRE""], [""BUY_ANIMAL"", ""COW"", 2], [""BUY_ANIMAL"", ""SHEEP"", 2]]"
w1_v15stack_race44.py (W1 re-upload),56521297,112888502,2026-09-24 13:54:05.304000,COMPLETED,EPISODE_TYPE_PUBLIC,0,89006,ctree4113,16933749,56516204,1,87585,1,2133.1,1366,2000-2500,tape,"[[""BUY_PRODUCT"", ""WHEAT"", 20], [""SELL"", ""WHEAT"", 15], [""BUY_SEED"", ""WHEAT"", 1]]","[[""HIRE""], [""HIRE""], [""HIRE""], [""HIRE""], [""HIRE""], [""BUY_ANIMAL"", ""COW"", 2], [""BUY_ANIMAL"", ""SHEEP"", 2]]"
w1_v15stack_race44.py (W1 re-upload),56521297,112887278,2026-09-24 13:48:54.734000,COMPLETED,EPISODE_TYPE_PUBLIC,0,93137,Adrian Phillips,16935319,56485966,1,93218,0,2117.9,1396,2000-2500,tape,"[[""BUY_PRODUCT"", ""WHEAT"", 20], [""SELL"", ""WHEAT"", 15], [""BUY_SEED"", ""WHEAT"", 1]]","[[""SELL"", ""WHEAT"", 5], [""BUY_PRODUCT"", ""WHEAT"", 5], [""HIRE""], [""HIRE""], [""HIRE""], [""HIRE""], [""HIRE""], [""BUY_ANIMAL"", ""COW"", 2], [""BUY_ANIMAL"", ""SHEEP"", 2]]"
w1_v15stack_race44.py (W1 re-upload),56521297,112886123,2026-09-24 13:45:25.355000,COMPLETED,EPISODE_TYPE_PUBLIC,1,97276,Sergei Fironov,16736931,56454630,0,96962,1,2179.6,1249,2000-2500,tape,"[[""BUY_PRODUCT"", ""WHEAT"", 20], [""SELL"", ""WHEAT"", 15], [""BUY_SEED"", ""WHEAT"", 1]]","[[""HIRE""], [""HIRE""], [""HIRE""], [""HIRE""], [""HIRE""], [""BUY_ANIMAL"", ""COW"", 2], [""BUY_ANIMAL"", ""SHEEP"", 2]]"
w1_v15stack_race44.py (W1 re-upload),56521297,112884899,2026-09-24 13:38:52.955000,COMPLETED,EPISODE_TYPE_PUBLIC,1,102575,WUZB,16853540,56481077,0,102207,1,2300.5,970,2000-2500,tape,"[[""BUY_PRODUCT"", ""WHEAT"", 20], [""SELL"", ""WHEAT"", 15], [""BUY_SEED"", ""WHEAT"", 1]]","[[""HIRE""], [""HIRE""], [""HIRE""], [""HIRE""], [""HIRE""], [""BUY_ANIMAL"", ""COW"", 2], [""BUY_ANIMAL"", ""SHEEP"", 2]]"
w1_v15stack_race44.py (W1 re-upload),56521297,112884745,2026-09-24 13:37:28.792000,COMPLETED,EPISODE_TYPE_PUBLIC,1,75051,Bryan Pauze,16851133,56508091,0,74511,1,2226.2,1127,2000-2500,tape,"[[""BUY_PRODUCT"", ""WHEAT"", 20], [""SELL"", ""WHEAT"", 15], [""BUY_SEED"", ""WHEAT"", 1]]","[[""HIRE""], [""HIRE""], [""HIRE""], [""HIRE""], [""HIRE""], [""BUY_ANIMAL"", ""COW"", 2], [""BUY_ANIMAL"", ""SHEEP"", 2]]"
w1_v15stack_race44.py (W1 re-upload),56521297,112883686,2026-09-24 13:35:40.066000,COMPLETED,EPISODE_TYPE_PUBLIC,1,87133,Jane Street Farmers,16814417,56521312,0,87498,0,2434.6,616,2000-2500,tape,"[[""BUY_PRODUCT"", ""WHEAT"", 20], [""SELL"", ""WHEAT"", 15], [""BUY_SEED"", ""WHEAT"", 1]]","[[""HIRE""], [""HIRE""], [""HIRE""], [""HIRE""], [""HIRE""], [""BUY_ANIMAL"", ""COW"", 2], [""BUY_ANIMAL"", ""SHEEP"", 2]]"
w1_v15stack_race44.py (W1 re-upload),56521297,112882538,2026-09-24 13:31:41.227000,COMPLETED,EPISODE_TYPE_PUBLIC,0,61082,mraz1006,16749079,56417838,1,60419,1,1970.6,1714,<2000,tape,"[[""BUY_PRODUCT"", ""WHEAT"", 20], [""SELL"", ""WHEAT"", 15], [""BUY_SEED"", ""WHEAT"", 1]]","[[""HIRE""], [""HIRE""], [""HIRE""], [""HIRE""], [""HIRE""], [""BUY_ANIMAL"", ""COW"", 2], [""BUY_ANIMAL"", ""SHEEP"", 2]]"
w1_v15stack_race44.py (W1 re-upload),56521297,112881387,2026-09-24 13:26:34.137000,COMPLETED,EPISODE_TYPE_PUBLIC,0,98126,Dom Bavuso,16932335,56507099,1,96951,1,2148.9,1331,2000-2500,tape,"[[""BUY_PRODUCT"", ""WHEAT"", 20], [""SELL"", ""WHEAT"", 15], [""BUY_SEED"", ""WHEAT"", 1]]","[[""HIRE""], [""HIRE""], [""HIRE""], [""HIRE""], [""HIRE""], [""BUY_ANIMAL"", ""COW"", 2], [""BUY_ANIMAL"", ""SHEEP"", 2]]"
w1_v15stack_race44.py (W1 re-upload),56521297,112880241,2026-09-24 13:23:56.310000,COMPLETED,EPISODE_TYPE_PUBLIC,0,112651,Hanh Tran,16662314,56275824,1,101155,1,1580.4,2482,<2000,tape,"[[""BUY_PRODUCT"", ""WHEAT"", 70], [""SELL"", ""WHEAT"", 70]]","[[""SELL"", ""WHEAT"", 13], [""BUY_PRODUCT"", ""WHEAT"", 5], [""HIRE""], [""HIRE""], [""HIRE""], [""HIRE""], [""HIRE""], [""BUY_ANIMAL"", ""COW"", 2], [""BUY_ANIMAL"", ""SHEEP"", 2]]"
w1_v15stack_race44.py (W1 re-upload),56521297,112879104,2026-09-24 13:20:35.770000,COMPLETED,EPISODE_TYPE_PUBLIC,0,102083,yuikag,16740431,56267617,1,100130,1,1502.6,2677,<2000,tape,"[[""BUY_PRODUCT"", ""WHEAT"", 13], [""BUY_PRODUCT"", ""WHEAT"", 30], [""SELL"", ""WHEAT"", 30]]","[[""SELL"", ""WHEAT"", 13], [""BUY_PRODUCT"", ""WHEAT"", 5], [""HIRE""], [""HIRE""], [""HIRE""], [""HIRE""], [""HIRE""], [""BUY_ANIMAL"", ""COW"", 2], [""BUY_ANIMAL"", ""SHEEP"", 2]]"
w1_v15stack_race44.py (W1 re-upload),56521297,112877948,2026-09-24 13:18:08.548000,COMPLETED,EPISODE_TYPE_PUBLIC,1,115026,Hakkı Besim Bardakçı,16841940,56407436,0,109026,1,1705.0,2236,<2000,tape,"[[""SELL"", ""WHEAT"", 999], [""BUY_PRODUCT"", ""WHEAT"", 7]]","[[""HIRE""], [""HIRE""], [""HIRE""], [""HIRE""], [""HIRE""], [""BUY_ANIMAL"", ""COW"", 2], [""BUY_ANIMAL"", ""SHEEP"", 2]]"
w1_v15stack_race44.py (W1 re-upload),56521297,112876841,2026-09-24 13:12:06.332000,COMPLETED,EPISODE_TYPE_PUBLIC,1,101066,Risha Apps,16848095,56101652,0,79757,1,1295.4,3165,<2000,tape,"[[""BUY_PRODUCT"", ""WHEAT"", 13]]","[[""SELL"", ""WHEAT"", 8], [""BUY_SEED"", ""WHEAT"", 7], [""HIRE""], [""HIRE""], [""HIRE""], [""HIRE""], [""HIRE""], [""BUY_ANIMAL"", ""COW"", 2], [""BUY_ANIMAL"", ""SHEEP"", 2]]"
w1_v15stack_race44.py (W1 re-upload),56521297,112875666,2026-09-24 13:09:16.973000,COMPLETED,EPISODE_TYPE_PUBLIC,1,87322,SpiralTip,16688450,56176210,0,79365,1,1267.0,3243,<2000,tape,"[[""BUY_PRODUCT"", ""WHEAT"", 13], [""SELL"", ""WHEAT"", 13], [""BUY_PRODUCT"", ""WHEAT"", 13]]","[[""SELL"", ""WHEAT"", 13], [""BUY_PRODUCT"", ""WHEAT"", 5], [""HIRE""], [""HIRE""], [""HIRE""], [""HIRE""], [""HIRE""], [""BUY_ANIMAL"", ""COW"", 2], [""BUY_ANIMAL"", ""SHEEP"", 2]]"
w1_v15stack_race44.py (W1 re-upload),56521297,112874514,2026-09-24 13:04:20.267000,COMPLETED,EPISODE_TYPE_PUBLIC,1,128719,Natalia Mawyin,16688642,55874848,0,112084,1,1138.3,3605,<2000,tape,[],"[[""BUY_PRODUCT"", ""WHEAT"", 5], [""BUY_SEED"", ""WHEAT"", 7], [""BUY_SEED"", ""MELON"", 12], [""HIRE""], [""HIRE""], [""HIRE""], [""HIRE""], [""HIRE""], [""BUY_ANIMAL"", ""COW"", 2], [""BUY_ANIMAL"", ""SHEEP"", 2]]"
w1_v15stack_race44.py (W1 re-upload),56521297,112873362,2026-09-24 13:02:00.503000,COMPLETED,EPISODE_TYPE_PUBLIC,1,97311,LE4VES,16725410,56093083,0,66442,1,1109.3,3682,<2000,tape,[],"[[""BUY_PRODUCT"", ""WHEAT"", 5], [""BUY_SEED"", ""WHEAT"", 7], [""BUY_SEED"", ""MELON"", 12], [""HIRE""], [""HIRE""], [""HIRE""], [""HIRE""], [""HIRE""], [""BUY_ANIMAL"", ""COW"", 2], [""BUY_ANIMAL"", ""SHEEP"", 2]]"
w1_v15stack_race44.py (W1 re-upload),56521297,112872209,2026-09-24 12:55:47.955000,COMPLETED,EPISODE_TYPE_PUBLIC,1,138372,Erik van de Ven,16622627,56495098,0,105283,1,991.9,4057,<2000,other,"[[""HIRE""], [""HIRE""], [""HIRE""], [""HIRE""], [""HIRE""], [""BUY_ANIMAL"", ""COW"", 2], [""BUY_ANIMAL"", ""SHEEP"", 2], [""BUY_SEED"", ""WHEAT"", 7], [""BUY_SEED"", ""MELON"", 12], [""BUY_PRODUCT"", ""WHEAT"", 6]]","[[""SELL"", ""WHEAT"", 3]]"
w1_v15stack_race44.py (W1 re-upload),56521297,112871025,2026-09-24 12:51:23.218000,COMPLETED,EPISODE_TYPE_PUBLIC,1,122814,narihz,16927981,56428679,0,82563,1,1727.5,2188,<2000,other,"[[""BUY_PRODUCT"", ""WHEAT"", 14], [""HIRE""], [""HIRE""], [""HIRE""], [""HIRE""], [""BUY_ANIMAL"", ""COW"", 1], [""BUY_ANIMAL"", ""SHEEP"", 4], [""BUY_SEED"", ""MELON"", 5], [""BUY_SEED"", ""WHEAT"", 5], [""HIRE""]]","[[""SELL"", ""WHEAT"", 9], [""BUY_SEED"", ""MELON"", 3], [""BUY_SEED"", ""WHEAT"", 2]]"
w1_v15stack_race44.py (W1 re-upload),56521297,112869916,2026-09-24 12:46:58.847000,COMPLETED,EPISODE_TYPE_PUBLIC,1,93451,Big Moo,16760101,55756865,0,62825,1,809.9,4799,<2000,other,"[[""HIRE""], [""HIRE""], [""HIRE""], [""HIRE""], [""HIRE""], [""BUY_ANIMAL"", ""SHEEP"", 2], [""BUY_ANIMAL"", ""COW"", 2], [""BUY_SEED"", ""MELON"", 11], [""BUY_SEED"", ""WHEAT"", 6], [""BUY_PRODUCT"", ""WHEAT"", 4]]","[[""SELL"", ""WHEAT"", 4]]"
w1_v15stack_race44.py (W1 re-upload),56521297,112868791,2026-09-24 12:43:16.462000,COMPLETED,EPISODE_TYPE_PUBLIC,1,187321,inversion,16663437,55249639,0,22244,1,556.1,6468,<2000,other,"[[""BUY_SEED"", ""MELON"", 22], [""BUY_SEED"", ""WHEAT"", 3]]",[]
"w3_herdsafe2700.py (W3, main.py)",56518334,112920040,2026-09-24 15:41:33.645000,COMPLETED,EPISODE_TYPE_PUBLIC,0,99432,AI是我的豆包,16728071,56522740,1,93735,1,2817.2,31,>2800,other,"[[""HIRE""], [""HIRE""], [""HIRE""], [""HIRE""], [""BUY_PRODUCT"", ""WHEAT"", 4], [""BUY_ANIMAL"", ""COW"", 2], [""BUY_ANIMAL"", ""SHEEP"", 3]]",[]
"w3_herdsafe2700.py (W3, main.py)",56518334,112916994,2026-09-24 15:29:10.693000,COMPLETED,EPISODE_TYPE_PUBLIC,0,136339,kiki yi2,16823957,56519988,1,136592,0,2490.6,472,2000-2500,tape,"[[""BUY_PRODUCT"", ""WHEAT"", 8], [""SELL"", ""WHEAT"", 3], [""BUY_SEED"", ""WHEAT"", 1]]","[[""HIRE""], [""HIRE""], [""HIRE""], [""HIRE""], [""HIRE""], [""BUY_ANIMAL"", ""COW"", 2], [""BUY_ANIMAL"", ""SHEEP"", 2]]"
"w3_herdsafe2700.py (W3, main.py)",56518334,112915838,2026-09-24 15:25:51.939000,COMPLETED,EPISODE_TYPE_PUBLIC,1,121308,KongKongDe,16762248,56519976,0,122034,0,2344.2,860,2000-2500,tape,"[[""BUY_PRODUCT"", ""WHEAT"", 20], [""SELL"", ""WHEAT"", 15], [""BUY_SEED"", ""WHEAT"", 1]]","[[""SELL"", ""WHEAT"", 5], [""BUY_PRODUCT"", ""WHEAT"", 5], [""HIRE""], [""HIRE""], [""HIRE""], [""HIRE""], [""HIRE""], [""BUY_ANIMAL"", ""COW"", 2], [""BUY_ANIMAL"", ""SHEEP"", 2]]"
"w3_herdsafe2700.py (W3, main.py)",56518334,112912515,2026-09-24 15:14:01.630000,COMPLETED,EPISODE_TYPE_PUBLIC,1,93709,Matsu,16709967,56520927,0,94757,0,2532.4,376,2500-2800,tape,"[[""BUY_PRODUCT"", ""WHEAT"", 20], [""SELL"", ""WHEAT"", 15], [""BUY_SEED"", ""WHEAT"", 1]]","[[""HIRE""], [""HIRE""], [""HIRE""], [""HIRE""], [""HIRE""], [""BUY_ANIMAL"", ""COW"", 2], [""BUY_ANIMAL"", ""SHEEP"", 2]]"
"w3_herdsafe2700.py (W3, main.py)",56518334,112905391,2026-09-24 14:48:38.197000,COMPLETED,EPISODE_TYPE_PUBLIC,1,62005,Yoshiki_Nakamura,16940889,56516635,0,63072,0,2477.6,499,2000-2500,tape,"[[""BUY_PRODUCT"", ""WHEAT"", 6], [""SELL"", ""WHEAT"", 6], [""SELL"", ""WHEAT"", 0], [""BUY_PRODUCT"", ""WHEAT"", 11], [""SELL"", ""WHEAT"", 11], [""BUY_PRODUCT"", ""WHEAT"", 19], [""SELL"", ""WHEAT"", 19], [""BUY_PRODUCT"", ""WHEAT"", 19], [""SELL"", ""WHEAT"", 14]]","[[""BUY_PRODUCT"", ""WHEAT"", 24], [""SELL"", ""WHEAT"", 24], [""HIRE""], [""HIRE""], [""HIRE""], [""HIRE""], [""HIRE""], [""BUY_ANIMAL"", ""COW"", 2], [""BUY_ANIMAL"", ""SHEEP"", 2]]"
"w3_herdsafe2700.py (W3, main.py)",56518334,112904178,2026-09-24 14:45:27.934000,COMPLETED,EPISODE_TYPE_PUBLIC,1,76792,alex chilton,16632291,56487207,0,77023,0,2537.0,366,2500-2800,tape,"[[""BUY_PRODUCT"", ""WHEAT"", 20], [""SELL"", ""WHEAT"", 15], [""BUY_SEED"", ""WHEAT"", 1]]","[[""HIRE""], [""HIRE""], [""HIRE""], [""HIRE""], [""HIRE""], [""BUY_ANIMAL"", ""COW"", 2], [""BUY_ANIMAL"", ""SHEEP"", 2]]"
"w3_herdsafe2700.py (W3, main.py)",56518334,112903026,2026-09-24 14:40:12.551000,COMPLETED,EPISODE_TYPE_PUBLIC,0,92335,cmasch,16632715,56520809,1,91501,1,2497.2,452,2000-2500,tape,"[[""BUY_PRODUCT"", ""WHEAT"", 10], [""SELL"", ""WHEAT"", 5], [""BUY_SEED"", ""WHEAT"", 1]]","[[""HIRE""], [""HIRE""], [""HIRE""], [""HIRE""], [""HIRE""], [""BUY_ANIMAL"", ""COW"", 2], [""BUY_ANIMAL"", ""SHEEP"", 2]]"
"w3_herdsafe2700.py (W3, main.py)",56518334,112903025,2026-09-24 14:40:05.055000,COMPLETED,EPISODE_TYPE_PUBLIC,1,118160,michael duong,16923012,56518529,0,118301,0,2597.1,241,2500-2800,tape,"[[""BUY_PRODUCT"", ""WHEAT"", 10], [""SELL"", ""WHEAT"", 5], [""BUY_SEED"", ""WHEAT"", 1]]","[[""HIRE""], [""HIRE""], [""HIRE""], [""HIRE""], [""HIRE""], [""BUY_ANIMAL"", ""COW"", 2], [""BUY_ANIMAL"", ""SHEEP"", 2]]"
"w3_herdsafe2700.py (W3, main.py)",56518334,112901869,2026-09-24 14:37:05.852000,COMPLETED,EPISODE_TYPE_PUBLIC,1,105483,HuaLQin,16683288,56483458,0,104622,1,2498.8,450,2000-2500,tape,"[[""BUY_PRODUCT"", ""WHEAT"", 8], [""SELL"", ""WHEAT"", 3], [""BUY_SEED"", ""WHEAT"", 1]]","[[""HIRE""], [""HIRE""], [""HIRE""], [""HIRE""], [""HIRE""], [""BUY_ANIMAL"", ""COW"", 2], [""BUY_ANIMAL"", ""SHEEP"", 2]]"
"w3_herdsafe2700.py (W3, main.py)",56518334,112901809,2026-09-24 14:35:05.926000,COMPLETED,EPISODE_TYPE_PUBLIC,0,80185,kitano0104,16872754,56518947,1,80484,0,2429.9,635,2000-2500,tape,"[[""BUY_PRODUCT"", ""WHEAT"", 20], [""SELL"", ""WHEAT"", 15], [""BUY_SEED"", ""WHEAT"", 1]]","[[""HIRE""], [""HIRE""], [""HIRE""], [""HIRE""], [""HIRE""], [""BUY_ANIMAL"", ""COW"", 2], [""BUY_ANIMAL"", ""SHEEP"", 2]]"
"w3_herdsafe2700.py (W3, main.py)",56518334,112900684,2026-09-24 14:34:12.391000,COMPLETED,EPISODE_TYPE_PUBLIC,0,75877,Tejash Prakash,16913949,56485937,1,75279,1,2486.4,483,2000-2500,tape,"[[""BUY_PRODUCT"", ""WHEAT"", 20], [""SELL"", ""WHEAT"", 15], [""BUY_SEED"", ""WHEAT"", 1]]","[[""HIRE""], [""HIRE""], [""HIRE""], [""HIRE""], [""HIRE""], [""BUY_ANIMAL"", ""COW"", 2], [""BUY_ANIMAL"", ""SHEEP"", 2]]"
"w3_herdsafe2700.py (W3, main.py)",56518334,112900389,2026-09-24 14:31:13.892000,COMPLETED,EPISODE_TYPE_PUBLIC,1,102601,Aaweg,16658248,56520841,0,102044,1,2575.7,287,2500-2800,tape,"[[""BUY_PRODUCT"", ""WHEAT"", 5], [""BUY_SEED"", ""WHEAT"", 1]]","[[""HIRE""], [""HIRE""], [""HIRE""], [""HIRE""], [""HIRE""], [""BUY_ANIMAL"", ""COW"", 2], [""BUY_ANIMAL"", ""SHEEP"", 2]]"
"w3_herdsafe2700.py (W3, main.py)",56518334,112899508,2026-09-24 14:29:34.125000,COMPLETED,EPISODE_TYPE_PUBLIC,1,89571,kk.sky.9k,16876180,56519718,0,90005,0,2460.2,540,2000-2500,tape,"[[""BUY_PRODUCT"", ""WHEAT"", 13], [""SELL"", ""WHEAT"", 8], [""BUY_SEED"", ""WHEAT"", 1]]","[[""HIRE""], [""HIRE""], [""HIRE""], [""HIRE""], [""HIRE""], [""BUY_ANIMAL"", ""COW"", 2], [""BUY_ANIMAL"", ""SHEEP"", 2]]"
"w3_herdsafe2700.py (W3, main.py)",56518334,112898334,2026-09-24 14:26:17.059000,COMPLETED,EPISODE_TYPE_PUBLIC,0,112402,Ibar-Aki,16854869,56477082,1,116637,0,2474.2,507,2000-2500,tape,"[[""BUY_PRODUCT"", ""WHEAT"", 20], [""SELL"", ""WHEAT"", 15], [""BUY_SEED"", ""WHEAT"", 2]]","[[""HIRE""], [""HIRE""], [""HIRE""], [""HIRE""], [""HIRE""], [""BUY_ANIMAL"", ""COW"", 2], [""BUY_ANIMAL"", ""SHEEP"", 2]]"
"w3_herdsafe2700.py (W3, main.py)",56518334,112897148,2026-09-24 14:20:19.481000,COMPLETED,EPISODE_TYPE_PUBLIC,1,115154,sAIzeria Harness,16688732,56520383,0,115479,0,2570.4,295,2500-2800,tape,"[[""BUY_PRODUCT"", ""WHEAT"", 8], [""SELL"", ""WHEAT"", 8], [""BUY_PRODUCT"", ""WHEAT"", 5], [""BUY_SEED"", ""WHEAT"", 1]]","[[""SELL"", ""WHEAT"", 5], [""BUY_PRODUCT"", ""WHEAT"", 5], [""HIRE""], [""HIRE""], [""HIRE""], [""HIRE""], [""HIRE""], [""BUY_ANIMAL"", ""COW"", 2], [""BUY_ANIMAL"", ""SHEEP"", 2]]"
"w3_herdsafe2700.py (W3, main.py)",56518334,112895849,2026-09-24 14:18:02.522000,COMPLETED,EPISODE_TYPE_PUBLIC,0,70629,quantara.cv,16654783,56518868,1,72565,0,2665.0,129,2500-2800,tape,"[[""BUY_PRODUCT"", ""WHEAT"", 8], [""SELL"", ""WHEAT"", 8], [""BUY_PRODUCT"", ""WHEAT"", 5], [""BUY_SEED"", ""WHEAT"", 1]]","[[""HIRE""], [""HIRE""], [""HIRE""], [""HIRE""], [""HIRE""], [""BUY_ANIMAL"", ""COW"", 2], [""BUY_ANIMAL"", ""SHEEP"", 2]]"
"w3_herdsafe2700.py (W3, main.py)",56518334,112895855,2026-09-24 14:17:37.287000,COMPLETED,EPISODE_TYPE_PUBLIC,1,67870,mocatti,16726461,56486335,0,67337,1,2430.9,627,2000-2500,tape,"[[""BUY_PRODUCT"", ""WHEAT"", 8], [""SELL"", ""WHEAT"", 3], [""BUY_SEED"", ""WHEAT"", 1]]","[[""HIRE""], [""HIRE""], [""HIRE""], [""HIRE""], [""HIRE""], [""BUY_ANIMAL"", ""COW"", 2], [""BUY_ANIMAL"", ""SHEEP"", 2]]"
"w3_herdsafe2700.py (W3, main.py)",56518334,112894742,2026-09-24 14:14:05.898000,COMPLETED,EPISODE_TYPE_PUBLIC,1,102882,cabbage corp,16635108,56499484,0,102959,0,2471.0,513,2000-2500,tape,"[[""BUY_PRODUCT"", ""WHEAT"", 20], [""SELL"", ""WHEAT"", 15], [""BUY_SEED"", ""WHEAT"", 1]]","[[""SELL"", ""WHEAT"", 5], [""BUY_PRODUCT"", ""WHEAT"", 5], [""HIRE""], [""HIRE""], [""HIRE""], [""HIRE""], [""HIRE""], [""BUY_ANIMAL"", ""COW"", 2], [""BUY_ANIMAL"", ""SHEEP"", 2]]"
"w3_herdsafe2700.py (W3, main.py)",56518334,112893622,2026-09-24 14:09:12.029000,COMPLETED,EPISODE_TYPE_PUBLIC,1,91711,JALKARNA GAUTAM,16659081,56516337,0,91471,1,2542.9,360,2500-2800,tape,"[[""BUY_PRODUCT"", ""WHEAT"", 10], [""SELL"", ""WHEAT"", 10], [""BUY_SEED"", ""WHEAT"", 1]]","[[""BUY_PRODUCT"", ""WHEAT"", 5], [""HIRE""], [""HIRE""], [""HIRE""], [""HIRE""], [""HIRE""], [""BUY_ANIMAL"", ""COW"", 2], [""BUY_ANIMAL"", ""SHEEP"", 2]]"
"w3_herdsafe2700.py (W3, main.py)",56518334,112892422,2026-09-24 14:05:50.965000,COMPLETED,EPISODE_TYPE_PUBLIC,1,111380,TANG BUDU 19SD195,16778417,56502220,0,109690,1,2484.5,487,2000-2500,tape,"[[""BUY_PRODUCT"", ""WHEAT"", 5], [""BUY_SEED"", ""WHEAT"", 1]]","[[""HIRE""], [""HIRE""], [""HIRE""], [""HIRE""], [""HIRE""], [""BUY_ANIMAL"", ""COW"", 2], [""BUY_ANIMAL"", ""SHEEP"", 2]]"
"w3_herdsafe2700.py (W3, main.py)",56518334,112891265,2026-09-24 14:01:28.969000,COMPLETED,EPISODE_TYPE_PUBLIC,1,83447,sonny_01,16860129,56519385,0,83340,1,2499.4,447,2000-2500,tape,"[[""BUY_PRODUCT"", ""WHEAT"", 8], [""SELL"", ""WHEAT"", 8], [""BUY_PRODUCT"", ""WHEAT"", 5]]","[[""HIRE""], [""HIRE""], [""HIRE""], [""HIRE""], [""HIRE""], [""BUY_ANIMAL"", ""COW"", 2], [""BUY_ANIMAL"", ""SHEEP"", 2]]"
"w3_herdsafe2700.py (W3, main.py)",56518334,112890102,2026-09-24 13:57:04.890000,COMPLETED,EPISODE_TYPE_PUBLIC,0,99078,batuhan kalem,16631978,56469876,1,98871,1,2569.8,298,2500-2800,tape,"[[""BUY_PRODUCT"", ""WHEAT"", 10], [""SELL"", ""WHEAT"", 10], [""BUY_SEED"", ""WHEAT"", 1], [""BUY_PRODUCT"", ""WHEAT"", 5]]","[[""HIRE""], [""HIRE""], [""HIRE""], [""HIRE""], [""HIRE""], [""BUY_ANIMAL"", ""COW"", 2], [""BUY_ANIMAL"", ""SHEEP"", 2]]"
"w3_herdsafe2700.py (W3, main.py)",56518334,112888928,2026-09-24 13:52:29.143000,COMPLETED,EPISODE_TYPE_PUBLIC,1,98643,Beyond,16769411,56514987,0,97239,1,2443.3,585,2000-2500,tape,"[[""BUY_PRODUCT"", ""WHEAT"", 20], [""SELL"", ""WHEAT"", 15], [""BUY_SEED"", ""WHEAT"", 1]]","[[""HIRE""], [""HIRE""], [""HIRE""], [""HIRE""], [""HIRE""], [""BUY_ANIMAL"", ""COW"", 2], [""BUY_ANIMAL"", ""SHEEP"", 2]]"
"w3_herdsafe2700.py (W3, main.py)",56518334,112887754,2026-09-24 13:46:24.805000,COMPLETED,EPISODE_TYPE_PUBLIC,0,141560,Szymon Miłosz,16869614,56505372,1,140946,1,2482.6,490,2000-2500,tape,"[[""BUY_PRODUCT"", ""WHEAT"", 8], [""SELL"", ""WHEAT"", 8], [""BUY_PRODUCT"", ""WHEAT"", 5], [""BUY_SEED"", ""WHEAT"", 1]]","[[""HIRE""], [""HIRE""], [""HIRE""], [""HIRE""], [""HIRE""], [""BUY_ANIMAL"", ""COW"", 2], [""BUY_ANIMAL"", ""SHEEP"", 2]]"
"w3_herdsafe2700.py (W3, main.py)",56518334,112886582,2026-09-24 13:43:43.290000,COMPLETED,EPISODE_TYPE_PUBLIC,1,104959,Aryaman Chokhani,16654196,56516775,0,105273,0,2420.3,665,2000-2500,tape,"[[""BUY_PRODUCT"", ""WHEAT"", 8], [""SELL"", ""WHEAT"", 3], [""BUY_SEED"", ""WHEAT"", 1]]","[[""HIRE""], [""HIRE""], [""HIRE""], [""HIRE""], [""HIRE""], [""BUY_ANIMAL"", ""COW"", 2], [""BUY_ANIMAL"", ""SHEEP"", 2]]"
"w3_herdsafe2700.py (W3, main.py)",56518334,112885429,2026-09-24 13:41:44.212000,COMPLETED,EPISODE_TYPE_PUBLIC,1,98233,spencersi123,16810299,56499818,0,97799,1,2411.6,681,2000-2500,tape,"[[""BUY_PRODUCT"", ""WHEAT"", 20], [""SELL"", ""WHEAT"", 15]]","[[""HIRE""], [""HIRE""], [""HIRE""], [""HIRE""], [""HIRE""], [""BUY_ANIMAL"", ""COW"", 2], [""BUY_ANIMAL"", ""SHEEP"", 2], [""BUY_SEED"", ""WHEAT"", 1]]"
"w3_herdsafe2700.py (W3, main.py)",56518334,112884224,2026-09-24 13:35:07.693000,COMPLETED,EPISODE_TYPE_PUBLIC,0,60337,Sell wheat everyday💨,16693092,56489673,1,63137,0,2445.3,579,2000-2500,tape,"[[""BUY_PRODUCT"", ""WHEAT"", 20], [""SELL"", ""WHEAT"", 15]]","[[""HIRE""], [""HIRE""], [""HIRE""], [""HIRE""], [""HIRE""], [""BUY_ANIMAL"", ""COW"", 2], [""BUY_ANIMAL"", ""SHEEP"", 2], [""BUY_SEED"", ""WHEAT"", 1]]"
"w3_herdsafe2700.py (W3, main.py)",56518334,112883079,2026-09-24 13:33:41.247000,COMPLETED,EPISODE_TYPE_PUBLIC,1,62349,HD h Joratos,16696999,56520476,0,64076,0,2668.6,125,2500-2800,tape,"[[""BUY_PRODUCT"", ""WHEAT"", 8], [""SELL"", ""WHEAT"", 3], [""BUY_SEED"", ""WHEAT"", 1]]","[[""HIRE""], [""HIRE""], [""HIRE""], [""HIRE""], [""HIRE""], [""BUY_ANIMAL"", ""COW"", 2], [""BUY_ANIMAL"", ""SHEEP"", 2]]"
"w3_herdsafe2700.py (W3, main.py)",56518334,112881897,2026-09-24 13:28:14.120000,COMPLETED,EPISODE_TYPE_PUBLIC,1,88831,m&m,16716431,56504301,0,89504,0,2567.8,301,2500-2800,tape,"[[""BUY_PRODUCT"", ""WHEAT"", 20], [""SELL"", ""WHEAT"", 15], [""BUY_SEED"", ""WHEAT"", 1]]","[[""SELL"", ""WHEAT"", 5], [""BUY_PRODUCT"", ""WHEAT"", 5], [""HIRE""], [""HIRE""], [""HIRE""], [""HIRE""], [""HIRE""], [""BUY_ANIMAL"", ""COW"", 2], [""BUY_ANIMAL"", ""SHEEP"", 2]]"
"w3_herdsafe2700.py (W3, main.py)",56518334,112880728,2026-09-24 13:24:52.427000,COMPLETED,EPISODE_TYPE_PUBLIC,0,79824,T.Uehira,16756891,56506330,1,81002,0,2510.2,428,2500-2800,tape,"[[""BUY_PRODUCT"", ""WHEAT"", 20], [""SELL"", ""WHEAT"", 15], [""BUY_SEED"", ""WHEAT"", 1]]","[[""HIRE""], [""HIRE""], [""HIRE""], [""HIRE""], [""HIRE""], [""BUY_ANIMAL"", ""COW"", 2], [""BUY_ANIMAL"", ""SHEEP"", 2]]"
"w3_herdsafe2700.py (W3, main.py)",56518334,112879565,2026-09-24 13:22:31.699000,COMPLETED,EPISODE_TYPE_PUBLIC,1,132461,IUT_BakeNekos【化け猫】,16931893,56508972,0,132223,1,2444.2,583,2000-2500,tape,"[[""BUY_PRODUCT"", ""WHEAT"", 20], [""SELL"", ""WHEAT"", 15], [""BUY_SEED"", ""WHEAT"", 1]]","[[""HIRE""], [""HIRE""], [""HIRE""], [""HIRE""], [""HIRE""], [""BUY_ANIMAL"", ""COW"", 2], [""BUY_ANIMAL"", ""SHEEP"", 2]]"
"w3_herdsafe2700.py (W3, main.py)",56518334,112878405,2026-09-24 13:15:00.788000,COMPLETED,EPISODE_TYPE_PUBLIC,0,87959,herens,16936121,56512824,1,87869,1,2492.0,467,2000-2500,tape,"[[""BUY_PRODUCT"", ""WHEAT"", 8], [""SELL"", ""WHEAT"", 8], [""BUY_PRODUCT"", ""WHEAT"", 10], [""SELL"", ""WHEAT"", 5], [""BUY_SEED"", ""WHEAT"", 1]]","[[""HIRE""], [""HIRE""], [""HIRE""], [""HIRE""], [""HIRE""], [""BUY_ANIMAL"", ""COW"", 2], [""BUY_ANIMAL"", ""SHEEP"", 2]]"
"w3_herdsafe2700.py (W3, main.py)",56518334,112877252,2026-09-24 13:12:28.215000,COMPLETED,EPISODE_TYPE_PUBLIC,0,94324,Auto Fermers,16743836,56517586,1,94324,0.5,2394.6,720,2000-2500,tape,"[[""BUY_PRODUCT"", ""WHEAT"", 8], [""SELL"", ""WHEAT"", 3], [""BUY_SEED"", ""WHEAT"", 1]]","[[""HIRE""], [""HIRE""], [""HIRE""], [""HIRE""], [""HIRE""], [""BUY_ANIMAL"", ""COW"", 2], [""BUY_ANIMAL"", ""SHEEP"", 2]]"
"w3_herdsafe2700.py (W3, main.py)",56518334,112876119,2026-09-24 13:10:15.913000,COMPLETED,EPISODE_TYPE_PUBLIC,0,71831,yaya__k,16927555,56507340,1,71616,1,2502.9,442,2500-2800,tape,"[[""BUY_PRODUCT"", ""WHEAT"", 20], [""SELL"", ""WHEAT"", 15], [""BUY_SEED"", ""WHEAT"", 1]]","[[""HIRE""], [""HIRE""], [""HIRE""], [""HIRE""], [""HIRE""], [""BUY_ANIMAL"", ""COW"", 2], [""BUY_ANIMAL"", ""SHEEP"", 2]]"
"w3_herdsafe2700.py (W3, main.py)",56518334,112874919,2026-09-24 13:05:56.377000,COMPLETED,EPISODE_TYPE_PUBLIC,0,104322,QQ Farming,16704466,56512985,1,105308,0,2523.8,400,2500-2800,other,"[[""BUY_PRODUCT"", ""WHEAT"", 5], [""BUY_ANIMAL"", ""COW"", 1]]","[[""SELL"", ""WHEAT"", 1], [""HIRE""], [""HIRE""], [""HIRE""], [""HIRE""], [""BUY_ANIMAL"", ""COW"", 1], [""BUY_ANIMAL"", ""SHEEP"", 3]]"
"w3_herdsafe2700.py (W3, main.py)",56518334,112873576,2026-09-24 13:00:28.053000,COMPLETED,EPISODE_TYPE_PUBLIC,0,75930,wpl,16638994,56519272,1,75503,1,2457.1,549,2000-2500,tape,"[[""BUY_PRODUCT"", ""WHEAT"", 8], [""SELL"", ""WHEAT"", 3], [""BUY_SEED"", ""WHEAT"", 1]]","[[""HIRE""], [""HIRE""], [""HIRE""], [""HIRE""], [""HIRE""], [""BUY_ANIMAL"", ""COW"", 2], [""BUY_ANIMAL"", ""SHEEP"", 2]]"
"w3_herdsafe2700.py (W3, main.py)",56518334,112873717,2026-09-24 12:58:41.096000,COMPLETED,EPISODE_TYPE_PUBLIC,0,92658,ColorGram,16848396,56491881,1,94097,0,2152.4,1320,2000-2500,tape,"[[""BUY_PRODUCT"", ""WHEAT"", 20], [""SELL"", ""WHEAT"", 15], [""BUY_SEED"", ""WHEAT"", 1]]","[[""HIRE""], [""HIRE""], [""HIRE""], [""HIRE""], [""HIRE""], [""BUY_ANIMAL"", ""COW"", 2], [""BUY_ANIMAL"", ""SHEEP"", 2]]"
"w3_herdsafe2700.py (W3, main.py)",56518334,112872521,2026-09-24 12:56:00.737000,COMPLETED,EPISODE_TYPE_PUBLIC,0,102050,TS,16640807,56514968,1,101978,1,2605.2,231,2500-2800,tape,"[[""BUY_PRODUCT"", ""WHEAT"", 8], [""SELL"", ""WHEAT"", 8], [""BUY_PRODUCT"", ""WHEAT"", 5], [""BUY_SEED"", ""WHEAT"", 1]]","[[""HIRE""], [""HIRE""], [""HIRE""], [""HIRE""], [""HIRE""], [""BUY_ANIMAL"", ""COW"", 2], [""BUY_ANIMAL"", ""SHEEP"", 2]]"
"w3_herdsafe2700.py (W3, main.py)",56518334,112871299,2026-09-24 12:52:47.075000,COMPLETED,EPISODE_TYPE_PUBLIC,0,147116,Szymon Miłosz,16869614,56505372,1,148116,0,2482.6,490,2000-2500,tape,"[[""BUY_PRODUCT"", ""WHEAT"", 8], [""SELL"", ""WHEAT"", 8], [""BUY_PRODUCT"", ""WHEAT"", 5], [""BUY_SEED"", ""WHEAT"", 1]]","[[""HIRE""], [""HIRE""], [""HIRE""], [""HIRE""], [""HIRE""], [""BUY_ANIMAL"", ""COW"", 2], [""BUY_ANIMAL"", ""SHEEP"", 2]]"
"w3_herdsafe2700.py (W3, main.py)",56518334,112870128,2026-09-24 12:50:27.962000,COMPLETED,EPISODE_TYPE_PUBLIC,1,72635,JYShane,16731803,56511774,0,74816,0,2458.6,542,2000-2500,tape,"[[""BUY_PRODUCT"", ""WHEAT"", 20], [""SELL"", ""WHEAT"", 15], [""BUY_SEED"", ""WHEAT"", 1]]","[[""HIRE""], [""HIRE""], [""HIRE""], [""HIRE""], [""HIRE""], [""BUY_ANIMAL"", ""COW"", 2], [""BUY_ANIMAL"", ""SHEEP"", 2]]"
"w3_herdsafe2700.py (W3, main.py)",56518334,112870609,2026-09-24 12:47:19.948000,COMPLETED,EPISODE_TYPE_PUBLIC,1,132866,Asuka0131_LFG,16944851,56508602,0,133503,0,2480.6,492,2000-2500,tape,"[[""BUY_PRODUCT"", ""WHEAT"", 8], [""SELL"", ""WHEAT"", 3], [""BUY_SEED"", ""WHEAT"", 1]]","[[""HIRE""], [""HIRE""], [""HIRE""], [""HIRE""], [""HIRE""], [""BUY_ANIMAL"", ""COW"", 2], [""BUY_ANIMAL"", ""SHEEP"", 2]]"
"w3_herdsafe2700.py (W3, main.py)",56518334,112868961,2026-09-24 12:45:53.886000,COMPLETED,EPISODE_TYPE_PUBLIC,0,92069,Szymon Miłosz,16869614,56505372,1,90887,1,2482.6,490,2000-2500,tape,"[[""BUY_PRODUCT"", ""WHEAT"", 8], [""SELL"", ""WHEAT"", 8], [""BUY_PRODUCT"", ""WHEAT"", 5], [""BUY_SEED"", ""WHEAT"", 1]]","[[""HIRE""], [""HIRE""], [""HIRE""], [""HIRE""], [""HIRE""], [""BUY_ANIMAL"", ""COW"", 2], [""BUY_ANIMAL"", ""SHEEP"", 2]]"
"w3_herdsafe2700.py (W3, main.py)",56518334,112868723,2026-09-24 12:43:23.627000,COMPLETED,EPISODE_TYPE_PUBLIC,0,114029,Hello San Francisco,16663946,56519989,1,116494,0,2780.0,40,2500-2800,tape,"[[""BUY_PRODUCT"", ""WHEAT"", 5], [""BUY_SEED"", ""WHEAT"", 1]]","[[""HIRE""], [""HIRE""], [""HIRE""], [""HIRE""], [""HIRE""], [""BUY_ANIMAL"", ""COW"", 2], [""BUY_ANIMAL"", ""SHEEP"", 2]]"
"w3_herdsafe2700.py (W3, main.py)",56518334,112867796,2026-09-24 12:41:21.122000,COMPLETED,EPISODE_TYPE_PUBLIC,1,115358,Saravanan Jaichandaran,16665809,56510104,0,116488,0,2586.1,267,2500-2800,tape,"[[""BUY_PRODUCT"", ""WHEAT"", 5], [""BUY_SEED"", ""WHEAT"", 1]]","[[""HIRE""], [""HIRE""], [""HIRE""], [""HIRE""], [""HIRE""], [""BUY_ANIMAL"", ""COW"", 2], [""BUY_ANIMAL"", ""SHEEP"", 2]]"
"w3_herdsafe2700.py (W3, main.py)",56518334,112866645,2026-09-24 12:36:56.245000,COMPLETED,EPISODE_TYPE_PUBLIC,0,142829,Netanel Keidar,16789903,56508003,1,143788,0,2628.3,188,2500-2800,tape,"[[""BUY_PRODUCT"", ""WHEAT"", 8], [""SELL"", ""WHEAT"", 3], [""BUY_SEED"", ""WHEAT"", 1]]","[[""HIRE""], [""HIRE""], [""HIRE""], [""HIRE""], [""HIRE""], [""BUY_ANIMAL"", ""COW"", 2], [""BUY_ANIMAL"", ""SHEEP"", 2]]"
"w3_herdsafe2700.py (W3, main.py)",56518334,112865485,2026-09-24 12:32:29.174000,COMPLETED,EPISODE_TYPE_PUBLIC,0,111415,Rairo Mukamuri,16666566,56473465,1,112714,0,2535.1,373,2500-2800,tape,"[[""BUY_PRODUCT"", ""WHEAT"", 10], [""SELL"", ""WHEAT"", 10], [""BUY_SEED"", ""WHEAT"", 1]]","[[""BUY_PRODUCT"", ""WHEAT"", 5], [""HIRE""], [""HIRE""], [""HIRE""], [""HIRE""], [""HIRE""], [""BUY_ANIMAL"", ""COW"", 2], [""BUY_ANIMAL"", ""SHEEP"", 2]]"
"w3_herdsafe2700.py (W3, main.py)",56518334,112864921,2026-09-24 12:27:24.955000,COMPLETED,EPISODE_TYPE_PUBLIC,0,91091,tanadai,16732210,56492968,1,90809,1,2546.9,346,2500-2800,tape,"[[""BUY_PRODUCT"", ""WHEAT"", 8], [""SELL"", ""WHEAT"", 8], [""BUY_PRODUCT"", ""WHEAT"", 5], [""BUY_SEED"", ""WHEAT"", 1]]","[[""HIRE""], [""HIRE""], [""HIRE""], [""HIRE""], [""HIRE""], [""BUY_ANIMAL"", ""COW"", 2], [""BUY_ANIMAL"", ""SHEEP"", 2]]"
"w3_herdsafe2700.py (W3, main.py)",56518334,112864304,2026-09-24 12:26:51.827000,COMPLETED,EPISODE_TYPE_PUBLIC,1,99852,batuhan kalem,16631978,56469876,0,100706,0,2569.8,298,2500-2800,tape,"[[""BUY_PRODUCT"", ""WHEAT"", 10], [""SELL"", ""WHEAT"", 10], [""BUY_SEED"", ""WHEAT"", 1], [""BUY_PRODUCT"", ""WHEAT"", 5]]","[[""HIRE""], [""HIRE""], [""HIRE""], [""HIRE""], [""HIRE""], [""BUY_ANIMAL"", ""COW"", 2], [""BUY_ANIMAL"", ""SHEEP"", 2]]"
"w3_herdsafe2700.py (W3, main.py)",56518334,112863133,2026-09-24 12:24:18.541000,COMPLETED,EPISODE_TYPE_PUBLIC,0,98667,Dlyra,16946062,56514948,1,98823,0,2307.1,957,2000-2500,tape,"[[""BUY_PRODUCT"", ""WHEAT"", 20], [""SELL"", ""WHEAT"", 15], [""BUY_SEED"", ""WHEAT"", 1]]","[[""HIRE""], [""HIRE""], [""HIRE""], [""HIRE""], [""HIRE""], [""BUY_ANIMAL"", ""COW"", 2], [""BUY_ANIMAL"", ""SHEEP"", 2]]"
"w3_herdsafe2700.py (W3, main.py)",56518334,112861962,2026-09-24 12:21:32.913000,COMPLETED,EPISODE_TYPE_PUBLIC,0,101956,xiao xiongwei,16811948,56515294,1,105172,0,2689.1,102,2500-2800,tape,"[[""BUY_PRODUCT"", ""WHEAT"", 10], [""SELL"", ""WHEAT"", 5], [""BUY_SEED"", ""WHEAT"", 1]]","[[""HIRE""], [""HIRE""], [""HIRE""], [""HIRE""], [""HIRE""], [""BUY_ANIMAL"", ""COW"", 2], [""BUY_ANIMAL"", ""SHEEP"", 2]]"
"w3_herdsafe2700.py (W3, main.py)",56518334,112860799,2026-09-24 12:17:15.201000,COMPLETED,EPISODE_TYPE_PUBLIC,0,88396,KKY,16655826,56478765,1,89308,0,2504.1,438,2500-2800,tape,"[[""BUY_PRODUCT"", ""WHEAT"", 6], [""SELL"", ""WHEAT"", 1], [""BUY_SEED"", ""WHEAT"", 1]]","[[""HIRE""], [""HIRE""], [""HIRE""], [""HIRE""], [""HIRE""], [""BUY_ANIMAL"", ""COW"", 2], [""BUY_ANIMAL"", ""SHEEP"", 2]]"
"w3_herdsafe2700.py (W3, main.py)",56518334,112859627,2026-09-24 12:12:53.274000,COMPLETED,EPISODE_TYPE_PUBLIC,0,99518,Aryan.Ahl,16878119,56408590,1,97703,1,2665.5,128,2500-2800,tape,"[[""BUY_PRODUCT"", ""WHEAT"", 20], [""SELL"", ""WHEAT"", 15]]","[[""HIRE""], [""HIRE""], [""HIRE""], [""HIRE""], [""HIRE""], [""BUY_ANIMAL"", ""COW"", 2], [""BUY_ANIMAL"", ""SHEEP"", 2]]"
"w3_herdsafe2700.py (W3, main.py)",56518334,112858443,2026-09-24 12:07:17.255000,COMPLETED,EPISODE_TYPE_PUBLIC,0,99912,tamura_aicon,16807411,56402204,1,99734,1,2478.5,495,2000-2500,tape,"[[""BUY_PRODUCT"", ""WHEAT"", 20], [""SELL"", ""WHEAT"", 15]]","[[""HIRE""], [""HIRE""], [""HIRE""], [""HIRE""], [""HIRE""], [""BUY_ANIMAL"", ""COW"", 2], [""BUY_ANIMAL"", ""SHEEP"", 2]]"
"w3_herdsafe2700.py (W3, main.py)",56518334,112857280,2026-09-24 12:05:45.037000,COMPLETED,EPISODE_TYPE_PUBLIC,0,83171,kazuki morikawa,16755650,56509117,1,83541,0,2590.6,256,2500-2800,tape,"[[""BUY_PRODUCT"", ""WHEAT"", 10], [""SELL"", ""WHEAT"", 8], [""BUY_PRODUCT"", ""WHEAT"", 3], [""BUY_SEED"", ""WHEAT"", 1]]","[[""HIRE""], [""HIRE""], [""HIRE""], [""HIRE""], [""HIRE""], [""BUY_ANIMAL"", ""COW"", 2], [""BUY_ANIMAL"", ""SHEEP"", 2]]"
"w3_herdsafe2700.py (W3, main.py)",56518334,112856087,2026-09-24 12:02:35.395000,COMPLETED,EPISODE_TYPE_PUBLIC,0,134638,RicardoLópez,16702975,56515003,1,133215,1,2524.3,398,2500-2800,tape,"[[""BUY_PRODUCT"", ""WHEAT"", 8], [""SELL"", ""WHEAT"", 8], [""BUY_PRODUCT"", ""WHEAT"", 5], [""BUY_SEED"", ""WHEAT"", 1]]","[[""HIRE""], [""HIRE""], [""HIRE""], [""HIRE""], [""HIRE""], [""BUY_ANIMAL"", ""COW"", 2], [""BUY_ANIMAL"", ""SHEEP"", 2]]"
"w3_herdsafe2700.py (W3, main.py)",56518334,112854889,2026-09-24 11:57:03.673000,COMPLETED,EPISODE_TYPE_PUBLIC,1,91404,Maksym Bilychenko,16865168,56486735,0,91035,1,2335.5,881,2000-2500,tape,"[[""BUY_PRODUCT"", ""WHEAT"", 20], [""SELL"", ""WHEAT"", 15], [""BUY_SEED"", ""WHEAT"", 1]]","[[""HIRE""], [""HIRE""], [""HIRE""], [""HIRE""], [""HIRE""], [""BUY_ANIMAL"", ""COW"", 2], [""BUY_ANIMAL"", ""SHEEP"", 2]]"
"w3_herdsafe2700.py (W3, main.py)",56518334,112853667,2026-09-24 11:53:06.986000,COMPLETED,EPISODE_TYPE_PUBLIC,1,122698,Nagahama,16743033,56512516,0,122287,1,2446.0,574,2000-2500,tape,"[[""BUY_PRODUCT"", ""WHEAT"", 20], [""SELL"", ""WHEAT"", 15], [""BUY_SEED"", ""WHEAT"", 1]]","[[""HIRE""], [""HIRE""], [""HIRE""], [""HIRE""], [""HIRE""], [""BUY_ANIMAL"", ""COW"", 2], [""BUY_ANIMAL"", ""SHEEP"", 2]]"
"w3_herdsafe2700.py (W3, main.py)",56518334,112852498,2026-09-24 11:50:06.107000,COMPLETED,EPISODE_TYPE_PUBLIC,1,114645,payne yam,16732129,56479106,0,113560,1,2363.1,813,2000-2500,tape,"[[""BUY_PRODUCT"", ""WHEAT"", 20], [""SELL"", ""WHEAT"", 15], [""BUY_SEED"", ""WHEAT"", 1]]","[[""HIRE""], [""HIRE""], [""HIRE""], [""HIRE""], [""HIRE""], [""BUY_ANIMAL"", ""COW"", 2], [""BUY_ANIMAL"", ""SHEEP"", 2]]"
"w3_herdsafe2700.py (W3, main.py)",56518334,112851332,2026-09-24 11:42:47.189000,COMPLETED,EPISODE_TYPE_PUBLIC,1,80630,Kudo,16656452,56503237,0,79791,1,2455.7,553,2000-2500,tape,"[[""BUY_PRODUCT"", ""WHEAT"", 20], [""SELL"", ""WHEAT"", 15], [""BUY_SEED"", ""WHEAT"", 1]]","[[""HIRE""], [""HIRE""], [""HIRE""], [""HIRE""], [""HIRE""], [""BUY_ANIMAL"", ""COW"", 2], [""BUY_ANIMAL"", ""SHEEP"", 2]]"
"w3_herdsafe2700.py (W3, main.py)",56518334,112850176,2026-09-24 11:40:23.934000,COMPLETED,EPISODE_TYPE_PUBLIC,0,114812,Semih Temiz,16937798,56502377,1,114695,1,2275.5,1030,2000-2500,tape,"[[""BUY_PRODUCT"", ""WHEAT"", 8], [""SELL"", ""WHEAT"", 3], [""BUY_SEED"", ""WHEAT"", 1]]","[[""HIRE""], [""HIRE""], [""HIRE""], [""HIRE""], [""HIRE""], [""BUY_ANIMAL"", ""COW"", 2], [""BUY_ANIMAL"", ""SHEEP"", 2]]"
"w3_herdsafe2700.py (W3, main.py)",56518334,112848967,2026-09-24 11:36:33.534000,COMPLETED,EPISODE_TYPE_PUBLIC,0,97424,I'm Fine.,16897501,56489289,1,96974,1,2303.8,966,2000-2500,tape,"[[""BUY_PRODUCT"", ""WHEAT"", 8], [""SELL"", ""WHEAT"", 3], [""BUY_SEED"", ""WHEAT"", 1]]","[[""HIRE""], [""HIRE""], [""HIRE""], [""HIRE""], [""HIRE""], [""BUY_ANIMAL"", ""COW"", 2], [""BUY_ANIMAL"", ""SHEEP"", 2]]"
"w3_herdsafe2700.py (W3, main.py)",56518334,112847781,2026-09-24 11:32:51.005000,COMPLETED,EPISODE_TYPE_PUBLIC,0,104985,Nisshi888880,16886400,56470607,1,103622,1,2116.7,1401,2000-2500,tape,"[[""BUY_PRODUCT"", ""WHEAT"", 20], [""SELL"", ""WHEAT"", 15], [""BUY_SEED"", ""WHEAT"", 1]]","[[""HIRE""], [""HIRE""], [""HIRE""], [""HIRE""], [""HIRE""], [""BUY_ANIMAL"", ""COW"", 2], [""BUY_ANIMAL"", ""SHEEP"", 2]]"
"w3_herdsafe2700.py (W3, main.py)",56518334,112846634,2026-09-24 11:29:24.353000,COMPLETED,EPISODE_TYPE_PUBLIC,0,130366,MatveyVarfolomeev,16942567,56488622,1,129001,1,2343.2,863,2000-2500,tape,"[[""BUY_PRODUCT"", ""WHEAT"", 20], [""SELL"", ""WHEAT"", 15], [""BUY_SEED"", ""WHEAT"", 1]]","[[""HIRE""], [""HIRE""], [""HIRE""], [""HIRE""], [""HIRE""], [""BUY_ANIMAL"", ""COW"", 2], [""BUY_ANIMAL"", ""SHEEP"", 2]]"
"w3_herdsafe2700.py (W3, main.py)",56518334,112845448,2026-09-24 11:23:27.663000,COMPLETED,EPISODE_TYPE_PUBLIC,0,96191,Hiro Nomo,16628951,56422571,1,95245,1,2267.9,1050,2000-2500,tape,"[[""BUY_PRODUCT"", ""WHEAT"", 20], [""SELL"", ""WHEAT"", 15], [""BUY_SEED"", ""WHEAT"", 1]]","[[""SELL"", ""WHEAT"", 5], [""BUY_PRODUCT"", ""WHEAT"", 5], [""HIRE""], [""HIRE""], [""HIRE""], [""HIRE""], [""HIRE""], [""BUY_ANIMAL"", ""COW"", 2], [""BUY_ANIMAL"", ""SHEEP"", 2]]"
"w3_herdsafe2700.py (W3, main.py)",56518334,112844234,2026-09-24 11:20:30.030000,COMPLETED,EPISODE_TYPE_PUBLIC,0,89557,Adarsh,16663264,56490274,1,91068,0,2271.2,1039,2000-2500,tape,"[[""BUY_PRODUCT"", ""WHEAT"", 10], [""SELL"", ""WHEAT"", 5], [""BUY_SEED"", ""WHEAT"", 1]]","[[""HIRE""], [""HIRE""], [""HIRE""], [""HIRE""], [""HIRE""], [""BUY_ANIMAL"", ""COW"", 2], [""BUY_ANIMAL"", ""SHEEP"", 2]]"
"w3_herdsafe2700.py (W3, main.py)",56518334,112844742,2026-09-24 11:20:16.924000,COMPLETED,EPISODE_TYPE_PUBLIC,0,116834,VAP RF5,16668406,56515833,1,116062,1,2165.1,1283,2000-2500,tape,"[[""BUY_PRODUCT"", ""WHEAT"", 8], [""SELL"", ""WHEAT"", 3], [""BUY_SEED"", ""WHEAT"", 1]]","[[""HIRE""], [""HIRE""], [""HIRE""], [""HIRE""], [""HIRE""], [""BUY_ANIMAL"", ""COW"", 2], [""BUY_ANIMAL"", ""SHEEP"", 2]]"
"w3_herdsafe2700.py (W3, main.py)",56518334,112843068,2026-09-24 11:16:32.206000,COMPLETED,EPISODE_TYPE_PUBLIC,0,98056,Arnav Goel,16642139,56440838,1,96455,1,2016.5,1618,2000-2500,tape,"[[""BUY_PRODUCT"", ""WHEAT"", 20], [""SELL"", ""WHEAT"", 15], [""BUY_SEED"", ""WHEAT"", 1]]","[[""HIRE""], [""HIRE""], [""HIRE""], [""HIRE""], [""HIRE""], [""BUY_ANIMAL"", ""COW"", 2], [""BUY_ANIMAL"", ""SHEEP"", 2]]"
"w3_herdsafe2700.py (W3, main.py)",56518334,112841908,2026-09-24 11:14:32.807000,COMPLETED,EPISODE_TYPE_PUBLIC,0,111453,Chattso-GPT (Yasuhito Yanagisawa),16661702,56409996,1,110120,1,1965.0,1726,<2000,tape,"[[""BUY_PRODUCT"", ""WHEAT"", 20], [""SELL"", ""WHEAT"", 15], [""BUY_SEED"", ""WHEAT"", 1]]","[[""HIRE""], [""HIRE""], [""HIRE""], [""HIRE""], [""HIRE""], [""BUY_ANIMAL"", ""COW"", 2], [""BUY_ANIMAL"", ""SHEEP"", 2]]"
"w3_herdsafe2700.py (W3, main.py)",56518334,112840767,2026-09-24 11:06:42.301000,COMPLETED,EPISODE_TYPE_PUBLIC,0,67555,JKong,16746380,56506054,1,64119,1,1902.1,1840,<2000,tape,"[[""BUY_PRODUCT"", ""WHEAT"", 20], [""SELL"", ""WHEAT"", 15]]","[[""HIRE""], [""HIRE""], [""HIRE""], [""HIRE""], [""HIRE""], [""BUY_ANIMAL"", ""COW"", 2], [""BUY_ANIMAL"", ""SHEEP"", 2]]"
"w3_herdsafe2700.py (W3, main.py)",56518334,112839623,2026-09-24 11:04:50.955000,COMPLETED,EPISODE_TYPE_PUBLIC,0,99666,Methematics,16856629,56307910,1,96782,1,1686.8,2267,<2000,tape,"[[""BUY_PRODUCT"", ""WHEAT"", 10], [""SELL"", ""WHEAT"", 10]]","[[""SELL"", ""WHEAT"", 13], [""BUY_PRODUCT"", ""WHEAT"", 5], [""HIRE""], [""HIRE""], [""HIRE""], [""HIRE""], [""HIRE""], [""BUY_ANIMAL"", ""COW"", 2], [""BUY_ANIMAL"", ""SHEEP"", 2]]"
"w3_herdsafe2700.py (W3, main.py)",56518334,112838471,2026-09-24 11:02:02.354000,COMPLETED,EPISODE_TYPE_PUBLIC,0,145411,Zhu Liang,16675873,56513643,1,145078,1,2095.5,1455,2000-2500,tape,"[[""BUY_PRODUCT"", ""WHEAT"", 20], [""SELL"", ""WHEAT"", 15], [""BUY_SEED"", ""WHEAT"", 1]]","[[""HIRE""], [""HIRE""], [""HIRE""], [""HIRE""], [""HIRE""], [""BUY_ANIMAL"", ""COW"", 2], [""BUY_ANIMAL"", ""SHEEP"", 2]]"
"w3_herdsafe2700.py (W3, main.py)",56518334,112837340,2026-09-24 10:58:54.851000,COMPLETED,EPISODE_TYPE_PUBLIC,1,91447,Hakkı Besim Bardakçı,16841940,56407436,0,87087,1,1705.0,2236,<2000,tape,"[[""SELL"", ""WHEAT"", 999], [""BUY_PRODUCT"", ""WHEAT"", 7]]","[[""HIRE""], [""HIRE""], [""HIRE""], [""HIRE""], [""HIRE""], [""BUY_ANIMAL"", ""COW"", 2], [""BUY_ANIMAL"", ""SHEEP"", 2]]"
"w3_herdsafe2700.py (W3, main.py)",56518334,112836192,2026-09-24 10:53:19.106000,COMPLETED,EPISODE_TYPE_PUBLIC,1,85479,Darshan Makwana,16634519,56142249,0,77357,1,1344.3,3039,<2000,tape,"[[""BUY_PRODUCT"", ""WHEAT"", 13], [""SELL"", ""WHEAT"", 13], [""BUY_PRODUCT"", ""WHEAT"", 13]]","[[""SELL"", ""WHEAT"", 13], [""BUY_PRODUCT"", ""WHEAT"", 5], [""HIRE""], [""HIRE""], [""HIRE""], [""HIRE""], [""HIRE""], [""BUY_ANIMAL"", ""COW"", 2], [""BUY_ANIMAL"", ""SHEEP"", 2]]"
"w3_herdsafe2700.py (W3, main.py)",56518334,112835042,2026-09-24 10:50:06.028000,COMPLETED,EPISODE_TYPE_PUBLIC,1,58291,yotsutose,16708880,56101215,0,48691,1,1207.1,3412,<2000,other,"[[""BUY_ANIMAL"", ""COW"", 2]]","[[""HIRE""], [""HIRE""], [""HIRE""], [""HIRE""], [""HIRE""], [""BUY_ANIMAL"", ""SHEEP"", 1]]"
"w3_herdsafe2700.py (W3, main.py)",56518334,112833856,2026-09-24 10:45:45.244000,COMPLETED,EPISODE_TYPE_PUBLIC,0,107327,Dipin Kothavoor,16712007,56232463,1,102738,1,1329.6,3080,<2000,tape,"[[""BUY_PRODUCT"", ""WHEAT"", 13], [""SELL"", ""WHEAT"", 13], [""BUY_PRODUCT"", ""WHEAT"", 13]]","[[""SELL"", ""WHEAT"", 13], [""BUY_PRODUCT"", ""WHEAT"", 5], [""HIRE""], [""HIRE""], [""HIRE""], [""HIRE""], [""HIRE""], [""BUY_ANIMAL"", ""COW"", 2], [""BUY_ANIMAL"", ""SHEEP"", 2]]"
"w3_herdsafe2700.py (W3, main.py)",56518334,112832727,2026-09-24 10:39:43.949000,COMPLETED,EPISODE_TYPE_PUBLIC,0,92615,darcy132,16842817,56055903,1,79250,1,1193.0,3442,<2000,tape,"[[""BUY_PRODUCT"", ""WHEAT"", 13]]","[[""SELL"", ""WHEAT"", 9], [""BUY_SEED"", ""WHEAT"", 7], [""BUY_SEED"", ""MELON"", 12], [""HIRE""], [""HIRE""], [""HIRE""], [""HIRE""], [""HIRE""], [""BUY_ANIMAL"", ""COW"", 2], [""BUY_ANIMAL"", ""SHEEP"", 2]]"
"w3_herdsafe2700.py (W3, main.py)",56518334,112831586,2026-09-24 10:34:24.150000,COMPLETED,EPISODE_TYPE_PUBLIC,0,109627,RaghavMundhra1,16662568,56505053,1,102212,1,1129.7,3624,<2000,tape,[],"[[""BUY_PRODUCT"", ""WHEAT"", 5], [""BUY_SEED"", ""WHEAT"", 7], [""BUY_SEED"", ""MELON"", 12], [""HIRE""], [""HIRE""], [""HIRE""], [""HIRE""], [""HIRE""], [""BUY_ANIMAL"", ""COW"", 2], [""BUY_ANIMAL"", ""SHEEP"", 2]]"
"w3_herdsafe2700.py (W3, main.py)",56518334,112830427,2026-09-24 10:31:10.440000,COMPLETED,EPISODE_TYPE_PUBLIC,1,113064,graceyunliu,16657553,56263999,0,90701,1,1009.0,3979,<2000,other,"[[""HIRE""], [""HIRE""], [""HIRE""], [""HIRE""], [""HIRE""], [""BUY_ANIMAL"", ""COW"", 2], [""BUY_ANIMAL"", ""SHEEP"", 2], [""BUY_SEED"", ""MELON"", 10], [""BUY_SEED"", ""WHEAT"", 7], [""BUY_PRODUCT"", ""WHEAT"", 5]]",[]
"w3_herdsafe2700.py (W3, main.py)",56518334,112829265,2026-09-24 10:26:48.882000,COMPLETED,EPISODE_TYPE_PUBLIC,0,70439,BEETRiX🦋,16661362,55435467,1,40265,1,922.0,4381,<2000,other,"[[""BUY_PRODUCT"", ""WHEAT"", 11], [""HIRE""], [""HIRE""], [""HIRE""], [""HIRE""], [""BUY_ANIMAL"", ""COW"", 1], [""BUY_ANIMAL"", ""SHEEP"", 4], [""BUY_SEED"", ""WHEAT"", 5], [""BUY_SEED"", ""MELON"", 5]]","[[""SELL"", ""WHEAT"", 6], [""BUY_SEED"", ""MELON"", 2]]"
"w3_herdsafe2700.py (W3, main.py)",56518334,112828115,2026-09-24 10:26:29.289000,COMPLETED,EPISODE_TYPE_PUBLIC,0,103980,SuroRitch,16667734,55531825,1,62793,1,953.6,4262,<2000,other,"[[""BUY_PRODUCT"", ""WHEAT"", 14], [""HIRE""], [""HIRE""], [""HIRE""], [""HIRE""], [""BUY_ANIMAL"", ""COW"", 1], [""BUY_ANIMAL"", ""SHEEP"", 4], [""BUY_SEED"", ""MELON"", 5], [""BUY_SEED"", ""WHEAT"", 5], [""HIRE""]]","[[""SELL"", ""WHEAT"", 9], [""BUY_SEED"", ""MELON"", 3], [""BUY_SEED"", ""WHEAT"", 2]]"
"w3_herdsafe2700.py (W3, main.py)",56518334,112826996,2026-09-24 10:20:55.992000,COMPLETED,EPISODE_TYPE_PUBLIC,0,121511,Karl0106,16731990,56325563,1,82272,1,704.6,5342,<2000,other,"[[""BUY_ANIMAL"", ""COW"", 2], [""BUY_ANIMAL"", ""SHEEP"", 1], [""BUY_PRODUCT"", ""WHEAT"", 9], [""BUY_SEED"", ""MELON"", 10], [""HIRE""], [""HIRE""], [""HIRE""], [""HIRE""], [""HIRE""], [""HIRE""]]","[[""BUY_ANIMAL"", ""COW"", 1], [""BUY_PRODUCT"", ""WHEAT"", 3], [""HIRE""], [""HIRE""], [""HIRE""]]"
"w3_herdsafe2700.py (W3, main.py)",56518334,112825847,2026-09-24 10:17:22.404000,COMPLETED,EPISODE_TYPE_PUBLIC,1,102197,Caio Coelho,16639125,55383262,0,55609,1,765.4,4975,<2000,other,"[[""HIRE""], [""HIRE""], [""HIRE""], [""HIRE""], [""HIRE""], [""BUY_ANIMAL"", ""COW"", 2], [""BUY_ANIMAL"", ""SHEEP"", 2], [""BUY_SEED"", ""WHEAT"", 7], [""BUY_SEED"", ""MELON"", 12], [""BUY_PRODUCT"", ""WHEAT"", 5]]","[[""SELL"", ""WHEAT"", 1]]"
"w3_herdsafe2700.py (W3, main.py)",56518334,112824711,2026-09-24 10:11:01.299000,COMPLETED,EPISODE_TYPE_PUBLIC,1,112549,dwdwdwsdedwd,16664154,55425469,0,47366,1,610.0,5969,<2000,other,"[[""BUY_ANIMAL"", ""COW"", 2], [""BUY_ANIMAL"", ""SHEEP"", 2], [""BUY_PRODUCT"", ""WHEAT"", 21], [""BUY_SEED"", ""MELON"", 6], [""HIRE""], [""HIRE""], [""HIRE""], [""HIRE""]]","[[""SELL"", ""WHEAT"", 9], [""BUY_PRODUCT"", ""WHEAT"", 8]]"
"w3_herdsafe2700.py (W3, main.py)",56518334,112823526,2026-09-24 10:08:01.987000,COMPLETED,EPISODE_TYPE_PUBLIC,0,155943,Mark_RowSet,16645297,55369027,1,79221,1,597.9,6069,<2000,other,"[[""BUY_PRODUCT"", ""WHEAT"", 6], [""BUY_ANIMAL"", ""SHEEP"", 1], [""HIRE""], [""HIRE""]]","[[""BUY_PRODUCT"", ""WHEAT"", 1], [""BUY_ANIMAL"", ""SHEEP"", 1], [""HIRE""]]"
"w0_v15stack_control.py (W0, retired)",56487592,112766189,2026-09-24 06:48:44.412000,COMPLETED,EPISODE_TYPE_PUBLIC,1,139062,Linh Le,16634312,56435394,0,137060,1,2220.7,1140,2000-2500,tape,"[[""BUY_PRODUCT"", ""WHEAT"", 7], [""SELL"", ""WHEAT"", 2]]","[[""BUY_PRODUCT"", ""WHEAT"", 30], [""HIRE""], [""HIRE""], [""HIRE""], [""HIRE""], [""HIRE""], [""BUY_ANIMAL"", ""COW"", 2], [""BUY_ANIMAL"", ""SHEEP"", 2]]"
"w0_v15stack_control.py (W0, retired)",56487592,112764339,2026-09-24 06:44:01.079000,COMPLETED,EPISODE_TYPE_PUBLIC,0,63348,Kirderf,16707144,56511976,1,73969,0,2556.7,327,2500-2800,tape,"[[""BUY_PRODUCT"", ""WHEAT"", 8], [""SELL"", ""WHEAT"", 8], [""BUY_SEED"", ""WHEAT"", 1]]","[[""SELL"", ""WHEAT"", 13], [""BUY_PRODUCT"", ""WHEAT"", 5], [""HIRE""], [""HIRE""], [""HIRE""], [""HIRE""], [""HIRE""], [""BUY_ANIMAL"", ""COW"", 2], [""BUY_ANIMAL"", ""SHEEP"", 2]]"
"w0_v15stack_control.py (W0, retired)",56487592,112762459,2026-09-24 06:38:41.515000,COMPLETED,EPISODE_TYPE_PUBLIC,0,96203,KongKongDe,16762248,56509017,1,96567,0,2344.2,860,2000-2500,tape,"[[""BUY_PRODUCT"", ""WHEAT"", 20], [""SELL"", ""WHEAT"", 15], [""BUY_SEED"", ""WHEAT"", 1]]","[[""SELL"", ""WHEAT"", 5], [""BUY_PRODUCT"", ""WHEAT"", 5], [""HIRE""], [""HIRE""], [""HIRE""], [""HIRE""], [""HIRE""], [""BUY_ANIMAL"", ""COW"", 2], [""BUY_ANIMAL"", ""SHEEP"", 2]]"
"w0_v15stack_control.py (W0, retired)",56487592,112762084,2026-09-24 06:37:59.078000,COMPLETED,EPISODE_TYPE_PUBLIC,1,101013,kevin zhou,16644303,56511560,0,101789,0,2581.3,277,2500-2800,tape,"[[""BUY_PRODUCT"", ""WHEAT"", 6], [""SELL"", ""WHEAT"", 1], [""BUY_SEED"", ""WHEAT"", 1]]","[[""HIRE""], [""HIRE""], [""HIRE""], [""HIRE""], [""HIRE""], [""BUY_ANIMAL"", ""COW"", 2], [""BUY_ANIMAL"", ""SHEEP"", 2]]"
"w0_v15stack_control.py (W0, retired)",56487592,112757701,2026-09-24 06:20:04.797000,COMPLETED,EPISODE_TYPE_PUBLIC,0,82165,songling,16677423,56509049,1,82193,0,2430.3,634,2000-2500,tape,"[[""BUY_PRODUCT"", ""WHEAT"", 8], [""SELL"", ""WHEAT"", 3], [""BUY_SEED"", ""WHEAT"", 1]]","[[""HIRE""], [""HIRE""], [""HIRE""], [""HIRE""], [""HIRE""], [""BUY_ANIMAL"", ""COW"", 2], [""BUY_ANIMAL"", ""SHEEP"", 2]]"
"w0_v15stack_control.py (W0, retired)",56487592,112755710,2026-09-24 06:11:38.168000,COMPLETED,EPISODE_TYPE_PUBLIC,1,58661,David Wang,16858207,56480410,0,58197,1,2234.4,1110,2000-2500,tape,"[[""BUY_PRODUCT"", ""WHEAT"", 20], [""SELL"", ""WHEAT"", 15], [""BUY_SEED"", ""WHEAT"", 1]]","[[""HIRE""], [""HIRE""], [""HIRE""], [""HIRE""], [""HIRE""], [""BUY_ANIMAL"", ""COW"", 2], [""BUY_ANIMAL"", ""SHEEP"", 2]]"
"w0_v15stack_control.py (W0, retired)",56487592,112753535,2026-09-24 06:03:45.314000,COMPLETED,EPISODE_TYPE_PUBLIC,1,135860,kaggle Osaka,16655520,56504457,0,136534,0,2319.9,919,2000-2500,tape,"[[""BUY_PRODUCT"", ""WHEAT"", 20], [""SELL"", ""WHEAT"", 15], [""BUY_SEED"", ""WHEAT"", 1]]","[[""HIRE""], [""HIRE""], [""HIRE""], [""HIRE""], [""HIRE""], [""BUY_ANIMAL"", ""COW"", 2], [""BUY_ANIMAL"", ""SHEEP"", 2]]"
"w0_v15stack_control.py (W0, retired)",56487592,112752307,2026-09-24 05:59:20.069000,COMPLETED,EPISODE_TYPE_PUBLIC,1,116009,...,16793396,56494407,0,116009,0.5,2318.5,922,2000-2500,tape,"[[""BUY_PRODUCT"", ""WHEAT"", 20], [""SELL"", ""WHEAT"", 15], [""BUY_SEED"", ""WHEAT"", 1]]","[[""HIRE""], [""HIRE""], [""HIRE""], [""HIRE""], [""HIRE""], [""BUY_ANIMAL"", ""COW"", 2], [""BUY_ANIMAL"", ""SHEEP"", 2]]"
"w0_v15stack_control.py (W0, retired)",56487592,112745016,2026-09-24 05:37:50.435000,COMPLETED,EPISODE_TYPE_PUBLIC,0,70955,pavan rajr,16796241,56501952,1,70197,1,2065.0,1527,2000-2500,tape,"[[""BUY_PRODUCT"", ""WHEAT"", 20], [""SELL"", ""WHEAT"", 15], [""BUY_SEED"", ""WHEAT"", 1]]","[[""SELL"", ""WHEAT"", 5], [""BUY_PRODUCT"", ""WHEAT"", 5], [""HIRE""], [""HIRE""], [""HIRE""], [""HIRE""], [""HIRE""], [""BUY_ANIMAL"", ""COW"", 2], [""BUY_ANIMAL"", ""SHEEP"", 2]]"
"w0_v15stack_control.py (W0, retired)",56487592,112742385,2026-09-24 05:28:50.832000,COMPLETED,EPISODE_TYPE_PUBLIC,1,93189,nilochan,16848479,56510200,0,94247,0,2430.8,628,2000-2500,tape,"[[""BUY_PRODUCT"", ""WHEAT"", 20], [""SELL"", ""WHEAT"", 15], [""BUY_SEED"", ""WHEAT"", 1]]","[[""HIRE""], [""HIRE""], [""HIRE""], [""HIRE""], [""HIRE""], [""BUY_ANIMAL"", ""COW"", 2], [""BUY_ANIMAL"", ""SHEEP"", 2]]"
"w0_v15stack_control.py (W0, retired)",56487592,112742545,2026-09-24 05:27:48.806000,COMPLETED,EPISODE_TYPE_PUBLIC,1,112699,Solo Leveling,16930688,56509076,0,112693,1,2344.5,859,2000-2500,tape,"[[""BUY_PRODUCT"", ""WHEAT"", 20], [""SELL"", ""WHEAT"", 15]]","[[""SELL"", ""WHEAT"", 5], [""BUY_PRODUCT"", ""WHEAT"", 5], [""HIRE""], [""HIRE""], [""HIRE""], [""HIRE""], [""HIRE""], [""BUY_ANIMAL"", ""COW"", 2], [""BUY_ANIMAL"", ""SHEEP"", 2]]"
"w0_v15stack_control.py (W0, retired)",56487592,112739276,2026-09-24 05:16:27.439000,COMPLETED,EPISODE_TYPE_PUBLIC,0,78167,SGY2512,16749435,56487042,1,78228,0,2336.2,879,2000-2500,tape,"[[""BUY_PRODUCT"", ""WHEAT"", 20], [""SELL"", ""WHEAT"", 15], [""BUY_SEED"", ""WHEAT"", 1]]","[[""HIRE""], [""HIRE""], [""HIRE""], [""HIRE""], [""HIRE""], [""BUY_ANIMAL"", ""COW"", 2], [""BUY_ANIMAL"", ""SHEEP"", 2]]"
"w0_v15stack_control.py (W0, retired)",56487592,112730600,2026-09-24 04:47:24.952000,COMPLETED,EPISODE_TYPE_PUBLIC,1,90721,kaggricodex,16664640,56509824,0,92207,0,2543.4,358,2500-2800,tape,"[[""BUY_PRODUCT"", ""WHEAT"", 20], [""SELL"", ""WHEAT"", 15], [""BUY_SEED"", ""WHEAT"", 1]]","[[""HIRE""], [""HIRE""], [""HIRE""], [""HIRE""], [""HIRE""], [""BUY_ANIMAL"", ""COW"", 2], [""BUY_ANIMAL"", ""SHEEP"", 2]]"
"w0_v15stack_control.py (W0, retired)",56487592,112730979,2026-09-24 04:46:40.914000,COMPLETED,EPISODE_TYPE_PUBLIC,0,69667,Aashka Kapadia,16702590,56507590,1,70766,0,2415.0,672,2000-2500,tape,"[[""BUY_PRODUCT"", ""WHEAT"", 20], [""SELL"", ""WHEAT"", 15], [""BUY_SEED"", ""WHEAT"", 1]]","[[""HIRE""], [""HIRE""], [""HIRE""], [""HIRE""], [""HIRE""], [""BUY_ANIMAL"", ""COW"", 2], [""BUY_ANIMAL"", ""SHEEP"", 2]]"
"w0_v15stack_control.py (W0, retired)",56487592,112730025,2026-09-24 04:44:55.658000,COMPLETED,EPISODE_TYPE_PUBLIC,1,80978,野獸先輩,16925892,56470265,0,78818,1,2327.0,905,2000-2500,tape,"[[""BUY_PRODUCT"", ""WHEAT"", 20], [""SELL"", ""WHEAT"", 15]]","[[""HIRE""], [""HIRE""], [""HIRE""], [""HIRE""], [""HIRE""], [""BUY_ANIMAL"", ""COW"", 2], [""BUY_ANIMAL"", ""SHEEP"", 2]]"
"w0_v15stack_control.py (W0, retired)",56487592,112729710,2026-09-24 04:43:47.509000,COMPLETED,EPISODE_TYPE_PUBLIC,1,65099,and more,16637031,56508276,0,65986,0,2410.4,686,2000-2500,tape,"[[""BUY_PRODUCT"", ""WHEAT"", 20], [""SELL"", ""WHEAT"", 15], [""BUY_SEED"", ""WHEAT"", 1]]","[[""HIRE""], [""HIRE""], [""HIRE""], [""HIRE""], [""HIRE""], [""BUY_ANIMAL"", ""COW"", 2], [""BUY_ANIMAL"", ""SHEEP"", 2]]"
"w0_v15stack_control.py (W0, retired)",56487592,112725389,2026-09-24 04:29:08.834000,COMPLETED,EPISODE_TYPE_PUBLIC,0,122166,Yan #2,16794753,56465699,1,122097,1,2118.6,1394,2000-2500,tape,"[[""BUY_PRODUCT"", ""WHEAT"", 20], [""SELL"", ""WHEAT"", 15], [""BUY_SEED"", ""WHEAT"", 1]]","[[""HIRE""], [""HIRE""], [""HIRE""], [""HIRE""], [""HIRE""], [""BUY_ANIMAL"", ""COW"", 2], [""BUY_ANIMAL"", ""SHEEP"", 2]]"
"w0_v15stack_control.py (W0, retired)",56487592,112722167,2026-09-24 04:15:35.118000,COMPLETED,EPISODE_TYPE_PUBLIC,0,95513,hatata,16799428,56481484,1,94625,1,2592.4,251,2500-2800,tape,"[[""BUY_PRODUCT"", ""WHEAT"", 20], [""SELL"", ""WHEAT"", 15], [""BUY_SEED"", ""WHEAT"", 1]]","[[""SELL"", ""WHEAT"", 5], [""BUY_PRODUCT"", ""WHEAT"", 5], [""HIRE""], [""HIRE""], [""HIRE""], [""HIRE""], [""HIRE""], [""BUY_ANIMAL"", ""COW"", 2], [""BUY_ANIMAL"", ""SHEEP"", 2]]"
"w0_v15stack_control.py (W0, retired)",56487592,112714967,2026-09-24 03:51:14.826000,COMPLETED,EPISODE_TYPE_PUBLIC,1,105897,Sourabh Nirwanevht,16775350,56500042,0,106187,0,2379.9,766,2000-2500,tape,"[[""BUY_PRODUCT"", ""WHEAT"", 20], [""SELL"", ""WHEAT"", 15], [""BUY_SEED"", ""WHEAT"", 1]]","[[""HIRE""], [""HIRE""], [""HIRE""], [""HIRE""], [""HIRE""], [""BUY_ANIMAL"", ""COW"", 2], [""BUY_ANIMAL"", ""SHEEP"", 2]]"
"w0_v15stack_control.py (W0, retired)",56487592,112713934,2026-09-24 03:49:39.423000,COMPLETED,EPISODE_TYPE_PUBLIC,0,107670,Dr Chandrasen Pandey,16639625,56452894,1,106741,1,2507.4,433,2500-2800,tape,"[[""BUY_PRODUCT"", ""WHEAT"", 20], [""SELL"", ""WHEAT"", 15], [""BUY_SEED"", ""WHEAT"", 1]]","[[""HIRE""], [""HIRE""], [""HIRE""], [""HIRE""], [""HIRE""], [""BUY_ANIMAL"", ""COW"", 2], [""BUY_ANIMAL"", ""SHEEP"", 2]]"
"w0_v15stack_control.py (W0, retired)",56487592,112706465,2026-09-24 03:24:04.268000,COMPLETED,EPISODE_TYPE_PUBLIC,0,69936,haseryooooo,16764394,56507682,1,72249,0,2587.1,264,2500-2800,tape,"[[""BUY_PRODUCT"", ""WHEAT"", 20], [""SELL"", ""WHEAT"", 15], [""BUY_SEED"", ""WHEAT"", 1]]","[[""HIRE""], [""HIRE""], [""HIRE""], [""HIRE""], [""HIRE""], [""BUY_ANIMAL"", ""COW"", 2], [""BUY_ANIMAL"", ""SHEEP"", 2]]"
"w0_v15stack_control.py (W0, retired)",56487592,112704289,2026-09-24 03:17:27.071000,COMPLETED,EPISODE_TYPE_PUBLIC,0,80161,Rushil Desai,16945969,56506211,1,81018,0,2523.9,399,2500-2800,tape,"[[""BUY_PRODUCT"", ""WHEAT"", 8], [""SELL"", ""WHEAT"", 3], [""BUY_SEED"", ""WHEAT"", 1]]","[[""HIRE""], [""HIRE""], [""HIRE""], [""HIRE""], [""HIRE""], [""BUY_ANIMAL"", ""COW"", 2], [""BUY_ANIMAL"", ""SHEEP"", 2]]"
"w0_v15stack_control.py (W0, retired)",56487592,112702046,2026-09-24 03:09:36.097000,COMPLETED,EPISODE_TYPE_PUBLIC,1,111596,ikevayansky,16740996,56505409,0,111922,0,2490.9,471,2000-2500,tape,"[[""BUY_PRODUCT"", ""WHEAT"", 20], [""SELL"", ""WHEAT"", 15]]","[[""HIRE""], [""HIRE""], [""HIRE""], [""HIRE""], [""HIRE""], [""BUY_ANIMAL"", ""COW"", 2], [""BUY_ANIMAL"", ""SHEEP"", 2]]"
"w0_v15stack_control.py (W0, retired)",56487592,112696572,2026-09-24 02:49:20.668000,COMPLETED,EPISODE_TYPE_PUBLIC,0,85729,venks,16637597,56493766,1,87020,0,2430.5,631,2000-2500,tape,"[[""BUY_PRODUCT"", ""WHEAT"", 20], [""SELL"", ""WHEAT"", 15], [""BUY_SEED"", ""WHEAT"", 1]]","[[""HIRE""], [""HIRE""], [""HIRE""], [""HIRE""], [""HIRE""], [""BUY_ANIMAL"", ""COW"", 2], [""BUY_ANIMAL"", ""SHEEP"", 2]]"
"w0_v15stack_control.py (W0, retired)",56487592,112692597,2026-09-24 02:34:18.661000,COMPLETED,EPISODE_TYPE_PUBLIC,1,91388,Euphor_M,16794090,56505431,0,91848,0,2406.2,691,2000-2500,tape,"[[""BUY_PRODUCT"", ""WHEAT"", 20], [""SELL"", ""WHEAT"", 15], [""BUY_SEED"", ""WHEAT"", 1]]","[[""HIRE""], [""HIRE""], [""HIRE""], [""HIRE""], [""HIRE""], [""BUY_ANIMAL"", ""COW"", 2], [""BUY_ANIMAL"", ""SHEEP"", 2]]"
"w0_v15stack_control.py (W0, retired)",56487592,112688334,2026-09-24 02:19:32.158000,COMPLETED,EPISODE_TYPE_PUBLIC,0,119348,lemon13418,16676336,56476667,1,118649,1,2290.6,1005,2000-2500,tape,"[[""BUY_PRODUCT"", ""WHEAT"", 20], [""SELL"", ""WHEAT"", 15], [""BUY_SEED"", ""WHEAT"", 1]]","[[""HIRE""], [""HIRE""], [""HIRE""], [""HIRE""], [""HIRE""], [""BUY_ANIMAL"", ""COW"", 2], [""BUY_ANIMAL"", ""SHEEP"", 2]]"
"w0_v15stack_control.py (W0, retired)",56487592,112681501,2026-09-24 01:56:51.071000,COMPLETED,EPISODE_TYPE_PUBLIC,0,95788,alban,16679214,56503312,1,96292,0,2426.8,651,2000-2500,tape,"[[""BUY_PRODUCT"", ""WHEAT"", 20], [""SELL"", ""WHEAT"", 15], [""BUY_SEED"", ""WHEAT"", 1]]","[[""HIRE""], [""HIRE""], [""HIRE""], [""HIRE""], [""HIRE""], [""BUY_ANIMAL"", ""COW"", 2], [""BUY_ANIMAL"", ""SHEEP"", 2]]"
"w0_v15stack_control.py (W0, retired)",56487592,112675470,2026-09-24 01:37:09.982000,COMPLETED,EPISODE_TYPE_PUBLIC,0,93684,Ziming Wu,16941777,56480663,1,93718,0,2382.0,759,2000-2500,tape,"[[""BUY_PRODUCT"", ""WHEAT"", 8], [""SELL"", ""WHEAT"", 3], [""BUY_SEED"", ""WHEAT"", 1]]","[[""HIRE""], [""HIRE""], [""HIRE""], [""HIRE""], [""HIRE""], [""BUY_ANIMAL"", ""COW"", 2], [""BUY_ANIMAL"", ""SHEEP"", 2]]"
"w0_v15stack_control.py (W0, retired)",56487592,112668732,2026-09-24 01:11:58.211000,COMPLETED,EPISODE_TYPE_PUBLIC,0,85626,KuziJA,16697891,56447089,1,85499,1,1222.3,3370,<2000,tape,"[[""BUY_PRODUCT"", ""WHEAT"", 20], [""SELL"", ""WHEAT"", 15], [""BUY_SEED"", ""WHEAT"", 1]]","[[""HIRE""], [""HIRE""], [""HIRE""], [""HIRE""], [""HIRE""], [""BUY_ANIMAL"", ""COW"", 2], [""BUY_ANIMAL"", ""SHEEP"", 2]]"
"w0_v15stack_control.py (W0, retired)",56487592,112668712,2026-09-24 01:10:27.983000,COMPLETED,EPISODE_TYPE_PUBLIC,0,82008,ljx59141421,16660395,56466167,1,80596,1,2148.0,1335,2000-2500,tape,"[[""BUY_PRODUCT"", ""WHEAT"", 20], [""SELL"", ""WHEAT"", 15], [""BUY_SEED"", ""WHEAT"", 1]]","[[""HIRE""], [""HIRE""], [""HIRE""], [""HIRE""], [""HIRE""], [""BUY_ANIMAL"", ""COW"", 2], [""BUY_ANIMAL"", ""SHEEP"", 2]]"
"w0_v15stack_control.py (W0, retired)",56487592,112662864,2026-09-24 00:51:25.939000,COMPLETED,EPISODE_TYPE_PUBLIC,0,65817,Sheep Are All You need,16639969,56486244,1,65817,0.5,2456.3,552,2000-2500,tape,"[[""BUY_PRODUCT"", ""WHEAT"", 20], [""SELL"", ""WHEAT"", 15], [""BUY_SEED"", ""WHEAT"", 1]]","[[""HIRE""], [""HIRE""], [""HIRE""], [""HIRE""], [""HIRE""], [""BUY_ANIMAL"", ""COW"", 2], [""BUY_ANIMAL"", ""SHEEP"", 2]]"
"w0_v15stack_control.py (W0, retired)",56487592,112661599,2026-09-24 00:47:36.955000,COMPLETED,EPISODE_TYPE_PUBLIC,1,93349,Dicere,16699722,56489358,0,93965,0,2479.6,493,2000-2500,tape,"[[""BUY_PRODUCT"", ""WHEAT"", 5], [""SELL"", ""WHEAT"", 5], [""BUY_SEED"", ""WHEAT"", 1]]","[[""BUY_PRODUCT"", ""WHEAT"", 5], [""HIRE""], [""HIRE""], [""HIRE""], [""HIRE""], [""HIRE""], [""BUY_ANIMAL"", ""COW"", 2], [""BUY_ANIMAL"", ""SHEEP"", 2]]"
"w0_v15stack_control.py (W0, retired)",56487592,112655649,2026-09-24 00:29:41.274000,COMPLETED,EPISODE_TYPE_PUBLIC,1,117853,Liu Classmate,16793474,56502372,0,117870,0,2390.6,727,2000-2500,tape,"[[""BUY_PRODUCT"", ""WHEAT"", 20], [""SELL"", ""WHEAT"", 15], [""BUY_SEED"", ""WHEAT"", 1]]","[[""HIRE""], [""HIRE""], [""HIRE""], [""HIRE""], [""HIRE""], [""BUY_ANIMAL"", ""COW"", 2], [""BUY_ANIMAL"", ""SHEEP"", 2]]"
"w0_v15stack_control.py (W0, retired)",56487592,112655765,2026-09-24 00:28:23.158000,COMPLETED,EPISODE_TYPE_PUBLIC,1,72093,Daiki Takahashi,16761744,56488581,0,69999,1,2248.2,1087,2000-2500,tape,"[[""BUY_PRODUCT"", ""WHEAT"", 20], [""SELL"", ""WHEAT"", 15], [""BUY_SEED"", ""WHEAT"", 1]]","[[""HIRE""], [""HIRE""], [""HIRE""], [""HIRE""], [""HIRE""], [""BUY_ANIMAL"", ""COW"", 2], [""BUY_ANIMAL"", ""SHEEP"", 2]]"
"w0_v15stack_control.py (W0, retired)",56487592,112649907,2026-09-24 00:10:03.468000,COMPLETED,EPISODE_TYPE_PUBLIC,0,65868,可抽奖的冰棒,16732530,56485075,1,66170,0,2068.6,1515,2000-2500,tape,"[[""BUY_PRODUCT"", ""WHEAT"", 20], [""SELL"", ""WHEAT"", 15], [""BUY_SEED"", ""WHEAT"", 1]]","[[""HIRE""], [""HIRE""], [""HIRE""], [""HIRE""], [""HIRE""], [""BUY_ANIMAL"", ""COW"", 2], [""BUY_ANIMAL"", ""SHEEP"", 2]]"
"w0_v15stack_control.py (W0, retired)",56487592,112644296,2026-09-23 23:46:29.939000,COMPLETED,EPISODE_TYPE_PUBLIC,0,115989,Sarah Ng,16662041,56490384,1,116898,0,2508.1,432,2500-2800,tape,"[[""BUY_PRODUCT"", ""WHEAT"", 20], [""SELL"", ""WHEAT"", 15], [""BUY_SEED"", ""WHEAT"", 1]]","[[""HIRE""], [""HIRE""], [""HIRE""], [""HIRE""], [""HIRE""], [""BUY_ANIMAL"", ""COW"", 2], [""BUY_ANIMAL"", ""SHEEP"", 2]]"
"w0_v15stack_control.py (W0, retired)",56487592,112643058,2026-09-23 23:46:25.067000,COMPLETED,EPISODE_TYPE_PUBLIC,1,77433,Ruslan Kovychev,16926921,56503005,0,78145,0,2374.4,780,2000-2500,tape,"[[""BUY_PRODUCT"", ""WHEAT"", 20], [""SELL"", ""WHEAT"", 15], [""BUY_SEED"", ""WHEAT"", 1]]","[[""HIRE""], [""HIRE""], [""HIRE""], [""HIRE""], [""HIRE""], [""BUY_ANIMAL"", ""COW"", 2], [""BUY_ANIMAL"", ""SHEEP"", 2]]"
"w0_v15stack_control.py (W0, retired)",56487592,112642653,2026-09-23 23:44:09.985000,COMPLETED,EPISODE_TYPE_PUBLIC,0,118905,Dhruvik Chauhan,16827290,56501876,1,119479,0,2546.6,347,2500-2800,tape,"[[""BUY_PRODUCT"", ""WHEAT"", 20], [""SELL"", ""WHEAT"", 15], [""BUY_SEED"", ""WHEAT"", 1]]","[[""HIRE""], [""HIRE""], [""HIRE""], [""HIRE""], [""HIRE""], [""BUY_ANIMAL"", ""COW"", 2], [""BUY_ANIMAL"", ""SHEEP"", 2]]"
"w0_v15stack_control.py (W0, retired)",56487592,112637785,2026-09-23 23:29:30.292000,COMPLETED,EPISODE_TYPE_PUBLIC,0,70295,katya barzova,16701728,56503909,1,70900,0,2268.5,1046,2000-2500,tape,"[[""BUY_PRODUCT"", ""WHEAT"", 20], [""SELL"", ""WHEAT"", 15]]","[[""HIRE""], [""HIRE""], [""HIRE""], [""HIRE""], [""HIRE""], [""BUY_ANIMAL"", ""COW"", 2], [""BUY_ANIMAL"", ""SHEEP"", 2], [""BUY_SEED"", ""WHEAT"", 1]]"
"w0_v15stack_control.py (W0, retired)",56487592,112636023,2026-09-23 23:19:25.821000,COMPLETED,EPISODE_TYPE_PUBLIC,0,93007,Vsevolod Rakita,16640472,56454341,1,92796,1,2223.4,1135,2000-2500,tape,"[[""BUY_PRODUCT"", ""WHEAT"", 20], [""SELL"", ""WHEAT"", 15], [""BUY_SEED"", ""WHEAT"", 1]]","[[""HIRE""], [""HIRE""], [""HIRE""], [""HIRE""], [""HIRE""], [""BUY_ANIMAL"", ""COW"", 2], [""BUY_ANIMAL"", ""SHEEP"", 2]]"
"w0_v15stack_control.py (W0, retired)",56487592,112634383,2026-09-23 23:14:33.418000,COMPLETED,EPISODE_TYPE_PUBLIC,0,110423,OceanMix,16662883,56503386,1,111558,0,2692.8,100,2500-2800,tape,"[[""BUY_PRODUCT"", ""WHEAT"", 20], [""SELL"", ""WHEAT"", 15]]","[[""HIRE""], [""HIRE""], [""HIRE""], [""HIRE""], [""HIRE""], [""BUY_ANIMAL"", ""COW"", 2], [""BUY_ANIMAL"", ""SHEEP"", 2]]"
"w0_v15stack_control.py (W0, retired)",56487592,112630545,2026-09-23 22:56:57.375000,COMPLETED,EPISODE_TYPE_PUBLIC,1,83986,Shane Thivaharraja,16763829,56442257,0,83301,1,2380.0,765,2000-2500,tape,"[[""BUY_PRODUCT"", ""WHEAT"", 5], [""BUY_SEED"", ""WHEAT"", 1]]","[[""HIRE""], [""HIRE""], [""HIRE""], [""HIRE""], [""HIRE""], [""BUY_ANIMAL"", ""COW"", 2], [""BUY_ANIMAL"", ""SHEEP"", 2]]"
"w0_v15stack_control.py (W0, retired)",56487592,112625553,2026-09-23 22:38:28.059000,COMPLETED,EPISODE_TYPE_PUBLIC,1,153531,Around30,16690019,56463847,0,153283,1,2411.2,683,2000-2500,tape,"[[""BUY_PRODUCT"", ""WHEAT"", 5], [""SELL"", ""WHEAT"", 5], [""BUY_PRODUCT"", ""WHEAT"", 5], [""BUY_SEED"", ""WHEAT"", 1]]","[[""HIRE""], [""HIRE""], [""HIRE""], [""HIRE""], [""HIRE""], [""BUY_ANIMAL"", ""COW"", 2], [""BUY_ANIMAL"", ""SHEEP"", 2]]"
"w0_v15stack_control.py (W0, retired)",56487592,112620001,2026-09-23 22:23:08.143000,COMPLETED,EPISODE_TYPE_PUBLIC,0,78139,tw1nstar,16847812,56495521,1,80065,0,2716.4,84,2500-2800,tape,"[[""BUY_PRODUCT"", ""WHEAT"", 20], [""SELL"", ""WHEAT"", 15], [""BUY_SEED"", ""WHEAT"", 1]]","[[""HIRE""], [""HIRE""], [""HIRE""], [""HIRE""], [""HIRE""], [""BUY_ANIMAL"", ""COW"", 2], [""BUY_ANIMAL"", ""SHEEP"", 2]]"
"w0_v15stack_control.py (W0, retired)",56487592,112614235,2026-09-23 22:01:27.793000,COMPLETED,EPISODE_TYPE_PUBLIC,1,121079,断罪の孤高の神・大宇宙草莓覇皇,16763706,56487376,0,122863,0,2433.9,620,2000-2500,tape,"[[""BUY_PRODUCT"", ""WHEAT"", 20], [""SELL"", ""WHEAT"", 15], []]","[[""HIRE""], [""HIRE""], [""HIRE""], [""HIRE""], [""HIRE""], [""BUY_ANIMAL"", ""COW"", 2], [""BUY_ANIMAL"", ""SHEEP"", 2]]"
"w0_v15stack_control.py (W0, retired)",56487592,112608367,2026-09-23 21:41:27.016000,COMPLETED,EPISODE_TYPE_PUBLIC,1,98458,taiseiu,16748154,56399279,0,97830,1,2544.6,353,2500-2800,tape,"[[""BUY_PRODUCT"", ""WHEAT"", 20], [""SELL"", ""WHEAT"", 15]]","[[""HIRE""], [""HIRE""], [""HIRE""], [""HIRE""], [""HIRE""], [""BUY_ANIMAL"", ""COW"", 2], [""BUY_ANIMAL"", ""SHEEP"", 2]]"
"w0_v15stack_control.py (W0, retired)",56487592,112608551,2026-09-23 21:36:47.210000,COMPLETED,EPISODE_TYPE_PUBLIC,0,101906,Kavinkumar M,16672251,56463772,1,102019,0,2234.6,1109,2000-2500,tape,"[[""BUY_PRODUCT"", ""WHEAT"", 20], [""SELL"", ""WHEAT"", 15], [""BUY_SEED"", ""WHEAT"", 1]]","[[""HIRE""], [""HIRE""], [""HIRE""], [""HIRE""], [""HIRE""], [""BUY_ANIMAL"", ""COW"", 2], [""BUY_ANIMAL"", ""SHEEP"", 2]]"
"w0_v15stack_control.py (W0, retired)",56487592,112603114,2026-09-23 21:20:37.101000,COMPLETED,EPISODE_TYPE_PUBLIC,0,145461,小娃娃是娃娃里较小的娃娃,16905685,56500798,1,145593,0,2440.4,597,2000-2500,tape,"[[""BUY_PRODUCT"", ""WHEAT"", 20], [""SELL"", ""WHEAT"", 15], [""BUY_SEED"", ""WHEAT"", 1]]","[[""HIRE""], [""HIRE""], [""HIRE""], [""HIRE""], [""HIRE""], [""BUY_ANIMAL"", ""COW"", 2], [""BUY_ANIMAL"", ""SHEEP"", 2]]"
"w0_v15stack_control.py (W0, retired)",56487592,112601354,2026-09-23 21:14:53.298000,COMPLETED,EPISODE_TYPE_PUBLIC,1,105240,xiongrui666,16785483,56478939,0,105240,0.5,2268.9,1045,2000-2500,tape,"[[""BUY_PRODUCT"", ""WHEAT"", 20], [""SELL"", ""WHEAT"", 15], [""BUY_SEED"", ""WHEAT"", 1]]","[[""HIRE""], [""HIRE""], [""HIRE""], [""HIRE""], [""HIRE""], [""BUY_ANIMAL"", ""COW"", 2], [""BUY_ANIMAL"", ""SHEEP"", 2]]"
"w0_v15stack_control.py (W0, retired)",56487592,112595395,2026-09-23 20:54:15.780000,COMPLETED,EPISODE_TYPE_PUBLIC,0,72683,ALLAI,16742139,56456666,1,74821,0,2427.2,648,2000-2500,tape,"[[""BUY_PRODUCT"", ""WHEAT"", 20], [""SELL"", ""WHEAT"", 15], [""BUY_SEED"", ""WHEAT"", 1]]","[[""HIRE""], [""HIRE""], [""HIRE""], [""HIRE""], [""HIRE""], [""BUY_ANIMAL"", ""COW"", 2], [""BUY_ANIMAL"", ""SHEEP"", 2]]"
"w0_v15stack_control.py (W0, retired)",56487592,112595378,2026-09-23 20:53:08.714000,COMPLETED,EPISODE_TYPE_PUBLIC,0,117153,IchikaHoshino,16689844,56491483,1,116966,1,2154.1,1314,2000-2500,tape,"[[""BUY_PRODUCT"", ""WHEAT"", 20], [""SELL"", ""WHEAT"", 15], [""BUY_SEED"", ""WHEAT"", 1]]","[[""HIRE""], [""HIRE""], [""HIRE""], [""HIRE""], [""HIRE""], [""BUY_ANIMAL"", ""COW"", 2], [""BUY_ANIMAL"", ""SHEEP"", 2]]"
"w0_v15stack_control.py (W0, retired)",56487592,112589273,2026-09-23 20:32:50.891000,COMPLETED,EPISODE_TYPE_PUBLIC,1,105353,tryagain123,16851853,56458709,0,105222,1,2165.2,1282,2000-2500,tape,"[[""BUY_PRODUCT"", ""WHEAT"", 20], [""SELL"", ""WHEAT"", 15], [""BUY_SEED"", ""WHEAT"", 1]]","[[""HIRE""], [""HIRE""], [""HIRE""], [""HIRE""], [""HIRE""], [""BUY_ANIMAL"", ""COW"", 2], [""BUY_ANIMAL"", ""SHEEP"", 2]]"
"w0_v15stack_control.py (W0, retired)",56487592,112582796,2026-09-23 20:14:21.645000,COMPLETED,EPISODE_TYPE_PUBLIC,0,83952,edteoh,16665134,56497931,1,84113,0,2334.5,885,2000-2500,tape,"[[""BUY_PRODUCT"", ""WHEAT"", 10], [""SELL"", ""WHEAT"", 5], [""BUY_SEED"", ""WHEAT"", 1]]","[[""HIRE""], [""HIRE""], [""HIRE""], [""HIRE""], [""HIRE""], [""BUY_ANIMAL"", ""COW"", 2], [""BUY_ANIMAL"", ""SHEEP"", 2]]"
"w0_v15stack_control.py (W0, retired)",56487592,112579406,2026-09-23 20:02:54.116000,COMPLETED,EPISODE_TYPE_PUBLIC,1,110065,UYHHHHYu,16903770,56491733,0,112246,0,2510.4,427,2500-2800,tape,"[[""BUY_PRODUCT"", ""WHEAT"", 20], [""SELL"", ""WHEAT"", 15], [""BUY_SEED"", ""WHEAT"", 1]]","[[""HIRE""], [""HIRE""], [""HIRE""], [""HIRE""], [""HIRE""], [""BUY_ANIMAL"", ""COW"", 2], [""BUY_ANIMAL"", ""SHEEP"", 2]]"
"w0_v15stack_control.py (W0, retired)",56487592,112572320,2026-09-23 19:37:48.298000,COMPLETED,EPISODE_TYPE_PUBLIC,1,115051,kaibaur,16917270,56474831,0,113891,1,2391.3,725,2000-2500,tape,"[[""BUY_PRODUCT"", ""WHEAT"", 20], [""SELL"", ""WHEAT"", 15], [""BUY_SEED"", ""WHEAT"", 1]]","[[""HIRE""], [""HIRE""], [""HIRE""], [""HIRE""], [""HIRE""], [""BUY_ANIMAL"", ""COW"", 2], [""BUY_ANIMAL"", ""SHEEP"", 2]]"
"w0_v15stack_control.py (W0, retired)",56487592,112565007,2026-09-23 19:12:30.540000,COMPLETED,EPISODE_TYPE_PUBLIC,1,91512,Emre Cirak,16630804,56496823,0,107695,0,2640.4,167,2500-2800,tape,"[[""BUY_PRODUCT"", ""WHEAT"", 8], [""SELL"", ""WHEAT"", 8], [""BUY_SEED"", ""WHEAT"", 1]]","[[""BUY_PRODUCT"", ""WHEAT"", 5], [""HIRE""], [""HIRE""], [""HIRE""], [""HIRE""], [""HIRE""], [""BUY_ANIMAL"", ""COW"", 2], [""BUY_ANIMAL"", ""SHEEP"", 2]]"
"w0_v15stack_control.py (W0, retired)",56487592,112561744,2026-09-23 19:00:31.707000,COMPLETED,EPISODE_TYPE_PUBLIC,1,103859,Roy Lo TW,16758316,56484084,0,105865,0,2161.7,1292,2000-2500,tape,"[[""BUY_PRODUCT"", ""WHEAT"", 20], [""SELL"", ""WHEAT"", 15], [""BUY_SEED"", ""WHEAT"", 1]]","[[""HIRE""], [""HIRE""], [""HIRE""], [""HIRE""], [""HIRE""], [""BUY_ANIMAL"", ""COW"", 2], [""BUY_ANIMAL"", ""SHEEP"", 2]]"
"w0_v15stack_control.py (W0, retired)",56487592,112557992,2026-09-23 18:46:42.047000,COMPLETED,EPISODE_TYPE_PUBLIC,0,115675,goh,16632423,56488669,1,115986,0,2295.5,990,2000-2500,tape,"[[""BUY_PRODUCT"", ""WHEAT"", 20], [""SELL"", ""WHEAT"", 15], [""BUY_SEED"", ""WHEAT"", 1]]","[[""HIRE""], [""HIRE""], [""HIRE""], [""HIRE""], [""HIRE""], [""BUY_ANIMAL"", ""COW"", 2], [""BUY_ANIMAL"", ""SHEEP"", 2]]"
"w0_v15stack_control.py (W0, retired)",56487592,112548355,2026-09-23 18:16:40.230000,COMPLETED,EPISODE_TYPE_PUBLIC,0,48825,M & M & P & Q,16681125,56497780,1,92665,0,1719.8,2204,<2000,DSM,"[[""BUY_ANIMAL"", ""COW"", 1], [""BUY_PRODUCT"", ""WHEAT"", 5], [""BUY_ANIMAL"", ""SHEEP"", 1], [""BUY_ANIMAL"", ""SHEEP"", 1], [""BUY_ANIMAL"", ""SHEEP"", 1]]","[[""SELL"", ""WHEAT"", 1], [""HIRE""], [""HIRE""], [""HIRE""], [""HIRE""], [""BUY_ANIMAL"", ""COW"", 1], [""HIRE""]]"
"w0_v15stack_control.py (W0, retired)",56487592,112549643,2026-09-23 18:16:06.673000,COMPLETED,EPISODE_TYPE_PUBLIC,1,69909,Sushanth Tiruvaipati,16678061,56490319,0,68219,1,1862.4,1920,<2000,tape,"[[""BUY_PRODUCT"", ""WHEAT"", 8], [""SELL"", ""WHEAT"", 3], [""BUY_SEED"", ""WHEAT"", 1]]","[[""HIRE""], [""HIRE""], [""HIRE""], [""HIRE""], [""HIRE""], [""BUY_ANIMAL"", ""COW"", 2], [""BUY_ANIMAL"", ""SHEEP"", 2]]"
"w0_v15stack_control.py (W0, retired)",56487592,112539601,2026-09-23 17:46:03.231000,COMPLETED,EPISODE_TYPE_PUBLIC,1,73081,Remielle,16740815,56496269,0,73104,0,2155.0,1310,2000-2500,tape,"[[""BUY_PRODUCT"", ""WHEAT"", 20], [""SELL"", ""WHEAT"", 15], [""BUY_SEED"", ""WHEAT"", 1]]","[[""HIRE""], [""HIRE""], [""HIRE""], [""HIRE""], [""HIRE""], [""BUY_ANIMAL"", ""COW"", 2], [""BUY_ANIMAL"", ""SHEEP"", 2]]"
"w0_v15stack_control.py (W0, retired)",56487592,112534214,2026-09-23 17:27:38.460000,COMPLETED,EPISODE_TYPE_PUBLIC,0,109722,Tagir Eminov,16908425,56406592,1,108910,1,2149.6,1327,2000-2500,tape,"[[""BUY_PRODUCT"", ""WHEAT"", 10], [""SELL"", ""WHEAT"", 5], [""BUY_SEED"", ""WHEAT"", 1]]","[[""HIRE""], [""HIRE""], [""HIRE""], [""HIRE""], [""HIRE""], [""BUY_ANIMAL"", ""COW"", 2], [""BUY_ANIMAL"", ""SHEEP"", 2]]"
"w0_v15stack_control.py (W0, retired)",56487592,112521385,2026-09-23 16:51:09.757000,COMPLETED,EPISODE_TYPE_PUBLIC,0,69742,shiiin9,16748382,56496896,1,80880,0,2645.6,161,2500-2800,tape,"[[""BUY_PRODUCT"", ""WHEAT"", 10], [""SELL"", ""WHEAT"", 10], [""BUY_SEED"", ""WHEAT"", 1]]","[[""SELL"", ""WHEAT"", 13], [""BUY_PRODUCT"", ""WHEAT"", 5], [""HIRE""], [""HIRE""], [""HIRE""], [""HIRE""], [""HIRE""], [""BUY_ANIMAL"", ""COW"", 2], [""BUY_ANIMAL"", ""SHEEP"", 2]]"
"w0_v15stack_control.py (W0, retired)",56487592,112520936,2026-09-23 16:43:33.801000,COMPLETED,EPISODE_TYPE_PUBLIC,0,64669,Yeswanthperni,16671306,56454205,1,64572,1,2155.4,1309,2000-2500,tape,"[[""BUY_PRODUCT"", ""WHEAT"", 5], [""SELL"", ""WHEAT"", 5], [""BUY_SEED"", ""WHEAT"", 1]]","[[""BUY_PRODUCT"", ""WHEAT"", 5], [""HIRE""], [""HIRE""], [""HIRE""], [""HIRE""], [""HIRE""], [""BUY_ANIMAL"", ""COW"", 2], [""BUY_ANIMAL"", ""SHEEP"", 2]]"
"w0_v15stack_control.py (W0, retired)",56487592,112510341,2026-09-23 16:04:00.105000,COMPLETED,EPISODE_TYPE_PUBLIC,1,153227,Teddy Tennant,16697767,56473160,0,153788,0,2355.1,834,2000-2500,tape,"[[""BUY_PRODUCT"", ""WHEAT"", 20], [""SELL"", ""WHEAT"", 15], [""BUY_SEED"", ""WHEAT"", 1]]","[[""HIRE""], [""HIRE""], [""HIRE""], [""HIRE""], [""HIRE""], [""BUY_ANIMAL"", ""COW"", 2], [""BUY_ANIMAL"", ""SHEEP"", 2]]"
"w0_v15stack_control.py (W0, retired)",56487592,112500836,2026-09-23 15:32:54.687000,COMPLETED,EPISODE_TYPE_PUBLIC,0,72919,Hamed Vakili,16756591,56375491,1,73139,0,2358.6,824,2000-2500,tape,"[[""BUY_PRODUCT"", ""WHEAT"", 11], [""SELL"", ""WHEAT"", 6]]","[[""HIRE""], [""HIRE""], [""HIRE""], [""HIRE""], [""HIRE""], [""BUY_ANIMAL"", ""COW"", 2], [""BUY_ANIMAL"", ""SHEEP"", 2]]"
"w0_v15stack_control.py (W0, retired)",56487592,112493943,2026-09-23 15:08:41.656000,COMPLETED,EPISODE_TYPE_PUBLIC,0,132615,benhur0905,16811685,56478959,1,132374,1,2351.3,842,2000-2500,tape,"[[""BUY_PRODUCT"", ""WHEAT"", 20], [""SELL"", ""WHEAT"", 15], [""BUY_SEED"", ""WHEAT"", 1]]","[[""HIRE""], [""HIRE""], [""HIRE""], [""HIRE""], [""HIRE""], [""BUY_ANIMAL"", ""COW"", 2], [""BUY_ANIMAL"", ""SHEEP"", 2]]"
"w0_v15stack_control.py (W0, retired)",56487592,112484782,2026-09-23 14:36:36.808000,COMPLETED,EPISODE_TYPE_PUBLIC,0,105533,马嘉蛋爱玩跳棋,16858303,56454749,1,105966,0,2383.1,755,2000-2500,tape,"[[""BUY_PRODUCT"", ""WHEAT"", 20], [""SELL"", ""WHEAT"", 15]]","[[""SELL"", ""WHEAT"", 5], [""BUY_PRODUCT"", ""WHEAT"", 5], [""HIRE""], [""HIRE""], [""HIRE""], [""HIRE""], [""HIRE""], [""BUY_ANIMAL"", ""COW"", 2], [""BUY_ANIMAL"", ""SHEEP"", 2]]"
"w0_v15stack_control.py (W0, retired)",56487592,112482226,2026-09-23 14:33:43.262000,COMPLETED,EPISODE_TYPE_PUBLIC,1,82157,akmr,16634580,56490118,0,84662,0,2535.8,370,2500-2800,tape,"[[""BUY_PRODUCT"", ""WHEAT"", 13], [""BUY_PRODUCT"", ""WHEAT"", 5], [""SELL"", ""WHEAT"", 13]]","[[""SELL"", ""WHEAT"", 5], [""BUY_PRODUCT"", ""WHEAT"", 5], [""HIRE""], [""HIRE""], [""HIRE""], [""HIRE""], [""HIRE""], [""BUY_ANIMAL"", ""COW"", 2], [""BUY_ANIMAL"", ""SHEEP"", 2]]"
"w0_v15stack_control.py (W0, retired)",56487592,112483652,2026-09-23 14:33:42.578000,COMPLETED,EPISODE_TYPE_PUBLIC,0,74205,lihaha.36,16682183,56488541,1,90193,0,2516.5,414,2500-2800,tape,"[[""BUY_PRODUCT"", ""WHEAT"", 10], [""SELL"", ""WHEAT"", 10]]","[[""BUY_PRODUCT"", ""WHEAT"", 90], [""SELL"", ""WHEAT"", 90], [""BUY_PRODUCT"", ""WHEAT"", 5], [""HIRE""], [""HIRE""], [""HIRE""], [""HIRE""], [""HIRE""], [""BUY_ANIMAL"", ""COW"", 2], [""BUY_ANIMAL"", ""SHEEP"", 2]]"
"w0_v15stack_control.py (W0, retired)",56487592,112477447,2026-09-23 14:11:27.442000,COMPLETED,EPISODE_TYPE_PUBLIC,1,125581,track,16687649,56490446,0,145928,0,2517.7,411,2500-2800,tape,"[[""BUY_PRODUCT"", ""WHEAT"", 8], [""SELL"", ""WHEAT"", 8], [""BUY_SEED"", ""WHEAT"", 1]]","[[""BUY_PRODUCT"", ""WHEAT"", 5], [""HIRE""], [""HIRE""], [""HIRE""], [""HIRE""], [""HIRE""], [""BUY_ANIMAL"", ""COW"", 2], [""BUY_ANIMAL"", ""SHEEP"", 2]]"
"w0_v15stack_control.py (W0, retired)",56487592,112476638,2026-09-23 14:07:53.487000,COMPLETED,EPISODE_TYPE_PUBLIC,0,83774,iring58,16723893,56452387,1,83424,1,2262.1,1061,2000-2500,tape,"[[""BUY_PRODUCT"", ""WHEAT"", 20], [""SELL"", ""WHEAT"", 15], [""BUY_SEED"", ""WHEAT"", 1]]","[[""HIRE""], [""HIRE""], [""HIRE""], [""HIRE""], [""HIRE""], [""BUY_ANIMAL"", ""COW"", 2], [""BUY_ANIMAL"", ""SHEEP"", 2]]"
"w0_v15stack_control.py (W0, retired)",56487592,112469884,2026-09-23 13:49:37.962000,COMPLETED,EPISODE_TYPE_PUBLIC,1,99708,Arman Tuganbaev,16711376,56492358,0,125225,0,2738.1,69,2500-2800,tape,"[[""BUY_PRODUCT"", ""WHEAT"", 10], [""SELL"", ""WHEAT"", 10], [""BUY_PRODUCT"", ""WHEAT"", 20], [""SELL"", ""WHEAT"", 15], [""BUY_SEED"", ""WHEAT"", 1]]","[[""HIRE""], [""HIRE""], [""HIRE""], [""HIRE""], [""HIRE""], [""BUY_ANIMAL"", ""COW"", 2], [""BUY_ANIMAL"", ""SHEEP"", 2]]"
"w0_v15stack_control.py (W0, retired)",56487592,112467215,2026-09-23 13:35:30.676000,COMPLETED,EPISODE_TYPE_PUBLIC,1,83538,beastars,16917149,56465941,0,83629,0,2197.2,1196,2000-2500,tape,"[[""BUY_PRODUCT"", ""WHEAT"", 20], [""SELL"", ""WHEAT"", 15], [""BUY_SEED"", ""WHEAT"", 1]]","[[""HIRE""], [""HIRE""], [""HIRE""], [""HIRE""], [""HIRE""], [""BUY_ANIMAL"", ""COW"", 2], [""BUY_ANIMAL"", ""SHEEP"", 2]]"
"w0_v15stack_control.py (W0, retired)",56487592,112465984,2026-09-23 13:33:16.294000,COMPLETED,EPISODE_TYPE_PUBLIC,0,104719,lemon13418,16676336,56476667,1,103300,1,2290.6,1005,2000-2500,tape,"[[""BUY_PRODUCT"", ""WHEAT"", 20], [""SELL"", ""WHEAT"", 15], [""BUY_SEED"", ""WHEAT"", 1]]","[[""HIRE""], [""HIRE""], [""HIRE""], [""HIRE""], [""HIRE""], [""BUY_ANIMAL"", ""COW"", 2], [""BUY_ANIMAL"", ""SHEEP"", 2]]"
"w0_v15stack_control.py (W0, retired)",56487592,112458973,2026-09-23 13:08:10.816000,COMPLETED,EPISODE_TYPE_PUBLIC,0,132874,Xiangjiang Zhou,16783265,56484851,1,132743,1,2567.0,304,2500-2800,tape,"[[""BUY_PRODUCT"", ""WHEAT"", 5], [], [""BUY_SEED"", ""WHEAT"", 1]]","[[""HIRE""], [""HIRE""], [""HIRE""], [""HIRE""], [""HIRE""], [""BUY_ANIMAL"", ""COW"", 2], [""BUY_ANIMAL"", ""SHEEP"", 2]]"
"w0_v15stack_control.py (W0, retired)",56487592,112451675,2026-09-23 12:46:13.494000,COMPLETED,EPISODE_TYPE_PUBLIC,1,142674,Yunioshi,16738424,56487717,0,142674,0.5,2292.9,996,2000-2500,tape,"[[""BUY_PRODUCT"", ""WHEAT"", 20], [""SELL"", ""WHEAT"", 15], [""BUY_SEED"", ""WHEAT"", 1]]","[[""HIRE""], [""HIRE""], [""HIRE""], [""HIRE""], [""HIRE""], [""BUY_ANIMAL"", ""COW"", 2], [""BUY_ANIMAL"", ""SHEEP"", 2]]"
"w0_v15stack_control.py (W0, retired)",56487592,112450771,2026-09-23 12:39:46.793000,COMPLETED,EPISODE_TYPE_PUBLIC,0,119405,Serendipity,16839422,56458820,1,118130,1,2294.6,994,2000-2500,tape,"[[""BUY_PRODUCT"", ""WHEAT"", 20], [""SELL"", ""WHEAT"", 15], [""BUY_SEED"", ""WHEAT"", 1]]","[[""HIRE""], [""HIRE""], [""HIRE""], [""HIRE""], [""HIRE""], [""BUY_ANIMAL"", ""COW"", 2], [""BUY_ANIMAL"", ""SHEEP"", 2]]"
"w0_v15stack_control.py (W0, retired)",56487592,112449698,2026-09-23 12:36:53.135000,COMPLETED,EPISODE_TYPE_PUBLIC,0,108414,"GOAT   Mathieu ""ZywOo"" Herbaut",16638551,56451108,1,108483,0,1170.6,3515,<2000,tape,"[[""BUY_PRODUCT"", ""WHEAT"", 5], [""BUY_SEED"", ""WHEAT"", 1]]","[[""HIRE""], [""HIRE""], [""HIRE""], [""HIRE""], [""HIRE""], [""BUY_ANIMAL"", ""COW"", 2], [""BUY_ANIMAL"", ""SHEEP"", 2]]"
"w0_v15stack_control.py (W0, retired)",56487592,112448201,2026-09-23 12:33:41.620000,COMPLETED,EPISODE_TYPE_PUBLIC,1,91684,yamazaking,16878026,56424824,0,90413,1,2190.4,1212,2000-2500,tape,"[[""BUY_PRODUCT"", ""WHEAT"", 20], [""SELL"", ""WHEAT"", 15], [""BUY_SEED"", ""WHEAT"", 1]]","[[""HIRE""], [""HIRE""], [""HIRE""], [""HIRE""], [""HIRE""], [""BUY_ANIMAL"", ""COW"", 2], [""BUY_ANIMAL"", ""SHEEP"", 2]]"
"w0_v15stack_control.py (W0, retired)",56487592,112448378,2026-09-23 12:32:42.513000,COMPLETED,EPISODE_TYPE_PUBLIC,0,88554,pengurei,16901814,56438593,1,88102,1,2435.9,611,2000-2500,tape,"[[""BUY_PRODUCT"", ""WHEAT"", 5], [""BUY_SEED"", ""WHEAT"", 1]]","[[""HIRE""], [""HIRE""], [""HIRE""], [""HIRE""], [""HIRE""], [""BUY_ANIMAL"", ""COW"", 2], [""BUY_ANIMAL"", ""SHEEP"", 2]]"
"w0_v15stack_control.py (W0, retired)",56487592,112447016,2026-09-23 12:28:54.029000,COMPLETED,EPISODE_TYPE_PUBLIC,0,135058,luyinn,16811868,56485156,1,135698,0,2381.8,761,2000-2500,tape,"[[""BUY_PRODUCT"", ""WHEAT"", 8], [""SELL"", ""WHEAT"", 3], [""BUY_SEED"", ""WHEAT"", 1]]","[[""HIRE""], [""HIRE""], [""HIRE""], [""HIRE""], [""HIRE""], [""BUY_ANIMAL"", ""COW"", 2], [""BUY_ANIMAL"", ""SHEEP"", 2]]"
"w0_v15stack_control.py (W0, retired)",56487592,112445835,2026-09-23 12:24:41.903000,COMPLETED,EPISODE_TYPE_PUBLIC,0,87917,Boiled-Sweet-Potato,16682210,56447250,1,88056,0,2124.5,1384,2000-2500,tape,"[[""BUY_PRODUCT"", ""WHEAT"", 20], [""SELL"", ""WHEAT"", 15], [""BUY_SEED"", ""WHEAT"", 1]]","[[""HIRE""], [""HIRE""], [""HIRE""], [""HIRE""], [""HIRE""], [""BUY_ANIMAL"", ""COW"", 2], [""BUY_ANIMAL"", ""SHEEP"", 2]]"
"w0_v15stack_control.py (W0, retired)",56487592,112444655,2026-09-23 12:21:30.893000,COMPLETED,EPISODE_TYPE_PUBLIC,1,141642,Asem Adnan,16881512,56406929,0,139368,1,2054.0,1556,2000-2500,tape,"[[""BUY_PRODUCT"", ""WHEAT"", 20], [""SELL"", ""WHEAT"", 15]]","[[""HIRE""], [""HIRE""], [""HIRE""], [""HIRE""], [""HIRE""], [""BUY_ANIMAL"", ""COW"", 2], [""BUY_ANIMAL"", ""SHEEP"", 2]]"
"w0_v15stack_control.py (W0, retired)",56487592,112443474,2026-09-23 12:18:06.849000,COMPLETED,EPISODE_TYPE_PUBLIC,1,85038,Himanshu Kumar,16657785,56438658,0,85771,0,2296.8,984,2000-2500,tape,"[[""BUY_PRODUCT"", ""WHEAT"", 20], [""SELL"", ""WHEAT"", 15], [""BUY_SEED"", ""WHEAT"", 1]]","[[""HIRE""], [""HIRE""], [""HIRE""], [""HIRE""], [""HIRE""], [""BUY_ANIMAL"", ""COW"", 2], [""BUY_ANIMAL"", ""SHEEP"", 2]]"
"w0_v15stack_control.py (W0, retired)",56487592,112442268,2026-09-23 12:11:58.566000,COMPLETED,EPISODE_TYPE_PUBLIC,1,94845,tamref,16791943,56485327,0,94638,1,2404.9,694,2000-2500,tape,"[[""BUY_PRODUCT"", ""WHEAT"", 20], [""SELL"", ""WHEAT"", 15], [""BUY_SEED"", ""WHEAT"", 1]]","[[""HIRE""], [""HIRE""], [""HIRE""], [""HIRE""], [""HIRE""], [""BUY_ANIMAL"", ""COW"", 2], [""BUY_ANIMAL"", ""SHEEP"", 2]]"
"w0_v15stack_control.py (W0, retired)",56487592,112441052,2026-09-23 12:10:57.391000,COMPLETED,EPISODE_TYPE_PUBLIC,0,124875,Naman Malik,16714166,56477092,1,123852,1,2170.8,1264,2000-2500,tape,"[[""BUY_PRODUCT"", ""WHEAT"", 20], [""SELL"", ""WHEAT"", 15], [""BUY_SEED"", ""WHEAT"", 1]]","[[""HIRE""], [""HIRE""], [""HIRE""], [""HIRE""], [""HIRE""], [""BUY_ANIMAL"", ""COW"", 2], [""BUY_ANIMAL"", ""SHEEP"", 2]]"
"w0_v15stack_control.py (W0, retired)",56487592,112439888,2026-09-23 12:05:44.997000,COMPLETED,EPISODE_TYPE_PUBLIC,0,109501,icelemon2004,16774712,56489865,1,109501,0.5,2279.7,1022,2000-2500,tape,"[[""BUY_PRODUCT"", ""WHEAT"", 20], [""SELL"", ""WHEAT"", 15], [""BUY_SEED"", ""WHEAT"", 1]]","[[""HIRE""], [""HIRE""], [""HIRE""], [""HIRE""], [""HIRE""], [""BUY_ANIMAL"", ""COW"", 2], [""BUY_ANIMAL"", ""SHEEP"", 2]]"
"w0_v15stack_control.py (W0, retired)",56487592,112438643,2026-09-23 12:02:30.784000,COMPLETED,EPISODE_TYPE_PUBLIC,0,72261,PUN,16876853,56488845,1,70877,1,2096.2,1450,2000-2500,tape,"[[""BUY_PRODUCT"", ""WHEAT"", 20], [""SELL"", ""WHEAT"", 15], [""BUY_SEED"", ""WHEAT"", 1]]","[[""HIRE""], [""HIRE""], [""HIRE""], [""HIRE""], [""HIRE""], [""BUY_ANIMAL"", ""COW"", 2], [""BUY_ANIMAL"", ""SHEEP"", 2]]"
"w0_v15stack_control.py (W0, retired)",56487592,112437420,2026-09-23 11:55:01.861000,COMPLETED,EPISODE_TYPE_PUBLIC,1,131670,Congy,16810308,56427167,0,126304,1,2524.7,395,2500-2800,tape,"[[""BUY_PRODUCT"", ""WHEAT"", 20], [""SELL"", ""WHEAT"", 15], [""BUY_SEED"", ""WHEAT"", 1]]","[[""HIRE""], [""HIRE""], [""HIRE""], [""HIRE""], [""HIRE""], [""BUY_ANIMAL"", ""COW"", 2], [""BUY_ANIMAL"", ""SHEEP"", 2]]"
"w0_v15stack_control.py (W0, retired)",56487592,112436143,2026-09-23 11:51:53.594000,COMPLETED,EPISODE_TYPE_PUBLIC,0,65458,xxxxyt,16731940,56458601,1,65349,1,2368.2,796,2000-2500,tape,"[[""BUY_PRODUCT"", ""WHEAT"", 20], [""SELL"", ""WHEAT"", 15], [""BUY_SEED"", ""WHEAT"", 1]]","[[""HIRE""], [""HIRE""], [""HIRE""], [""HIRE""], [""HIRE""], [""BUY_ANIMAL"", ""COW"", 2], [""BUY_ANIMAL"", ""SHEEP"", 2]]"
"w0_v15stack_control.py (W0, retired)",56487592,112434955,2026-09-23 11:49:20.192000,COMPLETED,EPISODE_TYPE_PUBLIC,1,81838,Almaz,16942573,56482037,0,82297,0,2247.9,1091,2000-2500,tape,"[[""BUY_PRODUCT"", ""WHEAT"", 20], [""SELL"", ""WHEAT"", 15], [""BUY_SEED"", ""WHEAT"", 1]]","[[""HIRE""], [""HIRE""], [""HIRE""], [""HIRE""], [""HIRE""], [""BUY_ANIMAL"", ""COW"", 2], [""BUY_ANIMAL"", ""SHEEP"", 2]]"
"w0_v15stack_control.py (W0, retired)",56487592,112434754,2026-09-23 11:47:02.083000,COMPLETED,EPISODE_TYPE_PUBLIC,1,113398,Taewoong Kim,16792410,56489144,0,108804,1,2208.0,1173,2000-2500,tape,"[[""BUY_PRODUCT"", ""WHEAT"", 20], [""SELL"", ""WHEAT"", 15], [""BUY_SEED"", ""WHEAT"", 1]]","[[""HIRE""], [""HIRE""], [""HIRE""], [""HIRE""], [""HIRE""], [""BUY_ANIMAL"", ""COW"", 2], [""BUY_ANIMAL"", ""SHEEP"", 2]]"
"w0_v15stack_control.py (W0, retired)",56487592,112433807,2026-09-23 11:46:45.064000,COMPLETED,EPISODE_TYPE_PUBLIC,1,98588,YuyaSuzuki,16814409,56478094,0,97514,1,2224.8,1131,2000-2500,tape,"[[""BUY_PRODUCT"", ""WHEAT"", 20], [""SELL"", ""WHEAT"", 15], [""BUY_SEED"", ""WHEAT"", 1]]","[[""HIRE""], [""HIRE""], [""HIRE""], [""HIRE""], [""HIRE""], [""BUY_ANIMAL"", ""COW"", 2], [""BUY_ANIMAL"", ""SHEEP"", 2]]"
"w0_v15stack_control.py (W0, retired)",56487592,112432641,2026-09-23 11:41:52.291000,COMPLETED,EPISODE_TYPE_PUBLIC,0,109112,haodou092,16740659,56479707,1,109977,0,1984.4,1684,<2000,tape,"[[""BUY_PRODUCT"", ""WHEAT"", 20], [""SELL"", ""WHEAT"", 15], [""BUY_SEED"", ""WHEAT"", 1]]","[[""HIRE""], [""HIRE""], [""HIRE""], [""HIRE""], [""HIRE""], [""BUY_ANIMAL"", ""COW"", 2], [""BUY_ANIMAL"", ""SHEEP"", 2]]"
"w0_v15stack_control.py (W0, retired)",56487592,112432898,2026-09-23 11:40:46.337000,COMPLETED,EPISODE_TYPE_PUBLIC,1,108055,Juste Me (●'◡'●),16624919,56475701,0,108055,0.5,2371.2,787,2000-2500,tape,"[[""BUY_PRODUCT"", ""WHEAT"", 20], [""SELL"", ""WHEAT"", 15], [""BUY_SEED"", ""WHEAT"", 1]]","[[""HIRE""], [""HIRE""], [""HIRE""], [""HIRE""], [""HIRE""], [""BUY_ANIMAL"", ""COW"", 2], [""BUY_ANIMAL"", ""SHEEP"", 2]]"
"w0_v15stack_control.py (W0, retired)",56487592,112431316,2026-09-23 11:36:10.260000,COMPLETED,EPISODE_TYPE_PUBLIC,1,125798,arumajiro,16933836,56488501,0,125006,1,2442.0,591,2000-2500,tape,"[[""BUY_PRODUCT"", ""WHEAT"", 20], [""SELL"", ""WHEAT"", 15], [""BUY_SEED"", ""WHEAT"", 1]]","[[""HIRE""], [""HIRE""], [""HIRE""], [""HIRE""], [""HIRE""], [""BUY_ANIMAL"", ""COW"", 2], [""BUY_ANIMAL"", ""SHEEP"", 2]]"
"w0_v15stack_control.py (W0, retired)",56487592,112431367,2026-09-23 11:36:06.790000,COMPLETED,EPISODE_TYPE_PUBLIC,1,73543,tyson,16942000,56478737,0,73726,0,2314.2,936,2000-2500,tape,"[[""BUY_PRODUCT"", ""WHEAT"", 20], [""SELL"", ""WHEAT"", 15], [""BUY_SEED"", ""WHEAT"", 1]]","[[""HIRE""], [""HIRE""], [""HIRE""], [""HIRE""], [""HIRE""], [""BUY_ANIMAL"", ""COW"", 2], [""BUY_ANIMAL"", ""SHEEP"", 2]]"
"w0_v15stack_control.py (W0, retired)",56487592,112430240,2026-09-23 11:34:37.316000,COMPLETED,EPISODE_TYPE_PUBLIC,0,94774,tetsu2131,16636536,56469543,1,95338,0,1641.1,2340,<2000,tape,"[[""BUY_PRODUCT"", ""WHEAT"", 20], [""SELL"", ""WHEAT"", 15], [""BUY_SEED"", ""WHEAT"", 1]]","[[""HIRE""], [""HIRE""], [""HIRE""], [""HIRE""], [""HIRE""], [""BUY_ANIMAL"", ""COW"", 2], [""BUY_ANIMAL"", ""SHEEP"", 2]]"
"w0_v15stack_control.py (W0, retired)",56487592,112429052,2026-09-23 11:30:08.392000,COMPLETED,EPISODE_TYPE_PUBLIC,0,102452,LoveB4Sunrise,16774475,56441822,1,102285,1,1869.8,1902,<2000,tape,"[[""BUY_PRODUCT"", ""WHEAT"", 20], [""SELL"", ""WHEAT"", 15], [""BUY_SEED"", ""WHEAT"", 1]]","[[""HIRE""], [""HIRE""], [""HIRE""], [""HIRE""], [""HIRE""], [""BUY_ANIMAL"", ""COW"", 2], [""BUY_ANIMAL"", ""SHEEP"", 2]]"
"w0_v15stack_control.py (W0, retired)",56487592,112427890,2026-09-23 11:26:45.116000,COMPLETED,EPISODE_TYPE_PUBLIC,1,92320,Inzilbêth,16742684,56483597,0,91078,1,2255.1,1075,2000-2500,tape,"[[""BUY_PRODUCT"", ""WHEAT"", 20], [""SELL"", ""WHEAT"", 15], [""BUY_SEED"", ""WHEAT"", 1]]","[[""HIRE""], [""HIRE""], [""HIRE""], [""HIRE""], [""HIRE""], [""BUY_ANIMAL"", ""COW"", 2], [""BUY_ANIMAL"", ""SHEEP"", 2]]"
"w0_v15stack_control.py (W0, retired)",56487592,112426727,2026-09-23 11:21:22.125000,COMPLETED,EPISODE_TYPE_PUBLIC,1,119547,kaitle,16741113,56453561,0,119342,1,2139.6,1353,2000-2500,tape,"[[""BUY_PRODUCT"", ""WHEAT"", 20], [""SELL"", ""WHEAT"", 15], [""BUY_SEED"", ""WHEAT"", 1]]","[[""HIRE""], [""HIRE""], [""HIRE""], [""HIRE""], [""HIRE""], [""BUY_ANIMAL"", ""COW"", 2], [""BUY_ANIMAL"", ""SHEEP"", 2]]"
"w0_v15stack_control.py (W0, retired)",56487592,112425555,2026-09-23 11:18:31.401000,COMPLETED,EPISODE_TYPE_PUBLIC,0,110474,HongchenDai,16802322,56478399,1,110474,0.5,2530.8,383,2500-2800,tape,"[[""BUY_PRODUCT"", ""WHEAT"", 20], [""SELL"", ""WHEAT"", 15], [""BUY_SEED"", ""WHEAT"", 1]]","[[""HIRE""], [""HIRE""], [""HIRE""], [""HIRE""], [""HIRE""], [""BUY_ANIMAL"", ""COW"", 2], [""BUY_ANIMAL"", ""SHEEP"", 2]]"
"w0_v15stack_control.py (W0, retired)",56487592,112424734,2026-09-23 11:13:21.613000,COMPLETED,EPISODE_TYPE_PUBLIC,1,117372,KaitoKusumoto,16767052,56451665,0,116852,1,2166.6,1277,2000-2500,tape,"[[""BUY_PRODUCT"", ""WHEAT"", 20], [""SELL"", ""WHEAT"", 15], [""BUY_SEED"", ""WHEAT"", 1]]","[[""HIRE""], [""HIRE""], [""HIRE""], [""HIRE""], [""HIRE""], [""BUY_ANIMAL"", ""COW"", 2], [""BUY_ANIMAL"", ""SHEEP"", 2]]"
"w0_v15stack_control.py (W0, retired)",56487592,112424360,2026-09-23 11:12:17.946000,COMPLETED,EPISODE_TYPE_PUBLIC,0,65316,GarbageOoze,16906012,56460535,1,64574,1,2124.4,1385,2000-2500,tape,"[[""BUY_PRODUCT"", ""WHEAT"", 20], [""SELL"", ""WHEAT"", 15], [""BUY_SEED"", ""WHEAT"", 1]]","[[""HIRE""], [""HIRE""], [""HIRE""], [""HIRE""], [""HIRE""], [""BUY_ANIMAL"", ""COW"", 2], [""BUY_ANIMAL"", ""SHEEP"", 2]]"
"w0_v15stack_control.py (W0, retired)",56487592,112423214,2026-09-23 11:10:27.225000,COMPLETED,EPISODE_TYPE_PUBLIC,1,62355,SuzukiKazuma,16847412,56487665,0,63638,0,2627.5,189,2500-2800,tape,"[[""BUY_PRODUCT"", ""WHEAT"", 20], [""SELL"", ""WHEAT"", 15], [""BUY_SEED"", ""WHEAT"", 1]]","[[""HIRE""], [""HIRE""], [""HIRE""], [""HIRE""], [""HIRE""], [""BUY_ANIMAL"", ""COW"", 2], [""BUY_ANIMAL"", ""SHEEP"", 2]]"
"w0_v15stack_control.py (W0, retired)",56487592,112423200,2026-09-23 11:10:00.478000,COMPLETED,EPISODE_TYPE_PUBLIC,1,69874,HarshPandey-yt-auto,16748511,56474823,0,71105,0,2556.0,328,2500-2800,tape,"[[""BUY_PRODUCT"", ""WHEAT"", 20], [""SELL"", ""WHEAT"", 15], [""BUY_SEED"", ""WHEAT"", 1]]","[[""SELL"", ""WHEAT"", 5], [""BUY_PRODUCT"", ""WHEAT"", 5], [""HIRE""], [""HIRE""], [""HIRE""], [""HIRE""], [""HIRE""], [""BUY_ANIMAL"", ""COW"", 2], [""BUY_ANIMAL"", ""SHEEP"", 2]]"
"w0_v15stack_control.py (W0, retired)",56487592,112422036,2026-09-23 11:05:44.067000,COMPLETED,EPISODE_TYPE_PUBLIC,0,75782,Дворкин Евгений Владимирович,16624339,56441270,1,75451,1,1602.2,2431,<2000,tape,"[[""BUY_PRODUCT"", ""WHEAT"", 20], [""SELL"", ""WHEAT"", 15], [""BUY_SEED"", ""WHEAT"", 1]]","[[""HIRE""], [""HIRE""], [""HIRE""], [""HIRE""], [""HIRE""], [""BUY_ANIMAL"", ""COW"", 2], [""BUY_ANIMAL"", ""SHEEP"", 2]]"
"w0_v15stack_control.py (W0, retired)",56487592,112420863,2026-09-23 11:00:04.511000,COMPLETED,EPISODE_TYPE_PUBLIC,1,100723,Edwards Neuron,16764499,56440298,0,99474,1,2503.2,441,2500-2800,tape,"[[""BUY_PRODUCT"", ""WHEAT"", 7], [""SELL"", ""WHEAT"", 2], [""BUY_SEED"", ""WHEAT"", 1]]","[[""HIRE""], [""HIRE""], [""HIRE""], [""HIRE""], [""HIRE""], [""BUY_ANIMAL"", ""COW"", 2], [""BUY_ANIMAL"", ""SHEEP"", 2]]"
"w0_v15stack_control.py (W0, retired)",56487592,112419644,2026-09-23 10:56:26.234000,COMPLETED,EPISODE_TYPE_PUBLIC,0,75806,Wills Cui,16887631,56452785,1,73943,1,2114.8,1409,2000-2500,tape,"[[""BUY_PRODUCT"", ""WHEAT"", 20], [""SELL"", ""WHEAT"", 15], [""BUY_SEED"", ""WHEAT"", 1]]","[[""HIRE""], [""HIRE""], [""HIRE""], [""HIRE""], [""HIRE""], [""BUY_ANIMAL"", ""COW"", 2], [""BUY_ANIMAL"", ""SHEEP"", 2]]"
"w0_v15stack_control.py (W0, retired)",56487592,112418414,2026-09-23 10:53:24.460000,COMPLETED,EPISODE_TYPE_PUBLIC,1,139229,elren,16745419,56436361,0,138687,1,2016.1,1619,2000-2500,tape,"[[""BUY_PRODUCT"", ""WHEAT"", 20], [""SELL"", ""WHEAT"", 15], [""BUY_SEED"", ""WHEAT"", 1]]","[[""HIRE""], [""HIRE""], [""HIRE""], [""HIRE""], [""HIRE""], [""BUY_ANIMAL"", ""COW"", 2], [""BUY_ANIMAL"", ""SHEEP"", 2]]"
"w0_v15stack_control.py (W0, retired)",56487592,112417197,2026-09-23 10:48:59.555000,COMPLETED,EPISODE_TYPE_PUBLIC,0,89777,Hibachi Fried Rice,16927137,56480089,1,89954,0,2093.9,1459,2000-2500,tape,"[[""BUY_PRODUCT"", ""WHEAT"", 20], [""SELL"", ""WHEAT"", 15], [""BUY_SEED"", ""WHEAT"", 1]]","[[""SELL"", ""WHEAT"", 5], [""BUY_PRODUCT"", ""WHEAT"", 5], [""HIRE""], [""HIRE""], [""HIRE""], [""HIRE""], [""HIRE""], [""BUY_ANIMAL"", ""COW"", 2], [""BUY_ANIMAL"", ""SHEEP"", 2]]"
"w0_v15stack_control.py (W0, retired)",56487592,112416020,2026-09-23 10:45:03.278000,COMPLETED,EPISODE_TYPE_PUBLIC,0,99368,satoooh,16623897,56457314,1,100070,0,2097.7,1448,2000-2500,tape,"[[""BUY_PRODUCT"", ""WHEAT"", 20], [""SELL"", ""WHEAT"", 15], [""BUY_SEED"", ""WHEAT"", 1]]","[[""HIRE""], [""HIRE""], [""HIRE""], [""HIRE""], [""HIRE""], [""BUY_ANIMAL"", ""COW"", 2], [""BUY_ANIMAL"", ""SHEEP"", 2]]"
"w0_v15stack_control.py (W0, retired)",56487592,112416220,2026-09-23 10:43:09.171000,COMPLETED,EPISODE_TYPE_PUBLIC,0,106506,Sheep Are All You need,16639969,56486250,1,106405,1,2456.3,552,2000-2500,tape,"[[""BUY_PRODUCT"", ""WHEAT"", 20], [""SELL"", ""WHEAT"", 15], [""BUY_SEED"", ""WHEAT"", 1]]","[[""HIRE""], [""HIRE""], [""HIRE""], [""HIRE""], [""HIRE""], [""BUY_ANIMAL"", ""COW"", 2], [""BUY_ANIMAL"", ""SHEEP"", 2]]"
"w0_v15stack_control.py (W0, retired)",56487592,112415277,2026-09-23 10:40:30.587000,COMPLETED,EPISODE_TYPE_PUBLIC,1,67389,julian andres viejo garrido,16927276,56430216,0,65071,1,2287.0,1009,2000-2500,tape,"[[""BUY_PRODUCT"", ""WHEAT"", 20], [""SELL"", ""WHEAT"", 15], [""BUY_SEED"", ""WHEAT"", 1]]","[[""HIRE""], [""HIRE""], [""HIRE""], [""HIRE""], [""HIRE""], [""BUY_ANIMAL"", ""COW"", 2], [""BUY_ANIMAL"", ""SHEEP"", 2]]"
"w0_v15stack_control.py (W0, retired)",56487592,112414832,2026-09-23 10:39:31.168000,COMPLETED,EPISODE_TYPE_PUBLIC,0,119213,Heisnotanimposter,16655567,56453470,1,119093,1,2112.7,1412,2000-2500,tape,"[[""BUY_PRODUCT"", ""WHEAT"", 20], [""SELL"", ""WHEAT"", 15], [""BUY_SEED"", ""WHEAT"", 1]]","[[""HIRE""], [""HIRE""], [""HIRE""], [""HIRE""], [""HIRE""], [""BUY_ANIMAL"", ""COW"", 2], [""BUY_ANIMAL"", ""SHEEP"", 2]]"
"w0_v15stack_control.py (W0, retired)",56487592,112413657,2026-09-23 10:35:35.155000,COMPLETED,EPISODE_TYPE_PUBLIC,1,96541,Matin Urdu,16855492,56476336,0,100431,0,2662.0,136,2500-2800,tape,"[[""BUY_PRODUCT"", ""WHEAT"", 20], [""SELL"", ""WHEAT"", 15], [""BUY_SEED"", ""WHEAT"", 1]]","[[""HIRE""], [""HIRE""], [""HIRE""], [""HIRE""], [""HIRE""], [""BUY_ANIMAL"", ""COW"", 2], [""BUY_ANIMAL"", ""SHEEP"", 2]]"
"w0_v15stack_control.py (W0, retired)",56487592,112412435,2026-09-23 10:32:56.195000,COMPLETED,EPISODE_TYPE_PUBLIC,0,135357,Tarang222,16797543,56408723,1,131912,1,2047.4,1561,2000-2500,tape,"[[""BUY_PRODUCT"", ""WHEAT"", 20], [""SELL"", ""WHEAT"", 15], [""BUY_SEED"", ""WHEAT"", 1]]","[[""HIRE""], [""HIRE""], [""HIRE""], [""HIRE""], [""HIRE""], [""BUY_ANIMAL"", ""COW"", 2], [""BUY_ANIMAL"", ""SHEEP"", 2]]"
"w0_v15stack_control.py (W0, retired)",56487592,112411245,2026-09-23 10:28:44.316000,COMPLETED,EPISODE_TYPE_PUBLIC,1,108215,[HSE Lyceum ML] zaepupno,16827224,56408163,0,106910,1,1971.4,1712,<2000,tape,"[[""BUY_PRODUCT"", ""WHEAT"", 20], [""SELL"", ""WHEAT"", 15]]","[[""HIRE""], [""HIRE""], [""HIRE""], [""HIRE""], [""HIRE""], [""BUY_ANIMAL"", ""COW"", 2], [""BUY_ANIMAL"", ""SHEEP"", 2]]"
"w0_v15stack_control.py (W0, retired)",56487592,112410075,2026-09-23 10:26:20.891000,COMPLETED,EPISODE_TYPE_PUBLIC,1,133269,neibyr,16768385,56440009,0,132143,1,2115.7,1406,2000-2500,tape,"[[""BUY_PRODUCT"", ""WHEAT"", 5], [""BUY_SEED"", ""WHEAT"", 1]]","[[""HIRE""], [""HIRE""], [""HIRE""], [""HIRE""], [""HIRE""], [""BUY_ANIMAL"", ""COW"", 2], [""BUY_ANIMAL"", ""SHEEP"", 2]]"
"w0_v15stack_control.py (W0, retired)",56487592,112408891,2026-09-23 10:19:09.166000,COMPLETED,EPISODE_TYPE_PUBLIC,1,63541,huaiyuyoung,16871381,56400376,0,62667,1,2258.8,1069,2000-2500,tape,"[[""BUY_PRODUCT"", ""WHEAT"", 20], [""SELL"", ""WHEAT"", 15], [""BUY_SEED"", ""WHEAT"", 1]]","[[""HIRE""], [""HIRE""], [""HIRE""], [""HIRE""], [""HIRE""], [""BUY_ANIMAL"", ""COW"", 2], [""BUY_ANIMAL"", ""SHEEP"", 2]]"
"w0_v15stack_control.py (W0, retired)",56487592,112407693,2026-09-23 10:15:40.495000,COMPLETED,EPISODE_TYPE_PUBLIC,0,112460,kawauso9n,16743858,56444546,1,112590,0,2365.3,804,2000-2500,tape,"[[""BUY_PRODUCT"", ""WHEAT"", 20], [""SELL"", ""WHEAT"", 15], [""BUY_SEED"", ""WHEAT"", 1]]","[[""HIRE""], [""HIRE""], [""HIRE""], [""HIRE""], [""HIRE""], [""BUY_ANIMAL"", ""COW"", 2], [""BUY_ANIMAL"", ""SHEEP"", 2]]"
"w0_v15stack_control.py (W0, retired)",56487592,112406501,2026-09-23 10:11:34.089000,COMPLETED,EPISODE_TYPE_PUBLIC,0,70214,Nisshi888880,16886400,56480423,1,68998,1,2116.7,1401,2000-2500,tape,"[[""BUY_PRODUCT"", ""WHEAT"", 20], [""SELL"", ""WHEAT"", 15], [""BUY_SEED"", ""WHEAT"", 1]]","[[""HIRE""], [""HIRE""], [""HIRE""], [""HIRE""], [""HIRE""], [""BUY_ANIMAL"", ""COW"", 2], [""BUY_ANIMAL"", ""SHEEP"", 2]]"
"w0_v15stack_control.py (W0, retired)",56487592,112405282,2026-09-23 10:10:22.381000,COMPLETED,EPISODE_TYPE_PUBLIC,0,60000,track,16687649,56486970,1,59874,1,2517.7,411,2500-2800,tape,"[[""BUY_PRODUCT"", ""WHEAT"", 20], [""SELL"", ""WHEAT"", 15], [""BUY_SEED"", ""WHEAT"", 1]]","[[""HIRE""], [""HIRE""], [""HIRE""], [""HIRE""], [""HIRE""], [""BUY_ANIMAL"", ""COW"", 2], [""BUY_ANIMAL"", ""SHEEP"", 2]]"
"w0_v15stack_control.py (W0, retired)",56487592,112404080,2026-09-23 10:06:19.484000,COMPLETED,EPISODE_TYPE_PUBLIC,1,138427,Matt,16932323,56440265,0,137317,1,2355.0,835,2000-2500,tape,"[[""BUY_PRODUCT"", ""WHEAT"", 20], [""SELL"", ""WHEAT"", 15], [""BUY_SEED"", ""WHEAT"", 1]]","[[""HIRE""], [""HIRE""], [""HIRE""], [""HIRE""], [""HIRE""], [""BUY_ANIMAL"", ""COW"", 2], [""BUY_ANIMAL"", ""SHEEP"", 2]]"
"w0_v15stack_control.py (W0, retired)",56487592,112402860,2026-09-23 09:58:55.867000,COMPLETED,EPISODE_TYPE_PUBLIC,1,88725,arumajiro,16933836,56488501,0,87940,1,2442.0,591,2000-2500,tape,"[[""BUY_PRODUCT"", ""WHEAT"", 20], [""SELL"", ""WHEAT"", 15], [""BUY_SEED"", ""WHEAT"", 1]]","[[""HIRE""], [""HIRE""], [""HIRE""], [""HIRE""], [""HIRE""], [""BUY_ANIMAL"", ""COW"", 2], [""BUY_ANIMAL"", ""SHEEP"", 2]]"
"w0_v15stack_control.py (W0, retired)",56487592,112401687,2026-09-23 09:56:31.204000,COMPLETED,EPISODE_TYPE_PUBLIC,1,60301,masb,16659715,56401901,0,59896,1,2291.0,1001,2000-2500,tape,"[[""BUY_PRODUCT"", ""WHEAT"", 20], [""SELL"", ""WHEAT"", 15], [""BUY_SEED"", ""WHEAT"", 1]]","[[""HIRE""], [""HIRE""], [""HIRE""], [""HIRE""], [""HIRE""], [""BUY_ANIMAL"", ""COW"", 2], [""BUY_ANIMAL"", ""SHEEP"", 2]]"
"w0_v15stack_control.py (W0, retired)",56487592,112400373,2026-09-23 09:51:48.488000,COMPLETED,EPISODE_TYPE_PUBLIC,1,62635,Djaafar Lecheheb DL,16709101,56476069,0,62018,1,2497.0,453,2000-2500,tape,"[[""BUY_PRODUCT"", ""WHEAT"", 20], [""SELL"", ""WHEAT"", 15], [""BUY_SEED"", ""WHEAT"", 1]]","[[""HIRE""], [""HIRE""], [""HIRE""], [""HIRE""], [""HIRE""], [""BUY_ANIMAL"", ""COW"", 2], [""BUY_ANIMAL"", ""SHEEP"", 2]]"
"w0_v15stack_control.py (W0, retired)",56487592,112399191,2026-09-23 09:47:27.222000,COMPLETED,EPISODE_TYPE_PUBLIC,1,86999,xaxipiruli,16905679,56406068,0,83115,1,1730.4,2178,<2000,tape,"[[""BUY_PRODUCT"", ""WHEAT"", 20], [""SELL"", ""WHEAT"", 15], [""BUY_SEED"", ""WHEAT"", 1]]","[[""HIRE""], [""HIRE""], [""HIRE""], [""HIRE""], [""HIRE""], [""BUY_ANIMAL"", ""COW"", 2], [""BUY_ANIMAL"", ""SHEEP"", 2]]"
"w0_v15stack_control.py (W0, retired)",56487592,112398030,2026-09-23 09:45:27.160000,COMPLETED,EPISODE_TYPE_PUBLIC,1,71995,Adhiraj Jagtap,16817923,56459454,0,71252,1,1994.8,1665,<2000,tape,"[[""BUY_PRODUCT"", ""WHEAT"", 10], [""SELL"", ""WHEAT"", 5], [""BUY_SEED"", ""WHEAT"", 1]]","[[""HIRE""], [""HIRE""], [""HIRE""], [""HIRE""], [""HIRE""], [""BUY_ANIMAL"", ""COW"", 2], [""BUY_ANIMAL"", ""SHEEP"", 2]]"
"w0_v15stack_control.py (W0, retired)",56487592,112396791,2026-09-23 09:41:12.419000,COMPLETED,EPISODE_TYPE_PUBLIC,0,106663,r2singh,16740161,56411161,1,105607,1,2144.2,1342,2000-2500,tape,"[[""BUY_PRODUCT"", ""WHEAT"", 20], [""SELL"", ""WHEAT"", 15], [""BUY_SEED"", ""WHEAT"", 1]]","[[""HIRE""], [""HIRE""], [""HIRE""], [""HIRE""], [""HIRE""], [""BUY_ANIMAL"", ""COW"", 2], [""BUY_ANIMAL"", ""SHEEP"", 2]]"
"w0_v15stack_control.py (W0, retired)",56487592,112395565,2026-09-23 09:36:53.871000,COMPLETED,EPISODE_TYPE_PUBLIC,0,100153,Takuto Inoue,16848208,56417954,1,99743,1,2169.4,1269,2000-2500,tape,"[[""BUY_PRODUCT"", ""WHEAT"", 20], [""SELL"", ""WHEAT"", 15], [""BUY_SEED"", ""WHEAT"", 1]]","[[""HIRE""], [""HIRE""], [""HIRE""], [""HIRE""], [""HIRE""], [""BUY_ANIMAL"", ""COW"", 2], [""BUY_ANIMAL"", ""SHEEP"", 2]]"
"w0_v15stack_control.py (W0, retired)",56487592,112394467,2026-09-23 09:31:22.826000,COMPLETED,EPISODE_TYPE_PUBLIC,0,65845,Takuto Inoue,16848208,56417954,1,66066,0,2169.4,1269,2000-2500,tape,"[[""BUY_PRODUCT"", ""WHEAT"", 20], [""SELL"", ""WHEAT"", 15], [""BUY_SEED"", ""WHEAT"", 1]]","[[""HIRE""], [""HIRE""], [""HIRE""], [""HIRE""], [""HIRE""], [""BUY_ANIMAL"", ""COW"", 2], [""BUY_ANIMAL"", ""SHEEP"", 2]]"
"w0_v15stack_control.py (W0, retired)",56487592,112393957,2026-09-23 09:29:39.266000,COMPLETED,EPISODE_TYPE_PUBLIC,0,83451,Jayden Y,16884028,56450710,1,82782,1,2383.2,753,2000-2500,tape,"[[""BUY_PRODUCT"", ""WHEAT"", 20], [""SELL"", ""WHEAT"", 15]]","[[""SELL"", ""WHEAT"", 5], [""BUY_PRODUCT"", ""WHEAT"", 5], [""HIRE""], [""HIRE""], [""HIRE""], [""HIRE""], [""HIRE""], [""BUY_ANIMAL"", ""COW"", 2], [""BUY_ANIMAL"", ""SHEEP"", 2]]"
"w0_v15stack_control.py (W0, retired)",56487592,112393215,2026-09-23 09:27:37.508000,COMPLETED,EPISODE_TYPE_PUBLIC,1,80631,Linda Liu,16699586,56410266,0,80510,1,1941.9,1763,<2000,tape,"[[""BUY_PRODUCT"", ""WHEAT"", 20], [""SELL"", ""WHEAT"", 15]]","[[""HIRE""], [""HIRE""], [""HIRE""], [""HIRE""], [""HIRE""], [""BUY_ANIMAL"", ""COW"", 2], [""BUY_ANIMAL"", ""SHEEP"", 2]]"
"w0_v15stack_control.py (W0, retired)",56487592,112392047,2026-09-23 09:25:02.979000,COMPLETED,EPISODE_TYPE_PUBLIC,1,113121,Ray Brothers,16654710,56471244,0,111546,1,1937.1,1771,<2000,tape,"[[""BUY_PRODUCT"", ""WHEAT"", 5], [""BUY_SEED"", ""WHEAT"", 1]]","[[""HIRE""], [""HIRE""], [""HIRE""], [""HIRE""], [""HIRE""], [""BUY_ANIMAL"", ""COW"", 2], [""BUY_ANIMAL"", ""SHEEP"", 2]]"
"w0_v15stack_control.py (W0, retired)",56487592,112392172,2026-09-23 09:23:43.347000,COMPLETED,EPISODE_TYPE_PUBLIC,0,106776,只因队,16657316,56486615,1,108091,0,2516.5,413,2500-2800,tape,"[[""BUY_PRODUCT"", ""WHEAT"", 20], [""SELL"", ""WHEAT"", 15], [""BUY_SEED"", ""WHEAT"", 1]]","[[""HIRE""], [""HIRE""], [""HIRE""], [""HIRE""], [""HIRE""], [""BUY_ANIMAL"", ""COW"", 2], [""BUY_ANIMAL"", ""SHEEP"", 2]]"
"w0_v15stack_control.py (W0, retired)",56487592,112390797,2026-09-23 09:18:51.285000,COMPLETED,EPISODE_TYPE_PUBLIC,1,87851,ln,16701258,56486536,0,88107,0,2308.5,954,2000-2500,tape,"[[""BUY_PRODUCT"", ""WHEAT"", 20], [""SELL"", ""WHEAT"", 15], [""BUY_SEED"", ""WHEAT"", 1]]","[[""HIRE""], [""HIRE""], [""HIRE""], [""HIRE""], [""HIRE""], [""BUY_ANIMAL"", ""COW"", 2], [""BUY_ANIMAL"", ""SHEEP"", 2]]"
"w0_v15stack_control.py (W0, retired)",56487592,112389635,2026-09-23 09:16:31.779000,COMPLETED,EPISODE_TYPE_PUBLIC,1,95572,Mr.NoT_GaMeR,16690500,56480532,0,95619,0,2173.6,1260,2000-2500,tape,"[[""BUY_PRODUCT"", ""WHEAT"", 20], [""SELL"", ""WHEAT"", 15], [""BUY_SEED"", ""WHEAT"", 1]]","[[""SELL"", ""WHEAT"", 5], [""BUY_PRODUCT"", ""WHEAT"", 5], [""HIRE""], [""HIRE""], [""HIRE""], [""HIRE""], [""HIRE""], [""BUY_ANIMAL"", ""COW"", 2], [""BUY_ANIMAL"", ""SHEEP"", 2]]"
"w0_v15stack_control.py (W0, retired)",56487592,112388374,2026-09-23 09:12:36.149000,COMPLETED,EPISODE_TYPE_PUBLIC,0,78973,xaxipiruli,16905679,56406068,1,77594,1,1730.4,2178,<2000,tape,"[[""BUY_PRODUCT"", ""WHEAT"", 20], [""SELL"", ""WHEAT"", 15], [""BUY_SEED"", ""WHEAT"", 1]]","[[""HIRE""], [""HIRE""], [""HIRE""], [""HIRE""], [""HIRE""], [""BUY_ANIMAL"", ""COW"", 2], [""BUY_ANIMAL"", ""SHEEP"", 2]]"
"w0_v15stack_control.py (W0, retired)",56487592,112387191,2026-09-23 09:07:54.758000,COMPLETED,EPISODE_TYPE_PUBLIC,1,98331,oQo,16755654,56424426,0,98273,1,2216.8,1154,2000-2500,tape,"[[""BUY_PRODUCT"", ""WHEAT"", 7], [""SELL"", ""WHEAT"", 2]]","[[""BUY_PRODUCT"", ""WHEAT"", 22], [""HIRE""], [""HIRE""], [""HIRE""], [""HIRE""], [""HIRE""], [""BUY_ANIMAL"", ""COW"", 2], [""BUY_ANIMAL"", ""SHEEP"", 2]]"
"w0_v15stack_control.py (W0, retired)",56487592,112385960,2026-09-23 09:04:47.304000,COMPLETED,EPISODE_TYPE_PUBLIC,0,96396,Aaditya Verma,16943126,56485120,1,97120,0,2322.7,914,2000-2500,tape,"[[""BUY_PRODUCT"", ""WHEAT"", 8], [""SELL"", ""WHEAT"", 3], [""BUY_SEED"", ""WHEAT"", 1]]","[[""HIRE""], [""HIRE""], [""HIRE""], [""HIRE""], [""HIRE""], [""BUY_ANIMAL"", ""COW"", 2], [""BUY_ANIMAL"", ""SHEEP"", 2]]"
"w0_v15stack_control.py (W0, retired)",56487592,112384785,2026-09-23 09:02:18.885000,COMPLETED,EPISODE_TYPE_PUBLIC,0,99684,Juan Leiva,16849780,56396937,1,97790,1,1934.1,1776,<2000,tape,"[[""BUY_PRODUCT"", ""WHEAT"", 20], [""SELL"", ""WHEAT"", 15]]","[[""HIRE""], [""HIRE""], [""HIRE""], [""HIRE""], [""HIRE""], [""BUY_ANIMAL"", ""COW"", 2], [""BUY_ANIMAL"", ""SHEEP"", 2]]"
"w0_v15stack_control.py (W0, retired)",56487592,112383587,2026-09-23 08:55:48.556000,COMPLETED,EPISODE_TYPE_PUBLIC,0,157065,enddl22,16642036,56320185,1,147669,1,2169.1,1271,2000-2500,tape,"[[""BUY_PRODUCT"", ""WHEAT"", 7], [""SELL"", ""WHEAT"", 2]]","[[""BUY_PRODUCT"", ""WHEAT"", 30], [""HIRE""], [""HIRE""], [""HIRE""], [""HIRE""], [""HIRE""], [""BUY_ANIMAL"", ""COW"", 2], [""BUY_ANIMAL"", ""SHEEP"", 2]]"
"w0_v15stack_control.py (W0, retired)",56487592,112382416,2026-09-23 08:51:02.069000,COMPLETED,EPISODE_TYPE_PUBLIC,1,130819,Stefano Blando,16732666,56405895,0,129086,1,2386.1,743,2000-2500,tape,"[[""BUY_PRODUCT"", ""WHEAT"", 20], [""SELL"", ""WHEAT"", 15]]","[[""HIRE""], [""HIRE""], [""HIRE""], [""HIRE""], [""HIRE""], [""BUY_ANIMAL"", ""COW"", 2], [""BUY_ANIMAL"", ""SHEEP"", 2]]"
"w0_v15stack_control.py (W0, retired)",56487592,112381246,2026-09-23 08:48:06.936000,COMPLETED,EPISODE_TYPE_PUBLIC,0,72731,Colt,16736985,56290751,1,71038,1,1628.4,2368,<2000,tape,"[[""BUY_PRODUCT"", ""WHEAT"", 35], [""SELL"", ""WHEAT"", 35]]","[[""SELL"", ""WHEAT"", 13], [""BUY_PRODUCT"", ""WHEAT"", 5], [""HIRE""], [""HIRE""], [""HIRE""], [""HIRE""], [""HIRE""], [""BUY_ANIMAL"", ""COW"", 2], [""BUY_ANIMAL"", ""SHEEP"", 2]]"
"w0_v15stack_control.py (W0, retired)",56487592,112380071,2026-09-23 08:46:39.852000,COMPLETED,EPISODE_TYPE_PUBLIC,0,84144,断罪の孤高の神・大宇宙草莓覇皇,16763706,56487376,1,83901,1,2433.9,620,2000-2500,tape,"[[""BUY_PRODUCT"", ""WHEAT"", 20], [""SELL"", ""WHEAT"", 15], []]","[[""HIRE""], [""HIRE""], [""HIRE""], [""HIRE""], [""HIRE""], [""BUY_ANIMAL"", ""COW"", 2], [""BUY_ANIMAL"", ""SHEEP"", 2]]"
"w0_v15stack_control.py (W0, retired)",56487592,112380066,2026-09-23 08:45:04.493000,COMPLETED,EPISODE_TYPE_PUBLIC,0,120939,Baran Akyıldız,16798317,56213573,1,115129,1,2341.0,868,2000-2500,tape,"[[""BUY_PRODUCT"", ""WHEAT"", 13], [""BUY_PRODUCT"", ""WHEAT"", 30], [""SELL"", ""WHEAT"", 30]]","[[""SELL"", ""WHEAT"", 13], [""BUY_PRODUCT"", ""WHEAT"", 5], [""HIRE""], [""HIRE""], [""HIRE""], [""HIRE""], [""HIRE""], [""BUY_ANIMAL"", ""COW"", 2], [""BUY_ANIMAL"", ""SHEEP"", 2]]"
"w0_v15stack_control.py (W0, retired)",56487592,112378890,2026-09-23 08:42:29.483000,COMPLETED,EPISODE_TYPE_PUBLIC,1,127420,Yusuke Hayashi,16681405,56204785,0,107117,1,1508.7,2650,<2000,tape,"[[""BUY_PRODUCT"", ""WHEAT"", 43], [""SELL"", ""WHEAT"", 20], [""SELL"", ""WHEAT"", 22]]","[[""SELL"", ""WHEAT"", 1], [""BUY_PRODUCT"", ""WHEAT"", 5], [""HIRE""], [""HIRE""], [""HIRE""], [""HIRE""], [""HIRE""], [""BUY_ANIMAL"", ""COW"", 2], [""BUY_ANIMAL"", ""SHEEP"", 2]]"
"w0_v15stack_control.py (W0, retired)",56487592,112377715,2026-09-23 08:36:09.955000,COMPLETED,EPISODE_TYPE_PUBLIC,1,123646,Vernon Campbell,16662681,56317873,0,10486,1,1603.9,2427,<2000,DSM,"[[""BUY_ANIMAL"", ""COW"", 1], [""BUY_PRODUCT"", ""WHEAT"", 5], [""SELL"", ""STRAWBERRY"", 3], [""SELL"", ""MELON"", 3], [""SELL"", ""MILK"", 3], [""SELL"", ""WOOL"", 3], [""SELL"", ""TOMATO"", 3], [""SELL"", ""EGG"", 3], [""SELL"", ""CARROT"", 3]]","[[""SELL"", ""WHEAT"", 1], [""HIRE""], [""HIRE""], [""HIRE""], [""HIRE""], [""BUY_ANIMAL"", ""COW"", 1], [""BUY_ANIMAL"", ""SHEEP"", 3], [""SELL"", ""STRAWBERRY"", 3], [""SELL"", ""MELON"", 3], [""SELL"", ""MILK"", 3]]"
"w0_v15stack_control.py (W0, retired)",56487592,112376532,2026-09-23 08:32:52.776000,COMPLETED,EPISODE_TYPE_PUBLIC,0,99964,trantrikien239,16625908,56476776,1,89182,1,2705.7,88,2500-2800,other,"[[""HIRE""], [""HIRE""], [""HIRE""], [""HIRE""], [""BUY_PRODUCT"", ""WHEAT"", 5], [""BUY_ANIMAL"", ""SHEEP"", 3], [""BUY_ANIMAL"", ""COW"", 2], [""BUY_SEED"", ""MELON"", 6], [""BUY_SEED"", ""CARROT"", 1], [""BUY_SEED"", ""WHEAT"", 1]]",[]
"w0_v15stack_control.py (W0, retired)",56487592,112375384,2026-09-23 08:26:57.005000,COMPLETED,EPISODE_TYPE_PUBLIC,0,108236,Michael McGrain,16668622,56140986,1,104885,1,1373.7,2981,<2000,tape,"[[""BUY_PRODUCT"", ""WHEAT"", 13], [""SELL"", ""WHEAT"", 13], [""BUY_PRODUCT"", ""WHEAT"", 13]]","[[""SELL"", ""WHEAT"", 13], [""BUY_PRODUCT"", ""WHEAT"", 5], [""HIRE""], [""HIRE""], [""HIRE""], [""HIRE""], [""HIRE""], [""BUY_ANIMAL"", ""COW"", 2], [""BUY_ANIMAL"", ""SHEEP"", 2]]"
"w0_v15stack_control.py (W0, retired)",56487592,112374191,2026-09-23 08:23:51.979000,COMPLETED,EPISODE_TYPE_PUBLIC,0,117803,VelloNChiru,16851712,56432019,1,101483,1,1153.6,3563,<2000,other,"[[""HIRE""], [""HIRE""], [""HIRE""], [""HIRE""], [""HIRE""], [""BUY_ANIMAL"", ""COW"", 2], [""BUY_ANIMAL"", ""SHEEP"", 2], [""BUY_SEED"", ""MELON"", 12], [""BUY_SEED"", ""WHEAT"", 4], [""BUY_PRODUCT"", ""WHEAT"", 4]]","[[""SELL"", ""WHEAT"", 2], [""BUY_SEED"", ""WHEAT"", 5]]"
"w0_v15stack_control.py (W0, retired)",56487592,112372983,2026-09-23 08:21:03.427000,COMPLETED,EPISODE_TYPE_PUBLIC,1,137295,Pavel Pakhmutov,16697689,55468632,0,111129,1,908.1,4442,<2000,other,"[[""BUY_PRODUCT"", ""WHEAT"", 14], [""HIRE""], [""HIRE""], [""HIRE""], [""HIRE""], [""BUY_ANIMAL"", ""COW"", 1], [""BUY_ANIMAL"", ""SHEEP"", 4], [""BUY_SEED"", ""MELON"", 5], [""BUY_SEED"", ""WHEAT"", 5], [""HIRE""]]","[[""SELL"", ""WHEAT"", 9], [""BUY_SEED"", ""MELON"", 3], [""BUY_SEED"", ""WHEAT"", 2]]"
"w0_v15stack_control.py (W0, retired)",56487592,112371819,2026-09-23 08:14:50.425000,COMPLETED,EPISODE_TYPE_PUBLIC,1,106475,SG4265,16702909,56084390,0,70371,1,781.5,4893,<2000,tape,[],"[[""BUY_SEED"", ""MELON"", 12], [""BUY_PRODUCT"", ""WHEAT"", 6], [""BUY_ANIMAL"", ""COW"", 2], [""BUY_ANIMAL"", ""SHEEP"", 2], [""HIRE""], [""HIRE""], [""HIRE""], [""HIRE""], [""HIRE""]]"
"w0_v15stack_control.py (W0, retired)",56487592,112370719,2026-09-23 08:10:55.184000,COMPLETED,EPISODE_TYPE_PUBLIC,0,147934,Penn Lam,16918568,56485453,1,81829,1,1490.4,2706,<2000,other,"[[""BUY_PRODUCT"", ""WHEAT"", 2], [""HIRE""], [""HIRE""], [""HIRE""], [""HIRE""], [""HIRE""], [""HIRE""], [""HIRE""], [""HIRE""], [""BUY_SEED"", ""MELON"", 4]]","[[""BUY_ANIMAL"", ""GOOSE"", 1], [""BUY_ANIMAL"", ""SHEEP"", 1], [""BUY_ANIMAL"", ""COW"", 1], [""BUY_ANIMAL"", ""SHEEP"", 1], [""BUY_ANIMAL"", ""COW"", 1]]"
"w0_v15stack_control.py (W0, retired)",56487592,112369485,2026-09-23 08:09:59.082000,COMPLETED,EPISODE_TYPE_PUBLIC,1,119171,宣城市机械电子职业技术学院,16740662,56220215,0,22201,1,541.7,6648,<2000,tape,[],"[[""BUY_PRODUCT"", ""WHEAT"", 13], [""BUY_SEED"", ""MELON"", 8], [""BUY_SEED"", ""WHEAT"", 7], [""HIRE""], [""HIRE""], [""HIRE""], [""HIRE""], [""BUY_ANIMAL"", ""COW"", 2], [""BUY_ANIMAL"", ""SHEEP"", 2]]"
"w1_v15stack_race44.py (W1, first upload)",56491123,112822696,2026-09-24 10:06:28.127000,COMPLETED,EPISODE_TYPE_PUBLIC,0,105642,Zain96,16621154,56515382,1,99805,1,2236.9,1107,2000-2500,DSM,"[[""BUY_ANIMAL"", ""COW"", 1], [""BUY_PRODUCT"", ""WHEAT"", 5]]","[[""SELL"", ""WHEAT"", 1], [""HIRE""], [""HIRE""], [""HIRE""], [""HIRE""], [""BUY_ANIMAL"", ""COW"", 1], [""BUY_ANIMAL"", ""SHEEP"", 3]]"
"w1_v15stack_race44.py (W1, first upload)",56491123,112820849,2026-09-24 09:57:02.179000,COMPLETED,EPISODE_TYPE_PUBLIC,0,89761,CaliforniaDog,16888254,56450242,1,89623,1,2006.5,1641,2000-2500,tape,"[[""BUY_PRODUCT"", ""WHEAT"", 20], [""SELL"", ""WHEAT"", 15], [""BUY_SEED"", ""WHEAT"", 1]]","[[""HIRE""], [""HIRE""], [""HIRE""], [""HIRE""], [""HIRE""], [""BUY_ANIMAL"", ""COW"", 2], [""BUY_ANIMAL"", ""SHEEP"", 2]]"
"w1_v15stack_race44.py (W1, first upload)",56491123,112815028,2026-09-24 09:36:40.826000,COMPLETED,EPISODE_TYPE_PUBLIC,1,122512,theearthcheng,16755229,56450232,0,123290,0,2092.9,1461,2000-2500,tape,"[[""BUY_PRODUCT"", ""WHEAT"", 20], [""SELL"", ""WHEAT"", 15], [""BUY_SEED"", ""WHEAT"", 1]]","[[""HIRE""], [""HIRE""], [""HIRE""], [""HIRE""], [""HIRE""], [""BUY_ANIMAL"", ""COW"", 2], [""BUY_ANIMAL"", ""SHEEP"", 2]]"
"w1_v15stack_race44.py (W1, first upload)",56491123,112810107,2026-09-24 09:22:09.743000,COMPLETED,EPISODE_TYPE_PUBLIC,1,83651,anngle,16840212,56512665,0,84441,0,2476.6,503,2000-2500,tape,"[[""BUY_PRODUCT"", ""WHEAT"", 20], [""SELL"", ""WHEAT"", 15], [""BUY_SEED"", ""WHEAT"", 1]]","[[""HIRE""], [""HIRE""], [""HIRE""], [""HIRE""], [""HIRE""], [""BUY_ANIMAL"", ""COW"", 2], [""BUY_ANIMAL"", ""SHEEP"", 2]]"
"w1_v15stack_race44.py (W1, first upload)",56491123,112810470,2026-09-24 09:18:18.163000,COMPLETED,EPISODE_TYPE_PUBLIC,0,129027,shawloong,16701685,56410498,1,128333,1,1956.0,1739,<2000,tape,"[[""BUY_PRODUCT"", ""WHEAT"", 20], [""SELL"", ""WHEAT"", 15], [""BUY_SEED"", ""WHEAT"", 1]]","[[""HIRE""], [""HIRE""], [""HIRE""], [""HIRE""], [""HIRE""], [""BUY_ANIMAL"", ""COW"", 2], [""BUY_ANIMAL"", ""SHEEP"", 2]]"
"w1_v15stack_race44.py (W1, first upload)",56491123,112803521,2026-09-24 08:57:59.703000,COMPLETED,EPISODE_TYPE_PUBLIC,1,146050,JinchengZhang1,16625921,56510187,0,146398,0,2218.2,1150,2000-2500,tape,"[[""BUY_PRODUCT"", ""WHEAT"", 8], [""SELL"", ""WHEAT"", 3], [""BUY_SEED"", ""WHEAT"", 1]]","[[""HIRE""], [""HIRE""], [""HIRE""], [""HIRE""], [""HIRE""], [""BUY_ANIMAL"", ""COW"", 2], [""BUY_ANIMAL"", ""SHEEP"", 2]]"
"w1_v15stack_race44.py (W1, first upload)",56491123,112800879,2026-09-24 08:47:59.988000,COMPLETED,EPISODE_TYPE_PUBLIC,1,88931,zama,16752444,56420006,0,86517,1,1992.1,1668,<2000,tape,"[[""BUY_PRODUCT"", ""WHEAT"", 20], [""SELL"", ""WHEAT"", 15]]","[[""HIRE""], [""HIRE""], [""HIRE""], [""HIRE""], [""HIRE""], [""BUY_ANIMAL"", ""COW"", 2], [""BUY_ANIMAL"", ""SHEEP"", 2]]"
"w1_v15stack_race44.py (W1, first upload)",56491123,112792231,2026-09-24 08:22:30.407000,COMPLETED,EPISODE_TYPE_PUBLIC,1,101199,M0h4m3d-Byte,16663963,56514250,0,100068,1,2153.4,1316,2000-2500,tape,"[[""BUY_PRODUCT"", ""WHEAT"", 20], [""SELL"", ""WHEAT"", 15], [""BUY_SEED"", ""WHEAT"", 1]]","[[""HIRE""], [""HIRE""], [""HIRE""], [""HIRE""], [""HIRE""], [""BUY_ANIMAL"", ""COW"", 2], [""BUY_ANIMAL"", ""SHEEP"", 2]]"
"w1_v15stack_race44.py (W1, first upload)",56491123,112789396,2026-09-24 08:09:59.440000,COMPLETED,EPISODE_TYPE_PUBLIC,1,115359,Gio,16845736,56492625,0,114390,1,2156.6,1307,2000-2500,tape,"[[""BUY_PRODUCT"", ""WHEAT"", 20], [""SELL"", ""WHEAT"", 15]]","[[""SELL"", ""WHEAT"", 5], [""BUY_PRODUCT"", ""WHEAT"", 5], [""HIRE""], [""HIRE""], [""HIRE""], [""HIRE""], [""HIRE""], [""BUY_ANIMAL"", ""COW"", 2], [""BUY_ANIMAL"", ""SHEEP"", 2]]"
"w1_v15stack_race44.py (W1, first upload)",56491123,112788730,2026-09-24 08:07:04.802000,COMPLETED,EPISODE_TYPE_PUBLIC,1,57042,PavelLiashkov,16632097,56514035,0,57789,0,2514.0,419,2500-2800,tape,"[[""BUY_PRODUCT"", ""WHEAT"", 20], [""SELL"", ""WHEAT"", 15], [""BUY_SEED"", ""WHEAT"", 1]]","[[""HIRE""], [""HIRE""], [""HIRE""], [""HIRE""], [""HIRE""], [""BUY_ANIMAL"", ""COW"", 2], [""BUY_ANIMAL"", ""SHEEP"", 2]]"
"w1_v15stack_race44.py (W1, first upload)",56491123,112782631,2026-09-24 07:46:28.044000,COMPLETED,EPISODE_TYPE_PUBLIC,0,83707,Boredom,16758982,56460653,1,82297,1,2311.3,943,2000-2500,tape,"[[""BUY_PRODUCT"", ""WHEAT"", 5]]","[[""BUY_SEED"", ""WHEAT"", 7], [""BUY_SEED"", ""MELON"", 12], [""HIRE""], [""HIRE""], [""HIRE""], [""HIRE""], [""HIRE""], [""BUY_ANIMAL"", ""COW"", 2], [""BUY_ANIMAL"", ""SHEEP"", 2]]"
"w1_v15stack_race44.py (W1, first upload)",56491123,112782385,2026-09-24 07:45:23.136000,COMPLETED,EPISODE_TYPE_PUBLIC,1,146113,ykhnkf,16719884,56505351,0,145089,1,1569.7,2505,<2000,tape,"[[""BUY_PRODUCT"", ""WHEAT"", 20], [""SELL"", ""WHEAT"", 15], [""BUY_SEED"", ""WHEAT"", 1]]","[[""HIRE""], [""HIRE""], [""HIRE""], [""HIRE""], [""HIRE""], [""BUY_ANIMAL"", ""COW"", 2], [""BUY_ANIMAL"", ""SHEEP"", 2]]"
"w1_v15stack_race44.py (W1, first upload)",56491123,112774476,2026-09-24 07:18:38.062000,COMPLETED,EPISODE_TYPE_PUBLIC,0,69071,elmo,16811307,56492605,1,70493,0,2193.2,1205,2000-2500,other,"[[""BUY_SEED"", ""WHEAT"", 10], [""BUY_SEED"", ""MELON"", 6], [""BUY_PRODUCT"", ""WHEAT"", 3], [""BUY_ANIMAL"", ""COW"", 2], [""BUY_ANIMAL"", ""SHEEP"", 3]]","[[""HIRE""], [""HIRE""], [""HIRE""], [""HIRE""], [""HIRE""]]"
"w1_v15stack_race44.py (W1, first upload)",56491123,112767249,2026-09-24 06:54:29.098000,COMPLETED,EPISODE_TYPE_PUBLIC,0,120517,Pawan Rama Mali,16636079,56403115,1,120346,1,2392.0,724,2000-2500,tape,"[[""BUY_PRODUCT"", ""WHEAT"", 20], [""SELL"", ""WHEAT"", 15], [""BUY_SEED"", ""WHEAT"", 1]]","[[""HIRE""], [""HIRE""], [""HIRE""], [""HIRE""], [""HIRE""], [""BUY_ANIMAL"", ""COW"", 2], [""BUY_ANIMAL"", ""SHEEP"", 2]]"
"w1_v15stack_race44.py (W1, first upload)",56491123,112762409,2026-09-24 06:37:17.688000,COMPLETED,EPISODE_TYPE_PUBLIC,1,66051,wadia,16927521,56509110,0,65978,1,2009.9,1635,2000-2500,tape,"[[""BUY_PRODUCT"", ""WHEAT"", 20], [""SELL"", ""WHEAT"", 15], [""BUY_SEED"", ""WHEAT"", 1]]","[[""HIRE""], [""HIRE""], [""HIRE""], [""HIRE""], [""HIRE""], [""BUY_ANIMAL"", ""COW"", 2], [""BUY_ANIMAL"", ""SHEEP"", 2]]"
"w1_v15stack_race44.py (W1, first upload)",56491123,112761599,2026-09-24 06:36:09.261000,COMPLETED,EPISODE_TYPE_PUBLIC,1,109770,fuxi,16705417,56494377,0,152542,0,2413.7,676,2000-2500,other,"[[""BUY_ANIMAL"", ""COW"", 3], [""BUY_SEED"", ""WHEAT"", 15], [""BUY_SEED"", ""CARROT"", 2], [""BUY_SEED"", ""MELON"", 1], [""BUY_ANIMAL"", ""SHEEP"", 1], [""HIRE""], [""HIRE""], [""HIRE""]]","[[""BUY_ANIMAL"", ""SHEEP"", 2]]"
"w1_v15stack_race44.py (W1, first upload)",56491123,112761431,2026-09-24 06:32:14.795000,COMPLETED,EPISODE_TYPE_PUBLIC,1,91940,WUZB,16853540,56481077,0,92047,0,2300.5,970,2000-2500,tape,"[[""BUY_PRODUCT"", ""WHEAT"", 20], [""SELL"", ""WHEAT"", 15], [""BUY_SEED"", ""WHEAT"", 1]]","[[""HIRE""], [""HIRE""], [""HIRE""], [""HIRE""], [""HIRE""], [""BUY_ANIMAL"", ""COW"", 2], [""BUY_ANIMAL"", ""SHEEP"", 2]]"
"w1_v15stack_race44.py (W1, first upload)",56491123,112754066,2026-09-24 06:09:17.666000,COMPLETED,EPISODE_TYPE_PUBLIC,0,86281,Hai Dang,16712121,56510598,1,98469,0,2512.6,420,2500-2800,tape,"[[""BUY_PRODUCT"", ""WHEAT"", 10], [""SELL"", ""WHEAT"", 10], [""BUY_PRODUCT"", ""WHEAT"", 5], [""BUY_SEED"", ""WHEAT"", 1]]","[[""HIRE""], [""HIRE""], [""HIRE""], [""HIRE""], [""HIRE""], [""BUY_ANIMAL"", ""COW"", 2], [""BUY_ANIMAL"", ""SHEEP"", 2]]"
"w1_v15stack_race44.py (W1, first upload)",56491123,112749509,2026-09-24 05:51:23.159000,COMPLETED,EPISODE_TYPE_PUBLIC,0,104328,rsraki,16749257,56509493,1,108700,0,2107.3,1427,2000-2500,tape,"[[""BUY_PRODUCT"", ""WHEAT"", 8], [""SELL"", ""WHEAT"", 3], [""BUY_SEED"", ""WHEAT"", 1]]","[[""HIRE""], [""HIRE""], [""HIRE""], [""HIRE""], [""HIRE""], [""BUY_ANIMAL"", ""COW"", 2], [""BUY_ANIMAL"", ""SHEEP"", 2]]"
"w1_v15stack_race44.py (W1, first upload)",56491123,112748251,2026-09-24 05:47:43.884000,COMPLETED,EPISODE_TYPE_PUBLIC,1,114708,Kaixi Zha,16764228,56509981,0,115087,0,2341.7,866,2000-2500,tape,"[[""BUY_PRODUCT"", ""WHEAT"", 20], [""SELL"", ""WHEAT"", 15], [""BUY_SEED"", ""WHEAT"", 1]]","[[""HIRE""], [""HIRE""], [""HIRE""], [""HIRE""], [""HIRE""], [""BUY_ANIMAL"", ""COW"", 2], [""BUY_ANIMAL"", ""SHEEP"", 2]]"
"w1_v15stack_race44.py (W1, first upload)",56491123,112748144,2026-09-24 05:46:50.174000,COMPLETED,EPISODE_TYPE_PUBLIC,1,83534,俺是耕田哩,16778012,56510585,0,83503,1,2115.6,1407,2000-2500,tape,"[[""BUY_PRODUCT"", ""WHEAT"", 20], [""SELL"", ""WHEAT"", 15], [""BUY_SEED"", ""WHEAT"", 1]]","[[""HIRE""], [""HIRE""], [""HIRE""], [""HIRE""], [""HIRE""], [""BUY_ANIMAL"", ""COW"", 2], [""BUY_ANIMAL"", ""SHEEP"", 2]]"
"w1_v15stack_race44.py (W1, first upload)",56491123,112745152,2026-09-24 05:34:57.763000,COMPLETED,EPISODE_TYPE_PUBLIC,1,101939,rui xiong,16782203,56508560,0,102655,0,2281.8,1017,2000-2500,tape,"[[""BUY_PRODUCT"", ""WHEAT"", 20], [""SELL"", ""WHEAT"", 15], [""BUY_SEED"", ""WHEAT"", 1]]","[[""HIRE""], [""HIRE""], [""HIRE""], [""HIRE""], [""HIRE""], [""BUY_ANIMAL"", ""COW"", 2], [""BUY_ANIMAL"", ""SHEEP"", 2]]"
"w1_v15stack_race44.py (W1, first upload)",56491123,112740686,2026-09-24 05:22:03.926000,COMPLETED,EPISODE_TYPE_PUBLIC,0,113776,markastra,16779110,56475152,1,111875,1,2020.0,1611,2000-2500,tape,"[[""BUY_PRODUCT"", ""WHEAT"", 6], [""SELL"", ""WHEAT"", 1], [""BUY_SEED"", ""WHEAT"", 1]]","[[""HIRE""], [""HIRE""], [""HIRE""], [""HIRE""], [""HIRE""], [""BUY_ANIMAL"", ""COW"", 2], [""BUY_ANIMAL"", ""SHEEP"", 2]]"
"w1_v15stack_race44.py (W1, first upload)",56491123,112739647,2026-09-24 05:21:40.371000,COMPLETED,EPISODE_TYPE_PUBLIC,1,105024,Civitasmass,16659679,56511318,0,106593,0,2729.6,75,2500-2800,tape,"[[""BUY_PRODUCT"", ""WHEAT"", 5], [""BUY_SEED"", ""WHEAT"", 1]]","[[""HIRE""], [""HIRE""], [""HIRE""], [""HIRE""], [""HIRE""], [""BUY_ANIMAL"", ""COW"", 2], [""BUY_ANIMAL"", ""SHEEP"", 2]]"
"w1_v15stack_race44.py (W1, first upload)",56491123,112732742,2026-09-24 04:58:22.904000,COMPLETED,EPISODE_TYPE_PUBLIC,0,90942,ToastUz,16737944,56510576,1,91625,0,2461.3,537,2000-2500,tape,"[[""BUY_PRODUCT"", ""WHEAT"", 20], [""SELL"", ""WHEAT"", 15], [""BUY_SEED"", ""WHEAT"", 1]]","[[""BUY_PRODUCT"", ""WHEAT"", 85], [""SELL"", ""WHEAT"", 90], [""BUY_PRODUCT"", ""WHEAT"", 5], [""HIRE""], [""HIRE""], [""HIRE""], [""HIRE""], [""HIRE""], [""BUY_ANIMAL"", ""COW"", 2], [""BUY_ANIMAL"", ""SHEEP"", 2]]"
"w1_v15stack_race44.py (W1, first upload)",56491123,112732020,2026-09-24 04:50:52.528000,COMPLETED,EPISODE_TYPE_PUBLIC,0,90743,BorisV,16752740,56508322,1,90814,0,2338.1,876,2000-2500,tape,"[[""BUY_PRODUCT"", ""WHEAT"", 20], [""SELL"", ""WHEAT"", 15], [""BUY_SEED"", ""WHEAT"", 1]]","[[""HIRE""], [""HIRE""], [""HIRE""], [""HIRE""], [""HIRE""], [""BUY_ANIMAL"", ""COW"", 2], [""BUY_ANIMAL"", ""SHEEP"", 2]]"
"w1_v15stack_race44.py (W1, first upload)",56491123,112730017,2026-09-24 04:44:24.387000,COMPLETED,EPISODE_TYPE_PUBLIC,0,106248,Taewoong Kim,16792410,56495641,1,106781,0,2208.0,1173,2000-2500,tape,"[[""BUY_PRODUCT"", ""WHEAT"", 20], [""SELL"", ""WHEAT"", 15], [""BUY_SEED"", ""WHEAT"", 1]]","[[""HIRE""], [""HIRE""], [""HIRE""], [""HIRE""], [""HIRE""], [""BUY_ANIMAL"", ""COW"", 2], [""BUY_ANIMAL"", ""SHEEP"", 2]]"
"w1_v15stack_race44.py (W1, first upload)",56491123,112724035,2026-09-24 04:26:30.945000,COMPLETED,EPISODE_TYPE_PUBLIC,0,54896,anto,16941364,56507026,1,54700,1,2000.7,1652,2000-2500,tape,"[[""BUY_PRODUCT"", ""WHEAT"", 20], [""SELL"", ""WHEAT"", 15], [""BUY_SEED"", ""WHEAT"", 1]]","[[""HIRE""], [""HIRE""], [""HIRE""], [""HIRE""], [""HIRE""], [""BUY_ANIMAL"", ""COW"", 2], [""BUY_ANIMAL"", ""SHEEP"", 2]]"
"w1_v15stack_race44.py (W1, first upload)",56491123,112724515,2026-09-24 04:24:04.209000,COMPLETED,EPISODE_TYPE_PUBLIC,0,96470,Veniamin Nelin,16622482,56426306,1,95921,1,2007.7,1639,2000-2500,tape,"[[""BUY_PRODUCT"", ""WHEAT"", 20], [""SELL"", ""WHEAT"", 15], [""BUY_SEED"", ""WHEAT"", 1]]","[[""HIRE""], [""HIRE""], [""HIRE""], [""HIRE""], [""HIRE""], [""BUY_ANIMAL"", ""COW"", 2], [""BUY_ANIMAL"", ""SHEEP"", 2]]"
"w1_v15stack_race44.py (W1, first upload)",56491123,112717338,2026-09-24 03:58:33.559000,COMPLETED,EPISODE_TYPE_PUBLIC,0,76580,Dhruv #2,16761652,56497868,1,76599,0,2195.0,1200,2000-2500,tape,"[[""BUY_PRODUCT"", ""WHEAT"", 20], [""SELL"", ""WHEAT"", 15], [""BUY_SEED"", ""WHEAT"", 1]]","[[""HIRE""], [""HIRE""], [""HIRE""], [""HIRE""], [""HIRE""], [""BUY_ANIMAL"", ""COW"", 2], [""BUY_ANIMAL"", ""SHEEP"", 2]]"
"w1_v15stack_race44.py (W1, first upload)",56491123,112709420,2026-09-24 03:32:45.902000,COMPLETED,EPISODE_TYPE_PUBLIC,0,79775,shakedamo0w0,16738822,56432036,1,79113,1,2188.0,1218,2000-2500,tape,"[[""BUY_PRODUCT"", ""WHEAT"", 20], [""SELL"", ""WHEAT"", 15], [""BUY_SEED"", ""WHEAT"", 1]]","[[""HIRE""], [""HIRE""], [""HIRE""], [""HIRE""], [""HIRE""], [""BUY_ANIMAL"", ""COW"", 2], [""BUY_ANIMAL"", ""SHEEP"", 2]]"
"w1_v15stack_race44.py (W1, first upload)",56491123,112702327,2026-09-24 03:10:08.565000,COMPLETED,EPISODE_TYPE_PUBLIC,0,103191,tablecables,16660485,56502322,1,103248,0,2057.1,1549,2000-2500,tape,"[[""BUY_PRODUCT"", ""WHEAT"", 20], [""SELL"", ""WHEAT"", 15], [""BUY_SEED"", ""WHEAT"", 1]]","[[""HIRE""], [""HIRE""], [""HIRE""], [""HIRE""], [""HIRE""], [""BUY_ANIMAL"", ""COW"", 2], [""BUY_ANIMAL"", ""SHEEP"", 2]]"
"w1_v15stack_race44.py (W1, first upload)",56491123,112699287,2026-09-24 03:01:33.701000,COMPLETED,EPISODE_TYPE_PUBLIC,1,121567,tokitamago,16847478,56507938,0,121319,1,2026.2,1596,2000-2500,tape,"[[""BUY_PRODUCT"", ""WHEAT"", 20], [""SELL"", ""WHEAT"", 15], [""BUY_SEED"", ""WHEAT"", 1]]","[[""HIRE""], [""HIRE""], [""HIRE""], [""HIRE""], [""HIRE""], [""BUY_ANIMAL"", ""COW"", 2], [""BUY_ANIMAL"", ""SHEEP"", 2]]"
"w1_v15stack_race44.py (W1, first upload)",56491123,112698681,2026-09-24 02:56:03.361000,COMPLETED,EPISODE_TYPE_PUBLIC,0,89614,sunil kumar,16865317,56469520,1,87665,1,2381.7,762,2000-2500,tape,"[[""BUY_PRODUCT"", ""WHEAT"", 20], [""SELL"", ""WHEAT"", 15], [""BUY_SEED"", ""WHEAT"", 1]]","[[""HIRE""], [""HIRE""], [""HIRE""], [""HIRE""], [""HIRE""], [""BUY_ANIMAL"", ""COW"", 2], [""BUY_ANIMAL"", ""SHEEP"", 2]]"
"w1_v15stack_race44.py (W1, first upload)",56491123,112698535,2026-09-24 02:54:27.243000,COMPLETED,EPISODE_TYPE_PUBLIC,0,93879,Magniverko,16824931,56505263,1,94639,0,600.0,6050,<2000,tape,"[[""BUY_PRODUCT"", ""WHEAT"", 8], [""SELL"", ""WHEAT"", 3], [""BUY_SEED"", ""WHEAT"", 1]]","[[""HIRE""], [""HIRE""], [""HIRE""], [""HIRE""], [""HIRE""], [""BUY_ANIMAL"", ""COW"", 2], [""BUY_ANIMAL"", ""SHEEP"", 2]]"
"w1_v15stack_race44.py (W1, first upload)",56491123,112692955,2026-09-24 02:35:04.540000,COMPLETED,EPISODE_TYPE_PUBLIC,1,75098,HKmgikao,16699947,56408102,0,74180,1,2223.4,1134,2000-2500,tape,"[[""BUY_PRODUCT"", ""WHEAT"", 20], [""SELL"", ""WHEAT"", 15], [""BUY_SEED"", ""WHEAT"", 1]]","[[""HIRE""], [""HIRE""], [""HIRE""], [""HIRE""], [""HIRE""], [""BUY_ANIMAL"", ""COW"", 2], [""BUY_ANIMAL"", ""SHEEP"", 2]]"
"w1_v15stack_race44.py (W1, first upload)",56491123,112688499,2026-09-24 02:21:42.590000,COMPLETED,EPISODE_TYPE_PUBLIC,0,94075,JAZ COLD HORN,16696720,56470206,1,93433,1,2443.3,586,2000-2500,tape,"[[""BUY_PRODUCT"", ""WHEAT"", 20], [""SELL"", ""WHEAT"", 15]]","[[""HIRE""], [""HIRE""], [""HIRE""], [""HIRE""], [""HIRE""], [""BUY_ANIMAL"", ""COW"", 2], [""BUY_ANIMAL"", ""SHEEP"", 2], [""BUY_SEED"", ""WHEAT"", 1]]"
"w1_v15stack_race44.py (W1, first upload)",56491123,112682191,2026-09-24 02:00:30.110000,COMPLETED,EPISODE_TYPE_PUBLIC,1,117288,takemo,16693342,56505322,0,117430,0,2199.2,1195,2000-2500,tape,"[[""BUY_PRODUCT"", ""WHEAT"", 20], [""SELL"", ""WHEAT"", 15], [""BUY_SEED"", ""WHEAT"", 1]]","[[""HIRE""], [""HIRE""], [""HIRE""], [""HIRE""], [""HIRE""], [""BUY_ANIMAL"", ""COW"", 2], [""BUY_ANIMAL"", ""SHEEP"", 2]]"
"w1_v15stack_race44.py (W1, first upload)",56491123,112681464,2026-09-24 01:58:02.565000,COMPLETED,EPISODE_TYPE_PUBLIC,1,63396,kavipavi19,16665864,56429826,0,61911,1,2345.9,856,2000-2500,tape,"[[""BUY_PRODUCT"", ""WHEAT"", 20], [""SELL"", ""WHEAT"", 15]]","[[""HIRE""], [""HIRE""], [""HIRE""], [""HIRE""], [""HIRE""], [""BUY_ANIMAL"", ""COW"", 2], [""BUY_ANIMAL"", ""SHEEP"", 2]]"
"w1_v15stack_race44.py (W1, first upload)",56491123,112675419,2026-09-24 01:36:48.081000,COMPLETED,EPISODE_TYPE_PUBLIC,0,92124,sam_the_rice_cake,16748476,56457052,1,91209,1,2462.1,533,2000-2500,tape,"[[""BUY_PRODUCT"", ""WHEAT"", 20], [""SELL"", ""WHEAT"", 15], [""BUY_SEED"", ""WHEAT"", 1]]","[[""HIRE""], [""HIRE""], [""HIRE""], [""HIRE""], [""HIRE""], [""BUY_ANIMAL"", ""COW"", 2], [""BUY_ANIMAL"", ""SHEEP"", 2]]"
"w1_v15stack_race44.py (W1, first upload)",56491123,112668644,2026-09-24 01:11:36.876000,COMPLETED,EPISODE_TYPE_PUBLIC,1,117212,1m0ke,16729192,56462732,0,117554,0,2028.9,1590,2000-2500,tape,"[[""BUY_PRODUCT"", ""WHEAT"", 20], [""SELL"", ""WHEAT"", 15], [""BUY_SEED"", ""WHEAT"", 1]]","[[""HIRE""], [""HIRE""], [""HIRE""], [""HIRE""], [""HIRE""], [""BUY_ANIMAL"", ""COW"", 2], [""BUY_ANIMAL"", ""SHEEP"", 2]]"
"w1_v15stack_race44.py (W1, first upload)",56491123,112666136,2026-09-24 01:03:14.180000,COMPLETED,EPISODE_TYPE_PUBLIC,0,77386,Eugen Nekhai,16761875,56400131,1,77398,0,1956.0,1740,<2000,tape,"[[""BUY_PRODUCT"", ""WHEAT"", 20], [""SELL"", ""WHEAT"", 15]]","[[""HIRE""], [""HIRE""], [""HIRE""], [""HIRE""], [""HIRE""], [""BUY_ANIMAL"", ""COW"", 2], [""BUY_ANIMAL"", ""SHEEP"", 2]]"
"w1_v15stack_race44.py (W1, first upload)",56491123,112666174,2026-09-24 01:02:50.342000,COMPLETED,EPISODE_TYPE_PUBLIC,1,130734,RuggedBones,16683808,56470745,0,129113,1,2084.5,1479,2000-2500,tape,"[[""BUY_PRODUCT"", ""WHEAT"", 20], [""SELL"", ""WHEAT"", 15], [""BUY_SEED"", ""WHEAT"", 1]]","[[""HIRE""], [""HIRE""], [""HIRE""], [""HIRE""], [""HIRE""], [""BUY_ANIMAL"", ""COW"", 2], [""BUY_ANIMAL"", ""SHEEP"", 2]]"
"w1_v15stack_race44.py (W1, first upload)",56491123,112662545,2026-09-24 00:53:22.792000,COMPLETED,EPISODE_TYPE_PUBLIC,0,109106,HarvestZero,16693488,56469039,1,107927,1,1980.5,1697,<2000,tape,"[[""BUY_PRODUCT"", ""WHEAT"", 20], [""SELL"", ""WHEAT"", 15], [""BUY_SEED"", ""WHEAT"", 1]]","[[""HIRE""], [""HIRE""], [""HIRE""], [""HIRE""], [""HIRE""], [""BUY_ANIMAL"", ""COW"", 2], [""BUY_ANIMAL"", ""SHEEP"", 2]]"
"w1_v15stack_race44.py (W1, first upload)",56491123,112661139,2026-09-24 00:47:19.121000,COMPLETED,EPISODE_TYPE_PUBLIC,0,81153,abozten,16709492,56504225,1,81260,0,1944.1,1761,<2000,tape,"[[""BUY_PRODUCT"", ""WHEAT"", 20], [""SELL"", ""WHEAT"", 15], [""BUY_SEED"", ""WHEAT"", 1]]","[[""HIRE""], [""HIRE""], [""HIRE""], [""HIRE""], [""HIRE""], [""BUY_ANIMAL"", ""COW"", 2], [""BUY_ANIMAL"", ""SHEEP"", 2]]"
"w1_v15stack_race44.py (W1, first upload)",56491123,112657061,2026-09-24 00:31:45.787000,COMPLETED,EPISODE_TYPE_PUBLIC,0,113544,Frost Cerberus,16843042,56421858,1,113056,1,2045.9,1568,2000-2500,tape,"[[""BUY_PRODUCT"", ""WHEAT"", 20], [""SELL"", ""WHEAT"", 15], [""BUY_SEED"", ""WHEAT"", 1]]","[[""HIRE""], [""HIRE""], [""HIRE""], [""HIRE""], [""HIRE""], [""BUY_ANIMAL"", ""COW"", 2], [""BUY_ANIMAL"", ""SHEEP"", 2]]"
"w1_v15stack_race44.py (W1, first upload)",56491123,112653436,2026-09-24 00:19:18.153000,COMPLETED,EPISODE_TYPE_PUBLIC,1,131920,Ahmed Mostafa #2,16852383,56407389,0,129650,1,2316.2,931,2000-2500,tape,"[[""BUY_PRODUCT"", ""WHEAT"", 20], [""SELL"", ""WHEAT"", 15], [""BUY_SEED"", ""WHEAT"", 1]]","[[""HIRE""], [""HIRE""], [""HIRE""], [""HIRE""], [""HIRE""], [""BUY_ANIMAL"", ""COW"", 2], [""BUY_ANIMAL"", ""SHEEP"", 2]]"
"w1_v15stack_race44.py (W1, first upload)",56491123,112647697,2026-09-23 23:58:02.703000,COMPLETED,EPISODE_TYPE_PUBLIC,1,143070,porply,16623463,56431577,0,142723,1,2005.1,1643,2000-2500,tape,"[[""BUY_PRODUCT"", ""WHEAT"", 20], [""SELL"", ""WHEAT"", 15], [""BUY_SEED"", ""WHEAT"", 1]]","[[""HIRE""], [""HIRE""], [""HIRE""], [""HIRE""], [""HIRE""], [""BUY_ANIMAL"", ""COW"", 2], [""BUY_ANIMAL"", ""SHEEP"", 2]]"
"w1_v15stack_race44.py (W1, first upload)",56491123,112646424,2026-09-23 23:57:13.544000,COMPLETED,EPISODE_TYPE_PUBLIC,1,85344,Chattso-GPT (Yasuhito Yanagisawa),16661702,56409716,0,83505,1,1965.0,1726,<2000,tape,"[[""BUY_PRODUCT"", ""WHEAT"", 20], [""SELL"", ""WHEAT"", 15], [""BUY_SEED"", ""WHEAT"", 1]]","[[""HIRE""], [""HIRE""], [""HIRE""], [""HIRE""], [""HIRE""], [""BUY_ANIMAL"", ""COW"", 2], [""BUY_ANIMAL"", ""SHEEP"", 2]]"
"w1_v15stack_race44.py (W1, first upload)",56491123,112640966,2026-09-23 23:34:51.472000,COMPLETED,EPISODE_TYPE_PUBLIC,0,84678,lixiaoxin25,16706410,56418877,1,82834,1,2297.9,979,2000-2500,tape,"[[""BUY_PRODUCT"", ""WHEAT"", 20], [""SELL"", ""WHEAT"", 15], [""BUY_SEED"", ""WHEAT"", 1]]","[[""HIRE""], [""HIRE""], [""HIRE""], [""HIRE""], [""HIRE""], [""BUY_ANIMAL"", ""COW"", 2], [""BUY_ANIMAL"", ""SHEEP"", 2]]"
"w1_v15stack_race44.py (W1, first upload)",56491123,112640771,2026-09-23 23:34:33.392000,COMPLETED,EPISODE_TYPE_PUBLIC,0,70953,Albert Wang,16698661,56410587,1,70913,1,1932.5,1781,<2000,tape,"[[""BUY_PRODUCT"", ""WHEAT"", 20], [""SELL"", ""WHEAT"", 15]]","[[""HIRE""], [""HIRE""], [""HIRE""], [""HIRE""], [""HIRE""], [""BUY_ANIMAL"", ""COW"", 2], [""BUY_ANIMAL"", ""SHEEP"", 2]]"
"w1_v15stack_race44.py (W1, first upload)",56491123,112635950,2026-09-23 23:18:57.265000,COMPLETED,EPISODE_TYPE_PUBLIC,1,85892,Kousuke55,16780062,56391698,0,84870,1,1924.2,1791,<2000,tape,"[[""BUY_PRODUCT"", ""WHEAT"", 20], [""SELL"", ""WHEAT"", 15]]","[[""HIRE""], [""HIRE""], [""HIRE""], [""HIRE""], [""HIRE""], [""BUY_ANIMAL"", ""COW"", 2], [""BUY_ANIMAL"", ""SHEEP"", 2]]"
"w1_v15stack_race44.py (W1, first upload)",56491123,112632205,2026-09-23 23:08:34.813000,COMPLETED,EPISODE_TYPE_PUBLIC,1,130188,tablecables,16660485,56502322,0,129891,1,2057.1,1549,2000-2500,tape,"[[""BUY_PRODUCT"", ""WHEAT"", 20], [""SELL"", ""WHEAT"", 15], [""BUY_SEED"", ""WHEAT"", 1]]","[[""HIRE""], [""HIRE""], [""HIRE""], [""HIRE""], [""HIRE""], [""BUY_ANIMAL"", ""COW"", 2], [""BUY_ANIMAL"", ""SHEEP"", 2]]"
"w1_v15stack_race44.py (W1, first upload)",56491123,112628658,2026-09-23 22:51:59.325000,COMPLETED,EPISODE_TYPE_PUBLIC,1,99457,fasith 007,16856022,56502796,0,99599,0,2749.8,58,2500-2800,tape,"[[""BUY_PRODUCT"", ""WHEAT"", 6], [""SELL"", ""WHEAT"", 1], [""BUY_SEED"", ""WHEAT"", 1]]","[[""HIRE""], [""HIRE""], [""HIRE""], [""HIRE""], [""HIRE""], [""BUY_ANIMAL"", ""COW"", 2], [""BUY_ANIMAL"", ""SHEEP"", 2]]"
"w1_v15stack_race44.py (W1, first upload)",56491123,112625280,2026-09-23 22:39:19.389000,COMPLETED,EPISODE_TYPE_PUBLIC,1,105603,Raagav & Pieter,16657775,56501869,0,104993,1,2088.7,1471,2000-2500,tape,"[[""BUY_PRODUCT"", ""WHEAT"", 20], [""SELL"", ""WHEAT"", 15], [""BUY_SEED"", ""WHEAT"", 1]]","[[""HIRE""], [""HIRE""], [""HIRE""], [""HIRE""], [""HIRE""], [""BUY_ANIMAL"", ""COW"", 2], [""BUY_ANIMAL"", ""SHEEP"", 2]]"
"w1_v15stack_race44.py (W1, first upload)",56491123,112623620,2026-09-23 22:36:28.622000,COMPLETED,EPISODE_TYPE_PUBLIC,0,77499,Han Zhou,16936346,56447386,1,76658,1,2125.0,1381,2000-2500,tape,"[[""BUY_PRODUCT"", ""WHEAT"", 20], [""SELL"", ""WHEAT"", 15], [""BUY_SEED"", ""WHEAT"", 1]]","[[""HIRE""], [""HIRE""], [""HIRE""], [""HIRE""], [""HIRE""], [""BUY_ANIMAL"", ""COW"", 2], [""BUY_ANIMAL"", ""SHEEP"", 2]]"
"w1_v15stack_race44.py (W1, first upload)",56491123,112622946,2026-09-23 22:34:32.396000,COMPLETED,EPISODE_TYPE_PUBLIC,0,85628,Igor V,16629033,56502041,1,84571,1,2124.2,1386,2000-2500,tape,"[[""BUY_PRODUCT"", ""WHEAT"", 8], [""SELL"", ""WHEAT"", 3], [""BUY_SEED"", ""WHEAT"", 1]]","[[""HIRE""], [""HIRE""], [""HIRE""], [""HIRE""], [""HIRE""], [""BUY_ANIMAL"", ""COW"", 2], [""BUY_ANIMAL"", ""SHEEP"", 2]]"
"w1_v15stack_race44.py (W1, first upload)",56491123,112618691,2026-09-23 22:17:50.316000,COMPLETED,EPISODE_TYPE_PUBLIC,1,97311,Дмитрий Томилов,16931481,56450070,0,93804,1,1971.1,1713,<2000,tape,"[[""BUY_PRODUCT"", ""WHEAT"", 20], [""SELL"", ""WHEAT"", 15]]","[[""BUY_ANIMAL"", ""COW"", 2], [""BUY_ANIMAL"", ""SHEEP"", 2], [""HIRE""], [""HIRE""], [""HIRE""], [""HIRE""], [""HIRE""]]"
"w1_v15stack_race44.py (W1, first upload)",56491123,112612751,2026-09-23 21:58:18.322000,COMPLETED,EPISODE_TYPE_PUBLIC,1,118337,Lukas,16916418,56384954,0,114773,1,1870.3,1899,<2000,tape,"[[""BUY_PRODUCT"", ""WHEAT"", 20], [""SELL"", ""WHEAT"", 15]]","[[""HIRE""], [""HIRE""], [""HIRE""], [""HIRE""], [""HIRE""], [""BUY_ANIMAL"", ""COW"", 2], [""BUY_ANIMAL"", ""SHEEP"", 2]]"
"w1_v15stack_race44.py (W1, first upload)",56491123,112606960,2026-09-23 21:39:35.984000,COMPLETED,EPISODE_TYPE_PUBLIC,0,82847,YKuma,16752277,56419801,1,79186,1,1933.8,1779,<2000,tape,"[[""BUY_PRODUCT"", ""WHEAT"", 20], [""SELL"", ""WHEAT"", 15], [""BUY_SEED"", ""WHEAT"", 1]]","[[""HIRE""], [""HIRE""], [""HIRE""], [""HIRE""], [""HIRE""], [""BUY_ANIMAL"", ""COW"", 2], [""BUY_ANIMAL"", ""SHEEP"", 2]]"
"w1_v15stack_race44.py (W1, first upload)",56491123,112600753,2026-09-23 21:15:05.334000,COMPLETED,EPISODE_TYPE_PUBLIC,1,61827,eviltsundera,16823319,56500417,0,61090,1,2317.5,928,2000-2500,tape,"[[""BUY_PRODUCT"", ""WHEAT"", 13], [""SELL"", ""WHEAT"", 30], [""SELL"", ""WHEAT"", 30]]","[[""BUY_PRODUCT"", ""WHEAT"", 5], [""HIRE""], [""HIRE""], [""HIRE""], [""HIRE""], [""HIRE""], [""BUY_ANIMAL"", ""COW"", 2], [""BUY_ANIMAL"", ""SHEEP"", 2]]"
"w1_v15stack_race44.py (W1, first upload)",56491123,112598774,2026-09-23 21:05:58.248000,COMPLETED,EPISODE_TYPE_PUBLIC,1,124918,Andrey Shpigar,16738487,56501246,0,124951,0,2248.1,1089,2000-2500,tape,"[[""BUY_PRODUCT"", ""WHEAT"", 20], [""SELL"", ""WHEAT"", 15], [""BUY_SEED"", ""WHEAT"", 1]]","[[""HIRE""], [""HIRE""], [""HIRE""], [""HIRE""], [""HIRE""], [""BUY_ANIMAL"", ""COW"", 2], [""BUY_ANIMAL"", ""SHEEP"", 2]]"
"w1_v15stack_race44.py (W1, first upload)",56491123,112598378,2026-09-23 21:05:01.478000,COMPLETED,EPISODE_TYPE_PUBLIC,0,126334,DataRockstar,16635745,56499990,1,125742,1,2306.2,961,2000-2500,tape,"[[""BUY_PRODUCT"", ""WHEAT"", 8], [""SELL"", ""WHEAT"", 3], [""BUY_SEED"", ""WHEAT"", 1]]","[[""HIRE""], [""HIRE""], [""HIRE""], [""HIRE""], [""HIRE""], [""BUY_ANIMAL"", ""COW"", 2], [""BUY_ANIMAL"", ""SHEEP"", 2]]"
"w1_v15stack_race44.py (W1, first upload)",56491123,112592366,2026-09-23 20:43:43.063000,COMPLETED,EPISODE_TYPE_PUBLIC,1,130797,cha7ura,16761293,56499672,0,129948,1,2112.6,1413,2000-2500,tape,"[[""BUY_PRODUCT"", ""WHEAT"", 20], [""SELL"", ""WHEAT"", 15], [""BUY_SEED"", ""WHEAT"", 1]]","[[""HIRE""], [""HIRE""], [""HIRE""], [""HIRE""], [""HIRE""], [""BUY_ANIMAL"", ""COW"", 2], [""BUY_ANIMAL"", ""SHEEP"", 2]]"
"w1_v15stack_race44.py (W1, first upload)",56491123,112591065,2026-09-23 20:42:39.024000,COMPLETED,EPISODE_TYPE_PUBLIC,0,108629,Yannik Schiffner,16760701,56500582,1,105514,1,2834.6,27,>2800,Boey,"[[""BUY_PRODUCT"", ""WHEAT"", 3], [""HIRE""], [""HIRE""], [""HIRE""], [""HIRE""], [""HIRE""], [""BUY_SEED"", ""WHEAT"", 3], [""BUY_SEED"", ""WHEAT"", 4], [""BUY_ANIMAL"", ""SHEEP"", 1]]","[[""SELL"", ""WHEAT"", 1], [""BUY_SEED"", ""WHEAT"", 2], [""BUY_PRODUCT"", ""FERTILIZER"", 3], [""SELL"", ""WHEAT"", 1], [""BUY_SEED"", ""WHEAT"", 1], [""BUY_SEED"", ""WHEAT"", 1], [""SELL"", ""WHEAT"", 1], [""BUY_SEED"", ""WHEAT"", 1], [""BUY_ANIMAL"", ""SHEEP"", 1]]"
"w1_v15stack_race44.py (W1, first upload)",56491123,112590599,2026-09-23 20:37:18.265000,COMPLETED,EPISODE_TYPE_PUBLIC,1,99110,pardival,16806376,56391992,0,98095,1,1759.2,2125,<2000,tape,"[[""BUY_PRODUCT"", ""WHEAT"", 20], [""SELL"", ""WHEAT"", 15]]","[[""HIRE""], [""HIRE""], [""HIRE""], [""HIRE""], [""HIRE""], [""BUY_ANIMAL"", ""COW"", 2], [""BUY_ANIMAL"", ""SHEEP"", 2]]"
"w1_v15stack_race44.py (W1, first upload)",56491123,112584337,2026-09-23 20:19:10.179000,COMPLETED,EPISODE_TYPE_PUBLIC,0,70368,Kydyrbek Kozykorpesh,16862155,56437234,1,68688,1,2078.9,1492,2000-2500,tape,"[[""BUY_PRODUCT"", ""WHEAT"", 20], [""SELL"", ""WHEAT"", 15]]","[[""HIRE""], [""HIRE""], [""HIRE""], [""HIRE""], [""HIRE""], [""BUY_ANIMAL"", ""COW"", 2], [""BUY_ANIMAL"", ""SHEEP"", 2]]"
"w1_v15stack_race44.py (W1, first upload)",56491123,112583113,2026-09-23 20:14:55.066000,COMPLETED,EPISODE_TYPE_PUBLIC,1,101034,WUZB,16853540,56481077,0,101096,0,2300.5,970,2000-2500,tape,"[[""BUY_PRODUCT"", ""WHEAT"", 20], [""SELL"", ""WHEAT"", 15], [""BUY_SEED"", ""WHEAT"", 1]]","[[""HIRE""], [""HIRE""], [""HIRE""], [""HIRE""], [""HIRE""], [""BUY_ANIMAL"", ""COW"", 2], [""BUY_ANIMAL"", ""SHEEP"", 2]]"
"w1_v15stack_race44.py (W1, first upload)",56491123,112580257,2026-09-23 20:04:43.147000,COMPLETED,EPISODE_TYPE_PUBLIC,1,102035,Knight of Favonius,16651244,56499555,0,101041,1,2729.5,76,2500-2800,tape,"[[""BUY_PRODUCT"", ""WHEAT"", 20], [""SELL"", ""WHEAT"", 15], [""BUY_SEED"", ""WHEAT"", 1]]","[[""HIRE""], [""HIRE""], [""HIRE""], [""HIRE""], [""HIRE""], [""BUY_ANIMAL"", ""COW"", 2], [""BUY_ANIMAL"", ""SHEEP"", 2]]"
"w1_v15stack_race44.py (W1, first upload)",56491123,112578796,2026-09-23 20:00:07.270000,COMPLETED,EPISODE_TYPE_PUBLIC,1,77627,Raymond Parker,16942014,56501595,0,78986,0,2587.5,262,2500-2800,tape,"[[""BUY_PRODUCT"", ""WHEAT"", 20], [""SELL"", ""WHEAT"", 15], [""BUY_SEED"", ""WHEAT"", 1]]","[[""HIRE""], [""HIRE""], [""HIRE""], [""HIRE""], [""HIRE""], [""BUY_ANIMAL"", ""COW"", 2], [""BUY_ANIMAL"", ""SHEEP"", 2]]"
"w1_v15stack_race44.py (W1, first upload)",56491123,112579080,2026-09-23 19:59:33.802000,COMPLETED,EPISODE_TYPE_PUBLIC,1,74771,Kaggria,16880278,56498163,0,72807,1,1919.3,1804,<2000,tape,"[[""BUY_PRODUCT"", ""WHEAT"", 20], [""SELL"", ""WHEAT"", 15]]","[[""HIRE""], [""HIRE""], [""HIRE""], [""HIRE""], [""HIRE""], [""BUY_ANIMAL"", ""COW"", 2], [""BUY_ANIMAL"", ""SHEEP"", 2]]"
"w1_v15stack_race44.py (W1, first upload)",56491123,112577118,2026-09-23 19:53:04.594000,COMPLETED,EPISODE_TYPE_PUBLIC,1,99562,Mason Cao,16759699,56494589,0,100599,0,2574.8,288,2500-2800,tape,"[[""BUY_PRODUCT"", ""WHEAT"", 20], [""SELL"", ""WHEAT"", 15], [""BUY_SEED"", ""WHEAT"", 1]]","[[""HIRE""], [""HIRE""], [""HIRE""], [""HIRE""], [""HIRE""], [""BUY_ANIMAL"", ""COW"", 2], [""BUY_ANIMAL"", ""SHEEP"", 2]]"
"w1_v15stack_race44.py (W1, first upload)",56491123,112573614,2026-09-23 19:39:33.228000,COMPLETED,EPISODE_TYPE_PUBLIC,0,88583,shawenher,16784608,56500633,1,89103,0,2414.8,673,2000-2500,tape,"[[""BUY_PRODUCT"", ""WHEAT"", 8], [""SELL"", ""WHEAT"", 3], [""BUY_SEED"", ""WHEAT"", 1]]","[[""HIRE""], [""HIRE""], [""HIRE""], [""HIRE""], [""HIRE""], [""BUY_ANIMAL"", ""COW"", 2], [""BUY_ANIMAL"", ""SHEEP"", 2]]"
"w1_v15stack_race44.py (W1, first upload)",56491123,112566534,2026-09-23 19:14:46.380000,COMPLETED,EPISODE_TYPE_PUBLIC,0,113312,KUO JEN WEI,16848622,56468853,1,109502,1,1872.5,1895,<2000,tape,"[[""BUY_PRODUCT"", ""WHEAT"", 5], [""BUY_SEED"", ""WHEAT"", 1]]","[[""HIRE""], [""HIRE""], [""HIRE""], [""HIRE""], [""HIRE""], [""BUY_ANIMAL"", ""COW"", 2], [""BUY_ANIMAL"", ""SHEEP"", 2]]"
"w1_v15stack_race44.py (W1, first upload)",56491123,112559053,2026-09-23 18:48:28.448000,COMPLETED,EPISODE_TYPE_PUBLIC,1,81523,bpbpbpbpb,16758556,56393057,0,80495,1,2053.5,1557,2000-2500,tape,"[[""BUY_PRODUCT"", ""WHEAT"", 20], [""SELL"", ""WHEAT"", 15]]","[[""HIRE""], [""HIRE""], [""HIRE""], [""HIRE""], [""HIRE""], [""BUY_ANIMAL"", ""COW"", 2], [""BUY_ANIMAL"", ""SHEEP"", 2]]"
"w1_v15stack_race44.py (W1, first upload)",56491123,112550660,2026-09-23 18:21:46.898000,COMPLETED,EPISODE_TYPE_PUBLIC,0,62380,KUO JEN WEI,16848622,56468853,1,59627,1,1872.5,1895,<2000,tape,"[[""BUY_PRODUCT"", ""WHEAT"", 5], [""BUY_SEED"", ""WHEAT"", 1]]","[[""HIRE""], [""HIRE""], [""HIRE""], [""HIRE""], [""HIRE""], [""BUY_ANIMAL"", ""COW"", 2], [""BUY_ANIMAL"", ""SHEEP"", 2]]"
"w1_v15stack_race44.py (W1, first upload)",56491123,112541432,2026-09-23 17:49:55.249000,COMPLETED,EPISODE_TYPE_PUBLIC,1,98691,Запрети мне брать H100,16702754,56447223,0,97264,1,1886.5,1861,<2000,tape,"[[""BUY_PRODUCT"", ""WHEAT"", 7], [""SELL"", ""WHEAT"", 2]]","[[""BUY_PRODUCT"", ""WHEAT"", 30], [""HIRE""], [""HIRE""], [""HIRE""], [""HIRE""], [""HIRE""], [""BUY_ANIMAL"", ""COW"", 2], [""BUY_ANIMAL"", ""SHEEP"", 2]]"
"w1_v15stack_race44.py (W1, first upload)",56491123,112531787,2026-09-23 17:17:14.176000,COMPLETED,EPISODE_TYPE_PUBLIC,0,109552,Rustam Bazarbayev,16713543,56385042,1,114728,0,1865.4,1914,<2000,tape,"[[""BUY_PRODUCT"", ""WHEAT"", 5], [""BUY_SEED"", ""WHEAT"", 1]]","[[""HIRE""], [""HIRE""], [""HIRE""], [""HIRE""], [""HIRE""], [""BUY_ANIMAL"", ""COW"", 2], [""BUY_ANIMAL"", ""SHEEP"", 2]]"
"w1_v15stack_race44.py (W1, first upload)",56491123,112526639,2026-09-23 17:03:29.387000,COMPLETED,EPISODE_TYPE_PUBLIC,0,97439,Jinhan Gao,16772391,56472291,1,96385,1,2013.5,1625,2000-2500,tape,"[[""BUY_PRODUCT"", ""WHEAT"", 20], [""SELL"", ""WHEAT"", 15], [""BUY_SEED"", ""WHEAT"", 1]]","[[""HIRE""], [""HIRE""], [""HIRE""], [""HIRE""], [""HIRE""], [""BUY_ANIMAL"", ""COW"", 2], [""BUY_ANIMAL"", ""SHEEP"", 2]]"
"w1_v15stack_race44.py (W1, first upload)",56491123,112526465,2026-09-23 17:02:47.412000,COMPLETED,EPISODE_TYPE_PUBLIC,0,88252,アルモンド,16773026,56492868,1,90950,0,2398.2,712,2000-2500,tape,"[[""BUY_PRODUCT"", ""WHEAT"", 60], [""SELL"", ""WHEAT"", 55]]","[[""HIRE""], [""HIRE""], [""HIRE""], [""HIRE""], [""HIRE""], [""BUY_ANIMAL"", ""COW"", 2], [""BUY_ANIMAL"", ""SHEEP"", 2]]"
"w1_v15stack_race44.py (W1, first upload)",56491123,112514012,2026-09-23 16:26:14.159000,COMPLETED,EPISODE_TYPE_PUBLIC,0,73491,Talented_Eggs,16894895,56497161,1,72927,1,2558.2,323,2500-2800,tape,"[[""BUY_PRODUCT"", ""WHEAT"", 10], [""SELL"", ""WHEAT"", 5], [""BUY_SEED"", ""WHEAT"", 1]]","[[""HIRE""], [""HIRE""], [""HIRE""], [""HIRE""], [""HIRE""], [""BUY_ANIMAL"", ""COW"", 2], [""BUY_ANIMAL"", ""SHEEP"", 2]]"
"w1_v15stack_race44.py (W1, first upload)",56491123,112509671,2026-09-23 16:03:29.179000,COMPLETED,EPISODE_TYPE_PUBLIC,1,91649,tw1nstar,16847812,56495521,0,92905,0,2716.4,84,2500-2800,tape,"[[""BUY_PRODUCT"", ""WHEAT"", 20], [""SELL"", ""WHEAT"", 15], [""BUY_SEED"", ""WHEAT"", 1]]","[[""HIRE""], [""HIRE""], [""HIRE""], [""HIRE""], [""HIRE""], [""BUY_ANIMAL"", ""COW"", 2], [""BUY_ANIMAL"", ""SHEEP"", 2]]"
"w1_v15stack_race44.py (W1, first upload)",56491123,112503883,2026-09-23 15:47:02.597000,COMPLETED,EPISODE_TYPE_PUBLIC,1,59505,GarbageOoze,16906012,56494359,0,58800,1,2124.4,1385,2000-2500,tape,"[[""BUY_PRODUCT"", ""WHEAT"", 20], [""SELL"", ""WHEAT"", 15], [""BUY_SEED"", ""WHEAT"", 1]]","[[""HIRE""], [""HIRE""], [""HIRE""], [""HIRE""], [""HIRE""], [""BUY_ANIMAL"", ""COW"", 2], [""BUY_ANIMAL"", ""SHEEP"", 2]]"
"w1_v15stack_race44.py (W1, first upload)",56491123,112503155,2026-09-23 15:41:56.853000,COMPLETED,EPISODE_TYPE_PUBLIC,1,90897,YKuma,16752277,56377372,0,89165,1,1933.8,1779,<2000,tape,"[[""BUY_PRODUCT"", ""WHEAT"", 20], [""SELL"", ""WHEAT"", 15]]","[[""HIRE""], [""HIRE""], [""HIRE""], [""HIRE""], [""HIRE""], [""BUY_ANIMAL"", ""COW"", 2], [""BUY_ANIMAL"", ""SHEEP"", 2]]"
"w1_v15stack_race44.py (W1, first upload)",56491123,112493815,2026-09-23 15:08:16.015000,COMPLETED,EPISODE_TYPE_PUBLIC,1,64930,weihao huang2004,16806014,56377837,0,64381,1,1852.2,1940,<2000,tape,"[[""BUY_PRODUCT"", ""WHEAT"", 5], [""BUY_SEED"", ""WHEAT"", 1]]","[[""HIRE""], [""HIRE""], [""HIRE""], [""HIRE""], [""HIRE""], [""BUY_ANIMAL"", ""COW"", 2], [""BUY_ANIMAL"", ""SHEEP"", 2]]"
"w1_v15stack_race44.py (W1, first upload)",56491123,112492607,2026-09-23 15:06:15.214000,COMPLETED,EPISODE_TYPE_PUBLIC,1,111658,Дворкин Евгений Владимирович,16624339,56371119,0,107824,1,1602.2,2431,<2000,tape,"[[""BUY_PRODUCT"", ""WHEAT"", 20], [""SELL"", ""WHEAT"", 15]]","[[""HIRE""], [""HIRE""], [""HIRE""], [""HIRE""], [""HIRE""], [""BUY_ANIMAL"", ""COW"", 2], [""BUY_ANIMAL"", ""SHEEP"", 2]]"
"w1_v15stack_race44.py (W1, first upload)",56491123,112490972,2026-09-23 15:02:06.100000,COMPLETED,EPISODE_TYPE_PUBLIC,1,110704,hinemos,16669490,56494005,0,110681,1,2319.7,920,2000-2500,tape,"[[""BUY_PRODUCT"", ""WHEAT"", 20], [""SELL"", ""WHEAT"", 15], [""BUY_SEED"", ""WHEAT"", 1]]","[[""HIRE""], [""HIRE""], [""HIRE""], [""HIRE""], [""HIRE""], [""BUY_ANIMAL"", ""COW"", 2], [""BUY_ANIMAL"", ""SHEEP"", 2]]"
"w1_v15stack_race44.py (W1, first upload)",56491123,112491441,2026-09-23 14:59:11.836000,COMPLETED,EPISODE_TYPE_PUBLIC,1,61173,Sophie555,16688568,56482753,0,58774,1,1931.9,1783,<2000,tape,"[[""BUY_PRODUCT"", ""WHEAT"", 20], [""SELL"", ""WHEAT"", 15]]","[[""HIRE""], [""HIRE""], [""HIRE""], [""HIRE""], [""HIRE""], [""BUY_ANIMAL"", ""COW"", 2], [""BUY_ANIMAL"", ""SHEEP"", 2]]"
"w1_v15stack_race44.py (W1, first upload)",56491123,112490257,2026-09-23 14:56:01.232000,COMPLETED,EPISODE_TYPE_PUBLIC,0,84967,🔥🦫📿🗽,16663759,56439879,1,82863,1,1843.6,1955,<2000,tape,"[[""BUY_PRODUCT"", ""WHEAT"", 5], [""BUY_SEED"", ""WHEAT"", 1]]","[[""HIRE""], [""HIRE""], [""HIRE""], [""HIRE""], [""HIRE""], [""BUY_ANIMAL"", ""COW"", 2], [""BUY_ANIMAL"", ""SHEEP"", 2]]"
"w1_v15stack_race44.py (W1, first upload)",56491123,112489090,2026-09-23 14:53:31.556000,COMPLETED,EPISODE_TYPE_PUBLIC,0,113482,救赎之道，就在其中,16790652,56375516,1,109358,1,1834.1,1975,<2000,tape,"[[""BUY_PRODUCT"", ""WHEAT"", 20], [""SELL"", ""WHEAT"", 15]]","[[""HIRE""], [""HIRE""], [""HIRE""], [""HIRE""], [""HIRE""], [""BUY_ANIMAL"", ""COW"", 2], [""BUY_ANIMAL"", ""SHEEP"", 2]]"
"w1_v15stack_race44.py (W1, first upload)",56491123,112487914,2026-09-23 14:48:27.130000,COMPLETED,EPISODE_TYPE_PUBLIC,1,67855,Ali Eren Konak,16851399,56366804,0,65015,1,1827.9,1982,<2000,tape,"[[""BUY_PRODUCT"", ""WHEAT"", 20], [""SELL"", ""WHEAT"", 15]]","[[""HIRE""], [""HIRE""], [""HIRE""], [""HIRE""], [""HIRE""], [""BUY_ANIMAL"", ""COW"", 2], [""BUY_ANIMAL"", ""SHEEP"", 2]]"
"w1_v15stack_race44.py (W1, first upload)",56491123,112487833,2026-09-23 14:47:24.604000,COMPLETED,EPISODE_TYPE_PUBLIC,0,116565,high frequency farming,16688294,56490193,1,112993,1,1784.6,2086,<2000,tape,"[[""BUY_PRODUCT"", ""WHEAT"", 20], [""SELL"", ""WHEAT"", 15]]","[[""HIRE""], [""HIRE""], [""HIRE""], [""HIRE""], [""HIRE""], [""BUY_ANIMAL"", ""COW"", 2], [""BUY_ANIMAL"", ""SHEEP"", 2]]"
"w1_v15stack_race44.py (W1, first upload)",56491123,112486754,2026-09-23 14:45:03.283000,COMPLETED,EPISODE_TYPE_PUBLIC,0,129241,Guilherme Volpe,16862461,56477768,1,126671,1,1801.9,2045,<2000,tape,"[[""BUY_PRODUCT"", ""WHEAT"", 20], [""SELL"", ""WHEAT"", 15], [""BUY_SEED"", ""WHEAT"", 1]]","[[""HIRE""], [""HIRE""], [""HIRE""], [""HIRE""], [""HIRE""], [""BUY_ANIMAL"", ""COW"", 2], [""BUY_ANIMAL"", ""SHEEP"", 2]]"
"w1_v15stack_race44.py (W1, first upload)",56491123,112485579,2026-09-23 14:38:40.208000,COMPLETED,EPISODE_TYPE_PUBLIC,0,82251,Meteor,16840857,56433303,1,78677,1,1782.9,2088,<2000,tape,"[[""BUY_PRODUCT"", ""WHEAT"", 7], [""SELL"", ""WHEAT"", 2]]","[[""BUY_PRODUCT"", ""WHEAT"", 30], [""HIRE""], [""HIRE""], [""HIRE""], [""HIRE""], [""HIRE""], [""BUY_ANIMAL"", ""COW"", 2], [""BUY_ANIMAL"", ""SHEEP"", 2]]"
"w1_v15stack_race44.py (W1, first upload)",56491123,112484419,2026-09-23 14:37:15.340000,COMPLETED,EPISODE_TYPE_PUBLIC,1,55969,Yangle Ma,16668260,56473996,0,52120,1,1896.2,1852,<2000,tape,"[[""BUY_PRODUCT"", ""WHEAT"", 20], [""SELL"", ""WHEAT"", 15]]","[[""HIRE""], [""HIRE""], [""HIRE""], [""HIRE""], [""HIRE""], [""BUY_ANIMAL"", ""COW"", 2], [""BUY_ANIMAL"", ""SHEEP"", 2]]"
"w1_v15stack_race44.py (W1, first upload)",56491123,112483255,2026-09-23 14:32:15.543000,COMPLETED,EPISODE_TYPE_PUBLIC,1,141542,benhur0905,16811685,56478702,0,141370,1,2351.3,842,2000-2500,tape,"[[""BUY_PRODUCT"", ""WHEAT"", 20], [""SELL"", ""WHEAT"", 15], [""BUY_SEED"", ""WHEAT"", 1]]","[[""HIRE""], [""HIRE""], [""HIRE""], [""HIRE""], [""HIRE""], [""BUY_ANIMAL"", ""COW"", 2], [""BUY_ANIMAL"", ""SHEEP"", 2]]"
"w1_v15stack_race44.py (W1, first upload)",56491123,112482003,2026-09-23 14:30:20.246000,COMPLETED,EPISODE_TYPE_PUBLIC,1,63843,물,16798694,56365448,0,61552,1,2126.3,1377,2000-2500,tape,"[[""BUY_PRODUCT"", ""WHEAT"", 20], [""SELL"", ""WHEAT"", 15]]","[[""HIRE""], [""HIRE""], [""HIRE""], [""HIRE""], [""HIRE""], [""BUY_ANIMAL"", ""COW"", 2], [""BUY_ANIMAL"", ""SHEEP"", 2]]"
"w1_v15stack_race44.py (W1, first upload)",56491123,112481508,2026-09-23 14:27:21.013000,COMPLETED,EPISODE_TYPE_PUBLIC,0,84942,coolin666,16696997,56494183,1,85206,0,2260.8,1068,2000-2500,tape,"[[""BUY_PRODUCT"", ""WHEAT"", 7], [""SELL"", ""WHEAT"", 2], [""BUY_SEED"", ""WHEAT"", 1]]","[[""HIRE""], [""HIRE""], [""HIRE""], [""HIRE""], [""HIRE""], [""BUY_ANIMAL"", ""COW"", 2], [""BUY_ANIMAL"", ""SHEEP"", 2]]"
"w1_v15stack_race44.py (W1, first upload)",56491123,112480899,2026-09-23 14:24:38.746000,COMPLETED,EPISODE_TYPE_PUBLIC,1,94803,DLTLM,16663513,56373220,0,92694,1,2430.5,630,2000-2500,tape,"[[""BUY_PRODUCT"", ""WHEAT"", 20], [""SELL"", ""WHEAT"", 15]]","[[""HIRE""], [""HIRE""], [""HIRE""], [""HIRE""], [""HIRE""], [""BUY_ANIMAL"", ""COW"", 2], [""BUY_ANIMAL"", ""SHEEP"", 2]]"
"w1_v15stack_race44.py (W1, first upload)",56491123,112479711,2026-09-23 14:21:30.282000,COMPLETED,EPISODE_TYPE_PUBLIC,1,112721,Daniel Guo,16811571,56407426,0,112070,1,2251.1,1081,2000-2500,tape,"[[""BUY_PRODUCT"", ""WHEAT"", 20], [""SELL"", ""WHEAT"", 15]]","[[""HIRE""], [""HIRE""], [""HIRE""], [""HIRE""], [""HIRE""], [""BUY_ANIMAL"", ""COW"", 2], [""BUY_ANIMAL"", ""SHEEP"", 2]]"
"w1_v15stack_race44.py (W1, first upload)",56491123,112478566,2026-09-23 14:18:27.927000,COMPLETED,EPISODE_TYPE_PUBLIC,1,101334,Timothy Adeyemi,16678080,56362052,0,100947,1,1816.6,2012,<2000,tape,"[[""BUY_PRODUCT"", ""WHEAT"", 7], [""SELL"", ""WHEAT"", 2]]","[[""BUY_PRODUCT"", ""WHEAT"", 30], [""HIRE""], [""HIRE""], [""HIRE""], [""HIRE""], [""HIRE""], [""BUY_ANIMAL"", ""COW"", 2], [""BUY_ANIMAL"", ""SHEEP"", 2]]"
"w1_v15stack_race44.py (W1, first upload)",56491123,112477363,2026-09-23 14:11:43.876000,COMPLETED,EPISODE_TYPE_PUBLIC,1,70185,songling,16677423,56349838,0,68951,1,2430.3,634,2000-2500,tape,"[[""BUY_PRODUCT"", ""WHEAT"", 20], [""SELL"", ""WHEAT"", 15]]","[[""HIRE""], [""HIRE""], [""HIRE""], [""HIRE""], [""HIRE""], [""BUY_ANIMAL"", ""COW"", 2], [""BUY_ANIMAL"", ""SHEEP"", 2]]"
"w1_v15stack_race44.py (W1, first upload)",56491123,112476212,2026-09-23 14:10:35.650000,COMPLETED,EPISODE_TYPE_PUBLIC,1,94158,suteno,16863974,56390399,0,92411,1,1864.9,1915,<2000,tape,"[[""BUY_PRODUCT"", ""WHEAT"", 15], [""SELL"", ""WHEAT"", 10]]","[[""SELL"", ""WHEAT"", 5], [""BUY_PRODUCT"", ""WHEAT"", 5], [""HIRE""], [""HIRE""], [""HIRE""], [""HIRE""], [""HIRE""], [""BUY_ANIMAL"", ""COW"", 2], [""BUY_ANIMAL"", ""SHEEP"", 2]]"
"w1_v15stack_race44.py (W1, first upload)",56491123,112475042,2026-09-23 14:05:13.135000,COMPLETED,EPISODE_TYPE_PUBLIC,0,90779,Omar Althobaiti,16892288,56488396,1,92488,0,2699.4,94,2500-2800,tape,"[[""BUY_PRODUCT"", ""WHEAT"", 10], [""SELL"", ""WHEAT"", 5], [""BUY_SEED"", ""WHEAT"", 1]]","[[""HIRE""], [""HIRE""], [""HIRE""], [""HIRE""], [""HIRE""], [""BUY_ANIMAL"", ""COW"", 2], [""BUY_ANIMAL"", ""SHEEP"", 2]]"
"w1_v15stack_race44.py (W1, first upload)",56491123,112473680,2026-09-23 14:00:56.805000,COMPLETED,EPISODE_TYPE_PUBLIC,1,102354,HojunLee,16884858,56384879,0,98709,1,1785.0,2085,<2000,tape,"[[""BUY_PRODUCT"", ""WHEAT"", 7], [""SELL"", ""WHEAT"", 2]]","[[""BUY_PRODUCT"", ""WHEAT"", 22], [""HIRE""], [""HIRE""], [""HIRE""], [""HIRE""], [""BUY_ANIMAL"", ""COW"", 2], [""BUY_ANIMAL"", ""SHEEP"", 2]]"
"w1_v15stack_race44.py (W1, first upload)",56491123,112472477,2026-09-23 13:55:08.720000,COMPLETED,EPISODE_TYPE_PUBLIC,0,95865,takumina,16847706,56482500,1,95361,1,2008.4,1637,2000-2500,tape,"[[""BUY_PRODUCT"", ""WHEAT"", 20], [""SELL"", ""WHEAT"", 15], [""BUY_SEED"", ""WHEAT"", 1]]","[[""HIRE""], [""HIRE""], [""HIRE""], [""HIRE""], [""HIRE""], [""BUY_ANIMAL"", ""COW"", 2], [""BUY_ANIMAL"", ""SHEEP"", 2]]"
"w1_v15stack_race44.py (W1, first upload)",56491123,112471301,2026-09-23 13:54:26.158000,COMPLETED,EPISODE_TYPE_PUBLIC,1,115292,Ansh Agarwal,16750448,56358576,0,113440,1,2160.2,1296,2000-2500,tape,"[[""BUY_PRODUCT"", ""WHEAT"", 7], [""SELL"", ""WHEAT"", 2]]","[[""BUY_PRODUCT"", ""WHEAT"", 30], [""HIRE""], [""HIRE""], [""HIRE""], [""HIRE""], [""HIRE""], [""BUY_ANIMAL"", ""COW"", 2], [""BUY_ANIMAL"", ""SHEEP"", 2]]"
"w1_v15stack_race44.py (W1, first upload)",56491123,112470154,2026-09-23 13:49:37.721000,COMPLETED,EPISODE_TYPE_PUBLIC,1,121160,儿子会种地,16942240,56488558,0,117581,1,2334.7,883,2000-2500,tape,"[[""BUY_PRODUCT"", ""WHEAT"", 10], [""SELL"", ""WHEAT"", 5], [""BUY_SEED"", ""WHEAT"", 1]]","[[""HIRE""], [""HIRE""], [""HIRE""], [""HIRE""], [""HIRE""], [""BUY_ANIMAL"", ""COW"", 2], [""BUY_ANIMAL"", ""SHEEP"", 2]]"
"w1_v15stack_race44.py (W1, first upload)",56491123,112469002,2026-09-23 13:46:27.959000,COMPLETED,EPISODE_TYPE_PUBLIC,1,120344,Loren-wen,16672371,56345682,0,119134,1,1736.9,2163,<2000,tape,"[[""BUY_PRODUCT"", ""WHEAT"", 7], [""SELL"", ""WHEAT"", 2]]","[[""BUY_PRODUCT"", ""WHEAT"", 30], [""HIRE""], [""HIRE""], [""HIRE""], [""HIRE""], [""HIRE""], [""BUY_ANIMAL"", ""COW"", 2], [""BUY_ANIMAL"", ""SHEEP"", 2]]"
"w1_v15stack_race44.py (W1, first upload)",56491123,112467829,2026-09-23 13:41:04.452000,COMPLETED,EPISODE_TYPE_PUBLIC,1,77473,lime0001,16699165,56492597,0,77593,0,2376.7,777,2000-2500,tape,"[[""BUY_PRODUCT"", ""WHEAT"", 20], [""SELL"", ""WHEAT"", 15], [""BUY_SEED"", ""WHEAT"", 1]]","[[""HIRE""], [""HIRE""], [""HIRE""], [""HIRE""], [""HIRE""], [""BUY_ANIMAL"", ""COW"", 2], [""BUY_ANIMAL"", ""SHEEP"", 2]]"
"w1_v15stack_race44.py (W1, first upload)",56491123,112467805,2026-09-23 13:38:57.260000,COMPLETED,EPISODE_TYPE_PUBLIC,0,60810,NineThree,16762289,56490119,1,59411,1,2148.1,1334,2000-2500,tape,"[[""BUY_PRODUCT"", ""WHEAT"", 20], [""SELL"", ""WHEAT"", 15]]","[[""HIRE""], [""HIRE""], [""HIRE""], [""HIRE""], [""HIRE""], [""BUY_ANIMAL"", ""COW"", 2], [""BUY_ANIMAL"", ""SHEEP"", 2]]"
"w1_v15stack_race44.py (W1, first upload)",56491123,112466665,2026-09-23 13:36:59.756000,COMPLETED,EPISODE_TYPE_PUBLIC,1,129049,Eesh saxena,16806023,56490022,0,125761,1,2609.0,221,2500-2800,tape,"[[""BUY_PRODUCT"", ""WHEAT"", 5], [""SELL"", ""WHEAT"", 5]]","[[""BUY_PRODUCT"", ""WHEAT"", 20], [""SELL"", ""WHEAT"", 20], [""BUY_PRODUCT"", ""WHEAT"", 5], [""HIRE""], [""HIRE""], [""HIRE""], [""HIRE""], [""HIRE""], [""BUY_ANIMAL"", ""COW"", 2], [""BUY_ANIMAL"", ""SHEEP"", 2]]"
"w1_v15stack_race44.py (W1, first upload)",56491123,112465485,2026-09-23 13:31:44.302000,COMPLETED,EPISODE_TYPE_PUBLIC,0,100147,Jamie Nojek,16709126,56486122,1,100308,0,2212.5,1164,2000-2500,tape,"[[""BUY_PRODUCT"", ""WHEAT"", 20], [""SELL"", ""WHEAT"", 15], [""BUY_SEED"", ""WHEAT"", 1]]","[[""HIRE""], [""HIRE""], [""HIRE""], [""HIRE""], [""HIRE""], [""BUY_ANIMAL"", ""COW"", 2], [""BUY_ANIMAL"", ""SHEEP"", 2]]"
"w1_v15stack_race44.py (W1, first upload)",56491123,112464328,2026-09-23 13:29:59.725000,COMPLETED,EPISODE_TYPE_PUBLIC,0,105491,Narendra Sirvi,16635280,56348561,1,97065,1,1745.1,2150,<2000,tape,"[[""BUY_PRODUCT"", ""WHEAT"", 7], [""SELL"", ""WHEAT"", 2]]","[[""BUY_PRODUCT"", ""WHEAT"", 30], [""HIRE""], [""HIRE""], [""HIRE""], [""HIRE""], [""HIRE""], [""BUY_ANIMAL"", ""COW"", 2], [""BUY_ANIMAL"", ""SHEEP"", 2]]"
"w1_v15stack_race44.py (W1, first upload)",56491123,112463118,2026-09-23 13:26:47.355000,COMPLETED,EPISODE_TYPE_PUBLIC,0,120826,Arthurs Torres24,16731270,56468815,1,118735,1,1820.8,2001,<2000,tape,"[[""BUY_PRODUCT"", ""WHEAT"", 20], [""SELL"", ""WHEAT"", 15]]","[[""HIRE""], [""HIRE""], [""HIRE""], [""HIRE""], [""HIRE""], [""BUY_ANIMAL"", ""COW"", 2], [""BUY_ANIMAL"", ""SHEEP"", 2]]"
"w1_v15stack_race44.py (W1, first upload)",56491123,112461951,2026-09-23 13:21:19.327000,COMPLETED,EPISODE_TYPE_PUBLIC,1,79321,pk210495,16653078,56428256,0,78327,1,1714.7,2217,<2000,tape,"[[""BUY_PRODUCT"", ""WHEAT"", 7], [""SELL"", ""WHEAT"", 2]]","[[""BUY_PRODUCT"", ""WHEAT"", 30], [""HIRE""], [""HIRE""], [""HIRE""], [""HIRE""], [""HIRE""], [""BUY_ANIMAL"", ""COW"", 2], [""BUY_ANIMAL"", ""SHEEP"", 2]]"
"w1_v15stack_race44.py (W1, first upload)",56491123,112460759,2026-09-23 13:14:58.534000,COMPLETED,EPISODE_TYPE_PUBLIC,0,120918,Zhenrui.Weng,16652214,56326796,1,117948,1,1849.7,1944,<2000,tape,"[[""BUY_PRODUCT"", ""WHEAT"", 7], [""SELL"", ""WHEAT"", 2]]","[[""BUY_PRODUCT"", ""WHEAT"", 30], [""HIRE""], [""HIRE""], [""HIRE""], [""HIRE""], [""HIRE""], [""BUY_ANIMAL"", ""COW"", 2], [""BUY_ANIMAL"", ""SHEEP"", 2]]"
"w1_v15stack_race44.py (W1, first upload)",56491123,112459559,2026-09-23 13:10:55.039000,COMPLETED,EPISODE_TYPE_PUBLIC,0,91488,barbosi,16938111,56487000,1,91173,1,2606.2,229,2500-2800,tape,"[[""BUY_PRODUCT"", ""WHEAT"", 20], [""SELL"", ""WHEAT"", 15], [""BUY_SEED"", ""WHEAT"", 1]]","[[""HIRE""], [""HIRE""], [""HIRE""], [""HIRE""], [""HIRE""], [""BUY_ANIMAL"", ""COW"", 2], [""BUY_ANIMAL"", ""SHEEP"", 2]]"
"w1_v15stack_race44.py (W1, first upload)",56491123,112458373,2026-09-23 13:10:33.580000,COMPLETED,EPISODE_TYPE_PUBLIC,1,135510,Zhenghongshuang,16725899,56464968,0,133402,1,1812.5,2019,<2000,other,"[[""BUY_PRODUCT"", ""WHEAT"", 5]]","[[""SELL"", ""WHEAT"", 0], [""HIRE""], [""HIRE""], [""HIRE""], [""HIRE""], [""HIRE""], [""BUY_ANIMAL"", ""COW"", 2]]"
"w1_v15stack_race44.py (W1, first upload)",56491123,112457207,2026-09-23 13:05:54.969000,COMPLETED,EPISODE_TYPE_PUBLIC,0,134656,zoujustkidding,16885430,56325692,1,132759,1,1747.4,2147,<2000,tape,"[[""BUY_PRODUCT"", ""WHEAT"", 5], [""BUY_PRODUCT"", ""WHEAT"", 10], [""SELL"", ""WHEAT"", 15]]","[[""SELL"", ""WHEAT"", 0], [""BUY_PRODUCT"", ""WHEAT"", 5], [""HIRE""], [""HIRE""], [""HIRE""], [""HIRE""], [""HIRE""], [""BUY_ANIMAL"", ""COW"", 2], [""BUY_ANIMAL"", ""SHEEP"", 2]]"
"w1_v15stack_race44.py (W1, first upload)",56491123,112456041,2026-09-23 13:01:23.814000,COMPLETED,EPISODE_TYPE_PUBLIC,1,106079,Cristiano,16751358,56319488,0,97869,1,1912.8,1817,<2000,tape,"[[""BUY_PRODUCT"", ""WHEAT"", 7], [""SELL"", ""WHEAT"", 2]]","[[""BUY_PRODUCT"", ""WHEAT"", 30], [""HIRE""], [""HIRE""], [""HIRE""], [""HIRE""], [""HIRE""], [""BUY_ANIMAL"", ""COW"", 2], [""BUY_ANIMAL"", ""SHEEP"", 2]]"
"w1_v15stack_race44.py (W1, first upload)",56491123,112454809,2026-09-23 12:58:59.786000,COMPLETED,EPISODE_TYPE_PUBLIC,0,135776,Les 2 oies,16692432,56453132,1,131751,1,1730.4,2176,<2000,tape,"[[""BUY_PRODUCT"", ""WHEAT"", 80]]","[[""SELL"", ""WHEAT"", 75], [""HIRE""], [""HIRE""], [""HIRE""], [""HIRE""], [""HIRE""], [""BUY_ANIMAL"", ""COW"", 2], [""BUY_ANIMAL"", ""SHEEP"", 2]]"
"w1_v15stack_race44.py (W1, first upload)",56491123,112453635,2026-09-23 12:52:23.377000,COMPLETED,EPISODE_TYPE_PUBLIC,1,79559,Under遊具,16743427,56303800,0,68002,1,1716.8,2214,<2000,tape,"[[""BUY_PRODUCT"", ""WHEAT"", 7], [""SELL"", ""WHEAT"", 2]]","[[""BUY_PRODUCT"", ""WHEAT"", 30], [""HIRE""], [""HIRE""], [""HIRE""], [""HIRE""], [""HIRE""], [""BUY_ANIMAL"", ""COW"", 2], [""BUY_ANIMAL"", ""SHEEP"", 2]]"
"w1_v15stack_race44.py (W1, first upload)",56491123,112452476,2026-09-23 12:47:02.044000,COMPLETED,EPISODE_TYPE_PUBLIC,0,74772,Dorararra,16912371,56417420,1,71816,1,1681.7,2274,<2000,tape,"[[""BUY_PRODUCT"", ""WHEAT"", 7], [""SELL"", ""WHEAT"", 2]]","[[""BUY_PRODUCT"", ""WHEAT"", 30], [""HIRE""], [""HIRE""], [""HIRE""], [""HIRE""], [""HIRE""], [""BUY_ANIMAL"", ""COW"", 2], [""BUY_ANIMAL"", ""SHEEP"", 2]]"
"w1_v15stack_race44.py (W1, first upload)",56491123,112451315,2026-09-23 12:45:41.396000,COMPLETED,EPISODE_TYPE_PUBLIC,0,127311,zeel vavliya,16682667,56431460,1,126086,1,1613.8,2403,<2000,tape,"[[""BUY_PRODUCT"", ""WHEAT"", 3], [""SELL"", ""WHEAT"", 3]]","[[""SELL"", ""WHEAT"", 13], [""BUY_PRODUCT"", ""WHEAT"", 5], [""HIRE""], [""HIRE""], [""HIRE""], [""HIRE""], [""HIRE""], [""BUY_ANIMAL"", ""COW"", 2], [""BUY_ANIMAL"", ""SHEEP"", 2]]"
"w1_v15stack_race44.py (W1, first upload)",56491123,112450003,2026-09-23 12:40:58.534000,COMPLETED,EPISODE_TYPE_PUBLIC,1,97576,tkm7510,16891115,56491835,0,96629,1,1937.1,1772,<2000,tape,"[[""BUY_PRODUCT"", ""WHEAT"", 20], [""SELL"", ""WHEAT"", 15]]","[[""HIRE""], [""HIRE""], [""HIRE""], [""HIRE""], [""HIRE""], [""BUY_ANIMAL"", ""COW"", 2], [""BUY_ANIMAL"", ""SHEEP"", 2]]"
"w1_v15stack_race44.py (W1, first upload)",56491123,112450138,2026-09-23 12:40:33.517000,COMPLETED,EPISODE_TYPE_PUBLIC,0,68438,Claude Fable 5.1,16711398,56348961,1,65951,1,1597.0,2446,<2000,tape,"[[""BUY_PRODUCT"", ""WHEAT"", 5], [""BUY_PRODUCT"", ""WHEAT"", 10], [""SELL"", ""WHEAT"", 60]]","[[""SELL"", ""WHEAT"", 13], [""BUY_PRODUCT"", ""WHEAT"", 5], [""HIRE""], [""HIRE""], [""HIRE""], [""HIRE""], [""HIRE""], [""BUY_ANIMAL"", ""COW"", 2], [""BUY_ANIMAL"", ""SHEEP"", 2]]"
"w1_v15stack_race44.py (W1, first upload)",56491123,112448968,2026-09-23 12:38:37.640000,COMPLETED,EPISODE_TYPE_PUBLIC,0,102642,물,16798694,56290382,1,98564,1,2126.3,1377,2000-2500,tape,"[[""BUY_PRODUCT"", ""WHEAT"", 70], [""SELL"", ""WHEAT"", 70]]","[[""SELL"", ""WHEAT"", 13], [""BUY_PRODUCT"", ""WHEAT"", 5], [""HIRE""], [""HIRE""], [""HIRE""], [""HIRE""], [""HIRE""], [""BUY_ANIMAL"", ""COW"", 2], [""BUY_ANIMAL"", ""SHEEP"", 2]]"
"w1_v15stack_race44.py (W1, first upload)",56491123,112448530,2026-09-23 12:34:10.699000,COMPLETED,EPISODE_TYPE_PUBLIC,1,68878,MOHAMMADJAFAR ZAMANI,16640394,56486608,0,63590,1,2062.6,1535,2000-2500,tape,"[[""BUY_PRODUCT"", ""WHEAT"", 50], [""SELL"", ""WHEAT"", 50]]","[[""SELL"", ""WHEAT"", 13], [""BUY_PRODUCT"", ""WHEAT"", 5], [""HIRE""], [""HIRE""], [""HIRE""], [""HIRE""], [""HIRE""], [""BUY_ANIMAL"", ""COW"", 2], [""BUY_ANIMAL"", ""SHEEP"", 2]]"
"w1_v15stack_race44.py (W1, first upload)",56491123,112447787,2026-09-23 12:33:16.875000,COMPLETED,EPISODE_TYPE_PUBLIC,0,83996,morality0707,16681893,56430458,1,79109,1,1648.4,2327,<2000,tape,"[[""BUY_PRODUCT"", ""WHEAT"", 5], [""BUY_PRODUCT"", ""WHEAT"", 10], [""SELL"", ""WHEAT"", 20], [""SELL"", ""WHEAT"", 30]]","[[""SELL"", ""WHEAT"", 13], [""BUY_PRODUCT"", ""WHEAT"", 5], [""HIRE""], [""HIRE""], [""HIRE""], [""HIRE""], [""HIRE""], [""BUY_ANIMAL"", ""COW"", 2], [""BUY_ANIMAL"", ""SHEEP"", 2]]"
"w1_v15stack_race44.py (W1, first upload)",56491123,112446601,2026-09-23 12:28:04.509000,COMPLETED,EPISODE_TYPE_PUBLIC,1,88044,wanghaozhi,16903902,56324377,0,81018,1,1532.2,2580,<2000,tape,"[[""BUY_PRODUCT"", ""WHEAT"", 5], [""BUY_PRODUCT"", ""WHEAT"", 10], [""SELL"", ""WHEAT"", 60]]","[[""SELL"", ""WHEAT"", 13], [""BUY_PRODUCT"", ""WHEAT"", 5], [""HIRE""], [""HIRE""], [""HIRE""], [""HIRE""], [""HIRE""], [""BUY_ANIMAL"", ""COW"", 2], [""BUY_ANIMAL"", ""SHEEP"", 2]]"
"w1_v15stack_race44.py (W1, first upload)",56491123,112445432,2026-09-23 12:26:12.839000,COMPLETED,EPISODE_TYPE_PUBLIC,0,127144,gachichan,16857404,56289088,1,126559,1,1628.9,2365,<2000,tape,"[[""BUY_PRODUCT"", ""WHEAT"", 5], [""BUY_PRODUCT"", ""WHEAT"", 10], [""SELL"", ""WHEAT"", 60]]","[[""SELL"", ""WHEAT"", 13], [""BUY_PRODUCT"", ""WHEAT"", 5], [""HIRE""], [""HIRE""], [""HIRE""], [""HIRE""], [""HIRE""], [""BUY_ANIMAL"", ""COW"", 2], [""BUY_ANIMAL"", ""SHEEP"", 2]]"
"w1_v15stack_race44.py (W1, first upload)",56491123,112444288,2026-09-23 12:21:37.618000,COMPLETED,EPISODE_TYPE_PUBLIC,0,109633,Yi Lu,16630129,56266673,1,105847,1,1531.0,2584,<2000,tape,"[[""BUY_PRODUCT"", ""WHEAT"", 13], [""BUY_PRODUCT"", ""WHEAT"", 30], [""SELL"", ""WHEAT"", 30]]","[[""SELL"", ""WHEAT"", 13], [""BUY_PRODUCT"", ""WHEAT"", 5], [""HIRE""], [""HIRE""], [""HIRE""], [""HIRE""], [""HIRE""], [""BUY_ANIMAL"", ""COW"", 2], [""BUY_ANIMAL"", ""SHEEP"", 2]]"
"w1_v15stack_race44.py (W1, first upload)",56491123,112443159,2026-09-23 12:16:47.742000,COMPLETED,EPISODE_TYPE_PUBLIC,0,64039,Raggriculture,16624056,56274944,1,60217,1,2370.7,791,2000-2500,tape,"[[""BUY_PRODUCT"", ""WHEAT"", 70], [""SELL"", ""WHEAT"", 70]]","[[""SELL"", ""WHEAT"", 13], [""BUY_PRODUCT"", ""WHEAT"", 5], [""HIRE""], [""HIRE""], [""HIRE""], [""HIRE""], [""HIRE""], [""BUY_ANIMAL"", ""COW"", 2], [""BUY_ANIMAL"", ""SHEEP"", 2]]"
"w1_v15stack_race44.py (W1, first upload)",56491123,112441883,2026-09-23 12:12:56.206000,COMPLETED,EPISODE_TYPE_PUBLIC,1,88015,mkai1981,16763761,56454577,0,84891,1,1896.2,1851,<2000,tape,"[[""BUY_PRODUCT"", ""WHEAT"", 5], [""BUY_PRODUCT"", ""WHEAT"", 10], [""SELL"", ""WHEAT"", 60]]","[[""SELL"", ""WHEAT"", 13], [""BUY_PRODUCT"", ""WHEAT"", 5], [""HIRE""], [""HIRE""], [""HIRE""], [""HIRE""], [""HIRE""], [""BUY_ANIMAL"", ""COW"", 2], [""BUY_ANIMAL"", ""SHEEP"", 2]]"
"w1_v15stack_race44.py (W1, first upload)",56491123,112440651,2026-09-23 12:09:04.337000,COMPLETED,EPISODE_TYPE_PUBLIC,1,75634,Ian Virchenko,16749352,56228582,0,64521,1,1453.7,2800,<2000,tape,"[[""BUY_PRODUCT"", ""WHEAT"", 13], [""BUY_PRODUCT"", ""WHEAT"", 30], [""SELL"", ""WHEAT"", 30]]","[[""SELL"", ""WHEAT"", 13], [""BUY_PRODUCT"", ""WHEAT"", 5], [""HIRE""], [""HIRE""], [""HIRE""], [""HIRE""], [""HIRE""], [""BUY_ANIMAL"", ""COW"", 2], [""BUY_ANIMAL"", ""SHEEP"", 2]]"
"w1_v15stack_race44.py (W1, first upload)",56491123,112439486,2026-09-23 12:03:47.905000,COMPLETED,EPISODE_TYPE_PUBLIC,0,124087,kobayasi,16684620,56466787,1,122833,1,2271.9,1038,2000-2500,tape,"[[""BUY_PRODUCT"", ""WHEAT"", 20], [""SELL"", ""WHEAT"", 15], [""BUY_SEED"", ""WHEAT"", 1]]","[[""HIRE""], [""HIRE""], [""HIRE""], [""HIRE""], [""HIRE""], [""BUY_ANIMAL"", ""COW"", 2], [""BUY_ANIMAL"", ""SHEEP"", 2]]"
"w1_v15stack_race44.py (W1, first upload)",56491123,112438210,2026-09-23 12:00:28.957000,COMPLETED,EPISODE_TYPE_PUBLIC,1,136906,shane18,16659286,56468080,0,117772,1,1500.7,2684,<2000,other,"[[""BUY_PRODUCT"", ""WHEAT"", 2], [""BUY_ANIMAL"", ""SHEEP"", 2], [""BUY_ANIMAL"", ""COW"", 3], [""HIRE""], [""HIRE""], [""BUY_SEED"", ""WHEAT"", 2], [""BUY_SEED"", ""MELON"", 9]]",[]
"w1_v15stack_race44.py (W1, first upload)",56491123,112437006,2026-09-23 11:54:50.243000,COMPLETED,EPISODE_TYPE_PUBLIC,0,109413,SatoshiN04,16731630,56423044,1,96403,1,1483.5,2731,<2000,other,"[[""HIRE""], [""HIRE""], [""HIRE""], [""HIRE""], [""HIRE""], [""BUY_ANIMAL"", ""SHEEP"", 3], [""BUY_ANIMAL"", ""COW"", 2], [""BUY_SEED"", ""MELON"", 3], [""BUY_SEED"", ""WHEAT"", 4]]","[[""BUY_PRODUCT"", ""WHEAT"", 5]]"
"w1_v15stack_race44.py (W1, first upload)",56491123,112435639,2026-09-23 11:53:50.649000,COMPLETED,EPISODE_TYPE_PUBLIC,1,87232,Egor Trushin,16670276,56133807,0,81987,1,1345.7,3035,<2000,tape,"[[""BUY_PRODUCT"", ""WHEAT"", 13], [""SELL"", ""WHEAT"", 13], [""BUY_PRODUCT"", ""WHEAT"", 13]]","[[""SELL"", ""WHEAT"", 13], [""BUY_PRODUCT"", ""WHEAT"", 5], [""HIRE""], [""HIRE""], [""HIRE""], [""HIRE""], [""HIRE""], [""BUY_ANIMAL"", ""COW"", 2], [""BUY_ANIMAL"", ""SHEEP"", 2]]"
"w1_v15stack_race44.py (W1, first upload)",56491123,112434573,2026-09-23 11:49:10.570000,COMPLETED,EPISODE_TYPE_PUBLIC,0,91391,cmasch,16632715,56487011,1,89458,1,2497.2,452,2000-2500,tape,"[[""BUY_PRODUCT"", ""WHEAT"", 13], [""BUY_PRODUCT"", ""WHEAT"", 30], [""SELL"", ""WHEAT"", 30]]","[[""SELL"", ""WHEAT"", 13], [""BUY_PRODUCT"", ""WHEAT"", 5], [""HIRE""], [""HIRE""], [""HIRE""], [""HIRE""], [""HIRE""], [""BUY_ANIMAL"", ""COW"", 2], [""BUY_ANIMAL"", ""SHEEP"", 2]]"
"w1_v15stack_race44.py (W1, first upload)",56491123,112433461,2026-09-23 11:44:18.935000,COMPLETED,EPISODE_TYPE_PUBLIC,0,95209,Risha Apps,16848095,56098881,1,58949,1,1295.4,3165,<2000,tape,"[[""BUY_PRODUCT"", ""WHEAT"", 13]]","[[""SELL"", ""WHEAT"", 8], [""BUY_SEED"", ""WHEAT"", 7], [""HIRE""], [""HIRE""], [""HIRE""], [""HIRE""], [""HIRE""], [""BUY_ANIMAL"", ""COW"", 2], [""BUY_ANIMAL"", ""SHEEP"", 2]]"
"w1_v15stack_race44.py (W1, first upload)",56491123,112432205,2026-09-23 11:38:59.400000,COMPLETED,EPISODE_TYPE_PUBLIC,1,91995,faahh,16659961,56337254,0,77322,1,1723.9,2198,<2000,tape,[],"[[""BUY_PRODUCT"", ""WHEAT"", 5], [""BUY_SEED"", ""WHEAT"", 7], [""BUY_SEED"", ""MELON"", 12], [""HIRE""], [""HIRE""], [""HIRE""], [""HIRE""], [""HIRE""], [""BUY_ANIMAL"", ""COW"", 2], [""BUY_ANIMAL"", ""SHEEP"", 2]]"
"w1_v15stack_race44.py (W1, first upload)",56491123,112431026,2026-09-23 11:37:38.960000,COMPLETED,EPISODE_TYPE_PUBLIC,1,97852,housssaamos,16669715,56062228,0,51511,1,1206.2,3413,<2000,tape,"[[""BUY_PRODUCT"", ""WHEAT"", 13]]","[[""SELL"", ""WHEAT"", 8], [""BUY_SEED"", ""WHEAT"", 7], [""BUY_SEED"", ""MELON"", 12], [""HIRE""], [""HIRE""], [""HIRE""], [""HIRE""], [""HIRE""], [""BUY_ANIMAL"", ""COW"", 2], [""BUY_ANIMAL"", ""SHEEP"", 2]]"
"w1_v15stack_race44.py (W1, first upload)",56491123,112429817,2026-09-23 11:31:10.222000,COMPLETED,EPISODE_TYPE_PUBLIC,1,131993,William Diment,16764431,56225553,0,92111,1,1073.5,3759,<2000,tape,[],"[[""BUY_PRODUCT"", ""WHEAT"", 5], [""BUY_SEED"", ""WHEAT"", 7], [""BUY_SEED"", ""MELON"", 12], [""HIRE""], [""HIRE""], [""HIRE""], [""HIRE""], [""HIRE""], [""BUY_ANIMAL"", ""COW"", 2], [""BUY_ANIMAL"", ""SHEEP"", 2]]"
"w1_v15stack_race44.py (W1, first upload)",56491123,112428643,2026-09-23 11:27:49.087000,COMPLETED,EPISODE_TYPE_PUBLIC,1,112022,Cary Jin,16639520,56041412,0,77854,1,1135.9,3611,<2000,tape,"[[""BUY_PRODUCT"", ""WHEAT"", 22]]","[[""SELL"", ""WHEAT"", 12], [""BUY_ANIMAL"", ""COW"", 2], [""BUY_ANIMAL"", ""SHEEP"", 2], [""HIRE""], [""HIRE""], [""HIRE""], [""HIRE""], [""HIRE""], [""BUY_SEED"", ""WHEAT"", 7], [""BUY_SEED"", ""MELON"", 11]]"
"w1_v15stack_race44.py (W1, first upload)",56491123,112427441,2026-09-23 11:24:52.365000,COMPLETED,EPISODE_TYPE_PUBLIC,0,61892,Aura Farming,16639871,56491087,1,75913,0,2600.7,240,2500-2800,tape,"[[""BUY_PRODUCT"", ""WHEAT"", 10], [""SELL"", ""WHEAT"", 10]]","[[""BUY_PRODUCT"", ""WHEAT"", 90], [""SELL"", ""WHEAT"", 90], [""BUY_PRODUCT"", ""WHEAT"", 5], [""HIRE""], [""HIRE""], [""HIRE""], [""HIRE""], [""HIRE""], [""BUY_ANIMAL"", ""COW"", 2], [""BUY_ANIMAL"", ""SHEEP"", 2]]"
"w1_v15stack_race44.py (W1, first upload)",56491123,112426291,2026-09-23 11:19:40.290000,COMPLETED,EPISODE_TYPE_PUBLIC,0,142877,Ali Esam,16674683,55511385,1,107556,1,920.5,4391,<2000,other,"[[""HIRE""], [""HIRE""], [""HIRE""], [""HIRE""], [""HIRE""], [""BUY_ANIMAL"", ""COW"", 2], [""BUY_ANIMAL"", ""SHEEP"", 2], [""BUY_SEED"", ""WHEAT"", 7], [""BUY_SEED"", ""MELON"", 12], [""BUY_PRODUCT"", ""WHEAT"", 6]]","[[""SELL"", ""WHEAT"", 3]]"
"w1_v15stack_race44.py (W1, first upload)",56491123,112425137,2026-09-23 11:15:53.490000,COMPLETED,EPISODE_TYPE_PUBLIC,1,122886,rakumo,16623791,55565390,0,96918,1,938.2,4317,<2000,other,"[[""BUY_PRODUCT"", ""WHEAT"", 14], [""HIRE""], [""HIRE""], [""HIRE""], [""HIRE""], [""BUY_ANIMAL"", ""COW"", 1], [""BUY_ANIMAL"", ""SHEEP"", 4], [""BUY_SEED"", ""MELON"", 5], [""BUY_SEED"", ""WHEAT"", 5], [""HIRE""]]","[[""SELL"", ""WHEAT"", 9], [""BUY_SEED"", ""MELON"", 3], [""BUY_SEED"", ""WHEAT"", 2]]"
"w1_v15stack_race44.py (W1, first upload)",56491123,112424003,2026-09-23 11:12:36.649000,COMPLETED,EPISODE_TYPE_PUBLIC,0,104354,Jiajun HAN,16649313,55483062,1,59379,1,937.8,4322,<2000,other,"[[""BUY_PRODUCT"", ""WHEAT"", 14], [""HIRE""], [""HIRE""], [""HIRE""], [""HIRE""], [""BUY_ANIMAL"", ""COW"", 1], [""BUY_ANIMAL"", ""SHEEP"", 4], [""BUY_SEED"", ""MELON"", 5], [""BUY_SEED"", ""WHEAT"", 5], [""HIRE""]]","[[""SELL"", ""WHEAT"", 9], [""BUY_SEED"", ""MELON"", 3], [""BUY_SEED"", ""WHEAT"", 2]]"
"w1_v15stack_race44.py (W1, first upload)",56491123,112422899,2026-09-23 11:08:43.344000,COMPLETED,EPISODE_TYPE_PUBLIC,1,119833,Dynamic_fire07,16659217,55266412,0,82193,1,713.5,5293,<2000,other,"[[""HIRE""], [""HIRE""], [""BUY_ANIMAL"", ""COW"", 1], [""BUY_SEED"", ""MELON"", 6], [""BUY_SEED"", ""WHEAT"", 6], [""SELL"", ""WHEAT"", 1], [""SELL"", ""WHEAT"", 3], [""SELL"", ""WHEAT"", 1]]","[[""BUY_PRODUCT"", ""WHEAT"", 6], [""HIRE""], [""BUY_ANIMAL"", ""COW"", 1], [""BUY_SEED"", ""WHEAT"", 5]]"
"w1_v15stack_race44.py (W1, first upload)",56491123,112421724,2026-09-23 11:06:22.219000,COMPLETED,EPISODE_TYPE_PUBLIC,1,95040,Allen Chun,16705149,55497320,0,20871,1,492.4,7185,<2000,other,"[[""HIRE""], [""HIRE""], [""HIRE""], [""HIRE""], [""HIRE""], [""BUY_ANIMAL"", ""SHEEP"", 1], [""BUY_ANIMAL"", ""COW"", 4], [""BUY_SEED"", ""MELON"", 2], [""BUY_SEED"", ""STRAWBERRY"", 5]]","[[""BUY_PRODUCT"", ""WHEAT"", 1]]"
