team_rank,team_name,team_id,player_submission,episode_id,end_time,state,type,player_seat,player_bank,opponent_name,opponent_team,opponent_submission,opponent_seat,opponent_bank,won,opponent_rating_snapshot,opponent_band,team_family,team_row1,team_row2,opp_family
7,Kaggledew Valley,16633132,56478393,112931241,2026-09-24 16:19:34.802000,COMPLETED,EPISODE_TYPE_PUBLIC,1,126551,Artem The Farmer 🍅,16621799,56521198,0,131273,0,2902.8,>2800,other,[],[],other
7,Kaggledew Valley,16633132,56478393,112920809,2026-09-24 15:43:35.898000,COMPLETED,EPISODE_TYPE_PUBLIC,0,93244,DSM,16732748,56518845,1,108116,0,3139.4,>2800,other,[],[],DSM
7,Kaggledew Valley,16633132,56478393,112911205,2026-09-24 15:12:51.785000,COMPLETED,EPISODE_TYPE_PUBLIC,1,96487,DSM,16732748,56518845,0,117898,0,3139.4,>2800,other,[],[],DSM
7,Kaggledew Valley,16633132,56478393,112909153,2026-09-24 15:03:04.898000,COMPLETED,EPISODE_TYPE_PUBLIC,1,104025,Unknown Mother-Goose,16730612,56507372,0,111054,0,2980.7,>2800,other,[],[],DSM
7,Kaggledew Valley,16633132,56478393,112899899,2026-09-24 14:39:10.524000,COMPLETED,EPISODE_TYPE_PUBLIC,0,94220,SpaTaro,16640510,56468202,1,86954,1,2885.0,>2800,other,[],[],other
7,Kaggledew Valley,16633132,56478393,112891394,2026-09-24 14:03:24.621000,COMPLETED,EPISODE_TYPE_PUBLIC,1,93490,DECEM,16623559,56517128,0,114758,0,3049.3,>2800,other,[],[],DSM
7,Kaggledew Valley,16633132,56478393,112890239,2026-09-24 13:58:51.049000,COMPLETED,EPISODE_TYPE_PUBLIC,1,97966,DECEM,16623559,56517128,0,106438,0,3049.3,>2800,other,[],[],DSM
7,Kaggledew Valley,16633132,56478393,112882446,2026-09-24 13:32:33.770000,COMPLETED,EPISODE_TYPE_PUBLIC,1,96918,DECEM,16623559,56489091,0,110832,0,3049.3,>2800,other,[],[],DSM
7,Kaggledew Valley,16633132,56478393,112881303,2026-09-24 13:31:10.198000,COMPLETED,EPISODE_TYPE_PUBLIC,0,94238,Arda Ceylan,16673205,56515086,1,90764,1,2930.9,>2800,other,[],[],other
7,Kaggledew Valley,16633132,56478393,112873145,2026-09-24 13:02:38.193000,COMPLETED,EPISODE_TYPE_PUBLIC,0,76668,tetsuya & yuanzhe & guoqin,16623716,56514069,1,76517,1,2852.8,>2800,other,[],[],DSM
7,Kaggledew Valley,16633132,56478393,112865025,2026-09-24 12:31:36.437000,COMPLETED,EPISODE_TYPE_PUBLIC,1,106749,Majkel1337,16718819,56504326,0,119311,0,2981.3,>2800,other,[],[],other
7,Kaggledew Valley,16633132,56478393,112856892,2026-09-24 12:00:42.782000,COMPLETED,EPISODE_TYPE_PUBLIC,0,150757,吃白饭的大肥鱼,16854176,56483899,1,140746,1,2978.5,>2800,other,[],[],other
7,Kaggledew Valley,16633132,56478393,112853176,2026-09-24 11:52:41.202000,COMPLETED,EPISODE_TYPE_PUBLIC,1,72537,DECEM,16623559,56489091,0,76731,0,3049.3,>2800,other,[],[],DSM
7,Kaggledew Valley,16633132,56478393,112853383,2026-09-24 11:50:24.196000,COMPLETED,EPISODE_TYPE_PUBLIC,1,91914,mtmr_s1,16758882,56488920,0,88659,1,2926.7,>2800,other,[],[],DSM
7,Kaggledew Valley,16633132,56478393,112846188,2026-09-24 11:24:39.881000,COMPLETED,EPISODE_TYPE_PUBLIC,0,100505,ymg_aq,16732403,56506774,1,97828,1,815.1,<2000,other,[],[],other
7,Kaggledew Valley,16633132,56478393,112843959,2026-09-24 11:19:22.069000,COMPLETED,EPISODE_TYPE_PUBLIC,0,118057,Fourth Quadrant,16667959,56505223,1,126201,0,2621.2,2500-2800,other,[],[],other
7,Kaggledew Valley,16633132,56478393,112836021,2026-09-24 10:49:49.046000,COMPLETED,EPISODE_TYPE_PUBLIC,1,148877,吃白饭的大肥鱼,16854176,56483899,0,147719,1,2978.5,>2800,other,[],[],other
7,Kaggledew Valley,16633132,56478393,112828503,2026-09-24 10:29:24.314000,COMPLETED,EPISODE_TYPE_PUBLIC,0,122716,tetsuya & yuanzhe & guoqin,16623716,56514069,1,127030,0,2852.8,>2800,other,[],[],DSM
7,Kaggledew Valley,16633132,56478393,112825497,2026-09-24 10:18:12.233000,COMPLETED,EPISODE_TYPE_PUBLIC,1,145320,THIRD FARM CLUB,16730524,56483076,0,137312,1,2943.1,>2800,other,[],[],Boey
7,Kaggledew Valley,16633132,56478393,112822030,2026-09-24 10:03:45.050000,COMPLETED,EPISODE_TYPE_PUBLIC,1,78889,Fourth Quadrant,16667959,56505223,0,70256,1,2621.2,2500-2800,other,[],[],other
7,Kaggledew Valley,16633132,56478393,112813840,2026-09-24 09:35:19.978000,COMPLETED,EPISODE_TYPE_PUBLIC,0,113998,Vadim Vasilenko,16770421,56491543,1,111761,1,3017.3,>2800,other,[],[],DSM
7,Kaggledew Valley,16633132,56478393,112805639,2026-09-24 09:06:41.660000,COMPLETED,EPISODE_TYPE_PUBLIC,0,83354,Fourth Quadrant,16667959,56505223,1,83168,1,2621.2,2500-2800,other,[],[],other
7,Kaggledew Valley,16633132,56478393,112801767,2026-09-24 08:57:09.132000,COMPLETED,EPISODE_TYPE_PUBLIC,1,94420,Vadim Vasilenko,16770421,56491543,0,100307,0,3017.3,>2800,other,[],[],DSM
7,Kaggledew Valley,16633132,56478393,112801036,2026-09-24 08:49:16.293000,COMPLETED,EPISODE_TYPE_PUBLIC,1,101170,Sida Zuo,16664246,56508421,0,86534,1,2833.1,>2800,other,[],[],other
7,Kaggledew Valley,16633132,56478393,112792921,2026-09-24 08:25:57.848000,COMPLETED,EPISODE_TYPE_PUBLIC,0,152169,Orbital Terraformer,16675778,56467169,1,134717,1,2843.6,>2800,other,[],[],DSM
7,Kaggledew Valley,16633132,56478393,112792912,2026-09-24 08:24:08.428000,COMPLETED,EPISODE_TYPE_PUBLIC,1,83451,Unknown Mother-Goose,16730612,56507324,0,96166,0,2980.7,>2800,other,[],[],DSM
7,Kaggledew Valley,16633132,56478393,112784737,2026-09-24 07:55:57.836000,COMPLETED,EPISODE_TYPE_PUBLIC,0,144496,Unknown Mother-Goose,16730612,56507324,1,163015,0,2980.7,>2800,other,[],[],DSM
7,Kaggledew Valley,16633132,56478393,112784729,2026-09-24 07:54:19.384000,COMPLETED,EPISODE_TYPE_PUBLIC,0,110600,mtmr_s1,16758882,56488920,1,108777,1,2926.7,>2800,other,[],[],DSM
7,Kaggledew Valley,16633132,56478393,112776803,2026-09-24 07:26:48.759000,COMPLETED,EPISODE_TYPE_PUBLIC,0,88808,Unknown Mother-Goose,16730612,56507324,1,92268,0,2980.7,>2800,other,[],[],DSM
7,Kaggledew Valley,16633132,56478393,112769563,2026-09-24 07:09:40.115000,COMPLETED,EPISODE_TYPE_PUBLIC,1,120876,THIRD FARM CLUB,16730524,56483076,0,120123,1,2943.1,>2800,other,[],[],Boey
7,Kaggledew Valley,16633132,56478393,112769598,2026-09-24 07:08:01.067000,COMPLETED,EPISODE_TYPE_PUBLIC,1,85223,DSM,16732748,56495569,0,113347,0,3139.4,>2800,other,[],[],DSM
7,Kaggledew Valley,16633132,56478393,112766180,2026-09-24 06:51:52.569000,COMPLETED,EPISODE_TYPE_PUBLIC,1,79676,Fourth Quadrant,16667959,56505223,0,86729,0,2621.2,2500-2800,other,[],[],other
7,Kaggledew Valley,16633132,56478393,112761497,2026-09-24 06:37:52.660000,COMPLETED,EPISODE_TYPE_PUBLIC,0,105910,M & M & P & Q,16681125,56497780,1,119009,0,1719.8,<2000,other,[],[],DSM
7,Kaggledew Valley,16633132,56478393,112762566,2026-09-24 06:37:25.600000,COMPLETED,EPISODE_TYPE_PUBLIC,0,88223,Majkel1337,16718819,56504326,1,103840,0,2981.3,>2800,other,[],[],other
7,Kaggledew Valley,16633132,56478393,112757906,2026-09-24 06:22:22.880000,COMPLETED,EPISODE_TYPE_PUBLIC,0,84408,DECEM,16623559,56482350,1,98289,0,3049.3,>2800,other,[],[],DSM
7,Kaggledew Valley,16633132,56478393,112749903,2026-09-24 06:01:31.030000,COMPLETED,EPISODE_TYPE_PUBLIC,0,94209,THIRD FARM CLUB,16730524,56483076,1,91110,1,2943.1,>2800,other,[],[],Boey
7,Kaggledew Valley,16633132,56478393,112741826,2026-09-24 05:26:06.614000,COMPLETED,EPISODE_TYPE_PUBLIC,0,123974,DECEM,16623559,56482350,1,128145,0,3049.3,>2800,other,[],[],DSM
7,Kaggledew Valley,16633132,56478393,112736970,2026-09-24 05:12:51.734000,COMPLETED,EPISODE_TYPE_PUBLIC,1,121828,YumeNeko,16863512,56467412,0,113329,1,2866.2,>2800,other,[],[],other
7,Kaggledew Valley,16633132,56478393,112728700,2026-09-24 04:46:15.041000,COMPLETED,EPISODE_TYPE_PUBLIC,0,94945,Smackaveli,16862183,56505883,1,93160,1,2893.4,>2800,other,[],[],DSM
7,Kaggledew Valley,16633132,56478393,112724463,2026-09-24 04:33:03.361000,COMPLETED,EPISODE_TYPE_PUBLIC,1,135805,THIRD FARM CLUB,16730524,56483076,0,124877,1,2943.1,>2800,other,[],[],Boey
7,Kaggledew Valley,16633132,56478393,112717074,2026-09-24 04:05:13.524000,COMPLETED,EPISODE_TYPE_PUBLIC,0,105654,Smackaveli,16862183,56505883,1,100721,1,2893.4,>2800,other,[],[],DSM
7,Kaggledew Valley,16633132,56478393,112715212,2026-09-24 03:53:59.505000,COMPLETED,EPISODE_TYPE_PUBLIC,0,130747,mtmr_s1,16758882,56461142,1,124362,1,2926.7,>2800,other,[],[],DSM
7,Kaggledew Valley,16633132,56478393,112707900,2026-09-24 03:32:46.134000,COMPLETED,EPISODE_TYPE_PUBLIC,0,120276,Smackaveli,16862183,56505883,1,126616,0,2893.4,>2800,other,[],[],DSM
7,Kaggledew Valley,16633132,56478393,112707087,2026-09-24 03:25:21.805000,COMPLETED,EPISODE_TYPE_PUBLIC,0,132302,KawattaTaido,16654697,56417128,1,88492,1,2865.4,>2800,other,[],[],tape
7,Kaggledew Valley,16633132,56478393,112699922,2026-09-24 03:06:06.913000,COMPLETED,EPISODE_TYPE_PUBLIC,1,80537,M & M & P & Q,16681125,56497780,0,99270,0,1719.8,<2000,other,[],[],DSM
7,Kaggledew Valley,16633132,56478393,112699908,2026-09-24 03:01:09.255000,COMPLETED,EPISODE_TYPE_PUBLIC,1,117805,Majkel1337,16718819,56504326,0,120731,0,2981.3,>2800,other,[],[],other
7,Kaggledew Valley,16633132,56478393,112692876,2026-09-24 02:41:58.806000,COMPLETED,EPISODE_TYPE_PUBLIC,0,107869,TheEggman,16887437,56483043,1,106556,1,2910.6,>2800,other,[],[],other
7,Kaggledew Valley,16633132,56478393,112692878,2026-09-24 02:39:15.226000,COMPLETED,EPISODE_TYPE_PUBLIC,0,105455,AI是我的豆包,16728071,56470747,1,109963,0,2817.2,>2800,other,[],[],other
7,Kaggledew Valley,16633132,56478393,112689234,2026-09-24 02:26:06.330000,COMPLETED,EPISODE_TYPE_PUBLIC,0,88257,Artem The Farmer 🍅,16621799,56504277,1,92146,0,2902.8,>2800,other,[],[],other
7,Kaggledew Valley,16633132,56478393,112689453,2026-09-24 02:24:27.482000,COMPLETED,EPISODE_TYPE_PUBLIC,1,85296,Majkel1337,16718819,56504326,0,92477,0,2981.3,>2800,other,[],[],other
7,Kaggledew Valley,16633132,56478393,112682690,2026-09-24 02:00:51.574000,COMPLETED,EPISODE_TYPE_PUBLIC,1,101411,吃白饭的大肥鱼,16854176,56483899,0,95235,1,2978.5,>2800,other,[],[],other
7,Kaggledew Valley,16633132,56478393,112676552,2026-09-24 01:40:31.808000,COMPLETED,EPISODE_TYPE_PUBLIC,0,86880,Vadim Vasilenko,16770421,56501059,1,92258,0,3017.3,>2800,other,[],[],DSM
7,Kaggledew Valley,16633132,56478393,112674422,2026-09-24 01:32:47.338000,COMPLETED,EPISODE_TYPE_PUBLIC,1,135962,Ebi,16882725,56386266,0,89188,1,2779.1,2500-2800,other,[],[],other
7,Kaggledew Valley,16633132,56478393,112668085,2026-09-24 01:15:22.871000,COMPLETED,EPISODE_TYPE_PUBLIC,1,144945,Majkel1337,16718819,56504326,0,137856,1,2981.3,>2800,other,[],[],other
7,Kaggledew Valley,16633132,56478393,112667524,2026-09-24 01:11:59.014000,COMPLETED,EPISODE_TYPE_PUBLIC,0,85403,TheEggman,16887437,56498825,1,84732,1,2910.6,>2800,other,[],[],other
7,Kaggledew Valley,16633132,56478393,112661653,2026-09-24 00:49:30.717000,COMPLETED,EPISODE_TYPE_PUBLIC,0,127793,THIRD FARM CLUB,16730524,56449618,1,123631,1,2943.1,>2800,other,[],[],Boey
7,Kaggledew Valley,16633132,56478393,112658066,2026-09-24 00:38:10.954000,COMPLETED,EPISODE_TYPE_PUBLIC,0,89473,mtmr_s1,16758882,56488920,1,86217,1,2926.7,>2800,other,[],[],DSM
7,Kaggledew Valley,16633132,56478393,112654478,2026-09-24 00:31:13.146000,COMPLETED,EPISODE_TYPE_PUBLIC,1,129638,M & M & P & Q,16681125,56497780,0,148376,0,1719.8,<2000,other,[],[],DSM
7,Kaggledew Valley,16633132,56478393,112648571,2026-09-24 00:07:16.376000,COMPLETED,EPISODE_TYPE_PUBLIC,1,112913,Vadim Vasilenko,16770421,56491543,0,120410,0,3017.3,>2800,other,[],[],DSM
7,Kaggledew Valley,16633132,56478393,112642990,2026-09-23 23:48:15.592000,COMPLETED,EPISODE_TYPE_PUBLIC,1,106518,Unknown Mother-Goose,16730612,56489080,0,108369,0,2980.7,>2800,other,[],[],DSM
8,Azat Akhtyamov,16743356,56491144,112932128,2026-09-24 16:22:41.094000,COMPLETED,EPISODE_TYPE_PUBLIC,1,90864,THIRD FARM CLUB,16730524,56520593,0,95121,0,2943.1,>2800,DSM,"[[""BUY_ANIMAL"", ""COW"", 1], [""BUY_PRODUCT"", ""WHEAT"", 5], [""BUY_ANIMAL"", ""SHEEP"", 2]]","[[""BUY_SEED"", ""MELON"", 4], [""HIRE""], [""HIRE""], [""HIRE""], [""HIRE""], [""BUY_ANIMAL"", ""COW"", 1]]",Boey
8,Azat Akhtyamov,16743356,56491144,112928586,2026-09-24 16:12:06.124000,COMPLETED,EPISODE_TYPE_PUBLIC,1,98498,THIRD FARM CLUB,16730524,56520754,0,111320,0,2943.1,>2800,DSM,"[[""BUY_ANIMAL"", ""COW"", 1], [""BUY_PRODUCT"", ""WHEAT"", 5], [""BUY_ANIMAL"", ""SHEEP"", 2]]","[[""BUY_SEED"", ""MELON"", 4], [""HIRE""], [""HIRE""], [""HIRE""], [""HIRE""], [""BUY_ANIMAL"", ""COW"", 1]]",Boey
8,Azat Akhtyamov,16743356,56491144,112928528,2026-09-24 16:08:44.307000,COMPLETED,EPISODE_TYPE_PUBLIC,1,105884,THIRD FARM CLUB,16730524,56520593,0,162324,0,2943.1,>2800,DSM,"[[""BUY_ANIMAL"", ""COW"", 1], [""BUY_PRODUCT"", ""WHEAT"", 5], [""BUY_ANIMAL"", ""SHEEP"", 2]]","[[""BUY_SEED"", ""MELON"", 4], [""HIRE""], [""HIRE""], [""HIRE""], [""HIRE""], [""BUY_ANIMAL"", ""COW"", 1]]",Boey
8,Azat Akhtyamov,16743356,56491144,112924269,2026-09-24 15:53:13.258000,COMPLETED,EPISODE_TYPE_PUBLIC,0,126851,marwar22,16864314,56507022,1,114721,1,2859.9,>2800,DSM,"[[""BUY_ANIMAL"", ""COW"", 1], [""BUY_PRODUCT"", ""WHEAT"", 5], [""BUY_ANIMAL"", ""SHEEP"", 2]]","[[""BUY_SEED"", ""MELON"", 4], [""HIRE""], [""HIRE""], [""HIRE""], [""HIRE""], [""BUY_ANIMAL"", ""COW"", 1]]",other
8,Azat Akhtyamov,16743356,56491144,112919564,2026-09-24 15:39:42.136000,COMPLETED,EPISODE_TYPE_PUBLIC,0,81425,THIRD FARM CLUB,16730524,56520593,1,89111,0,2943.1,>2800,DSM,"[[""BUY_ANIMAL"", ""COW"", 1], [""BUY_PRODUCT"", ""WHEAT"", 5], [""BUY_ANIMAL"", ""SHEEP"", 2]]","[[""BUY_SEED"", ""MELON"", 4], [""HIRE""], [""HIRE""], [""HIRE""], [""HIRE""], [""BUY_ANIMAL"", ""COW"", 1]]",Boey
8,Azat Akhtyamov,16743356,56491144,112910043,2026-09-24 15:07:19.964000,COMPLETED,EPISODE_TYPE_PUBLIC,1,158312,Smackaveli,16862183,56518189,0,149113,1,2893.4,>2800,DSM,"[[""BUY_ANIMAL"", ""COW"", 1], [""BUY_PRODUCT"", ""WHEAT"", 5], [""BUY_ANIMAL"", ""SHEEP"", 2]]","[[""SELL"", ""WHEAT"", 1], [""HIRE""], [""HIRE""], [""HIRE""], [""HIRE""], [""BUY_ANIMAL"", ""COW"", 1]]",DSM
8,Azat Akhtyamov,16743356,56491144,112907642,2026-09-24 14:59:18.110000,COMPLETED,EPISODE_TYPE_PUBLIC,1,95215,DSM,16732748,56518845,0,102146,0,3139.4,>2800,DSM,"[[""BUY_ANIMAL"", ""COW"", 1], [""BUY_PRODUCT"", ""WHEAT"", 5], [""BUY_ANIMAL"", ""SHEEP"", 2]]","[[""SELL"", ""WHEAT"", 1], [""HIRE""], [""HIRE""], [""HIRE""], [""HIRE""], [""BUY_ANIMAL"", ""COW"", 1]]",DSM
8,Azat Akhtyamov,16743356,56491144,112899445,2026-09-24 14:30:46.750000,COMPLETED,EPISODE_TYPE_PUBLIC,1,82117,DSM,16732748,56518845,0,90681,0,3139.4,>2800,DSM,"[[""BUY_ANIMAL"", ""COW"", 1], [""BUY_PRODUCT"", ""WHEAT"", 5], [""BUY_ANIMAL"", ""SHEEP"", 2]]","[[""SELL"", ""WHEAT"", 1], [""HIRE""], [""HIRE""], [""HIRE""], [""HIRE""], [""BUY_ANIMAL"", ""COW"", 1]]",DSM
8,Azat Akhtyamov,16743356,56491144,112891508,2026-09-24 14:07:41.042000,COMPLETED,EPISODE_TYPE_PUBLIC,1,78625,M & M & P & Q,16681125,56497780,0,91274,0,1719.8,<2000,DSM,"[[""BUY_ANIMAL"", ""COW"", 1], [""BUY_PRODUCT"", ""WHEAT"", 5], [""BUY_ANIMAL"", ""SHEEP"", 2]]","[[""SELL"", ""WHEAT"", 1], [""HIRE""], [""HIRE""], [""HIRE""], [""HIRE""], [""BUY_ANIMAL"", ""COW"", 1]]",DSM
8,Azat Akhtyamov,16743356,56491144,112891513,2026-09-24 14:04:14.049000,COMPLETED,EPISODE_TYPE_PUBLIC,0,116906,DECEM,16623559,56489091,1,123662,0,3049.3,>2800,DSM,"[[""BUY_ANIMAL"", ""COW"", 1], [""BUY_PRODUCT"", ""WHEAT"", 5], [""BUY_ANIMAL"", ""SHEEP"", 2]]","[[""SELL"", ""WHEAT"", 1], [""HIRE""], [""HIRE""], [""HIRE""], [""HIRE""], [""BUY_ANIMAL"", ""COW"", 1]]",DSM
8,Azat Akhtyamov,16743356,56491144,112891515,2026-09-24 14:02:44.600000,COMPLETED,EPISODE_TYPE_PUBLIC,0,96551,Excluding,16671741,56468167,1,87659,1,2835.0,>2800,DSM,"[[""BUY_ANIMAL"", ""COW"", 1], [""BUY_PRODUCT"", ""WHEAT"", 5], [""BUY_ANIMAL"", ""SHEEP"", 2]]","[[""BUY_SEED"", ""MELON"", 4], [""HIRE""], [""HIRE""], [""HIRE""], [""HIRE""], [""BUY_ANIMAL"", ""COW"", 1]]",other
8,Azat Akhtyamov,16743356,56491144,112882449,2026-09-24 13:29:47.425000,COMPLETED,EPISODE_TYPE_PUBLIC,0,91512,YumeNeko,16863512,56467178,1,85267,1,2866.2,>2800,DSM,"[[""BUY_ANIMAL"", ""COW"", 1], [""BUY_PRODUCT"", ""WHEAT"", 5], [""BUY_ANIMAL"", ""SHEEP"", 2]]","[[""BUY_SEED"", ""MELON"", 4], [""HIRE""], [""HIRE""], [""HIRE""], [""HIRE""], [""BUY_ANIMAL"", ""COW"", 1]]",other
8,Azat Akhtyamov,16743356,56491144,112875476,2026-09-24 13:08:55.471000,COMPLETED,EPISODE_TYPE_PUBLIC,0,90885,Otter Vibe,16760569,56497078,1,80716,1,2874.0,>2800,DSM,"[[""BUY_ANIMAL"", ""COW"", 1], [""BUY_PRODUCT"", ""WHEAT"", 5], [""BUY_ANIMAL"", ""SHEEP"", 2]]","[[""BUY_SEED"", ""MELON"", 4], [""HIRE""], [""HIRE""], [""HIRE""], [""HIRE""], [""BUY_ANIMAL"", ""COW"", 1]]",other
8,Azat Akhtyamov,16743356,56491144,112867320,2026-09-24 12:40:56.654000,COMPLETED,EPISODE_TYPE_PUBLIC,0,85669,TheEggman,16887437,56483043,1,83490,1,2910.6,>2800,DSM,"[[""BUY_ANIMAL"", ""COW"", 1], [""BUY_PRODUCT"", ""WHEAT"", 5], [""BUY_ANIMAL"", ""SHEEP"", 2]]","[[""SELL"", ""WHEAT"", 1], [""HIRE""], [""HIRE""], [""HIRE""], [""HIRE""], [""BUY_ANIMAL"", ""COW"", 1]]",other
8,Azat Akhtyamov,16743356,56491144,112862571,2026-09-24 12:25:08.276000,COMPLETED,EPISODE_TYPE_PUBLIC,1,100270,mtmr_s1,16758882,56488920,0,101284,0,2926.7,>2800,DSM,"[[""BUY_ANIMAL"", ""COW"", 1], [""BUY_PRODUCT"", ""WHEAT"", 5], [""BUY_ANIMAL"", ""SHEEP"", 2]]","[[""SELL"", ""WHEAT"", 1], [""HIRE""], [""HIRE""], [""HIRE""], [""HIRE""], [""BUY_ANIMAL"", ""COW"", 1]]",DSM
8,Azat Akhtyamov,16743356,56491144,112862572,2026-09-24 12:22:05.469000,COMPLETED,EPISODE_TYPE_PUBLIC,0,70220,Fourth Quadrant,16667959,56505223,1,67649,1,2621.2,2500-2800,DSM,"[[""BUY_ANIMAL"", ""COW"", 1], [""BUY_PRODUCT"", ""WHEAT"", 5], [""BUY_ANIMAL"", ""SHEEP"", 2]]","[[""BUY_SEED"", ""MELON"", 4], [""HIRE""], [""HIRE""], [""HIRE""], [""HIRE""], [""BUY_ANIMAL"", ""COW"", 1]]",other
8,Azat Akhtyamov,16743356,56491144,112860312,2026-09-24 12:13:33.555000,COMPLETED,EPISODE_TYPE_PUBLIC,0,85317,吃白饭的大肥鱼,16854176,56483899,1,93211,0,2978.5,>2800,DSM,"[[""BUY_ANIMAL"", ""COW"", 1], [""BUY_PRODUCT"", ""WHEAT"", 5], [""BUY_ANIMAL"", ""SHEEP"", 2]]","[[""BUY_SEED"", ""MELON"", 4], [""HIRE""], [""HIRE""], [""HIRE""], [""HIRE""], [""BUY_ANIMAL"", ""COW"", 1]]",other
8,Azat Akhtyamov,16743356,56491144,112852180,2026-09-24 11:46:12.146000,COMPLETED,EPISODE_TYPE_PUBLIC,1,104545,Otter Vibe,16760569,56497078,0,98557,1,2874.0,>2800,DSM,"[[""BUY_ANIMAL"", ""COW"", 1], [""BUY_PRODUCT"", ""WHEAT"", 5], [""BUY_ANIMAL"", ""SHEEP"", 2]]","[[""BUY_SEED"", ""MELON"", 4], [""HIRE""], [""HIRE""], [""HIRE""], [""HIRE""], [""BUY_ANIMAL"", ""COW"", 1]]",other
8,Azat Akhtyamov,16743356,56491144,112851087,2026-09-24 11:42:21.394000,COMPLETED,EPISODE_TYPE_PUBLIC,0,114877,mtmr_s1,16758882,56461142,1,127639,0,2926.7,>2800,DSM,"[[""BUY_ANIMAL"", ""COW"", 1], [""BUY_PRODUCT"", ""WHEAT"", 5], [""BUY_ANIMAL"", ""SHEEP"", 2]]","[[""SELL"", ""WHEAT"", 1], [""HIRE""], [""HIRE""], [""HIRE""], [""HIRE""], [""BUY_ANIMAL"", ""COW"", 1]]",DSM
8,Azat Akhtyamov,16743356,56491144,112843913,2026-09-24 11:15:52.400000,COMPLETED,EPISODE_TYPE_PUBLIC,1,109229,HowardLeeTW,16690867,56463813,0,97281,1,2838.4,>2800,DSM,"[[""BUY_ANIMAL"", ""COW"", 1], [""BUY_PRODUCT"", ""WHEAT"", 5], [""BUY_ANIMAL"", ""SHEEP"", 2]]","[[""SELL"", ""WHEAT"", 1], [""HIRE""], [""HIRE""], [""HIRE""], [""HIRE""], [""BUY_ANIMAL"", ""COW"", 1]]",DSM
8,Azat Akhtyamov,16743356,56491144,112838386,2026-09-24 10:57:15.331000,COMPLETED,EPISODE_TYPE_PUBLIC,0,106390,Majkel1337,16718819,56504326,1,108219,0,2981.3,>2800,DSM,"[[""BUY_ANIMAL"", ""COW"", 1], [""BUY_PRODUCT"", ""WHEAT"", 5], [""BUY_ANIMAL"", ""SHEEP"", 2]]","[[""SELL"", ""WHEAT"", 1], [""HIRE""], [""HIRE""], [""HIRE""], [""HIRE""], [""BUY_ANIMAL"", ""COW"", 1]]",other
8,Azat Akhtyamov,16743356,56491144,112834303,2026-09-24 10:48:36.528000,COMPLETED,EPISODE_TYPE_PUBLIC,0,94996,tetsuya & yuanzhe & guoqin,16623716,56514069,1,93859,1,2852.8,>2800,DSM,"[[""BUY_ANIMAL"", ""COW"", 1], [""BUY_PRODUCT"", ""WHEAT"", 5], [""BUY_ANIMAL"", ""SHEEP"", 2]]","[[""SELL"", ""WHEAT"", 1], [""HIRE""], [""HIRE""], [""HIRE""], [""HIRE""], [""BUY_ANIMAL"", ""COW"", 1]]",DSM
8,Azat Akhtyamov,16743356,56491144,112833618,2026-09-24 10:44:21.149000,COMPLETED,EPISODE_TYPE_PUBLIC,1,88000,TheEggman,16887437,56498825,0,96582,0,2910.6,>2800,DSM,"[[""BUY_ANIMAL"", ""COW"", 1], [""BUY_PRODUCT"", ""WHEAT"", 5], [""BUY_ANIMAL"", ""SHEEP"", 2]]","[[""SELL"", ""WHEAT"", 1], [""HIRE""], [""HIRE""], [""HIRE""], [""HIRE""], [""BUY_ANIMAL"", ""COW"", 1]]",other
8,Azat Akhtyamov,16743356,56491144,112833112,2026-09-24 10:43:57.270000,COMPLETED,EPISODE_TYPE_PUBLIC,0,110813,tetsuya & yuanzhe & guoqin,16623716,56514069,1,109473,1,2852.8,>2800,DSM,"[[""BUY_ANIMAL"", ""COW"", 1], [""BUY_PRODUCT"", ""WHEAT"", 5], [""BUY_ANIMAL"", ""SHEEP"", 2]]","[[""SELL"", ""WHEAT"", 1], [""HIRE""], [""HIRE""], [""HIRE""], [""HIRE""], [""BUY_ANIMAL"", ""COW"", 1]]",DSM
8,Azat Akhtyamov,16743356,56491144,112825498,2026-09-24 10:15:34.216000,COMPLETED,EPISODE_TYPE_PUBLIC,1,126162,mtmr_s1,16758882,56488920,0,127647,0,2926.7,>2800,DSM,"[[""BUY_ANIMAL"", ""COW"", 1], [""BUY_PRODUCT"", ""WHEAT"", 5], [""BUY_ANIMAL"", ""SHEEP"", 2]]","[[""SELL"", ""WHEAT"", 1], [""HIRE""], [""HIRE""], [""HIRE""], [""HIRE""], [""BUY_ANIMAL"", ""COW"", 1]]",DSM
8,Azat Akhtyamov,16743356,56491144,112824340,2026-09-24 10:11:42.125000,COMPLETED,EPISODE_TYPE_PUBLIC,1,127113,KawattaTaido,16654697,56417128,0,118239,1,2865.4,>2800,DSM,"[[""BUY_ANIMAL"", ""COW"", 1], [""BUY_PRODUCT"", ""WHEAT"", 5], [""BUY_ANIMAL"", ""SHEEP"", 2]]","[[""SELL"", ""WHEAT"", 1], [""HIRE""], [""HIRE""], [""HIRE""], [""HIRE""], [""BUY_ANIMAL"", ""COW"", 1]]",tape
8,Azat Akhtyamov,16743356,56491144,112824502,2026-09-24 10:09:01.383000,COMPLETED,EPISODE_TYPE_PUBLIC,1,103651,AI是我的豆包,16728071,56470744,0,94924,1,2817.2,>2800,DSM,"[[""BUY_ANIMAL"", ""COW"", 1], [""BUY_PRODUCT"", ""WHEAT"", 5], [""BUY_ANIMAL"", ""SHEEP"", 2]]","[[""BUY_SEED"", ""MELON"", 4], [""HIRE""], [""HIRE""], [""HIRE""], [""HIRE""], [""BUY_ANIMAL"", ""COW"", 1]]",other
8,Azat Akhtyamov,16743356,56491144,112816298,2026-09-24 09:45:41.981000,COMPLETED,EPISODE_TYPE_PUBLIC,1,68352,Fourth Quadrant,16667959,56505223,0,79540,0,2621.2,2500-2800,DSM,"[[""BUY_ANIMAL"", ""COW"", 1], [""BUY_PRODUCT"", ""WHEAT"", 5], [""BUY_ANIMAL"", ""SHEEP"", 2]]","[[""BUY_SEED"", ""MELON"", 4], [""HIRE""], [""HIRE""], [""HIRE""], [""HIRE""], [""BUY_ANIMAL"", ""COW"", 1]]",other
8,Azat Akhtyamov,16743356,56491144,112815801,2026-09-24 09:41:30.280000,COMPLETED,EPISODE_TYPE_PUBLIC,0,93419,tetsuya & yuanzhe & guoqin,16623716,56513715,1,86088,1,2852.8,>2800,DSM,"[[""BUY_ANIMAL"", ""COW"", 1], [""BUY_PRODUCT"", ""WHEAT"", 5], [""BUY_ANIMAL"", ""SHEEP"", 2]]","[[""BUY_SEED"", ""MELON"", 4], [""HIRE""], [""HIRE""], [""HIRE""], [""HIRE""], [""BUY_ANIMAL"", ""COW"", 1]]",other
8,Azat Akhtyamov,16743356,56491144,112813908,2026-09-24 09:33:03.983000,COMPLETED,EPISODE_TYPE_PUBLIC,0,86379,Artem The Farmer 🍅,16621799,56504277,1,85614,1,2902.8,>2800,DSM,"[[""BUY_ANIMAL"", ""COW"", 1], [""BUY_PRODUCT"", ""WHEAT"", 5], [""BUY_ANIMAL"", ""SHEEP"", 2]]","[[""BUY_SEED"", ""MELON"", 4], [""HIRE""], [""HIRE""], [""HIRE""], [""HIRE""], [""BUY_ANIMAL"", ""COW"", 1]]",other
8,Azat Akhtyamov,16743356,56491144,112805755,2026-09-24 09:09:22.737000,COMPLETED,EPISODE_TYPE_PUBLIC,1,123950,Unknown Mother-Goose,16730612,56507372,0,120279,1,2980.7,>2800,DSM,"[[""BUY_ANIMAL"", ""COW"", 1], [""BUY_PRODUCT"", ""WHEAT"", 5], [""BUY_ANIMAL"", ""SHEEP"", 2]]","[[""SELL"", ""WHEAT"", 1], [""HIRE""], [""HIRE""], [""HIRE""], [""HIRE""], [""BUY_ANIMAL"", ""COW"", 1]]",DSM
8,Azat Akhtyamov,16743356,56491144,112801017,2026-09-24 08:50:32.871000,COMPLETED,EPISODE_TYPE_PUBLIC,0,89945,吃白饭的大肥鱼,16854176,56483899,1,84712,1,2978.5,>2800,DSM,"[[""BUY_ANIMAL"", ""COW"", 1], [""BUY_PRODUCT"", ""WHEAT"", 5], [""BUY_ANIMAL"", ""SHEEP"", 2]]","[[""BUY_SEED"", ""MELON"", 4], [""HIRE""], [""HIRE""], [""HIRE""], [""HIRE""], [""BUY_ANIMAL"", ""COW"", 1]]",other
8,Azat Akhtyamov,16743356,56491144,112795215,2026-09-24 08:29:30.780000,COMPLETED,EPISODE_TYPE_PUBLIC,0,92553,KawattaTaido,16654697,56416831,1,78832,1,2865.4,>2800,DSM,"[[""BUY_ANIMAL"", ""COW"", 1], [""BUY_PRODUCT"", ""WHEAT"", 5], [""BUY_ANIMAL"", ""SHEEP"", 2]]","[[""SELL"", ""WHEAT"", 1], [""HIRE""], [""HIRE""], [""HIRE""], [""HIRE""], [""BUY_ANIMAL"", ""COW"", 1]]",tape
8,Azat Akhtyamov,16743356,56491144,112786953,2026-09-24 08:06:24.614000,COMPLETED,EPISODE_TYPE_PUBLIC,0,118892,Arda Ceylan,16673205,56508756,1,109102,1,2930.9,>2800,DSM,"[[""BUY_ANIMAL"", ""COW"", 1], [""BUY_PRODUCT"", ""WHEAT"", 5], [""BUY_ANIMAL"", ""SHEEP"", 2]]","[[""SELL"", ""WHEAT"", 1], [""HIRE""], [""HIRE""], [""HIRE""], [""HIRE""], [""BUY_ANIMAL"", ""COW"", 1]]",other
8,Azat Akhtyamov,16743356,56491144,112778580,2026-09-24 07:34:45.410000,COMPLETED,EPISODE_TYPE_PUBLIC,1,103271,Yannik Schiffner,16760701,56511334,0,94747,1,2834.6,>2800,DSM,"[[""BUY_ANIMAL"", ""COW"", 1], [""BUY_PRODUCT"", ""WHEAT"", 5], [""BUY_ANIMAL"", ""SHEEP"", 2]]","[[""BUY_SEED"", ""MELON"", 4], [""HIRE""], [""HIRE""], [""HIRE""], [""HIRE""], [""BUY_ANIMAL"", ""COW"", 1]]",Boey
8,Azat Akhtyamov,16743356,56491144,112778893,2026-09-24 07:33:45.542000,COMPLETED,EPISODE_TYPE_PUBLIC,0,108746,Artem The Farmer 🍅,16621799,56504277,1,102662,1,2902.8,>2800,DSM,"[[""BUY_ANIMAL"", ""COW"", 1], [""BUY_PRODUCT"", ""WHEAT"", 5], [""BUY_ANIMAL"", ""SHEEP"", 2]]","[[""BUY_SEED"", ""MELON"", 4], [""HIRE""], [""HIRE""], [""HIRE""], [""HIRE""], [""BUY_ANIMAL"", ""COW"", 1]]",other
8,Azat Akhtyamov,16743356,56491144,112770941,2026-09-24 07:14:13.430000,COMPLETED,EPISODE_TYPE_PUBLIC,1,97552,SpaTaro,16640510,56445377,0,89441,1,2885.0,>2800,DSM,"[[""BUY_ANIMAL"", ""COW"", 1], [""BUY_PRODUCT"", ""WHEAT"", 5], [""BUY_ANIMAL"", ""SHEEP"", 2]]","[[""BUY_SEED"", ""MELON"", 4], [""HIRE""], [""HIRE""], [""HIRE""], [""HIRE""], [""BUY_ANIMAL"", ""COW"", 1]]",other
8,Azat Akhtyamov,16743356,56491144,112763552,2026-09-24 06:47:25.577000,COMPLETED,EPISODE_TYPE_PUBLIC,0,105885,Arda Ceylan,16673205,56508756,1,97299,1,2930.9,>2800,DSM,"[[""BUY_ANIMAL"", ""COW"", 1], [""BUY_PRODUCT"", ""WHEAT"", 5], [""BUY_ANIMAL"", ""SHEEP"", 2]]","[[""SELL"", ""WHEAT"", 1], [""HIRE""], [""HIRE""], [""HIRE""], [""HIRE""], [""BUY_ANIMAL"", ""COW"", 1]]",other
8,Azat Akhtyamov,16743356,56491144,112759076,2026-09-24 06:28:11.561000,COMPLETED,EPISODE_TYPE_PUBLIC,1,94750,Arda Ceylan,16673205,56502525,0,87720,1,2930.9,>2800,DSM,"[[""BUY_ANIMAL"", ""COW"", 1], [""BUY_PRODUCT"", ""WHEAT"", 5], [""BUY_ANIMAL"", ""SHEEP"", 2]]","[[""SELL"", ""WHEAT"", 1], [""HIRE""], [""HIRE""], [""HIRE""], [""HIRE""], [""BUY_ANIMAL"", ""COW"", 1]]",other
8,Azat Akhtyamov,16743356,56491144,112751051,2026-09-24 06:00:03.532000,COMPLETED,EPISODE_TYPE_PUBLIC,1,87132,ShunkiKyoya,16743582,56504886,0,89140,0,2808.2,>2800,DSM,"[[""BUY_ANIMAL"", ""COW"", 1], [""BUY_PRODUCT"", ""WHEAT"", 5], [""BUY_ANIMAL"", ""SHEEP"", 2]]","[[""BUY_SEED"", ""MELON"", 4], [""HIRE""], [""HIRE""], [""HIRE""], [""HIRE""], [""BUY_ANIMAL"", ""COW"", 1]]",other
8,Azat Akhtyamov,16743356,56491144,112747207,2026-09-24 05:46:38.207000,COMPLETED,EPISODE_TYPE_PUBLIC,0,73786,摆烂小分队 🏆,16695046,56508654,1,90451,0,2851.2,>2800,DSM,"[[""BUY_ANIMAL"", ""COW"", 1], [""BUY_PRODUCT"", ""WHEAT"", 5], [""BUY_ANIMAL"", ""SHEEP"", 2]]","[[""SELL"", ""WHEAT"", 1], [""HIRE""], [""HIRE""], [""HIRE""], [""HIRE""], [""BUY_ANIMAL"", ""COW"", 1]]",tape
8,Azat Akhtyamov,16743356,56491144,112746599,2026-09-24 05:42:55.570000,COMPLETED,EPISODE_TYPE_PUBLIC,0,75459,Ebi,16882725,56386270,1,67251,1,2779.1,2500-2800,DSM,"[[""BUY_ANIMAL"", ""COW"", 1], [""BUY_PRODUCT"", ""WHEAT"", 5], [""BUY_ANIMAL"", ""SHEEP"", 2]]","[[""BUY_SEED"", ""MELON"", 4], [""HIRE""], [""HIRE""], [""HIRE""], [""HIRE""], [""BUY_ANIMAL"", ""COW"", 1]]",other
8,Azat Akhtyamov,16743356,56491144,112739090,2026-09-24 05:23:14.385000,COMPLETED,EPISODE_TYPE_PUBLIC,0,76361,Unknown Mother-Goose,16730612,56507324,1,81074,0,2980.7,>2800,DSM,"[[""BUY_ANIMAL"", ""COW"", 1], [""BUY_PRODUCT"", ""WHEAT"", 5], [""BUY_ANIMAL"", ""SHEEP"", 2]]","[[""SELL"", ""WHEAT"", 1], [""HIRE""], [""HIRE""], [""HIRE""], [""HIRE""], [""BUY_ANIMAL"", ""COW"", 1]]",DSM
8,Azat Akhtyamov,16743356,56491144,112735852,2026-09-24 05:09:22.462000,COMPLETED,EPISODE_TYPE_PUBLIC,1,88985,TheEggman,16887437,56498825,0,101965,0,2910.6,>2800,DSM,"[[""BUY_ANIMAL"", ""COW"", 1], [""BUY_PRODUCT"", ""WHEAT"", 5], [""BUY_ANIMAL"", ""SHEEP"", 2]]","[[""SELL"", ""WHEAT"", 1], [""HIRE""], [""HIRE""], [""HIRE""], [""HIRE""], [""BUY_ANIMAL"", ""COW"", 1]]",other
8,Azat Akhtyamov,16743356,56491144,112735888,2026-09-24 05:07:34.479000,COMPLETED,EPISODE_TYPE_PUBLIC,0,65165,Fourth Quadrant,16667959,56505223,1,64900,1,2621.2,2500-2800,DSM,"[[""BUY_ANIMAL"", ""COW"", 1], [""BUY_PRODUCT"", ""WHEAT"", 5], [""BUY_ANIMAL"", ""SHEEP"", 2]]","[[""BUY_SEED"", ""MELON"", 4], [""HIRE""], [""HIRE""], [""HIRE""], [""HIRE""], [""BUY_ANIMAL"", ""COW"", 1]]",other
8,Azat Akhtyamov,16743356,56491144,112727833,2026-09-24 04:39:31.477000,COMPLETED,EPISODE_TYPE_PUBLIC,0,97419,YumeNeko,16863512,56467178,1,91457,1,2866.2,>2800,DSM,"[[""BUY_ANIMAL"", ""COW"", 1], [""BUY_PRODUCT"", ""WHEAT"", 5], [""BUY_ANIMAL"", ""SHEEP"", 2]]","[[""BUY_SEED"", ""MELON"", 4], [""HIRE""], [""HIRE""], [""HIRE""], [""HIRE""], [""BUY_ANIMAL"", ""COW"", 1]]",other
8,Azat Akhtyamov,16743356,56491144,112719917,2026-09-24 04:16:27.526000,COMPLETED,EPISODE_TYPE_PUBLIC,1,93118,THIRD FARM CLUB,16730524,56483076,0,97825,0,2943.1,>2800,DSM,"[[""BUY_ANIMAL"", ""COW"", 1], [""BUY_PRODUCT"", ""WHEAT"", 5], [""BUY_ANIMAL"", ""SHEEP"", 2]]","[[""BUY_SEED"", ""MELON"", 4], [""HIRE""], [""HIRE""], [""HIRE""], [""HIRE""], [""BUY_ANIMAL"", ""COW"", 1]]",Boey
8,Azat Akhtyamov,16743356,56491144,112712690,2026-09-24 03:49:18.699000,COMPLETED,EPISODE_TYPE_PUBLIC,1,95742,Densike,16660137,56490337,0,126112,0,2873.8,>2800,DSM,"[[""BUY_ANIMAL"", ""COW"", 1], [""BUY_PRODUCT"", ""WHEAT"", 5], [""BUY_ANIMAL"", ""SHEEP"", 2]]","[[""SELL"", ""WHEAT"", 1], [""HIRE""], [""HIRE""], [""HIRE""], [""HIRE""], [""BUY_ANIMAL"", ""COW"", 1]]",DSM
8,Azat Akhtyamov,16743356,56491144,112706593,2026-09-24 03:24:24.318000,COMPLETED,EPISODE_TYPE_PUBLIC,0,86448,ymg_aq,16732403,56506774,1,79439,1,815.1,<2000,DSM,"[[""BUY_ANIMAL"", ""COW"", 1], [""BUY_PRODUCT"", ""WHEAT"", 5], [""BUY_ANIMAL"", ""SHEEP"", 2]]","[[""SELL"", ""WHEAT"", 1], [""HIRE""], [""HIRE""], [""HIRE""], [""HIRE""], [""BUY_ANIMAL"", ""COW"", 1]]",other
8,Azat Akhtyamov,16743356,56491144,112700858,2026-09-24 03:06:48.869000,COMPLETED,EPISODE_TYPE_PUBLIC,1,98439,Fourth Quadrant,16667959,56505223,0,100043,0,2621.2,2500-2800,DSM,"[[""BUY_ANIMAL"", ""COW"", 1], [""BUY_PRODUCT"", ""WHEAT"", 5], [""BUY_ANIMAL"", ""SHEEP"", 2]]","[[""BUY_SEED"", ""MELON"", 4], [""HIRE""], [""HIRE""], [""HIRE""], [""HIRE""], [""BUY_ANIMAL"", ""COW"", 1]]",other
8,Azat Akhtyamov,16743356,56491144,112697781,2026-09-24 02:55:21.450000,COMPLETED,EPISODE_TYPE_PUBLIC,0,124631,TheEggman,16887437,56498825,1,114105,1,2910.6,>2800,DSM,"[[""BUY_ANIMAL"", ""COW"", 1], [""BUY_PRODUCT"", ""WHEAT"", 5], [""BUY_ANIMAL"", ""SHEEP"", 2]]","[[""SELL"", ""WHEAT"", 1], [""HIRE""], [""HIRE""], [""HIRE""], [""HIRE""], [""BUY_ANIMAL"", ""COW"", 1]]",other
8,Azat Akhtyamov,16743356,56491144,112692848,2026-09-24 02:36:37.038000,COMPLETED,EPISODE_TYPE_PUBLIC,1,75604,ShunkiKyoya,16743582,56504886,0,74766,1,2808.2,>2800,DSM,"[[""BUY_ANIMAL"", ""COW"", 1], [""BUY_PRODUCT"", ""WHEAT"", 5], [""BUY_ANIMAL"", ""SHEEP"", 2]]","[[""BUY_SEED"", ""MELON"", 4], [""HIRE""], [""HIRE""], [""HIRE""], [""HIRE""], [""BUY_ANIMAL"", ""COW"", 1]]",other
8,Azat Akhtyamov,16743356,56491144,112685984,2026-09-24 02:15:18.524000,COMPLETED,EPISODE_TYPE_PUBLIC,0,117618,mtmr_s1,16758882,56461142,1,118098,0,2926.7,>2800,DSM,"[[""BUY_ANIMAL"", ""COW"", 1], [""BUY_PRODUCT"", ""WHEAT"", 5], [""BUY_ANIMAL"", ""SHEEP"", 2]]","[[""SELL"", ""WHEAT"", 1], [""HIRE""], [""HIRE""], [""HIRE""], [""HIRE""], [""BUY_ANIMAL"", ""COW"", 1]]",DSM
8,Azat Akhtyamov,16743356,56491144,112683893,2026-09-24 02:05:09.438000,COMPLETED,EPISODE_TYPE_PUBLIC,0,117866,Arda Ceylan,16673205,56502525,1,116402,1,2930.9,>2800,DSM,"[[""BUY_ANIMAL"", ""COW"", 1], [""BUY_PRODUCT"", ""WHEAT"", 5], [""BUY_ANIMAL"", ""SHEEP"", 2]]","[[""SELL"", ""WHEAT"", 1], [""HIRE""], [""HIRE""], [""HIRE""], [""HIRE""], [""BUY_ANIMAL"", ""COW"", 1]]",other
8,Azat Akhtyamov,16743356,56491144,112677758,2026-09-24 01:44:11.249000,COMPLETED,EPISODE_TYPE_PUBLIC,0,98637,Majkel1337,16718819,56504326,1,107169,0,2981.3,>2800,DSM,"[[""BUY_ANIMAL"", ""COW"", 1], [""BUY_PRODUCT"", ""WHEAT"", 5], [""BUY_ANIMAL"", ""SHEEP"", 2]]","[[""SELL"", ""WHEAT"", 1], [""HIRE""], [""HIRE""], [""HIRE""], [""HIRE""], [""BUY_ANIMAL"", ""COW"", 1]]",other
8,Azat Akhtyamov,16743356,56491144,112671060,2026-09-24 01:22:17.518000,COMPLETED,EPISODE_TYPE_PUBLIC,0,105955,🐚seek inspiration🐚,16793083,56489993,1,102200,1,2873.2,>2800,DSM,"[[""BUY_ANIMAL"", ""COW"", 1], [""BUY_PRODUCT"", ""WHEAT"", 5], [""BUY_ANIMAL"", ""SHEEP"", 2]]","[[""SELL"", ""WHEAT"", 1], [""HIRE""], [""HIRE""], [""HIRE""], [""HIRE""], [""BUY_ANIMAL"", ""COW"", 1]]",DSM
8,Azat Akhtyamov,16743356,56491144,112665108,2026-09-24 01:01:02.129000,COMPLETED,EPISODE_TYPE_PUBLIC,0,99442,🐚seek inspiration🐚,16793083,56489275,1,114655,0,2873.2,>2800,DSM,"[[""BUY_ANIMAL"", ""COW"", 1], [""BUY_PRODUCT"", ""WHEAT"", 5], [""BUY_ANIMAL"", ""SHEEP"", 2]]","[[""SELL"", ""WHEAT"", 1], [""HIRE""], [""HIRE""], [""HIRE""], [""HIRE""], [""BUY_ANIMAL"", ""COW"", 1]]",tape
8,Azat Akhtyamov,16743356,56491144,112659228,2026-09-24 00:41:21.761000,COMPLETED,EPISODE_TYPE_PUBLIC,0,100369,Excluding,16671741,56468167,1,89181,1,2835.0,>2800,DSM,"[[""BUY_ANIMAL"", ""COW"", 1], [""BUY_PRODUCT"", ""WHEAT"", 5], [""BUY_ANIMAL"", ""SHEEP"", 2]]","[[""BUY_SEED"", ""MELON"", 4], [""HIRE""], [""HIRE""], [""HIRE""], [""HIRE""], [""BUY_ANIMAL"", ""COW"", 1]]",other
8,Azat Akhtyamov,16743356,56491144,112653325,2026-09-24 00:22:46.871000,COMPLETED,EPISODE_TYPE_PUBLIC,0,65393,ymg_aq,16732403,56489988,1,66871,0,815.1,<2000,DSM,"[[""BUY_ANIMAL"", ""COW"", 1], [""BUY_PRODUCT"", ""WHEAT"", 5], [""BUY_ANIMAL"", ""SHEEP"", 2]]","[[""SELL"", ""WHEAT"", 1], [""HIRE""], [""HIRE""], [""HIRE""], [""HIRE""], [""BUY_ANIMAL"", ""COW"", 1]]",other
8,Azat Akhtyamov,16743356,56491144,112647493,2026-09-24 00:10:57.895000,COMPLETED,EPISODE_TYPE_PUBLIC,0,59402,SpaTaro,16640510,56445377,1,61576,0,2885.0,>2800,DSM,"[[""BUY_ANIMAL"", ""COW"", 1], [""BUY_PRODUCT"", ""WHEAT"", 5], [""BUY_ANIMAL"", ""SHEEP"", 2]]","[[""BUY_SEED"", ""MELON"", 4], [""HIRE""], [""HIRE""], [""HIRE""], [""HIRE""], [""BUY_ANIMAL"", ""COW"", 1]]",other
9,THIRD FARM CLUB,16730524,56520754,112934509,2026-09-24 16:30:05.523000,COMPLETED,EPISODE_TYPE_PUBLIC,1,96196,Smackaveli,16862183,56518189,0,91625,1,2893.4,>2800,Boey,"[[""BUY_PRODUCT"", ""WHEAT"", 3], [""HIRE""], [""HIRE""], [""HIRE""], [""HIRE""], [""HIRE""], [""BUY_ANIMAL"", ""SHEEP"", 2], [""BUY_ANIMAL"", ""COW"", 3], [""BUY_SEED"", ""MELON"", 7], [""BUY_SEED"", ""WHEAT"", 13]]",[],DSM
9,THIRD FARM CLUB,16730524,56520754,112933643,2026-09-24 16:28:55.016000,COMPLETED,EPISODE_TYPE_PUBLIC,1,87598,Unknown Mother-Goose,16730612,56519499,0,84629,1,2980.7,>2800,Boey,"[[""BUY_PRODUCT"", ""WHEAT"", 3], [""HIRE""], [""HIRE""], [""HIRE""], [""HIRE""], [""HIRE""], [""BUY_ANIMAL"", ""SHEEP"", 2], [""BUY_ANIMAL"", ""COW"", 3], [""BUY_SEED"", ""MELON"", 7], [""BUY_SEED"", ""WHEAT"", 13]]",[],DSM
9,THIRD FARM CLUB,16730524,56520754,112933347,2026-09-24 16:26:21.984000,COMPLETED,EPISODE_TYPE_PUBLIC,1,114004,Vadim Vasilenko,16770421,56501059,0,124603,0,3017.3,>2800,Boey,"[[""BUY_PRODUCT"", ""WHEAT"", 3], [""HIRE""], [""HIRE""], [""HIRE""], [""HIRE""], [""HIRE""], [""BUY_ANIMAL"", ""SHEEP"", 2], [""BUY_ANIMAL"", ""COW"", 3], [""BUY_SEED"", ""MELON"", 7], [""BUY_SEED"", ""WHEAT"", 13]]",[],DSM
9,THIRD FARM CLUB,16730524,56520754,112932137,2026-09-24 16:23:30.359000,COMPLETED,EPISODE_TYPE_PUBLIC,0,142964,🐚seek inspiration🐚,16793083,56489993,1,134504,1,2873.2,>2800,Boey,"[[""BUY_PRODUCT"", ""WHEAT"", 3], [""HIRE""], [""HIRE""], [""HIRE""], [""HIRE""], [""HIRE""], [""BUY_ANIMAL"", ""SHEEP"", 2], [""BUY_ANIMAL"", ""COW"", 3], [""BUY_SEED"", ""MELON"", 7], [""BUY_SEED"", ""WHEAT"", 13]]",[],DSM
9,THIRD FARM CLUB,16730524,56520754,112931100,2026-09-24 16:19:10.511000,COMPLETED,EPISODE_TYPE_PUBLIC,1,93068,Azat Akhtyamov,16743356,56491149,0,97821,0,2938.9,>2800,Boey,"[[""BUY_PRODUCT"", ""WHEAT"", 3], [""HIRE""], [""HIRE""], [""HIRE""], [""HIRE""], [""HIRE""], [""BUY_ANIMAL"", ""SHEEP"", 2], [""BUY_ANIMAL"", ""COW"", 3], [""BUY_SEED"", ""MELON"", 7], [""BUY_SEED"", ""WHEAT"", 13]]",[],DSM
9,THIRD FARM CLUB,16730524,56520754,112929801,2026-09-24 16:13:04.164000,COMPLETED,EPISODE_TYPE_PUBLIC,1,96106,marwar22,16864314,56507022,0,87280,1,2859.9,>2800,Boey,"[[""BUY_PRODUCT"", ""WHEAT"", 3], [""HIRE""], [""HIRE""], [""HIRE""], [""HIRE""], [""HIRE""], [""BUY_ANIMAL"", ""SHEEP"", 2], [""BUY_ANIMAL"", ""COW"", 3], [""BUY_SEED"", ""MELON"", 7], [""BUY_SEED"", ""WHEAT"", 13]]",[],other
9,THIRD FARM CLUB,16730524,56520754,112928586,2026-09-24 16:12:06.124000,COMPLETED,EPISODE_TYPE_PUBLIC,0,111320,Azat Akhtyamov,16743356,56491144,1,98498,1,2938.9,>2800,Boey,"[[""BUY_PRODUCT"", ""WHEAT"", 3], [""HIRE""], [""HIRE""], [""HIRE""], [""HIRE""], [""HIRE""], [""BUY_ANIMAL"", ""SHEEP"", 2], [""BUY_ANIMAL"", ""COW"", 3], [""BUY_SEED"", ""MELON"", 7], [""BUY_SEED"", ""WHEAT"", 13]]",[],DSM
9,THIRD FARM CLUB,16730524,56520754,112927424,2026-09-24 16:08:46.061000,COMPLETED,EPISODE_TYPE_PUBLIC,1,87522,lingxiaojun,16658349,56223239,0,67772,1,2768.2,2500-2800,Boey,"[[""BUY_PRODUCT"", ""WHEAT"", 3], [""HIRE""], [""HIRE""], [""HIRE""], [""HIRE""], [""HIRE""], [""BUY_ANIMAL"", ""SHEEP"", 2], [""BUY_ANIMAL"", ""COW"", 3], [""BUY_SEED"", ""MELON"", 7], [""BUY_SEED"", ""WHEAT"", 13]]",[],other
9,THIRD FARM CLUB,16730524,56520754,112926265,2026-09-24 16:02:36.673000,COMPLETED,EPISODE_TYPE_PUBLIC,1,116406,Otter Vibe,16760569,56497078,0,107117,1,2874.0,>2800,Boey,"[[""BUY_PRODUCT"", ""WHEAT"", 3], [""HIRE""], [""HIRE""], [""HIRE""], [""HIRE""], [""HIRE""], [""BUY_ANIMAL"", ""SHEEP"", 2], [""BUY_ANIMAL"", ""COW"", 3], [""BUY_SEED"", ""MELON"", 7], [""BUY_SEED"", ""WHEAT"", 13]]",[],other
9,THIRD FARM CLUB,16730524,56520754,112925372,2026-09-24 16:01:42.385000,COMPLETED,EPISODE_TYPE_PUBLIC,0,141368,🐚seek inspiration🐚,16793083,56489993,1,110830,1,2873.2,>2800,Boey,"[[""BUY_PRODUCT"", ""WHEAT"", 3], [""HIRE""], [""HIRE""], [""HIRE""], [""HIRE""], [""HIRE""], [""BUY_ANIMAL"", ""SHEEP"", 2], [""BUY_ANIMAL"", ""COW"", 3], [""BUY_SEED"", ""MELON"", 7], [""BUY_SEED"", ""WHEAT"", 13]]",[],DSM
9,THIRD FARM CLUB,16730524,56520754,112925082,2026-09-24 15:59:01.052000,COMPLETED,EPISODE_TYPE_PUBLIC,1,104779,Vadim Vasilenko,16770421,56501059,0,102721,1,3017.3,>2800,Boey,"[[""BUY_PRODUCT"", ""WHEAT"", 3], [""HIRE""], [""HIRE""], [""HIRE""], [""HIRE""], [""HIRE""], [""BUY_ANIMAL"", ""SHEEP"", 2], [""BUY_ANIMAL"", ""COW"", 3], [""BUY_SEED"", ""MELON"", 7], [""BUY_SEED"", ""WHEAT"", 13]]",[],DSM
9,THIRD FARM CLUB,16730524,56520754,112923062,2026-09-24 15:56:49.198000,COMPLETED,EPISODE_TYPE_PUBLIC,1,101626,SpaTaro,16640510,56516344,0,98422,1,2885.0,>2800,Boey,"[[""BUY_PRODUCT"", ""WHEAT"", 3], [""HIRE""], [""HIRE""], [""HIRE""], [""HIRE""], [""HIRE""], [""BUY_ANIMAL"", ""SHEEP"", 2], [""BUY_ANIMAL"", ""COW"", 3], [""BUY_SEED"", ""MELON"", 7], [""BUY_SEED"", ""WHEAT"", 13]]",[],other
9,THIRD FARM CLUB,16730524,56520754,112923911,2026-09-24 15:53:24.281000,COMPLETED,EPISODE_TYPE_PUBLIC,1,109887,Majkel1337,16718819,56504326,0,112180,0,2981.3,>2800,Boey,"[[""BUY_PRODUCT"", ""WHEAT"", 3], [""HIRE""], [""HIRE""], [""HIRE""], [""HIRE""], [""HIRE""], [""BUY_ANIMAL"", ""SHEEP"", 2], [""BUY_ANIMAL"", ""COW"", 3], [""BUY_SEED"", ""MELON"", 7], [""BUY_SEED"", ""WHEAT"", 13]]",[],other
9,THIRD FARM CLUB,16730524,56520754,112921428,2026-09-24 15:52:42.519000,COMPLETED,EPISODE_TYPE_PUBLIC,0,101662,SpaTaro,16640510,56468202,1,95465,1,2885.0,>2800,Boey,"[[""BUY_PRODUCT"", ""WHEAT"", 3], [""HIRE""], [""HIRE""], [""HIRE""], [""HIRE""], [""HIRE""], [""BUY_ANIMAL"", ""SHEEP"", 2], [""BUY_ANIMAL"", ""COW"", 3], [""BUY_SEED"", ""MELON"", 7], [""BUY_SEED"", ""WHEAT"", 13]]",[],other
9,THIRD FARM CLUB,16730524,56520754,112919398,2026-09-24 15:44:38.151000,COMPLETED,EPISODE_TYPE_PUBLIC,1,106209,Orbital Terraformer,16675778,56467169,0,107012,0,2843.6,>2800,Boey,"[[""BUY_PRODUCT"", ""WHEAT"", 3], [""HIRE""], [""HIRE""], [""HIRE""], [""HIRE""], [""HIRE""], [""BUY_ANIMAL"", ""SHEEP"", 2], [""BUY_ANIMAL"", ""COW"", 3], [""BUY_SEED"", ""MELON"", 7], [""BUY_SEED"", ""WHEAT"", 13]]",[],DSM
9,THIRD FARM CLUB,16730524,56520754,112920420,2026-09-24 15:41:30.829000,COMPLETED,EPISODE_TYPE_PUBLIC,1,111496,YumeNeko,16863512,56467178,0,120484,0,2866.2,>2800,Boey,"[[""BUY_PRODUCT"", ""WHEAT"", 3], [""HIRE""], [""HIRE""], [""HIRE""], [""HIRE""], [""HIRE""], [""BUY_ANIMAL"", ""SHEEP"", 2], [""BUY_ANIMAL"", ""COW"", 3], [""BUY_SEED"", ""MELON"", 7], [""BUY_SEED"", ""WHEAT"", 13]]",[],other
9,THIRD FARM CLUB,16730524,56520754,112918079,2026-09-24 15:36:34.065000,COMPLETED,EPISODE_TYPE_PUBLIC,0,95880,Smackaveli,16862183,56518189,1,93997,1,2893.4,>2800,Boey,"[[""BUY_PRODUCT"", ""WHEAT"", 3], [""HIRE""], [""HIRE""], [""HIRE""], [""HIRE""], [""HIRE""], [""BUY_ANIMAL"", ""SHEEP"", 2], [""BUY_ANIMAL"", ""COW"", 3], [""BUY_SEED"", ""MELON"", 7], [""BUY_SEED"", ""WHEAT"", 13]]",[],DSM
9,THIRD FARM CLUB,16730524,56520754,112916907,2026-09-24 15:30:27.961000,COMPLETED,EPISODE_TYPE_PUBLIC,0,131745,Yannik Schiffner,16760701,56519100,1,124574,1,2834.6,>2800,Boey,"[[""BUY_PRODUCT"", ""WHEAT"", 3], [""HIRE""], [""HIRE""], [""HIRE""], [""HIRE""], [""HIRE""], [""BUY_ANIMAL"", ""SHEEP"", 2], [""BUY_ANIMAL"", ""COW"", 3], [""BUY_SEED"", ""MELON"", 7], [""BUY_SEED"", ""WHEAT"", 13]]",[],Boey
9,THIRD FARM CLUB,16730524,56520754,112914544,2026-09-24 15:26:44.087000,COMPLETED,EPISODE_TYPE_PUBLIC,0,95191,🐚seek inspiration🐚,16793083,56489993,1,92158,1,2873.2,>2800,Boey,"[[""BUY_PRODUCT"", ""WHEAT"", 3], [""HIRE""], [""HIRE""], [""HIRE""], [""HIRE""], [""HIRE""], [""BUY_ANIMAL"", ""SHEEP"", 2], [""BUY_ANIMAL"", ""COW"", 3], [""BUY_SEED"", ""MELON"", 7], [""BUY_SEED"", ""WHEAT"", 13]]",[],DSM
9,THIRD FARM CLUB,16730524,56520754,112915712,2026-09-24 15:24:52.995000,COMPLETED,EPISODE_TYPE_PUBLIC,1,130775,Artem The Farmer 🍅,16621799,56521198,0,128604,1,2902.8,>2800,Boey,"[[""BUY_PRODUCT"", ""WHEAT"", 3], [""HIRE""], [""HIRE""], [""HIRE""], [""HIRE""], [""HIRE""], [""BUY_ANIMAL"", ""SHEEP"", 2], [""BUY_ANIMAL"", ""COW"", 3], [""BUY_SEED"", ""MELON"", 7], [""BUY_SEED"", ""WHEAT"", 13]]",[],other
9,THIRD FARM CLUB,16730524,56520754,112913364,2026-09-24 15:21:41.739000,COMPLETED,EPISODE_TYPE_PUBLIC,1,133192,Smackaveli,16862183,56518189,0,124555,1,2893.4,>2800,Boey,"[[""BUY_PRODUCT"", ""WHEAT"", 3], [""HIRE""], [""HIRE""], [""HIRE""], [""HIRE""], [""HIRE""], [""BUY_ANIMAL"", ""SHEEP"", 2], [""BUY_ANIMAL"", ""COW"", 3], [""BUY_SEED"", ""MELON"", 7], [""BUY_SEED"", ""WHEAT"", 13]]",[],DSM
9,THIRD FARM CLUB,16730524,56520754,112912177,2026-09-24 15:15:37.469000,COMPLETED,EPISODE_TYPE_PUBLIC,1,106261,Arda Ceylan,16673205,56508756,0,112026,0,2930.9,>2800,Boey,"[[""BUY_PRODUCT"", ""WHEAT"", 3], [""HIRE""], [""HIRE""], [""HIRE""], [""HIRE""], [""HIRE""], [""BUY_ANIMAL"", ""SHEEP"", 2], [""BUY_ANIMAL"", ""COW"", 3], [""BUY_SEED"", ""MELON"", 7], [""BUY_SEED"", ""WHEAT"", 13]]",[],other
9,THIRD FARM CLUB,16730524,56520754,112910995,2026-09-24 15:10:53.789000,COMPLETED,EPISODE_TYPE_PUBLIC,0,105209,Artem The Farmer 🍅,16621799,56521198,1,110083,0,2902.8,>2800,Boey,"[[""BUY_PRODUCT"", ""WHEAT"", 3], [""HIRE""], [""HIRE""], [""HIRE""], [""HIRE""], [""HIRE""], [""BUY_ANIMAL"", ""SHEEP"", 2], [""BUY_ANIMAL"", ""COW"", 3], [""BUY_SEED"", ""MELON"", 7], [""BUY_SEED"", ""WHEAT"", 13]]",[],other
9,THIRD FARM CLUB,16730524,56520754,112909786,2026-09-24 15:06:47.739000,COMPLETED,EPISODE_TYPE_PUBLIC,1,126266,Kaggledew Valley 🏆,16633132,56478402,0,119811,1,2964.1,>2800,Boey,"[[""BUY_PRODUCT"", ""WHEAT"", 3], [""HIRE""], [""HIRE""], [""HIRE""], [""HIRE""], [""HIRE""], [""BUY_ANIMAL"", ""SHEEP"", 2], [""BUY_ANIMAL"", ""COW"", 3], [""BUY_SEED"", ""MELON"", 7], [""BUY_SEED"", ""WHEAT"", 13]]",[],other
9,THIRD FARM CLUB,16730524,56520754,112908620,2026-09-24 15:03:32.123000,COMPLETED,EPISODE_TYPE_PUBLIC,0,86123,Majkel1337,16718819,56504328,1,84916,1,2981.3,>2800,Boey,"[[""BUY_PRODUCT"", ""WHEAT"", 3], [""HIRE""], [""HIRE""], [""HIRE""], [""HIRE""], [""HIRE""], [""BUY_ANIMAL"", ""SHEEP"", 2], [""BUY_ANIMAL"", ""COW"", 3], [""BUY_SEED"", ""MELON"", 7], [""BUY_SEED"", ""WHEAT"", 13]]",[],other
9,THIRD FARM CLUB,16730524,56520754,112907430,2026-09-24 15:00:03.399000,COMPLETED,EPISODE_TYPE_PUBLIC,1,96228,Artem The Farmer 🍅,16621799,56521198,0,101281,0,2902.8,>2800,Boey,"[[""BUY_PRODUCT"", ""WHEAT"", 3], [""HIRE""], [""HIRE""], [""HIRE""], [""HIRE""], [""HIRE""], [""BUY_ANIMAL"", ""SHEEP"", 2], [""BUY_ANIMAL"", ""COW"", 3], [""BUY_SEED"", ""MELON"", 7], [""BUY_SEED"", ""WHEAT"", 13]]",[],other
9,THIRD FARM CLUB,16730524,56520754,112906261,2026-09-24 14:56:06.338000,COMPLETED,EPISODE_TYPE_PUBLIC,1,135311,YumeNeko,16863512,56467178,0,128440,1,2866.2,>2800,Boey,"[[""BUY_PRODUCT"", ""WHEAT"", 3], [""HIRE""], [""HIRE""], [""HIRE""], [""HIRE""], [""HIRE""], [""BUY_ANIMAL"", ""SHEEP"", 2], [""BUY_ANIMAL"", ""COW"", 3], [""BUY_SEED"", ""MELON"", 7], [""BUY_SEED"", ""WHEAT"", 13]]",[],other
9,THIRD FARM CLUB,16730524,56520754,112905100,2026-09-24 14:52:42.082000,COMPLETED,EPISODE_TYPE_PUBLIC,1,102009,Artem The Farmer 🍅,16621799,56509834,0,99071,1,2902.8,>2800,Boey,"[[""BUY_PRODUCT"", ""WHEAT"", 3], [""HIRE""], [""HIRE""], [""HIRE""], [""HIRE""], [""HIRE""], [""BUY_ANIMAL"", ""SHEEP"", 2], [""BUY_ANIMAL"", ""COW"", 3], [""BUY_SEED"", ""MELON"", 7], [""BUY_SEED"", ""WHEAT"", 13]]",[],other
9,THIRD FARM CLUB,16730524,56520754,112905320,2026-09-24 14:48:14.683000,COMPLETED,EPISODE_TYPE_PUBLIC,0,126621,Yannik Schiffner,16760701,56519100,1,118790,1,2834.6,>2800,Boey,"[[""BUY_PRODUCT"", ""WHEAT"", 3], [""HIRE""], [""HIRE""], [""HIRE""], [""HIRE""], [""HIRE""], [""BUY_ANIMAL"", ""SHEEP"", 2], [""BUY_ANIMAL"", ""COW"", 3], [""BUY_SEED"", ""MELON"", 7], [""BUY_SEED"", ""WHEAT"", 13]]",[],Boey
9,THIRD FARM CLUB,16730524,56520754,112903964,2026-09-24 14:44:52.829000,COMPLETED,EPISODE_TYPE_PUBLIC,0,90698,THUNDER THUNDER,16622198,56420406,1,74239,1,2831.8,>2800,Boey,"[[""BUY_PRODUCT"", ""WHEAT"", 3], [""HIRE""], [""HIRE""], [""HIRE""], [""HIRE""], [""HIRE""], [""BUY_ANIMAL"", ""SHEEP"", 2], [""BUY_ANIMAL"", ""COW"", 3], [""BUY_SEED"", ""MELON"", 7], [""BUY_SEED"", ""WHEAT"", 13]]",[],other
9,THIRD FARM CLUB,16730524,56520754,112902722,2026-09-24 14:40:53.783000,COMPLETED,EPISODE_TYPE_PUBLIC,1,123069,Ebi,16882725,56386270,0,101223,1,2779.1,2500-2800,Boey,"[[""BUY_PRODUCT"", ""WHEAT"", 3], [""HIRE""], [""HIRE""], [""HIRE""], [""HIRE""], [""HIRE""], [""BUY_ANIMAL"", ""SHEEP"", 2], [""BUY_ANIMAL"", ""COW"", 3], [""BUY_SEED"", ""MELON"", 7], [""BUY_SEED"", ""WHEAT"", 13]]",[],other
9,THIRD FARM CLUB,16730524,56520754,112901801,2026-09-24 14:39:22.984000,COMPLETED,EPISODE_TYPE_PUBLIC,0,121488,Yannik Schiffner,16760701,56519100,1,116356,1,2834.6,>2800,Boey,"[[""BUY_PRODUCT"", ""WHEAT"", 3], [""HIRE""], [""HIRE""], [""HIRE""], [""HIRE""], [""HIRE""], [""BUY_ANIMAL"", ""SHEEP"", 2], [""BUY_ANIMAL"", ""COW"", 3], [""BUY_SEED"", ""MELON"", 7], [""BUY_SEED"", ""WHEAT"", 13]]",[],Boey
9,THIRD FARM CLUB,16730524,56520754,112901557,2026-09-24 14:39:14.115000,COMPLETED,EPISODE_TYPE_PUBLIC,0,105837,Azat Akhtyamov,16743356,56491149,1,114969,0,2938.9,>2800,Boey,"[[""BUY_PRODUCT"", ""WHEAT"", 3], [""HIRE""], [""HIRE""], [""HIRE""], [""HIRE""], [""HIRE""], [""BUY_ANIMAL"", ""SHEEP"", 2], [""BUY_ANIMAL"", ""COW"", 3], [""BUY_SEED"", ""MELON"", 7], [""BUY_SEED"", ""WHEAT"", 13]]",[],DSM
9,THIRD FARM CLUB,16730524,56520754,112900405,2026-09-24 14:37:20.038000,COMPLETED,EPISODE_TYPE_PUBLIC,0,80548,Smackaveli,16862183,56505883,1,75800,1,2893.4,>2800,Boey,"[[""BUY_PRODUCT"", ""WHEAT"", 3], [""HIRE""], [""HIRE""], [""HIRE""], [""HIRE""], [""HIRE""], [""BUY_ANIMAL"", ""SHEEP"", 2], [""BUY_ANIMAL"", ""COW"", 3], [""BUY_SEED"", ""MELON"", 7], [""BUY_SEED"", ""WHEAT"", 13]]",[],DSM
9,THIRD FARM CLUB,16730524,56520754,112899215,2026-09-24 14:27:52.907000,COMPLETED,EPISODE_TYPE_PUBLIC,1,113718,摆烂小分队 🏆,16695046,56508654,0,102119,1,2851.2,>2800,Boey,"[[""BUY_PRODUCT"", ""WHEAT"", 3], [""HIRE""], [""HIRE""], [""HIRE""], [""HIRE""], [""HIRE""], [""BUY_ANIMAL"", ""SHEEP"", 2], [""BUY_ANIMAL"", ""COW"", 3], [""BUY_SEED"", ""MELON"", 7], [""BUY_SEED"", ""WHEAT"", 13]]",[],tape
9,THIRD FARM CLUB,16730524,56520754,112898037,2026-09-24 14:25:13.982000,COMPLETED,EPISODE_TYPE_PUBLIC,0,123468,Zyy7390,16668783,56505036,1,106802,1,2739.7,2500-2800,Boey,"[[""BUY_PRODUCT"", ""WHEAT"", 3], [""HIRE""], [""HIRE""], [""HIRE""], [""HIRE""], [""HIRE""], [""BUY_ANIMAL"", ""SHEEP"", 2], [""BUY_ANIMAL"", ""COW"", 3], [""BUY_SEED"", ""MELON"", 7], [""BUY_SEED"", ""WHEAT"", 13]]",[],tape
9,THIRD FARM CLUB,16730524,56520754,112896865,2026-09-24 14:21:26.925000,COMPLETED,EPISODE_TYPE_PUBLIC,0,148849,THUNDER THUNDER,16622198,56392823,1,120648,1,2831.8,>2800,Boey,"[[""BUY_PRODUCT"", ""WHEAT"", 3], [""HIRE""], [""HIRE""], [""HIRE""], [""HIRE""], [""HIRE""], [""BUY_ANIMAL"", ""SHEEP"", 2], [""BUY_ANIMAL"", ""COW"", 3], [""BUY_SEED"", ""MELON"", 7], [""BUY_SEED"", ""WHEAT"", 13]]",[],other
9,THIRD FARM CLUB,16730524,56520754,112895680,2026-09-24 14:17:12.233000,COMPLETED,EPISODE_TYPE_PUBLIC,0,108519,midnq,16632327,56502625,1,90188,1,2804.1,>2800,Boey,"[[""BUY_PRODUCT"", ""WHEAT"", 3], [""HIRE""], [""HIRE""], [""HIRE""], [""HIRE""], [""HIRE""], [""BUY_ANIMAL"", ""SHEEP"", 2], [""BUY_ANIMAL"", ""COW"", 3], [""BUY_SEED"", ""MELON"", 7], [""BUY_SEED"", ""WHEAT"", 13]]",[],other
9,THIRD FARM CLUB,16730524,56520754,112894468,2026-09-24 14:13:54.068000,COMPLETED,EPISODE_TYPE_PUBLIC,0,120187,Justin Yang,16857676,56509401,1,86995,1,2731.9,2500-2800,Boey,"[[""BUY_PRODUCT"", ""WHEAT"", 3], [""HIRE""], [""HIRE""], [""HIRE""], [""HIRE""], [""HIRE""], [""BUY_ANIMAL"", ""SHEEP"", 2], [""BUY_ANIMAL"", ""COW"", 3], [""BUY_SEED"", ""MELON"", 7], [""BUY_SEED"", ""WHEAT"", 13]]",[],tape
9,THIRD FARM CLUB,16730524,56520754,112893311,2026-09-24 14:10:42.098000,COMPLETED,EPISODE_TYPE_PUBLIC,1,127243,Ryo Hasegawa,16644287,56506377,0,112146,1,2780.4,2500-2800,Boey,"[[""BUY_PRODUCT"", ""WHEAT"", 3], [""HIRE""], [""HIRE""], [""HIRE""], [""HIRE""], [""HIRE""], [""BUY_ANIMAL"", ""SHEEP"", 2], [""BUY_ANIMAL"", ""COW"", 3], [""BUY_SEED"", ""MELON"", 7], [""BUY_SEED"", ""WHEAT"", 13]]",[],tape
9,THIRD FARM CLUB,16730524,56520754,112892141,2026-09-24 14:04:43.056000,COMPLETED,EPISODE_TYPE_PUBLIC,0,113564,Civitasmass,16659679,56512034,1,95610,1,2729.6,2500-2800,Boey,"[[""BUY_PRODUCT"", ""WHEAT"", 3], [""HIRE""], [""HIRE""], [""HIRE""], [""HIRE""], [""HIRE""], [""BUY_ANIMAL"", ""SHEEP"", 2], [""BUY_ANIMAL"", ""COW"", 3], [""BUY_SEED"", ""MELON"", 7], [""BUY_SEED"", ""WHEAT"", 13]]",[],tape
9,THIRD FARM CLUB,16730524,56520754,112890982,2026-09-24 14:01:51.918000,COMPLETED,EPISODE_TYPE_PUBLIC,0,102620,Rojiomote,16732857,56494755,1,86822,1,1041.0,<2000,Boey,"[[""BUY_PRODUCT"", ""WHEAT"", 3], [""HIRE""], [""HIRE""], [""HIRE""], [""HIRE""], [""HIRE""], [""BUY_ANIMAL"", ""SHEEP"", 2], [""BUY_ANIMAL"", ""COW"", 3], [""BUY_SEED"", ""MELON"", 7], [""BUY_SEED"", ""WHEAT"", 13]]",[],tape
9,THIRD FARM CLUB,16730524,56520754,112889797,2026-09-24 13:59:37.011000,COMPLETED,EPISODE_TYPE_PUBLIC,1,120152,Vaibhav Gupta,16656496,56505404,0,99122,1,2702.2,2500-2800,Boey,"[[""BUY_PRODUCT"", ""WHEAT"", 3], [""HIRE""], [""HIRE""], [""HIRE""], [""HIRE""], [""HIRE""], [""BUY_ANIMAL"", ""SHEEP"", 2], [""BUY_ANIMAL"", ""COW"", 3], [""BUY_SEED"", ""MELON"", 7], [""BUY_SEED"", ""WHEAT"", 13]]",[],tape
9,THIRD FARM CLUB,16730524,56520754,112888780,2026-09-24 13:54:22.207000,COMPLETED,EPISODE_TYPE_PUBLIC,0,119094,koren sabag,16685763,56519845,1,110033,1,2724.0,2500-2800,Boey,"[[""BUY_PRODUCT"", ""WHEAT"", 3], [""HIRE""], [""HIRE""], [""HIRE""], [""HIRE""], [""HIRE""], [""BUY_ANIMAL"", ""SHEEP"", 2], [""BUY_ANIMAL"", ""COW"", 3], [""BUY_SEED"", ""MELON"", 7], [""BUY_SEED"", ""WHEAT"", 13]]",[],tape
9,THIRD FARM CLUB,16730524,56520754,112888619,2026-09-24 13:54:12.139000,COMPLETED,EPISODE_TYPE_PUBLIC,1,97282,HireMe,16693534,56485470,0,76473,1,2666.5,2500-2800,Boey,"[[""BUY_PRODUCT"", ""WHEAT"", 3], [""HIRE""], [""HIRE""], [""HIRE""], [""HIRE""], [""HIRE""], [""BUY_ANIMAL"", ""SHEEP"", 2], [""BUY_ANIMAL"", ""COW"", 3], [""BUY_SEED"", ""MELON"", 7], [""BUY_SEED"", ""WHEAT"", 13]]",[],tape
9,THIRD FARM CLUB,16730524,56520754,112887422,2026-09-24 13:52:03.070000,COMPLETED,EPISODE_TYPE_PUBLIC,1,94042,in blue,16897610,56474427,0,75636,1,1301.7,<2000,Boey,"[[""BUY_PRODUCT"", ""WHEAT"", 3], [""HIRE""], [""HIRE""], [""HIRE""], [""HIRE""], [""HIRE""], [""BUY_ANIMAL"", ""SHEEP"", 2], [""BUY_ANIMAL"", ""COW"", 3], [""BUY_SEED"", ""MELON"", 7], [""BUY_SEED"", ""WHEAT"", 13]]",[],tape
9,THIRD FARM CLUB,16730524,56520754,112887734,2026-09-24 13:49:29.029000,COMPLETED,EPISODE_TYPE_PUBLIC,0,105084,len8487,16623466,56518683,1,86238,1,2658.4,2500-2800,Boey,"[[""BUY_PRODUCT"", ""WHEAT"", 3], [""HIRE""], [""HIRE""], [""HIRE""], [""HIRE""], [""HIRE""], [""BUY_ANIMAL"", ""SHEEP"", 2], [""BUY_ANIMAL"", ""COW"", 3], [""BUY_SEED"", ""MELON"", 7], [""BUY_SEED"", ""WHEAT"", 13]]",[],tape
9,THIRD FARM CLUB,16730524,56520754,112886291,2026-09-24 13:45:44.030000,COMPLETED,EPISODE_TYPE_PUBLIC,0,137662,Mohamed Salah,16773144,56473169,1,113014,1,2679.8,2500-2800,Boey,"[[""BUY_PRODUCT"", ""WHEAT"", 3], [""HIRE""], [""HIRE""], [""HIRE""], [""HIRE""], [""HIRE""], [""BUY_ANIMAL"", ""SHEEP"", 2], [""BUY_ANIMAL"", ""COW"", 3], [""BUY_SEED"", ""MELON"", 7], [""BUY_SEED"", ""WHEAT"", 13]]",[],tape
9,THIRD FARM CLUB,16730524,56520754,112885122,2026-09-24 13:39:55.328000,COMPLETED,EPISODE_TYPE_PUBLIC,1,123367,chungkuangwen,16690763,56507205,0,108059,1,2793.7,2500-2800,Boey,"[[""BUY_PRODUCT"", ""WHEAT"", 3], [""HIRE""], [""HIRE""], [""HIRE""], [""HIRE""], [""HIRE""], [""BUY_ANIMAL"", ""SHEEP"", 2], [""BUY_ANIMAL"", ""COW"", 3], [""BUY_SEED"", ""MELON"", 7], [""BUY_SEED"", ""WHEAT"", 13]]",[],other
9,THIRD FARM CLUB,16730524,56520754,112883925,2026-09-24 13:37:51.263000,COMPLETED,EPISODE_TYPE_PUBLIC,1,93328,crasal,16749342,56515780,0,75941,1,2495.1,2000-2500,Boey,"[[""BUY_PRODUCT"", ""WHEAT"", 3], [""HIRE""], [""HIRE""], [""HIRE""], [""HIRE""], [""HIRE""], [""BUY_ANIMAL"", ""SHEEP"", 2], [""BUY_ANIMAL"", ""COW"", 3], [""BUY_SEED"", ""MELON"", 7], [""BUY_SEED"", ""WHEAT"", 13]]",[],tape
9,THIRD FARM CLUB,16730524,56520754,112882754,2026-09-24 13:34:55.221000,COMPLETED,EPISODE_TYPE_PUBLIC,0,92662,Shawn404,16910633,56516865,1,72248,1,2773.3,2500-2800,Boey,"[[""BUY_PRODUCT"", ""WHEAT"", 3], [""HIRE""], [""HIRE""], [""HIRE""], [""HIRE""], [""HIRE""], [""BUY_ANIMAL"", ""SHEEP"", 2], [""BUY_ANIMAL"", ""COW"", 3], [""BUY_SEED"", ""MELON"", 7], [""BUY_SEED"", ""WHEAT"", 13]]",[],tape
9,THIRD FARM CLUB,16730524,56520754,112881580,2026-09-24 13:28:41.374000,COMPLETED,EPISODE_TYPE_PUBLIC,0,109178,Fuchun Wang,16890669,56516416,1,100165,1,2587.8,2500-2800,Boey,"[[""BUY_PRODUCT"", ""WHEAT"", 3], [""HIRE""], [""HIRE""], [""HIRE""], [""HIRE""], [""HIRE""], [""BUY_ANIMAL"", ""SHEEP"", 2], [""BUY_ANIMAL"", ""COW"", 3], [""BUY_SEED"", ""MELON"", 7], [""BUY_SEED"", ""WHEAT"", 13]]",[],tape
9,THIRD FARM CLUB,16730524,56520754,112880400,2026-09-24 13:26:05.669000,COMPLETED,EPISODE_TYPE_PUBLIC,0,101572,福原 大知,16632157,56498302,1,88182,1,2455.0,2000-2500,Boey,"[[""BUY_PRODUCT"", ""WHEAT"", 3], [""HIRE""], [""HIRE""], [""HIRE""], [""HIRE""], [""HIRE""], [""BUY_ANIMAL"", ""SHEEP"", 2], [""BUY_ANIMAL"", ""COW"", 3], [""BUY_SEED"", ""MELON"", 7], [""BUY_SEED"", ""WHEAT"", 13]]",[],tape
9,THIRD FARM CLUB,16730524,56520754,112879217,2026-09-24 13:21:55.550000,COMPLETED,EPISODE_TYPE_PUBLIC,0,87243,Revanth Tambisetty,16660255,56510814,1,67724,1,2544.1,2500-2800,Boey,"[[""BUY_PRODUCT"", ""WHEAT"", 3], [""HIRE""], [""HIRE""], [""HIRE""], [""HIRE""], [""HIRE""], [""BUY_ANIMAL"", ""SHEEP"", 2], [""BUY_ANIMAL"", ""COW"", 3], [""BUY_SEED"", ""MELON"", 7], [""BUY_SEED"", ""WHEAT"", 13]]",[],tape
9,THIRD FARM CLUB,16730524,56520754,112877999,2026-09-24 13:18:59.264000,COMPLETED,EPISODE_TYPE_PUBLIC,1,159634,vinceybb,16763274,56459435,0,147426,1,2296.9,2000-2500,Boey,"[[""BUY_PRODUCT"", ""WHEAT"", 3], [""HIRE""], [""HIRE""], [""HIRE""], [""HIRE""], [""HIRE""], [""BUY_ANIMAL"", ""SHEEP"", 2], [""BUY_ANIMAL"", ""COW"", 3], [""BUY_SEED"", ""MELON"", 7], [""BUY_SEED"", ""WHEAT"", 13]]",[],tape
9,THIRD FARM CLUB,16730524,56520754,112878142,2026-09-24 13:16:29.227000,COMPLETED,EPISODE_TYPE_PUBLIC,1,99385,たがやす,16746191,56520147,0,84695,1,2488.2,2000-2500,Boey,"[[""BUY_PRODUCT"", ""WHEAT"", 3], [""HIRE""], [""HIRE""], [""HIRE""], [""HIRE""], [""HIRE""], [""BUY_ANIMAL"", ""SHEEP"", 2], [""BUY_ANIMAL"", ""COW"", 3], [""BUY_SEED"", ""MELON"", 7], [""BUY_SEED"", ""WHEAT"", 13]]",[],tape
9,THIRD FARM CLUB,16730524,56520754,112876809,2026-09-24 13:14:05.351000,COMPLETED,EPISODE_TYPE_PUBLIC,0,109784,tamref,16791943,56512380,1,101880,1,2404.9,2000-2500,Boey,"[[""BUY_PRODUCT"", ""WHEAT"", 3], [""HIRE""], [""HIRE""], [""HIRE""], [""HIRE""], [""HIRE""], [""BUY_ANIMAL"", ""SHEEP"", 2], [""BUY_ANIMAL"", ""COW"", 3], [""BUY_SEED"", ""MELON"", 7], [""BUY_SEED"", ""WHEAT"", 13]]",[],tape
9,THIRD FARM CLUB,16730524,56520754,112875719,2026-09-24 13:10:10.917000,COMPLETED,EPISODE_TYPE_PUBLIC,0,118886,Rashid Khazeiynasab,16937871,56520578,1,103561,1,2478.8,2000-2500,Boey,"[[""BUY_PRODUCT"", ""WHEAT"", 3], [""HIRE""], [""HIRE""], [""HIRE""], [""HIRE""], [""HIRE""], [""BUY_ANIMAL"", ""SHEEP"", 2], [""BUY_ANIMAL"", ""COW"", 3], [""BUY_SEED"", ""MELON"", 7], [""BUY_SEED"", ""WHEAT"", 13]]",[],tape
9,THIRD FARM CLUB,16730524,56520754,112875626,2026-09-24 13:08:45.507000,COMPLETED,EPISODE_TYPE_PUBLIC,1,118419,AkiraIshikawa,16641524,56515265,0,99650,1,2427.4,2000-2500,Boey,"[[""BUY_PRODUCT"", ""WHEAT"", 3], [""HIRE""], [""HIRE""], [""HIRE""], [""HIRE""], [""HIRE""], [""BUY_ANIMAL"", ""SHEEP"", 2], [""BUY_ANIMAL"", ""COW"", 3], [""BUY_SEED"", ""MELON"", 7], [""BUY_SEED"", ""WHEAT"", 13]]",[],tape
9,THIRD FARM CLUB,16730524,56520754,112874437,2026-09-24 13:04:11.265000,COMPLETED,EPISODE_TYPE_PUBLIC,1,130374,Chaoqi Luo,16701779,56520449,0,114582,1,2544.6,2500-2800,Boey,"[[""BUY_PRODUCT"", ""WHEAT"", 3], [""HIRE""], [""HIRE""], [""HIRE""], [""HIRE""], [""HIRE""], [""BUY_ANIMAL"", ""SHEEP"", 2], [""BUY_ANIMAL"", ""COW"", 3], [""BUY_SEED"", ""MELON"", 7], [""BUY_SEED"", ""WHEAT"", 13]]",[],tape
10,Arda Ceylan,16673205,56508756,112927372,2026-09-24 16:07:48.229000,COMPLETED,EPISODE_TYPE_PUBLIC,0,86810,THIRD FARM CLUB,16730524,56520593,1,86375,1,2943.1,>2800,other,"[[""BUY_PRODUCT"", ""WHEAT"", 5], [""BUY_ANIMAL"", ""COW"", 1]]","[[""SELL"", ""WHEAT"", 1], [""HIRE""], [""HIRE""], [""HIRE""], [""HIRE""], [""BUY_ANIMAL"", ""COW"", 1], [""BUY_ANIMAL"", ""SHEEP"", 3]]",Boey
10,Arda Ceylan,16673205,56508756,112923005,2026-09-24 15:50:33.304000,COMPLETED,EPISODE_TYPE_PUBLIC,0,88396,ymg_aq,16732403,56506729,1,83559,1,815.1,<2000,other,"[[""BUY_PRODUCT"", ""WHEAT"", 5], [""BUY_ANIMAL"", ""COW"", 1]]","[[""SELL"", ""WHEAT"", 1], [""HIRE""], [""HIRE""], [""HIRE""], [""HIRE""], [""BUY_ANIMAL"", ""COW"", 1], [""BUY_ANIMAL"", ""SHEEP"", 3]]",other
10,Arda Ceylan,16673205,56508756,112912177,2026-09-24 15:15:37.469000,COMPLETED,EPISODE_TYPE_PUBLIC,0,112026,THIRD FARM CLUB,16730524,56520754,1,106261,1,2943.1,>2800,other,"[[""BUY_PRODUCT"", ""WHEAT"", 5], [""BUY_ANIMAL"", ""COW"", 1]]","[[""SELL"", ""WHEAT"", 1], [""HIRE""], [""HIRE""], [""HIRE""], [""HIRE""], [""BUY_ANIMAL"", ""COW"", 1], [""BUY_ANIMAL"", ""SHEEP"", 3]]",Boey
10,Arda Ceylan,16673205,56508756,112907865,2026-09-24 15:05:37.171000,COMPLETED,EPISODE_TYPE_PUBLIC,1,122449,akmr,16634580,56502937,0,121164,1,2535.8,2500-2800,other,"[[""BUY_PRODUCT"", ""WHEAT"", 5], [""BUY_ANIMAL"", ""COW"", 1]]","[[""SELL"", ""WHEAT"", 1], [""HIRE""], [""HIRE""], [""HIRE""], [""HIRE""], [""BUY_ANIMAL"", ""COW"", 1], [""BUY_ANIMAL"", ""SHEEP"", 3]]",DSM
10,Arda Ceylan,16673205,56508756,112898545,2026-09-24 14:27:04.215000,COMPLETED,EPISODE_TYPE_PUBLIC,1,132953,吃白饭的大肥鱼,16854176,56483899,0,136246,0,2978.5,>2800,other,"[[""BUY_PRODUCT"", ""WHEAT"", 5], [""BUY_ANIMAL"", ""COW"", 1]]","[[""SELL"", ""WHEAT"", 1], [""HIRE""], [""HIRE""], [""HIRE""], [""HIRE""], [""BUY_ANIMAL"", ""COW"", 1], [""BUY_ANIMAL"", ""SHEEP"", 3]]",other
10,Arda Ceylan,16673205,56508756,112896195,2026-09-24 14:22:48.336000,COMPLETED,EPISODE_TYPE_PUBLIC,1,119325,ymg_aq,16732403,56506774,0,111889,1,815.1,<2000,other,"[[""BUY_PRODUCT"", ""WHEAT"", 5], [""BUY_ANIMAL"", ""COW"", 1]]","[[""SELL"", ""WHEAT"", 1], [""HIRE""], [""HIRE""], [""HIRE""], [""HIRE""], [""BUY_ANIMAL"", ""COW"", 1], [""BUY_ANIMAL"", ""SHEEP"", 3]]",other
10,Arda Ceylan,16673205,56508756,112891639,2026-09-24 14:05:16.858000,COMPLETED,EPISODE_TYPE_PUBLIC,1,120408,Evil Mango,16889691,56495314,0,105069,1,2786.5,2500-2800,other,"[[""BUY_PRODUCT"", ""WHEAT"", 5], [""BUY_ANIMAL"", ""COW"", 1]]","[[""SELL"", ""WHEAT"", 1], [""HIRE""], [""HIRE""], [""HIRE""], [""HIRE""], [""BUY_ANIMAL"", ""COW"", 1], [""BUY_ANIMAL"", ""SHEEP"", 3]]",tape
10,Arda Ceylan,16673205,56508756,112883003,2026-09-24 13:34:54.839000,COMPLETED,EPISODE_TYPE_PUBLIC,1,91432,Yannik Schiffner,16760701,56519100,0,87273,1,2834.6,>2800,other,"[[""BUY_PRODUCT"", ""WHEAT"", 5], [""BUY_ANIMAL"", ""COW"", 1]]","[[""SELL"", ""WHEAT"", 1], [""HIRE""], [""HIRE""], [""HIRE""], [""HIRE""], [""BUY_ANIMAL"", ""COW"", 1], [""BUY_ANIMAL"", ""SHEEP"", 3]]",Boey
10,Arda Ceylan,16673205,56508756,112878676,2026-09-24 13:20:18.732000,COMPLETED,EPISODE_TYPE_PUBLIC,1,110630,SpaTaro,16640510,56516344,0,109069,1,2885.0,>2800,other,"[[""BUY_PRODUCT"", ""WHEAT"", 5], [""BUY_ANIMAL"", ""COW"", 1]]","[[""SELL"", ""WHEAT"", 1], [""HIRE""], [""HIRE""], [""HIRE""], [""HIRE""], [""BUY_ANIMAL"", ""COW"", 1], [""BUY_ANIMAL"", ""SHEEP"", 3]]",other
10,Arda Ceylan,16673205,56508756,112872958,2026-09-24 13:02:44.500000,COMPLETED,EPISODE_TYPE_PUBLIC,1,77630,Azat Akhtyamov,16743356,56491149,0,75707,1,2938.9,>2800,other,"[[""BUY_PRODUCT"", ""WHEAT"", 5], [""BUY_ANIMAL"", ""COW"", 1]]","[[""SELL"", ""WHEAT"", 1], [""HIRE""], [""HIRE""], [""HIRE""], [""HIRE""], [""BUY_ANIMAL"", ""COW"", 1], [""BUY_ANIMAL"", ""SHEEP"", 3]]",DSM
10,Arda Ceylan,16673205,56508756,112864461,2026-09-24 12:33:48.438000,COMPLETED,EPISODE_TYPE_PUBLIC,0,109868,DECEM,16623559,56517128,1,120166,0,3049.3,>2800,other,"[[""BUY_PRODUCT"", ""WHEAT"", 5], [""BUY_ANIMAL"", ""COW"", 1]]","[[""SELL"", ""WHEAT"", 1], [""HIRE""], [""HIRE""], [""HIRE""], [""HIRE""], [""BUY_ANIMAL"", ""COW"", 1], [""BUY_ANIMAL"", ""SHEEP"", 3]]",DSM
10,Arda Ceylan,16673205,56508756,112862612,2026-09-24 12:27:24.689000,COMPLETED,EPISODE_TYPE_PUBLIC,1,93142,Orbital Terraformer,16675778,56467169,0,93023,1,2843.6,>2800,other,"[[""BUY_PRODUCT"", ""WHEAT"", 5], [""BUY_ANIMAL"", ""COW"", 1]]","[[""SELL"", ""WHEAT"", 1], [""HIRE""], [""HIRE""], [""HIRE""], [""HIRE""], [""BUY_ANIMAL"", ""COW"", 1], [""BUY_ANIMAL"", ""SHEEP"", 3]]",DSM
10,Arda Ceylan,16673205,56508756,112854357,2026-09-24 11:56:41.412000,COMPLETED,EPISODE_TYPE_PUBLIC,0,88075,Vadim Vasilenko,16770421,56491543,1,96398,0,3017.3,>2800,other,"[[""BUY_PRODUCT"", ""WHEAT"", 5], [""BUY_ANIMAL"", ""COW"", 1]]","[[""SELL"", ""WHEAT"", 1], [""HIRE""], [""HIRE""], [""HIRE""], [""HIRE""], [""BUY_ANIMAL"", ""COW"", 1], [""BUY_ANIMAL"", ""SHEEP"", 3]]",DSM
10,Arda Ceylan,16673205,56508756,112849914,2026-09-24 11:42:53.372000,COMPLETED,EPISODE_TYPE_PUBLIC,1,125674,Smackaveli,16862183,56505883,0,127069,0,2893.4,>2800,other,"[[""BUY_PRODUCT"", ""WHEAT"", 5], [""BUY_ANIMAL"", ""COW"", 1]]","[[""SELL"", ""WHEAT"", 1], [""HIRE""], [""HIRE""], [""HIRE""], [""HIRE""], [""BUY_ANIMAL"", ""COW"", 1], [""BUY_ANIMAL"", ""SHEEP"", 3]]",DSM
10,Arda Ceylan,16673205,56508756,112842754,2026-09-24 11:20:12.237000,COMPLETED,EPISODE_TYPE_PUBLIC,0,86773,Densike,16660137,56504393,1,83074,1,2873.8,>2800,other,"[[""BUY_PRODUCT"", ""WHEAT"", 5], [""BUY_ANIMAL"", ""COW"", 1]]","[[""SELL"", ""WHEAT"", 1], [""HIRE""], [""HIRE""], [""HIRE""], [""HIRE""], [""BUY_ANIMAL"", ""COW"", 1], [""BUY_ANIMAL"", ""SHEEP"", 3]]",DSM
10,Arda Ceylan,16673205,56508756,112842594,2026-09-24 11:18:36.703000,COMPLETED,EPISODE_TYPE_PUBLIC,0,84972,tetsuya & yuanzhe & guoqin,16623716,56513715,1,89847,0,2852.8,>2800,other,"[[""BUY_PRODUCT"", ""WHEAT"", 5], [""BUY_ANIMAL"", ""COW"", 1]]","[[""SELL"", ""WHEAT"", 1], [""HIRE""], [""HIRE""], [""HIRE""], [""HIRE""], [""BUY_ANIMAL"", ""COW"", 1], [""BUY_ANIMAL"", ""SHEEP"", 3]]",other
10,Arda Ceylan,16673205,56508756,112834718,2026-09-24 10:50:09.582000,COMPLETED,EPISODE_TYPE_PUBLIC,0,99304,🐚seek inspiration🐚,16793083,56489993,1,98642,1,2873.2,>2800,other,"[[""BUY_PRODUCT"", ""WHEAT"", 5], [""BUY_ANIMAL"", ""COW"", 1]]","[[""SELL"", ""WHEAT"", 1], [""HIRE""], [""HIRE""], [""HIRE""], [""HIRE""], [""BUY_ANIMAL"", ""COW"", 1], [""BUY_ANIMAL"", ""SHEEP"", 3]]",DSM
10,Arda Ceylan,16673205,56508756,112832337,2026-09-24 10:44:20.375000,COMPLETED,EPISODE_TYPE_PUBLIC,1,78896,SpaTaro,16640510,56468202,0,82154,0,2885.0,>2800,other,"[[""BUY_PRODUCT"", ""WHEAT"", 5], [""BUY_ANIMAL"", ""COW"", 1]]","[[""SELL"", ""WHEAT"", 1], [""HIRE""], [""HIRE""], [""HIRE""], [""HIRE""], [""BUY_ANIMAL"", ""COW"", 1], [""BUY_ANIMAL"", ""SHEEP"", 3]]",other
10,Arda Ceylan,16673205,56508756,112824229,2026-09-24 10:12:14.187000,COMPLETED,EPISODE_TYPE_PUBLIC,1,114492,TheEggman,16887437,56483043,0,110304,1,2910.6,>2800,other,"[[""BUY_PRODUCT"", ""WHEAT"", 5], [""BUY_ANIMAL"", ""COW"", 1]]","[[""SELL"", ""WHEAT"", 1], [""HIRE""], [""HIRE""], [""HIRE""], [""HIRE""], [""BUY_ANIMAL"", ""COW"", 1], [""BUY_ANIMAL"", ""SHEEP"", 3]]",other
10,Arda Ceylan,16673205,56508756,112817420,2026-09-24 09:48:52.422000,COMPLETED,EPISODE_TYPE_PUBLIC,0,110584,HowardLeeTW,16690867,56456228,1,103283,1,2838.4,>2800,other,"[[""BUY_PRODUCT"", ""WHEAT"", 5], [""BUY_ANIMAL"", ""COW"", 1]]","[[""SELL"", ""WHEAT"", 1], [""HIRE""], [""HIRE""], [""HIRE""], [""HIRE""], [""BUY_ANIMAL"", ""COW"", 1], [""BUY_ANIMAL"", ""SHEEP"", 3]]",other
10,Arda Ceylan,16673205,56508756,112813906,2026-09-24 09:38:38.029000,COMPLETED,EPISODE_TYPE_PUBLIC,0,117847,Unknown Mother-Goose,16730612,56507372,1,123920,0,2980.7,>2800,other,"[[""BUY_PRODUCT"", ""WHEAT"", 5], [""BUY_ANIMAL"", ""COW"", 1]]","[[""SELL"", ""WHEAT"", 1], [""HIRE""], [""HIRE""], [""HIRE""], [""HIRE""], [""BUY_ANIMAL"", ""COW"", 1], [""BUY_ANIMAL"", ""SHEEP"", 3]]",DSM
10,Arda Ceylan,16673205,56508756,112807702,2026-09-24 09:18:01.168000,COMPLETED,EPISODE_TYPE_PUBLIC,1,116395,TheEggman,16887437,56483043,0,106525,1,2910.6,>2800,other,"[[""BUY_PRODUCT"", ""WHEAT"", 5], [""BUY_ANIMAL"", ""COW"", 1]]","[[""SELL"", ""WHEAT"", 1], [""HIRE""], [""HIRE""], [""HIRE""], [""HIRE""], [""BUY_ANIMAL"", ""COW"", 1], [""BUY_ANIMAL"", ""SHEEP"", 3]]",other
10,Arda Ceylan,16673205,56508756,112799697,2026-09-24 08:51:04.779000,COMPLETED,EPISODE_TYPE_PUBLIC,1,134592,Yannik Schiffner,16760701,56511334,0,124201,1,2834.6,>2800,other,"[[""BUY_PRODUCT"", ""WHEAT"", 5], [""BUY_ANIMAL"", ""COW"", 1]]","[[""SELL"", ""WHEAT"", 1], [""HIRE""], [""HIRE""], [""HIRE""], [""HIRE""], [""BUY_ANIMAL"", ""COW"", 1], [""BUY_ANIMAL"", ""SHEEP"", 3]]",Boey
10,Arda Ceylan,16673205,56508756,112796517,2026-09-24 08:36:33.397000,COMPLETED,EPISODE_TYPE_PUBLIC,0,95475,Planned Economy,16685950,56289593,1,84816,1,2816.2,>2800,other,"[[""BUY_PRODUCT"", ""WHEAT"", 5], [""BUY_ANIMAL"", ""COW"", 1]]","[[""SELL"", ""WHEAT"", 1], [""HIRE""], [""HIRE""], [""HIRE""], [""HIRE""], [""BUY_ANIMAL"", ""COW"", 1], [""BUY_ANIMAL"", ""SHEEP"", 3]]",tape
10,Arda Ceylan,16673205,56508756,112788130,2026-09-24 08:10:38.669000,COMPLETED,EPISODE_TYPE_PUBLIC,0,80272,akmr,16634580,56502937,1,80468,0,2535.8,2500-2800,other,"[[""BUY_PRODUCT"", ""WHEAT"", 5], [""BUY_ANIMAL"", ""COW"", 1]]","[[""SELL"", ""WHEAT"", 1], [""HIRE""], [""HIRE""], [""HIRE""], [""HIRE""], [""BUY_ANIMAL"", ""COW"", 1], [""BUY_ANIMAL"", ""SHEEP"", 3]]",DSM
10,Arda Ceylan,16673205,56508756,112786953,2026-09-24 08:06:24.614000,COMPLETED,EPISODE_TYPE_PUBLIC,1,109102,Azat Akhtyamov,16743356,56491144,0,118892,0,2938.9,>2800,other,"[[""BUY_PRODUCT"", ""WHEAT"", 5], [""BUY_ANIMAL"", ""COW"", 1]]","[[""SELL"", ""WHEAT"", 1], [""HIRE""], [""HIRE""], [""HIRE""], [""HIRE""], [""BUY_ANIMAL"", ""COW"", 1], [""BUY_ANIMAL"", ""SHEEP"", 3]]",DSM
10,Arda Ceylan,16673205,56508756,112784355,2026-09-24 07:55:58.274000,COMPLETED,EPISODE_TYPE_PUBLIC,1,111757,Yannik Schiffner,16760701,56511408,0,100327,1,2834.6,>2800,other,"[[""BUY_PRODUCT"", ""WHEAT"", 5], [""BUY_ANIMAL"", ""COW"", 1]]","[[""SELL"", ""WHEAT"", 1], [""HIRE""], [""HIRE""], [""HIRE""], [""HIRE""], [""BUY_ANIMAL"", ""COW"", 1], [""BUY_ANIMAL"", ""SHEEP"", 3]]",Boey
10,Arda Ceylan,16673205,56508756,112782603,2026-09-24 07:50:36.200000,COMPLETED,EPISODE_TYPE_PUBLIC,0,119884,KawattaTaido,16654697,56416831,1,112866,1,2865.4,>2800,other,"[[""BUY_PRODUCT"", ""WHEAT"", 5], [""BUY_ANIMAL"", ""COW"", 1]]","[[""SELL"", ""WHEAT"", 1], [""HIRE""], [""HIRE""], [""HIRE""], [""HIRE""], [""BUY_ANIMAL"", ""COW"", 1], [""BUY_ANIMAL"", ""SHEEP"", 3]]",tape
10,Arda Ceylan,16673205,56508756,112781231,2026-09-24 07:43:10.212000,COMPLETED,EPISODE_TYPE_PUBLIC,0,109640,🐚seek inspiration🐚,16793083,56489275,1,98035,1,2873.2,>2800,other,"[[""BUY_PRODUCT"", ""WHEAT"", 5], [""BUY_ANIMAL"", ""COW"", 1]]","[[""SELL"", ""WHEAT"", 1], [""HIRE""], [""HIRE""], [""HIRE""], [""HIRE""], [""BUY_ANIMAL"", ""COW"", 1], [""BUY_ANIMAL"", ""SHEEP"", 3]]",tape
10,Arda Ceylan,16673205,56508756,112776490,2026-09-24 07:28:01.721000,COMPLETED,EPISODE_TYPE_PUBLIC,1,102915,Sida Zuo,16664246,56508421,0,93787,1,2833.1,>2800,other,"[[""BUY_PRODUCT"", ""WHEAT"", 5], [""BUY_ANIMAL"", ""COW"", 1]]","[[""SELL"", ""WHEAT"", 1], [""HIRE""], [""HIRE""], [""HIRE""], [""HIRE""], [""BUY_ANIMAL"", ""COW"", 1], [""BUY_ANIMAL"", ""SHEEP"", 3]]",other
10,Arda Ceylan,16673205,56508756,112775238,2026-09-24 07:26:10.337000,COMPLETED,EPISODE_TYPE_PUBLIC,0,83261,AI是我的豆包,16728071,56470744,1,82055,1,2817.2,>2800,other,"[[""BUY_PRODUCT"", ""WHEAT"", 5], [""BUY_ANIMAL"", ""COW"", 1]]","[[""SELL"", ""WHEAT"", 1], [""HIRE""], [""HIRE""], [""HIRE""], [""HIRE""], [""BUY_ANIMAL"", ""COW"", 1], [""BUY_ANIMAL"", ""SHEEP"", 3]]",other
10,Arda Ceylan,16673205,56508756,112774078,2026-09-24 07:23:15.750000,COMPLETED,EPISODE_TYPE_PUBLIC,1,81438,midnq,16632327,56502625,0,57460,1,2804.1,>2800,other,"[[""BUY_PRODUCT"", ""WHEAT"", 5], [""BUY_ANIMAL"", ""COW"", 1]]","[[""SELL"", ""WHEAT"", 1], [""HIRE""], [""HIRE""], [""HIRE""], [""HIRE""], [""BUY_ANIMAL"", ""COW"", 1], [""BUY_ANIMAL"", ""SHEEP"", 3]]",other
10,Arda Ceylan,16673205,56508756,112771662,2026-09-24 07:20:05.490000,COMPLETED,EPISODE_TYPE_PUBLIC,1,115368,SpaTaro,16640510,56445377,0,93803,1,2885.0,>2800,other,"[[""BUY_PRODUCT"", ""WHEAT"", 5], [""BUY_ANIMAL"", ""COW"", 1]]","[[""SELL"", ""WHEAT"", 1], [""HIRE""], [""HIRE""], [""HIRE""], [""HIRE""], [""BUY_ANIMAL"", ""COW"", 1], [""BUY_ANIMAL"", ""SHEEP"", 3]]",other
10,Arda Ceylan,16673205,56508756,112772908,2026-09-24 07:17:45.757000,COMPLETED,EPISODE_TYPE_PUBLIC,1,97631,Sida Zuo,16664246,56508421,0,99090,0,2833.1,>2800,other,"[[""BUY_PRODUCT"", ""WHEAT"", 5], [""BUY_ANIMAL"", ""COW"", 1]]","[[""SELL"", ""WHEAT"", 1], [""HIRE""], [""HIRE""], [""HIRE""], [""HIRE""], [""BUY_ANIMAL"", ""COW"", 1], [""BUY_ANIMAL"", ""SHEEP"", 3]]",other
10,Arda Ceylan,16673205,56508756,112770543,2026-09-24 07:10:03.889000,COMPLETED,EPISODE_TYPE_PUBLIC,0,109054,Ebi,16882725,56386270,1,98784,1,2779.1,2500-2800,other,"[[""BUY_PRODUCT"", ""WHEAT"", 5], [""BUY_ANIMAL"", ""COW"", 1]]","[[""SELL"", ""WHEAT"", 1], [""HIRE""], [""HIRE""], [""HIRE""], [""HIRE""], [""BUY_ANIMAL"", ""COW"", 1], [""BUY_ANIMAL"", ""SHEEP"", 3]]",other
10,Arda Ceylan,16673205,56508756,112769404,2026-09-24 07:06:44.843000,COMPLETED,EPISODE_TYPE_PUBLIC,0,86849,YumeNeko,16863512,56467412,1,82817,1,2866.2,>2800,other,"[[""BUY_PRODUCT"", ""WHEAT"", 5], [""BUY_ANIMAL"", ""COW"", 1]]","[[""SELL"", ""WHEAT"", 1], [""HIRE""], [""HIRE""], [""HIRE""], [""HIRE""], [""BUY_ANIMAL"", ""COW"", 1], [""BUY_ANIMAL"", ""SHEEP"", 3]]",other
10,Arda Ceylan,16673205,56508756,112768227,2026-09-24 07:01:18.032000,COMPLETED,EPISODE_TYPE_PUBLIC,1,118755,摆烂小分队 🏆,16695046,56508654,0,116585,1,2851.2,>2800,other,"[[""BUY_PRODUCT"", ""WHEAT"", 5], [""BUY_ANIMAL"", ""COW"", 1]]","[[""SELL"", ""WHEAT"", 1], [""HIRE""], [""HIRE""], [""HIRE""], [""HIRE""], [""BUY_ANIMAL"", ""COW"", 1], [""BUY_ANIMAL"", ""SHEEP"", 3]]",tape
10,Arda Ceylan,16673205,56508756,112767066,2026-09-24 06:54:33.692000,COMPLETED,EPISODE_TYPE_PUBLIC,0,90869,ShunkiKyoya,16743582,56504886,1,86335,1,2808.2,>2800,other,"[[""BUY_PRODUCT"", ""WHEAT"", 5], [""BUY_ANIMAL"", ""COW"", 1]]","[[""SELL"", ""WHEAT"", 1], [""HIRE""], [""HIRE""], [""HIRE""], [""HIRE""], [""BUY_ANIMAL"", ""COW"", 1], [""BUY_ANIMAL"", ""SHEEP"", 3]]",other
10,Arda Ceylan,16673205,56508756,112764897,2026-09-24 06:53:44.233000,COMPLETED,EPISODE_TYPE_PUBLIC,0,74671,SpaTaro,16640510,56468202,1,76702,0,2885.0,>2800,other,"[[""BUY_PRODUCT"", ""WHEAT"", 5], [""BUY_ANIMAL"", ""COW"", 1]]","[[""SELL"", ""WHEAT"", 1], [""HIRE""], [""HIRE""], [""HIRE""], [""HIRE""], [""BUY_ANIMAL"", ""COW"", 1], [""BUY_ANIMAL"", ""SHEEP"", 3]]",other
10,Arda Ceylan,16673205,56508756,112765895,2026-09-24 06:52:25.837000,COMPLETED,EPISODE_TYPE_PUBLIC,0,112637,Azat Akhtyamov,16743356,56491149,1,116148,0,2938.9,>2800,other,"[[""BUY_PRODUCT"", ""WHEAT"", 5], [""BUY_ANIMAL"", ""COW"", 1]]","[[""SELL"", ""WHEAT"", 1], [""HIRE""], [""HIRE""], [""HIRE""], [""HIRE""], [""BUY_ANIMAL"", ""COW"", 1], [""BUY_ANIMAL"", ""SHEEP"", 3]]",DSM
10,Arda Ceylan,16673205,56508756,112763552,2026-09-24 06:47:25.577000,COMPLETED,EPISODE_TYPE_PUBLIC,1,97299,Azat Akhtyamov,16743356,56491144,0,105885,0,2938.9,>2800,other,"[[""BUY_PRODUCT"", ""WHEAT"", 5], [""BUY_ANIMAL"", ""COW"", 1]]","[[""SELL"", ""WHEAT"", 1], [""HIRE""], [""HIRE""], [""HIRE""], [""HIRE""], [""BUY_ANIMAL"", ""COW"", 1], [""BUY_ANIMAL"", ""SHEEP"", 3]]",DSM
10,Arda Ceylan,16673205,56508756,112762381,2026-09-24 06:42:55.277000,COMPLETED,EPISODE_TYPE_PUBLIC,0,109580,AI是我的豆包,16728071,56470747,1,102476,1,2817.2,>2800,other,"[[""BUY_PRODUCT"", ""WHEAT"", 5], [""BUY_ANIMAL"", ""COW"", 1]]","[[""SELL"", ""WHEAT"", 1], [""HIRE""], [""HIRE""], [""HIRE""], [""HIRE""], [""BUY_ANIMAL"", ""COW"", 1], [""BUY_ANIMAL"", ""SHEEP"", 3]]",other
10,Arda Ceylan,16673205,56508756,112761197,2026-09-24 06:38:53.565000,COMPLETED,EPISODE_TYPE_PUBLIC,0,103961,Sida Zuo,16664246,56488930,1,110808,0,2833.1,>2800,other,"[[""BUY_PRODUCT"", ""WHEAT"", 5], [""BUY_ANIMAL"", ""COW"", 1]]","[[""SELL"", ""WHEAT"", 1], [""HIRE""], [""HIRE""], [""HIRE""], [""HIRE""], [""BUY_ANIMAL"", ""COW"", 1], [""BUY_ANIMAL"", ""SHEEP"", 3]]",other
10,Arda Ceylan,16673205,56508756,112759846,2026-09-24 06:34:25.916000,COMPLETED,EPISODE_TYPE_PUBLIC,1,104553,mikelou1,16629685,56433763,0,93749,1,2749.6,2500-2800,other,"[[""BUY_PRODUCT"", ""WHEAT"", 5], [""BUY_ANIMAL"", ""COW"", 1]]","[[""SELL"", ""WHEAT"", 1], [""HIRE""], [""HIRE""], [""HIRE""], [""HIRE""], [""BUY_ANIMAL"", ""COW"", 1], [""BUY_ANIMAL"", ""SHEEP"", 3]]",tape
10,Arda Ceylan,16673205,56508756,112758845,2026-09-24 06:28:29.993000,COMPLETED,EPISODE_TYPE_PUBLIC,0,87127,kwa,16739633,56503483,1,74732,1,1331.2,<2000,other,"[[""BUY_PRODUCT"", ""WHEAT"", 5], [""BUY_ANIMAL"", ""COW"", 1]]","[[""SELL"", ""WHEAT"", 1], [""HIRE""], [""HIRE""], [""HIRE""], [""HIRE""], [""BUY_ANIMAL"", ""COW"", 1], [""BUY_ANIMAL"", ""SHEEP"", 3]]",other
10,Arda Ceylan,16673205,56508756,112757678,2026-09-24 06:26:21.905000,COMPLETED,EPISODE_TYPE_PUBLIC,1,97396,Orbital Terraformer,16675778,56467169,0,94903,1,2843.6,>2800,other,"[[""BUY_PRODUCT"", ""WHEAT"", 5], [""BUY_ANIMAL"", ""COW"", 1]]","[[""SELL"", ""WHEAT"", 1], [""HIRE""], [""HIRE""], [""HIRE""], [""HIRE""], [""BUY_ANIMAL"", ""COW"", 1], [""BUY_ANIMAL"", ""SHEEP"", 3]]",DSM
10,Arda Ceylan,16673205,56508756,112755398,2026-09-24 06:25:50.458000,COMPLETED,EPISODE_TYPE_PUBLIC,1,106970,SpaTaro,16640510,56445377,0,105914,1,2885.0,>2800,other,"[[""BUY_PRODUCT"", ""WHEAT"", 5], [""BUY_ANIMAL"", ""COW"", 1]]","[[""SELL"", ""WHEAT"", 1], [""HIRE""], [""HIRE""], [""HIRE""], [""HIRE""], [""BUY_ANIMAL"", ""COW"", 1], [""BUY_ANIMAL"", ""SHEEP"", 3]]",other
10,Arda Ceylan,16673205,56508756,112756540,2026-09-24 06:19:34.593000,COMPLETED,EPISODE_TYPE_PUBLIC,1,92050,Planned Economy,16685950,56287777,0,77607,1,2816.2,>2800,other,"[[""BUY_PRODUCT"", ""WHEAT"", 5], [""BUY_ANIMAL"", ""COW"", 1]]","[[""SELL"", ""WHEAT"", 1], [""HIRE""], [""HIRE""], [""HIRE""], [""HIRE""], [""BUY_ANIMAL"", ""COW"", 1], [""BUY_ANIMAL"", ""SHEEP"", 3]]",tape
10,Arda Ceylan,16673205,56508756,112754219,2026-09-24 06:14:58.931000,COMPLETED,EPISODE_TYPE_PUBLIC,1,127372,ra5anchor,16693965,56500198,0,107021,1,2759.6,2500-2800,other,"[[""BUY_PRODUCT"", ""WHEAT"", 5], [""BUY_ANIMAL"", ""COW"", 1]]","[[""SELL"", ""WHEAT"", 1], [""HIRE""], [""HIRE""], [""HIRE""], [""HIRE""], [""BUY_ANIMAL"", ""COW"", 1], [""BUY_ANIMAL"", ""SHEEP"", 3]]",other
10,Arda Ceylan,16673205,56508756,112752896,2026-09-24 06:08:16.875000,COMPLETED,EPISODE_TYPE_PUBLIC,0,72163,kuro0315,16623637,56443831,1,58513,1,2657.4,2500-2800,other,"[[""BUY_PRODUCT"", ""WHEAT"", 5], [""BUY_ANIMAL"", ""COW"", 1]]","[[""SELL"", ""WHEAT"", 1], [""HIRE""], [""HIRE""], [""HIRE""], [""HIRE""], [""BUY_ANIMAL"", ""COW"", 1], [""BUY_ANIMAL"", ""SHEEP"", 3]]",tape
10,Arda Ceylan,16673205,56508756,112751901,2026-09-24 06:04:51.686000,COMPLETED,EPISODE_TYPE_PUBLIC,1,115497,xi luo,16677337,56489686,0,101086,1,2716.9,2500-2800,other,"[[""BUY_PRODUCT"", ""WHEAT"", 5], [""BUY_ANIMAL"", ""COW"", 1]]","[[""SELL"", ""WHEAT"", 1], [""HIRE""], [""HIRE""], [""HIRE""], [""HIRE""], [""BUY_ANIMAL"", ""COW"", 1], [""BUY_ANIMAL"", ""SHEEP"", 3]]",tape
10,Arda Ceylan,16673205,56508756,112750675,2026-09-24 06:01:15.442000,COMPLETED,EPISODE_TYPE_PUBLIC,0,122425,Dieter,16736435,56505078,1,101130,1,1779.6,<2000,other,"[[""BUY_PRODUCT"", ""WHEAT"", 5], [""BUY_ANIMAL"", ""COW"", 1]]","[[""SELL"", ""WHEAT"", 1], [""HIRE""], [""HIRE""], [""HIRE""], [""HIRE""], [""BUY_ANIMAL"", ""COW"", 1], [""BUY_ANIMAL"", ""SHEEP"", 3]]",tape
10,Arda Ceylan,16673205,56508756,112749548,2026-09-24 05:55:12.536000,COMPLETED,EPISODE_TYPE_PUBLIC,1,128352,redblackbst,16732521,56487110,0,123389,1,2756.7,2500-2800,other,"[[""BUY_PRODUCT"", ""WHEAT"", 5], [""BUY_ANIMAL"", ""COW"", 1]]","[[""SELL"", ""WHEAT"", 1], [""HIRE""], [""HIRE""], [""HIRE""], [""HIRE""], [""BUY_ANIMAL"", ""COW"", 1], [""BUY_ANIMAL"", ""SHEEP"", 3]]",tape
10,Arda Ceylan,16673205,56508756,112748380,2026-09-24 05:50:57.534000,COMPLETED,EPISODE_TYPE_PUBLIC,0,131179,吃白饭的大肥鱼,16854176,56506820,1,140211,0,2978.5,>2800,other,"[[""BUY_PRODUCT"", ""WHEAT"", 5], [""BUY_ANIMAL"", ""COW"", 1]]","[[""SELL"", ""WHEAT"", 1], [""HIRE""], [""HIRE""], [""HIRE""], [""HIRE""], [""BUY_ANIMAL"", ""COW"", 1], [""BUY_ANIMAL"", ""SHEEP"", 3]]",other
10,Arda Ceylan,16673205,56508756,112747164,2026-09-24 05:50:54.251000,COMPLETED,EPISODE_TYPE_PUBLIC,0,102587,Ebi,16882725,56386266,1,105396,0,2779.1,2500-2800,other,"[[""BUY_PRODUCT"", ""WHEAT"", 5], [""BUY_ANIMAL"", ""COW"", 1]]","[[""SELL"", ""WHEAT"", 1], [""HIRE""], [""HIRE""], [""HIRE""], [""HIRE""], [""BUY_ANIMAL"", ""COW"", 1], [""BUY_ANIMAL"", ""SHEEP"", 3]]",other
10,Arda Ceylan,16673205,56508756,112746002,2026-09-24 05:42:56.949000,COMPLETED,EPISODE_TYPE_PUBLIC,0,88701,Sida Zuo,16664246,56508421,1,92096,0,2833.1,>2800,other,"[[""BUY_PRODUCT"", ""WHEAT"", 5], [""BUY_ANIMAL"", ""COW"", 1]]","[[""SELL"", ""WHEAT"", 1], [""HIRE""], [""HIRE""], [""HIRE""], [""HIRE""], [""BUY_ANIMAL"", ""COW"", 1], [""BUY_ANIMAL"", ""SHEEP"", 3]]",other
10,Arda Ceylan,16673205,56508756,112745004,2026-09-24 05:42:38.954000,COMPLETED,EPISODE_TYPE_PUBLIC,1,123080,THUNDER THUNDER,16622198,56420406,0,121436,1,2831.8,>2800,other,"[[""BUY_PRODUCT"", ""WHEAT"", 5], [""BUY_ANIMAL"", ""COW"", 1]]","[[""SELL"", ""WHEAT"", 1], [""HIRE""], [""HIRE""], [""HIRE""], [""HIRE""], [""BUY_ANIMAL"", ""COW"", 1], [""BUY_ANIMAL"", ""SHEEP"", 3]]",other
10,Arda Ceylan,16673205,56508756,112743686,2026-09-24 05:36:21.723000,COMPLETED,EPISODE_TYPE_PUBLIC,0,94828,Crop Dustas,16714457,56490006,1,89101,1,2054.9,2000-2500,other,"[[""BUY_PRODUCT"", ""WHEAT"", 5], [""BUY_ANIMAL"", ""COW"", 1]]","[[""SELL"", ""WHEAT"", 1], [""HIRE""], [""HIRE""], [""HIRE""], [""HIRE""], [""BUY_ANIMAL"", ""COW"", 1], [""BUY_ANIMAL"", ""SHEEP"", 3]]",other
10,Arda Ceylan,16673205,56508756,112742506,2026-09-24 05:31:32.937000,COMPLETED,EPISODE_TYPE_PUBLIC,0,124044,KouFu,16736427,56462535,1,111533,1,2726.7,2500-2800,other,"[[""BUY_PRODUCT"", ""WHEAT"", 5], [""BUY_ANIMAL"", ""COW"", 1]]","[[""SELL"", ""WHEAT"", 1], [""HIRE""], [""HIRE""], [""HIRE""], [""HIRE""], [""BUY_ANIMAL"", ""COW"", 1], [""BUY_ANIMAL"", ""SHEEP"", 3]]",tape
10,Arda Ceylan,16673205,56508756,112741333,2026-09-24 05:28:30.898000,COMPLETED,EPISODE_TYPE_PUBLIC,0,96480,THUNDER THUNDER,16622198,56420406,1,95654,1,2831.8,>2800,other,"[[""BUY_PRODUCT"", ""WHEAT"", 5], [""BUY_ANIMAL"", ""COW"", 1]]","[[""SELL"", ""WHEAT"", 1], [""HIRE""], [""HIRE""], [""HIRE""], [""HIRE""], [""BUY_ANIMAL"", ""COW"", 1], [""BUY_ANIMAL"", ""SHEEP"", 3]]",other
11,mtmr_s1,16758882,56488920,112926577,2026-09-24 16:09:37.390000,COMPLETED,EPISODE_TYPE_PUBLIC,0,93176,SpaTaro,16640510,56468202,1,95500,0,2885.0,>2800,DSM,"[[""BUY_ANIMAL"", ""COW"", 1], [""BUY_PRODUCT"", ""WHEAT"", 5]]","[[""SELL"", ""WHEAT"", 1], [""HIRE""], [""HIRE""], [""HIRE""], [""HIRE""], [""BUY_ANIMAL"", ""COW"", 1], [""BUY_ANIMAL"", ""SHEEP"", 3]]",other
11,mtmr_s1,16758882,56488920,112915930,2026-09-24 15:27:15.185000,COMPLETED,EPISODE_TYPE_PUBLIC,0,100284,DSM,16732748,56518845,1,109491,0,3139.4,>2800,DSM,"[[""BUY_ANIMAL"", ""COW"", 1], [""BUY_PRODUCT"", ""WHEAT"", 5]]","[[""SELL"", ""WHEAT"", 1], [""HIRE""], [""HIRE""], [""HIRE""], [""HIRE""], [""BUY_ANIMAL"", ""COW"", 1], [""BUY_ANIMAL"", ""SHEEP"", 3]]",DSM
11,mtmr_s1,16758882,56488920,112915655,2026-09-24 15:26:57.886000,COMPLETED,EPISODE_TYPE_PUBLIC,0,73228,THIRD FARM CLUB,16730524,56520593,1,79106,0,2943.1,>2800,DSM,"[[""BUY_ANIMAL"", ""COW"", 1], [""BUY_PRODUCT"", ""WHEAT"", 5]]","[[""SELL"", ""WHEAT"", 1], [""HIRE""], [""HIRE""], [""HIRE""], [""HIRE""], [""BUY_ANIMAL"", ""COW"", 1], [""BUY_ANIMAL"", ""SHEEP"", 3]]",Boey
11,mtmr_s1,16758882,56488920,112908791,2026-09-24 15:02:04.541000,COMPLETED,EPISODE_TYPE_PUBLIC,0,87750,DSM,16732748,56518845,1,101840,0,3139.4,>2800,DSM,"[[""BUY_ANIMAL"", ""COW"", 1], [""BUY_PRODUCT"", ""WHEAT"", 5]]","[[""SELL"", ""WHEAT"", 1], [""HIRE""], [""HIRE""], [""HIRE""], [""HIRE""], [""BUY_ANIMAL"", ""COW"", 1], [""BUY_ANIMAL"", ""SHEEP"", 3]]",DSM
11,mtmr_s1,16758882,56488920,112908577,2026-09-24 15:01:59.767000,COMPLETED,EPISODE_TYPE_PUBLIC,0,97164,THIRD FARM CLUB,16730524,56520593,1,101726,0,2943.1,>2800,DSM,"[[""BUY_ANIMAL"", ""COW"", 1], [""BUY_PRODUCT"", ""WHEAT"", 5]]","[[""SELL"", ""WHEAT"", 1], [""HIRE""], [""HIRE""], [""HIRE""], [""HIRE""], [""BUY_ANIMAL"", ""COW"", 1], [""BUY_ANIMAL"", ""SHEEP"", 3]]",Boey
11,mtmr_s1,16758882,56488920,112907863,2026-09-24 14:59:29.267000,COMPLETED,EPISODE_TYPE_PUBLIC,0,122800,吃白饭的大肥鱼,16854176,56483899,1,124052,0,2978.5,>2800,DSM,"[[""BUY_ANIMAL"", ""COW"", 1], [""BUY_PRODUCT"", ""WHEAT"", 5]]","[[""SELL"", ""WHEAT"", 1], [""HIRE""], [""HIRE""], [""HIRE""], [""HIRE""], [""BUY_ANIMAL"", ""COW"", 1], [""BUY_ANIMAL"", ""SHEEP"", 3]]",other
11,mtmr_s1,16758882,56488920,112902207,2026-09-24 14:42:19.309000,COMPLETED,EPISODE_TYPE_PUBLIC,0,138526,Unknown Mother-Goose,16730612,56507372,1,136218,1,2980.7,>2800,DSM,"[[""BUY_ANIMAL"", ""COW"", 1], [""BUY_PRODUCT"", ""WHEAT"", 5]]","[[""SELL"", ""WHEAT"", 1], [""HIRE""], [""HIRE""], [""HIRE""], [""HIRE""], [""BUY_ANIMAL"", ""COW"", 1], [""BUY_ANIMAL"", ""SHEEP"", 3]]",DSM
11,mtmr_s1,16758882,56488920,112899691,2026-09-24 14:38:49.616000,COMPLETED,EPISODE_TYPE_PUBLIC,1,92641,Arda Ceylan,16673205,56515086,0,86468,1,2930.9,>2800,DSM,"[[""BUY_ANIMAL"", ""COW"", 1], [""BUY_PRODUCT"", ""WHEAT"", 5]]","[[""SELL"", ""WHEAT"", 1], [""HIRE""], [""HIRE""], [""HIRE""], [""HIRE""], [""BUY_ANIMAL"", ""COW"", 1], [""BUY_ANIMAL"", ""SHEEP"", 3]]",other
11,mtmr_s1,16758882,56488920,112890489,2026-09-24 13:59:59.103000,COMPLETED,EPISODE_TYPE_PUBLIC,0,100159,Kaggledew Valley 🏆,16633132,56478402,1,114050,0,2964.1,>2800,DSM,"[[""BUY_ANIMAL"", ""COW"", 1], [""BUY_PRODUCT"", ""WHEAT"", 5]]","[[""SELL"", ""WHEAT"", 1], [""HIRE""], [""HIRE""], [""HIRE""], [""HIRE""], [""BUY_ANIMAL"", ""COW"", 1], [""BUY_ANIMAL"", ""SHEEP"", 3]]",other
11,mtmr_s1,16758882,56488920,112882035,2026-09-24 13:31:06.052000,COMPLETED,EPISODE_TYPE_PUBLIC,0,107883,DECEM,16623559,56517128,1,115677,0,3049.3,>2800,DSM,"[[""BUY_ANIMAL"", ""COW"", 1], [""BUY_PRODUCT"", ""WHEAT"", 5]]","[[""SELL"", ""WHEAT"", 1], [""HIRE""], [""HIRE""], [""HIRE""], [""HIRE""], [""BUY_ANIMAL"", ""COW"", 1], [""BUY_ANIMAL"", ""SHEEP"", 3]]",DSM
11,mtmr_s1,16758882,56488920,112879709,2026-09-24 13:24:38.788000,COMPLETED,EPISODE_TYPE_PUBLIC,0,131624,DECEM,16623559,56517128,1,134087,0,3049.3,>2800,DSM,"[[""BUY_ANIMAL"", ""COW"", 1], [""BUY_PRODUCT"", ""WHEAT"", 5]]","[[""SELL"", ""WHEAT"", 1], [""HIRE""], [""HIRE""], [""HIRE""], [""HIRE""], [""BUY_ANIMAL"", ""COW"", 1], [""BUY_ANIMAL"", ""SHEEP"", 3]]",DSM
11,mtmr_s1,16758882,56488920,112873154,2026-09-24 13:00:39.329000,COMPLETED,EPISODE_TYPE_PUBLIC,0,112193,吃白饭的大肥鱼,16854176,56506820,1,115577,0,2978.5,>2800,DSM,"[[""BUY_ANIMAL"", ""COW"", 1], [""BUY_PRODUCT"", ""WHEAT"", 5]]","[[""SELL"", ""WHEAT"", 1], [""HIRE""], [""HIRE""], [""HIRE""], [""HIRE""], [""BUY_ANIMAL"", ""COW"", 1], [""BUY_ANIMAL"", ""SHEEP"", 3]]",other
11,mtmr_s1,16758882,56488920,112870687,2026-09-24 12:51:12.188000,COMPLETED,EPISODE_TYPE_PUBLIC,1,100447,吃白饭的大肥鱼,16854176,56483899,0,101997,0,2978.5,>2800,DSM,"[[""BUY_ANIMAL"", ""COW"", 1], [""BUY_PRODUCT"", ""WHEAT"", 5]]","[[""SELL"", ""WHEAT"", 1], [""HIRE""], [""HIRE""], [""HIRE""], [""HIRE""], [""BUY_ANIMAL"", ""COW"", 1], [""BUY_ANIMAL"", ""SHEEP"", 3]]",other
11,mtmr_s1,16758882,56488920,112862571,2026-09-24 12:25:08.276000,COMPLETED,EPISODE_TYPE_PUBLIC,0,101284,Azat Akhtyamov,16743356,56491144,1,100270,1,2938.9,>2800,DSM,"[[""BUY_ANIMAL"", ""COW"", 1], [""BUY_PRODUCT"", ""WHEAT"", 5]]","[[""SELL"", ""WHEAT"", 1], [""HIRE""], [""HIRE""], [""HIRE""], [""HIRE""], [""BUY_ANIMAL"", ""COW"", 1], [""BUY_ANIMAL"", ""SHEEP"", 3]]",DSM
11,mtmr_s1,16758882,56488920,112854272,2026-09-24 11:54:50.305000,COMPLETED,EPISODE_TYPE_PUBLIC,1,113452,Fourth Quadrant,16667959,56505223,0,117590,0,2621.2,2500-2800,DSM,"[[""BUY_ANIMAL"", ""COW"", 1], [""BUY_PRODUCT"", ""WHEAT"", 5]]","[[""SELL"", ""WHEAT"", 1], [""HIRE""], [""HIRE""], [""HIRE""], [""HIRE""], [""BUY_ANIMAL"", ""COW"", 1], [""BUY_ANIMAL"", ""SHEEP"", 3]]",other
11,mtmr_s1,16758882,56488920,112853383,2026-09-24 11:50:24.196000,COMPLETED,EPISODE_TYPE_PUBLIC,0,88659,Kaggledew Valley 🏆,16633132,56478393,1,91914,0,2964.1,>2800,DSM,"[[""BUY_ANIMAL"", ""COW"", 1], [""BUY_PRODUCT"", ""WHEAT"", 5]]","[[""SELL"", ""WHEAT"", 1], [""HIRE""], [""HIRE""], [""HIRE""], [""HIRE""], [""BUY_ANIMAL"", ""COW"", 1], [""BUY_ANIMAL"", ""SHEEP"", 3]]",other
11,mtmr_s1,16758882,56488920,112848756,2026-09-24 11:43:33.616000,COMPLETED,EPISODE_TYPE_PUBLIC,1,84507,SpaTaro,16640510,56468202,0,73944,1,2885.0,>2800,DSM,"[[""BUY_ANIMAL"", ""COW"", 1], [""BUY_PRODUCT"", ""WHEAT"", 5]]","[[""SELL"", ""WHEAT"", 1], [""HIRE""], [""HIRE""], [""HIRE""], [""HIRE""], [""BUY_ANIMAL"", ""COW"", 1], [""BUY_ANIMAL"", ""SHEEP"", 3]]",other
11,mtmr_s1,16758882,56488920,112841577,2026-09-24 11:11:06.200000,COMPLETED,EPISODE_TYPE_PUBLIC,0,91950,吃白饭的大肥鱼,16854176,56483899,1,100454,0,2978.5,>2800,DSM,"[[""BUY_ANIMAL"", ""COW"", 1], [""BUY_PRODUCT"", ""WHEAT"", 5]]","[[""SELL"", ""WHEAT"", 1], [""HIRE""], [""HIRE""], [""HIRE""], [""HIRE""], [""BUY_ANIMAL"", ""COW"", 1], [""BUY_ANIMAL"", ""SHEEP"", 3]]",other
11,mtmr_s1,16758882,56488920,112833443,2026-09-24 10:51:42.623000,COMPLETED,EPISODE_TYPE_PUBLIC,1,118109,SpaTaro,16640510,56468202,0,106582,1,2885.0,>2800,DSM,"[[""BUY_ANIMAL"", ""COW"", 1], [""BUY_PRODUCT"", ""WHEAT"", 5]]","[[""SELL"", ""WHEAT"", 1], [""HIRE""], [""HIRE""], [""HIRE""], [""HIRE""], [""BUY_ANIMAL"", ""COW"", 1], [""BUY_ANIMAL"", ""SHEEP"", 3]]",other
11,mtmr_s1,16758882,56488920,112825498,2026-09-24 10:15:34.216000,COMPLETED,EPISODE_TYPE_PUBLIC,0,127647,Azat Akhtyamov,16743356,56491144,1,126162,1,2938.9,>2800,DSM,"[[""BUY_ANIMAL"", ""COW"", 1], [""BUY_PRODUCT"", ""WHEAT"", 5]]","[[""SELL"", ""WHEAT"", 1], [""HIRE""], [""HIRE""], [""HIRE""], [""HIRE""], [""BUY_ANIMAL"", ""COW"", 1], [""BUY_ANIMAL"", ""SHEEP"", 3]]",DSM
11,mtmr_s1,16758882,56488920,112817428,2026-09-24 09:48:30.457000,COMPLETED,EPISODE_TYPE_PUBLIC,0,129455,Unknown Mother-Goose,16730612,56507372,1,125776,1,2980.7,>2800,DSM,"[[""BUY_ANIMAL"", ""COW"", 1], [""BUY_PRODUCT"", ""WHEAT"", 5]]","[[""SELL"", ""WHEAT"", 1], [""HIRE""], [""HIRE""], [""HIRE""], [""HIRE""], [""BUY_ANIMAL"", ""COW"", 1], [""BUY_ANIMAL"", ""SHEEP"", 3]]",DSM
11,mtmr_s1,16758882,56488920,112809195,2026-09-24 09:23:28.806000,COMPLETED,EPISODE_TYPE_PUBLIC,0,87496,THIRD FARM CLUB,16730524,56483076,1,82470,1,2943.1,>2800,DSM,"[[""BUY_ANIMAL"", ""COW"", 1], [""BUY_PRODUCT"", ""WHEAT"", 5]]","[[""SELL"", ""WHEAT"", 1], [""HIRE""], [""HIRE""], [""HIRE""], [""HIRE""], [""BUY_ANIMAL"", ""COW"", 1], [""BUY_ANIMAL"", ""SHEEP"", 3]]",Boey
11,mtmr_s1,16758882,56488920,112802313,2026-09-24 08:56:38.414000,COMPLETED,EPISODE_TYPE_PUBLIC,0,76464,🐚seek inspiration🐚,16793083,56489993,1,77816,0,2873.2,>2800,DSM,"[[""BUY_ANIMAL"", ""COW"", 1], [""BUY_PRODUCT"", ""WHEAT"", 5]]","[[""SELL"", ""WHEAT"", 1], [""HIRE""], [""HIRE""], [""HIRE""], [""HIRE""], [""BUY_ANIMAL"", ""COW"", 1], [""BUY_ANIMAL"", ""SHEEP"", 3]]",DSM
11,mtmr_s1,16758882,56488920,112792933,2026-09-24 08:29:01.153000,COMPLETED,EPISODE_TYPE_PUBLIC,0,90436,SpaTaro,16640510,56468202,1,82825,1,2885.0,>2800,DSM,"[[""BUY_ANIMAL"", ""COW"", 1], [""BUY_PRODUCT"", ""WHEAT"", 5]]","[[""SELL"", ""WHEAT"", 1], [""HIRE""], [""HIRE""], [""HIRE""], [""HIRE""], [""BUY_ANIMAL"", ""COW"", 1], [""BUY_ANIMAL"", ""SHEEP"", 3]]",other
11,mtmr_s1,16758882,56488920,112794039,2026-09-24 08:28:20.742000,COMPLETED,EPISODE_TYPE_PUBLIC,1,110333,Majkel1337,16718819,56504326,0,106170,1,2981.3,>2800,DSM,"[[""BUY_ANIMAL"", ""COW"", 1], [""BUY_PRODUCT"", ""WHEAT"", 5]]","[[""SELL"", ""WHEAT"", 1], [""HIRE""], [""HIRE""], [""HIRE""], [""HIRE""], [""BUY_ANIMAL"", ""COW"", 1], [""BUY_ANIMAL"", ""SHEEP"", 3]]",other
11,mtmr_s1,16758882,56488920,112784717,2026-09-24 08:02:41.912000,COMPLETED,EPISODE_TYPE_PUBLIC,0,90522,SpaTaro,16640510,56468202,1,91142,0,2885.0,>2800,DSM,"[[""BUY_ANIMAL"", ""COW"", 1], [""BUY_PRODUCT"", ""WHEAT"", 5]]","[[""SELL"", ""WHEAT"", 1], [""HIRE""], [""HIRE""], [""HIRE""], [""HIRE""], [""BUY_ANIMAL"", ""COW"", 1], [""BUY_ANIMAL"", ""SHEEP"", 3]]",other
11,mtmr_s1,16758882,56488920,112784729,2026-09-24 07:54:19.384000,COMPLETED,EPISODE_TYPE_PUBLIC,1,108777,Kaggledew Valley 🏆,16633132,56478393,0,110600,0,2964.1,>2800,DSM,"[[""BUY_ANIMAL"", ""COW"", 1], [""BUY_PRODUCT"", ""WHEAT"", 5]]","[[""SELL"", ""WHEAT"", 1], [""HIRE""], [""HIRE""], [""HIRE""], [""HIRE""], [""BUY_ANIMAL"", ""COW"", 1], [""BUY_ANIMAL"", ""SHEEP"", 3]]",other
11,mtmr_s1,16758882,56488920,112776783,2026-09-24 07:29:17.555000,COMPLETED,EPISODE_TYPE_PUBLIC,0,82882,Artem The Farmer 🍅,16621799,56504277,1,76312,1,2902.8,>2800,DSM,"[[""BUY_ANIMAL"", ""COW"", 1], [""BUY_PRODUCT"", ""WHEAT"", 5]]","[[""SELL"", ""WHEAT"", 1], [""HIRE""], [""HIRE""], [""HIRE""], [""HIRE""], [""BUY_ANIMAL"", ""COW"", 1], [""BUY_ANIMAL"", ""SHEEP"", 3]]",other
11,mtmr_s1,16758882,56488920,112769575,2026-09-24 07:02:49.748000,COMPLETED,EPISODE_TYPE_PUBLIC,1,127992,吃白饭的大肥鱼,16854176,56483899,0,131386,0,2978.5,>2800,DSM,"[[""BUY_ANIMAL"", ""COW"", 1], [""BUY_PRODUCT"", ""WHEAT"", 5]]","[[""SELL"", ""WHEAT"", 1], [""HIRE""], [""HIRE""], [""HIRE""], [""HIRE""], [""BUY_ANIMAL"", ""COW"", 1], [""BUY_ANIMAL"", ""SHEEP"", 3]]",other
11,mtmr_s1,16758882,56488920,112763855,2026-09-24 06:47:01.712000,COMPLETED,EPISODE_TYPE_PUBLIC,0,99563,Unknown Mother-Goose,16730612,56507324,1,104788,0,2980.7,>2800,DSM,"[[""BUY_ANIMAL"", ""COW"", 1], [""BUY_PRODUCT"", ""WHEAT"", 5]]","[[""SELL"", ""WHEAT"", 1], [""HIRE""], [""HIRE""], [""HIRE""], [""HIRE""], [""BUY_ANIMAL"", ""COW"", 1], [""BUY_ANIMAL"", ""SHEEP"", 3]]",DSM
11,mtmr_s1,16758882,56488920,112755893,2026-09-24 06:12:58.906000,COMPLETED,EPISODE_TYPE_PUBLIC,0,102988,THIRD FARM CLUB,16730524,56449618,1,93385,1,2943.1,>2800,DSM,"[[""BUY_ANIMAL"", ""COW"", 1], [""BUY_PRODUCT"", ""WHEAT"", 5]]","[[""SELL"", ""WHEAT"", 1], [""HIRE""], [""HIRE""], [""HIRE""], [""HIRE""], [""BUY_ANIMAL"", ""COW"", 1], [""BUY_ANIMAL"", ""SHEEP"", 3]]",Boey
11,mtmr_s1,16758882,56488920,112750848,2026-09-24 06:02:35.389000,COMPLETED,EPISODE_TYPE_PUBLIC,1,131682,Unknown Mother-Goose,16730612,56507372,0,139882,0,2980.7,>2800,DSM,"[[""BUY_ANIMAL"", ""COW"", 1], [""BUY_PRODUCT"", ""WHEAT"", 5]]","[[""SELL"", ""WHEAT"", 1], [""HIRE""], [""HIRE""], [""HIRE""], [""HIRE""], [""BUY_ANIMAL"", ""COW"", 1], [""BUY_ANIMAL"", ""SHEEP"", 3]]",DSM
11,mtmr_s1,16758882,56488920,112745042,2026-09-24 05:42:12.527000,COMPLETED,EPISODE_TYPE_PUBLIC,1,97366,THIRD FARM CLUB,16730524,56483076,0,97103,1,2943.1,>2800,DSM,"[[""BUY_ANIMAL"", ""COW"", 1], [""BUY_PRODUCT"", ""WHEAT"", 5]]","[[""SELL"", ""WHEAT"", 1], [""HIRE""], [""HIRE""], [""HIRE""], [""HIRE""], [""BUY_ANIMAL"", ""COW"", 1], [""BUY_ANIMAL"", ""SHEEP"", 3]]",Boey
11,mtmr_s1,16758882,56488920,112737068,2026-09-24 05:13:57.602000,COMPLETED,EPISODE_TYPE_PUBLIC,0,91380,Densike,16660137,56490337,1,77502,1,2873.8,>2800,DSM,"[[""BUY_ANIMAL"", ""COW"", 1], [""BUY_PRODUCT"", ""WHEAT"", 5]]","[[""SELL"", ""WHEAT"", 1], [""HIRE""], [""HIRE""], [""HIRE""], [""HIRE""], [""BUY_ANIMAL"", ""COW"", 1], [""BUY_ANIMAL"", ""SHEEP"", 3]]",DSM
11,mtmr_s1,16758882,56488920,112733315,2026-09-24 05:02:42.465000,COMPLETED,EPISODE_TYPE_PUBLIC,1,105363,Smackaveli,16862183,56505883,0,104157,1,2893.4,>2800,DSM,"[[""BUY_ANIMAL"", ""COW"", 1], [""BUY_PRODUCT"", ""WHEAT"", 5]]","[[""SELL"", ""WHEAT"", 1], [""HIRE""], [""HIRE""], [""HIRE""], [""HIRE""], [""BUY_ANIMAL"", ""COW"", 1], [""BUY_ANIMAL"", ""SHEEP"", 3]]",DSM
11,mtmr_s1,16758882,56488920,112731421,2026-09-24 04:52:28.840000,COMPLETED,EPISODE_TYPE_PUBLIC,1,131186,THIRD FARM CLUB,16730524,56449618,0,117810,1,2943.1,>2800,DSM,"[[""BUY_ANIMAL"", ""COW"", 1], [""BUY_PRODUCT"", ""WHEAT"", 5]]","[[""SELL"", ""WHEAT"", 1], [""HIRE""], [""HIRE""], [""HIRE""], [""HIRE""], [""BUY_ANIMAL"", ""COW"", 1], [""BUY_ANIMAL"", ""SHEEP"", 3]]",Boey
11,mtmr_s1,16758882,56488920,112723885,2026-09-24 04:28:37.460000,COMPLETED,EPISODE_TYPE_PUBLIC,1,83385,Unknown Mother-Goose,16730612,56507372,0,88213,0,2980.7,>2800,DSM,"[[""BUY_ANIMAL"", ""COW"", 1], [""BUY_PRODUCT"", ""WHEAT"", 5]]","[[""SELL"", ""WHEAT"", 1], [""HIRE""], [""HIRE""], [""HIRE""], [""HIRE""], [""BUY_ANIMAL"", ""COW"", 1], [""BUY_ANIMAL"", ""SHEEP"", 3]]",DSM
11,mtmr_s1,16758882,56488920,112717525,2026-09-24 04:02:50.714000,COMPLETED,EPISODE_TYPE_PUBLIC,0,149628,Azat Akhtyamov,16743356,56491149,1,137331,1,2938.9,>2800,DSM,"[[""BUY_ANIMAL"", ""COW"", 1], [""BUY_PRODUCT"", ""WHEAT"", 5]]","[[""SELL"", ""WHEAT"", 1], [""HIRE""], [""HIRE""], [""HIRE""], [""HIRE""], [""BUY_ANIMAL"", ""COW"", 1], [""BUY_ANIMAL"", ""SHEEP"", 3]]",DSM
11,mtmr_s1,16758882,56488920,112710320,2026-09-24 03:40:12.567000,COMPLETED,EPISODE_TYPE_PUBLIC,0,97709,DECEM,16623559,56482350,1,107371,0,3049.3,>2800,DSM,"[[""BUY_ANIMAL"", ""COW"", 1], [""BUY_PRODUCT"", ""WHEAT"", 5]]","[[""SELL"", ""WHEAT"", 1], [""HIRE""], [""HIRE""], [""HIRE""], [""HIRE""], [""BUY_ANIMAL"", ""COW"", 1], [""BUY_ANIMAL"", ""SHEEP"", 3]]",DSM
11,mtmr_s1,16758882,56488920,112702459,2026-09-24 03:17:42.184000,COMPLETED,EPISODE_TYPE_PUBLIC,0,92003,Densike,16660137,56490337,1,92666,0,2873.8,>2800,DSM,"[[""BUY_ANIMAL"", ""COW"", 1], [""BUY_PRODUCT"", ""WHEAT"", 5]]","[[""SELL"", ""WHEAT"", 1], [""HIRE""], [""HIRE""], [""HIRE""], [""HIRE""], [""BUY_ANIMAL"", ""COW"", 1], [""BUY_ANIMAL"", ""SHEEP"", 3]]",DSM
11,mtmr_s1,16758882,56488920,112695472,2026-09-24 02:50:29.655000,COMPLETED,EPISODE_TYPE_PUBLIC,0,129688,tetsuya & yuanzhe & guoqin,16623716,56495280,1,120893,1,2852.8,>2800,DSM,"[[""BUY_ANIMAL"", ""COW"", 1], [""BUY_PRODUCT"", ""WHEAT"", 5]]","[[""SELL"", ""WHEAT"", 1], [""HIRE""], [""HIRE""], [""HIRE""], [""HIRE""], [""BUY_ANIMAL"", ""COW"", 1], [""BUY_ANIMAL"", ""SHEEP"", 3]]",DSM
11,mtmr_s1,16758882,56488920,112689259,2026-09-24 02:28:10.715000,COMPLETED,EPISODE_TYPE_PUBLIC,0,135153,Majkel1337,16718819,56504326,1,127842,1,2981.3,>2800,DSM,"[[""BUY_ANIMAL"", ""COW"", 1], [""BUY_PRODUCT"", ""WHEAT"", 5]]","[[""SELL"", ""WHEAT"", 1], [""HIRE""], [""HIRE""], [""HIRE""], [""HIRE""], [""BUY_ANIMAL"", ""COW"", 1], [""BUY_ANIMAL"", ""SHEEP"", 3]]",other
11,mtmr_s1,16758882,56488920,112685940,2026-09-24 02:13:41.552000,COMPLETED,EPISODE_TYPE_PUBLIC,0,112432,tetsuya & yuanzhe & guoqin,16623716,56495280,1,101598,1,2852.8,>2800,DSM,"[[""BUY_ANIMAL"", ""COW"", 1], [""BUY_PRODUCT"", ""WHEAT"", 5]]","[[""SELL"", ""WHEAT"", 1], [""HIRE""], [""HIRE""], [""HIRE""], [""HIRE""], [""BUY_ANIMAL"", ""COW"", 1], [""BUY_ANIMAL"", ""SHEEP"", 3]]",DSM
11,mtmr_s1,16758882,56488920,112679068,2026-09-24 01:53:01.955000,COMPLETED,EPISODE_TYPE_PUBLIC,1,109281,Majkel1337,16718819,56504326,0,118710,0,2981.3,>2800,DSM,"[[""BUY_ANIMAL"", ""COW"", 1], [""BUY_PRODUCT"", ""WHEAT"", 5]]","[[""SELL"", ""WHEAT"", 1], [""HIRE""], [""HIRE""], [""HIRE""], [""HIRE""], [""BUY_ANIMAL"", ""COW"", 1], [""BUY_ANIMAL"", ""SHEEP"", 3]]",other
11,mtmr_s1,16758882,56488920,112678697,2026-09-24 01:49:58.487000,COMPLETED,EPISODE_TYPE_PUBLIC,0,99393,Majkel1337,16718819,56504326,1,104046,0,2981.3,>2800,DSM,"[[""BUY_ANIMAL"", ""COW"", 1], [""BUY_PRODUCT"", ""WHEAT"", 5]]","[[""SELL"", ""WHEAT"", 1], [""HIRE""], [""HIRE""], [""HIRE""], [""HIRE""], [""BUY_ANIMAL"", ""COW"", 1], [""BUY_ANIMAL"", ""SHEEP"", 3]]",other
11,mtmr_s1,16758882,56488920,112672835,2026-09-24 01:32:33.996000,COMPLETED,EPISODE_TYPE_PUBLIC,0,140887,Majkel1337,16718819,56504326,1,169296,0,2981.3,>2800,DSM,"[[""BUY_ANIMAL"", ""COW"", 1], [""BUY_PRODUCT"", ""WHEAT"", 5]]","[[""SELL"", ""WHEAT"", 1], [""HIRE""], [""HIRE""], [""HIRE""], [""HIRE""], [""BUY_ANIMAL"", ""COW"", 1], [""BUY_ANIMAL"", ""SHEEP"", 3]]",other
11,mtmr_s1,16758882,56488920,112667584,2026-09-24 01:10:38.139000,COMPLETED,EPISODE_TYPE_PUBLIC,1,75790,Vadim Vasilenko,16770421,56501059,0,81207,0,3017.3,>2800,DSM,"[[""BUY_ANIMAL"", ""COW"", 1], [""BUY_PRODUCT"", ""WHEAT"", 5]]","[[""SELL"", ""WHEAT"", 1], [""HIRE""], [""HIRE""], [""HIRE""], [""HIRE""], [""BUY_ANIMAL"", ""COW"", 1], [""BUY_ANIMAL"", ""SHEEP"", 3]]",DSM
11,mtmr_s1,16758882,56488920,112663889,2026-09-24 01:00:39.016000,COMPLETED,EPISODE_TYPE_PUBLIC,1,75485,M & M & P & Q,16681125,56497780,0,80296,0,1719.8,<2000,DSM,"[[""BUY_ANIMAL"", ""COW"", 1], [""BUY_PRODUCT"", ""WHEAT"", 5]]","[[""SELL"", ""WHEAT"", 1], [""HIRE""], [""HIRE""], [""HIRE""], [""HIRE""], [""BUY_ANIMAL"", ""COW"", 1], [""BUY_ANIMAL"", ""SHEEP"", 3]]",DSM
11,mtmr_s1,16758882,56488920,112658066,2026-09-24 00:38:10.954000,COMPLETED,EPISODE_TYPE_PUBLIC,1,86217,Kaggledew Valley 🏆,16633132,56478393,0,89473,0,2964.1,>2800,DSM,"[[""BUY_ANIMAL"", ""COW"", 1], [""BUY_PRODUCT"", ""WHEAT"", 5]]","[[""SELL"", ""WHEAT"", 1], [""HIRE""], [""HIRE""], [""HIRE""], [""HIRE""], [""BUY_ANIMAL"", ""COW"", 1], [""BUY_ANIMAL"", ""SHEEP"", 3]]",other
11,mtmr_s1,16758882,56488920,112652151,2026-09-24 00:19:33.086000,COMPLETED,EPISODE_TYPE_PUBLIC,0,130572,DSM,16732748,56495569,1,129835,1,3139.4,>2800,DSM,"[[""BUY_ANIMAL"", ""COW"", 1], [""BUY_PRODUCT"", ""WHEAT"", 5]]","[[""SELL"", ""WHEAT"", 1], [""HIRE""], [""HIRE""], [""HIRE""], [""HIRE""], [""BUY_ANIMAL"", ""COW"", 1], [""BUY_ANIMAL"", ""SHEEP"", 3]]",DSM
11,mtmr_s1,16758882,56488920,112646296,2026-09-24 00:00:35.116000,COMPLETED,EPISODE_TYPE_PUBLIC,1,83312,Vadim Vasilenko,16770421,56501059,0,88683,0,3017.3,>2800,DSM,"[[""BUY_ANIMAL"", ""COW"", 1], [""BUY_PRODUCT"", ""WHEAT"", 5]]","[[""SELL"", ""WHEAT"", 1], [""HIRE""], [""HIRE""], [""HIRE""], [""HIRE""], [""BUY_ANIMAL"", ""COW"", 1], [""BUY_ANIMAL"", ""SHEEP"", 3]]",DSM
11,mtmr_s1,16758882,56488920,112646383,2026-09-23 23:59:09.578000,COMPLETED,EPISODE_TYPE_PUBLIC,0,117522,Otter Vibe,16760569,56497078,1,100565,1,2874.0,>2800,DSM,"[[""BUY_ANIMAL"", ""COW"", 1], [""BUY_PRODUCT"", ""WHEAT"", 5]]","[[""SELL"", ""WHEAT"", 1], [""HIRE""], [""HIRE""], [""HIRE""], [""HIRE""], [""BUY_ANIMAL"", ""COW"", 1], [""BUY_ANIMAL"", ""SHEEP"", 3]]",other
11,mtmr_s1,16758882,56488920,112640907,2026-09-23 23:39:07.863000,COMPLETED,EPISODE_TYPE_PUBLIC,0,101907,HowardLeeTW,16690867,56456228,1,92236,1,2838.4,>2800,DSM,"[[""BUY_ANIMAL"", ""COW"", 1], [""BUY_PRODUCT"", ""WHEAT"", 5]]","[[""SELL"", ""WHEAT"", 1], [""HIRE""], [""HIRE""], [""HIRE""], [""HIRE""], [""BUY_ANIMAL"", ""COW"", 1], [""BUY_ANIMAL"", ""SHEEP"", 3]]",other
11,mtmr_s1,16758882,56488920,112640916,2026-09-23 23:38:00.388000,COMPLETED,EPISODE_TYPE_PUBLIC,1,136973,THIRD FARM CLUB,16730524,56449618,0,123047,1,2943.1,>2800,DSM,"[[""BUY_ANIMAL"", ""COW"", 1], [""BUY_PRODUCT"", ""WHEAT"", 5]]","[[""SELL"", ""WHEAT"", 1], [""HIRE""], [""HIRE""], [""HIRE""], [""HIRE""], [""BUY_ANIMAL"", ""COW"", 1], [""BUY_ANIMAL"", ""SHEEP"", 3]]",Boey
11,mtmr_s1,16758882,56488920,112635740,2026-09-23 23:25:16.175000,COMPLETED,EPISODE_TYPE_PUBLIC,1,80351,Vadim Vasilenko,16770421,56501059,0,83296,0,3017.3,>2800,DSM,"[[""BUY_ANIMAL"", ""COW"", 1], [""BUY_PRODUCT"", ""WHEAT"", 5]]","[[""SELL"", ""WHEAT"", 1], [""HIRE""], [""HIRE""], [""HIRE""], [""HIRE""], [""BUY_ANIMAL"", ""COW"", 1], [""BUY_ANIMAL"", ""SHEEP"", 3]]",DSM
11,mtmr_s1,16758882,56488920,112633831,2026-09-23 23:13:14.856000,COMPLETED,EPISODE_TYPE_PUBLIC,1,129221,kwa,16739633,56503483,0,107913,1,1331.2,<2000,DSM,"[[""BUY_ANIMAL"", ""COW"", 1], [""BUY_PRODUCT"", ""WHEAT"", 5]]","[[""SELL"", ""WHEAT"", 1], [""HIRE""], [""HIRE""], [""HIRE""], [""HIRE""], [""BUY_ANIMAL"", ""COW"", 1], [""BUY_ANIMAL"", ""SHEEP"", 3]]",other
11,mtmr_s1,16758882,56488920,112628215,2026-09-23 22:52:15.907000,COMPLETED,EPISODE_TYPE_PUBLIC,1,84509,DECEM,16623559,56482350,0,95921,0,3049.3,>2800,DSM,"[[""BUY_ANIMAL"", ""COW"", 1], [""BUY_PRODUCT"", ""WHEAT"", 5]]","[[""SELL"", ""WHEAT"", 1], [""HIRE""], [""HIRE""], [""HIRE""], [""HIRE""], [""BUY_ANIMAL"", ""COW"", 1], [""BUY_ANIMAL"", ""SHEEP"", 3]]",DSM
11,mtmr_s1,16758882,56488920,112623248,2026-09-23 22:38:07.498000,COMPLETED,EPISODE_TYPE_PUBLIC,1,83703,tetsuya & yuanzhe & guoqin,16623716,56495280,0,77971,1,2852.8,>2800,DSM,"[[""BUY_ANIMAL"", ""COW"", 1], [""BUY_PRODUCT"", ""WHEAT"", 5]]","[[""SELL"", ""WHEAT"", 1], [""HIRE""], [""HIRE""], [""HIRE""], [""HIRE""], [""BUY_ANIMAL"", ""COW"", 1], [""BUY_ANIMAL"", ""SHEEP"", 3]]",DSM
11,mtmr_s1,16758882,56488920,112621415,2026-09-23 22:32:08.475000,COMPLETED,EPISODE_TYPE_PUBLIC,1,124097,THIRD FARM CLUB,16730524,56449618,0,123060,1,2943.1,>2800,DSM,"[[""BUY_ANIMAL"", ""COW"", 1], [""BUY_PRODUCT"", ""WHEAT"", 5]]","[[""SELL"", ""WHEAT"", 1], [""HIRE""], [""HIRE""], [""HIRE""], [""HIRE""], [""BUY_ANIMAL"", ""COW"", 1], [""BUY_ANIMAL"", ""SHEEP"", 3]]",Boey
11,mtmr_s1,16758882,56488920,112616218,2026-09-23 22:10:26.339000,COMPLETED,EPISODE_TYPE_PUBLIC,1,74860,Azat Akhtyamov,16743356,56491144,0,62996,1,2938.9,>2800,DSM,"[[""BUY_ANIMAL"", ""COW"", 1], [""BUY_PRODUCT"", ""WHEAT"", 5]]","[[""SELL"", ""WHEAT"", 1], [""HIRE""], [""HIRE""], [""HIRE""], [""HIRE""], [""BUY_ANIMAL"", ""COW"", 1], [""BUY_ANIMAL"", ""SHEEP"", 3]]",DSM
12,TheEggman,16887437,56498825,112932121,2026-09-24 16:24:23.613000,COMPLETED,EPISODE_TYPE_PUBLIC,0,112018,tetsuya & yuanzhe & guoqin,16623716,56520466,1,118016,0,2852.8,>2800,other,"[[""BUY_PRODUCT"", ""WHEAT"", 5], [""BUY_ANIMAL"", ""COW"", 1]]","[[""SELL"", ""WHEAT"", 1], [""HIRE""], [""HIRE""], [""HIRE""], [""HIRE""], [""BUY_ANIMAL"", ""COW"", 1], [""BUY_ANIMAL"", ""SHEEP"", 3]]",DSM
12,TheEggman,16887437,56498825,112928654,2026-09-24 16:11:39.331000,COMPLETED,EPISODE_TYPE_PUBLIC,1,102505,Unknown Mother-Goose,16730612,56519499,0,113965,0,2980.7,>2800,other,"[[""BUY_PRODUCT"", ""WHEAT"", 5], [""BUY_ANIMAL"", ""COW"", 1]]","[[""SELL"", ""WHEAT"", 1], [""HIRE""], [""HIRE""], [""HIRE""], [""HIRE""], [""BUY_ANIMAL"", ""COW"", 1], [""BUY_ANIMAL"", ""SHEEP"", 3]]",DSM
12,TheEggman,16887437,56498825,112927486,2026-09-24 16:09:16.555000,COMPLETED,EPISODE_TYPE_PUBLIC,1,89001,Unknown Mother-Goose,16730612,56519499,0,100671,0,2980.7,>2800,other,"[[""BUY_PRODUCT"", ""WHEAT"", 5], [""BUY_ANIMAL"", ""COW"", 1]]","[[""SELL"", ""WHEAT"", 1], [""HIRE""], [""HIRE""], [""HIRE""], [""HIRE""], [""BUY_ANIMAL"", ""COW"", 1], [""BUY_ANIMAL"", ""SHEEP"", 3]]",DSM
12,TheEggman,16887437,56498825,112920513,2026-09-24 15:44:47.048000,COMPLETED,EPISODE_TYPE_PUBLIC,1,126044,Unknown Mother-Goose,16730612,56519499,0,139125,0,2980.7,>2800,other,"[[""BUY_PRODUCT"", ""WHEAT"", 5], [""BUY_ANIMAL"", ""COW"", 1]]","[[""SELL"", ""WHEAT"", 1], [""HIRE""], [""HIRE""], [""HIRE""], [""HIRE""], [""BUY_ANIMAL"", ""COW"", 1], [""BUY_ANIMAL"", ""SHEEP"", 3]]",DSM
12,TheEggman,16887437,56498825,112912641,2026-09-24 15:18:05.309000,COMPLETED,EPISODE_TYPE_PUBLIC,1,94545,🐚seek inspiration🐚,16793083,56489993,0,87356,1,2873.2,>2800,other,"[[""BUY_PRODUCT"", ""WHEAT"", 5], [""BUY_ANIMAL"", ""COW"", 1]]","[[""SELL"", ""WHEAT"", 1], [""HIRE""], [""HIRE""], [""HIRE""], [""HIRE""], [""BUY_ANIMAL"", ""COW"", 1], [""BUY_ANIMAL"", ""SHEEP"", 3]]",DSM
12,TheEggman,16887437,56498825,112911423,2026-09-24 15:14:14.266000,COMPLETED,EPISODE_TYPE_PUBLIC,1,117524,Orbital Terraformer,16675778,56467169,0,102017,1,2843.6,>2800,other,"[[""BUY_PRODUCT"", ""WHEAT"", 5], [""BUY_ANIMAL"", ""COW"", 1]]","[[""SELL"", ""WHEAT"", 1], [""HIRE""], [""HIRE""], [""HIRE""], [""HIRE""], [""BUY_ANIMAL"", ""COW"", 1], [""BUY_ANIMAL"", ""SHEEP"", 3]]",DSM
12,TheEggman,16887437,56498825,112901784,2026-09-24 14:39:38.158000,COMPLETED,EPISODE_TYPE_PUBLIC,1,112816,DSM,16732748,56518845,0,142586,0,3139.4,>2800,other,"[[""BUY_PRODUCT"", ""WHEAT"", 5], [""BUY_ANIMAL"", ""COW"", 1]]","[[""SELL"", ""WHEAT"", 1], [""HIRE""], [""HIRE""], [""HIRE""], [""HIRE""], [""BUY_ANIMAL"", ""COW"", 1], [""BUY_ANIMAL"", ""SHEEP"", 3]]",DSM
12,TheEggman,16887437,56498825,112898260,2026-09-24 14:29:33.069000,COMPLETED,EPISODE_TYPE_PUBLIC,1,85937,DSM,16732748,56518845,0,103438,0,3139.4,>2800,other,"[[""BUY_PRODUCT"", ""WHEAT"", 5], [""BUY_ANIMAL"", ""COW"", 1]]","[[""SELL"", ""WHEAT"", 1], [""HIRE""], [""HIRE""], [""HIRE""], [""HIRE""], [""BUY_ANIMAL"", ""COW"", 1], [""BUY_ANIMAL"", ""SHEEP"", 3]]",DSM
12,TheEggman,16887437,56498825,112898543,2026-09-24 14:27:59.099000,COMPLETED,EPISODE_TYPE_PUBLIC,1,112380,摆烂小分队 🏆,16695046,56508654,0,114186,0,2851.2,>2800,other,"[[""BUY_PRODUCT"", ""WHEAT"", 5], [""BUY_ANIMAL"", ""COW"", 1]]","[[""SELL"", ""WHEAT"", 1], [""HIRE""], [""HIRE""], [""HIRE""], [""HIRE""], [""BUY_ANIMAL"", ""COW"", 1], [""BUY_ANIMAL"", ""SHEEP"", 3]]",tape
12,TheEggman,16887437,56498825,112889359,2026-09-24 13:54:59.388000,COMPLETED,EPISODE_TYPE_PUBLIC,1,104898,吃白饭的大肥鱼,16854176,56483899,0,109038,0,2978.5,>2800,other,"[[""BUY_PRODUCT"", ""WHEAT"", 5], [""BUY_ANIMAL"", ""COW"", 1]]","[[""SELL"", ""WHEAT"", 1], [""HIRE""], [""HIRE""], [""HIRE""], [""HIRE""], [""BUY_ANIMAL"", ""COW"", 1], [""BUY_ANIMAL"", ""SHEEP"", 3]]",other
12,TheEggman,16887437,56498825,112888026,2026-09-24 13:53:44.169000,COMPLETED,EPISODE_TYPE_PUBLIC,1,95098,Majkel1337,16718819,56504326,0,99797,0,2981.3,>2800,other,"[[""BUY_PRODUCT"", ""WHEAT"", 5], [""BUY_ANIMAL"", ""COW"", 1]]","[[""SELL"", ""WHEAT"", 1], [""HIRE""], [""HIRE""], [""HIRE""], [""HIRE""], [""BUY_ANIMAL"", ""COW"", 1], [""BUY_ANIMAL"", ""SHEEP"", 3]]",other
12,TheEggman,16887437,56498825,112881156,2026-09-24 13:27:39.339000,COMPLETED,EPISODE_TYPE_PUBLIC,0,122032,ymg_aq,16732403,56506729,1,123581,0,815.1,<2000,other,"[[""BUY_PRODUCT"", ""WHEAT"", 5], [""BUY_ANIMAL"", ""COW"", 1]]","[[""SELL"", ""WHEAT"", 1], [""HIRE""], [""HIRE""], [""HIRE""], [""HIRE""], [""BUY_ANIMAL"", ""COW"", 1], [""BUY_ANIMAL"", ""SHEEP"", 3]]",other
12,TheEggman,16887437,56498825,112872751,2026-09-24 13:02:35.574000,COMPLETED,EPISODE_TYPE_PUBLIC,0,105348,SpaTaro,16640510,56516344,1,100536,1,2885.0,>2800,other,"[[""BUY_PRODUCT"", ""WHEAT"", 5], [""BUY_ANIMAL"", ""COW"", 1]]","[[""SELL"", ""WHEAT"", 1], [""HIRE""], [""HIRE""], [""HIRE""], [""HIRE""], [""BUY_ANIMAL"", ""COW"", 1], [""BUY_ANIMAL"", ""SHEEP"", 3]]",other
12,TheEggman,16887437,56498825,112867945,2026-09-24 12:44:48.206000,COMPLETED,EPISODE_TYPE_PUBLIC,0,80610,DECEM,16623559,56517128,1,87169,0,3049.3,>2800,other,"[[""BUY_PRODUCT"", ""WHEAT"", 5], [""BUY_ANIMAL"", ""COW"", 1]]","[[""SELL"", ""WHEAT"", 1], [""HIRE""], [""HIRE""], [""HIRE""], [""HIRE""], [""BUY_ANIMAL"", ""COW"", 1], [""BUY_ANIMAL"", ""SHEEP"", 3]]",DSM
12,TheEggman,16887437,56498825,112864909,2026-09-24 12:31:34.152000,COMPLETED,EPISODE_TYPE_PUBLIC,0,91858,Vadim Vasilenko,16770421,56491543,1,99064,0,3017.3,>2800,other,"[[""BUY_PRODUCT"", ""WHEAT"", 5], [""BUY_ANIMAL"", ""COW"", 1]]","[[""SELL"", ""WHEAT"", 1], [""HIRE""], [""HIRE""], [""HIRE""], [""HIRE""], [""BUY_ANIMAL"", ""COW"", 1], [""BUY_ANIMAL"", ""SHEEP"", 3]]",DSM
12,TheEggman,16887437,56498825,112856542,2026-09-24 12:03:53.356000,COMPLETED,EPISODE_TYPE_PUBLIC,1,84993,tetsuya & yuanzhe & guoqin,16623716,56514069,0,89795,0,2852.8,>2800,other,"[[""BUY_PRODUCT"", ""WHEAT"", 5], [""BUY_ANIMAL"", ""COW"", 1]]","[[""SELL"", ""WHEAT"", 1], [""HIRE""], [""HIRE""], [""HIRE""], [""HIRE""], [""BUY_ANIMAL"", ""COW"", 1], [""BUY_ANIMAL"", ""SHEEP"", 3]]",DSM
12,TheEggman,16887437,56498825,112855708,2026-09-24 12:01:45.488000,COMPLETED,EPISODE_TYPE_PUBLIC,1,115368,Unknown Mother-Goose,16730612,56507372,0,122599,0,2980.7,>2800,other,"[[""BUY_PRODUCT"", ""WHEAT"", 5], [""BUY_ANIMAL"", ""COW"", 1]]","[[""SELL"", ""WHEAT"", 1], [""HIRE""], [""HIRE""], [""HIRE""], [""HIRE""], [""BUY_ANIMAL"", ""COW"", 1], [""BUY_ANIMAL"", ""SHEEP"", 3]]",DSM
12,TheEggman,16887437,56498825,112848290,2026-09-24 11:39:50.870000,COMPLETED,EPISODE_TYPE_PUBLIC,0,131516,tetsuya & yuanzhe & guoqin,16623716,56514069,1,130432,1,2852.8,>2800,other,"[[""BUY_PRODUCT"", ""WHEAT"", 5], [""BUY_ANIMAL"", ""COW"", 1]]","[[""SELL"", ""WHEAT"", 1], [""HIRE""], [""HIRE""], [""HIRE""], [""HIRE""], [""BUY_ANIMAL"", ""COW"", 1], [""BUY_ANIMAL"", ""SHEEP"", 3]]",DSM
12,TheEggman,16887437,56498825,112846210,2026-09-24 11:28:41.425000,COMPLETED,EPISODE_TYPE_PUBLIC,0,127833,吃白饭的大肥鱼,16854176,56506820,1,96803,1,2978.5,>2800,other,"[[""BUY_PRODUCT"", ""WHEAT"", 5], [""BUY_ANIMAL"", ""COW"", 1]]","[[""SELL"", ""WHEAT"", 1], [""HIRE""], [""HIRE""], [""HIRE""], [""HIRE""], [""BUY_ANIMAL"", ""COW"", 1], [""BUY_ANIMAL"", ""SHEEP"", 3]]",other
12,TheEggman,16887437,56498825,112838323,2026-09-24 11:03:04.742000,COMPLETED,EPISODE_TYPE_PUBLIC,0,90046,Vadim Vasilenko,16770421,56491543,1,91232,0,3017.3,>2800,other,"[[""BUY_PRODUCT"", ""WHEAT"", 5], [""BUY_ANIMAL"", ""COW"", 1]]","[[""SELL"", ""WHEAT"", 1], [""HIRE""], [""HIRE""], [""HIRE""], [""HIRE""], [""BUY_ANIMAL"", ""COW"", 1], [""BUY_ANIMAL"", ""SHEEP"", 3]]",DSM
12,TheEggman,16887437,56498825,112834716,2026-09-24 10:47:48.121000,COMPLETED,EPISODE_TYPE_PUBLIC,0,112648,Vadim Vasilenko,16770421,56501059,1,125197,0,3017.3,>2800,other,"[[""BUY_PRODUCT"", ""WHEAT"", 5], [""BUY_ANIMAL"", ""COW"", 1]]","[[""SELL"", ""WHEAT"", 1], [""HIRE""], [""HIRE""], [""HIRE""], [""HIRE""], [""BUY_ANIMAL"", ""COW"", 1], [""BUY_ANIMAL"", ""SHEEP"", 3]]",DSM
12,TheEggman,16887437,56498825,112833618,2026-09-24 10:44:21.149000,COMPLETED,EPISODE_TYPE_PUBLIC,0,96582,Azat Akhtyamov,16743356,56491144,1,88000,1,2938.9,>2800,other,"[[""BUY_PRODUCT"", ""WHEAT"", 5], [""BUY_ANIMAL"", ""COW"", 1]]","[[""SELL"", ""WHEAT"", 1], [""HIRE""], [""HIRE""], [""HIRE""], [""HIRE""], [""BUY_ANIMAL"", ""COW"", 1], [""BUY_ANIMAL"", ""SHEEP"", 3]]",DSM
12,TheEggman,16887437,56498825,112827481,2026-09-24 10:25:47.273000,COMPLETED,EPISODE_TYPE_PUBLIC,1,84578,tetsuya & yuanzhe & guoqin,16623716,56513715,0,79467,1,2852.8,>2800,other,"[[""BUY_PRODUCT"", ""WHEAT"", 5], [""BUY_ANIMAL"", ""COW"", 1]]","[[""SELL"", ""WHEAT"", 1], [""HIRE""], [""HIRE""], [""HIRE""], [""HIRE""], [""BUY_ANIMAL"", ""COW"", 1], [""BUY_ANIMAL"", ""SHEEP"", 3]]",other
12,TheEggman,16887437,56498825,112822040,2026-09-24 10:05:29.390000,COMPLETED,EPISODE_TYPE_PUBLIC,1,103342,Vadim Vasilenko,16770421,56491543,0,115725,0,3017.3,>2800,other,"[[""BUY_PRODUCT"", ""WHEAT"", 5], [""BUY_ANIMAL"", ""COW"", 1]]","[[""SELL"", ""WHEAT"", 1], [""HIRE""], [""HIRE""], [""HIRE""], [""HIRE""], [""BUY_ANIMAL"", ""COW"", 1], [""BUY_ANIMAL"", ""SHEEP"", 3]]",DSM
12,TheEggman,16887437,56498825,112816153,2026-09-24 09:51:24.302000,COMPLETED,EPISODE_TYPE_PUBLIC,1,104504,SpaTaro,16640510,56468202,0,103742,1,2885.0,>2800,other,"[[""BUY_PRODUCT"", ""WHEAT"", 5], [""BUY_ANIMAL"", ""COW"", 1]]","[[""SELL"", ""WHEAT"", 1], [""HIRE""], [""HIRE""], [""HIRE""], [""HIRE""], [""BUY_ANIMAL"", ""COW"", 1], [""BUY_ANIMAL"", ""SHEEP"", 3]]",other
12,TheEggman,16887437,56498825,112809183,2026-09-24 09:20:00.943000,COMPLETED,EPISODE_TYPE_PUBLIC,1,91867,HowardLeeTW,16690867,56456228,0,81135,1,2838.4,>2800,other,"[[""BUY_PRODUCT"", ""WHEAT"", 5], [""BUY_ANIMAL"", ""COW"", 1]]","[[""SELL"", ""WHEAT"", 1], [""HIRE""], [""HIRE""], [""HIRE""], [""HIRE""], [""BUY_ANIMAL"", ""COW"", 1], [""BUY_ANIMAL"", ""SHEEP"", 3]]",other
12,TheEggman,16887437,56498825,112801018,2026-09-24 08:51:57.555000,COMPLETED,EPISODE_TYPE_PUBLIC,0,98116,吃白饭的大肥鱼,16854176,56483899,1,100653,0,2978.5,>2800,other,"[[""BUY_PRODUCT"", ""WHEAT"", 5], [""BUY_ANIMAL"", ""COW"", 1]]","[[""SELL"", ""WHEAT"", 1], [""HIRE""], [""HIRE""], [""HIRE""], [""HIRE""], [""BUY_ANIMAL"", ""COW"", 1], [""BUY_ANIMAL"", ""SHEEP"", 3]]",other
12,TheEggman,16887437,56498825,112792877,2026-09-24 08:25:59.607000,COMPLETED,EPISODE_TYPE_PUBLIC,0,99655,ymg_aq,16732403,56506729,1,96608,1,815.1,<2000,other,"[[""BUY_PRODUCT"", ""WHEAT"", 5], [""BUY_ANIMAL"", ""COW"", 1]]","[[""SELL"", ""WHEAT"", 1], [""HIRE""], [""HIRE""], [""HIRE""], [""HIRE""], [""BUY_ANIMAL"", ""COW"", 1], [""BUY_ANIMAL"", ""SHEEP"", 3]]",other
12,TheEggman,16887437,56498825,112784715,2026-09-24 07:58:15.927000,COMPLETED,EPISODE_TYPE_PUBLIC,1,125081,Smackaveli,16862183,56505883,0,138189,0,2893.4,>2800,other,"[[""BUY_PRODUCT"", ""WHEAT"", 5], [""BUY_ANIMAL"", ""COW"", 1]]","[[""SELL"", ""WHEAT"", 1], [""HIRE""], [""HIRE""], [""HIRE""], [""HIRE""], [""BUY_ANIMAL"", ""COW"", 1], [""BUY_ANIMAL"", ""SHEEP"", 3]]",DSM
12,TheEggman,16887437,56498825,112776786,2026-09-24 07:30:05.682000,COMPLETED,EPISODE_TYPE_PUBLIC,0,104835,YumeNeko,16863512,56467178,1,98324,1,2866.2,>2800,other,"[[""BUY_PRODUCT"", ""WHEAT"", 5], [""BUY_ANIMAL"", ""COW"", 1]]","[[""SELL"", ""WHEAT"", 1], [""HIRE""], [""HIRE""], [""HIRE""], [""HIRE""], [""BUY_ANIMAL"", ""COW"", 1], [""BUY_ANIMAL"", ""SHEEP"", 3]]",other
12,TheEggman,16887437,56498825,112769577,2026-09-24 07:03:23.277000,COMPLETED,EPISODE_TYPE_PUBLIC,0,117635,KawattaTaido,16654697,56417128,1,111096,1,2865.4,>2800,other,"[[""BUY_PRODUCT"", ""WHEAT"", 5], [""BUY_ANIMAL"", ""COW"", 1]]","[[""SELL"", ""WHEAT"", 1], [""HIRE""], [""HIRE""], [""HIRE""], [""HIRE""], [""BUY_ANIMAL"", ""COW"", 1], [""BUY_ANIMAL"", ""SHEEP"", 3]]",tape
12,TheEggman,16887437,56498825,112761433,2026-09-24 06:38:46.985000,COMPLETED,EPISODE_TYPE_PUBLIC,1,81222,吃白饭的大肥鱼,16854176,56483899,0,73716,1,2978.5,>2800,other,"[[""BUY_PRODUCT"", ""WHEAT"", 5], [""BUY_ANIMAL"", ""COW"", 1]]","[[""SELL"", ""WHEAT"", 1], [""HIRE""], [""HIRE""], [""HIRE""], [""HIRE""], [""BUY_ANIMAL"", ""COW"", 1], [""BUY_ANIMAL"", ""SHEEP"", 3]]",other
12,TheEggman,16887437,56498825,112753464,2026-09-24 06:11:20.427000,COMPLETED,EPISODE_TYPE_PUBLIC,1,94956,ymg_aq,16732403,56506729,0,88918,1,815.1,<2000,other,"[[""BUY_PRODUCT"", ""WHEAT"", 5], [""BUY_ANIMAL"", ""COW"", 1]]","[[""SELL"", ""WHEAT"", 1], [""HIRE""], [""HIRE""], [""HIRE""], [""HIRE""], [""BUY_ANIMAL"", ""COW"", 1], [""BUY_ANIMAL"", ""SHEEP"", 3]]",other
12,TheEggman,16887437,56498825,112746420,2026-09-24 05:45:13.892000,COMPLETED,EPISODE_TYPE_PUBLIC,0,79841,Majkel1337,16718819,56504326,1,81788,0,2981.3,>2800,other,"[[""BUY_PRODUCT"", ""WHEAT"", 5], [""BUY_ANIMAL"", ""COW"", 1]]","[[""SELL"", ""WHEAT"", 1], [""HIRE""], [""HIRE""], [""HIRE""], [""HIRE""], [""BUY_ANIMAL"", ""COW"", 1], [""BUY_ANIMAL"", ""SHEEP"", 3]]",other
12,TheEggman,16887437,56498825,112746398,2026-09-24 05:43:11.197000,COMPLETED,EPISODE_TYPE_PUBLIC,0,119765,tetsuya & yuanzhe & guoqin,16623716,56495280,1,97561,1,2852.8,>2800,other,"[[""BUY_PRODUCT"", ""WHEAT"", 5], [""BUY_ANIMAL"", ""COW"", 1]]","[[""SELL"", ""WHEAT"", 1], [""HIRE""], [""HIRE""], [""HIRE""], [""HIRE""], [""BUY_ANIMAL"", ""COW"", 1], [""BUY_ANIMAL"", ""SHEEP"", 3]]",DSM
12,TheEggman,16887437,56498825,112738199,2026-09-24 05:16:56.352000,COMPLETED,EPISODE_TYPE_PUBLIC,1,106040,Vadim Vasilenko,16770421,56501059,0,112260,0,3017.3,>2800,other,"[[""BUY_PRODUCT"", ""WHEAT"", 5], [""BUY_ANIMAL"", ""COW"", 1]]","[[""SELL"", ""WHEAT"", 1], [""HIRE""], [""HIRE""], [""HIRE""], [""HIRE""], [""BUY_ANIMAL"", ""COW"", 1], [""BUY_ANIMAL"", ""SHEEP"", 3]]",DSM
12,TheEggman,16887437,56498825,112735852,2026-09-24 05:09:22.462000,COMPLETED,EPISODE_TYPE_PUBLIC,0,101965,Azat Akhtyamov,16743356,56491144,1,88985,1,2938.9,>2800,other,"[[""BUY_PRODUCT"", ""WHEAT"", 5], [""BUY_ANIMAL"", ""COW"", 1]]","[[""SELL"", ""WHEAT"", 1], [""HIRE""], [""HIRE""], [""HIRE""], [""HIRE""], [""BUY_ANIMAL"", ""COW"", 1], [""BUY_ANIMAL"", ""SHEEP"", 3]]",DSM
12,TheEggman,16887437,56498825,112727742,2026-09-24 04:39:24.915000,COMPLETED,EPISODE_TYPE_PUBLIC,1,106122,ymg_aq,16732403,56506774,0,99703,1,815.1,<2000,other,"[[""BUY_PRODUCT"", ""WHEAT"", 5], [""BUY_ANIMAL"", ""COW"", 1]]","[[""SELL"", ""WHEAT"", 1], [""HIRE""], [""HIRE""], [""HIRE""], [""HIRE""], [""BUY_ANIMAL"", ""COW"", 1], [""BUY_ANIMAL"", ""SHEEP"", 3]]",other
12,TheEggman,16887437,56498825,112727735,2026-09-24 04:39:21.956000,COMPLETED,EPISODE_TYPE_PUBLIC,0,157694,Boey,16915014,56484772,1,72696,1,2757.4,2500-2800,other,"[[""BUY_PRODUCT"", ""WHEAT"", 5], [""BUY_ANIMAL"", ""COW"", 1]]","[[""SELL"", ""WHEAT"", 1], [""HIRE""], [""HIRE""], [""HIRE""], [""HIRE""], [""BUY_ANIMAL"", ""COW"", 1], [""BUY_ANIMAL"", ""SHEEP"", 3]]",other
12,TheEggman,16887437,56498825,112719706,2026-09-24 04:13:11.661000,COMPLETED,EPISODE_TYPE_PUBLIC,0,118602,Artem The Farmer 🍅,16621799,56504277,1,117939,1,2902.8,>2800,other,"[[""BUY_PRODUCT"", ""WHEAT"", 5], [""BUY_ANIMAL"", ""COW"", 1]]","[[""SELL"", ""WHEAT"", 1], [""HIRE""], [""HIRE""], [""HIRE""], [""HIRE""], [""BUY_ANIMAL"", ""COW"", 1], [""BUY_ANIMAL"", ""SHEEP"", 3]]",other
12,TheEggman,16887437,56498825,112711761,2026-09-24 03:44:31.106000,COMPLETED,EPISODE_TYPE_PUBLIC,0,131642,Planned Economy,16685950,56287777,1,125800,1,2816.2,>2800,other,"[[""BUY_PRODUCT"", ""WHEAT"", 5], [""BUY_ANIMAL"", ""COW"", 1]]","[[""SELL"", ""WHEAT"", 1], [""HIRE""], [""HIRE""], [""HIRE""], [""HIRE""], [""BUY_ANIMAL"", ""COW"", 1], [""BUY_ANIMAL"", ""SHEEP"", 3]]",tape
12,TheEggman,16887437,56498825,112709315,2026-09-24 03:38:44.143000,COMPLETED,EPISODE_TYPE_PUBLIC,1,88656,THIRD FARM CLUB,16730524,56449618,0,86498,1,2943.1,>2800,other,"[[""BUY_PRODUCT"", ""WHEAT"", 5], [""BUY_ANIMAL"", ""COW"", 1]]","[[""SELL"", ""WHEAT"", 1], [""HIRE""], [""HIRE""], [""HIRE""], [""HIRE""], [""BUY_ANIMAL"", ""COW"", 1], [""BUY_ANIMAL"", ""SHEEP"", 3]]",Boey
12,TheEggman,16887437,56498825,112701886,2026-09-24 03:12:07.989000,COMPLETED,EPISODE_TYPE_PUBLIC,1,104851,ymg_aq,16732403,56506774,0,97783,1,815.1,<2000,other,"[[""BUY_PRODUCT"", ""WHEAT"", 5], [""BUY_ANIMAL"", ""COW"", 1]]","[[""SELL"", ""WHEAT"", 1], [""HIRE""], [""HIRE""], [""HIRE""], [""HIRE""], [""BUY_ANIMAL"", ""COW"", 1], [""BUY_ANIMAL"", ""SHEEP"", 3]]",other
12,TheEggman,16887437,56498825,112697781,2026-09-24 02:55:21.450000,COMPLETED,EPISODE_TYPE_PUBLIC,1,114105,Azat Akhtyamov,16743356,56491144,0,124631,0,2938.9,>2800,other,"[[""BUY_PRODUCT"", ""WHEAT"", 5], [""BUY_ANIMAL"", ""COW"", 1]]","[[""SELL"", ""WHEAT"", 1], [""HIRE""], [""HIRE""], [""HIRE""], [""HIRE""], [""BUY_ANIMAL"", ""COW"", 1], [""BUY_ANIMAL"", ""SHEEP"", 3]]",DSM
12,TheEggman,16887437,56498825,112691462,2026-09-24 02:38:56.887000,COMPLETED,EPISODE_TYPE_PUBLIC,0,92884,Fourth Quadrant,16667959,56505223,1,93238,0,2621.2,2500-2800,other,"[[""BUY_PRODUCT"", ""WHEAT"", 5], [""BUY_ANIMAL"", ""COW"", 1]]","[[""SELL"", ""WHEAT"", 1], [""HIRE""], [""HIRE""], [""HIRE""], [""HIRE""], [""BUY_ANIMAL"", ""COW"", 1], [""BUY_ANIMAL"", ""SHEEP"", 3]]",other
12,TheEggman,16887437,56498825,112687162,2026-09-24 02:22:19.740000,COMPLETED,EPISODE_TYPE_PUBLIC,1,116754,M & M & P & Q,16681125,56497780,0,128196,0,1719.8,<2000,other,"[[""BUY_PRODUCT"", ""WHEAT"", 5], [""BUY_ANIMAL"", ""COW"", 1]]","[[""SELL"", ""WHEAT"", 1], [""HIRE""], [""HIRE""], [""HIRE""], [""HIRE""], [""BUY_ANIMAL"", ""COW"", 1], [""BUY_ANIMAL"", ""SHEEP"", 3]]",DSM
12,TheEggman,16887437,56498825,112680325,2026-09-24 01:56:36.668000,COMPLETED,EPISODE_TYPE_PUBLIC,1,106276,Otter Vibe,16760569,56497078,0,108163,0,2874.0,>2800,other,"[[""BUY_PRODUCT"", ""WHEAT"", 5], [""BUY_ANIMAL"", ""COW"", 1]]","[[""SELL"", ""WHEAT"", 1], [""HIRE""], [""HIRE""], [""HIRE""], [""HIRE""], [""BUY_ANIMAL"", ""COW"", 1], [""BUY_ANIMAL"", ""SHEEP"", 3]]",other
12,TheEggman,16887437,56498825,112678691,2026-09-24 01:51:53.331000,COMPLETED,EPISODE_TYPE_PUBLIC,0,118226,Artem The Farmer 🍅,16621799,56504277,1,111113,1,2902.8,>2800,other,"[[""BUY_PRODUCT"", ""WHEAT"", 5], [""BUY_ANIMAL"", ""COW"", 1]]","[[""SELL"", ""WHEAT"", 1], [""HIRE""], [""HIRE""], [""HIRE""], [""HIRE""], [""BUY_ANIMAL"", ""COW"", 1], [""BUY_ANIMAL"", ""SHEEP"", 3]]",other
12,TheEggman,16887437,56498825,112674298,2026-09-24 01:35:55.815000,COMPLETED,EPISODE_TYPE_PUBLIC,1,96658,M & M & P & Q,16681125,56497780,0,99854,0,1719.8,<2000,other,"[[""BUY_PRODUCT"", ""WHEAT"", 5], [""BUY_ANIMAL"", ""COW"", 1]]","[[""SELL"", ""WHEAT"", 1], [""HIRE""], [""HIRE""], [""HIRE""], [""HIRE""], [""BUY_ANIMAL"", ""COW"", 1], [""BUY_ANIMAL"", ""SHEEP"", 3]]",DSM
12,TheEggman,16887437,56498825,112667583,2026-09-24 01:15:05.156000,COMPLETED,EPISODE_TYPE_PUBLIC,1,111657,RS Turley,16672709,56482104,0,92662,1,2819.2,>2800,other,"[[""BUY_PRODUCT"", ""WHEAT"", 5], [""BUY_ANIMAL"", ""COW"", 1]]","[[""SELL"", ""WHEAT"", 1], [""HIRE""], [""HIRE""], [""HIRE""], [""HIRE""], [""BUY_ANIMAL"", ""COW"", 1], [""BUY_ANIMAL"", ""SHEEP"", 3]]",other
12,TheEggman,16887437,56498825,112667524,2026-09-24 01:11:59.014000,COMPLETED,EPISODE_TYPE_PUBLIC,1,84732,Kaggledew Valley 🏆,16633132,56478393,0,85403,0,2964.1,>2800,other,"[[""BUY_PRODUCT"", ""WHEAT"", 5], [""BUY_ANIMAL"", ""COW"", 1]]","[[""SELL"", ""WHEAT"", 1], [""HIRE""], [""HIRE""], [""HIRE""], [""HIRE""], [""BUY_ANIMAL"", ""COW"", 1], [""BUY_ANIMAL"", ""SHEEP"", 3]]",other
12,TheEggman,16887437,56498825,112661734,2026-09-24 00:52:25.632000,COMPLETED,EPISODE_TYPE_PUBLIC,1,124131,tetsuya & yuanzhe & guoqin,16623716,56495280,0,127763,0,2852.8,>2800,other,"[[""BUY_PRODUCT"", ""WHEAT"", 5], [""BUY_ANIMAL"", ""COW"", 1]]","[[""SELL"", ""WHEAT"", 1], [""HIRE""], [""HIRE""], [""HIRE""], [""HIRE""], [""BUY_ANIMAL"", ""COW"", 1], [""BUY_ANIMAL"", ""SHEEP"", 3]]",DSM
12,TheEggman,16887437,56498825,112655944,2026-09-24 00:32:57.256000,COMPLETED,EPISODE_TYPE_PUBLIC,1,117141,Kaggledew Valley 🏆,16633132,56478402,0,118136,0,2964.1,>2800,other,"[[""BUY_PRODUCT"", ""WHEAT"", 5], [""BUY_ANIMAL"", ""COW"", 1]]","[[""SELL"", ""WHEAT"", 1], [""HIRE""], [""HIRE""], [""HIRE""], [""HIRE""], [""BUY_ANIMAL"", ""COW"", 1], [""BUY_ANIMAL"", ""SHEEP"", 3]]",other
12,TheEggman,16887437,56498825,112650688,2026-09-24 00:17:45.297000,COMPLETED,EPISODE_TYPE_PUBLIC,0,92728,forever young,16629972,56503394,1,92484,1,2733.0,2500-2800,other,"[[""BUY_PRODUCT"", ""WHEAT"", 5], [""BUY_ANIMAL"", ""COW"", 1]]","[[""SELL"", ""WHEAT"", 1], [""HIRE""], [""HIRE""], [""HIRE""], [""HIRE""], [""BUY_ANIMAL"", ""COW"", 1], [""BUY_ANIMAL"", ""SHEEP"", 3]]",tape
12,TheEggman,16887437,56498825,112650795,2026-09-24 00:15:22.398000,COMPLETED,EPISODE_TYPE_PUBLIC,0,106190,lumen,16706321,56502078,1,92736,1,2747.1,2500-2800,other,"[[""BUY_PRODUCT"", ""WHEAT"", 5], [""BUY_ANIMAL"", ""COW"", 1]]","[[""SELL"", ""WHEAT"", 1], [""HIRE""], [""HIRE""], [""HIRE""], [""HIRE""], [""BUY_ANIMAL"", ""COW"", 1], [""BUY_ANIMAL"", ""SHEEP"", 3]]",tape
12,TheEggman,16887437,56498825,112649559,2026-09-24 00:12:18.381000,COMPLETED,EPISODE_TYPE_PUBLIC,0,73883,Arda Ceylan,16673205,56502525,1,65017,1,2930.9,>2800,other,"[[""BUY_PRODUCT"", ""WHEAT"", 5], [""BUY_ANIMAL"", ""COW"", 1]]","[[""SELL"", ""WHEAT"", 1], [""HIRE""], [""HIRE""], [""HIRE""], [""HIRE""], [""BUY_ANIMAL"", ""COW"", 1], [""BUY_ANIMAL"", ""SHEEP"", 3]]",other
12,TheEggman,16887437,56498825,112647470,2026-09-24 00:09:45.120000,COMPLETED,EPISODE_TYPE_PUBLIC,1,114119,THIRD FARM CLUB,16730524,56483076,0,118865,0,2943.1,>2800,other,"[[""BUY_PRODUCT"", ""WHEAT"", 5], [""BUY_ANIMAL"", ""COW"", 1]]","[[""SELL"", ""WHEAT"", 1], [""HIRE""], [""HIRE""], [""HIRE""], [""HIRE""], [""BUY_ANIMAL"", ""COW"", 1], [""BUY_ANIMAL"", ""SHEEP"", 3]]",Boey
12,TheEggman,16887437,56498825,112644378,2026-09-23 23:52:27.597000,COMPLETED,EPISODE_TYPE_PUBLIC,1,102105,AI是我的豆包,16728071,56470744,0,98361,1,2817.2,>2800,other,"[[""BUY_PRODUCT"", ""WHEAT"", 5], [""BUY_ANIMAL"", ""COW"", 1]]","[[""SELL"", ""WHEAT"", 1], [""HIRE""], [""HIRE""], [""HIRE""], [""HIRE""], [""BUY_ANIMAL"", ""COW"", 1], [""BUY_ANIMAL"", ""SHEEP"", 3]]",other
12,TheEggman,16887437,56498825,112644216,2026-09-23 23:51:10.638000,COMPLETED,EPISODE_TYPE_PUBLIC,1,90871,ymg_aq,16732403,56490011,0,82751,1,815.1,<2000,other,"[[""BUY_PRODUCT"", ""WHEAT"", 5], [""BUY_ANIMAL"", ""COW"", 1]]","[[""SELL"", ""WHEAT"", 1], [""HIRE""], [""HIRE""], [""HIRE""], [""HIRE""], [""BUY_ANIMAL"", ""COW"", 1], [""BUY_ANIMAL"", ""SHEEP"", 3]]",other
12,TheEggman,16887437,56498825,112639072,2026-09-23 23:35:50.068000,COMPLETED,EPISODE_TYPE_PUBLIC,0,105246,Arda Ceylan,16673205,56502525,1,76344,1,2930.9,>2800,other,"[[""BUY_PRODUCT"", ""WHEAT"", 5], [""BUY_ANIMAL"", ""COW"", 1]]","[[""SELL"", ""WHEAT"", 1], [""HIRE""], [""HIRE""], [""HIRE""], [""HIRE""], [""BUY_ANIMAL"", ""COW"", 1], [""BUY_ANIMAL"", ""SHEEP"", 3]]",other
