episode_id,player,player_submission,seat,event_type,step,day,pre_cash,pre_land,peak_crew_that_day,detail
112320110,washamba_base_v2.py,56483595,0,BUY_LAND,151,6,892.0,25,8,
112320110,washamba_base_v2.py,56483595,0,BUY_ANIMAL_FIRST,2,0,3000.0,25,6,COW
112320110,washamba_base_v2.py,56483595,0,BUY_ANIMAL_FIRST,2,0,3000.0,25,6,SHEEP
112320110,washamba_base_v2.py,56483595,0,BUY_ANIMAL_FIRST,242,10,1776.0,50,12,GOOSE
112320110,washamba_base_v2.py,56483595,0,CASH_TROUGH_MIN_D3_7,72,3,221.0,,6,min_money=221.0
112320110,washamba_base_v2.py,56483595,0,DOMINANT_CROP_SHIFT_D3_TO_D9,,,,,,MELON->STRAWBERRY
112321348,washamba_base_v2.py,56483595,1,BUY_LAND,151,6,824.0,25,8,
112321348,washamba_base_v2.py,56483595,1,BUY_ANIMAL_FIRST,2,0,3000.0,25,6,COW
112321348,washamba_base_v2.py,56483595,1,BUY_ANIMAL_FIRST,2,0,3000.0,25,6,SHEEP
112321348,washamba_base_v2.py,56483595,1,BUY_ANIMAL_FIRST,242,10,1997.0,50,12,GOOSE
112321348,washamba_base_v2.py,56483595,1,CASH_TROUGH_MIN_D3_7,72,3,224.0,,6,min_money=224.0
112321348,washamba_base_v2.py,56483595,1,DOMINANT_CROP_SHIFT_D3_TO_D9,,,,,,MELON->STRAWBERRY
112321357,washamba_base_v1_fork.py,56483603,1,BUY_LAND,151,6,823.0,25,9,
112321357,washamba_base_v1_fork.py,56483603,1,BUY_ANIMAL_FIRST,2,0,3000.0,25,6,COW
112321357,washamba_base_v1_fork.py,56483603,1,BUY_ANIMAL_FIRST,2,0,3000.0,25,6,SHEEP
112321357,washamba_base_v1_fork.py,56483603,1,CASH_TROUGH_MIN_D3_7,72,3,220.0,,6,min_money=220.0
112321357,washamba_base_v1_fork.py,56483603,1,DOMINANT_CROP_SHIFT_D3_TO_D9,,,,,,MELON->STRAWBERRY
112322506,washamba_base_v1_fork.py,56483603,1,BUY_LAND,151,6,826.0,25,8,
112322506,washamba_base_v1_fork.py,56483603,1,BUY_ANIMAL_FIRST,2,0,3000.0,25,6,COW
112322506,washamba_base_v1_fork.py,56483603,1,BUY_ANIMAL_FIRST,2,0,3000.0,25,6,SHEEP
112322506,washamba_base_v1_fork.py,56483603,1,CASH_TROUGH_MIN_D3_7,72,3,225.0,,6,min_money=225.0
112322506,washamba_base_v1_fork.py,56483603,1,DOMINANT_CROP_SHIFT_D3_TO_D9,,,,,,MELON->STRAWBERRY
112322532,washamba_base_v2.py,56483595,1,BUY_LAND,151,6,893.0,25,8,
112322532,washamba_base_v2.py,56483595,1,BUY_ANIMAL_FIRST,2,0,3000.0,25,6,COW
112322532,washamba_base_v2.py,56483595,1,BUY_ANIMAL_FIRST,2,0,3000.0,25,6,SHEEP
112322532,washamba_base_v2.py,56483595,1,BUY_ANIMAL_FIRST,242,10,2010.0,50,12,GOOSE
112322532,washamba_base_v2.py,56483595,1,CASH_TROUGH_MIN_D3_7,72,3,222.0,,6,min_money=222.0
112322532,washamba_base_v2.py,56483595,1,DOMINANT_CROP_SHIFT_D3_TO_D9,,,,,,MELON->STRAWBERRY
112323709,washamba_base_v2.py,56483595,1,BUY_LAND,151,6,771.0,25,8,
112323709,washamba_base_v2.py,56483595,1,BUY_ANIMAL_FIRST,2,0,3000.0,25,6,COW
112323709,washamba_base_v2.py,56483595,1,BUY_ANIMAL_FIRST,2,0,3000.0,25,6,SHEEP
112323709,washamba_base_v2.py,56483595,1,BUY_ANIMAL_FIRST,242,10,1541.0,50,12,GOOSE
112323709,washamba_base_v2.py,56483595,1,CASH_TROUGH_MIN_D3_7,72,3,219.0,,6,min_money=219.0
112323709,washamba_base_v2.py,56483595,1,DOMINANT_CROP_SHIFT_D3_TO_D9,,,,,,MELON->STRAWBERRY
112323718,washamba_base_v1_fork.py,56483603,0,BUY_LAND,151,6,797.0,25,8,
112323718,washamba_base_v1_fork.py,56483603,0,BUY_ANIMAL_FIRST,2,0,3000.0,25,6,COW
112323718,washamba_base_v1_fork.py,56483603,0,BUY_ANIMAL_FIRST,2,0,3000.0,25,6,SHEEP
112323718,washamba_base_v1_fork.py,56483603,0,CASH_TROUGH_MIN_D3_7,72,3,225.0,,6,min_money=225.0
112323718,washamba_base_v1_fork.py,56483603,0,DOMINANT_CROP_SHIFT_D3_TO_D9,,,,,,MELON->STRAWBERRY
112324853,washamba_base_v2.py,56483595,1,BUY_LAND,151,6,805.0,25,8,
112324853,washamba_base_v2.py,56483595,1,BUY_ANIMAL_FIRST,2,0,3000.0,25,6,COW
112324853,washamba_base_v2.py,56483595,1,BUY_ANIMAL_FIRST,2,0,3000.0,25,6,SHEEP
112324853,washamba_base_v2.py,56483595,1,BUY_ANIMAL_FIRST,151,6,805.0,25,8,GOOSE
112324853,washamba_base_v2.py,56483595,1,CASH_TROUGH_MIN_D3_7,72,3,223.0,,6,min_money=223.0
112324853,washamba_base_v2.py,56483595,1,DOMINANT_CROP_SHIFT_D3_TO_D9,,,,,,MELON->STRAWBERRY
112324968,washamba_base_v1_fork.py,56483603,1,BUY_LAND,151,6,801.0,25,8,
112324968,washamba_base_v1_fork.py,56483603,1,BUY_ANIMAL_FIRST,2,0,3000.0,25,6,COW
112324968,washamba_base_v1_fork.py,56483603,1,BUY_ANIMAL_FIRST,2,0,3000.0,25,6,SHEEP
112324968,washamba_base_v1_fork.py,56483603,1,BUY_ANIMAL_FIRST,242,10,2020.0,50,12,GOOSE
112324968,washamba_base_v1_fork.py,56483603,1,CASH_TROUGH_MIN_D3_7,72,3,216.0,,6,min_money=216.0
112324968,washamba_base_v1_fork.py,56483603,1,DOMINANT_CROP_SHIFT_D3_TO_D9,,,,,,MELON->STRAWBERRY
112326038,washamba_base_v2.py,56483595,0,BUY_LAND,151,6,894.0,25,9,
112326038,washamba_base_v2.py,56483595,0,BUY_ANIMAL_FIRST,2,0,3000.0,25,6,COW
112326038,washamba_base_v2.py,56483595,0,BUY_ANIMAL_FIRST,2,0,3000.0,25,6,SHEEP
112326038,washamba_base_v2.py,56483595,0,CASH_TROUGH_MIN_D3_7,72,3,224.0,,6,min_money=224.0
112326038,washamba_base_v2.py,56483595,0,DOMINANT_CROP_SHIFT_D3_TO_D9,,,,,,MELON->STRAWBERRY
112326041,washamba_base_v1_fork.py,56483603,1,BUY_LAND,151,6,787.0,25,8,
112326041,washamba_base_v1_fork.py,56483603,1,BUY_ANIMAL_FIRST,2,0,3000.0,25,6,COW
112326041,washamba_base_v1_fork.py,56483603,1,BUY_ANIMAL_FIRST,2,0,3000.0,25,6,SHEEP
112326041,washamba_base_v1_fork.py,56483603,1,BUY_ANIMAL_FIRST,151,6,787.0,25,8,GOOSE
112326041,washamba_base_v1_fork.py,56483603,1,CASH_TROUGH_MIN_D3_7,72,3,214.0,,6,min_money=214.0
112326041,washamba_base_v1_fork.py,56483603,1,DOMINANT_CROP_SHIFT_D3_TO_D9,,,,,,MELON->STRAWBERRY
112326669,washamba_base_v1_fork.py,56483603,0,BUY_LAND,151,6,805.0,25,8,
112326669,washamba_base_v1_fork.py,56483603,0,BUY_ANIMAL_FIRST,2,0,3000.0,25,6,COW
112326669,washamba_base_v1_fork.py,56483603,0,BUY_ANIMAL_FIRST,2,0,3000.0,25,6,SHEEP
112326669,washamba_base_v1_fork.py,56483603,0,BUY_ANIMAL_FIRST,151,6,805.0,25,8,GOOSE
112326669,washamba_base_v1_fork.py,56483603,0,CASH_TROUGH_MIN_D3_7,72,3,223.0,,6,min_money=223.0
112326669,washamba_base_v1_fork.py,56483603,0,DOMINANT_CROP_SHIFT_D3_TO_D9,,,,,,MELON->STRAWBERRY
112327231,washamba_base_v2.py,56483595,1,BUY_LAND,151,6,789.0,25,8,
112327231,washamba_base_v2.py,56483595,1,BUY_ANIMAL_FIRST,2,0,3000.0,25,6,COW
112327231,washamba_base_v2.py,56483595,1,BUY_ANIMAL_FIRST,2,0,3000.0,25,6,SHEEP
112327231,washamba_base_v2.py,56483595,1,BUY_ANIMAL_FIRST,242,10,1409.0,50,12,GOOSE
112327231,washamba_base_v2.py,56483595,1,CASH_TROUGH_MIN_D3_7,72,3,216.0,,6,min_money=216.0
112327231,washamba_base_v2.py,56483595,1,DOMINANT_CROP_SHIFT_D3_TO_D9,,,,,,MELON->STRAWBERRY
112327264,washamba_base_v1_fork.py,56483603,1,BUY_LAND,151,6,792.0,25,9,
112327264,washamba_base_v1_fork.py,56483603,1,BUY_ANIMAL_FIRST,2,0,3000.0,25,6,COW
112327264,washamba_base_v1_fork.py,56483603,1,BUY_ANIMAL_FIRST,2,0,3000.0,25,6,SHEEP
112327264,washamba_base_v1_fork.py,56483603,1,CASH_TROUGH_MIN_D3_7,72,3,219.0,,6,min_money=219.0
112327264,washamba_base_v1_fork.py,56483603,1,DOMINANT_CROP_SHIFT_D3_TO_D9,,,,,,MELON->STRAWBERRY
112328503,washamba_base_v2.py,56483595,1,BUY_LAND,151,6,821.0,25,8,
112328503,washamba_base_v2.py,56483595,1,BUY_ANIMAL_FIRST,2,0,3000.0,25,6,COW
112328503,washamba_base_v2.py,56483595,1,BUY_ANIMAL_FIRST,2,0,3000.0,25,6,SHEEP
112328503,washamba_base_v2.py,56483595,1,BUY_ANIMAL_FIRST,151,6,821.0,25,8,GOOSE
112328503,washamba_base_v2.py,56483595,1,CASH_TROUGH_MIN_D3_7,72,3,208.0,,6,min_money=208.0
112328503,washamba_base_v2.py,56483595,1,DOMINANT_CROP_SHIFT_D3_TO_D9,,,,,,MELON->STRAWBERRY
112328518,washamba_base_v1_fork.py,56483603,1,BUY_LAND,151,6,785.0,25,8,
112328518,washamba_base_v1_fork.py,56483603,1,BUY_ANIMAL_FIRST,2,0,3000.0,25,6,COW
112328518,washamba_base_v1_fork.py,56483603,1,BUY_ANIMAL_FIRST,2,0,3000.0,25,6,SHEEP
112328518,washamba_base_v1_fork.py,56483603,1,BUY_ANIMAL_FIRST,242,10,1419.0,50,12,GOOSE
112328518,washamba_base_v1_fork.py,56483603,1,CASH_TROUGH_MIN_D3_7,72,3,212.0,,6,min_money=212.0
112328518,washamba_base_v1_fork.py,56483603,1,DOMINANT_CROP_SHIFT_D3_TO_D9,,,,,,MELON->STRAWBERRY
112329683,washamba_base_v2.py,56483595,1,BUY_LAND,151,6,791.0,25,8,
112329683,washamba_base_v2.py,56483595,1,BUY_ANIMAL_FIRST,2,0,3000.0,25,6,COW
112329683,washamba_base_v2.py,56483595,1,BUY_ANIMAL_FIRST,2,0,3000.0,25,6,SHEEP
112329683,washamba_base_v2.py,56483595,1,CASH_TROUGH_MIN_D3_7,72,3,216.0,,6,min_money=216.0
112329683,washamba_base_v2.py,56483595,1,DOMINANT_CROP_SHIFT_D3_TO_D9,,,,,,MELON->STRAWBERRY
112329695,washamba_base_v1_fork.py,56483603,0,BUY_LAND,151,6,769.0,25,8,
112329695,washamba_base_v1_fork.py,56483603,0,BUY_ANIMAL_FIRST,2,0,3000.0,25,6,COW
112329695,washamba_base_v1_fork.py,56483603,0,BUY_ANIMAL_FIRST,2,0,3000.0,25,6,SHEEP
112329695,washamba_base_v1_fork.py,56483603,0,BUY_ANIMAL_FIRST,151,6,769.0,25,8,GOOSE
112329695,washamba_base_v1_fork.py,56483603,0,CASH_TROUGH_MIN_D3_7,72,3,211.0,,6,min_money=211.0
112329695,washamba_base_v1_fork.py,56483603,0,DOMINANT_CROP_SHIFT_D3_TO_D9,,,,,,MELON->STRAWBERRY
112330927,washamba_base_v2.py,56483595,1,BUY_LAND,151,6,791.0,25,8,
112330927,washamba_base_v2.py,56483595,1,BUY_ANIMAL_FIRST,2,0,3000.0,25,6,COW
112330927,washamba_base_v2.py,56483595,1,BUY_ANIMAL_FIRST,2,0,3000.0,25,6,SHEEP
112330927,washamba_base_v2.py,56483595,1,BUY_ANIMAL_FIRST,242,10,1768.0,50,12,GOOSE
112330927,washamba_base_v2.py,56483595,1,CASH_TROUGH_MIN_D3_7,72,3,195.0,,6,min_money=195.0
112330927,washamba_base_v2.py,56483595,1,DOMINANT_CROP_SHIFT_D3_TO_D9,,,,,,MELON->STRAWBERRY
112330940,washamba_base_v1_fork.py,56483603,0,BUY_LAND,151,6,821.0,25,8,
112330940,washamba_base_v1_fork.py,56483603,0,BUY_ANIMAL_FIRST,2,0,3000.0,25,6,COW
112330940,washamba_base_v1_fork.py,56483603,0,BUY_ANIMAL_FIRST,2,0,3000.0,25,6,SHEEP
112330940,washamba_base_v1_fork.py,56483603,0,BUY_ANIMAL_FIRST,242,10,1628.0,50,12,GOOSE
112330940,washamba_base_v1_fork.py,56483603,0,CASH_TROUGH_MIN_D3_7,72,3,208.0,,6,min_money=208.0
112330940,washamba_base_v1_fork.py,56483603,0,DOMINANT_CROP_SHIFT_D3_TO_D9,,,,,,MELON->STRAWBERRY
112331509,washamba_base_v2.py,56483595,0,BUY_LAND,151,6,866.0,25,8,
112331509,washamba_base_v2.py,56483595,0,BUY_ANIMAL_FIRST,2,0,3000.0,25,6,COW
112331509,washamba_base_v2.py,56483595,0,BUY_ANIMAL_FIRST,2,0,3000.0,25,6,SHEEP
112331509,washamba_base_v2.py,56483595,0,BUY_ANIMAL_FIRST,242,10,1871.0,50,12,GOOSE
112331509,washamba_base_v2.py,56483595,0,CASH_TROUGH_MIN_D3_7,72,3,209.0,,6,min_money=209.0
112331509,washamba_base_v2.py,56483595,0,DOMINANT_CROP_SHIFT_D3_TO_D9,,,,,,MELON->STRAWBERRY
112332153,washamba_base_v2.py,56483595,0,BUY_LAND,151,6,784.0,25,8,
112332153,washamba_base_v2.py,56483595,0,BUY_ANIMAL_FIRST,2,0,3000.0,25,6,COW
112332153,washamba_base_v2.py,56483595,0,BUY_ANIMAL_FIRST,2,0,3000.0,25,6,SHEEP
112332153,washamba_base_v2.py,56483595,0,BUY_ANIMAL_FIRST,242,10,1517.0,50,12,GOOSE
112332153,washamba_base_v2.py,56483595,0,CASH_TROUGH_MIN_D3_7,72,3,210.0,,6,min_money=210.0
112332153,washamba_base_v2.py,56483595,0,DOMINANT_CROP_SHIFT_D3_TO_D9,,,,,,MELON->STRAWBERRY
112332196,washamba_base_v2.py,56483595,0,BUY_LAND,151,6,781.0,25,9,
112332196,washamba_base_v2.py,56483595,0,BUY_ANIMAL_FIRST,2,0,3000.0,25,6,COW
112332196,washamba_base_v2.py,56483595,0,BUY_ANIMAL_FIRST,2,0,3000.0,25,6,SHEEP
112332196,washamba_base_v2.py,56483595,0,CASH_TROUGH_MIN_D3_7,72,3,206.0,,6,min_money=206.0
112332196,washamba_base_v2.py,56483595,0,DOMINANT_CROP_SHIFT_D3_TO_D9,,,,,,MELON->STRAWBERRY
112332205,washamba_base_v1_fork.py,56483603,1,BUY_LAND,151,6,779.0,25,8,
112332205,washamba_base_v1_fork.py,56483603,1,BUY_ANIMAL_FIRST,2,0,3000.0,25,6,COW
112332205,washamba_base_v1_fork.py,56483603,1,BUY_ANIMAL_FIRST,2,0,3000.0,25,6,SHEEP
112332205,washamba_base_v1_fork.py,56483603,1,BUY_ANIMAL_FIRST,242,10,1722.0,50,12,GOOSE
112332205,washamba_base_v1_fork.py,56483603,1,CASH_TROUGH_MIN_D3_7,72,3,206.0,,6,min_money=206.0
112332205,washamba_base_v1_fork.py,56483603,1,DOMINANT_CROP_SHIFT_D3_TO_D9,,,,,,MELON->STRAWBERRY
112333376,washamba_base_v1_fork.py,56483603,0,BUY_LAND,151,6,782.0,25,8,
112333376,washamba_base_v1_fork.py,56483603,0,BUY_ANIMAL_FIRST,2,0,3000.0,25,6,COW
112333376,washamba_base_v1_fork.py,56483603,0,BUY_ANIMAL_FIRST,2,0,3000.0,25,6,SHEEP
112333376,washamba_base_v1_fork.py,56483603,0,BUY_ANIMAL_FIRST,242,10,1565.0,50,12,GOOSE
112333376,washamba_base_v1_fork.py,56483603,0,CASH_TROUGH_MIN_D3_7,72,3,189.0,,6,min_money=189.0
112333376,washamba_base_v1_fork.py,56483603,0,DOMINANT_CROP_SHIFT_D3_TO_D9,,,,,,MELON->STRAWBERRY
112333392,washamba_base_v2.py,56483595,1,BUY_LAND,151,6,789.0,25,9,
112333392,washamba_base_v2.py,56483595,1,BUY_ANIMAL_FIRST,2,0,3000.0,25,6,COW
112333392,washamba_base_v2.py,56483595,1,BUY_ANIMAL_FIRST,2,0,3000.0,25,6,SHEEP
112333392,washamba_base_v2.py,56483595,1,CASH_TROUGH_MIN_D3_7,72,3,216.0,,6,min_money=216.0
112333392,washamba_base_v2.py,56483595,1,DOMINANT_CROP_SHIFT_D3_TO_D9,,,,,,MELON->STRAWBERRY
112334649,washamba_base_v1_fork.py,56483603,0,BUY_LAND,151,6,779.0,25,8,
112334649,washamba_base_v1_fork.py,56483603,0,BUY_ANIMAL_FIRST,2,0,3000.0,25,6,COW
112334649,washamba_base_v1_fork.py,56483603,0,BUY_ANIMAL_FIRST,2,0,3000.0,25,6,SHEEP
112334649,washamba_base_v1_fork.py,56483603,0,BUY_ANIMAL_FIRST,242,10,1708.0,50,12,GOOSE
112334649,washamba_base_v1_fork.py,56483603,0,CASH_TROUGH_MIN_D3_7,72,3,206.0,,6,min_money=206.0
112334649,washamba_base_v1_fork.py,56483603,0,DOMINANT_CROP_SHIFT_D3_TO_D9,,,,,,MELON->STRAWBERRY
112334663,washamba_base_v2.py,56483595,1,BUY_LAND,151,6,808.0,25,8,
112334663,washamba_base_v2.py,56483595,1,BUY_ANIMAL_FIRST,2,0,3000.0,25,6,COW
112334663,washamba_base_v2.py,56483595,1,BUY_ANIMAL_FIRST,2,0,3000.0,25,6,SHEEP
112334663,washamba_base_v2.py,56483595,1,BUY_ANIMAL_FIRST,242,10,1400.0,50,12,GOOSE
112334663,washamba_base_v2.py,56483595,1,CASH_TROUGH_MIN_D3_7,72,3,203.0,,6,min_money=203.0
112334663,washamba_base_v2.py,56483595,1,DOMINANT_CROP_SHIFT_D3_TO_D9,,,,,,MELON->STRAWBERRY
112335858,washamba_base_v1_fork.py,56483603,0,BUY_LAND,151,6,808.0,25,8,
112335858,washamba_base_v1_fork.py,56483603,0,BUY_ANIMAL_FIRST,2,0,3000.0,25,6,COW
112335858,washamba_base_v1_fork.py,56483603,0,BUY_ANIMAL_FIRST,2,0,3000.0,25,6,SHEEP
112335858,washamba_base_v1_fork.py,56483603,0,BUY_ANIMAL_FIRST,242,10,1764.0,50,12,GOOSE
112335858,washamba_base_v1_fork.py,56483603,0,CASH_TROUGH_MIN_D3_7,72,3,203.0,,6,min_money=203.0
112335858,washamba_base_v1_fork.py,56483603,0,DOMINANT_CROP_SHIFT_D3_TO_D9,,,,,,MELON->STRAWBERRY
112335894,washamba_base_v2.py,56483595,1,BUY_LAND,151,6,804.0,25,8,
112335894,washamba_base_v2.py,56483595,1,BUY_ANIMAL_FIRST,2,0,3000.0,25,6,COW
112335894,washamba_base_v2.py,56483595,1,BUY_ANIMAL_FIRST,2,0,3000.0,25,6,SHEEP
112335894,washamba_base_v2.py,56483595,1,CASH_TROUGH_MIN_D3_7,72,3,201.0,,6,min_money=201.0
112335894,washamba_base_v2.py,56483595,1,DOMINANT_CROP_SHIFT_D3_TO_D9,,,,,,MELON->STRAWBERRY
112337057,washamba_base_v1_fork.py,56483603,1,BUY_LAND,151,6,802.0,25,8,
112337057,washamba_base_v1_fork.py,56483603,1,BUY_ANIMAL_FIRST,2,0,3000.0,25,6,COW
112337057,washamba_base_v1_fork.py,56483603,1,BUY_ANIMAL_FIRST,2,0,3000.0,25,6,SHEEP
112337057,washamba_base_v1_fork.py,56483603,1,BUY_ANIMAL_FIRST,242,10,1394.0,50,12,GOOSE
112337057,washamba_base_v1_fork.py,56483603,1,CASH_TROUGH_MIN_D3_7,72,3,197.0,,6,min_money=197.0
112337057,washamba_base_v1_fork.py,56483603,1,DOMINANT_CROP_SHIFT_D3_TO_D9,,,,,,MELON->STRAWBERRY
112337092,washamba_base_v2.py,56483595,0,BUY_LAND,151,6,806.0,25,8,
112337092,washamba_base_v2.py,56483595,0,BUY_ANIMAL_FIRST,2,0,3000.0,25,6,COW
112337092,washamba_base_v2.py,56483595,0,BUY_ANIMAL_FIRST,2,0,3000.0,25,6,SHEEP
112337092,washamba_base_v2.py,56483595,0,BUY_ANIMAL_FIRST,151,6,806.0,25,8,GOOSE
112337092,washamba_base_v2.py,56483595,0,CASH_TROUGH_MIN_D3_7,72,3,201.0,,6,min_money=201.0
112337092,washamba_base_v2.py,56483595,0,DOMINANT_CROP_SHIFT_D3_TO_D9,,,,,,MELON->STRAWBERRY
112338250,washamba_base_v1_fork.py,56483603,1,BUY_LAND,151,6,789.0,25,8,
112338250,washamba_base_v1_fork.py,56483603,1,BUY_ANIMAL_FIRST,2,0,3000.0,25,6,COW
112338250,washamba_base_v1_fork.py,56483603,1,BUY_ANIMAL_FIRST,2,0,3000.0,25,6,SHEEP
112338250,washamba_base_v1_fork.py,56483603,1,BUY_ANIMAL_FIRST,151,6,789.0,25,8,GOOSE
112338250,washamba_base_v1_fork.py,56483603,1,CASH_TROUGH_MIN_D3_7,72,3,214.0,,6,min_money=214.0
112338250,washamba_base_v1_fork.py,56483603,1,DOMINANT_CROP_SHIFT_D3_TO_D9,,,,,,MELON->STRAWBERRY
112338279,washamba_base_v2.py,56483595,0,BUY_LAND,151,6,800.0,25,8,
112338279,washamba_base_v2.py,56483595,0,BUY_ANIMAL_FIRST,2,0,3000.0,25,6,COW
112338279,washamba_base_v2.py,56483595,0,BUY_ANIMAL_FIRST,2,0,3000.0,25,6,SHEEP
112338279,washamba_base_v2.py,56483595,0,CASH_TROUGH_MIN_D3_7,72,3,197.0,,6,min_money=197.0
112338279,washamba_base_v2.py,56483595,0,DOMINANT_CROP_SHIFT_D3_TO_D9,,,,,,MELON->STRAWBERRY
112339474,washamba_base_v1_fork.py,56483603,1,BUY_LAND,151,6,800.0,25,8,
112339474,washamba_base_v1_fork.py,56483603,1,BUY_ANIMAL_FIRST,2,0,3000.0,25,6,COW
112339474,washamba_base_v1_fork.py,56483603,1,BUY_ANIMAL_FIRST,2,0,3000.0,25,6,SHEEP
112339474,washamba_base_v1_fork.py,56483603,1,BUY_ANIMAL_FIRST,242,10,1741.0,50,12,GOOSE
112339474,washamba_base_v1_fork.py,56483603,1,CASH_TROUGH_MIN_D3_7,72,3,197.0,,6,min_money=197.0
112339474,washamba_base_v1_fork.py,56483603,1,DOMINANT_CROP_SHIFT_D3_TO_D9,,,,,,MELON->STRAWBERRY
112339503,washamba_base_v2.py,56483595,0,BUY_LAND,151,6,802.0,25,9,
112339503,washamba_base_v2.py,56483595,0,BUY_ANIMAL_FIRST,2,0,3000.0,25,6,COW
112339503,washamba_base_v2.py,56483595,0,BUY_ANIMAL_FIRST,2,0,3000.0,25,6,SHEEP
112339503,washamba_base_v2.py,56483595,0,CASH_TROUGH_MIN_D3_7,72,3,197.0,,6,min_money=197.0
112339503,washamba_base_v2.py,56483595,0,DOMINANT_CROP_SHIFT_D3_TO_D9,,,,,,MELON->STRAWBERRY
112340670,washamba_base_v1_fork.py,56483603,1,BUY_LAND,151,6,797.0,25,8,
112340670,washamba_base_v1_fork.py,56483603,1,BUY_ANIMAL_FIRST,2,0,3000.0,25,6,COW
112340670,washamba_base_v1_fork.py,56483603,1,BUY_ANIMAL_FIRST,2,0,3000.0,25,6,SHEEP
112340670,washamba_base_v1_fork.py,56483603,1,BUY_ANIMAL_FIRST,151,6,797.0,25,8,GOOSE
112340670,washamba_base_v1_fork.py,56483603,1,CASH_TROUGH_MIN_D3_7,72,3,194.0,,6,min_money=194.0
112340670,washamba_base_v1_fork.py,56483603,1,DOMINANT_CROP_SHIFT_D3_TO_D9,,,,,,MELON->STRAWBERRY
112340677,washamba_base_v2.py,56483595,1,BUY_LAND,151,6,806.0,25,8,
112340677,washamba_base_v2.py,56483595,1,BUY_ANIMAL_FIRST,2,0,3000.0,25,6,COW
112340677,washamba_base_v2.py,56483595,1,BUY_ANIMAL_FIRST,2,0,3000.0,25,6,SHEEP
112340677,washamba_base_v2.py,56483595,1,BUY_ANIMAL_FIRST,242,10,1742.0,50,12,GOOSE
112340677,washamba_base_v2.py,56483595,1,CASH_TROUGH_MIN_D3_7,72,3,203.0,,6,min_money=203.0
112340677,washamba_base_v2.py,56483595,1,DOMINANT_CROP_SHIFT_D3_TO_D9,,,,,,MELON->STRAWBERRY
112340834,washamba_base_v1_fork.py,56483603,0,BUY_LAND,151,6,774.0,25,8,
112340834,washamba_base_v1_fork.py,56483603,0,BUY_ANIMAL_FIRST,2,0,3000.0,25,6,COW
112340834,washamba_base_v1_fork.py,56483603,0,BUY_ANIMAL_FIRST,2,0,3000.0,25,6,SHEEP
112340834,washamba_base_v1_fork.py,56483603,0,BUY_ANIMAL_FIRST,242,10,1711.0,50,12,GOOSE
112340834,washamba_base_v1_fork.py,56483603,0,CASH_TROUGH_MIN_D3_7,72,3,211.0,,6,min_money=211.0
112340834,washamba_base_v1_fork.py,56483603,0,DOMINANT_CROP_SHIFT_D3_TO_D9,,,,,,MELON->STRAWBERRY
112341852,washamba_base_v1_fork.py,56483603,0,BUY_LAND,151,6,790.0,25,8,
112341852,washamba_base_v1_fork.py,56483603,0,BUY_ANIMAL_FIRST,2,0,3000.0,25,6,COW
112341852,washamba_base_v1_fork.py,56483603,0,BUY_ANIMAL_FIRST,2,0,3000.0,25,6,SHEEP
112341852,washamba_base_v1_fork.py,56483603,0,BUY_ANIMAL_FIRST,151,6,790.0,25,8,GOOSE
112341852,washamba_base_v1_fork.py,56483603,0,CASH_TROUGH_MIN_D3_7,72,3,217.0,,6,min_money=217.0
112341852,washamba_base_v1_fork.py,56483603,0,DOMINANT_CROP_SHIFT_D3_TO_D9,,,,,,MELON->STRAWBERRY
112341856,washamba_base_v2.py,56483595,1,BUY_LAND,151,6,780.0,25,8,
112341856,washamba_base_v2.py,56483595,1,BUY_ANIMAL_FIRST,2,0,3000.0,25,6,COW
112341856,washamba_base_v2.py,56483595,1,BUY_ANIMAL_FIRST,2,0,3000.0,25,6,SHEEP
112341856,washamba_base_v2.py,56483595,1,BUY_ANIMAL_FIRST,151,6,780.0,25,8,GOOSE
112341856,washamba_base_v2.py,56483595,1,CASH_TROUGH_MIN_D3_7,72,3,206.0,,6,min_money=206.0
112341856,washamba_base_v2.py,56483595,1,DOMINANT_CROP_SHIFT_D3_TO_D9,,,,,,MELON->STRAWBERRY
112343084,washamba_base_v2.py,56483595,0,BUY_LAND,151,6,790.0,25,8,
112343084,washamba_base_v2.py,56483595,0,BUY_ANIMAL_FIRST,2,0,3000.0,25,6,COW
112343084,washamba_base_v2.py,56483595,0,BUY_ANIMAL_FIRST,2,0,3000.0,25,6,SHEEP
112343084,washamba_base_v2.py,56483595,0,BUY_ANIMAL_FIRST,242,10,1712.0,50,12,GOOSE
112343084,washamba_base_v2.py,56483595,0,CASH_TROUGH_MIN_D3_7,72,3,217.0,,6,min_money=217.0
112343084,washamba_base_v2.py,56483595,0,DOMINANT_CROP_SHIFT_D3_TO_D9,,,,,,MELON->STRAWBERRY
112343090,washamba_base_v1_fork.py,56483603,1,BUY_LAND,151,6,802.0,25,8,
112343090,washamba_base_v1_fork.py,56483603,1,BUY_ANIMAL_FIRST,2,0,3000.0,25,6,COW
112343090,washamba_base_v1_fork.py,56483603,1,BUY_ANIMAL_FIRST,2,0,3000.0,25,6,SHEEP
112343090,washamba_base_v1_fork.py,56483603,1,BUY_ANIMAL_FIRST,242,10,1762.0,50,12,GOOSE
112343090,washamba_base_v1_fork.py,56483603,1,CASH_TROUGH_MIN_D3_7,72,3,197.0,,6,min_money=197.0
112343090,washamba_base_v1_fork.py,56483603,1,DOMINANT_CROP_SHIFT_D3_TO_D9,,,,,,MELON->STRAWBERRY
112344284,washamba_base_v1_fork.py,56483603,1,BUY_LAND,151,6,796.0,25,9,
112344284,washamba_base_v1_fork.py,56483603,1,BUY_ANIMAL_FIRST,2,0,3000.0,25,6,COW
112344284,washamba_base_v1_fork.py,56483603,1,BUY_ANIMAL_FIRST,2,0,3000.0,25,6,SHEEP
112344284,washamba_base_v1_fork.py,56483603,1,CASH_TROUGH_MIN_D3_7,72,3,195.0,,6,min_money=195.0
112344284,washamba_base_v1_fork.py,56483603,1,DOMINANT_CROP_SHIFT_D3_TO_D9,,,,,,MELON->STRAWBERRY
112344297,washamba_base_v2.py,56483595,0,BUY_LAND,151,6,835.0,25,9,
112344297,washamba_base_v2.py,56483595,0,BUY_ANIMAL_FIRST,2,0,3000.0,25,6,COW
112344297,washamba_base_v2.py,56483595,0,BUY_ANIMAL_FIRST,2,0,3000.0,25,6,SHEEP
112344297,washamba_base_v2.py,56483595,0,CASH_TROUGH_MIN_D3_7,72,3,232.0,,6,min_money=232.0
112344297,washamba_base_v2.py,56483595,0,DOMINANT_CROP_SHIFT_D3_TO_D9,,,,,,MELON->STRAWBERRY
112345286,washamba_base_v2.py,56483595,1,BUY_LAND,151,6,787.0,25,8,
112345286,washamba_base_v2.py,56483595,1,BUY_ANIMAL_FIRST,2,0,3000.0,25,6,COW
112345286,washamba_base_v2.py,56483595,1,BUY_ANIMAL_FIRST,2,0,3000.0,25,6,SHEEP
112345286,washamba_base_v2.py,56483595,1,BUY_ANIMAL_FIRST,242,10,1822.0,50,12,GOOSE
112345286,washamba_base_v2.py,56483595,1,CASH_TROUGH_MIN_D3_7,72,3,214.0,,6,min_money=214.0
112345286,washamba_base_v2.py,56483595,1,DOMINANT_CROP_SHIFT_D3_TO_D9,,,,,,MELON->STRAWBERRY
112345541,washamba_base_v2.py,56483595,1,BUY_LAND,151,6,783.0,25,9,
112345541,washamba_base_v2.py,56483595,1,BUY_ANIMAL_FIRST,2,0,3000.0,25,6,COW
112345541,washamba_base_v2.py,56483595,1,BUY_ANIMAL_FIRST,2,0,3000.0,25,6,SHEEP
112345541,washamba_base_v2.py,56483595,1,CASH_TROUGH_MIN_D3_7,72,3,208.0,,6,min_money=208.0
112345541,washamba_base_v2.py,56483595,1,DOMINANT_CROP_SHIFT_D3_TO_D9,,,,,,MELON->STRAWBERRY
112345545,washamba_base_v1_fork.py,56483603,0,BUY_LAND,151,6,825.0,25,9,
112345545,washamba_base_v1_fork.py,56483603,0,BUY_ANIMAL_FIRST,2,0,3000.0,25,6,COW
112345545,washamba_base_v1_fork.py,56483603,0,BUY_ANIMAL_FIRST,2,0,3000.0,25,6,SHEEP
112345545,washamba_base_v1_fork.py,56483603,0,CASH_TROUGH_MIN_D3_7,72,3,222.0,,6,min_money=222.0
112345545,washamba_base_v1_fork.py,56483603,0,DOMINANT_CROP_SHIFT_D3_TO_D9,,,,,,MELON->STRAWBERRY
112346666,washamba_base_v2.py,56483595,0,BUY_LAND,151,6,784.0,25,8,
112346666,washamba_base_v2.py,56483595,0,BUY_ANIMAL_FIRST,2,0,3000.0,25,6,COW
112346666,washamba_base_v2.py,56483595,0,BUY_ANIMAL_FIRST,2,0,3000.0,25,6,SHEEP
112346666,washamba_base_v2.py,56483595,0,CASH_TROUGH_MIN_D3_7,72,3,211.0,,6,min_money=211.0
112346666,washamba_base_v2.py,56483595,0,DOMINANT_CROP_SHIFT_D3_TO_D9,,,,,,MELON->STRAWBERRY
112346747,washamba_base_v2.py,56483595,0,BUY_LAND,151,6,786.0,25,9,
112346747,washamba_base_v2.py,56483595,0,BUY_ANIMAL_FIRST,2,0,3000.0,25,6,COW
112346747,washamba_base_v2.py,56483595,0,BUY_ANIMAL_FIRST,2,0,3000.0,25,6,SHEEP
112346747,washamba_base_v2.py,56483595,0,CASH_TROUGH_MIN_D3_7,72,3,211.0,,6,min_money=211.0
112346747,washamba_base_v2.py,56483595,0,DOMINANT_CROP_SHIFT_D3_TO_D9,,,,,,MELON->STRAWBERRY
112346760,washamba_base_v1_fork.py,56483603,0,BUY_LAND,151,6,793.0,25,9,
112346760,washamba_base_v1_fork.py,56483603,0,BUY_ANIMAL_FIRST,2,0,3000.0,25,6,COW
112346760,washamba_base_v1_fork.py,56483603,0,BUY_ANIMAL_FIRST,2,0,3000.0,25,6,SHEEP
112346760,washamba_base_v1_fork.py,56483603,0,CASH_TROUGH_MIN_D3_7,72,3,218.0,,6,min_money=218.0
112346760,washamba_base_v1_fork.py,56483603,0,DOMINANT_CROP_SHIFT_D3_TO_D9,,,,,,MELON->STRAWBERRY
112347961,washamba_base_v1_fork.py,56483603,1,BUY_LAND,151,6,784.0,25,8,
112347961,washamba_base_v1_fork.py,56483603,1,BUY_ANIMAL_FIRST,2,0,3000.0,25,6,COW
112347961,washamba_base_v1_fork.py,56483603,1,BUY_ANIMAL_FIRST,2,0,3000.0,25,6,SHEEP
112347961,washamba_base_v1_fork.py,56483603,1,BUY_ANIMAL_FIRST,242,10,1322.0,50,12,GOOSE
112347961,washamba_base_v1_fork.py,56483603,1,CASH_TROUGH_MIN_D3_7,72,3,211.0,,6,min_money=211.0
112347961,washamba_base_v1_fork.py,56483603,1,DOMINANT_CROP_SHIFT_D3_TO_D9,,,,,,MELON->STRAWBERRY
112347966,washamba_base_v2.py,56483595,0,BUY_LAND,151,6,784.0,25,8,
112347966,washamba_base_v2.py,56483595,0,BUY_ANIMAL_FIRST,2,0,3000.0,25,6,COW
112347966,washamba_base_v2.py,56483595,0,BUY_ANIMAL_FIRST,2,0,3000.0,25,6,SHEEP
112347966,washamba_base_v2.py,56483595,0,BUY_ANIMAL_FIRST,151,6,784.0,25,8,GOOSE
112347966,washamba_base_v2.py,56483595,0,CASH_TROUGH_MIN_D3_7,72,3,211.0,,6,min_money=211.0
112347966,washamba_base_v2.py,56483595,0,DOMINANT_CROP_SHIFT_D3_TO_D9,,,,,,MELON->STRAWBERRY
112349163,washamba_base_v1_fork.py,56483603,1,BUY_LAND,151,6,789.0,25,8,
112349163,washamba_base_v1_fork.py,56483603,1,BUY_ANIMAL_FIRST,2,0,3000.0,25,6,COW
112349163,washamba_base_v1_fork.py,56483603,1,BUY_ANIMAL_FIRST,2,0,3000.0,25,6,SHEEP
112349163,washamba_base_v1_fork.py,56483603,1,BUY_ANIMAL_FIRST,242,10,1745.0,50,12,GOOSE
112349163,washamba_base_v1_fork.py,56483603,1,CASH_TROUGH_MIN_D3_7,72,3,214.0,,6,min_money=214.0
112349163,washamba_base_v1_fork.py,56483603,1,DOMINANT_CROP_SHIFT_D3_TO_D9,,,,,,MELON->STRAWBERRY
112349175,washamba_base_v2.py,56483595,0,BUY_LAND,151,6,784.0,25,9,
112349175,washamba_base_v2.py,56483595,0,BUY_ANIMAL_FIRST,2,0,3000.0,25,6,COW
112349175,washamba_base_v2.py,56483595,0,BUY_ANIMAL_FIRST,2,0,3000.0,25,6,SHEEP
112349175,washamba_base_v2.py,56483595,0,CASH_TROUGH_MIN_D3_7,72,3,209.0,,6,min_money=209.0
112349175,washamba_base_v2.py,56483595,0,DOMINANT_CROP_SHIFT_D3_TO_D9,,,,,,MELON->STRAWBERRY
112350364,washamba_base_v1_fork.py,56483603,1,BUY_LAND,151,6,842.0,25,8,
112350364,washamba_base_v1_fork.py,56483603,1,BUY_ANIMAL_FIRST,2,0,3000.0,25,6,COW
112350364,washamba_base_v1_fork.py,56483603,1,BUY_ANIMAL_FIRST,2,0,3000.0,25,6,SHEEP
112350364,washamba_base_v1_fork.py,56483603,1,BUY_ANIMAL_FIRST,242,10,1534.0,50,12,GOOSE
112350364,washamba_base_v1_fork.py,56483603,1,CASH_TROUGH_MIN_D3_7,72,3,239.0,,6,min_money=239.0
112350364,washamba_base_v1_fork.py,56483603,1,DOMINANT_CROP_SHIFT_D3_TO_D9,,,,,,MELON->STRAWBERRY
112350381,washamba_base_v2.py,56483595,0,BUY_LAND,151,6,825.0,25,8,
112350381,washamba_base_v2.py,56483595,0,BUY_ANIMAL_FIRST,2,0,3000.0,25,6,COW
112350381,washamba_base_v2.py,56483595,0,BUY_ANIMAL_FIRST,2,0,3000.0,25,6,SHEEP
112350381,washamba_base_v2.py,56483595,0,BUY_ANIMAL_FIRST,242,10,1740.0,50,12,GOOSE
112350381,washamba_base_v2.py,56483595,0,CASH_TROUGH_MIN_D3_7,72,3,222.0,,6,min_money=222.0
112350381,washamba_base_v2.py,56483595,0,DOMINANT_CROP_SHIFT_D3_TO_D9,,,,,,MELON->STRAWBERRY
112350954,washamba_base_v2.py,56483595,0,BUY_LAND,151,6,800.0,25,8,
112350954,washamba_base_v2.py,56483595,0,BUY_ANIMAL_FIRST,2,0,3000.0,25,6,COW
112350954,washamba_base_v2.py,56483595,0,BUY_ANIMAL_FIRST,2,0,3000.0,25,6,SHEEP
112350954,washamba_base_v2.py,56483595,0,BUY_ANIMAL_FIRST,151,6,800.0,25,8,GOOSE
112350954,washamba_base_v2.py,56483595,0,CASH_TROUGH_MIN_D3_7,72,3,197.0,,6,min_money=197.0
112350954,washamba_base_v2.py,56483595,0,DOMINANT_CROP_SHIFT_D3_TO_D9,,,,,,MELON->STRAWBERRY
112351642,washamba_base_v2.py,56483595,1,BUY_LAND,151,6,607.0,25,8,
112351642,washamba_base_v2.py,56483595,1,BUY_ANIMAL_FIRST,2,0,3000.0,25,6,COW
112351642,washamba_base_v2.py,56483595,1,BUY_ANIMAL_FIRST,2,0,3000.0,25,6,SHEEP
112351642,washamba_base_v2.py,56483595,1,BUY_ANIMAL_FIRST,242,10,367.0,50,12,GOOSE
112351642,washamba_base_v2.py,56483595,1,CASH_TROUGH_MIN_D3_7,96,4,258.0,,5,min_money=258.0
112351642,washamba_base_v2.py,56483595,1,DOMINANT_CROP_SHIFT_D3_TO_D9,,,,,,MELON->STRAWBERRY
112351658,washamba_base_v1_fork.py,56483603,0,BUY_LAND,151,6,784.0,25,8,
112351658,washamba_base_v1_fork.py,56483603,0,BUY_ANIMAL_FIRST,2,0,3000.0,25,6,COW
112351658,washamba_base_v1_fork.py,56483603,0,BUY_ANIMAL_FIRST,2,0,3000.0,25,6,SHEEP
112351658,washamba_base_v1_fork.py,56483603,0,BUY_ANIMAL_FIRST,151,6,784.0,25,8,GOOSE
112351658,washamba_base_v1_fork.py,56483603,0,CASH_TROUGH_MIN_D3_7,72,3,211.0,,6,min_money=211.0
112351658,washamba_base_v1_fork.py,56483603,0,DOMINANT_CROP_SHIFT_D3_TO_D9,,,,,,MELON->STRAWBERRY
112351686,washamba_base_v2.py,56483595,1,BUY_LAND,151,6,786.0,25,8,
112351686,washamba_base_v2.py,56483595,1,BUY_ANIMAL_FIRST,2,0,3000.0,25,6,COW
112351686,washamba_base_v2.py,56483595,1,BUY_ANIMAL_FIRST,2,0,3000.0,25,6,SHEEP
112351686,washamba_base_v2.py,56483595,1,BUY_ANIMAL_FIRST,242,10,1742.0,50,12,GOOSE
112351686,washamba_base_v2.py,56483595,1,CASH_TROUGH_MIN_D3_7,72,3,211.0,,6,min_money=211.0
112351686,washamba_base_v2.py,56483595,1,DOMINANT_CROP_SHIFT_D3_TO_D9,,,,,,MELON->STRAWBERRY
112352775,washamba_base_v1_fork.py,56483603,0,BUY_LAND,151,6,842.0,25,8,
112352775,washamba_base_v1_fork.py,56483603,0,BUY_ANIMAL_FIRST,2,0,3000.0,25,6,COW
112352775,washamba_base_v1_fork.py,56483603,0,BUY_ANIMAL_FIRST,2,0,3000.0,25,6,SHEEP
112352775,washamba_base_v1_fork.py,56483603,0,BUY_ANIMAL_FIRST,242,10,1890.0,50,12,GOOSE
112352775,washamba_base_v1_fork.py,56483603,0,CASH_TROUGH_MIN_D3_7,72,3,239.0,,6,min_money=239.0
112352775,washamba_base_v1_fork.py,56483603,0,DOMINANT_CROP_SHIFT_D3_TO_D9,,,,,,MELON->STRAWBERRY
112352794,washamba_base_v2.py,56483595,1,BUY_LAND,151,6,607.0,25,8,
112352794,washamba_base_v2.py,56483595,1,BUY_ANIMAL_FIRST,2,0,3000.0,25,6,COW
112352794,washamba_base_v2.py,56483595,1,BUY_ANIMAL_FIRST,2,0,3000.0,25,6,SHEEP
112352794,washamba_base_v2.py,56483595,1,BUY_ANIMAL_FIRST,242,10,372.0,50,12,GOOSE
112352794,washamba_base_v2.py,56483595,1,CASH_TROUGH_MIN_D3_7,96,4,261.0,,5,min_money=261.0
112352794,washamba_base_v2.py,56483595,1,DOMINANT_CROP_SHIFT_D3_TO_D9,,,,,,MELON->STRAWBERRY
112353034,washamba_base_v1_fork.py,56483603,1,BUY_LAND,151,6,793.0,25,8,
112353034,washamba_base_v1_fork.py,56483603,1,BUY_ANIMAL_FIRST,2,0,3000.0,25,6,COW
112353034,washamba_base_v1_fork.py,56483603,1,BUY_ANIMAL_FIRST,2,0,3000.0,25,6,SHEEP
112353034,washamba_base_v1_fork.py,56483603,1,BUY_ANIMAL_FIRST,242,10,1863.0,50,12,GOOSE
112353034,washamba_base_v1_fork.py,56483603,1,CASH_TROUGH_MIN_D3_7,72,3,218.0,,6,min_money=218.0
112353034,washamba_base_v1_fork.py,56483603,1,DOMINANT_CROP_SHIFT_D3_TO_D9,,,,,,MELON->STRAWBERRY
112354017,washamba_base_v1_fork.py,56483603,0,BUY_LAND,151,6,799.0,25,8,
112354017,washamba_base_v1_fork.py,56483603,0,BUY_ANIMAL_FIRST,2,0,3000.0,25,6,COW
112354017,washamba_base_v1_fork.py,56483603,0,BUY_ANIMAL_FIRST,2,0,3000.0,25,6,SHEEP
112354017,washamba_base_v1_fork.py,56483603,0,CASH_TROUGH_MIN_D3_7,72,3,196.0,,6,min_money=196.0
112354017,washamba_base_v1_fork.py,56483603,0,DOMINANT_CROP_SHIFT_D3_TO_D9,,,,,,MELON->STRAWBERRY
112354096,washamba_base_v2.py,56483595,0,BUY_LAND,151,6,784.0,25,8,
112354096,washamba_base_v2.py,56483595,0,BUY_ANIMAL_FIRST,2,0,3000.0,25,6,COW
112354096,washamba_base_v2.py,56483595,0,BUY_ANIMAL_FIRST,2,0,3000.0,25,6,SHEEP
112354096,washamba_base_v2.py,56483595,0,BUY_ANIMAL_FIRST,151,6,784.0,25,8,GOOSE
112354096,washamba_base_v2.py,56483595,0,CASH_TROUGH_MIN_D3_7,72,3,211.0,,6,min_money=211.0
112354096,washamba_base_v2.py,56483595,0,DOMINANT_CROP_SHIFT_D3_TO_D9,,,,,,MELON->STRAWBERRY
112354367,washamba_base_v1_fork.py,56483603,1,BUY_LAND,151,6,786.0,25,8,
112354367,washamba_base_v1_fork.py,56483603,1,BUY_ANIMAL_FIRST,2,0,3000.0,25,6,COW
112354367,washamba_base_v1_fork.py,56483603,1,BUY_ANIMAL_FIRST,2,0,3000.0,25,6,SHEEP
112354367,washamba_base_v1_fork.py,56483603,1,BUY_ANIMAL_FIRST,151,6,786.0,25,8,GOOSE
112354367,washamba_base_v1_fork.py,56483603,1,CASH_TROUGH_MIN_D3_7,72,3,211.0,,6,min_money=211.0
112354367,washamba_base_v1_fork.py,56483603,1,DOMINANT_CROP_SHIFT_D3_TO_D9,,,,,,MELON->STRAWBERRY
112355172,washamba_base_v1_fork.py,56483603,1,BUY_LAND,151,6,787.0,25,9,
112355172,washamba_base_v1_fork.py,56483603,1,BUY_ANIMAL_FIRST,2,0,3000.0,25,6,COW
112355172,washamba_base_v1_fork.py,56483603,1,BUY_ANIMAL_FIRST,2,0,3000.0,25,6,SHEEP
112355172,washamba_base_v1_fork.py,56483603,1,CASH_TROUGH_MIN_D3_7,72,3,214.0,,6,min_money=214.0
112355172,washamba_base_v1_fork.py,56483603,1,DOMINANT_CROP_SHIFT_D3_TO_D9,,,,,,MELON->STRAWBERRY
112355184,washamba_base_v2.py,56483595,1,BUY_LAND,151,6,786.0,25,9,
112355184,washamba_base_v2.py,56483595,1,BUY_ANIMAL_FIRST,2,0,3000.0,25,6,COW
112355184,washamba_base_v2.py,56483595,1,BUY_ANIMAL_FIRST,2,0,3000.0,25,6,SHEEP
112355184,washamba_base_v2.py,56483595,1,CASH_TROUGH_MIN_D3_7,72,3,211.0,,6,min_money=211.0
112355184,washamba_base_v2.py,56483595,1,DOMINANT_CROP_SHIFT_D3_TO_D9,,,,,,MELON->STRAWBERRY
112356363,washamba_base_v1_fork.py,56483603,1,BUY_LAND,151,6,784.0,25,8,
112356363,washamba_base_v1_fork.py,56483603,1,BUY_ANIMAL_FIRST,2,0,3000.0,25,6,COW
112356363,washamba_base_v1_fork.py,56483603,1,BUY_ANIMAL_FIRST,2,0,3000.0,25,6,SHEEP
112356363,washamba_base_v1_fork.py,56483603,1,BUY_ANIMAL_FIRST,242,10,1476.0,50,12,GOOSE
112356363,washamba_base_v1_fork.py,56483603,1,CASH_TROUGH_MIN_D3_7,72,3,211.0,,6,min_money=211.0
112356363,washamba_base_v1_fork.py,56483603,1,DOMINANT_CROP_SHIFT_D3_TO_D9,,,,,,MELON->STRAWBERRY
112356384,washamba_base_v2.py,56483595,0,BUY_LAND,151,6,786.0,25,8,
112356384,washamba_base_v2.py,56483595,0,BUY_ANIMAL_FIRST,2,0,3000.0,25,6,COW
112356384,washamba_base_v2.py,56483595,0,BUY_ANIMAL_FIRST,2,0,3000.0,25,6,SHEEP
112356384,washamba_base_v2.py,56483595,0,BUY_ANIMAL_FIRST,242,10,1373.0,50,12,GOOSE
112356384,washamba_base_v2.py,56483595,0,CASH_TROUGH_MIN_D3_7,72,3,211.0,,6,min_money=211.0
112356384,washamba_base_v2.py,56483595,0,DOMINANT_CROP_SHIFT_D3_TO_D9,,,,,,MELON->STRAWBERRY
112356507,washamba_base_v1_fork.py,56483603,0,BUY_LAND,151,6,784.0,25,8,
112356507,washamba_base_v1_fork.py,56483603,0,BUY_ANIMAL_FIRST,2,0,3000.0,25,6,COW
112356507,washamba_base_v1_fork.py,56483603,0,BUY_ANIMAL_FIRST,2,0,3000.0,25,6,SHEEP
112356507,washamba_base_v1_fork.py,56483603,0,CASH_TROUGH_MIN_D3_7,72,3,210.0,,6,min_money=210.0
112356507,washamba_base_v1_fork.py,56483603,0,DOMINANT_CROP_SHIFT_D3_TO_D9,,,,,,MELON->STRAWBERRY
112357620,washamba_base_v2.py,56483595,0,BUY_LAND,151,6,800.0,25,8,
112357620,washamba_base_v2.py,56483595,0,BUY_ANIMAL_FIRST,2,0,3000.0,25,6,COW
112357620,washamba_base_v2.py,56483595,0,BUY_ANIMAL_FIRST,2,0,3000.0,25,6,SHEEP
112357620,washamba_base_v2.py,56483595,0,BUY_ANIMAL_FIRST,242,10,1348.0,50,12,GOOSE
112357620,washamba_base_v2.py,56483595,0,CASH_TROUGH_MIN_D3_7,72,3,197.0,,6,min_money=197.0
112357620,washamba_base_v2.py,56483595,0,DOMINANT_CROP_SHIFT_D3_TO_D9,,,,,,MELON->STRAWBERRY
112357630,washamba_base_v1_fork.py,56483603,0,BUY_LAND,151,6,607.0,25,8,
112357630,washamba_base_v1_fork.py,56483603,0,BUY_ANIMAL_FIRST,2,0,3000.0,25,6,COW
112357630,washamba_base_v1_fork.py,56483603,0,BUY_ANIMAL_FIRST,2,0,3000.0,25,6,SHEEP
112357630,washamba_base_v1_fork.py,56483603,0,CASH_TROUGH_MIN_D3_7,168,7,141.0,,8,min_money=141.0
112357630,washamba_base_v1_fork.py,56483603,0,DOMINANT_CROP_SHIFT_D3_TO_D9,,,,,,MELON->STRAWBERRY
112358822,washamba_base_v2.py,56483595,1,BUY_LAND,151,6,789.0,25,8,
112358822,washamba_base_v2.py,56483595,1,BUY_ANIMAL_FIRST,2,0,3000.0,25,6,COW
112358822,washamba_base_v2.py,56483595,1,BUY_ANIMAL_FIRST,2,0,3000.0,25,6,SHEEP
112358822,washamba_base_v2.py,56483595,1,BUY_ANIMAL_FIRST,151,6,789.0,25,8,GOOSE
112358822,washamba_base_v2.py,56483595,1,CASH_TROUGH_MIN_D3_7,72,3,214.0,,6,min_money=214.0
112358822,washamba_base_v2.py,56483595,1,DOMINANT_CROP_SHIFT_D3_TO_D9,,,,,,MELON->STRAWBERRY
112358825,washamba_base_v1_fork.py,56483603,0,BUY_LAND,151,6,844.0,25,8,
112358825,washamba_base_v1_fork.py,56483603,0,BUY_ANIMAL_FIRST,2,0,3000.0,25,6,COW
112358825,washamba_base_v1_fork.py,56483603,0,BUY_ANIMAL_FIRST,2,0,3000.0,25,6,SHEEP
112358825,washamba_base_v1_fork.py,56483603,0,CASH_TROUGH_MIN_D3_7,72,3,239.0,,6,min_money=239.0
112358825,washamba_base_v1_fork.py,56483603,0,DOMINANT_CROP_SHIFT_D3_TO_D9,,,,,,MELON->STRAWBERRY
112360049,washamba_base_v2.py,56483595,0,BUY_LAND,151,6,784.0,25,8,
112360049,washamba_base_v2.py,56483595,0,BUY_ANIMAL_FIRST,2,0,3000.0,25,6,COW
112360049,washamba_base_v2.py,56483595,0,BUY_ANIMAL_FIRST,2,0,3000.0,25,6,SHEEP
112360049,washamba_base_v2.py,56483595,0,CASH_TROUGH_MIN_D3_7,72,3,210.0,,6,min_money=210.0
112360049,washamba_base_v2.py,56483595,0,DOMINANT_CROP_SHIFT_D3_TO_D9,,,,,,MELON->STRAWBERRY
112360055,washamba_base_v1_fork.py,56483603,0,BUY_LAND,151,6,787.0,25,8,
112360055,washamba_base_v1_fork.py,56483603,0,BUY_ANIMAL_FIRST,2,0,3000.0,25,6,COW
112360055,washamba_base_v1_fork.py,56483603,0,BUY_ANIMAL_FIRST,2,0,3000.0,25,6,SHEEP
112360055,washamba_base_v1_fork.py,56483603,0,BUY_ANIMAL_FIRST,151,6,787.0,25,8,GOOSE
112360055,washamba_base_v1_fork.py,56483603,0,CASH_TROUGH_MIN_D3_7,72,3,214.0,,6,min_money=214.0
112360055,washamba_base_v1_fork.py,56483603,0,DOMINANT_CROP_SHIFT_D3_TO_D9,,,,,,MELON->STRAWBERRY
112361332,washamba_base_v1_fork.py,56483603,1,BUY_LAND,151,6,800.0,25,8,
112361332,washamba_base_v1_fork.py,56483603,1,BUY_ANIMAL_FIRST,2,0,3000.0,25,6,COW
112361332,washamba_base_v1_fork.py,56483603,1,BUY_ANIMAL_FIRST,2,0,3000.0,25,6,SHEEP
112361332,washamba_base_v1_fork.py,56483603,1,BUY_ANIMAL_FIRST,242,10,1492.0,50,12,GOOSE
112361332,washamba_base_v1_fork.py,56483603,1,CASH_TROUGH_MIN_D3_7,72,3,197.0,,6,min_money=197.0
112361332,washamba_base_v1_fork.py,56483603,1,DOMINANT_CROP_SHIFT_D3_TO_D9,,,,,,MELON->STRAWBERRY
112361337,washamba_base_v2.py,56483595,1,BUY_LAND,151,6,784.0,25,8,
112361337,washamba_base_v2.py,56483595,1,BUY_ANIMAL_FIRST,2,0,3000.0,25,6,COW
112361337,washamba_base_v2.py,56483595,1,BUY_ANIMAL_FIRST,2,0,3000.0,25,6,SHEEP
112361337,washamba_base_v2.py,56483595,1,CASH_TROUGH_MIN_D3_7,72,3,211.0,,6,min_money=211.0
112361337,washamba_base_v2.py,56483595,1,DOMINANT_CROP_SHIFT_D3_TO_D9,,,,,,MELON->STRAWBERRY
112362546,washamba_base_v2.py,56483595,1,BUY_LAND,151,6,784.0,25,8,
112362546,washamba_base_v2.py,56483595,1,BUY_ANIMAL_FIRST,2,0,3000.0,25,6,COW
112362546,washamba_base_v2.py,56483595,1,BUY_ANIMAL_FIRST,2,0,3000.0,25,6,SHEEP
112362546,washamba_base_v2.py,56483595,1,BUY_ANIMAL_FIRST,242,10,1327.0,50,12,GOOSE
112362546,washamba_base_v2.py,56483595,1,CASH_TROUGH_MIN_D3_7,72,3,211.0,,6,min_money=211.0
112362546,washamba_base_v2.py,56483595,1,DOMINANT_CROP_SHIFT_D3_TO_D9,,,,,,MELON->STRAWBERRY
112362549,washamba_base_v1_fork.py,56483603,1,BUY_LAND,151,6,802.0,25,8,
112362549,washamba_base_v1_fork.py,56483603,1,BUY_ANIMAL_FIRST,2,0,3000.0,25,6,COW
112362549,washamba_base_v1_fork.py,56483603,1,BUY_ANIMAL_FIRST,2,0,3000.0,25,6,SHEEP
112362549,washamba_base_v1_fork.py,56483603,1,BUY_ANIMAL_FIRST,151,6,802.0,25,8,GOOSE
112362549,washamba_base_v1_fork.py,56483603,1,CASH_TROUGH_MIN_D3_7,72,3,197.0,,6,min_money=197.0
112362549,washamba_base_v1_fork.py,56483603,1,DOMINANT_CROP_SHIFT_D3_TO_D9,,,,,,MELON->STRAWBERRY
112363781,washamba_base_v1_fork.py,56483603,0,BUY_LAND,151,6,803.0,25,9,
112363781,washamba_base_v1_fork.py,56483603,0,BUY_ANIMAL_FIRST,2,0,3000.0,25,6,COW
112363781,washamba_base_v1_fork.py,56483603,0,BUY_ANIMAL_FIRST,2,0,3000.0,25,6,SHEEP
112363781,washamba_base_v1_fork.py,56483603,0,CASH_TROUGH_MIN_D3_7,72,3,200.0,,6,min_money=200.0
112363781,washamba_base_v1_fork.py,56483603,0,DOMINANT_CROP_SHIFT_D3_TO_D9,,,,,,MELON->STRAWBERRY
112363788,washamba_base_v2.py,56483595,1,BUY_LAND,151,6,597.0,25,8,
112363788,washamba_base_v2.py,56483595,1,BUY_ANIMAL_FIRST,2,0,3000.0,25,6,COW
112363788,washamba_base_v2.py,56483595,1,BUY_ANIMAL_FIRST,2,0,3000.0,25,6,SHEEP
112363788,washamba_base_v2.py,56483595,1,BUY_ANIMAL_FIRST,242,10,1393.0,50,12,GOOSE
112363788,washamba_base_v2.py,56483595,1,CASH_TROUGH_MIN_D3_7,96,4,168.0,,5,min_money=168.0
112363788,washamba_base_v2.py,56483595,1,DOMINANT_CROP_SHIFT_D3_TO_D9,,,,,,MELON->STRAWBERRY
112364993,washamba_base_v2.py,56483595,1,BUY_LAND,151,6,607.0,25,9,
112364993,washamba_base_v2.py,56483595,1,BUY_ANIMAL_FIRST,2,0,3000.0,25,6,COW
112364993,washamba_base_v2.py,56483595,1,BUY_ANIMAL_FIRST,2,0,3000.0,25,6,SHEEP
112364993,washamba_base_v2.py,56483595,1,CASH_TROUGH_MIN_D3_7,96,4,261.0,,5,min_money=261.0
112364993,washamba_base_v2.py,56483595,1,DOMINANT_CROP_SHIFT_D3_TO_D9,,,,,,MELON->STRAWBERRY
112365000,washamba_base_v1_fork.py,56483603,1,BUY_LAND,151,6,784.0,25,8,
112365000,washamba_base_v1_fork.py,56483603,1,BUY_ANIMAL_FIRST,2,0,3000.0,25,6,COW
112365000,washamba_base_v1_fork.py,56483603,1,BUY_ANIMAL_FIRST,2,0,3000.0,25,6,SHEEP
112365000,washamba_base_v1_fork.py,56483603,1,BUY_ANIMAL_FIRST,151,6,784.0,25,8,GOOSE
112365000,washamba_base_v1_fork.py,56483603,1,CASH_TROUGH_MIN_D3_7,72,3,211.0,,6,min_money=211.0
112365000,washamba_base_v1_fork.py,56483603,1,DOMINANT_CROP_SHIFT_D3_TO_D9,,,,,,MELON->STRAWBERRY
112366176,washamba_base_v2.py,56483595,0,BUY_LAND,151,6,788.0,25,8,
112366176,washamba_base_v2.py,56483595,0,BUY_ANIMAL_FIRST,2,0,3000.0,25,6,COW
112366176,washamba_base_v2.py,56483595,0,BUY_ANIMAL_FIRST,2,0,3000.0,25,6,SHEEP
112366176,washamba_base_v2.py,56483595,0,BUY_ANIMAL_FIRST,242,10,1746.0,50,12,GOOSE
112366176,washamba_base_v2.py,56483595,0,CASH_TROUGH_MIN_D3_7,72,3,214.0,,6,min_money=214.0
112366176,washamba_base_v2.py,56483595,0,DOMINANT_CROP_SHIFT_D3_TO_D9,,,,,,MELON->STRAWBERRY
112366181,washamba_base_v1_fork.py,56483603,0,BUY_LAND,151,6,784.0,25,8,
112366181,washamba_base_v1_fork.py,56483603,0,BUY_ANIMAL_FIRST,2,0,3000.0,25,6,COW
112366181,washamba_base_v1_fork.py,56483603,0,BUY_ANIMAL_FIRST,2,0,3000.0,25,6,SHEEP
112366181,washamba_base_v1_fork.py,56483603,0,BUY_ANIMAL_FIRST,151,6,784.0,25,8,GOOSE
112366181,washamba_base_v1_fork.py,56483603,0,CASH_TROUGH_MIN_D3_7,72,3,211.0,,6,min_money=211.0
112366181,washamba_base_v1_fork.py,56483603,0,DOMINANT_CROP_SHIFT_D3_TO_D9,,,,,,MELON->STRAWBERRY
112366619,washamba_base_v1_fork.py,56483603,0,BUY_LAND,151,6,786.0,25,8,
112366619,washamba_base_v1_fork.py,56483603,0,BUY_ANIMAL_FIRST,2,0,3000.0,25,6,COW
112366619,washamba_base_v1_fork.py,56483603,0,BUY_ANIMAL_FIRST,2,0,3000.0,25,6,SHEEP
112366619,washamba_base_v1_fork.py,56483603,0,BUY_ANIMAL_FIRST,242,10,1373.0,50,12,GOOSE
112366619,washamba_base_v1_fork.py,56483603,0,CASH_TROUGH_MIN_D3_7,72,3,211.0,,6,min_money=211.0
112366619,washamba_base_v1_fork.py,56483603,0,DOMINANT_CROP_SHIFT_D3_TO_D9,,,,,,MELON->STRAWBERRY
112366944,washamba_base_v2.py,56483595,0,BUY_LAND,151,6,788.0,25,9,
112366944,washamba_base_v2.py,56483595,0,BUY_ANIMAL_FIRST,2,0,3000.0,25,6,COW
112366944,washamba_base_v2.py,56483595,0,BUY_ANIMAL_FIRST,2,0,3000.0,25,6,SHEEP
112366944,washamba_base_v2.py,56483595,0,CASH_TROUGH_MIN_D3_7,72,3,214.0,,6,min_money=214.0
112366944,washamba_base_v2.py,56483595,0,DOMINANT_CROP_SHIFT_D3_TO_D9,,,,,,MELON->STRAWBERRY
112367403,washamba_base_v2.py,56483595,1,BUY_LAND,151,6,786.0,25,8,
112367403,washamba_base_v2.py,56483595,1,BUY_ANIMAL_FIRST,2,0,3000.0,25,6,COW
112367403,washamba_base_v2.py,56483595,1,BUY_ANIMAL_FIRST,2,0,3000.0,25,6,SHEEP
112367403,washamba_base_v2.py,56483595,1,BUY_ANIMAL_FIRST,242,10,1746.0,50,12,GOOSE
112367403,washamba_base_v2.py,56483595,1,CASH_TROUGH_MIN_D3_7,72,3,211.0,,6,min_money=211.0
112367403,washamba_base_v2.py,56483595,1,DOMINANT_CROP_SHIFT_D3_TO_D9,,,,,,MELON->STRAWBERRY
112367404,washamba_base_v1_fork.py,56483603,0,BUY_LAND,151,6,607.0,25,8,
112367404,washamba_base_v1_fork.py,56483603,0,BUY_ANIMAL_FIRST,2,0,3000.0,25,6,COW
112367404,washamba_base_v1_fork.py,56483603,0,BUY_ANIMAL_FIRST,2,0,3000.0,25,6,SHEEP
112367404,washamba_base_v1_fork.py,56483603,0,BUY_ANIMAL_FIRST,151,6,607.0,25,8,GOOSE
112367404,washamba_base_v1_fork.py,56483603,0,CASH_TROUGH_MIN_D3_7,96,4,261.0,,5,min_money=261.0
112367404,washamba_base_v1_fork.py,56483603,0,DOMINANT_CROP_SHIFT_D3_TO_D9,,,,,,MELON->STRAWBERRY
112368562,washamba_base_v1_fork.py,56483603,1,BUY_LAND,151,6,787.0,25,8,
112368562,washamba_base_v1_fork.py,56483603,1,BUY_ANIMAL_FIRST,2,0,3000.0,25,6,COW
112368562,washamba_base_v1_fork.py,56483603,1,BUY_ANIMAL_FIRST,2,0,3000.0,25,6,SHEEP
112368562,washamba_base_v1_fork.py,56483603,1,BUY_ANIMAL_FIRST,242,10,1473.0,50,12,GOOSE
112368562,washamba_base_v1_fork.py,56483603,1,CASH_TROUGH_MIN_D3_7,72,3,214.0,,6,min_money=214.0
112368562,washamba_base_v1_fork.py,56483603,1,DOMINANT_CROP_SHIFT_D3_TO_D9,,,,,,MELON->STRAWBERRY
112368570,washamba_base_v2.py,56483595,0,BUY_LAND,151,6,784.0,25,8,
112368570,washamba_base_v2.py,56483595,0,BUY_ANIMAL_FIRST,2,0,3000.0,25,6,COW
112368570,washamba_base_v2.py,56483595,0,BUY_ANIMAL_FIRST,2,0,3000.0,25,6,SHEEP
112368570,washamba_base_v2.py,56483595,0,BUY_ANIMAL_FIRST,151,6,784.0,25,8,GOOSE
112368570,washamba_base_v2.py,56483595,0,CASH_TROUGH_MIN_D3_7,72,3,211.0,,6,min_money=211.0
112368570,washamba_base_v2.py,56483595,0,DOMINANT_CROP_SHIFT_D3_TO_D9,,,,,,MELON->STRAWBERRY
112369485,w0_v15stack_control.py,56487592,1,BUY_LAND,151,6,910.0,25,8,
112369485,w0_v15stack_control.py,56487592,1,BUY_ANIMAL_FIRST,2,0,3000.0,25,6,COW
112369485,w0_v15stack_control.py,56487592,1,BUY_ANIMAL_FIRST,2,0,3000.0,25,6,SHEEP
112369485,w0_v15stack_control.py,56487592,1,BUY_ANIMAL_FIRST,151,6,910.0,25,8,GOOSE
112369485,w0_v15stack_control.py,56487592,1,CASH_TROUGH_MIN_D3_7,72,3,218.0,,6,min_money=218.0
112369485,w0_v15stack_control.py,56487592,1,DOMINANT_CROP_SHIFT_D3_TO_D9,,,,,,MELON->STRAWBERRY
112369803,washamba_base_v1_fork.py,56483603,0,BUY_LAND,151,6,784.0,25,8,
112369803,washamba_base_v1_fork.py,56483603,0,BUY_ANIMAL_FIRST,2,0,3000.0,25,6,COW
112369803,washamba_base_v1_fork.py,56483603,0,BUY_ANIMAL_FIRST,2,0,3000.0,25,6,SHEEP
112369803,washamba_base_v1_fork.py,56483603,0,BUY_ANIMAL_FIRST,242,10,1820.0,50,12,GOOSE
112369803,washamba_base_v1_fork.py,56483603,0,CASH_TROUGH_MIN_D3_7,72,3,211.0,,6,min_money=211.0
112369803,washamba_base_v1_fork.py,56483603,0,DOMINANT_CROP_SHIFT_D3_TO_D9,,,,,,MELON->STRAWBERRY
112370245,washamba_base_v1_fork.py,56483603,1,BUY_LAND,151,6,784.0,25,8,
112370245,washamba_base_v1_fork.py,56483603,1,BUY_ANIMAL_FIRST,2,0,3000.0,25,6,COW
112370245,washamba_base_v1_fork.py,56483603,1,BUY_ANIMAL_FIRST,2,0,3000.0,25,6,SHEEP
112370245,washamba_base_v1_fork.py,56483603,1,CASH_TROUGH_MIN_D3_7,72,3,211.0,,6,min_money=211.0
112370245,washamba_base_v1_fork.py,56483603,1,DOMINANT_CROP_SHIFT_D3_TO_D9,,,,,,MELON->STRAWBERRY
112370719,w0_v15stack_control.py,56487592,0,BUY_LAND,151,6,884.0,25,8,
112370719,w0_v15stack_control.py,56487592,0,BUY_ANIMAL_FIRST,2,0,3000.0,25,6,COW
112370719,w0_v15stack_control.py,56487592,0,BUY_ANIMAL_FIRST,2,0,3000.0,25,6,SHEEP
112370719,w0_v15stack_control.py,56487592,0,BUY_ANIMAL_FIRST,242,10,1961.0,50,12,GOOSE
112370719,w0_v15stack_control.py,56487592,0,CASH_TROUGH_MIN_D3_7,72,3,219.0,,6,min_money=219.0
112370719,w0_v15stack_control.py,56487592,0,DOMINANT_CROP_SHIFT_D3_TO_D9,,,,,,MELON->STRAWBERRY
112371070,washamba_base_v1_fork.py,56483603,1,BUY_LAND,151,6,829.0,25,9,
112371070,washamba_base_v1_fork.py,56483603,1,BUY_ANIMAL_FIRST,2,0,3000.0,25,6,COW
112371070,washamba_base_v1_fork.py,56483603,1,BUY_ANIMAL_FIRST,2,0,3000.0,25,6,SHEEP
112371070,washamba_base_v1_fork.py,56483603,1,CASH_TROUGH_MIN_D3_7,72,3,235.0,,6,min_money=235.0
112371070,washamba_base_v1_fork.py,56483603,1,DOMINANT_CROP_SHIFT_D3_TO_D9,,,,,,MELON->STRAWBERRY
112371819,w0_v15stack_control.py,56487592,1,BUY_LAND,151,6,902.0,25,8,
112371819,w0_v15stack_control.py,56487592,1,BUY_ANIMAL_FIRST,2,0,3000.0,25,6,COW
112371819,w0_v15stack_control.py,56487592,1,BUY_ANIMAL_FIRST,2,0,3000.0,25,6,SHEEP
112371819,w0_v15stack_control.py,56487592,1,BUY_ANIMAL_FIRST,242,10,2009.0,50,12,GOOSE
112371819,w0_v15stack_control.py,56487592,1,CASH_TROUGH_MIN_D3_7,72,3,221.0,,6,min_money=221.0
112371819,w0_v15stack_control.py,56487592,1,DOMINANT_CROP_SHIFT_D3_TO_D9,,,,,,MELON->STRAWBERRY
112372220,washamba_base_v1_fork.py,56483603,0,BUY_LAND,151,6,784.0,25,8,
112372220,washamba_base_v1_fork.py,56483603,0,BUY_ANIMAL_FIRST,2,0,3000.0,25,6,COW
112372220,washamba_base_v1_fork.py,56483603,0,BUY_ANIMAL_FIRST,2,0,3000.0,25,6,SHEEP
112372220,washamba_base_v1_fork.py,56483603,0,BUY_ANIMAL_FIRST,242,10,1707.0,50,12,GOOSE
112372220,washamba_base_v1_fork.py,56483603,0,CASH_TROUGH_MIN_D3_7,72,3,211.0,,6,min_money=211.0
112372220,washamba_base_v1_fork.py,56483603,0,DOMINANT_CROP_SHIFT_D3_TO_D9,,,,,,MELON->STRAWBERRY
112372398,washamba_base_v1_fork.py,56483603,0,BUY_LAND,151,6,786.0,25,9,
112372398,washamba_base_v1_fork.py,56483603,0,BUY_ANIMAL_FIRST,2,0,3000.0,25,6,COW
112372398,washamba_base_v1_fork.py,56483603,0,BUY_ANIMAL_FIRST,2,0,3000.0,25,6,SHEEP
112372398,washamba_base_v1_fork.py,56483603,0,CASH_TROUGH_MIN_D3_7,72,3,211.0,,6,min_money=211.0
112372398,washamba_base_v1_fork.py,56483603,0,DOMINANT_CROP_SHIFT_D3_TO_D9,,,,,,MELON->STRAWBERRY
112372983,w0_v15stack_control.py,56487592,1,BUY_LAND,151,6,894.0,25,8,
112372983,w0_v15stack_control.py,56487592,1,BUY_ANIMAL_FIRST,2,0,3000.0,25,6,COW
112372983,w0_v15stack_control.py,56487592,1,BUY_ANIMAL_FIRST,2,0,3000.0,25,6,SHEEP
112372983,w0_v15stack_control.py,56487592,1,CASH_TROUGH_MIN_D3_7,72,3,224.0,,6,min_money=224.0
112372983,w0_v15stack_control.py,56487592,1,DOMINANT_CROP_SHIFT_D3_TO_D9,,,,,,MELON->STRAWBERRY
112373433,washamba_base_v1_fork.py,56483603,0,BUY_LAND,151,6,784.0,25,8,
112373433,washamba_base_v1_fork.py,56483603,0,BUY_ANIMAL_FIRST,2,0,3000.0,25,6,COW
112373433,washamba_base_v1_fork.py,56483603,0,BUY_ANIMAL_FIRST,2,0,3000.0,25,6,SHEEP
112373433,washamba_base_v1_fork.py,56483603,0,BUY_ANIMAL_FIRST,242,10,1718.0,50,12,GOOSE
112373433,washamba_base_v1_fork.py,56483603,0,CASH_TROUGH_MIN_D3_7,72,3,211.0,,6,min_money=211.0
112373433,washamba_base_v1_fork.py,56483603,0,DOMINANT_CROP_SHIFT_D3_TO_D9,,,,,,MELON->STRAWBERRY
112374191,w0_v15stack_control.py,56487592,0,BUY_LAND,151,6,907.0,25,8,
112374191,w0_v15stack_control.py,56487592,0,BUY_ANIMAL_FIRST,2,0,3000.0,25,6,COW
112374191,w0_v15stack_control.py,56487592,0,BUY_ANIMAL_FIRST,2,0,3000.0,25,6,SHEEP
112374191,w0_v15stack_control.py,56487592,0,BUY_ANIMAL_FIRST,242,10,1982.0,50,12,GOOSE
112374191,w0_v15stack_control.py,56487592,0,CASH_TROUGH_MIN_D3_7,72,3,222.0,,6,min_money=222.0
112374191,w0_v15stack_control.py,56487592,0,DOMINANT_CROP_SHIFT_D3_TO_D9,,,,,,MELON->STRAWBERRY
112374673,washamba_base_v1_fork.py,56483603,1,BUY_LAND,151,6,802.0,25,9,
112374673,washamba_base_v1_fork.py,56483603,1,BUY_ANIMAL_FIRST,2,0,3000.0,25,6,COW
112374673,washamba_base_v1_fork.py,56483603,1,BUY_ANIMAL_FIRST,2,0,3000.0,25,6,SHEEP
112374673,washamba_base_v1_fork.py,56483603,1,CASH_TROUGH_MIN_D3_7,72,3,197.0,,6,min_money=197.0
112374673,washamba_base_v1_fork.py,56483603,1,DOMINANT_CROP_SHIFT_D3_TO_D9,,,,,,MELON->STRAWBERRY
112375384,w0_v15stack_control.py,56487592,0,BUY_LAND,151,6,868.0,25,8,
112375384,w0_v15stack_control.py,56487592,0,BUY_ANIMAL_FIRST,2,0,3000.0,25,6,COW
112375384,w0_v15stack_control.py,56487592,0,BUY_ANIMAL_FIRST,2,0,3000.0,25,6,SHEEP
112375384,w0_v15stack_control.py,56487592,0,BUY_ANIMAL_FIRST,242,10,1827.0,50,12,GOOSE
112375384,w0_v15stack_control.py,56487592,0,CASH_TROUGH_MIN_D3_7,72,3,206.0,,6,min_money=206.0
112375384,w0_v15stack_control.py,56487592,0,DOMINANT_CROP_SHIFT_D3_TO_D9,,,,,,MELON->STRAWBERRY
112375915,washamba_base_v1_fork.py,56483603,0,BUY_LAND,151,6,787.0,25,9,
112375915,washamba_base_v1_fork.py,56483603,0,BUY_ANIMAL_FIRST,2,0,3000.0,25,6,COW
112375915,washamba_base_v1_fork.py,56483603,0,BUY_ANIMAL_FIRST,2,0,3000.0,25,6,SHEEP
112375915,washamba_base_v1_fork.py,56483603,0,CASH_TROUGH_MIN_D3_7,72,3,214.0,,6,min_money=214.0
112375915,washamba_base_v1_fork.py,56483603,0,DOMINANT_CROP_SHIFT_D3_TO_D9,,,,,,MELON->STRAWBERRY
112376532,w0_v15stack_control.py,56487592,0,BUY_LAND,151,6,865.0,25,8,
112376532,w0_v15stack_control.py,56487592,0,BUY_ANIMAL_FIRST,2,0,3000.0,25,6,COW
112376532,w0_v15stack_control.py,56487592,0,BUY_ANIMAL_FIRST,2,0,3000.0,25,6,SHEEP
112376532,w0_v15stack_control.py,56487592,0,BUY_ANIMAL_FIRST,151,6,865.0,25,8,GOOSE
112376532,w0_v15stack_control.py,56487592,0,CASH_TROUGH_MIN_D3_7,72,3,211.0,,6,min_money=211.0
112376532,w0_v15stack_control.py,56487592,0,DOMINANT_CROP_SHIFT_D3_TO_D9,,,,,,MELON->STRAWBERRY
112377083,washamba_base_v1_fork.py,56483603,0,BUY_LAND,151,6,784.0,25,8,
112377083,washamba_base_v1_fork.py,56483603,0,BUY_ANIMAL_FIRST,2,0,3000.0,25,6,COW
112377083,washamba_base_v1_fork.py,56483603,0,BUY_ANIMAL_FIRST,2,0,3000.0,25,6,SHEEP
112377083,washamba_base_v1_fork.py,56483603,0,BUY_ANIMAL_FIRST,242,10,1833.0,50,12,GOOSE
112377083,washamba_base_v1_fork.py,56483603,0,CASH_TROUGH_MIN_D3_7,72,3,211.0,,6,min_money=211.0
112377083,washamba_base_v1_fork.py,56483603,0,DOMINANT_CROP_SHIFT_D3_TO_D9,,,,,,MELON->STRAWBERRY
112377715,w0_v15stack_control.py,56487592,1,BUY_LAND,151,6,889.0,25,9,
112377715,w0_v15stack_control.py,56487592,1,BUY_ANIMAL_FIRST,2,0,3000.0,25,6,COW
112377715,w0_v15stack_control.py,56487592,1,BUY_ANIMAL_FIRST,2,0,3000.0,25,6,SHEEP
112377715,w0_v15stack_control.py,56487592,1,CASH_TROUGH_MIN_D3_7,72,3,194.0,,6,min_money=194.0
112377715,w0_v15stack_control.py,56487592,1,DOMINANT_CROP_SHIFT_D3_TO_D9,,,,,,MELON->STRAWBERRY
112378290,washamba_base_v1_fork.py,56483603,1,BUY_LAND,151,6,789.0,25,9,
112378290,washamba_base_v1_fork.py,56483603,1,BUY_ANIMAL_FIRST,2,0,3000.0,25,6,COW
112378290,washamba_base_v1_fork.py,56483603,1,BUY_ANIMAL_FIRST,2,0,3000.0,25,6,SHEEP
112378290,washamba_base_v1_fork.py,56483603,1,CASH_TROUGH_MIN_D3_7,72,3,214.0,,6,min_money=214.0
112378290,washamba_base_v1_fork.py,56483603,1,DOMINANT_CROP_SHIFT_D3_TO_D9,,,,,,MELON->STRAWBERRY
112378890,w0_v15stack_control.py,56487592,1,BUY_LAND,151,6,912.0,25,8,
112378890,w0_v15stack_control.py,56487592,1,BUY_ANIMAL_FIRST,2,0,3000.0,25,6,COW
112378890,w0_v15stack_control.py,56487592,1,BUY_ANIMAL_FIRST,2,0,3000.0,25,6,SHEEP
112378890,w0_v15stack_control.py,56487592,1,BUY_ANIMAL_FIRST,151,6,912.0,25,8,GOOSE
112378890,w0_v15stack_control.py,56487592,1,CASH_TROUGH_MIN_D3_7,72,3,216.0,,6,min_money=216.0
112378890,w0_v15stack_control.py,56487592,1,DOMINANT_CROP_SHIFT_D3_TO_D9,,,,,,MELON->STRAWBERRY
112379498,washamba_base_v1_fork.py,56483603,1,BUY_LAND,151,6,787.0,25,8,
112379498,washamba_base_v1_fork.py,56483603,1,BUY_ANIMAL_FIRST,2,0,3000.0,25,6,COW
112379498,washamba_base_v1_fork.py,56483603,1,BUY_ANIMAL_FIRST,2,0,3000.0,25,6,SHEEP
112379498,washamba_base_v1_fork.py,56483603,1,BUY_ANIMAL_FIRST,242,10,1836.0,50,12,GOOSE
112379498,washamba_base_v1_fork.py,56483603,1,CASH_TROUGH_MIN_D3_7,72,3,214.0,,6,min_money=214.0
112379498,washamba_base_v1_fork.py,56483603,1,DOMINANT_CROP_SHIFT_D3_TO_D9,,,,,,MELON->STRAWBERRY
112380066,w0_v15stack_control.py,56487592,0,BUY_LAND,151,6,892.0,25,8,
112380066,w0_v15stack_control.py,56487592,0,BUY_ANIMAL_FIRST,2,0,3000.0,25,6,COW
112380066,w0_v15stack_control.py,56487592,0,BUY_ANIMAL_FIRST,2,0,3000.0,25,6,SHEEP
112380066,w0_v15stack_control.py,56487592,0,BUY_ANIMAL_FIRST,242,10,1960.0,50,12,GOOSE
112380066,w0_v15stack_control.py,56487592,0,CASH_TROUGH_MIN_D3_7,72,3,203.0,,6,min_money=203.0
112380066,w0_v15stack_control.py,56487592,0,DOMINANT_CROP_SHIFT_D3_TO_D9,,,,,,MELON->STRAWBERRY
112380071,w0_v15stack_control.py,56487592,0,BUY_LAND,151,6,875.0,25,8,
112380071,w0_v15stack_control.py,56487592,0,BUY_ANIMAL_FIRST,2,0,3000.0,25,6,COW
112380071,w0_v15stack_control.py,56487592,0,BUY_ANIMAL_FIRST,2,0,3000.0,25,6,SHEEP
112380071,w0_v15stack_control.py,56487592,0,BUY_ANIMAL_FIRST,242,10,1595.0,50,12,GOOSE
112380071,w0_v15stack_control.py,56487592,0,CASH_TROUGH_MIN_D3_7,72,3,214.0,,6,min_money=214.0
112380071,w0_v15stack_control.py,56487592,0,DOMINANT_CROP_SHIFT_D3_TO_D9,,,,,,MELON->STRAWBERRY
112380682,washamba_base_v1_fork.py,56483603,1,BUY_LAND,151,6,787.0,25,8,
112380682,washamba_base_v1_fork.py,56483603,1,BUY_ANIMAL_FIRST,2,0,3000.0,25,6,COW
112380682,washamba_base_v1_fork.py,56483603,1,BUY_ANIMAL_FIRST,2,0,3000.0,25,6,SHEEP
112380682,washamba_base_v1_fork.py,56483603,1,BUY_ANIMAL_FIRST,151,6,787.0,25,8,GOOSE
112380682,washamba_base_v1_fork.py,56483603,1,CASH_TROUGH_MIN_D3_7,72,3,214.0,,6,min_money=214.0
112380682,washamba_base_v1_fork.py,56483603,1,DOMINANT_CROP_SHIFT_D3_TO_D9,,,,,,MELON->STRAWBERRY
112381246,w0_v15stack_control.py,56487592,0,BUY_LAND,151,6,901.0,25,8,
112381246,w0_v15stack_control.py,56487592,0,BUY_ANIMAL_FIRST,2,0,3000.0,25,6,COW
112381246,w0_v15stack_control.py,56487592,0,BUY_ANIMAL_FIRST,2,0,3000.0,25,6,SHEEP
112381246,w0_v15stack_control.py,56487592,0,BUY_ANIMAL_FIRST,242,10,1831.0,50,12,GOOSE
112381246,w0_v15stack_control.py,56487592,0,CASH_TROUGH_MIN_D3_7,72,3,206.0,,6,min_money=206.0
112381246,w0_v15stack_control.py,56487592,0,DOMINANT_CROP_SHIFT_D3_TO_D9,,,,,,MELON->STRAWBERRY
112381890,washamba_base_v1_fork.py,56483603,0,BUY_LAND,151,6,784.0,25,9,
112381890,washamba_base_v1_fork.py,56483603,0,BUY_ANIMAL_FIRST,2,0,3000.0,25,6,COW
112381890,washamba_base_v1_fork.py,56483603,0,BUY_ANIMAL_FIRST,2,0,3000.0,25,6,SHEEP
112381890,washamba_base_v1_fork.py,56483603,0,CASH_TROUGH_MIN_D3_7,72,3,211.0,,6,min_money=211.0
112381890,washamba_base_v1_fork.py,56483603,0,DOMINANT_CROP_SHIFT_D3_TO_D9,,,,,,MELON->STRAWBERRY
112382416,w0_v15stack_control.py,56487592,1,BUY_LAND,151,6,879.0,25,8,
112382416,w0_v15stack_control.py,56487592,1,BUY_ANIMAL_FIRST,2,0,3000.0,25,6,COW
112382416,w0_v15stack_control.py,56487592,1,BUY_ANIMAL_FIRST,2,0,3000.0,25,6,SHEEP
112382416,w0_v15stack_control.py,56487592,1,BUY_ANIMAL_FIRST,151,6,879.0,25,8,GOOSE
112382416,w0_v15stack_control.py,56487592,1,CASH_TROUGH_MIN_D3_7,72,3,214.0,,6,min_money=214.0
112382416,w0_v15stack_control.py,56487592,1,DOMINANT_CROP_SHIFT_D3_TO_D9,,,,,,MELON->STRAWBERRY
112383075,washamba_base_v1_fork.py,56483603,1,BUY_LAND,151,6,784.0,25,8,
112383075,washamba_base_v1_fork.py,56483603,1,BUY_ANIMAL_FIRST,2,0,3000.0,25,6,COW
112383075,washamba_base_v1_fork.py,56483603,1,BUY_ANIMAL_FIRST,2,0,3000.0,25,6,SHEEP
112383075,washamba_base_v1_fork.py,56483603,1,BUY_ANIMAL_FIRST,151,6,784.0,25,8,GOOSE
112383075,washamba_base_v1_fork.py,56483603,1,CASH_TROUGH_MIN_D3_7,72,3,211.0,,6,min_money=211.0
112383075,washamba_base_v1_fork.py,56483603,1,DOMINANT_CROP_SHIFT_D3_TO_D9,,,,,,MELON->STRAWBERRY
112383587,w0_v15stack_control.py,56487592,0,BUY_LAND,151,6,875.0,25,8,
112383587,w0_v15stack_control.py,56487592,0,BUY_ANIMAL_FIRST,2,0,3000.0,25,6,COW
112383587,w0_v15stack_control.py,56487592,0,BUY_ANIMAL_FIRST,2,0,3000.0,25,6,SHEEP
112383587,w0_v15stack_control.py,56487592,0,CASH_TROUGH_MIN_D3_7,72,3,211.0,,6,min_money=211.0
112383587,w0_v15stack_control.py,56487592,0,DOMINANT_CROP_SHIFT_D3_TO_D9,,,,,,MELON->STRAWBERRY
112384138,washamba_base_v1_fork.py,56483603,0,BUY_LAND,151,6,788.0,25,8,
112384138,washamba_base_v1_fork.py,56483603,0,BUY_ANIMAL_FIRST,2,0,3000.0,25,6,COW
112384138,washamba_base_v1_fork.py,56483603,0,BUY_ANIMAL_FIRST,2,0,3000.0,25,6,SHEEP
112384138,washamba_base_v1_fork.py,56483603,0,BUY_ANIMAL_FIRST,242,10,1375.0,50,12,GOOSE
112384138,washamba_base_v1_fork.py,56483603,0,CASH_TROUGH_MIN_D3_7,72,3,214.0,,6,min_money=214.0
112384138,washamba_base_v1_fork.py,56483603,0,DOMINANT_CROP_SHIFT_D3_TO_D9,,,,,,MELON->STRAWBERRY
112384252,washamba_base_v1_fork.py,56483603,1,BUY_LAND,151,6,787.0,25,8,
112384252,washamba_base_v1_fork.py,56483603,1,BUY_ANIMAL_FIRST,2,0,3000.0,25,6,COW
112384252,washamba_base_v1_fork.py,56483603,1,BUY_ANIMAL_FIRST,2,0,3000.0,25,6,SHEEP
112384252,washamba_base_v1_fork.py,56483603,1,BUY_ANIMAL_FIRST,242,10,1827.0,50,12,GOOSE
112384252,washamba_base_v1_fork.py,56483603,1,CASH_TROUGH_MIN_D3_7,72,3,214.0,,6,min_money=214.0
112384252,washamba_base_v1_fork.py,56483603,1,DOMINANT_CROP_SHIFT_D3_TO_D9,,,,,,MELON->STRAWBERRY
112384785,w0_v15stack_control.py,56487592,0,BUY_LAND,151,6,877.0,25,8,
112384785,w0_v15stack_control.py,56487592,0,BUY_ANIMAL_FIRST,2,0,3000.0,25,6,COW
112384785,w0_v15stack_control.py,56487592,0,BUY_ANIMAL_FIRST,2,0,3000.0,25,6,SHEEP
112384785,w0_v15stack_control.py,56487592,0,BUY_ANIMAL_FIRST,242,10,1842.0,50,12,GOOSE
112384785,w0_v15stack_control.py,56487592,0,CASH_TROUGH_MIN_D3_7,72,3,214.0,,6,min_money=214.0
112384785,w0_v15stack_control.py,56487592,0,DOMINANT_CROP_SHIFT_D3_TO_D9,,,,,,MELON->STRAWBERRY
112385420,washamba_base_v1_fork.py,56483603,1,BUY_LAND,151,6,787.0,25,8,
112385420,washamba_base_v1_fork.py,56483603,1,BUY_ANIMAL_FIRST,2,0,3000.0,25,6,COW
112385420,washamba_base_v1_fork.py,56483603,1,BUY_ANIMAL_FIRST,2,0,3000.0,25,6,SHEEP
112385420,washamba_base_v1_fork.py,56483603,1,BUY_ANIMAL_FIRST,242,10,1713.0,50,12,GOOSE
112385420,washamba_base_v1_fork.py,56483603,1,CASH_TROUGH_MIN_D3_7,72,3,214.0,,6,min_money=214.0
112385420,washamba_base_v1_fork.py,56483603,1,DOMINANT_CROP_SHIFT_D3_TO_D9,,,,,,MELON->STRAWBERRY
112385960,w0_v15stack_control.py,56487592,0,BUY_LAND,151,6,872.0,25,8,
112385960,w0_v15stack_control.py,56487592,0,BUY_ANIMAL_FIRST,2,0,3000.0,25,6,COW
112385960,w0_v15stack_control.py,56487592,0,BUY_ANIMAL_FIRST,2,0,3000.0,25,6,SHEEP
112385960,w0_v15stack_control.py,56487592,0,BUY_ANIMAL_FIRST,242,10,1830.0,50,12,GOOSE
112385960,w0_v15stack_control.py,56487592,0,CASH_TROUGH_MIN_D3_7,72,3,210.0,,6,min_money=210.0
112385960,w0_v15stack_control.py,56487592,0,DOMINANT_CROP_SHIFT_D3_TO_D9,,,,,,MELON->STRAWBERRY
112386620,washamba_base_v1_fork.py,56483603,0,BUY_LAND,151,6,788.0,25,8,
112386620,washamba_base_v1_fork.py,56483603,0,BUY_ANIMAL_FIRST,2,0,3000.0,25,6,COW
112386620,washamba_base_v1_fork.py,56483603,0,BUY_ANIMAL_FIRST,2,0,3000.0,25,6,SHEEP
112386620,washamba_base_v1_fork.py,56483603,0,BUY_ANIMAL_FIRST,151,6,788.0,25,8,GOOSE
112386620,washamba_base_v1_fork.py,56483603,0,CASH_TROUGH_MIN_D3_7,72,3,214.0,,6,min_money=214.0
112386620,washamba_base_v1_fork.py,56483603,0,DOMINANT_CROP_SHIFT_D3_TO_D9,,,,,,MELON->STRAWBERRY
112387191,w0_v15stack_control.py,56487592,1,BUY_LAND,151,6,875.0,25,8,
112387191,w0_v15stack_control.py,56487592,1,BUY_ANIMAL_FIRST,2,0,3000.0,25,6,COW
112387191,w0_v15stack_control.py,56487592,1,BUY_ANIMAL_FIRST,2,0,3000.0,25,6,SHEEP
112387191,w0_v15stack_control.py,56487592,1,CASH_TROUGH_MIN_D3_7,72,3,211.0,,6,min_money=211.0
112387191,w0_v15stack_control.py,56487592,1,DOMINANT_CROP_SHIFT_D3_TO_D9,,,,,,MELON->STRAWBERRY
112387803,washamba_base_v1_fork.py,56483603,0,BUY_LAND,151,6,787.0,25,8,
112387803,washamba_base_v1_fork.py,56483603,0,BUY_ANIMAL_FIRST,2,0,3000.0,25,6,COW
112387803,washamba_base_v1_fork.py,56483603,0,BUY_ANIMAL_FIRST,2,0,3000.0,25,6,SHEEP
112387803,washamba_base_v1_fork.py,56483603,0,BUY_ANIMAL_FIRST,151,6,787.0,25,8,GOOSE
112387803,washamba_base_v1_fork.py,56483603,0,CASH_TROUGH_MIN_D3_7,72,3,214.0,,6,min_money=214.0
112387803,washamba_base_v1_fork.py,56483603,0,DOMINANT_CROP_SHIFT_D3_TO_D9,,,,,,MELON->STRAWBERRY
112388374,w0_v15stack_control.py,56487592,0,BUY_LAND,151,6,875.0,25,8,
112388374,w0_v15stack_control.py,56487592,0,BUY_ANIMAL_FIRST,2,0,3000.0,25,6,COW
112388374,w0_v15stack_control.py,56487592,0,BUY_ANIMAL_FIRST,2,0,3000.0,25,6,SHEEP
112388374,w0_v15stack_control.py,56487592,0,BUY_ANIMAL_FIRST,242,10,1467.0,50,12,GOOSE
112388374,w0_v15stack_control.py,56487592,0,CASH_TROUGH_MIN_D3_7,72,3,214.0,,6,min_money=214.0
112388374,w0_v15stack_control.py,56487592,0,DOMINANT_CROP_SHIFT_D3_TO_D9,,,,,,MELON->STRAWBERRY
112388969,washamba_base_v1_fork.py,56483603,0,BUY_LAND,151,6,784.0,25,8,
112388969,washamba_base_v1_fork.py,56483603,0,BUY_ANIMAL_FIRST,2,0,3000.0,25,6,COW
112388969,washamba_base_v1_fork.py,56483603,0,BUY_ANIMAL_FIRST,2,0,3000.0,25,6,SHEEP
112388969,washamba_base_v1_fork.py,56483603,0,BUY_ANIMAL_FIRST,151,6,784.0,25,8,GOOSE
112388969,washamba_base_v1_fork.py,56483603,0,CASH_TROUGH_MIN_D3_7,72,3,211.0,,6,min_money=211.0
112388969,washamba_base_v1_fork.py,56483603,0,DOMINANT_CROP_SHIFT_D3_TO_D9,,,,,,MELON->STRAWBERRY
112389635,w0_v15stack_control.py,56487592,1,BUY_LAND,151,6,879.0,25,9,
112389635,w0_v15stack_control.py,56487592,1,BUY_ANIMAL_FIRST,2,0,3000.0,25,6,COW
112389635,w0_v15stack_control.py,56487592,1,BUY_ANIMAL_FIRST,2,0,3000.0,25,6,SHEEP
112389635,w0_v15stack_control.py,56487592,1,CASH_TROUGH_MIN_D3_7,72,3,214.0,,6,min_money=214.0
112389635,w0_v15stack_control.py,56487592,1,DOMINANT_CROP_SHIFT_D3_TO_D9,,,,,,MELON->STRAWBERRY
112390210,washamba_base_v1_fork.py,56483603,1,BUY_LAND,151,6,784.0,25,8,
112390210,washamba_base_v1_fork.py,56483603,1,BUY_ANIMAL_FIRST,2,0,3000.0,25,6,COW
112390210,washamba_base_v1_fork.py,56483603,1,BUY_ANIMAL_FIRST,2,0,3000.0,25,6,SHEEP
112390210,washamba_base_v1_fork.py,56483603,1,BUY_ANIMAL_FIRST,242,10,1718.0,50,12,GOOSE
112390210,washamba_base_v1_fork.py,56483603,1,CASH_TROUGH_MIN_D3_7,72,3,211.0,,6,min_money=211.0
112390210,washamba_base_v1_fork.py,56483603,1,DOMINANT_CROP_SHIFT_D3_TO_D9,,,,,,MELON->STRAWBERRY
112390797,w0_v15stack_control.py,56487592,1,BUY_LAND,151,6,876.0,25,8,
112390797,w0_v15stack_control.py,56487592,1,BUY_ANIMAL_FIRST,2,0,3000.0,25,6,COW
112390797,w0_v15stack_control.py,56487592,1,BUY_ANIMAL_FIRST,2,0,3000.0,25,6,SHEEP
112390797,w0_v15stack_control.py,56487592,1,BUY_ANIMAL_FIRST,242,10,1612.0,50,12,GOOSE
112390797,w0_v15stack_control.py,56487592,1,CASH_TROUGH_MIN_D3_7,72,3,214.0,,6,min_money=214.0
112390797,w0_v15stack_control.py,56487592,1,DOMINANT_CROP_SHIFT_D3_TO_D9,,,,,,MELON->STRAWBERRY
112391394,washamba_base_v1_fork.py,56483603,0,BUY_LAND,151,6,787.0,25,8,
112391394,washamba_base_v1_fork.py,56483603,0,BUY_ANIMAL_FIRST,2,0,3000.0,25,6,COW
112391394,washamba_base_v1_fork.py,56483603,0,BUY_ANIMAL_FIRST,2,0,3000.0,25,6,SHEEP
112391394,washamba_base_v1_fork.py,56483603,0,BUY_ANIMAL_FIRST,242,10,1480.0,50,12,GOOSE
112391394,washamba_base_v1_fork.py,56483603,0,CASH_TROUGH_MIN_D3_7,72,3,214.0,,6,min_money=214.0
112391394,washamba_base_v1_fork.py,56483603,0,DOMINANT_CROP_SHIFT_D3_TO_D9,,,,,,MELON->STRAWBERRY
112392047,w0_v15stack_control.py,56487592,1,BUY_LAND,151,6,879.0,25,9,
112392047,w0_v15stack_control.py,56487592,1,BUY_ANIMAL_FIRST,2,0,3000.0,25,6,COW
112392047,w0_v15stack_control.py,56487592,1,BUY_ANIMAL_FIRST,2,0,3000.0,25,6,SHEEP
112392047,w0_v15stack_control.py,56487592,1,CASH_TROUGH_MIN_D3_7,72,3,214.0,,6,min_money=214.0
112392047,w0_v15stack_control.py,56487592,1,DOMINANT_CROP_SHIFT_D3_TO_D9,,,,,,MELON->STRAWBERRY
112392172,w0_v15stack_control.py,56487592,0,BUY_LAND,151,6,876.0,25,9,
112392172,w0_v15stack_control.py,56487592,0,BUY_ANIMAL_FIRST,2,0,3000.0,25,6,COW
112392172,w0_v15stack_control.py,56487592,0,BUY_ANIMAL_FIRST,2,0,3000.0,25,6,SHEEP
112392172,w0_v15stack_control.py,56487592,0,CASH_TROUGH_MIN_D3_7,72,3,214.0,,6,min_money=214.0
112392172,w0_v15stack_control.py,56487592,0,DOMINANT_CROP_SHIFT_D3_TO_D9,,,,,,MELON->STRAWBERRY
112392585,washamba_base_v1_fork.py,56483603,0,BUY_LAND,151,6,784.0,25,8,
112392585,washamba_base_v1_fork.py,56483603,0,BUY_ANIMAL_FIRST,2,0,3000.0,25,6,COW
112392585,washamba_base_v1_fork.py,56483603,0,BUY_ANIMAL_FIRST,2,0,3000.0,25,6,SHEEP
112392585,washamba_base_v1_fork.py,56483603,0,BUY_ANIMAL_FIRST,242,10,1327.0,50,12,GOOSE
112392585,washamba_base_v1_fork.py,56483603,0,CASH_TROUGH_MIN_D3_7,72,3,211.0,,6,min_money=211.0
112392585,washamba_base_v1_fork.py,56483603,0,DOMINANT_CROP_SHIFT_D3_TO_D9,,,,,,MELON->STRAWBERRY
112393215,w0_v15stack_control.py,56487592,1,BUY_LAND,151,6,879.0,25,8,
112393215,w0_v15stack_control.py,56487592,1,BUY_ANIMAL_FIRST,2,0,3000.0,25,6,COW
112393215,w0_v15stack_control.py,56487592,1,BUY_ANIMAL_FIRST,2,0,3000.0,25,6,SHEEP
112393215,w0_v15stack_control.py,56487592,1,BUY_ANIMAL_FIRST,242,10,1564.0,50,12,GOOSE
112393215,w0_v15stack_control.py,56487592,1,CASH_TROUGH_MIN_D3_7,72,3,214.0,,6,min_money=214.0
112393215,w0_v15stack_control.py,56487592,1,DOMINANT_CROP_SHIFT_D3_TO_D9,,,,,,MELON->STRAWBERRY
112393775,washamba_base_v1_fork.py,56483603,0,BUY_LAND,151,6,784.0,25,8,
112393775,washamba_base_v1_fork.py,56483603,0,BUY_ANIMAL_FIRST,2,0,3000.0,25,6,COW
112393775,washamba_base_v1_fork.py,56483603,0,BUY_ANIMAL_FIRST,2,0,3000.0,25,6,SHEEP
112393775,washamba_base_v1_fork.py,56483603,0,BUY_ANIMAL_FIRST,242,10,1476.0,50,12,GOOSE
112393775,washamba_base_v1_fork.py,56483603,0,CASH_TROUGH_MIN_D3_7,72,3,211.0,,6,min_money=211.0
112393775,washamba_base_v1_fork.py,56483603,0,DOMINANT_CROP_SHIFT_D3_TO_D9,,,,,,MELON->STRAWBERRY
112393957,w0_v15stack_control.py,56487592,0,BUY_LAND,151,6,877.0,25,9,
112393957,w0_v15stack_control.py,56487592,0,BUY_ANIMAL_FIRST,2,0,3000.0,25,6,COW
112393957,w0_v15stack_control.py,56487592,0,BUY_ANIMAL_FIRST,2,0,3000.0,25,6,SHEEP
112393957,w0_v15stack_control.py,56487592,0,CASH_TROUGH_MIN_D3_7,72,3,214.0,,6,min_money=214.0
112393957,w0_v15stack_control.py,56487592,0,DOMINANT_CROP_SHIFT_D3_TO_D9,,,,,,MELON->STRAWBERRY
112394467,w0_v15stack_control.py,56487592,0,BUY_LAND,151,6,874.0,25,8,
112394467,w0_v15stack_control.py,56487592,0,BUY_ANIMAL_FIRST,2,0,3000.0,25,6,COW
112394467,w0_v15stack_control.py,56487592,0,BUY_ANIMAL_FIRST,2,0,3000.0,25,6,SHEEP
112394467,w0_v15stack_control.py,56487592,0,BUY_ANIMAL_FIRST,151,6,874.0,25,8,GOOSE
112394467,w0_v15stack_control.py,56487592,0,CASH_TROUGH_MIN_D3_7,72,3,214.0,,6,min_money=214.0
112394467,w0_v15stack_control.py,56487592,0,DOMINANT_CROP_SHIFT_D3_TO_D9,,,,,,MELON->STRAWBERRY
112395133,washamba_base_v1_fork.py,56483603,1,BUY_LAND,151,6,786.0,25,8,
112395133,washamba_base_v1_fork.py,56483603,1,BUY_ANIMAL_FIRST,2,0,3000.0,25,6,COW
112395133,washamba_base_v1_fork.py,56483603,1,BUY_ANIMAL_FIRST,2,0,3000.0,25,6,SHEEP
112395133,washamba_base_v1_fork.py,56483603,1,BUY_ANIMAL_FIRST,242,10,1742.0,50,12,GOOSE
112395133,washamba_base_v1_fork.py,56483603,1,CASH_TROUGH_MIN_D3_7,72,3,211.0,,6,min_money=211.0
112395133,washamba_base_v1_fork.py,56483603,1,DOMINANT_CROP_SHIFT_D3_TO_D9,,,,,,MELON->STRAWBERRY
112395565,w0_v15stack_control.py,56487592,0,BUY_LAND,151,6,875.0,25,8,
112395565,w0_v15stack_control.py,56487592,0,BUY_ANIMAL_FIRST,2,0,3000.0,25,6,COW
112395565,w0_v15stack_control.py,56487592,0,BUY_ANIMAL_FIRST,2,0,3000.0,25,6,SHEEP
112395565,w0_v15stack_control.py,56487592,0,BUY_ANIMAL_FIRST,151,6,875.0,25,8,GOOSE
112395565,w0_v15stack_control.py,56487592,0,CASH_TROUGH_MIN_D3_7,72,3,214.0,,6,min_money=214.0
112395565,w0_v15stack_control.py,56487592,0,DOMINANT_CROP_SHIFT_D3_TO_D9,,,,,,MELON->STRAWBERRY
112396791,w0_v15stack_control.py,56487592,0,BUY_LAND,151,6,874.0,25,8,
112396791,w0_v15stack_control.py,56487592,0,BUY_ANIMAL_FIRST,2,0,3000.0,25,6,COW
112396791,w0_v15stack_control.py,56487592,0,BUY_ANIMAL_FIRST,2,0,3000.0,25,6,SHEEP
112396791,w0_v15stack_control.py,56487592,0,BUY_ANIMAL_FIRST,242,10,1806.0,50,12,GOOSE
112396791,w0_v15stack_control.py,56487592,0,CASH_TROUGH_MIN_D3_7,72,3,214.0,,6,min_money=214.0
112396791,w0_v15stack_control.py,56487592,0,DOMINANT_CROP_SHIFT_D3_TO_D9,,,,,,MELON->STRAWBERRY
112398030,w0_v15stack_control.py,56487592,1,BUY_LAND,151,6,872.0,25,8,
112398030,w0_v15stack_control.py,56487592,1,BUY_ANIMAL_FIRST,2,0,3000.0,25,6,COW
112398030,w0_v15stack_control.py,56487592,1,BUY_ANIMAL_FIRST,2,0,3000.0,25,6,SHEEP
112398030,w0_v15stack_control.py,56487592,1,BUY_ANIMAL_FIRST,242,10,1426.0,50,12,GOOSE
112398030,w0_v15stack_control.py,56487592,1,CASH_TROUGH_MIN_D3_7,72,3,208.0,,6,min_money=208.0
112398030,w0_v15stack_control.py,56487592,1,DOMINANT_CROP_SHIFT_D3_TO_D9,,,,,,MELON->STRAWBERRY
112399191,w0_v15stack_control.py,56487592,1,BUY_LAND,151,6,874.0,25,8,
112399191,w0_v15stack_control.py,56487592,1,BUY_ANIMAL_FIRST,2,0,3000.0,25,6,COW
112399191,w0_v15stack_control.py,56487592,1,BUY_ANIMAL_FIRST,2,0,3000.0,25,6,SHEEP
112399191,w0_v15stack_control.py,56487592,1,BUY_ANIMAL_FIRST,151,6,874.0,25,8,GOOSE
112399191,w0_v15stack_control.py,56487592,1,CASH_TROUGH_MIN_D3_7,72,3,214.0,,6,min_money=214.0
112399191,w0_v15stack_control.py,56487592,1,DOMINANT_CROP_SHIFT_D3_TO_D9,,,,,,MELON->STRAWBERRY
112400373,w0_v15stack_control.py,56487592,1,BUY_LAND,151,6,879.0,25,8,
112400373,w0_v15stack_control.py,56487592,1,BUY_ANIMAL_FIRST,2,0,3000.0,25,6,COW
112400373,w0_v15stack_control.py,56487592,1,BUY_ANIMAL_FIRST,2,0,3000.0,25,6,SHEEP
112400373,w0_v15stack_control.py,56487592,1,BUY_ANIMAL_FIRST,242,10,1808.0,50,12,GOOSE
112400373,w0_v15stack_control.py,56487592,1,CASH_TROUGH_MIN_D3_7,72,3,214.0,,6,min_money=214.0
112400373,w0_v15stack_control.py,56487592,1,DOMINANT_CROP_SHIFT_D3_TO_D9,,,,,,MELON->STRAWBERRY
112401687,w0_v15stack_control.py,56487592,1,BUY_LAND,151,6,875.0,25,9,
112401687,w0_v15stack_control.py,56487592,1,BUY_ANIMAL_FIRST,2,0,3000.0,25,6,COW
112401687,w0_v15stack_control.py,56487592,1,BUY_ANIMAL_FIRST,2,0,3000.0,25,6,SHEEP
112401687,w0_v15stack_control.py,56487592,1,CASH_TROUGH_MIN_D3_7,72,3,214.0,,6,min_money=214.0
112401687,w0_v15stack_control.py,56487592,1,DOMINANT_CROP_SHIFT_D3_TO_D9,,,,,,MELON->STRAWBERRY
112402860,w0_v15stack_control.py,56487592,1,BUY_LAND,151,6,876.0,25,9,
112402860,w0_v15stack_control.py,56487592,1,BUY_ANIMAL_FIRST,2,0,3000.0,25,6,COW
112402860,w0_v15stack_control.py,56487592,1,BUY_ANIMAL_FIRST,2,0,3000.0,25,6,SHEEP
112402860,w0_v15stack_control.py,56487592,1,CASH_TROUGH_MIN_D3_7,72,3,214.0,,6,min_money=214.0
112402860,w0_v15stack_control.py,56487592,1,DOMINANT_CROP_SHIFT_D3_TO_D9,,,,,,MELON->STRAWBERRY
112403565,washamba_base_v1_fork.py,56483603,1,BUY_LAND,151,6,787.0,25,8,
112403565,washamba_base_v1_fork.py,56483603,1,BUY_ANIMAL_FIRST,2,0,3000.0,25,6,COW
112403565,washamba_base_v1_fork.py,56483603,1,BUY_ANIMAL_FIRST,2,0,3000.0,25,6,SHEEP
112403565,washamba_base_v1_fork.py,56483603,1,BUY_ANIMAL_FIRST,242,10,1713.0,50,12,GOOSE
112403565,washamba_base_v1_fork.py,56483603,1,CASH_TROUGH_MIN_D3_7,72,3,214.0,,6,min_money=214.0
112403565,washamba_base_v1_fork.py,56483603,1,DOMINANT_CROP_SHIFT_D3_TO_D9,,,,,,MELON->STRAWBERRY
112404080,w0_v15stack_control.py,56487592,1,BUY_LAND,151,6,875.0,25,8,
112404080,w0_v15stack_control.py,56487592,1,BUY_ANIMAL_FIRST,2,0,3000.0,25,6,COW
112404080,w0_v15stack_control.py,56487592,1,BUY_ANIMAL_FIRST,2,0,3000.0,25,6,SHEEP
112404080,w0_v15stack_control.py,56487592,1,BUY_ANIMAL_FIRST,242,10,1841.0,50,12,GOOSE
112404080,w0_v15stack_control.py,56487592,1,CASH_TROUGH_MIN_D3_7,72,3,214.0,,6,min_money=214.0
112404080,w0_v15stack_control.py,56487592,1,DOMINANT_CROP_SHIFT_D3_TO_D9,,,,,,MELON->STRAWBERRY
112405282,w0_v15stack_control.py,56487592,0,BUY_LAND,151,6,876.0,25,8,
112405282,w0_v15stack_control.py,56487592,0,BUY_ANIMAL_FIRST,2,0,3000.0,25,6,COW
112405282,w0_v15stack_control.py,56487592,0,BUY_ANIMAL_FIRST,2,0,3000.0,25,6,SHEEP
112405282,w0_v15stack_control.py,56487592,0,BUY_ANIMAL_FIRST,151,6,876.0,25,8,GOOSE
112405282,w0_v15stack_control.py,56487592,0,CASH_TROUGH_MIN_D3_7,72,3,214.0,,6,min_money=214.0
112405282,w0_v15stack_control.py,56487592,0,DOMINANT_CROP_SHIFT_D3_TO_D9,,,,,,MELON->STRAWBERRY
112406501,w0_v15stack_control.py,56487592,0,BUY_LAND,151,6,876.0,25,8,
112406501,w0_v15stack_control.py,56487592,0,BUY_ANIMAL_FIRST,2,0,3000.0,25,6,COW
112406501,w0_v15stack_control.py,56487592,0,BUY_ANIMAL_FIRST,2,0,3000.0,25,6,SHEEP
112406501,w0_v15stack_control.py,56487592,0,BUY_ANIMAL_FIRST,151,6,876.0,25,8,GOOSE
112406501,w0_v15stack_control.py,56487592,0,CASH_TROUGH_MIN_D3_7,72,3,214.0,,6,min_money=214.0
112406501,w0_v15stack_control.py,56487592,0,DOMINANT_CROP_SHIFT_D3_TO_D9,,,,,,MELON->STRAWBERRY
112407042,washamba_base_v1_fork.py,56483603,1,BUY_LAND,151,6,787.0,25,8,
112407042,washamba_base_v1_fork.py,56483603,1,BUY_ANIMAL_FIRST,2,0,3000.0,25,6,COW
112407042,washamba_base_v1_fork.py,56483603,1,BUY_ANIMAL_FIRST,2,0,3000.0,25,6,SHEEP
112407042,washamba_base_v1_fork.py,56483603,1,BUY_ANIMAL_FIRST,151,6,787.0,25,8,GOOSE
112407042,washamba_base_v1_fork.py,56483603,1,CASH_TROUGH_MIN_D3_7,72,3,214.0,,6,min_money=214.0
112407042,washamba_base_v1_fork.py,56483603,1,DOMINANT_CROP_SHIFT_D3_TO_D9,,,,,,MELON->STRAWBERRY
112407693,w0_v15stack_control.py,56487592,0,BUY_LAND,151,6,879.0,25,8,
112407693,w0_v15stack_control.py,56487592,0,BUY_ANIMAL_FIRST,2,0,3000.0,25,6,COW
112407693,w0_v15stack_control.py,56487592,0,BUY_ANIMAL_FIRST,2,0,3000.0,25,6,SHEEP
112407693,w0_v15stack_control.py,56487592,0,BUY_ANIMAL_FIRST,151,6,879.0,25,8,GOOSE
112407693,w0_v15stack_control.py,56487592,0,CASH_TROUGH_MIN_D3_7,72,3,214.0,,6,min_money=214.0
112407693,w0_v15stack_control.py,56487592,0,DOMINANT_CROP_SHIFT_D3_TO_D9,,,,,,MELON->STRAWBERRY
112408891,w0_v15stack_control.py,56487592,1,BUY_LAND,151,6,874.0,25,8,
112408891,w0_v15stack_control.py,56487592,1,BUY_ANIMAL_FIRST,2,0,3000.0,25,6,COW
112408891,w0_v15stack_control.py,56487592,1,BUY_ANIMAL_FIRST,2,0,3000.0,25,6,SHEEP
112408891,w0_v15stack_control.py,56487592,1,BUY_ANIMAL_FIRST,242,10,1806.0,50,12,GOOSE
112408891,w0_v15stack_control.py,56487592,1,CASH_TROUGH_MIN_D3_7,72,3,214.0,,6,min_money=214.0
112408891,w0_v15stack_control.py,56487592,1,DOMINANT_CROP_SHIFT_D3_TO_D9,,,,,,MELON->STRAWBERRY
112410075,w0_v15stack_control.py,56487592,1,BUY_LAND,151,6,876.0,25,9,
112410075,w0_v15stack_control.py,56487592,1,BUY_ANIMAL_FIRST,2,0,3000.0,25,6,COW
112410075,w0_v15stack_control.py,56487592,1,BUY_ANIMAL_FIRST,2,0,3000.0,25,6,SHEEP
112410075,w0_v15stack_control.py,56487592,1,CASH_TROUGH_MIN_D3_7,72,3,214.0,,6,min_money=214.0
112410075,w0_v15stack_control.py,56487592,1,DOMINANT_CROP_SHIFT_D3_TO_D9,,,,,,MELON->STRAWBERRY
112411245,w0_v15stack_control.py,56487592,1,BUY_LAND,151,6,879.0,25,8,
112411245,w0_v15stack_control.py,56487592,1,BUY_ANIMAL_FIRST,2,0,3000.0,25,6,COW
112411245,w0_v15stack_control.py,56487592,1,BUY_ANIMAL_FIRST,2,0,3000.0,25,6,SHEEP
112411245,w0_v15stack_control.py,56487592,1,BUY_ANIMAL_FIRST,242,10,1808.0,50,12,GOOSE
112411245,w0_v15stack_control.py,56487592,1,CASH_TROUGH_MIN_D3_7,72,3,214.0,,6,min_money=214.0
112411245,w0_v15stack_control.py,56487592,1,DOMINANT_CROP_SHIFT_D3_TO_D9,,,,,,MELON->STRAWBERRY
112411521,washamba_base_v1_fork.py,56483603,0,BUY_LAND,151,6,759.0,25,8,
112411521,washamba_base_v1_fork.py,56483603,0,BUY_ANIMAL_FIRST,2,0,3000.0,25,6,COW
112411521,washamba_base_v1_fork.py,56483603,0,BUY_ANIMAL_FIRST,2,0,3000.0,25,6,SHEEP
112411521,washamba_base_v1_fork.py,56483603,0,BUY_ANIMAL_FIRST,151,6,759.0,25,8,GOOSE
112411521,washamba_base_v1_fork.py,56483603,0,CASH_TROUGH_MIN_D3_7,72,3,217.0,,6,min_money=217.0
112411521,washamba_base_v1_fork.py,56483603,0,DOMINANT_CROP_SHIFT_D3_TO_D9,,,,,,MELON->STRAWBERRY
112412435,w0_v15stack_control.py,56487592,0,BUY_LAND,151,6,878.0,25,8,
112412435,w0_v15stack_control.py,56487592,0,BUY_ANIMAL_FIRST,2,0,3000.0,25,6,COW
112412435,w0_v15stack_control.py,56487592,0,BUY_ANIMAL_FIRST,2,0,3000.0,25,6,SHEEP
112412435,w0_v15stack_control.py,56487592,0,CASH_TROUGH_MIN_D3_7,72,3,214.0,,6,min_money=214.0
112412435,w0_v15stack_control.py,56487592,0,DOMINANT_CROP_SHIFT_D3_TO_D9,,,,,,MELON->STRAWBERRY
112413657,w0_v15stack_control.py,56487592,1,BUY_LAND,151,6,879.0,25,8,
112413657,w0_v15stack_control.py,56487592,1,BUY_ANIMAL_FIRST,2,0,3000.0,25,6,COW
112413657,w0_v15stack_control.py,56487592,1,BUY_ANIMAL_FIRST,2,0,3000.0,25,6,SHEEP
112413657,w0_v15stack_control.py,56487592,1,BUY_ANIMAL_FIRST,242,10,1803.0,50,12,GOOSE
112413657,w0_v15stack_control.py,56487592,1,CASH_TROUGH_MIN_D3_7,72,3,214.0,,6,min_money=214.0
112413657,w0_v15stack_control.py,56487592,1,DOMINANT_CROP_SHIFT_D3_TO_D9,,,,,,MELON->STRAWBERRY
112414832,w0_v15stack_control.py,56487592,0,BUY_LAND,151,6,879.0,25,8,
112414832,w0_v15stack_control.py,56487592,0,BUY_ANIMAL_FIRST,2,0,3000.0,25,6,COW
112414832,w0_v15stack_control.py,56487592,0,BUY_ANIMAL_FIRST,2,0,3000.0,25,6,SHEEP
112414832,w0_v15stack_control.py,56487592,0,BUY_ANIMAL_FIRST,151,6,879.0,25,8,GOOSE
112414832,w0_v15stack_control.py,56487592,0,CASH_TROUGH_MIN_D3_7,72,3,214.0,,6,min_money=214.0
112414832,w0_v15stack_control.py,56487592,0,DOMINANT_CROP_SHIFT_D3_TO_D9,,,,,,MELON->STRAWBERRY
112415277,w0_v15stack_control.py,56487592,1,BUY_LAND,151,6,875.0,25,8,
112415277,w0_v15stack_control.py,56487592,1,BUY_ANIMAL_FIRST,2,0,3000.0,25,6,COW
112415277,w0_v15stack_control.py,56487592,1,BUY_ANIMAL_FIRST,2,0,3000.0,25,6,SHEEP
112415277,w0_v15stack_control.py,56487592,1,BUY_ANIMAL_FIRST,151,6,875.0,25,8,GOOSE
112415277,w0_v15stack_control.py,56487592,1,CASH_TROUGH_MIN_D3_7,72,3,214.0,,6,min_money=214.0
112415277,w0_v15stack_control.py,56487592,1,DOMINANT_CROP_SHIFT_D3_TO_D9,,,,,,MELON->STRAWBERRY
112416020,w0_v15stack_control.py,56487592,0,BUY_LAND,151,6,876.0,25,8,
112416020,w0_v15stack_control.py,56487592,0,BUY_ANIMAL_FIRST,2,0,3000.0,25,6,COW
112416020,w0_v15stack_control.py,56487592,0,BUY_ANIMAL_FIRST,2,0,3000.0,25,6,SHEEP
112416020,w0_v15stack_control.py,56487592,0,CASH_TROUGH_MIN_D3_7,72,3,214.0,,6,min_money=214.0
112416020,w0_v15stack_control.py,56487592,0,DOMINANT_CROP_SHIFT_D3_TO_D9,,,,,,MELON->STRAWBERRY
112416220,w0_v15stack_control.py,56487592,0,BUY_LAND,151,6,879.0,25,8,
112416220,w0_v15stack_control.py,56487592,0,BUY_ANIMAL_FIRST,2,0,3000.0,25,6,COW
112416220,w0_v15stack_control.py,56487592,0,BUY_ANIMAL_FIRST,2,0,3000.0,25,6,SHEEP
112416220,w0_v15stack_control.py,56487592,0,BUY_ANIMAL_FIRST,242,10,1564.0,50,12,GOOSE
112416220,w0_v15stack_control.py,56487592,0,CASH_TROUGH_MIN_D3_7,72,3,214.0,,6,min_money=214.0
112416220,w0_v15stack_control.py,56487592,0,DOMINANT_CROP_SHIFT_D3_TO_D9,,,,,,MELON->STRAWBERRY
112417197,w0_v15stack_control.py,56487592,0,BUY_LAND,151,6,875.0,25,8,
112417197,w0_v15stack_control.py,56487592,0,BUY_ANIMAL_FIRST,2,0,3000.0,25,6,COW
112417197,w0_v15stack_control.py,56487592,0,BUY_ANIMAL_FIRST,2,0,3000.0,25,6,SHEEP
112417197,w0_v15stack_control.py,56487592,0,BUY_ANIMAL_FIRST,151,6,875.0,25,8,GOOSE
112417197,w0_v15stack_control.py,56487592,0,CASH_TROUGH_MIN_D3_7,72,3,214.0,,6,min_money=214.0
112417197,w0_v15stack_control.py,56487592,0,DOMINANT_CROP_SHIFT_D3_TO_D9,,,,,,MELON->STRAWBERRY
112418232,washamba_base_v1_fork.py,56483603,1,BUY_LAND,151,6,786.0,25,8,
112418232,washamba_base_v1_fork.py,56483603,1,BUY_ANIMAL_FIRST,2,0,3000.0,25,6,COW
112418232,washamba_base_v1_fork.py,56483603,1,BUY_ANIMAL_FIRST,2,0,3000.0,25,6,SHEEP
112418232,washamba_base_v1_fork.py,56483603,1,CASH_TROUGH_MIN_D3_7,72,3,214.0,,6,min_money=214.0
112418232,washamba_base_v1_fork.py,56483603,1,DOMINANT_CROP_SHIFT_D3_TO_D9,,,,,,MELON->STRAWBERRY
112418339,washamba_base_v1_fork.py,56483603,0,BUY_LAND,151,6,789.0,25,9,
112418339,washamba_base_v1_fork.py,56483603,0,BUY_ANIMAL_FIRST,2,0,3000.0,25,6,COW
112418339,washamba_base_v1_fork.py,56483603,0,BUY_ANIMAL_FIRST,2,0,3000.0,25,6,SHEEP
112418339,washamba_base_v1_fork.py,56483603,0,CASH_TROUGH_MIN_D3_7,72,3,214.0,,6,min_money=214.0
112418339,washamba_base_v1_fork.py,56483603,0,DOMINANT_CROP_SHIFT_D3_TO_D9,,,,,,MELON->STRAWBERRY
112418414,w0_v15stack_control.py,56487592,1,BUY_LAND,151,6,878.0,25,8,
112418414,w0_v15stack_control.py,56487592,1,BUY_ANIMAL_FIRST,2,0,3000.0,25,6,COW
112418414,w0_v15stack_control.py,56487592,1,BUY_ANIMAL_FIRST,2,0,3000.0,25,6,SHEEP
112418414,w0_v15stack_control.py,56487592,1,CASH_TROUGH_MIN_D3_7,72,3,214.0,,6,min_money=214.0
112418414,w0_v15stack_control.py,56487592,1,DOMINANT_CROP_SHIFT_D3_TO_D9,,,,,,MELON->STRAWBERRY
112419429,washamba_base_v1_fork.py,56483603,0,BUY_LAND,151,6,787.0,25,8,
112419429,washamba_base_v1_fork.py,56483603,0,BUY_ANIMAL_FIRST,2,0,3000.0,25,6,COW
112419429,washamba_base_v1_fork.py,56483603,0,BUY_ANIMAL_FIRST,2,0,3000.0,25,6,SHEEP
112419429,washamba_base_v1_fork.py,56483603,0,BUY_ANIMAL_FIRST,151,6,787.0,25,8,GOOSE
112419429,washamba_base_v1_fork.py,56483603,0,CASH_TROUGH_MIN_D3_7,72,3,214.0,,6,min_money=214.0
112419429,washamba_base_v1_fork.py,56483603,0,DOMINANT_CROP_SHIFT_D3_TO_D9,,,,,,MELON->STRAWBERRY
112419644,w0_v15stack_control.py,56487592,0,BUY_LAND,151,6,879.0,25,8,
112419644,w0_v15stack_control.py,56487592,0,BUY_ANIMAL_FIRST,2,0,3000.0,25,6,COW
112419644,w0_v15stack_control.py,56487592,0,BUY_ANIMAL_FIRST,2,0,3000.0,25,6,SHEEP
112419644,w0_v15stack_control.py,56487592,0,BUY_ANIMAL_FIRST,151,6,879.0,25,8,GOOSE
112419644,w0_v15stack_control.py,56487592,0,CASH_TROUGH_MIN_D3_7,72,3,214.0,,6,min_money=214.0
112419644,w0_v15stack_control.py,56487592,0,DOMINANT_CROP_SHIFT_D3_TO_D9,,,,,,MELON->STRAWBERRY
112419679,washamba_base_v1_fork.py,56483603,1,BUY_LAND,151,6,789.0,25,9,
112419679,washamba_base_v1_fork.py,56483603,1,BUY_ANIMAL_FIRST,2,0,3000.0,25,6,COW
112419679,washamba_base_v1_fork.py,56483603,1,BUY_ANIMAL_FIRST,2,0,3000.0,25,6,SHEEP
112419679,washamba_base_v1_fork.py,56483603,1,CASH_TROUGH_MIN_D3_7,72,3,214.0,,6,min_money=214.0
112419679,washamba_base_v1_fork.py,56483603,1,DOMINANT_CROP_SHIFT_D3_TO_D9,,,,,,MELON->STRAWBERRY
112420863,w0_v15stack_control.py,56487592,1,BUY_LAND,151,6,875.0,25,8,
112420863,w0_v15stack_control.py,56487592,1,BUY_ANIMAL_FIRST,2,0,3000.0,25,6,COW
112420863,w0_v15stack_control.py,56487592,1,BUY_ANIMAL_FIRST,2,0,3000.0,25,6,SHEEP
112420863,w0_v15stack_control.py,56487592,1,BUY_ANIMAL_FIRST,242,10,1569.0,50,12,GOOSE
112420863,w0_v15stack_control.py,56487592,1,CASH_TROUGH_MIN_D3_7,72,3,211.0,,6,min_money=211.0
112420863,w0_v15stack_control.py,56487592,1,DOMINANT_CROP_SHIFT_D3_TO_D9,,,,,,MELON->STRAWBERRY
112421724,w1_v15stack_race44.py,56491123,1,BUY_LAND,151,6,907.0,25,8,
112421724,w1_v15stack_race44.py,56491123,1,BUY_ANIMAL_FIRST,2,0,3000.0,25,6,COW
112421724,w1_v15stack_race44.py,56491123,1,BUY_ANIMAL_FIRST,2,0,3000.0,25,6,SHEEP
112421724,w1_v15stack_race44.py,56491123,1,BUY_ANIMAL_FIRST,242,10,1761.0,50,12,GOOSE
112421724,w1_v15stack_race44.py,56491123,1,CASH_TROUGH_MIN_D3_7,72,3,224.0,,6,min_money=224.0
112421724,w1_v15stack_race44.py,56491123,1,DOMINANT_CROP_SHIFT_D3_TO_D9,,,,,,MELON->STRAWBERRY
112422036,w0_v15stack_control.py,56487592,0,BUY_LAND,151,6,879.0,25,9,
112422036,w0_v15stack_control.py,56487592,0,BUY_ANIMAL_FIRST,2,0,3000.0,25,6,COW
112422036,w0_v15stack_control.py,56487592,0,BUY_ANIMAL_FIRST,2,0,3000.0,25,6,SHEEP
112422036,w0_v15stack_control.py,56487592,0,CASH_TROUGH_MIN_D3_7,72,3,214.0,,6,min_money=214.0
112422036,w0_v15stack_control.py,56487592,0,DOMINANT_CROP_SHIFT_D3_TO_D9,,,,,,MELON->STRAWBERRY
112422899,w1_v15stack_race44.py,56491123,1,BUY_LAND,151,6,875.0,25,8,
112422899,w1_v15stack_race44.py,56491123,1,BUY_ANIMAL_FIRST,2,0,3000.0,25,6,COW
112422899,w1_v15stack_race44.py,56491123,1,BUY_ANIMAL_FIRST,2,0,3000.0,25,6,SHEEP
112422899,w1_v15stack_race44.py,56491123,1,BUY_ANIMAL_FIRST,242,10,1911.0,50,12,GOOSE
112422899,w1_v15stack_race44.py,56491123,1,CASH_TROUGH_MIN_D3_7,72,3,212.0,,6,min_money=212.0
112422899,w1_v15stack_race44.py,56491123,1,DOMINANT_CROP_SHIFT_D3_TO_D9,,,,,,MELON->STRAWBERRY
112423200,w0_v15stack_control.py,56487592,1,BUY_LAND,151,6,876.0,25,8,
112423200,w0_v15stack_control.py,56487592,1,BUY_ANIMAL_FIRST,2,0,3000.0,25,6,COW
112423200,w0_v15stack_control.py,56487592,1,BUY_ANIMAL_FIRST,2,0,3000.0,25,6,SHEEP
112423200,w0_v15stack_control.py,56487592,1,BUY_ANIMAL_FIRST,242,10,1458.0,50,12,GOOSE
112423200,w0_v15stack_control.py,56487592,1,CASH_TROUGH_MIN_D3_7,72,3,214.0,,6,min_money=214.0
112423200,w0_v15stack_control.py,56487592,1,DOMINANT_CROP_SHIFT_D3_TO_D9,,,,,,MELON->STRAWBERRY
112423214,w0_v15stack_control.py,56487592,1,BUY_LAND,151,6,879.0,25,8,
112423214,w0_v15stack_control.py,56487592,1,BUY_ANIMAL_FIRST,2,0,3000.0,25,6,COW
112423214,w0_v15stack_control.py,56487592,1,BUY_ANIMAL_FIRST,2,0,3000.0,25,6,SHEEP
112423214,w0_v15stack_control.py,56487592,1,BUY_ANIMAL_FIRST,242,10,1564.0,50,12,GOOSE
112423214,w0_v15stack_control.py,56487592,1,CASH_TROUGH_MIN_D3_7,72,3,214.0,,6,min_money=214.0
112423214,w0_v15stack_control.py,56487592,1,DOMINANT_CROP_SHIFT_D3_TO_D9,,,,,,MELON->STRAWBERRY
112424003,w1_v15stack_race44.py,56491123,0,BUY_LAND,151,6,894.0,25,8,
112424003,w1_v15stack_race44.py,56491123,0,BUY_ANIMAL_FIRST,2,0,3000.0,25,6,COW
112424003,w1_v15stack_race44.py,56491123,0,BUY_ANIMAL_FIRST,2,0,3000.0,25,6,SHEEP
112424003,w1_v15stack_race44.py,56491123,0,BUY_ANIMAL_FIRST,151,6,894.0,25,8,GOOSE
112424003,w1_v15stack_race44.py,56491123,0,CASH_TROUGH_MIN_D3_7,72,3,224.0,,6,min_money=224.0
112424003,w1_v15stack_race44.py,56491123,0,DOMINANT_CROP_SHIFT_D3_TO_D9,,,,,,MELON->STRAWBERRY
112424360,w0_v15stack_control.py,56487592,0,BUY_LAND,151,6,879.0,25,8,
112424360,w0_v15stack_control.py,56487592,0,BUY_ANIMAL_FIRST,2,0,3000.0,25,6,COW
112424360,w0_v15stack_control.py,56487592,0,BUY_ANIMAL_FIRST,2,0,3000.0,25,6,SHEEP
112424360,w0_v15stack_control.py,56487592,0,BUY_ANIMAL_FIRST,242,10,1808.0,50,12,GOOSE
112424360,w0_v15stack_control.py,56487592,0,CASH_TROUGH_MIN_D3_7,72,3,214.0,,6,min_money=214.0
112424360,w0_v15stack_control.py,56487592,0,DOMINANT_CROP_SHIFT_D3_TO_D9,,,,,,MELON->STRAWBERRY
112424734,w0_v15stack_control.py,56487592,1,BUY_LAND,151,6,879.0,25,8,
112424734,w0_v15stack_control.py,56487592,1,BUY_ANIMAL_FIRST,2,0,3000.0,25,6,COW
112424734,w0_v15stack_control.py,56487592,1,BUY_ANIMAL_FIRST,2,0,3000.0,25,6,SHEEP
112424734,w0_v15stack_control.py,56487592,1,BUY_ANIMAL_FIRST,242,10,1935.0,50,12,GOOSE
112424734,w0_v15stack_control.py,56487592,1,CASH_TROUGH_MIN_D3_7,72,3,214.0,,6,min_money=214.0
112424734,w0_v15stack_control.py,56487592,1,DOMINANT_CROP_SHIFT_D3_TO_D9,,,,,,MELON->STRAWBERRY
112425137,w1_v15stack_race44.py,56491123,1,BUY_LAND,151,6,890.0,25,8,
112425137,w1_v15stack_race44.py,56491123,1,BUY_ANIMAL_FIRST,2,0,3000.0,25,6,COW
112425137,w1_v15stack_race44.py,56491123,1,BUY_ANIMAL_FIRST,2,0,3000.0,25,6,SHEEP
112425137,w1_v15stack_race44.py,56491123,1,BUY_ANIMAL_FIRST,242,10,2065.0,50,12,GOOSE
112425137,w1_v15stack_race44.py,56491123,1,CASH_TROUGH_MIN_D3_7,72,3,224.0,,6,min_money=224.0
112425137,w1_v15stack_race44.py,56491123,1,DOMINANT_CROP_SHIFT_D3_TO_D9,,,,,,MELON->STRAWBERRY
112425555,w0_v15stack_control.py,56487592,0,BUY_LAND,151,6,878.0,25,9,
112425555,w0_v15stack_control.py,56487592,0,BUY_ANIMAL_FIRST,2,0,3000.0,25,6,COW
112425555,w0_v15stack_control.py,56487592,0,BUY_ANIMAL_FIRST,2,0,3000.0,25,6,SHEEP
112425555,w0_v15stack_control.py,56487592,0,CASH_TROUGH_MIN_D3_7,72,3,214.0,,6,min_money=214.0
112425555,w0_v15stack_control.py,56487592,0,DOMINANT_CROP_SHIFT_D3_TO_D9,,,,,,MELON->STRAWBERRY
112426291,w1_v15stack_race44.py,56491123,0,BUY_LAND,151,6,896.0,25,8,
112426291,w1_v15stack_race44.py,56491123,0,BUY_ANIMAL_FIRST,2,0,3000.0,25,6,COW
112426291,w1_v15stack_race44.py,56491123,0,BUY_ANIMAL_FIRST,2,0,3000.0,25,6,SHEEP
112426291,w1_v15stack_race44.py,56491123,0,BUY_ANIMAL_FIRST,242,10,1864.0,50,12,GOOSE
112426291,w1_v15stack_race44.py,56491123,0,CASH_TROUGH_MIN_D3_7,72,3,223.0,,6,min_money=223.0
112426291,w1_v15stack_race44.py,56491123,0,DOMINANT_CROP_SHIFT_D3_TO_D9,,,,,,MELON->STRAWBERRY
112426727,w0_v15stack_control.py,56487592,1,BUY_LAND,151,6,876.0,25,8,
112426727,w0_v15stack_control.py,56487592,1,BUY_ANIMAL_FIRST,2,0,3000.0,25,6,COW
112426727,w0_v15stack_control.py,56487592,1,BUY_ANIMAL_FIRST,2,0,3000.0,25,6,SHEEP
112426727,w0_v15stack_control.py,56487592,1,BUY_ANIMAL_FIRST,242,10,1839.0,50,12,GOOSE
112426727,w0_v15stack_control.py,56487592,1,CASH_TROUGH_MIN_D3_7,72,3,214.0,,6,min_money=214.0
112426727,w0_v15stack_control.py,56487592,1,DOMINANT_CROP_SHIFT_D3_TO_D9,,,,,,MELON->STRAWBERRY
112427441,w1_v15stack_race44.py,56491123,0,BUY_LAND,151,6,693.0,25,8,
112427441,w1_v15stack_race44.py,56491123,0,BUY_ANIMAL_FIRST,2,0,3000.0,25,6,COW
112427441,w1_v15stack_race44.py,56491123,0,BUY_ANIMAL_FIRST,2,0,3000.0,25,6,SHEEP
112427441,w1_v15stack_race44.py,56491123,0,BUY_ANIMAL_FIRST,242,10,392.0,50,12,GOOSE
112427441,w1_v15stack_race44.py,56491123,0,CASH_TROUGH_MIN_D3_7,96,4,346.0,,5,min_money=346.0
112427441,w1_v15stack_race44.py,56491123,0,DOMINANT_CROP_SHIFT_D3_TO_D9,,,,,,MELON->STRAWBERRY
112427890,w0_v15stack_control.py,56487592,1,BUY_LAND,151,6,879.0,25,9,
112427890,w0_v15stack_control.py,56487592,1,BUY_ANIMAL_FIRST,2,0,3000.0,25,6,COW
112427890,w0_v15stack_control.py,56487592,1,BUY_ANIMAL_FIRST,2,0,3000.0,25,6,SHEEP
112427890,w0_v15stack_control.py,56487592,1,CASH_TROUGH_MIN_D3_7,72,3,214.0,,6,min_money=214.0
112427890,w0_v15stack_control.py,56487592,1,DOMINANT_CROP_SHIFT_D3_TO_D9,,,,,,MELON->STRAWBERRY
112428643,w1_v15stack_race44.py,56491123,1,BUY_LAND,151,6,889.0,25,9,
112428643,w1_v15stack_race44.py,56491123,1,BUY_ANIMAL_FIRST,2,0,3000.0,25,6,COW
112428643,w1_v15stack_race44.py,56491123,1,BUY_ANIMAL_FIRST,2,0,3000.0,25,6,SHEEP
112428643,w1_v15stack_race44.py,56491123,1,CASH_TROUGH_MIN_D3_7,72,3,196.0,,6,min_money=196.0
112428643,w1_v15stack_race44.py,56491123,1,DOMINANT_CROP_SHIFT_D3_TO_D9,,,,,,MELON->STRAWBERRY
112429052,w0_v15stack_control.py,56487592,0,BUY_LAND,151,6,879.0,25,8,
112429052,w0_v15stack_control.py,56487592,0,BUY_ANIMAL_FIRST,2,0,3000.0,25,6,COW
112429052,w0_v15stack_control.py,56487592,0,BUY_ANIMAL_FIRST,2,0,3000.0,25,6,SHEEP
112429052,w0_v15stack_control.py,56487592,0,BUY_ANIMAL_FIRST,242,10,1806.0,50,12,GOOSE
112429052,w0_v15stack_control.py,56487592,0,CASH_TROUGH_MIN_D3_7,72,3,214.0,,6,min_money=214.0
112429052,w0_v15stack_control.py,56487592,0,DOMINANT_CROP_SHIFT_D3_TO_D9,,,,,,MELON->STRAWBERRY
112429817,w1_v15stack_race44.py,56491123,1,BUY_LAND,151,6,885.0,25,9,
112429817,w1_v15stack_race44.py,56491123,1,BUY_ANIMAL_FIRST,2,0,3000.0,25,6,COW
112429817,w1_v15stack_race44.py,56491123,1,BUY_ANIMAL_FIRST,2,0,3000.0,25,6,SHEEP
112429817,w1_v15stack_race44.py,56491123,1,CASH_TROUGH_MIN_D3_7,72,3,221.0,,6,min_money=221.0
112429817,w1_v15stack_race44.py,56491123,1,DOMINANT_CROP_SHIFT_D3_TO_D9,,,,,,MELON->STRAWBERRY
112430240,w0_v15stack_control.py,56487592,0,BUY_LAND,151,6,876.0,25,9,
112430240,w0_v15stack_control.py,56487592,0,BUY_ANIMAL_FIRST,2,0,3000.0,25,6,COW
112430240,w0_v15stack_control.py,56487592,0,BUY_ANIMAL_FIRST,2,0,3000.0,25,6,SHEEP
112430240,w0_v15stack_control.py,56487592,0,CASH_TROUGH_MIN_D3_7,72,3,214.0,,6,min_money=214.0
112430240,w0_v15stack_control.py,56487592,0,DOMINANT_CROP_SHIFT_D3_TO_D9,,,,,,MELON->STRAWBERRY
112431026,w1_v15stack_race44.py,56491123,1,BUY_LAND,151,6,878.0,25,8,
112431026,w1_v15stack_race44.py,56491123,1,BUY_ANIMAL_FIRST,2,0,3000.0,25,6,COW
112431026,w1_v15stack_race44.py,56491123,1,BUY_ANIMAL_FIRST,2,0,3000.0,25,6,SHEEP
112431026,w1_v15stack_race44.py,56491123,1,BUY_ANIMAL_FIRST,242,10,1851.0,50,12,GOOSE
112431026,w1_v15stack_race44.py,56491123,1,CASH_TROUGH_MIN_D3_7,72,3,216.0,,6,min_money=216.0
112431026,w1_v15stack_race44.py,56491123,1,DOMINANT_CROP_SHIFT_D3_TO_D9,,,,,,MELON->STRAWBERRY
112431316,w0_v15stack_control.py,56487592,1,BUY_LAND,151,6,876.0,25,9,
112431316,w0_v15stack_control.py,56487592,1,BUY_ANIMAL_FIRST,2,0,3000.0,25,6,COW
112431316,w0_v15stack_control.py,56487592,1,BUY_ANIMAL_FIRST,2,0,3000.0,25,6,SHEEP
112431316,w0_v15stack_control.py,56487592,1,CASH_TROUGH_MIN_D3_7,72,3,214.0,,6,min_money=214.0
112431316,w0_v15stack_control.py,56487592,1,DOMINANT_CROP_SHIFT_D3_TO_D9,,,,,,MELON->STRAWBERRY
112431367,w0_v15stack_control.py,56487592,1,BUY_LAND,151,6,876.0,25,9,
112431367,w0_v15stack_control.py,56487592,1,BUY_ANIMAL_FIRST,2,0,3000.0,25,6,COW
112431367,w0_v15stack_control.py,56487592,1,BUY_ANIMAL_FIRST,2,0,3000.0,25,6,SHEEP
112431367,w0_v15stack_control.py,56487592,1,CASH_TROUGH_MIN_D3_7,72,3,214.0,,6,min_money=214.0
112431367,w0_v15stack_control.py,56487592,1,DOMINANT_CROP_SHIFT_D3_TO_D9,,,,,,MELON->STRAWBERRY
112432205,w1_v15stack_race44.py,56491123,1,BUY_LAND,151,6,878.0,25,8,
112432205,w1_v15stack_race44.py,56491123,1,BUY_ANIMAL_FIRST,2,0,3000.0,25,6,COW
112432205,w1_v15stack_race44.py,56491123,1,BUY_ANIMAL_FIRST,2,0,3000.0,25,6,SHEEP
112432205,w1_v15stack_race44.py,56491123,1,BUY_ANIMAL_FIRST,242,10,1790.0,50,12,GOOSE
112432205,w1_v15stack_race44.py,56491123,1,CASH_TROUGH_MIN_D3_7,72,3,215.0,,6,min_money=215.0
112432205,w1_v15stack_race44.py,56491123,1,DOMINANT_CROP_SHIFT_D3_TO_D9,,,,,,MELON->STRAWBERRY
112432641,w0_v15stack_control.py,56487592,0,BUY_LAND,151,6,876.0,25,8,
112432641,w0_v15stack_control.py,56487592,0,BUY_ANIMAL_FIRST,2,0,3000.0,25,6,COW
112432641,w0_v15stack_control.py,56487592,0,BUY_ANIMAL_FIRST,2,0,3000.0,25,6,SHEEP
112432641,w0_v15stack_control.py,56487592,0,CASH_TROUGH_MIN_D3_7,72,3,214.0,,6,min_money=214.0
112432641,w0_v15stack_control.py,56487592,0,DOMINANT_CROP_SHIFT_D3_TO_D9,,,,,,MELON->STRAWBERRY
112432898,w0_v15stack_control.py,56487592,1,BUY_LAND,151,6,878.0,25,8,
112432898,w0_v15stack_control.py,56487592,1,BUY_ANIMAL_FIRST,2,0,3000.0,25,6,COW
112432898,w0_v15stack_control.py,56487592,1,BUY_ANIMAL_FIRST,2,0,3000.0,25,6,SHEEP
112432898,w0_v15stack_control.py,56487592,1,BUY_ANIMAL_FIRST,242,10,1582.0,50,12,GOOSE
112432898,w0_v15stack_control.py,56487592,1,CASH_TROUGH_MIN_D3_7,72,3,214.0,,6,min_money=214.0
112432898,w0_v15stack_control.py,56487592,1,DOMINANT_CROP_SHIFT_D3_TO_D9,,,,,,MELON->STRAWBERRY
112433461,w1_v15stack_race44.py,56491123,0,BUY_LAND,151,6,912.0,25,8,
112433461,w1_v15stack_race44.py,56491123,0,BUY_ANIMAL_FIRST,2,0,3000.0,25,6,COW
112433461,w1_v15stack_race44.py,56491123,0,BUY_ANIMAL_FIRST,2,0,3000.0,25,6,SHEEP
112433461,w1_v15stack_race44.py,56491123,0,CASH_TROUGH_MIN_D3_7,72,3,208.0,,6,min_money=208.0
112433461,w1_v15stack_race44.py,56491123,0,DOMINANT_CROP_SHIFT_D3_TO_D9,,,,,,MELON->STRAWBERRY
112433807,w0_v15stack_control.py,56487592,1,BUY_LAND,151,6,876.0,25,9,
112433807,w0_v15stack_control.py,56487592,1,BUY_ANIMAL_FIRST,2,0,3000.0,25,6,COW
112433807,w0_v15stack_control.py,56487592,1,BUY_ANIMAL_FIRST,2,0,3000.0,25,6,SHEEP
112433807,w0_v15stack_control.py,56487592,1,CASH_TROUGH_MIN_D3_7,72,3,214.0,,6,min_money=214.0
112433807,w0_v15stack_control.py,56487592,1,DOMINANT_CROP_SHIFT_D3_TO_D9,,,,,,MELON->STRAWBERRY
112434573,w1_v15stack_race44.py,56491123,0,BUY_LAND,151,6,899.0,25,9,
112434573,w1_v15stack_race44.py,56491123,0,BUY_ANIMAL_FIRST,2,0,3000.0,25,6,COW
112434573,w1_v15stack_race44.py,56491123,0,BUY_ANIMAL_FIRST,2,0,3000.0,25,6,SHEEP
112434573,w1_v15stack_race44.py,56491123,0,CASH_TROUGH_MIN_D3_7,72,3,203.0,,6,min_money=203.0
112434573,w1_v15stack_race44.py,56491123,0,DOMINANT_CROP_SHIFT_D3_TO_D9,,,,,,MELON->STRAWBERRY
112434754,w0_v15stack_control.py,56487592,1,BUY_LAND,151,6,876.0,25,9,
112434754,w0_v15stack_control.py,56487592,1,BUY_ANIMAL_FIRST,2,0,3000.0,25,6,COW
112434754,w0_v15stack_control.py,56487592,1,BUY_ANIMAL_FIRST,2,0,3000.0,25,6,SHEEP
112434754,w0_v15stack_control.py,56487592,1,CASH_TROUGH_MIN_D3_7,72,3,214.0,,6,min_money=214.0
112434754,w0_v15stack_control.py,56487592,1,DOMINANT_CROP_SHIFT_D3_TO_D9,,,,,,MELON->STRAWBERRY
112434955,w0_v15stack_control.py,56487592,1,BUY_LAND,151,6,876.0,25,9,
112434955,w0_v15stack_control.py,56487592,1,BUY_ANIMAL_FIRST,2,0,3000.0,25,6,COW
112434955,w0_v15stack_control.py,56487592,1,BUY_ANIMAL_FIRST,2,0,3000.0,25,6,SHEEP
112434955,w0_v15stack_control.py,56487592,1,CASH_TROUGH_MIN_D3_7,72,3,214.0,,6,min_money=214.0
112434955,w0_v15stack_control.py,56487592,1,DOMINANT_CROP_SHIFT_D3_TO_D9,,,,,,MELON->STRAWBERRY
112435639,w1_v15stack_race44.py,56491123,1,BUY_LAND,151,6,870.0,25,9,
112435639,w1_v15stack_race44.py,56491123,1,BUY_ANIMAL_FIRST,2,0,3000.0,25,6,COW
112435639,w1_v15stack_race44.py,56491123,1,BUY_ANIMAL_FIRST,2,0,3000.0,25,6,SHEEP
112435639,w1_v15stack_race44.py,56491123,1,CASH_TROUGH_MIN_D3_7,72,3,206.0,,6,min_money=206.0
112435639,w1_v15stack_race44.py,56491123,1,DOMINANT_CROP_SHIFT_D3_TO_D9,,,,,,MELON->STRAWBERRY
112436143,w0_v15stack_control.py,56487592,0,BUY_LAND,151,6,879.0,25,8,
112436143,w0_v15stack_control.py,56487592,0,BUY_ANIMAL_FIRST,2,0,3000.0,25,6,COW
112436143,w0_v15stack_control.py,56487592,0,BUY_ANIMAL_FIRST,2,0,3000.0,25,6,SHEEP
112436143,w0_v15stack_control.py,56487592,0,BUY_ANIMAL_FIRST,151,6,879.0,25,8,GOOSE
112436143,w0_v15stack_control.py,56487592,0,CASH_TROUGH_MIN_D3_7,72,3,214.0,,6,min_money=214.0
112436143,w0_v15stack_control.py,56487592,0,DOMINANT_CROP_SHIFT_D3_TO_D9,,,,,,MELON->STRAWBERRY
112437006,w1_v15stack_race44.py,56491123,0,BUY_LAND,151,6,863.0,25,8,
112437006,w1_v15stack_race44.py,56491123,0,BUY_ANIMAL_FIRST,2,0,3000.0,25,6,COW
112437006,w1_v15stack_race44.py,56491123,0,BUY_ANIMAL_FIRST,2,0,3000.0,25,6,SHEEP
112437006,w1_v15stack_race44.py,56491123,0,BUY_ANIMAL_FIRST,242,10,1878.0,50,12,GOOSE
112437006,w1_v15stack_race44.py,56491123,0,CASH_TROUGH_MIN_D3_7,72,3,216.0,,6,min_money=216.0
112437006,w1_v15stack_race44.py,56491123,0,DOMINANT_CROP_SHIFT_D3_TO_D9,,,,,,MELON->STRAWBERRY
112437420,w0_v15stack_control.py,56487592,1,BUY_LAND,151,6,874.0,25,8,
112437420,w0_v15stack_control.py,56487592,1,BUY_ANIMAL_FIRST,2,0,3000.0,25,6,COW
112437420,w0_v15stack_control.py,56487592,1,BUY_ANIMAL_FIRST,2,0,3000.0,25,6,SHEEP
112437420,w0_v15stack_control.py,56487592,1,BUY_ANIMAL_FIRST,242,10,1564.0,50,12,GOOSE
112437420,w0_v15stack_control.py,56487592,1,CASH_TROUGH_MIN_D3_7,72,3,214.0,,6,min_money=214.0
112437420,w0_v15stack_control.py,56487592,1,DOMINANT_CROP_SHIFT_D3_TO_D9,,,,,,MELON->STRAWBERRY
112438210,w1_v15stack_race44.py,56491123,1,BUY_LAND,151,6,865.0,25,8,
112438210,w1_v15stack_race44.py,56491123,1,BUY_ANIMAL_FIRST,2,0,3000.0,25,6,COW
112438210,w1_v15stack_race44.py,56491123,1,BUY_ANIMAL_FIRST,2,0,3000.0,25,6,SHEEP
112438210,w1_v15stack_race44.py,56491123,1,BUY_ANIMAL_FIRST,242,10,1968.0,50,12,GOOSE
112438210,w1_v15stack_race44.py,56491123,1,CASH_TROUGH_MIN_D3_7,72,3,217.0,,6,min_money=217.0
112438210,w1_v15stack_race44.py,56491123,1,DOMINANT_CROP_SHIFT_D3_TO_D9,,,,,,MELON->STRAWBERRY
112438643,w0_v15stack_control.py,56487592,0,BUY_LAND,151,6,879.0,25,8,
112438643,w0_v15stack_control.py,56487592,0,BUY_ANIMAL_FIRST,2,0,3000.0,25,6,COW
112438643,w0_v15stack_control.py,56487592,0,BUY_ANIMAL_FIRST,2,0,3000.0,25,6,SHEEP
112438643,w0_v15stack_control.py,56487592,0,BUY_ANIMAL_FIRST,151,6,879.0,25,8,GOOSE
112438643,w0_v15stack_control.py,56487592,0,CASH_TROUGH_MIN_D3_7,72,3,214.0,,6,min_money=214.0
112438643,w0_v15stack_control.py,56487592,0,DOMINANT_CROP_SHIFT_D3_TO_D9,,,,,,MELON->STRAWBERRY
112439486,w1_v15stack_race44.py,56491123,0,BUY_LAND,151,6,879.0,25,8,
112439486,w1_v15stack_race44.py,56491123,0,BUY_ANIMAL_FIRST,2,0,3000.0,25,6,COW
112439486,w1_v15stack_race44.py,56491123,0,BUY_ANIMAL_FIRST,2,0,3000.0,25,6,SHEEP
112439486,w1_v15stack_race44.py,56491123,0,BUY_ANIMAL_FIRST,242,10,1935.0,50,12,GOOSE
112439486,w1_v15stack_race44.py,56491123,0,CASH_TROUGH_MIN_D3_7,72,3,214.0,,6,min_money=214.0
112439486,w1_v15stack_race44.py,56491123,0,DOMINANT_CROP_SHIFT_D3_TO_D9,,,,,,MELON->STRAWBERRY
112439888,w0_v15stack_control.py,56487592,0,BUY_LAND,151,6,875.0,25,8,
112439888,w0_v15stack_control.py,56487592,0,BUY_ANIMAL_FIRST,2,0,3000.0,25,6,COW
112439888,w0_v15stack_control.py,56487592,0,BUY_ANIMAL_FIRST,2,0,3000.0,25,6,SHEEP
112439888,w0_v15stack_control.py,56487592,0,BUY_ANIMAL_FIRST,242,10,1841.0,50,12,GOOSE
112439888,w0_v15stack_control.py,56487592,0,CASH_TROUGH_MIN_D3_7,72,3,214.0,,6,min_money=214.0
112439888,w0_v15stack_control.py,56487592,0,DOMINANT_CROP_SHIFT_D3_TO_D9,,,,,,MELON->STRAWBERRY
112440651,w1_v15stack_race44.py,56491123,1,BUY_LAND,151,6,896.0,25,8,
112440651,w1_v15stack_race44.py,56491123,1,BUY_ANIMAL_FIRST,2,0,3000.0,25,6,COW
112440651,w1_v15stack_race44.py,56491123,1,BUY_ANIMAL_FIRST,2,0,3000.0,25,6,SHEEP
112440651,w1_v15stack_race44.py,56491123,1,BUY_ANIMAL_FIRST,151,6,896.0,25,8,GOOSE
112440651,w1_v15stack_race44.py,56491123,1,CASH_TROUGH_MIN_D3_7,72,3,203.0,,6,min_money=203.0
112440651,w1_v15stack_race44.py,56491123,1,DOMINANT_CROP_SHIFT_D3_TO_D9,,,,,,MELON->STRAWBERRY
112441052,w0_v15stack_control.py,56487592,0,BUY_LAND,151,6,879.0,25,8,
112441052,w0_v15stack_control.py,56487592,0,BUY_ANIMAL_FIRST,2,0,3000.0,25,6,COW
112441052,w0_v15stack_control.py,56487592,0,BUY_ANIMAL_FIRST,2,0,3000.0,25,6,SHEEP
112441052,w0_v15stack_control.py,56487592,0,BUY_ANIMAL_FIRST,242,10,1935.0,50,12,GOOSE
112441052,w0_v15stack_control.py,56487592,0,CASH_TROUGH_MIN_D3_7,72,3,214.0,,6,min_money=214.0
112441052,w0_v15stack_control.py,56487592,0,DOMINANT_CROP_SHIFT_D3_TO_D9,,,,,,MELON->STRAWBERRY
112441883,w1_v15stack_race44.py,56491123,1,BUY_LAND,151,6,892.0,25,8,
112441883,w1_v15stack_race44.py,56491123,1,BUY_ANIMAL_FIRST,2,0,3000.0,25,6,COW
112441883,w1_v15stack_race44.py,56491123,1,BUY_ANIMAL_FIRST,2,0,3000.0,25,6,SHEEP
112441883,w1_v15stack_race44.py,56491123,1,BUY_ANIMAL_FIRST,242,10,1824.0,50,12,GOOSE
112441883,w1_v15stack_race44.py,56491123,1,CASH_TROUGH_MIN_D3_7,72,3,197.0,,6,min_money=197.0
112441883,w1_v15stack_race44.py,56491123,1,DOMINANT_CROP_SHIFT_D3_TO_D9,,,,,,MELON->STRAWBERRY
112442268,w0_v15stack_control.py,56487592,1,BUY_LAND,151,6,876.0,25,9,
112442268,w0_v15stack_control.py,56487592,1,BUY_ANIMAL_FIRST,2,0,3000.0,25,6,COW
112442268,w0_v15stack_control.py,56487592,1,BUY_ANIMAL_FIRST,2,0,3000.0,25,6,SHEEP
112442268,w0_v15stack_control.py,56487592,1,CASH_TROUGH_MIN_D3_7,72,3,214.0,,6,min_money=214.0
112442268,w0_v15stack_control.py,56487592,1,DOMINANT_CROP_SHIFT_D3_TO_D9,,,,,,MELON->STRAWBERRY
112443159,w1_v15stack_race44.py,56491123,0,BUY_LAND,151,6,933.0,25,9,
112443159,w1_v15stack_race44.py,56491123,0,BUY_ANIMAL_FIRST,2,0,3000.0,25,6,COW
112443159,w1_v15stack_race44.py,56491123,0,BUY_ANIMAL_FIRST,2,0,3000.0,25,6,SHEEP
112443159,w1_v15stack_race44.py,56491123,0,CASH_TROUGH_MIN_D3_7,72,3,239.0,,6,min_money=239.0
112443159,w1_v15stack_race44.py,56491123,0,DOMINANT_CROP_SHIFT_D3_TO_D9,,,,,,MELON->STRAWBERRY
112443474,w0_v15stack_control.py,56487592,1,BUY_LAND,151,6,879.0,25,8,
112443474,w0_v15stack_control.py,56487592,1,BUY_ANIMAL_FIRST,2,0,3000.0,25,6,COW
112443474,w0_v15stack_control.py,56487592,1,BUY_ANIMAL_FIRST,2,0,3000.0,25,6,SHEEP
112443474,w0_v15stack_control.py,56487592,1,BUY_ANIMAL_FIRST,242,10,1808.0,50,12,GOOSE
112443474,w0_v15stack_control.py,56487592,1,CASH_TROUGH_MIN_D3_7,72,3,214.0,,6,min_money=214.0
112443474,w0_v15stack_control.py,56487592,1,DOMINANT_CROP_SHIFT_D3_TO_D9,,,,,,MELON->STRAWBERRY
112444288,w1_v15stack_race44.py,56491123,0,BUY_LAND,151,6,897.0,25,9,
112444288,w1_v15stack_race44.py,56491123,0,BUY_ANIMAL_FIRST,2,0,3000.0,25,6,COW
112444288,w1_v15stack_race44.py,56491123,0,BUY_ANIMAL_FIRST,2,0,3000.0,25,6,SHEEP
112444288,w1_v15stack_race44.py,56491123,0,CASH_TROUGH_MIN_D3_7,72,3,203.0,,6,min_money=203.0
112444288,w1_v15stack_race44.py,56491123,0,DOMINANT_CROP_SHIFT_D3_TO_D9,,,,,,MELON->STRAWBERRY
112444655,w0_v15stack_control.py,56487592,1,BUY_LAND,151,6,879.0,25,8,
112444655,w0_v15stack_control.py,56487592,1,BUY_ANIMAL_FIRST,2,0,3000.0,25,6,COW
112444655,w0_v15stack_control.py,56487592,1,BUY_ANIMAL_FIRST,2,0,3000.0,25,6,SHEEP
112444655,w0_v15stack_control.py,56487592,1,BUY_ANIMAL_FIRST,242,10,1933.0,50,12,GOOSE
112444655,w0_v15stack_control.py,56487592,1,CASH_TROUGH_MIN_D3_7,72,3,214.0,,6,min_money=214.0
112444655,w0_v15stack_control.py,56487592,1,DOMINANT_CROP_SHIFT_D3_TO_D9,,,,,,MELON->STRAWBERRY
112445432,w1_v15stack_race44.py,56491123,0,BUY_LAND,151,6,892.0,25,8,
112445432,w1_v15stack_race44.py,56491123,0,BUY_ANIMAL_FIRST,2,0,3000.0,25,6,COW
112445432,w1_v15stack_race44.py,56491123,0,BUY_ANIMAL_FIRST,2,0,3000.0,25,6,SHEEP
112445432,w1_v15stack_race44.py,56491123,0,BUY_ANIMAL_FIRST,242,10,1824.0,50,12,GOOSE
112445432,w1_v15stack_race44.py,56491123,0,CASH_TROUGH_MIN_D3_7,72,3,197.0,,6,min_money=197.0
112445432,w1_v15stack_race44.py,56491123,0,DOMINANT_CROP_SHIFT_D3_TO_D9,,,,,,MELON->STRAWBERRY
112445835,w0_v15stack_control.py,56487592,0,BUY_LAND,151,6,876.0,25,8,
112445835,w0_v15stack_control.py,56487592,0,BUY_ANIMAL_FIRST,2,0,3000.0,25,6,COW
112445835,w0_v15stack_control.py,56487592,0,BUY_ANIMAL_FIRST,2,0,3000.0,25,6,SHEEP
112445835,w0_v15stack_control.py,56487592,0,BUY_ANIMAL_FIRST,242,10,1854.0,50,12,GOOSE
112445835,w0_v15stack_control.py,56487592,0,CASH_TROUGH_MIN_D3_7,72,3,214.0,,6,min_money=214.0
112445835,w0_v15stack_control.py,56487592,0,DOMINANT_CROP_SHIFT_D3_TO_D9,,,,,,MELON->STRAWBERRY
112446601,w1_v15stack_race44.py,56491123,1,BUY_LAND,151,6,891.0,25,8,
112446601,w1_v15stack_race44.py,56491123,1,BUY_ANIMAL_FIRST,2,0,3000.0,25,6,COW
112446601,w1_v15stack_race44.py,56491123,1,BUY_ANIMAL_FIRST,2,0,3000.0,25,6,SHEEP
112446601,w1_v15stack_race44.py,56491123,1,BUY_ANIMAL_FIRST,242,10,1873.0,50,12,GOOSE
112446601,w1_v15stack_race44.py,56491123,1,CASH_TROUGH_MIN_D3_7,72,3,197.0,,6,min_money=197.0
112446601,w1_v15stack_race44.py,56491123,1,DOMINANT_CROP_SHIFT_D3_TO_D9,,,,,,MELON->STRAWBERRY
112447016,w0_v15stack_control.py,56487592,0,BUY_LAND,151,6,875.0,25,8,
112447016,w0_v15stack_control.py,56487592,0,BUY_ANIMAL_FIRST,2,0,3000.0,25,6,COW
112447016,w0_v15stack_control.py,56487592,0,BUY_ANIMAL_FIRST,2,0,3000.0,25,6,SHEEP
112447016,w0_v15stack_control.py,56487592,0,CASH_TROUGH_MIN_D3_7,72,3,210.0,,6,min_money=210.0
112447016,w0_v15stack_control.py,56487592,0,DOMINANT_CROP_SHIFT_D3_TO_D9,,,,,,MELON->STRAWBERRY
112447787,w1_v15stack_race44.py,56491123,0,BUY_LAND,151,6,891.0,25,8,
112447787,w1_v15stack_race44.py,56491123,0,BUY_ANIMAL_FIRST,2,0,3000.0,25,6,COW
112447787,w1_v15stack_race44.py,56491123,0,BUY_ANIMAL_FIRST,2,0,3000.0,25,6,SHEEP
112447787,w1_v15stack_race44.py,56491123,0,BUY_ANIMAL_FIRST,242,10,1932.0,50,12,GOOSE
112447787,w1_v15stack_race44.py,56491123,0,CASH_TROUGH_MIN_D3_7,72,3,197.0,,6,min_money=197.0
112447787,w1_v15stack_race44.py,56491123,0,DOMINANT_CROP_SHIFT_D3_TO_D9,,,,,,MELON->STRAWBERRY
112448201,w0_v15stack_control.py,56487592,1,BUY_LAND,151,6,878.0,25,8,
112448201,w0_v15stack_control.py,56487592,1,BUY_ANIMAL_FIRST,2,0,3000.0,25,6,COW
112448201,w0_v15stack_control.py,56487592,1,BUY_ANIMAL_FIRST,2,0,3000.0,25,6,SHEEP
112448201,w0_v15stack_control.py,56487592,1,BUY_ANIMAL_FIRST,242,10,1938.0,50,12,GOOSE
112448201,w0_v15stack_control.py,56487592,1,CASH_TROUGH_MIN_D3_7,72,3,214.0,,6,min_money=214.0
112448201,w0_v15stack_control.py,56487592,1,DOMINANT_CROP_SHIFT_D3_TO_D9,,,,,,MELON->STRAWBERRY
112448378,w0_v15stack_control.py,56487592,0,BUY_LAND,151,6,874.0,25,8,
112448378,w0_v15stack_control.py,56487592,0,BUY_ANIMAL_FIRST,2,0,3000.0,25,6,COW
112448378,w0_v15stack_control.py,56487592,0,BUY_ANIMAL_FIRST,2,0,3000.0,25,6,SHEEP
112448378,w0_v15stack_control.py,56487592,0,BUY_ANIMAL_FIRST,242,10,1578.0,50,12,GOOSE
112448378,w0_v15stack_control.py,56487592,0,CASH_TROUGH_MIN_D3_7,72,3,214.0,,6,min_money=214.0
112448378,w0_v15stack_control.py,56487592,0,DOMINANT_CROP_SHIFT_D3_TO_D9,,,,,,MELON->STRAWBERRY
112448530,w1_v15stack_race44.py,56491123,1,BUY_LAND,151,6,915.0,25,8,
112448530,w1_v15stack_race44.py,56491123,1,BUY_ANIMAL_FIRST,2,0,3000.0,25,6,COW
112448530,w1_v15stack_race44.py,56491123,1,BUY_ANIMAL_FIRST,2,0,3000.0,25,6,SHEEP
112448530,w1_v15stack_race44.py,56491123,1,BUY_ANIMAL_FIRST,242,10,1839.0,50,12,GOOSE
112448530,w1_v15stack_race44.py,56491123,1,CASH_TROUGH_MIN_D3_7,72,3,222.0,,6,min_money=222.0
112448530,w1_v15stack_race44.py,56491123,1,DOMINANT_CROP_SHIFT_D3_TO_D9,,,,,,MELON->STRAWBERRY
112448968,w1_v15stack_race44.py,56491123,0,BUY_LAND,151,6,933.0,25,9,
112448968,w1_v15stack_race44.py,56491123,0,BUY_ANIMAL_FIRST,2,0,3000.0,25,6,COW
112448968,w1_v15stack_race44.py,56491123,0,BUY_ANIMAL_FIRST,2,0,3000.0,25,6,SHEEP
112448968,w1_v15stack_race44.py,56491123,0,CASH_TROUGH_MIN_D3_7,72,3,239.0,,6,min_money=239.0
112448968,w1_v15stack_race44.py,56491123,0,DOMINANT_CROP_SHIFT_D3_TO_D9,,,,,,MELON->STRAWBERRY
112449698,w0_v15stack_control.py,56487592,0,BUY_LAND,151,6,879.0,25,8,
112449698,w0_v15stack_control.py,56487592,0,BUY_ANIMAL_FIRST,2,0,3000.0,25,6,COW
112449698,w0_v15stack_control.py,56487592,0,BUY_ANIMAL_FIRST,2,0,3000.0,25,6,SHEEP
112449698,w0_v15stack_control.py,56487592,0,BUY_ANIMAL_FIRST,151,6,879.0,25,8,GOOSE
112449698,w0_v15stack_control.py,56487592,0,CASH_TROUGH_MIN_D3_7,72,3,214.0,,6,min_money=214.0
112449698,w0_v15stack_control.py,56487592,0,DOMINANT_CROP_SHIFT_D3_TO_D9,,,,,,MELON->STRAWBERRY
112450003,w1_v15stack_race44.py,56491123,1,BUY_LAND,151,6,879.0,25,8,
112450003,w1_v15stack_race44.py,56491123,1,BUY_ANIMAL_FIRST,2,0,3000.0,25,6,COW
112450003,w1_v15stack_race44.py,56491123,1,BUY_ANIMAL_FIRST,2,0,3000.0,25,6,SHEEP
112450003,w1_v15stack_race44.py,56491123,1,BUY_ANIMAL_FIRST,151,6,879.0,25,8,GOOSE
112450003,w1_v15stack_race44.py,56491123,1,CASH_TROUGH_MIN_D3_7,72,3,214.0,,6,min_money=214.0
112450003,w1_v15stack_race44.py,56491123,1,DOMINANT_CROP_SHIFT_D3_TO_D9,,,,,,MELON->STRAWBERRY
112450138,w1_v15stack_race44.py,56491123,0,BUY_LAND,151,6,891.0,25,8,
112450138,w1_v15stack_race44.py,56491123,0,BUY_ANIMAL_FIRST,2,0,3000.0,25,6,COW
112450138,w1_v15stack_race44.py,56491123,0,BUY_ANIMAL_FIRST,2,0,3000.0,25,6,SHEEP
112450138,w1_v15stack_race44.py,56491123,0,BUY_ANIMAL_FIRST,242,10,1445.0,50,12,GOOSE
112450138,w1_v15stack_race44.py,56491123,0,CASH_TROUGH_MIN_D3_7,72,3,197.0,,6,min_money=197.0
112450138,w1_v15stack_race44.py,56491123,0,DOMINANT_CROP_SHIFT_D3_TO_D9,,,,,,MELON->STRAWBERRY
112450771,w0_v15stack_control.py,56487592,0,BUY_LAND,151,6,879.0,25,8,
112450771,w0_v15stack_control.py,56487592,0,BUY_ANIMAL_FIRST,2,0,3000.0,25,6,COW
112450771,w0_v15stack_control.py,56487592,0,BUY_ANIMAL_FIRST,2,0,3000.0,25,6,SHEEP
112450771,w0_v15stack_control.py,56487592,0,BUY_ANIMAL_FIRST,151,6,879.0,25,8,GOOSE
112450771,w0_v15stack_control.py,56487592,0,CASH_TROUGH_MIN_D3_7,72,3,214.0,,6,min_money=214.0
112450771,w0_v15stack_control.py,56487592,0,DOMINANT_CROP_SHIFT_D3_TO_D9,,,,,,MELON->STRAWBERRY
112451315,w1_v15stack_race44.py,56491123,0,BUY_LAND,151,6,874.0,25,8,
112451315,w1_v15stack_race44.py,56491123,0,BUY_ANIMAL_FIRST,2,0,3000.0,25,6,COW
112451315,w1_v15stack_race44.py,56491123,0,BUY_ANIMAL_FIRST,2,0,3000.0,25,6,SHEEP
112451315,w1_v15stack_race44.py,56491123,0,BUY_ANIMAL_FIRST,242,10,1806.0,50,12,GOOSE
112451315,w1_v15stack_race44.py,56491123,0,CASH_TROUGH_MIN_D3_7,72,3,209.0,,6,min_money=209.0
112451315,w1_v15stack_race44.py,56491123,0,DOMINANT_CROP_SHIFT_D3_TO_D9,,,,,,MELON->STRAWBERRY
112451675,w0_v15stack_control.py,56487592,1,BUY_LAND,151,6,878.0,25,8,
112451675,w0_v15stack_control.py,56487592,1,BUY_ANIMAL_FIRST,2,0,3000.0,25,6,COW
112451675,w0_v15stack_control.py,56487592,1,BUY_ANIMAL_FIRST,2,0,3000.0,25,6,SHEEP
112451675,w0_v15stack_control.py,56487592,1,BUY_ANIMAL_FIRST,242,10,1938.0,50,12,GOOSE
112451675,w0_v15stack_control.py,56487592,1,CASH_TROUGH_MIN_D3_7,72,3,214.0,,6,min_money=214.0
112451675,w0_v15stack_control.py,56487592,1,DOMINANT_CROP_SHIFT_D3_TO_D9,,,,,,MELON->STRAWBERRY
112452476,w1_v15stack_race44.py,56491123,0,BUY_LAND,151,6,876.0,25,8,
112452476,w1_v15stack_race44.py,56491123,0,BUY_ANIMAL_FIRST,2,0,3000.0,25,6,COW
112452476,w1_v15stack_race44.py,56491123,0,BUY_ANIMAL_FIRST,2,0,3000.0,25,6,SHEEP
112452476,w1_v15stack_race44.py,56491123,0,BUY_ANIMAL_FIRST,151,6,876.0,25,8,GOOSE
112452476,w1_v15stack_race44.py,56491123,0,CASH_TROUGH_MIN_D3_7,72,3,211.0,,6,min_money=211.0
112452476,w1_v15stack_race44.py,56491123,0,DOMINANT_CROP_SHIFT_D3_TO_D9,,,,,,MELON->STRAWBERRY
112453635,w1_v15stack_race44.py,56491123,1,BUY_LAND,151,6,875.0,25,8,
112453635,w1_v15stack_race44.py,56491123,1,BUY_ANIMAL_FIRST,2,0,3000.0,25,6,COW
112453635,w1_v15stack_race44.py,56491123,1,BUY_ANIMAL_FIRST,2,0,3000.0,25,6,SHEEP
112453635,w1_v15stack_race44.py,56491123,1,BUY_ANIMAL_FIRST,151,6,875.0,25,8,GOOSE
112453635,w1_v15stack_race44.py,56491123,1,CASH_TROUGH_MIN_D3_7,72,3,211.0,,6,min_money=211.0
112453635,w1_v15stack_race44.py,56491123,1,DOMINANT_CROP_SHIFT_D3_TO_D9,,,,,,MELON->STRAWBERRY
112454809,w1_v15stack_race44.py,56491123,0,BUY_LAND,151,6,950.0,25,8,
112454809,w1_v15stack_race44.py,56491123,0,BUY_ANIMAL_FIRST,2,0,3000.0,25,6,COW
112454809,w1_v15stack_race44.py,56491123,0,BUY_ANIMAL_FIRST,2,0,3000.0,25,6,SHEEP
112454809,w1_v15stack_race44.py,56491123,0,BUY_ANIMAL_FIRST,151,6,950.0,25,8,GOOSE
112454809,w1_v15stack_race44.py,56491123,0,CASH_TROUGH_MIN_D3_7,72,3,255.0,,6,min_money=255.0
112454809,w1_v15stack_race44.py,56491123,0,DOMINANT_CROP_SHIFT_D3_TO_D9,,,,,,MELON->STRAWBERRY
112456041,w1_v15stack_race44.py,56491123,1,BUY_LAND,151,6,876.0,25,9,
112456041,w1_v15stack_race44.py,56491123,1,BUY_ANIMAL_FIRST,2,0,3000.0,25,6,COW
112456041,w1_v15stack_race44.py,56491123,1,BUY_ANIMAL_FIRST,2,0,3000.0,25,6,SHEEP
112456041,w1_v15stack_race44.py,56491123,1,CASH_TROUGH_MIN_D3_7,72,3,211.0,,6,min_money=211.0
112456041,w1_v15stack_race44.py,56491123,1,DOMINANT_CROP_SHIFT_D3_TO_D9,,,,,,MELON->STRAWBERRY
112457207,w1_v15stack_race44.py,56491123,0,BUY_LAND,151,6,892.0,25,8,
112457207,w1_v15stack_race44.py,56491123,0,BUY_ANIMAL_FIRST,2,0,3000.0,25,6,COW
112457207,w1_v15stack_race44.py,56491123,0,BUY_ANIMAL_FIRST,2,0,3000.0,25,6,SHEEP
112457207,w1_v15stack_race44.py,56491123,0,BUY_ANIMAL_FIRST,242,10,1822.0,50,12,GOOSE
112457207,w1_v15stack_race44.py,56491123,0,CASH_TROUGH_MIN_D3_7,72,3,197.0,,6,min_money=197.0
112457207,w1_v15stack_race44.py,56491123,0,DOMINANT_CROP_SHIFT_D3_TO_D9,,,,,,MELON->STRAWBERRY
112458373,w1_v15stack_race44.py,56491123,1,BUY_LAND,151,6,878.0,25,9,
112458373,w1_v15stack_race44.py,56491123,1,BUY_ANIMAL_FIRST,2,0,3000.0,25,6,COW
112458373,w1_v15stack_race44.py,56491123,1,BUY_ANIMAL_FIRST,2,0,3000.0,25,6,SHEEP
112458373,w1_v15stack_race44.py,56491123,1,CASH_TROUGH_MIN_D3_7,72,3,214.0,,6,min_money=214.0
112458373,w1_v15stack_race44.py,56491123,1,DOMINANT_CROP_SHIFT_D3_TO_D9,,,,,,MELON->STRAWBERRY
112458973,w0_v15stack_control.py,56487592,0,BUY_LAND,151,6,879.0,25,8,
112458973,w0_v15stack_control.py,56487592,0,BUY_ANIMAL_FIRST,2,0,3000.0,25,6,COW
112458973,w0_v15stack_control.py,56487592,0,BUY_ANIMAL_FIRST,2,0,3000.0,25,6,SHEEP
112458973,w0_v15stack_control.py,56487592,0,CASH_TROUGH_MIN_D3_7,72,3,214.0,,6,min_money=214.0
112458973,w0_v15stack_control.py,56487592,0,DOMINANT_CROP_SHIFT_D3_TO_D9,,,,,,MELON->STRAWBERRY
112459559,w1_v15stack_race44.py,56491123,0,BUY_LAND,151,6,879.0,25,8,
112459559,w1_v15stack_race44.py,56491123,0,BUY_ANIMAL_FIRST,2,0,3000.0,25,6,COW
112459559,w1_v15stack_race44.py,56491123,0,BUY_ANIMAL_FIRST,2,0,3000.0,25,6,SHEEP
112459559,w1_v15stack_race44.py,56491123,0,BUY_ANIMAL_FIRST,151,6,879.0,25,8,GOOSE
112459559,w1_v15stack_race44.py,56491123,0,CASH_TROUGH_MIN_D3_7,72,3,214.0,,6,min_money=214.0
112459559,w1_v15stack_race44.py,56491123,0,DOMINANT_CROP_SHIFT_D3_TO_D9,,,,,,MELON->STRAWBERRY
112460759,w1_v15stack_race44.py,56491123,0,BUY_LAND,151,6,875.0,25,9,
112460759,w1_v15stack_race44.py,56491123,0,BUY_ANIMAL_FIRST,2,0,3000.0,25,6,COW
112460759,w1_v15stack_race44.py,56491123,0,BUY_ANIMAL_FIRST,2,0,3000.0,25,6,SHEEP
112460759,w1_v15stack_race44.py,56491123,0,CASH_TROUGH_MIN_D3_7,72,3,211.0,,6,min_money=211.0
112460759,w1_v15stack_race44.py,56491123,0,DOMINANT_CROP_SHIFT_D3_TO_D9,,,,,,MELON->STRAWBERRY
112461951,w1_v15stack_race44.py,56491123,1,BUY_LAND,151,6,876.0,25,8,
112461951,w1_v15stack_race44.py,56491123,1,BUY_ANIMAL_FIRST,2,0,3000.0,25,6,COW
112461951,w1_v15stack_race44.py,56491123,1,BUY_ANIMAL_FIRST,2,0,3000.0,25,6,SHEEP
112461951,w1_v15stack_race44.py,56491123,1,CASH_TROUGH_MIN_D3_7,72,3,211.0,,6,min_money=211.0
112461951,w1_v15stack_race44.py,56491123,1,DOMINANT_CROP_SHIFT_D3_TO_D9,,,,,,MELON->STRAWBERRY
112463118,w1_v15stack_race44.py,56491123,0,BUY_LAND,151,6,877.0,25,9,
112463118,w1_v15stack_race44.py,56491123,0,BUY_ANIMAL_FIRST,2,0,3000.0,25,6,COW
112463118,w1_v15stack_race44.py,56491123,0,BUY_ANIMAL_FIRST,2,0,3000.0,25,6,SHEEP
112463118,w1_v15stack_race44.py,56491123,0,CASH_TROUGH_MIN_D3_7,72,3,214.0,,6,min_money=214.0
112463118,w1_v15stack_race44.py,56491123,0,DOMINANT_CROP_SHIFT_D3_TO_D9,,,,,,MELON->STRAWBERRY
112464328,w1_v15stack_race44.py,56491123,0,BUY_LAND,151,6,876.0,25,8,
112464328,w1_v15stack_race44.py,56491123,0,BUY_ANIMAL_FIRST,2,0,3000.0,25,6,COW
112464328,w1_v15stack_race44.py,56491123,0,BUY_ANIMAL_FIRST,2,0,3000.0,25,6,SHEEP
112464328,w1_v15stack_race44.py,56491123,0,BUY_ANIMAL_FIRST,151,6,876.0,25,8,GOOSE
112464328,w1_v15stack_race44.py,56491123,0,CASH_TROUGH_MIN_D3_7,72,3,211.0,,6,min_money=211.0
112464328,w1_v15stack_race44.py,56491123,0,DOMINANT_CROP_SHIFT_D3_TO_D9,,,,,,MELON->STRAWBERRY
112465485,w1_v15stack_race44.py,56491123,0,BUY_LAND,151,6,876.0,25,8,
112465485,w1_v15stack_race44.py,56491123,0,BUY_ANIMAL_FIRST,2,0,3000.0,25,6,COW
112465485,w1_v15stack_race44.py,56491123,0,BUY_ANIMAL_FIRST,2,0,3000.0,25,6,SHEEP
112465485,w1_v15stack_race44.py,56491123,0,BUY_ANIMAL_FIRST,242,10,1841.0,50,12,GOOSE
112465485,w1_v15stack_race44.py,56491123,0,CASH_TROUGH_MIN_D3_7,72,3,214.0,,6,min_money=214.0
112465485,w1_v15stack_race44.py,56491123,0,DOMINANT_CROP_SHIFT_D3_TO_D9,,,,,,MELON->STRAWBERRY
112465984,w0_v15stack_control.py,56487592,0,BUY_LAND,151,6,879.0,25,8,
112465984,w0_v15stack_control.py,56487592,0,BUY_ANIMAL_FIRST,2,0,3000.0,25,6,COW
112465984,w0_v15stack_control.py,56487592,0,BUY_ANIMAL_FIRST,2,0,3000.0,25,6,SHEEP
112465984,w0_v15stack_control.py,56487592,0,CASH_TROUGH_MIN_D3_7,72,3,214.0,,6,min_money=214.0
112465984,w0_v15stack_control.py,56487592,0,DOMINANT_CROP_SHIFT_D3_TO_D9,,,,,,MELON->STRAWBERRY
112466665,w1_v15stack_race44.py,56491123,1,BUY_LAND,151,6,870.0,25,8,
112466665,w1_v15stack_race44.py,56491123,1,BUY_ANIMAL_FIRST,2,0,3000.0,25,6,COW
112466665,w1_v15stack_race44.py,56491123,1,BUY_ANIMAL_FIRST,2,0,3000.0,25,6,SHEEP
112466665,w1_v15stack_race44.py,56491123,1,BUY_ANIMAL_FIRST,242,10,1595.0,50,12,GOOSE
112466665,w1_v15stack_race44.py,56491123,1,CASH_TROUGH_MIN_D3_7,72,3,206.0,,6,min_money=206.0
112466665,w1_v15stack_race44.py,56491123,1,DOMINANT_CROP_SHIFT_D3_TO_D9,,,,,,MELON->STRAWBERRY
112467215,w0_v15stack_control.py,56487592,1,BUY_LAND,151,6,879.0,25,8,
112467215,w0_v15stack_control.py,56487592,1,BUY_ANIMAL_FIRST,2,0,3000.0,25,6,COW
112467215,w0_v15stack_control.py,56487592,1,BUY_ANIMAL_FIRST,2,0,3000.0,25,6,SHEEP
112467215,w0_v15stack_control.py,56487592,1,BUY_ANIMAL_FIRST,242,10,1564.0,50,12,GOOSE
112467215,w0_v15stack_control.py,56487592,1,CASH_TROUGH_MIN_D3_7,72,3,214.0,,6,min_money=214.0
112467215,w0_v15stack_control.py,56487592,1,DOMINANT_CROP_SHIFT_D3_TO_D9,,,,,,MELON->STRAWBERRY
112467805,w1_v15stack_race44.py,56491123,0,BUY_LAND,151,6,877.0,25,8,
112467805,w1_v15stack_race44.py,56491123,0,BUY_ANIMAL_FIRST,2,0,3000.0,25,6,COW
112467805,w1_v15stack_race44.py,56491123,0,BUY_ANIMAL_FIRST,2,0,3000.0,25,6,SHEEP
112467805,w1_v15stack_race44.py,56491123,0,BUY_ANIMAL_FIRST,151,6,877.0,25,8,GOOSE
112467805,w1_v15stack_race44.py,56491123,0,CASH_TROUGH_MIN_D3_7,72,3,214.0,,6,min_money=214.0
112467805,w1_v15stack_race44.py,56491123,0,DOMINANT_CROP_SHIFT_D3_TO_D9,,,,,,MELON->STRAWBERRY
112467829,w1_v15stack_race44.py,56491123,1,BUY_LAND,151,6,878.0,25,8,
112467829,w1_v15stack_race44.py,56491123,1,BUY_ANIMAL_FIRST,2,0,3000.0,25,6,COW
112467829,w1_v15stack_race44.py,56491123,1,BUY_ANIMAL_FIRST,2,0,3000.0,25,6,SHEEP
112467829,w1_v15stack_race44.py,56491123,1,BUY_ANIMAL_FIRST,242,10,1430.0,50,12,GOOSE
112467829,w1_v15stack_race44.py,56491123,1,CASH_TROUGH_MIN_D3_7,72,3,214.0,,6,min_money=214.0
112467829,w1_v15stack_race44.py,56491123,1,DOMINANT_CROP_SHIFT_D3_TO_D9,,,,,,MELON->STRAWBERRY
112469002,w1_v15stack_race44.py,56491123,1,BUY_LAND,151,6,876.0,25,8,
112469002,w1_v15stack_race44.py,56491123,1,BUY_ANIMAL_FIRST,2,0,3000.0,25,6,COW
112469002,w1_v15stack_race44.py,56491123,1,BUY_ANIMAL_FIRST,2,0,3000.0,25,6,SHEEP
112469002,w1_v15stack_race44.py,56491123,1,BUY_ANIMAL_FIRST,242,10,1814.0,50,12,GOOSE
112469002,w1_v15stack_race44.py,56491123,1,CASH_TROUGH_MIN_D3_7,72,3,211.0,,6,min_money=211.0
112469002,w1_v15stack_race44.py,56491123,1,DOMINANT_CROP_SHIFT_D3_TO_D9,,,,,,MELON->STRAWBERRY
112469884,w0_v15stack_control.py,56487592,1,BUY_LAND,151,6,692.0,25,9,
112469884,w0_v15stack_control.py,56487592,1,BUY_ANIMAL_FIRST,2,0,3000.0,25,6,COW
112469884,w0_v15stack_control.py,56487592,1,BUY_ANIMAL_FIRST,2,0,3000.0,25,6,SHEEP
112469884,w0_v15stack_control.py,56487592,1,CASH_TROUGH_MIN_D3_7,96,4,345.0,,5,min_money=345.0
112469884,w0_v15stack_control.py,56487592,1,DOMINANT_CROP_SHIFT_D3_TO_D9,,,,,,MELON->STRAWBERRY
112470154,w1_v15stack_race44.py,56491123,1,BUY_LAND,151,6,871.0,25,8,
112470154,w1_v15stack_race44.py,56491123,1,BUY_ANIMAL_FIRST,2,0,3000.0,25,6,COW
112470154,w1_v15stack_race44.py,56491123,1,BUY_ANIMAL_FIRST,2,0,3000.0,25,6,SHEEP
112470154,w1_v15stack_race44.py,56491123,1,CASH_TROUGH_MIN_D3_7,72,3,208.0,,6,min_money=208.0
112470154,w1_v15stack_race44.py,56491123,1,DOMINANT_CROP_SHIFT_D3_TO_D9,,,,,,MELON->STRAWBERRY
112471301,w1_v15stack_race44.py,56491123,1,BUY_LAND,151,6,876.0,25,8,
112471301,w1_v15stack_race44.py,56491123,1,BUY_ANIMAL_FIRST,2,0,3000.0,25,6,COW
112471301,w1_v15stack_race44.py,56491123,1,BUY_ANIMAL_FIRST,2,0,3000.0,25,6,SHEEP
112471301,w1_v15stack_race44.py,56491123,1,BUY_ANIMAL_FIRST,151,6,876.0,25,8,GOOSE
112471301,w1_v15stack_race44.py,56491123,1,CASH_TROUGH_MIN_D3_7,72,3,211.0,,6,min_money=211.0
112471301,w1_v15stack_race44.py,56491123,1,DOMINANT_CROP_SHIFT_D3_TO_D9,,,,,,MELON->STRAWBERRY
112472477,w1_v15stack_race44.py,56491123,0,BUY_LAND,151,6,874.0,25,8,
112472477,w1_v15stack_race44.py,56491123,0,BUY_ANIMAL_FIRST,2,0,3000.0,25,6,COW
112472477,w1_v15stack_race44.py,56491123,0,BUY_ANIMAL_FIRST,2,0,3000.0,25,6,SHEEP
112472477,w1_v15stack_race44.py,56491123,0,BUY_ANIMAL_FIRST,151,6,874.0,25,8,GOOSE
112472477,w1_v15stack_race44.py,56491123,0,CASH_TROUGH_MIN_D3_7,72,3,214.0,,6,min_money=214.0
112472477,w1_v15stack_race44.py,56491123,0,DOMINANT_CROP_SHIFT_D3_TO_D9,,,,,,MELON->STRAWBERRY
112473680,w1_v15stack_race44.py,56491123,1,BUY_LAND,151,6,875.0,25,9,
112473680,w1_v15stack_race44.py,56491123,1,BUY_ANIMAL_FIRST,2,0,3000.0,25,6,COW
112473680,w1_v15stack_race44.py,56491123,1,BUY_ANIMAL_FIRST,2,0,3000.0,25,6,SHEEP
112473680,w1_v15stack_race44.py,56491123,1,CASH_TROUGH_MIN_D3_7,72,3,211.0,,6,min_money=211.0
112473680,w1_v15stack_race44.py,56491123,1,DOMINANT_CROP_SHIFT_D3_TO_D9,,,,,,MELON->STRAWBERRY
112475042,w1_v15stack_race44.py,56491123,0,BUY_LAND,151,6,870.0,25,8,
112475042,w1_v15stack_race44.py,56491123,0,BUY_ANIMAL_FIRST,2,0,3000.0,25,6,COW
112475042,w1_v15stack_race44.py,56491123,0,BUY_ANIMAL_FIRST,2,0,3000.0,25,6,SHEEP
112475042,w1_v15stack_race44.py,56491123,0,BUY_ANIMAL_FIRST,242,10,1554.0,50,12,GOOSE
112475042,w1_v15stack_race44.py,56491123,0,CASH_TROUGH_MIN_D3_7,72,3,208.0,,6,min_money=208.0
112475042,w1_v15stack_race44.py,56491123,0,DOMINANT_CROP_SHIFT_D3_TO_D9,,,,,,MELON->STRAWBERRY
112476212,w1_v15stack_race44.py,56491123,1,BUY_LAND,151,6,872.0,25,9,
112476212,w1_v15stack_race44.py,56491123,1,BUY_ANIMAL_FIRST,2,0,3000.0,25,6,COW
112476212,w1_v15stack_race44.py,56491123,1,BUY_ANIMAL_FIRST,2,0,3000.0,25,6,SHEEP
112476212,w1_v15stack_race44.py,56491123,1,CASH_TROUGH_MIN_D3_7,72,3,209.0,,6,min_money=209.0
112476212,w1_v15stack_race44.py,56491123,1,DOMINANT_CROP_SHIFT_D3_TO_D9,,,,,,MELON->STRAWBERRY
112476638,w0_v15stack_control.py,56487592,0,BUY_LAND,151,6,879.0,25,8,
112476638,w0_v15stack_control.py,56487592,0,BUY_ANIMAL_FIRST,2,0,3000.0,25,6,COW
112476638,w0_v15stack_control.py,56487592,0,BUY_ANIMAL_FIRST,2,0,3000.0,25,6,SHEEP
112476638,w0_v15stack_control.py,56487592,0,BUY_ANIMAL_FIRST,242,10,1577.0,50,12,GOOSE
112476638,w0_v15stack_control.py,56487592,0,CASH_TROUGH_MIN_D3_7,72,3,214.0,,6,min_money=214.0
112476638,w0_v15stack_control.py,56487592,0,DOMINANT_CROP_SHIFT_D3_TO_D9,,,,,,MELON->STRAWBERRY
112477363,w1_v15stack_race44.py,56491123,1,BUY_LAND,151,6,877.0,25,9,
112477363,w1_v15stack_race44.py,56491123,1,BUY_ANIMAL_FIRST,2,0,3000.0,25,6,COW
112477363,w1_v15stack_race44.py,56491123,1,BUY_ANIMAL_FIRST,2,0,3000.0,25,6,SHEEP
112477363,w1_v15stack_race44.py,56491123,1,CASH_TROUGH_MIN_D3_7,72,3,214.0,,6,min_money=214.0
112477363,w1_v15stack_race44.py,56491123,1,DOMINANT_CROP_SHIFT_D3_TO_D9,,,,,,MELON->STRAWBERRY
112477447,w0_v15stack_control.py,56487592,1,BUY_LAND,151,6,693.0,25,8,
112477447,w0_v15stack_control.py,56487592,1,BUY_ANIMAL_FIRST,2,0,3000.0,25,6,COW
112477447,w0_v15stack_control.py,56487592,1,BUY_ANIMAL_FIRST,2,0,3000.0,25,6,SHEEP
112477447,w0_v15stack_control.py,56487592,1,CASH_TROUGH_MIN_D3_7,96,4,346.0,,5,min_money=346.0
112477447,w0_v15stack_control.py,56487592,1,DOMINANT_CROP_SHIFT_D3_TO_D9,,,,,,MELON->STRAWBERRY
112478566,w1_v15stack_race44.py,56491123,1,BUY_LAND,151,6,876.0,25,8,
112478566,w1_v15stack_race44.py,56491123,1,BUY_ANIMAL_FIRST,2,0,3000.0,25,6,COW
112478566,w1_v15stack_race44.py,56491123,1,BUY_ANIMAL_FIRST,2,0,3000.0,25,6,SHEEP
112478566,w1_v15stack_race44.py,56491123,1,BUY_ANIMAL_FIRST,242,10,1808.0,50,12,GOOSE
112478566,w1_v15stack_race44.py,56491123,1,CASH_TROUGH_MIN_D3_7,72,3,211.0,,6,min_money=211.0
112478566,w1_v15stack_race44.py,56491123,1,DOMINANT_CROP_SHIFT_D3_TO_D9,,,,,,MELON->STRAWBERRY
112479711,w1_v15stack_race44.py,56491123,1,BUY_LAND,151,6,877.0,25,8,
112479711,w1_v15stack_race44.py,56491123,1,BUY_ANIMAL_FIRST,2,0,3000.0,25,6,COW
112479711,w1_v15stack_race44.py,56491123,1,BUY_ANIMAL_FIRST,2,0,3000.0,25,6,SHEEP
112479711,w1_v15stack_race44.py,56491123,1,BUY_ANIMAL_FIRST,242,10,1837.0,50,12,GOOSE
112479711,w1_v15stack_race44.py,56491123,1,CASH_TROUGH_MIN_D3_7,72,3,214.0,,6,min_money=214.0
112479711,w1_v15stack_race44.py,56491123,1,DOMINANT_CROP_SHIFT_D3_TO_D9,,,,,,MELON->STRAWBERRY
112480899,w1_v15stack_race44.py,56491123,1,BUY_LAND,151,6,879.0,25,9,
112480899,w1_v15stack_race44.py,56491123,1,BUY_ANIMAL_FIRST,2,0,3000.0,25,6,COW
112480899,w1_v15stack_race44.py,56491123,1,BUY_ANIMAL_FIRST,2,0,3000.0,25,6,SHEEP
112480899,w1_v15stack_race44.py,56491123,1,CASH_TROUGH_MIN_D3_7,72,3,214.0,,6,min_money=214.0
112480899,w1_v15stack_race44.py,56491123,1,DOMINANT_CROP_SHIFT_D3_TO_D9,,,,,,MELON->STRAWBERRY
112481508,w1_v15stack_race44.py,56491123,0,BUY_LAND,151,6,876.0,25,8,
112481508,w1_v15stack_race44.py,56491123,0,BUY_ANIMAL_FIRST,2,0,3000.0,25,6,COW
112481508,w1_v15stack_race44.py,56491123,0,BUY_ANIMAL_FIRST,2,0,3000.0,25,6,SHEEP
112481508,w1_v15stack_race44.py,56491123,0,BUY_ANIMAL_FIRST,242,10,1798.0,50,12,GOOSE
112481508,w1_v15stack_race44.py,56491123,0,CASH_TROUGH_MIN_D3_7,72,3,211.0,,6,min_money=211.0
112481508,w1_v15stack_race44.py,56491123,0,DOMINANT_CROP_SHIFT_D3_TO_D9,,,,,,MELON->STRAWBERRY
112482003,w1_v15stack_race44.py,56491123,1,BUY_LAND,151,6,877.0,25,9,
112482003,w1_v15stack_race44.py,56491123,1,BUY_ANIMAL_FIRST,2,0,3000.0,25,6,COW
112482003,w1_v15stack_race44.py,56491123,1,BUY_ANIMAL_FIRST,2,0,3000.0,25,6,SHEEP
112482003,w1_v15stack_race44.py,56491123,1,CASH_TROUGH_MIN_D3_7,72,3,214.0,,6,min_money=214.0
112482003,w1_v15stack_race44.py,56491123,1,DOMINANT_CROP_SHIFT_D3_TO_D9,,,,,,MELON->STRAWBERRY
112482226,w0_v15stack_control.py,56487592,1,BUY_LAND,151,6,885.0,25,8,
112482226,w0_v15stack_control.py,56487592,1,BUY_ANIMAL_FIRST,2,0,3000.0,25,6,COW
112482226,w0_v15stack_control.py,56487592,1,BUY_ANIMAL_FIRST,2,0,3000.0,25,6,SHEEP
112482226,w0_v15stack_control.py,56487592,1,BUY_ANIMAL_FIRST,151,6,885.0,25,8,GOOSE
112482226,w0_v15stack_control.py,56487592,1,CASH_TROUGH_MIN_D3_7,72,3,194.0,,6,min_money=194.0
112482226,w0_v15stack_control.py,56487592,1,DOMINANT_CROP_SHIFT_D3_TO_D9,,,,,,MELON->STRAWBERRY
112483255,w1_v15stack_race44.py,56491123,1,BUY_LAND,151,6,876.0,25,8,
112483255,w1_v15stack_race44.py,56491123,1,BUY_ANIMAL_FIRST,2,0,3000.0,25,6,COW
112483255,w1_v15stack_race44.py,56491123,1,BUY_ANIMAL_FIRST,2,0,3000.0,25,6,SHEEP
112483255,w1_v15stack_race44.py,56491123,1,CASH_TROUGH_MIN_D3_7,72,3,214.0,,6,min_money=214.0
112483255,w1_v15stack_race44.py,56491123,1,DOMINANT_CROP_SHIFT_D3_TO_D9,,,,,,MELON->STRAWBERRY
112483652,w0_v15stack_control.py,56487592,0,BUY_LAND,151,6,692.0,25,8,
112483652,w0_v15stack_control.py,56487592,0,BUY_ANIMAL_FIRST,2,0,3000.0,25,6,COW
112483652,w0_v15stack_control.py,56487592,0,BUY_ANIMAL_FIRST,2,0,3000.0,25,6,SHEEP
112483652,w0_v15stack_control.py,56487592,0,CASH_TROUGH_MIN_D3_7,96,4,344.0,,5,min_money=344.0
112483652,w0_v15stack_control.py,56487592,0,DOMINANT_CROP_SHIFT_D3_TO_D9,,,,,,MELON->STRAWBERRY
112484419,w1_v15stack_race44.py,56491123,1,BUY_LAND,151,6,877.0,25,8,
112484419,w1_v15stack_race44.py,56491123,1,BUY_ANIMAL_FIRST,2,0,3000.0,25,6,COW
112484419,w1_v15stack_race44.py,56491123,1,BUY_ANIMAL_FIRST,2,0,3000.0,25,6,SHEEP
112484419,w1_v15stack_race44.py,56491123,1,BUY_ANIMAL_FIRST,151,6,877.0,25,8,GOOSE
112484419,w1_v15stack_race44.py,56491123,1,CASH_TROUGH_MIN_D3_7,72,3,214.0,,6,min_money=214.0
112484419,w1_v15stack_race44.py,56491123,1,DOMINANT_CROP_SHIFT_D3_TO_D9,,,,,,MELON->STRAWBERRY
112484782,w0_v15stack_control.py,56487592,0,BUY_LAND,151,6,879.0,25,8,
112484782,w0_v15stack_control.py,56487592,0,BUY_ANIMAL_FIRST,2,0,3000.0,25,6,COW
112484782,w0_v15stack_control.py,56487592,0,BUY_ANIMAL_FIRST,2,0,3000.0,25,6,SHEEP
112484782,w0_v15stack_control.py,56487592,0,BUY_ANIMAL_FIRST,242,10,1935.0,50,12,GOOSE
112484782,w0_v15stack_control.py,56487592,0,CASH_TROUGH_MIN_D3_7,72,3,214.0,,6,min_money=214.0
112484782,w0_v15stack_control.py,56487592,0,DOMINANT_CROP_SHIFT_D3_TO_D9,,,,,,MELON->STRAWBERRY
112485579,w1_v15stack_race44.py,56491123,0,BUY_LAND,151,6,875.0,25,8,
112485579,w1_v15stack_race44.py,56491123,0,BUY_ANIMAL_FIRST,2,0,3000.0,25,6,COW
112485579,w1_v15stack_race44.py,56491123,0,BUY_ANIMAL_FIRST,2,0,3000.0,25,6,SHEEP
112485579,w1_v15stack_race44.py,56491123,0,BUY_ANIMAL_FIRST,242,10,1464.0,50,12,GOOSE
112485579,w1_v15stack_race44.py,56491123,0,CASH_TROUGH_MIN_D3_7,72,3,211.0,,6,min_money=211.0
112485579,w1_v15stack_race44.py,56491123,0,DOMINANT_CROP_SHIFT_D3_TO_D9,,,,,,MELON->STRAWBERRY
112486754,w1_v15stack_race44.py,56491123,0,BUY_LAND,151,6,878.0,25,9,
112486754,w1_v15stack_race44.py,56491123,0,BUY_ANIMAL_FIRST,2,0,3000.0,25,6,COW
112486754,w1_v15stack_race44.py,56491123,0,BUY_ANIMAL_FIRST,2,0,3000.0,25,6,SHEEP
112486754,w1_v15stack_race44.py,56491123,0,CASH_TROUGH_MIN_D3_7,72,3,214.0,,6,min_money=214.0
112486754,w1_v15stack_race44.py,56491123,0,DOMINANT_CROP_SHIFT_D3_TO_D9,,,,,,MELON->STRAWBERRY
112487833,w1_v15stack_race44.py,56491123,0,BUY_LAND,151,6,879.0,25,8,
112487833,w1_v15stack_race44.py,56491123,0,BUY_ANIMAL_FIRST,2,0,3000.0,25,6,COW
112487833,w1_v15stack_race44.py,56491123,0,BUY_ANIMAL_FIRST,2,0,3000.0,25,6,SHEEP
112487833,w1_v15stack_race44.py,56491123,0,BUY_ANIMAL_FIRST,151,6,879.0,25,8,GOOSE
112487833,w1_v15stack_race44.py,56491123,0,CASH_TROUGH_MIN_D3_7,72,3,214.0,,6,min_money=214.0
112487833,w1_v15stack_race44.py,56491123,0,DOMINANT_CROP_SHIFT_D3_TO_D9,,,,,,MELON->STRAWBERRY
112487914,w1_v15stack_race44.py,56491123,1,BUY_LAND,151,6,877.0,25,8,
112487914,w1_v15stack_race44.py,56491123,1,BUY_ANIMAL_FIRST,2,0,3000.0,25,6,COW
112487914,w1_v15stack_race44.py,56491123,1,BUY_ANIMAL_FIRST,2,0,3000.0,25,6,SHEEP
112487914,w1_v15stack_race44.py,56491123,1,BUY_ANIMAL_FIRST,151,6,877.0,25,8,GOOSE
112487914,w1_v15stack_race44.py,56491123,1,CASH_TROUGH_MIN_D3_7,72,3,214.0,,6,min_money=214.0
112487914,w1_v15stack_race44.py,56491123,1,DOMINANT_CROP_SHIFT_D3_TO_D9,,,,,,MELON->STRAWBERRY
112489090,w1_v15stack_race44.py,56491123,0,BUY_LAND,151,6,879.0,25,8,
112489090,w1_v15stack_race44.py,56491123,0,BUY_ANIMAL_FIRST,2,0,3000.0,25,6,COW
112489090,w1_v15stack_race44.py,56491123,0,BUY_ANIMAL_FIRST,2,0,3000.0,25,6,SHEEP
112489090,w1_v15stack_race44.py,56491123,0,BUY_ANIMAL_FIRST,151,6,879.0,25,8,GOOSE
112489090,w1_v15stack_race44.py,56491123,0,CASH_TROUGH_MIN_D3_7,72,3,214.0,,6,min_money=214.0
112489090,w1_v15stack_race44.py,56491123,0,DOMINANT_CROP_SHIFT_D3_TO_D9,,,,,,MELON->STRAWBERRY
112490257,w1_v15stack_race44.py,56491123,0,BUY_LAND,151,6,875.0,25,9,
112490257,w1_v15stack_race44.py,56491123,0,BUY_ANIMAL_FIRST,2,0,3000.0,25,6,COW
112490257,w1_v15stack_race44.py,56491123,0,BUY_ANIMAL_FIRST,2,0,3000.0,25,6,SHEEP
112490257,w1_v15stack_race44.py,56491123,0,CASH_TROUGH_MIN_D3_7,72,3,214.0,,6,min_money=214.0
112490257,w1_v15stack_race44.py,56491123,0,DOMINANT_CROP_SHIFT_D3_TO_D9,,,,,,MELON->STRAWBERRY
112490972,w1_v15stack_race44.py,56491123,1,BUY_LAND,151,6,878.0,25,8,
112490972,w1_v15stack_race44.py,56491123,1,BUY_ANIMAL_FIRST,2,0,3000.0,25,6,COW
112490972,w1_v15stack_race44.py,56491123,1,BUY_ANIMAL_FIRST,2,0,3000.0,25,6,SHEEP
112490972,w1_v15stack_race44.py,56491123,1,CASH_TROUGH_MIN_D3_7,72,3,214.0,,6,min_money=214.0
112490972,w1_v15stack_race44.py,56491123,1,DOMINANT_CROP_SHIFT_D3_TO_D9,,,,,,MELON->STRAWBERRY
112491441,w1_v15stack_race44.py,56491123,1,BUY_LAND,151,6,691.0,25,8,
112491441,w1_v15stack_race44.py,56491123,1,BUY_ANIMAL_FIRST,2,0,3000.0,25,6,COW
112491441,w1_v15stack_race44.py,56491123,1,BUY_ANIMAL_FIRST,2,0,3000.0,25,6,SHEEP
112491441,w1_v15stack_race44.py,56491123,1,BUY_ANIMAL_FIRST,151,6,691.0,25,8,GOOSE
112491441,w1_v15stack_race44.py,56491123,1,CASH_TROUGH_MIN_D3_7,72,3,214.0,,6,min_money=214.0
112491441,w1_v15stack_race44.py,56491123,1,DOMINANT_CROP_SHIFT_D3_TO_D9,,,,,,MELON->STRAWBERRY
112492607,w1_v15stack_race44.py,56491123,1,BUY_LAND,151,6,879.0,25,8,
112492607,w1_v15stack_race44.py,56491123,1,BUY_ANIMAL_FIRST,2,0,3000.0,25,6,COW
112492607,w1_v15stack_race44.py,56491123,1,BUY_ANIMAL_FIRST,2,0,3000.0,25,6,SHEEP
112492607,w1_v15stack_race44.py,56491123,1,BUY_ANIMAL_FIRST,151,6,879.0,25,8,GOOSE
112492607,w1_v15stack_race44.py,56491123,1,CASH_TROUGH_MIN_D3_7,72,3,214.0,,6,min_money=214.0
112492607,w1_v15stack_race44.py,56491123,1,DOMINANT_CROP_SHIFT_D3_TO_D9,,,,,,MELON->STRAWBERRY
112493815,w1_v15stack_race44.py,56491123,1,BUY_LAND,151,6,874.0,25,8,
112493815,w1_v15stack_race44.py,56491123,1,BUY_ANIMAL_FIRST,2,0,3000.0,25,6,COW
112493815,w1_v15stack_race44.py,56491123,1,BUY_ANIMAL_FIRST,2,0,3000.0,25,6,SHEEP
112493815,w1_v15stack_race44.py,56491123,1,BUY_ANIMAL_FIRST,242,10,1424.0,50,12,GOOSE
112493815,w1_v15stack_race44.py,56491123,1,CASH_TROUGH_MIN_D3_7,72,3,214.0,,6,min_money=214.0
112493815,w1_v15stack_race44.py,56491123,1,DOMINANT_CROP_SHIFT_D3_TO_D9,,,,,,MELON->STRAWBERRY
112493943,w0_v15stack_control.py,56487592,0,BUY_LAND,151,6,876.0,25,8,
112493943,w0_v15stack_control.py,56487592,0,BUY_ANIMAL_FIRST,2,0,3000.0,25,6,COW
112493943,w0_v15stack_control.py,56487592,0,BUY_ANIMAL_FIRST,2,0,3000.0,25,6,SHEEP
112493943,w0_v15stack_control.py,56487592,0,BUY_ANIMAL_FIRST,242,10,1829.0,50,12,GOOSE
112493943,w0_v15stack_control.py,56487592,0,CASH_TROUGH_MIN_D3_7,72,3,214.0,,6,min_money=214.0
112493943,w0_v15stack_control.py,56487592,0,DOMINANT_CROP_SHIFT_D3_TO_D9,,,,,,MELON->STRAWBERRY
112500836,w0_v15stack_control.py,56487592,0,BUY_LAND,151,6,872.0,25,9,
112500836,w0_v15stack_control.py,56487592,0,BUY_ANIMAL_FIRST,2,0,3000.0,25,6,COW
112500836,w0_v15stack_control.py,56487592,0,BUY_ANIMAL_FIRST,2,0,3000.0,25,6,SHEEP
112500836,w0_v15stack_control.py,56487592,0,CASH_TROUGH_MIN_D3_7,72,3,209.0,,6,min_money=209.0
112500836,w0_v15stack_control.py,56487592,0,DOMINANT_CROP_SHIFT_D3_TO_D9,,,,,,MELON->STRAWBERRY
112503155,w1_v15stack_race44.py,56491123,1,BUY_LAND,151,6,879.0,25,8,
112503155,w1_v15stack_race44.py,56491123,1,BUY_ANIMAL_FIRST,2,0,3000.0,25,6,COW
112503155,w1_v15stack_race44.py,56491123,1,BUY_ANIMAL_FIRST,2,0,3000.0,25,6,SHEEP
112503155,w1_v15stack_race44.py,56491123,1,BUY_ANIMAL_FIRST,242,10,1425.0,50,12,GOOSE
112503155,w1_v15stack_race44.py,56491123,1,CASH_TROUGH_MIN_D3_7,72,3,214.0,,6,min_money=214.0
112503155,w1_v15stack_race44.py,56491123,1,DOMINANT_CROP_SHIFT_D3_TO_D9,,,,,,MELON->STRAWBERRY
112503883,w1_v15stack_race44.py,56491123,1,BUY_LAND,151,6,879.0,25,8,
112503883,w1_v15stack_race44.py,56491123,1,BUY_ANIMAL_FIRST,2,0,3000.0,25,6,COW
112503883,w1_v15stack_race44.py,56491123,1,BUY_ANIMAL_FIRST,2,0,3000.0,25,6,SHEEP
112503883,w1_v15stack_race44.py,56491123,1,BUY_ANIMAL_FIRST,151,6,879.0,25,8,GOOSE
112503883,w1_v15stack_race44.py,56491123,1,CASH_TROUGH_MIN_D3_7,72,3,214.0,,6,min_money=214.0
112503883,w1_v15stack_race44.py,56491123,1,DOMINANT_CROP_SHIFT_D3_TO_D9,,,,,,MELON->STRAWBERRY
112509671,w1_v15stack_race44.py,56491123,1,BUY_LAND,151,6,878.0,25,8,
112509671,w1_v15stack_race44.py,56491123,1,BUY_ANIMAL_FIRST,2,0,3000.0,25,6,COW
112509671,w1_v15stack_race44.py,56491123,1,BUY_ANIMAL_FIRST,2,0,3000.0,25,6,SHEEP
112509671,w1_v15stack_race44.py,56491123,1,BUY_ANIMAL_FIRST,151,6,878.0,25,8,GOOSE
112509671,w1_v15stack_race44.py,56491123,1,CASH_TROUGH_MIN_D3_7,72,3,214.0,,6,min_money=214.0
112509671,w1_v15stack_race44.py,56491123,1,DOMINANT_CROP_SHIFT_D3_TO_D9,,,,,,MELON->STRAWBERRY
112510341,w0_v15stack_control.py,56487592,1,BUY_LAND,151,6,879.0,25,8,
112510341,w0_v15stack_control.py,56487592,1,BUY_ANIMAL_FIRST,2,0,3000.0,25,6,COW
112510341,w0_v15stack_control.py,56487592,1,BUY_ANIMAL_FIRST,2,0,3000.0,25,6,SHEEP
112510341,w0_v15stack_control.py,56487592,1,BUY_ANIMAL_FIRST,242,10,1920.0,50,12,GOOSE
112510341,w0_v15stack_control.py,56487592,1,CASH_TROUGH_MIN_D3_7,72,3,214.0,,6,min_money=214.0
112510341,w0_v15stack_control.py,56487592,1,DOMINANT_CROP_SHIFT_D3_TO_D9,,,,,,MELON->STRAWBERRY
