episode,seat,name,bank,opp_bank,won,tie,shops,rev_WHEAT,rev_CARROT,rev_TOMATO,rev_STRAWBERRY,rev_MELON,rev_EGG,rev_MILK,rev_WOOL,rev_FERTILIZER,units_WHEAT,units_CARROT,units_TOMATO,units_STRAWBERRY,units_MELON,units_EGG,units_MILK,units_WOOL,units_FERTILIZER,first_WHEAT,first_CARROT,first_TOMATO,first_STRAWBERRY,first_MELON,first_EGG,first_MILK,first_WOOL,first_FERTILIZER,rev_d00,rev_d10,rev_d20,crop_WHEAT_t144,crop_CARROT_t144,crop_TOMATO_t144,crop_STRAWBERRY_t144,crop_MELON_t144,ani_COW_t144,ani_SHEEP_t144,ani_GOOSE_t144,hands_t144,money_t144,quads_t144,crop_WHEAT_t288,crop_CARROT_t288,crop_TOMATO_t288,crop_STRAWBERRY_t288,crop_MELON_t288,ani_COW_t288,ani_SHEEP_t288,ani_GOOSE_t288,hands_t288,money_t288,quads_t288,crop_WHEAT_t432,crop_CARROT_t432,crop_TOMATO_t432,crop_STRAWBERRY_t432,crop_MELON_t432,ani_COW_t432,ani_SHEEP_t432,ani_GOOSE_t432,hands_t432,money_t432,quads_t432,crop_WHEAT_t576,crop_CARROT_t576,crop_TOMATO_t576,crop_STRAWBERRY_t576,crop_MELON_t576,ani_COW_t576,ani_SHEEP_t576,ani_GOOSE_t576,hands_t576,money_t576,quads_t576
111409601,0,Unknown Mother-Goose,95820.0,98913.0,0,0,PET_CAFE|ICE_CREAM_SHOP|PIZZA_SHOP|FARMERS_MARKET|YARN_STORE|BRUNCH_SPOT|YARN_STORE|BAKERY,22031,13521,3067,12236,10962,7124,11541,15723,8631,660,297,41,124,48,160,153,85,180,2,563,470,332,250,335,338,148,31,7282,42534,55020,0,0,0,9,11,2,3,0,5,847.0,1,30,1,4,15,3,11,3,2,11,13195.0,3,26,0,7,25,0,11,4,2,11,43019.0,3,30,11,4,12,0,11,4,2,11,62961.0,3
111409601,1,Vadim Vasilenko,98913.0,95820.0,1,0,PET_CAFE|ICE_CREAM_SHOP|PIZZA_SHOP|FARMERS_MARKET|YARN_STORE|BRUNCH_SPOT|YARN_STORE|BAKERY,10513,11037,1336,18511,21870,706,8854,21507,5496,301,224,18,165,96,16,132,107,90,2,383,383,331,250,407,310,148,31,7442,53430,38958,0,0,0,8,12,2,3,0,6,715.0,1,27,5,3,22,2,10,3,2,11,11714.0,3,13,11,7,26,0,10,5,2,11,41721.0,3,25,19,5,5,0,10,5,2,11,68006.0,3
111414746,0,Unknown Mother-Goose,112408.0,106485.0,1,0,BRUNCH_SPOT|BAKERY|ICE_CREAM_SHOP|SMOOTHIE_SHOP|YARN_STORE|YARN_STORE|PIZZA_SHOP|ICE_CREAM_SHOP,18964,465,264,27810,10674,22158,14284,18996,10820,502,15,4,282,54,466,119,94,254,2,707,611,334,250,275,338,148,31,7653,52165,64617,0,0,0,11,9,2,3,0,5,636.0,1,26,0,0,27,2,6,3,8,11,11576.0,3,17,0,2,38,0,6,4,8,11,39069.0,3,31,0,2,21,0,6,6,8,11,74713.0,3
111414746,1,Gleb Tumanov,106485.0,112408.0,0,0,BRUNCH_SPOT|BAKERY|ICE_CREAM_SHOP|SMOOTHIE_SHOP|YARN_STORE|YARN_STORE|PIZZA_SHOP|ICE_CREAM_SHOP,70764,651,0,12805,13464,574,3405,3630,4311,1709,22,0,114,60,12,27,20,87,1,684,-1,399,250,343,258,150,31,3954,56068,49582,3,0,0,4,12,4,2,0,4,781.0,1,21,0,0,33,0,6,6,3,11,13789.0,3,25,0,0,33,0,6,6,4,11,34832.0,3,38,0,0,19,0,6,7,4,11,69792.0,3
111419538,0,Snorlax,60492.0,83413.0,0,0,BAKERY|BAKERY|BAKERY|PET_CAFE|YARN_STORE|ICE_CREAM_SHOP|YARN_STORE|PIZZA_SHOP,4627,51,0,396,648,220,0,1194,3186,166,3,0,6,4,4,0,6,50,80,718,-1,384,374,262,-1,148,73,3482,5159,1681,3,0,0,13,15,4,2,1,7,19.0,2,35,0,0,16,15,4,2,3,7,11625.0,3,42,1,7,16,0,4,2,3,9,34059.0,3,21,35,7,1,0,4,2,3,9,45240.0,3
111419538,1,Unknown Mother-Goose,83413.0,60492.0,1,0,BAKERY|BAKERY|BAKERY|PET_CAFE|YARN_STORE|ICE_CREAM_SHOP|YARN_STORE|PIZZA_SHOP,17070,7462,795,1526,12858,33838,889,19291,9569,697,275,14,55,54,649,25,106,210,2,384,518,337,250,287,338,148,27,8136,39268,55894,0,0,0,9,11,2,3,0,5,796.0,1,41,0,1,9,4,5,3,10,11,15136.0,3,19,15,3,12,0,5,6,10,11,34602.0,3,28,20,3,3,0,3,6,10,11,53391.0,3
111423781,0,Unknown Mother-Goose,132415.0,114076.0,1,0,YARN_STORE|ICE_CREAM_SHOP|PIZZA_SHOP|PIZZA_SHOP|BRUNCH_SPOT|YARN_STORE|BRUNCH_SPOT|ICE_CREAM_SHOP,24443,0,4210,10834,9990,1048,31653,38015,10166,649,0,54,112,48,20,216,203,292,2,-1,477,312,250,455,338,148,31,9082,63107,58170,0,0,0,10,10,2,3,0,5,667.0,1,26,0,4,17,2,11,10,1,11,10699.0,3,24,0,8,21,0,11,10,1,12,53910.0,3,40,0,5,8,0,11,10,0,11,95354.0,3
111423781,1,Shoko,114076.0,132415.0,0,0,YARN_STORE|ICE_CREAM_SHOP|PIZZA_SHOP|PIZZA_SHOP|BRUNCH_SPOT|YARN_STORE|BRUNCH_SPOT|ICE_CREAM_SHOP,12720,1112,0,5937,12486,0,8014,19885,5566,334,37,0,99,54,0,51,107,122,1,674,-1,396,249,-1,292,221,31,5066,38056,22598,3,0,0,4,12,4,2,0,4,839.0,1,20,0,0,33,0,6,11,0,11,17420.0,3,25,0,0,33,0,6,11,0,11,53038.0,3,38,0,0,20,0,6,11,0,12,84376.0,3
111424876,0,Vadim Vasilenko,89920.0,92074.0,0,0,PIZZA_SHOP|PIZZA_SHOP|BAKERY|BRUNCH_SPOT|BAKERY|YARN_STORE|BRUNCH_SPOT|BRUNCH_SPOT,23257,2179,7863,14148,22050,0,14549,13682,5465,717,85,120,113,96,0,239,84,103,2,671,383,362,250,-1,334,148,27,8024,55124,40045,0,0,0,8,12,2,3,0,6,534.0,1,31,0,10,14,2,14,3,0,11,11576.0,3,24,0,16,17,0,14,3,0,11,45004.0,3,40,4,9,3,0,14,4,0,11,62768.0,3
111424876,1,Majkel1337,92074.0,89920.0,1,0,PIZZA_SHOP|PIZZA_SHOP|BAKERY|BRUNCH_SPOT|BAKERY|YARN_STORE|BRUNCH_SPOT|BRUNCH_SPOT,17633,1638,5010,2857,11862,2108,13589,9572,5009,496,54,73,36,57,35,170,63,79,8,643,428,397,251,359,195,149,28,8192,36198,24888,5,0,0,0,13,4,2,1,6,803.0,1,38,0,5,14,1,9,3,4,11,16564.0,3,22,0,23,14,0,9,3,4,11,45519.0,3,27,6,20,3,0,7,3,4,11,63386.0,3
111424879,0,Vadim Vasilenko,93683.0,80501.0,1,0,PET_CAFE|SMOOTHIE_SHOP|YARN_STORE|SMOOTHIE_SHOP|BAKERY|PIZZA_SHOP|FARMERS_MARKET|FARMERS_MARKET,15352,7066,1690,23975,20724,1422,11291,21854,5148,487,180,22,196,90,32,126,195,127,2,407,527,330,250,311,310,148,27,8201,61945,38376,0,0,0,8,12,2,3,0,6,531.0,1,26,2,2,22,2,8,10,2,11,9212.0,3,14,9,2,28,0,8,10,2,11,47757.0,3,32,14,1,7,0,8,10,2,11,69642.0,3
111424879,1,Sida Zuo,80501.0,93683.0,0,0,PET_CAFE|SMOOTHIE_SHOP|YARN_STORE|SMOOTHIE_SHOP|BAKERY|PIZZA_SHOP|FARMERS_MARKET|FARMERS_MARKET,10438,1874,0,947,9150,792,6715,4776,6531,343,45,0,69,42,18,73,70,133,143,642,-1,428,250,398,196,150,33,6204,17945,17074,0,0,0,8,9,5,2,0,6,696.0,1,3,23,0,26,4,6,7,2,11,14733.0,3,24,2,0,25,4,7,7,2,11,40801.0,3,43,11,0,1,0,7,7,2,11,62693.0,3
111429218,0,Unknown Mother-Goose,102082.0,95392.0,1,0,FARMERS_MARKET|SMOOTHIE_SHOP|YARN_STORE|BAKERY|SMOOTHIE_SHOP|BAKERY|SMOOTHIE_SHOP|PET_CAFE,16804,11782,5329,22090,12876,2380,14143,10735,11317,464,266,83,173,54,43,149,129,234,2,480,499,334,250,528,255,148,31,7521,47762,52173,0,0,0,10,10,2,3,0,5,698.0,1,19,0,2,27,1,8,8,1,11,12700.0,3,17,1,9,29,1,8,9,1,11,45907.0,3,32,7,7,7,0,8,9,1,11,76171.0,3
111429218,1,QQ,95392.0,102082.0,0,0,FARMERS_MARKET|SMOOTHIE_SHOP|YARN_STORE|BAKERY|SMOOTHIE_SHOP|BAKERY|SMOOTHIE_SHOP|PET_CAFE,6647,2593,2256,19339,5342,1141,6129,10785,9632,185,61,32,183,28,22,68,105,179,2,503,526,380,259,309,246,148,31,5052,33653,25159,0,0,0,7,13,2,3,0,7,1244.0,1,18,4,0,32,5,6,8,2,12,13535.0,3,2,0,17,38,2,6,8,2,12,40583.0,3,20,0,17,21,0,6,8,2,12,67712.0,3
111430325,0,Kaggledew Valley 🏆,107706.0,117484.0,0,0,ICE_CREAM_SHOP|BAKERY|SMOOTHIE_SHOP|BRUNCH_SPOT|PET_CAFE|SMOOTHIE_SHOP|FARMERS_MARKET|YARN_STORE,8074,2937,433,16841,4533,5898,16336,2205,6580,210,69,7,106,27,114,141,18,136,111,647,335,454,258,278,196,151,29,7225,26717,29895,2,0,1,5,7,5,2,1,7,1036.0,1,20,0,2,27,7,10,3,4,8,10314.0,3,11,0,2,33,7,10,3,6,11,33838.0,3,19,7,1,22,2,10,3,6,11,77933.0,3
111430325,1,Vadim Vasilenko,117484.0,107706.0,1,0,ICE_CREAM_SHOP|BAKERY|SMOOTHIE_SHOP|BRUNCH_SPOT|PET_CAFE|SMOOTHIE_SHOP|FARMERS_MARKET|YARN_STORE,17358,9583,1358,38005,23124,1129,19367,7533,5180,454,215,21,229,96,22,181,67,104,2,647,647,377,250,407,310,148,31,7958,58782,55897,0,0,0,8,12,2,3,0,6,777.0,1,24,0,1,32,2,11,3,2,11,11715.0,3,22,0,1,36,0,11,3,2,11,49904.0,3,33,9,2,15,0,11,3,2,11,86000.0,3
111434059,0,Artem The Farmer 🍅,115149.0,122632.0,0,0,YARN_STORE|ICE_CREAM_SHOP|FARMERS_MARKET|PIZZA_SHOP|SMOOTHIE_SHOP|BRUNCH_SPOT|PET_CAFE|BAKERY,12773,1713,1001,18794,12162,0,8715,11122,4076,308,40,13,132,54,0,59,136,151,2,692,669,406,250,-1,195,291,31,3514,33184,33658,3,0,0,4,12,4,2,0,5,354.0,1,25,0,0,26,1,6,15,0,11,14534.0,3,15,0,10,28,1,6,15,0,12,49667.0,3,21,10,12,13,0,6,13,0,12,81559.0,3
111434059,1,Unknown Mother-Goose,122632.0,115149.0,1,0,YARN_STORE|ICE_CREAM_SHOP|FARMERS_MARKET|PIZZA_SHOP|SMOOTHIE_SHOP|BRUNCH_SPOT|PET_CAFE|BAKERY,20937,8430,3220,29812,10236,2118,19554,19272,8361,501,195,41,189,48,38,140,160,217,2,624,519,336,250,407,337,148,27,9196,51961,60783,0,0,0,9,11,2,3,0,5,732.0,1,25,0,0,26,2,8,10,1,11,11202.0,3,18,0,5,32,0,8,10,1,11,50452.0,3,24,13,4,17,0,8,6,1,11,86280.0,3
111435174,0,Otter Vibe,92951.0,102566.0,0,0,BRUNCH_SPOT|PET_CAFE|SMOOTHIE_SHOP|BRUNCH_SPOT|PET_CAFE|YARN_STORE|ICE_CREAM_SHOP|FARMERS_MARKET,8654,3123,0,11916,6618,3936,2866,1891,8348,236,67,0,82,30,91,45,24,175,118,575,-1,383,249,311,198,293,29,2813,24660,19879,0,0,0,10,12,2,3,1,3,4.0,2,27,2,1,22,4,6,3,8,10,13818.0,3,20,5,2,29,2,6,3,8,12,38999.0,3,22,21,1,10,0,6,7,8,14,62100.0,3
111435174,1,Vadim Vasilenko,102566.0,92951.0,1,0,BRUNCH_SPOT|PET_CAFE|SMOOTHIE_SHOP|BRUNCH_SPOT|PET_CAFE|YARN_STORE|ICE_CREAM_SHOP|FARMERS_MARKET,15246,13645,1016,38060,22632,4253,6748,10897,6271,414,283,16,256,102,96,121,81,119,2,359,673,377,250,256,334,148,31,7374,54043,57351,0,0,0,8,12,2,3,0,6,710.0,1,23,5,1,30,2,7,3,4,11,10968.0,3,12,11,1,36,0,7,3,4,11,39835.0,3,26,19,2,14,0,7,3,4,11,69563.0,3
111435189,0,Vadim Vasilenko,112566.0,111990.0,1,0,FARMERS_MARKET|SMOOTHIE_SHOP|PET_CAFE|YARN_STORE|SMOOTHIE_SHOP|PET_CAFE|YARN_STORE|BAKERY,17675,17386,2700,25877,22224,1814,8964,25000,5385,456,337,38,185,96,42,157,144,136,2,359,577,358,250,311,310,148,31,7501,60670,58854,0,0,0,8,12,2,3,0,6,716.0,1,23,5,0,31,2,9,3,2,11,11326.0,3,9,11,3,31,0,9,8,2,11,42591.0,3,22,19,5,6,0,9,8,2,11,78600.0,3
111435189,1,THIRD FARM CLUB,111990.0,112566.0,0,0,FARMERS_MARKET|SMOOTHIE_SHOP|PET_CAFE|YARN_STORE|SMOOTHIE_SHOP|PET_CAFE|YARN_STORE|BAKERY,5858,7378,1888,23237,3000,3425,2668,15212,4850,155,142,26,163,15,81,48,78,89,73,361,504,336,249,404,330,149,28,5897,21779,39840,3,0,0,9,12,2,3,0,6,43.0,2,14,3,6,29,5,9,3,6,11,7055.0,3,14,1,6,28,3,9,7,6,10,35411.0,3,24,13,4,9,1,5,7,6,9,67139.0,3
111439478,0,Unknown Mother-Goose,90753.0,76936.0,1,0,PIZZA_SHOP|YARN_STORE|PET_CAFE|BAKERY|FARMERS_MARKET|ICE_CREAM_SHOP|BAKERY|FARMERS_MARKET,23227,18847,6658,4833,10650,1536,9522,18342,8410,578,393,96,64,54,29,126,198,215,2,495,454,336,250,360,338,148,27,9126,46772,46127,0,0,0,10,10,2,3,0,5,781.0,1,34,0,5,10,2,9,11,1,11,12268.0,3,18,13,11,13,0,9,10,1,11,49680.0,3,36,12,5,3,0,8,10,1,11,64762.0,3
111439478,1,Planned Economy,76936.0,90753.0,0,0,PIZZA_SHOP|YARN_STORE|PET_CAFE|BAKERY|FARMERS_MARKET|ICE_CREAM_SHOP|BAKERY|FARMERS_MARKET,4240,408,4388,5446,12276,216,1310,6424,5432,128,8,65,85,54,4,31,94,110,2,623,478,430,249,405,263,221,31,4634,22052,13454,3,0,0,4,12,4,2,0,4,617.0,1,16,3,7,18,4,6,12,2,10,15939.0,3,4,0,23,16,4,6,12,2,12,39286.0,3,27,4,18,4,1,6,12,2,12,50633.0,3
111440625,0,DeeperNet,132231.0,145726.0,0,0,FARMERS_MARKET|FARMERS_MARKET|FARMERS_MARKET|FARMERS_MARKET|SMOOTHIE_SHOP|SMOOTHIE_SHOP|BRUNCH_SPOT|BAKERY,12363,1989,2943,50770,13296,504,1900,1636,3013,294,25,10,234,60,12,64,51,47,2,695,649,384,250,530,243,221,31,2626,27193,58595,3,0,0,4,12,4,2,0,5,380.0,1,30,0,0,30,1,5,4,3,10,16782.0,3,14,0,5,43,1,5,4,3,11,28311.0,3,23,0,11,29,0,5,4,3,11,67931.0,3
111440625,1,Vadim Vasilenko,145726.0,132231.0,1,0,FARMERS_MARKET|FARMERS_MARKET|FARMERS_MARKET|FARMERS_MARKET|SMOOTHIE_SHOP|SMOOTHIE_SHOP|BRUNCH_SPOT|BAKERY,16861,9416,70711,73358,20592,3920,2200,3722,6599,393,123,243,328,96,92,98,60,93,2,695,527,378,250,359,339,148,27,8067,53973,145339,0,0,0,8,12,2,3,0,6,640.0,1,20,0,0,40,2,6,3,4,11,10320.0,3,11,0,8,43,0,6,3,4,11,33401.0,3,24,0,20,18,0,6,3,4,11,77425.0,3
111444978,0,Unknown Mother-Goose,153533.0,138292.0,1,0,PIZZA_SHOP|ICE_CREAM_SHOP|PIZZA_SHOP|ICE_CREAM_SHOP|SMOOTHIE_SHOP|BRUNCH_SPOT|PIZZA_SHOP|PET_CAFE,22445,0,5068,30786,11398,1844,66179,3832,11362,575,0,59,186,53,35,356,32,271,2,-1,498,331,250,359,291,148,31,7796,61762,83356,0,0,0,9,11,2,3,0,5,825.0,1,34,0,4,13,2,16,3,1,11,11996.0,3,19,0,6,29,0,16,3,1,11,54390.0,3,36,0,3,16,0,16,3,1,11,101034.0,3
111444978,1,kwa,138292.0,153533.0,0,0,PIZZA_SHOP|ICE_CREAM_SHOP|PIZZA_SHOP|ICE_CREAM_SHOP|SMOOTHIE_SHOP|BRUNCH_SPOT|PIZZA_SHOP|PET_CAFE,18336,0,7022,26743,8162,0,40568,3186,8614,460,0,78,158,37,0,229,39,169,76,-1,383,322,247,-1,197,149,43,8520,46808,57303,0,0,0,8,12,2,3,0,6,824.0,1,29,0,3,23,3,13,3,0,11,12418.0,3,17,0,9,30,0,13,3,0,11,45225.0,3,36,0,11,12,0,13,3,0,11,93969.0,3
111446106,0,Vadim Vasilenko,122853.0,117158.0,1,0,BRUNCH_SPOT|YARN_STORE|FARMERS_MARKET|ICE_CREAM_SHOP|ICE_CREAM_SHOP|PIZZA_SHOP|BRUNCH_SPOT|YARN_STORE,28051,0,1048,42509,22752,0,13023,25791,6540,671,0,14,264,96,0,105,247,143,2,-1,527,385,250,-1,254,148,31,8414,58974,72326,0,0,0,8,12,2,3,0,6,716.0,1,28,0,1,29,2,5,10,0,11,12070.0,3,22,0,2,35,0,6,10,0,11,47443.0,3,39,0,2,16,0,7,10,0,11,82538.0,3
111446106,1,QQ,117158.0,122853.0,0,0,BRUNCH_SPOT|YARN_STORE|FARMERS_MARKET|ICE_CREAM_SHOP|ICE_CREAM_SHOP|PIZZA_SHOP|BRUNCH_SPOT|YARN_STORE,7110,141,592,23745,9264,1304,8024,9622,11179,174,3,8,158,48,23,64,118,208,2,718,525,312,258,382,344,149,31,7458,32042,31481,0,0,0,8,12,2,3,0,6,748.0,1,20,1,0,33,5,4,9,3,12,11607.0,3,5,0,9,42,2,5,9,3,12,38938.0,3,22,0,10,24,0,6,9,3,12,72907.0,3
111446139,0,SpaTaro,84020.0,74636.0,1,0,PET_CAFE|PIZZA_SHOP|PET_CAFE|BRUNCH_SPOT|FARMERS_MARKET|SMOOTHIE_SHOP|BRUNCH_SPOT|SMOOTHIE_SHOP,24714,12862,0,24539,14102,0,6234,2475,5078,784,353,0,146,61,0,156,28,132,3,267,-1,385,250,-1,295,150,37,5387,39586,45031,2,0,0,6,10,5,2,0,7,144.0,1,16,38,0,6,0,9,2,0,10,19327.0,3,18,19,0,27,0,9,2,0,9,39179.0,3,30,13,0,21,0,9,2,0,10,54235.0,3
111446139,1,Vadim Vasilenko,74636.0,84020.0,0,0,PET_CAFE|PIZZA_SHOP|PET_CAFE|BRUNCH_SPOT|FARMERS_MARKET|SMOOTHIE_SHOP|BRUNCH_SPOT|SMOOTHIE_SHOP,15456,13949,3348,21341,21288,1467,4015,3773,6050,499,439,42,138,96,27,163,77,112,2,335,385,330,250,311,310,148,27,8118,47224,35345,0,0,0,8,12,2,3,0,6,551.0,1,23,17,4,15,2,9,3,2,11,12692.0,3,14,18,7,19,0,9,3,2,11,36360.0,3,30,21,5,5,0,9,3,2,11,54765.0,3
111450521,0,lihaoruolhr,103941.0,115009.0,0,0,ICE_CREAM_SHOP|ICE_CREAM_SHOP|PET_CAFE|BAKERY|PIZZA_SHOP|SMOOTHIE_SHOP|PIZZA_SHOP|SMOOTHIE_SHOP,12409,1561,0,10656,12336,1447,17661,2052,7855,327,34,0,126,54,28,106,30,166,1,674,-1,399,250,361,319,150,31,5392,35129,25456,3,0,0,4,12,4,2,0,4,788.0,1,21,0,0,33,0,9,5,3,10,17306.0,3,25,0,0,33,0,9,5,3,11,44428.0,3,38,0,0,20,0,9,5,3,10,72555.0,3
111450521,1,Unknown Mother-Goose,115009.0,103941.0,1,0,ICE_CREAM_SHOP|ICE_CREAM_SHOP|PET_CAFE|BAKERY|PIZZA_SHOP|SMOOTHIE_SHOP|PIZZA_SHOP|SMOOTHIE_SHOP,21442,9815,2344,24107,8466,3992,36344,4658,7930,586,204,32,232,42,78,212,41,175,2,599,450,334,250,384,242,148,31,7644,52016,59438,0,0,0,11,9,2,3,0,5,600.0,1,24,0,1,35,0,10,3,1,11,11929.0,3,20,0,4,37,0,10,3,1,11,46069.0,3,29,12,4,14,0,10,3,1,12,79935.0,3
111451675,0,Otter Vibe,90942.0,93055.0,0,0,YARN_STORE|BRUNCH_SPOT|FARMERS_MARKET|PIZZA_SHOP|BAKERY|SMOOTHIE_SHOP|BAKERY|PIZZA_SHOP,9281,1920,142,5916,6978,1906,2454,12717,6882,235,48,2,40,30,36,27,99,152,118,696,598,358,249,335,198,293,29,2807,32005,13384,0,0,0,9,12,2,3,1,3,98.0,2,20,0,7,26,3,4,10,4,10,13344.0,3,12,0,17,26,2,4,10,4,12,47769.0,3,33,0,10,13,1,4,10,4,11,66672.0,3
111451675,1,Unknown Mother-Goose,93055.0,90942.0,1,0,YARN_STORE|BRUNCH_SPOT|FARMERS_MARKET|PIZZA_SHOP|BAKERY|SMOOTHIE_SHOP|BAKERY|PIZZA_SHOP,24926,622,1362,14933,10776,9092,6010,21942,11893,633,14,19,194,48,170,73,196,267,2,693,519,334,250,360,337,148,31,8908,46871,45777,0,0,0,7,13,2,3,0,5,816.0,1,22,0,0,28,4,5,10,3,11,11690.0,3,21,0,4,32,0,5,10,3,11,43605.0,3,34,0,3,20,0,5,9,3,11,68503.0,3
111451677,0,QQ,117809.0,130060.0,0,0,ICE_CREAM_SHOP|FARMERS_MARKET|BRUNCH_SPOT|PIZZA_SHOP|SMOOTHIE_SHOP|YARN_STORE|YARN_STORE|ICE_CREAM_SHOP,9316,144,950,19442,9097,1146,9581,6934,12034,226,3,12,189,51,23,64,44,197,2,717,576,333,258,330,300,149,31,6481,36161,26002,0,0,0,8,12,2,3,0,6,839.0,1,17,0,0,41,4,7,3,3,12,14066.0,3,4,0,12,44,2,7,3,3,12,43953.0,3,20,0,13,22,0,7,7,3,12,76491.0,3
111451677,1,Unknown Mother-Goose,130060.0,117809.0,1,0,ICE_CREAM_SHOP|FARMERS_MARKET|BRUNCH_SPOT|PIZZA_SHOP|SMOOTHIE_SHOP|YARN_STORE|YARN_STORE|ICE_CREAM_SHOP,22827,0,7084,28039,9984,4728,23769,16436,11649,545,0,89,208,42,97,165,95,206,2,-1,546,337,250,336,338,148,31,7462,49228,67826,0,0,0,10,10,2,3,0,5,732.0,1,23,0,0,36,2,8,3,2,11,13890.0,3,16,0,9,37,0,8,3,2,11,44703.0,3,32,0,8,16,0,8,6,2,11,82643.0,3
111451695,0,Vadim Vasilenko,110715.0,106922.0,1,0,SMOOTHIE_SHOP|PET_CAFE|SMOOTHIE_SHOP|BAKERY|PIZZA_SHOP|BRUNCH_SPOT|BRUNCH_SPOT|SMOOTHIE_SHOP,15973,8772,4223,30419,22212,2047,22312,4082,5469,455,220,78,203,96,42,160,87,107,2,362,407,318,250,335,310,148,31,7430,56314,51765,0,0,0,8,12,2,3,0,6,774.0,1,24,2,1,31,2,10,3,2,11,11732.0,3,11,13,4,32,0,10,3,2,11,49672.0,3,33,6,8,11,0,10,3,2,11,75623.0,3
111451695,1,THIRD FARM CLUB,106922.0,110715.0,0,0,SMOOTHIE_SHOP|PET_CAFE|SMOOTHIE_SHOP|BAKERY|PIZZA_SHOP|BRUNCH_SPOT|BRUNCH_SPOT|SMOOTHIE_SHOP,5676,1864,1052,24745,3877,1227,14159,2910,5592,170,45,18,162,23,26,131,18,99,73,355,622,384,249,404,196,149,28,7426,28134,25542,3,0,0,9,12,2,3,0,6,32.0,2,13,6,2,30,5,11,3,4,11,8157.0,3,17,0,6,27,5,11,3,5,9,41246.0,3,31,7,9,6,3,11,1,5,9,73946.0,3
111456756,0,mtmr_s1,95825.0,101283.0,0,0,FARMERS_MARKET|BAKERY|SMOOTHIE_SHOP|PET_CAFE|BRUNCH_SPOT|YARN_STORE|BRUNCH_SPOT|SMOOTHIE_SHOP,7840,1004,268,4502,13188,572,1174,3645,4912,206,24,4,34,54,12,19,44,87,1,667,717,451,250,338,258,150,31,4914,22954,9237,3,0,0,4,12,4,2,0,4,767.0,1,21,0,0,33,0,6,6,5,11,16527.0,3,10,15,0,33,0,6,6,5,10,30996.0,3,20,15,10,15,0,4,6,5,11,60349.0,3
111456756,1,Majkel1337,101283.0,95825.0,1,0,FARMERS_MARKET|BAKERY|SMOOTHIE_SHOP|PET_CAFE|BRUNCH_SPOT|YARN_STORE|BRUNCH_SPOT|SMOOTHIE_SHOP,11072,6719,3133,29357,4752,5316,6176,8879,5714,280,148,41,180,32,117,119,75,91,266,384,599,406,286,259,195,151,27,6157,34164,40797,2,0,0,3,13,4,3,0,6,421.0,1,23,0,0,29,6,6,3,7,12,2665.0,3,12,7,9,31,0,6,3,7,12,32808.0,3,25,13,10,10,0,6,3,7,11,65292.0,3
111457276,0,THUNDER THUNDER,101630.0,103994.0,0,0,ICE_CREAM_SHOP|PIZZA_SHOP|BAKERY|FARMERS_MARKET|ICE_CREAM_SHOP|YARN_STORE|YARN_STORE|PIZZA_SHOP,11003,237,304,3646,6882,0,11327,8269,6663,278,6,4,26,30,0,190,43,138,59,713,474,381,247,-1,250,150,33,5515,26884,15932,7,0,0,10,8,5,2,0,6,44.0,2,24,2,6,26,0,12,3,0,10,15203.0,3,16,0,13,31,0,12,3,0,12,44738.0,3,19,0,7,15,0,12,17,0,12,61248.0,3
111457276,1,Unknown Mother-Goose,103994.0,101630.0,1,0,ICE_CREAM_SHOP|PIZZA_SHOP|BAKERY|FARMERS_MARKET|ICE_CREAM_SHOP|YARN_STORE|YARN_STORE|PIZZA_SHOP,25010,2680,3615,13302,11184,11940,16071,14257,10021,629,66,48,119,48,223,216,76,260,2,575,476,334,250,360,337,148,27,7785,46327,53968,0,0,0,10,10,2,3,0,5,802.0,1,35,0,3,16,2,12,3,3,11,13706.0,3,23,0,6,26,0,12,3,3,11,46565.0,3,32,7,4,12,0,12,4,3,11,71526.0,3
111457295,0,Artem The Farmer 🍅,108243.0,118952.0,0,0,YARN_STORE|PIZZA_SHOP|PIZZA_SHOP|YARN_STORE|BRUNCH_SPOT|ICE_CREAM_SHOP|ICE_CREAM_SHOP|BRUNCH_SPOT,15328,810,900,4504,10902,0,11989,20103,2741,387,24,12,35,48,0,122,188,178,2,693,498,401,250,-1,195,221,31,4445,33638,29194,3,0,0,4,12,4,2,0,5,350.0,1,38,0,3,13,1,10,10,0,11,17051.0,3,20,0,15,12,0,10,16,0,12,44662.0,3,36,0,9,1,0,10,16,0,11,80981.0,3
111457295,1,Vadim Vasilenko,118952.0,108243.0,1,0,YARN_STORE|PIZZA_SHOP|PIZZA_SHOP|YARN_STORE|BRUNCH_SPOT|ICE_CREAM_SHOP|ICE_CREAM_SHOP|BRUNCH_SPOT,25325,0,4708,8965,20640,0,20879,49230,5126,650,0,63,74,96,0,187,327,168,2,-1,407,313,250,-1,310,149,27,8947,77901,48025,0,0,0,8,12,2,3,0,6,642.0,1,33,0,5,14,2,10,10,0,11,10500.0,3,23,0,10,14,0,10,14,0,11,52025.0,3,41,0,6,1,0,10,14,0,11,90562.0,3
111457297,0,Unknown Mother-Goose,89490.0,88423.0,1,0,BAKERY|BAKERY|YARN_STORE|BAKERY|BRUNCH_SPOT|YARN_STORE|YARN_STORE|PET_CAFE,20186,5163,536,1402,8994,19844,1511,35730,8740,761,232,9,104,48,341,36,180,157,2,595,587,337,250,282,338,148,31,7146,42653,52307,0,0,0,9,11,2,3,0,5,826.0,1,37,0,0,10,4,5,8,5,12,11754.0,3,35,0,4,18,0,5,8,5,11,42162.0,3,41,2,5,9,0,4,8,5,11,61297.0,3
111457297,1,kwa,88423.0,89490.0,0,0,BAKERY|BAKERY|YARN_STORE|BAKERY|BRUNCH_SPOT|YARN_STORE|YARN_STORE|PET_CAFE,15164,4751,1010,1749,8616,4552,608,16361,10396,510,178,20,72,42,80,62,89,219,76,599,551,322,247,270,310,149,43,7315,32729,23163,0,0,0,8,12,2,3,0,6,823.0,1,28,0,0,15,5,5,10,5,11,9669.0,3,36,0,2,15,0,5,9,5,11,33904.0,3,19,25,4,0,0,5,11,5,11,53552.0,3
111457299,0,Vadim Vasilenko,102248.0,97690.0,1,0,ICE_CREAM_SHOP|BRUNCH_SPOT|BAKERY|ICE_CREAM_SHOP|SMOOTHIE_SHOP|YARN_STORE|BAKERY|PET_CAFE,22387,3400,693,30644,21060,1458,12613,11415,6534,590,91,11,273,96,24,177,82,118,2,695,671,358,250,335,310,148,31,7922,59255,43027,0,0,0,9,11,2,3,0,6,716.0,1,30,0,0,29,2,9,3,2,11,11434.0,3,24,0,0,37,0,9,3,2,11,46334.0,3,44,0,1,14,0,9,4,2,11,79528.0,3
111457299,1,SpaTaro,97690.0,102248.0,0,0,ICE_CREAM_SHOP|BRUNCH_SPOT|BAKERY|ICE_CREAM_SHOP|SMOOTHIE_SHOP|YARN_STORE|BAKERY|PET_CAFE,25145,1143,0,37916,20391,0,13810,9033,9099,657,30,0,323,90,0,203,87,173,4,693,-1,363,246,-1,243,150,32,6765,62258,47514,0,0,0,7,11,5,2,0,6,2.0,1,36,0,0,27,0,10,2,0,9,14942.0,3,15,0,0,48,0,10,2,0,10,46843.0,3,35,0,0,22,0,10,7,0,10,74001.0,3
111457875,0,Majkel1337,94420.0,89640.0,1,0,PIZZA_SHOP|PET_CAFE|FARMERS_MARKET|BAKERY|PIZZA_SHOP|ICE_CREAM_SHOP|BRUNCH_SPOT|PET_CAFE,14734,4438,11622,9676,10656,2690,16258,1986,6558,372,99,145,76,60,62,167,36,108,258,379,384,366,275,310,195,151,27,6192,34931,37495,2,0,0,3,13,4,3,0,6,497.0,1,29,0,7,16,6,7,3,6,12,10367.0,3,16,5,22,16,0,7,3,6,11,38125.0,3,27,8,19,4,0,7,2,6,11,57403.0,3
111457875,1,Orbital Terraformer,89640.0,94420.0,0,0,PIZZA_SHOP|PET_CAFE|FARMERS_MARKET|BAKERY|PIZZA_SHOP|ICE_CREAM_SHOP|BRUNCH_SPOT|PET_CAFE,19372,10738,8817,17957,9726,2782,14556,3713,4692,489,229,110,136,42,65,183,45,72,2,371,478,334,251,383,262,149,27,7255,39111,45987,0,0,0,8,12,2,3,0,6,777.0,1,27,4,4,19,2,8,4,2,11,15504.0,3,15,10,10,21,0,8,3,2,11,40471.0,3,16,28,10,4,0,8,3,2,11,61047.0,3
111458996,0,Kaggledew Valley 🏆,86077.0,92457.0,0,0,PIZZA_SHOP|PET_CAFE|BRUNCH_SPOT|BAKERY|BAKERY|ICE_CREAM_SHOP|ICE_CREAM_SHOP|FARMERS_MARKET,10896,3703,5435,8517,2410,7492,6541,1275,7757,282,81,86,88,20,168,96,11,142,111,650,362,361,313,266,293,150,29,4987,22966,26073,2,0,2,4,9,6,2,0,5,856.0,1,17,0,13,18,7,7,3,8,9,11736.0,3,16,0,14,18,5,7,3,8,10,35271.0,3,36,1,3,8,2,7,2,8,12,59411.0,3
111458996,1,Majkel1337,92457.0,86077.0,1,0,PIZZA_SHOP|PET_CAFE|BRUNCH_SPOT|BAKERY|BAKERY|ICE_CREAM_SHOP|ICE_CREAM_SHOP|FARMERS_MARKET,13964,5422,3946,11241,11514,4257,13465,2174,5721,355,110,74,79,54,95,159,37,97,288,384,425,395,275,311,195,151,27,6286,36951,28467,2,0,0,3,13,4,3,0,6,514.0,1,26,0,6,19,6,7,3,6,12,9600.0,3,19,1,17,21,0,7,2,6,11,38286.0,3,27,14,11,7,0,7,2,6,11,58599.0,3
111460118,0,Otter Vibe,96220.0,107611.0,0,0,ICE_CREAM_SHOP|SMOOTHIE_SHOP|PET_CAFE|PET_CAFE|SMOOTHIE_SHOP|PET_CAFE|BRUNCH_SPOT|PET_CAFE,8092,3902,0,5500,6072,649,3963,153,7203,248,88,0,40,24,15,45,6,127,118,432,-1,360,249,380,198,294,29,3139,18322,14073,0,0,0,9,12,2,3,1,3,100.0,2,26,0,2,27,3,10,3,3,9,15096.0,3,13,13,4,27,2,10,3,3,13,43552.0,3,21,26,1,11,0,10,3,3,14,73711.0,3
111460118,1,Majkel1337,107611.0,96220.0,1,0,ICE_CREAM_SHOP|SMOOTHIE_SHOP|PET_CAFE|PET_CAFE|SMOOTHIE_SHOP|PET_CAFE|BRUNCH_SPOT|PET_CAFE,8546,10640,780,34318,10238,178,25571,1818,5911,269,226,16,207,52,4,235,46,89,312,384,647,398,275,358,195,151,27,6246,56294,35460,2,0,0,3,13,4,3,0,6,415.0,1,19,0,0,33,6,11,3,1,12,8093.0,3,12,10,4,34,0,11,3,1,12,44900.0,3,15,26,5,14,0,11,2,1,11,77683.0,3
111461246,0,Majkel1337,109591.0,97267.0,1,0,YARN_STORE|PET_CAFE|YARN_STORE|FARMERS_MARKET|PIZZA_SHOP|PIZZA_SHOP|PET_CAFE|PIZZA_SHOP,8894,8656,6209,4077,10746,0,13758,41939,5089,236,182,91,98,54,0,79,315,95,290,354,456,361,275,-1,195,151,27,8156,55289,35923,2,0,0,3,13,3,4,0,6,532.0,1,30,3,2,13,6,3,18,0,12,8236.0,3,11,9,15,17,0,3,18,0,12,55366.0,3,19,19,17,3,0,3,13,0,11,74051.0,3
111461246,1,QQ,97267.0,109591.0,0,0,YARN_STORE|PET_CAFE|YARN_STORE|FARMERS_MARKET|PIZZA_SHOP|PIZZA_SHOP|PET_CAFE|PIZZA_SHOP,7615,4773,1012,2010,6258,730,722,25740,9152,207,104,14,44,30,16,7,206,212,2,248,527,327,263,336,340,149,27,7603,37911,12498,0,0,0,8,12,2,3,0,6,711.0,1,21,15,0,14,4,3,16,2,12,15248.0,3,13,0,20,19,2,3,16,2,12,50308.0,3,19,7,19,7,0,4,16,2,12,69011.0,3
111462353,0,Kaggledew Valley 🏆,127955.0,139376.0,0,0,BRUNCH_SPOT|YARN_STORE|SMOOTHIE_SHOP|BAKERY|SMOOTHIE_SHOP|SMOOTHIE_SHOP|YARN_STORE|PIZZA_SHOP,9084,405,0,24611,1944,5194,15133,17641,7348,257,13,0,144,16,92,84,146,174,111,713,-1,398,313,310,203,151,29,6545,26175,48640,4,0,0,3,9,4,3,1,5,975.0,1,15,0,1,26,6,5,11,5,10,6951.0,3,16,0,1,28,5,5,11,5,10,36221.0,3,27,0,0,20,2,7,11,5,11,75945.0,3
111462353,1,Majkel1337,139376.0,127955.0,1,0,BRUNCH_SPOT|YARN_STORE|SMOOTHIE_SHOP|BAKERY|SMOOTHIE_SHOP|SMOOTHIE_SHOP|YARN_STORE|PIZZA_SHOP,13188,144,3036,38945,3378,0,21173,23051,4897,356,4,55,208,18,0,115,185,89,312,711,527,395,286,-1,195,151,27,7018,36954,63840,2,0,0,3,13,4,3,0,6,405.0,1,22,0,0,31,6,5,10,1,12,8524.0,3,14,0,11,34,0,5,10,1,12,41171.0,3,33,0,11,13,0,5,9,1,12,89998.0,3
111462700,0,Unknown Mother-Goose,89158.0,76368.0,1,0,YARN_STORE|PET_CAFE|BRUNCH_SPOT|BRUNCH_SPOT|PIZZA_SHOP|BAKERY|ICE_CREAM_SHOP|BRUNCH_SPOT,21595,3982,2165,15258,10044,4812,701,29060,8386,678,102,33,193,48,76,29,237,165,2,552,502,335,250,431,434,148,31,8920,54494,32589,0,0,0,11,9,2,3,0,5,732.0,1,36,0,1,15,2,4,13,1,11,11451.0,3,25,0,5,26,0,4,13,2,11,50246.0,3,23,15,5,15,0,4,11,2,11,67542.0,3
111462700,1,mtmr_s1,76368.0,89158.0,0,0,YARN_STORE|PET_CAFE|BRUNCH_SPOT|BRUNCH_SPOT|PIZZA_SHOP|BAKERY|ICE_CREAM_SHOP|BRUNCH_SPOT,4791,729,542,1930,12516,0,920,6066,6100,151,22,10,42,54,0,23,44,111,1,694,695,430,249,-1,292,221,31,4993,22300,6301,3,0,0,4,12,4,2,0,4,789.0,1,20,0,0,33,0,6,11,0,11,15509.0,3,0,25,0,33,0,6,11,0,10,39789.0,3,17,15,18,8,0,6,11,0,11,54844.0,3
111463463,0,Majkel1337,125299.0,113441.0,1,0,YARN_STORE|BAKERY|ICE_CREAM_SHOP|BRUNCH_SPOT|YARN_STORE|FARMERS_MARKET|PET_CAFE|BRUNCH_SPOT,14157,3683,836,17383,4086,0,4521,52472,5539,427,99,13,116,28,0,107,252,97,312,599,456,402,286,-1,195,151,27,7589,42009,53079,2,0,0,3,13,3,4,0,6,528.0,1,27,0,2,19,6,6,11,1,12,7587.0,3,27,0,5,25,0,6,11,1,12,49861.0,3,27,15,2,12,0,5,11,1,12,86641.0,3
111463463,1,吃白饭的大肥鱼,113441.0,125299.0,0,0,YARN_STORE|BAKERY|ICE_CREAM_SHOP|BRUNCH_SPOT|YARN_STORE|FARMERS_MARKET|PET_CAFE|BRUNCH_SPOT,8794,552,492,792,13770,0,1689,31814,8143,268,14,8,8,60,0,18,164,184,1,670,716,498,249,-1,292,221,31,5069,34107,26870,3,0,0,4,12,4,2,0,4,769.0,1,20,0,0,33,0,6,11,0,11,17161.0,3,27,0,1,28,0,6,12,0,13,45074.0,3,23,13,10,9,2,5,12,1,13,80106.0,3
111463675,0,SpaTaro,91872.0,96057.0,0,0,BAKERY|SMOOTHIE_SHOP|FARMERS_MARKET|PIZZA_SHOP|SMOOTHIE_SHOP|PIZZA_SHOP|BRUNCH_SPOT|PIZZA_SHOP,29487,3622,0,22093,16176,0,20068,2806,8954,895,93,0,224,69,0,223,26,161,6,387,-1,398,246,-1,313,150,37,8061,51654,43491,0,0,0,6,11,5,2,0,7,103.0,1,33,0,0,30,1,9,2,0,10,16407.0,3,19,7,0,37,0,9,2,0,10,43069.0,3,40,6,0,17,0,9,2,0,10,68928.0,3
111463675,1,Vadim Vasilenko,96057.0,91872.0,1,0,BAKERY|SMOOTHIE_SHOP|FARMERS_MARKET|PIZZA_SHOP|SMOOTHIE_SHOP|PIZZA_SHOP|BRUNCH_SPOT|PIZZA_SHOP,16906,156,15726,24995,21216,1685,18407,3871,6710,574,4,156,204,96,29,200,88,119,2,647,383,362,250,407,310,148,27,7996,53231,48445,0,0,0,8,12,2,3,0,6,735.0,1,28,0,1,30,2,9,3,2,11,11798.0,3,20,0,11,30,0,9,3,2,11,41173.0,3,33,5,13,9,0,10,3,2,11,64355.0,3
111464593,0,Majkel1337,99424.0,95789.0,1,0,PIZZA_SHOP|PIZZA_SHOP|PET_CAFE|BRUNCH_SPOT|PET_CAFE|YARN_STORE|BRUNCH_SPOT|YARN_STORE,11106,7889,11806,6113,4512,1230,20392,14716,5164,299,165,152,60,30,24,184,78,86,257,455,432,395,286,358,195,151,27,6594,35223,41111,2,0,0,3,13,4,3,0,6,525.0,1,31,0,8,14,6,11,3,2,12,4269.0,3,13,6,24,16,0,11,3,2,11,42192.0,3,14,23,20,2,0,9,3,2,12,60078.0,3
111464593,1,吃白饭的大肥鱼,95789.0,99424.0,0,0,PIZZA_SHOP|PIZZA_SHOP|PET_CAFE|BRUNCH_SPOT|PET_CAFE|YARN_STORE|BRUNCH_SPOT|YARN_STORE,10313,2057,1744,300,13188,256,5697,3838,6631,281,45,25,2,54,5,33,26,147,1,622,622,668,250,687,254,150,31,5008,26786,12230,3,0,0,4,12,4,2,0,4,767.0,1,21,0,0,33,0,9,5,3,10,18797.0,3,31,4,5,17,0,9,5,4,11,40420.0,3,21,13,19,2,2,9,5,4,11,57762.0,3
111465712,0,kwa,78276.0,86147.0,0,0,BAKERY|PET_CAFE|PET_CAFE|PIZZA_SHOP|ICE_CREAM_SHOP|FARMERS_MARKET|YARN_STORE|PIZZA_SHOP,17594,10867,5000,3559,9054,3292,7200,6737,8615,495,259,72,44,42,76,89,54,156,76,431,527,334,247,270,246,149,43,7861,30134,33923,0,0,0,8,12,2,3,0,6,797.0,1,37,0,0,15,3,6,3,5,11,16262.0,3,20,18,5,15,0,8,3,5,11,33844.0,3,19,26,10,0,0,8,3,5,11,50344.0,3
111465712,1,Majkel1337,86147.0,78276.0,1,0,BAKERY|PET_CAFE|PET_CAFE|PIZZA_SHOP|ICE_CREAM_SHOP|FARMERS_MARKET|YARN_STORE|PIZZA_SHOP,9617,10922,3518,3463,8578,7227,9214,6704,7410,275,243,52,45,49,169,100,59,140,288,360,384,362,275,262,195,151,27,5966,28430,32257,2,0,0,3,13,4,3,0,6,510.0,1,22,8,7,14,6,4,3,9,12,6335.0,3,14,16,14,14,0,4,3,9,11,34555.0,3,30,17,8,0,0,4,3,9,12,51934.0,3
111466834,0,Majkel1337,103722.0,97462.0,1,0,YARN_STORE|PET_CAFE|YARN_STORE|YARN_STORE|SMOOTHIE_SHOP|PET_CAFE|SMOOTHIE_SHOP|PET_CAFE,7701,7897,660,4096,11004,0,4513,54511,6418,245,179,13,64,60,0,70,405,164,312,427,623,361,275,-1,195,151,27,7659,61594,27547,2,0,0,3,13,3,4,0,6,529.0,1,35,0,0,13,6,3,18,0,12,8895.0,3,13,14,5,13,0,3,22,0,12,53289.0,3,32,13,5,0,0,3,20,0,12,80778.0,3
111466834,1,Vadim Vasilenko,97462.0,103722.0,0,0,YARN_STORE|PET_CAFE|YARN_STORE|YARN_STORE|SMOOTHIE_SHOP|PET_CAFE|SMOOTHIE_SHOP|PET_CAFE,7416,7624,0,5356,23532,0,2971,54770,5429,226,173,0,81,96,0,57,446,204,2,359,-1,313,250,-1,290,149,27,8850,75332,22916,0,0,0,8,12,2,3,0,6,621.0,1,27,4,3,15,2,5,17,0,11,10880.0,3,21,6,3,16,0,5,21,0,11,51261.0,3,26,18,0,3,0,5,21,0,11,81799.0,3
111467953,0,THUNDER THUNDER,111201.0,116076.0,0,0,YARN_STORE|BAKERY|PIZZA_SHOP|YARN_STORE|YARN_STORE|BAKERY|PIZZA_SHOP|BAKERY,12374,344,592,51,6924,0,1811,33969,5255,377,14,9,7,29,0,46,200,115,59,334,453,473,247,-1,202,150,33,5996,23374,31950,0,0,0,5,10,4,5,0,6,196.0,1,27,4,6,15,1,5,12,0,11,14120.0,3,23,0,11,17,0,5,19,0,12,43883.0,3,31,9,5,4,0,5,19,0,12,81783.0,3
111467953,1,Majkel1337,116076.0,111201.0,1,0,YARN_STORE|BAKERY|PIZZA_SHOP|YARN_STORE|YARN_STORE|BAKERY|PIZZA_SHOP|BAKERY,11968,2586,4559,2366,7974,0,5259,65405,6310,376,104,71,67,36,0,109,317,150,312,571,432,382,275,-1,195,151,27,7543,54026,44858,2,0,0,3,13,3,4,0,6,512.0,1,33,0,4,13,6,7,11,0,12,9506.0,3,22,0,18,13,0,7,15,0,12,44669.0,3,23,16,14,0,0,5,15,0,12,83687.0,3
111469056,0,Majkel1337,115001.0,115245.0,0,0,BAKERY|PIZZA_SHOP|YARN_STORE|SMOOTHIE_SHOP|SMOOTHIE_SHOP|SMOOTHIE_SHOP|PIZZA_SHOP|FARMERS_MARKET,13367,2829,2613,14746,11652,3245,30009,13586,5123,404,91,39,93,66,67,155,147,109,312,647,431,374,275,262,195,151,27,7057,43872,46241,2,0,0,3,13,4,3,0,6,527.0,1,32,0,4,13,6,6,9,4,12,10542.0,3,25,0,12,17,0,7,9,4,12,45358.0,3,33,8,8,5,0,7,7,4,12,70838.0,3
111469056,1,Vadim Vasilenko,115245.0,115001.0,1,0,BAKERY|PIZZA_SHOP|YARN_STORE|SMOOTHIE_SHOP|SMOOTHIE_SHOP|SMOOTHIE_SHOP|PIZZA_SHOP|FARMERS_MARKET,16068,2034,5575,19549,23532,2142,25905,15479,4893,562,75,83,121,96,45,145,166,137,2,672,385,329,250,311,310,148,27,7488,59121,48568,0,0,0,8,12,2,3,0,6,619.0,1,32,0,6,13,2,8,9,2,11,10821.0,3,25,0,11,17,0,9,9,2,11,48527.0,3,37,2,10,4,0,9,9,2,11,78396.0,3
111469280,0,Unknown Mother-Goose,95680.0,82292.0,1,0,BAKERY|PIZZA_SHOP|PIZZA_SHOP|YARN_STORE|SMOOTHIE_SHOP|PET_CAFE|YARN_STORE|BAKERY,18721,6396,6317,2100,12066,18124,10242,23688,8923,621,200,96,38,54,338,163,131,227,2,625,467,312,250,288,290,148,27,7692,45732,53153,0,0,0,8,12,2,3,0,5,843.0,1,34,0,9,8,5,9,3,5,12,13468.0,3,30,0,14,9,0,10,7,5,11,42322.0,3,30,16,4,1,0,10,7,5,11,67759.0,3
111469280,1,THUNDER THUNDER,82292.0,95680.0,0,0,BAKERY|PIZZA_SHOP|PIZZA_SHOP|YARN_STORE|SMOOTHIE_SHOP|PET_CAFE|YARN_STORE|BAKERY,9457,379,814,507,1356,0,9552,6474,6702,294,12,14,20,6,0,172,36,138,59,672,527,383,262,-1,196,150,33,7897,16683,10661,6,0,0,10,8,5,2,0,6,43.0,2,29,4,12,16,0,10,4,0,10,16820.0,3,12,0,25,21,0,10,7,0,12,38280.0,3,19,8,14,9,0,10,13,0,12,54609.0,3
111469532,0,Majkel1337,92962.0,101546.0,0,0,SMOOTHIE_SHOP|SMOOTHIE_SHOP|YARN_STORE|BAKERY|BAKERY|SMOOTHIE_SHOP|BAKERY|SMOOTHIE_SHOP,10148,1868,831,22354,9456,0,21968,11632,5366,367,77,17,182,48,0,205,139,93,312,599,619,366,275,-1,195,151,27,6665,55737,21221,2,0,0,3,13,4,3,0,6,421.0,1,21,0,0,30,6,10,8,0,12,8073.0,3,19,0,5,33,0,10,8,0,12,45526.0,3,23,17,5,13,0,9,7,0,11,73220.0,3
111469532,1,DSM,101546.0,92962.0,1,0,SMOOTHIE_SHOP|SMOOTHIE_SHOP|YARN_STORE|BAKERY|BAKERY|SMOOTHIE_SHOP|BAKERY|SMOOTHIE_SHOP,11901,2886,1110,20150,10398,1514,16555,15190,4816,421,122,24,172,42,26,198,155,84,2,585,527,358,250,405,310,148,27,7579,51575,25366,0,0,0,8,12,2,3,0,6,696.0,1,23,0,0,29,2,12,8,1,11,10116.0,3,18,0,6,30,0,12,8,1,11,55919.0,3,28,11,7,9,0,11,8,1,11,82519.0,3
111469537,0,THIRD FARM CLUB,85722.0,119540.0,0,0,YARN_STORE|PET_CAFE|PET_CAFE|ICE_CREAM_SHOP|YARN_STORE|PET_CAFE|BAKERY|BAKERY,5200,5060,1713,4287,558,2558,1910,18417,4886,146,103,32,44,9,57,25,142,100,73,338,528,394,576,408,197,149,28,8104,12435,24050,0,0,0,9,12,2,3,0,6,58.0,2,16,2,4,28,3,9,6,5,11,8912.0,3,15,4,11,13,5,7,14,6,10,26755.0,3,20,14,5,3,1,5,13,6,12,55227.0,3
111469537,1,Majkel1337,119540.0,85722.0,1,0,YARN_STORE|PET_CAFE|PET_CAFE|ICE_CREAM_SHOP|YARN_STORE|PET_CAFE|BAKERY|BAKERY,9581,16213,1756,7319,10812,0,3551,46290,6018,253,326,46,91,54,0,45,263,120,290,360,591,382,280,-1,195,151,27,8180,49135,44225,2,0,0,3,13,3,4,0,6,517.0,1,25,12,0,13,6,3,13,1,12,10888.0,3,16,18,7,15,0,3,13,1,12,56033.0,3,19,24,10,2,0,3,13,1,12,90225.0,3
111469548,0,THIRD FARM CLUB,137220.0,150331.0,0,0,ICE_CREAM_SHOP|YARN_STORE|PIZZA_SHOP|FARMERS_MARKET|SMOOTHIE_SHOP|PIZZA_SHOP|FARMERS_MARKET|FARMERS_MARKET,6497,1319,476,22918,0,250,25908,8144,5060,166,29,6,129,0,5,172,86,105,73,600,504,385,-1,600,384,149,28,5981,24771,39820,3,0,0,9,12,2,3,0,6,39.0,2,15,1,5,28,3,9,8,1,11,8726.0,3,11,1,10,30,2,10,10,1,11,47734.0,3,26,3,10,14,0,10,7,1,10,78126.0,3
111469548,1,Majkel1337,150331.0,137220.0,1,0,ICE_CREAM_SHOP|YARN_STORE|PIZZA_SHOP|FARMERS_MARKET|SMOOTHIE_SHOP|PIZZA_SHOP|FARMERS_MARKET|FARMERS_MARKET,16441,1238,5063,32922,4668,0,42880,16674,6341,397,26,54,180,24,0,236,132,120,312,707,551,402,282,-1,195,151,27,7440,54550,64237,2,0,0,3,13,4,3,0,6,445.0,1,30,0,0,21,6,10,8,0,12,8527.0,3,20,0,10,27,0,10,8,0,12,55826.0,3,38,0,12,6,0,10,7,0,12,99842.0,3
111469951,0,Sida Zuo,111851.0,123881.0,0,0,ICE_CREAM_SHOP|BAKERY|ICE_CREAM_SHOP|YARN_STORE|FARMERS_MARKET|SMOOTHIE_SHOP|FARMERS_MARKET|PET_CAFE,13257,1248,1861,9318,7524,2902,7772,8896,7849,336,26,26,53,30,62,102,59,186,143,718,600,360,250,290,256,150,33,4318,32322,23987,0,0,0,8,9,5,2,0,6,695.0,1,32,0,0,26,3,8,2,4,11,19320.0,3,12,0,9,25,5,8,8,4,12,40177.0,3,42,0,9,2,0,8,8,4,12,85017.0,3
111469951,1,Majkel1337,123881.0,111851.0,1,0,ICE_CREAM_SHOP|BAKERY|ICE_CREAM_SHOP|YARN_STORE|FARMERS_MARKET|SMOOTHIE_SHOP|FARMERS_MARKET|PET_CAFE,13700,2913,1889,35373,3258,2130,17136,17600,5725,331,58,27,202,18,45,201,119,113,312,695,643,382,275,280,195,151,27,6415,43457,49852,2,0,0,3,13,4,3,0,6,419.0,1,23,0,0,29,6,10,3,3,12,7911.0,3,19,0,6,31,0,10,6,3,12,41939.0,3,38,0,6,12,0,10,6,3,12,80143.0,3
111471313,0,Majkel1337,160099.0,157572.0,1,0,ICE_CREAM_SHOP|SMOOTHIE_SHOP|BRUNCH_SPOT|SMOOTHIE_SHOP|ICE_CREAM_SHOP|PIZZA_SHOP|PET_CAFE|SMOOTHIE_SHOP,14949,614,138,53411,7332,1064,59825,1671,5158,362,14,2,277,41,20,270,38,79,312,707,688,366,275,360,195,151,27,5879,50586,87697,2,0,0,3,13,4,3,0,6,465.0,1,17,0,0,36,6,10,3,2,12,8698.0,3,16,0,1,42,0,11,3,2,12,45458.0,3,35,0,1,22,0,11,2,2,11,101462.0,3
111471313,1,Unknown Mother-Goose,157572.0,160099.0,0,0,ICE_CREAM_SHOP|SMOOTHIE_SHOP|BRUNCH_SPOT|SMOOTHIE_SHOP|ICE_CREAM_SHOP|PIZZA_SHOP|PET_CAFE|SMOOTHIE_SHOP,22347,1555,1086,67275,9906,159,51027,4721,7117,603,35,16,359,40,3,232,39,133,2,709,544,342,250,495,290,148,27,7891,56687,100615,0,0,0,10,10,2,3,0,5,724.0,1,19,0,0,40,2,10,3,1,11,11985.0,3,10,0,2,48,1,10,3,1,11,46446.0,3,29,0,3,26,0,10,3,1,11,104118.0,3
111472430,0,Majkel1337,107930.0,106274.0,1,0,ICE_CREAM_SHOP|ICE_CREAM_SHOP|PET_CAFE|BRUNCH_SPOT|BAKERY|BRUNCH_SPOT|SMOOTHIE_SHOP|ICE_CREAM_SHOP,13181,5316,1107,45546,5516,460,15638,2304,5874,337,119,18,281,34,8,216,33,90,312,547,624,393,287,360,195,151,27,6657,43242,45043,2,0,0,3,13,4,3,0,6,498.0,1,21,0,0,32,6,11,3,2,12,3445.0,3,18,0,3,38,0,11,3,2,12,42503.0,3,24,16,4,17,0,10,2,2,11,73230.0,3
111472430,1,SpaTaro,106274.0,107930.0,0,0,ICE_CREAM_SHOP|ICE_CREAM_SHOP|PET_CAFE|BRUNCH_SPOT|BAKERY|BRUNCH_SPOT|SMOOTHIE_SHOP|ICE_CREAM_SHOP,35500,2036,0,34172,17474,0,14032,2691,8756,928,45,0,229,71,0,212,23,168,4,507,-1,355,247,-1,196,150,39,9412,57568,47681,0,0,0,7,11,5,2,0,7,11.0,1,34,0,0,28,0,11,2,0,9,16422.0,3,19,3,0,40,0,11,2,0,10,49394.0,3,30,13,0,17,0,11,2,0,10,78720.0,3
111475104,0,SpaTaro,79547.0,75867.0,1,0,YARN_STORE|PET_CAFE|BAKERY|PET_CAFE|FARMERS_MARKET|YARN_STORE|PET_CAFE|YARN_STORE,24646,11869,0,1107,15954,0,3,31018,4109,896,332,0,32,68,0,3,290,135,4,339,-1,406,246,-1,556,150,88,8078,50207,30421,1,0,0,4,10,2,5,0,7,83.0,1,35,18,0,7,0,2,13,0,10,15874.0,3,15,33,0,11,0,2,13,0,10,48023.0,3,41,11,0,5,0,2,12,0,10,60298.0,3
111475104,1,Vadim Vasilenko,75867.0,79547.0,0,0,YARN_STORE|PET_CAFE|BAKERY|PET_CAFE|FARMERS_MARKET|YARN_STORE|PET_CAFE|YARN_STORE,11693,15127,2951,5695,21216,0,664,29380,4759,429,491,43,92,96,0,73,258,97,2,335,503,313,250,-1,339,149,27,8864,49808,32813,0,0,0,8,12,2,3,0,6,733.0,1,30,9,2,15,2,5,12,0,11,12617.0,3,12,25,4,16,0,5,12,0,11,41819.0,3,28,25,4,2,0,5,11,0,11,52666.0,3
111475922,0,Kaggledew Valley 🏆,86119.0,85069.0,1,0,PET_CAFE|PIZZA_SHOP|BRUNCH_SPOT|FARMERS_MARKET|BAKERY|FARMERS_MARKET|BAKERY|BRUNCH_SPOT,7810,3186,13612,14728,3416,7199,2216,1648,6863,188,58,188,119,16,160,67,15,132,111,370,414,382,260,337,197,151,29,6245,16664,37769,1,1,0,2,11,5,3,1,6,582.0,1,7,3,18,20,5,8,4,7,9,8347.0,3,10,0,23,23,0,8,4,7,9,28532.0,3,17,7,10,15,0,5,3,7,13,59030.0,3
111475922,1,Unknown Mother-Goose,85069.0,86119.0,0,0,PET_CAFE|PIZZA_SHOP|BRUNCH_SPOT|FARMERS_MARKET|BAKERY|FARMERS_MARKET|BAKERY|BRUNCH_SPOT,19061,20487,2899,21002,13224,10777,4452,4205,8018,467,370,41,223,60,238,97,41,142,2,432,505,334,250,315,290,148,31,8535,37936,57654,0,0,0,8,12,2,3,0,5,755.0,1,32,2,2,16,5,8,3,4,11,16007.0,3,14,9,6,31,0,8,3,4,11,37652.0,3,16,18,5,23,0,5,3,4,11,60641.0,3
111476063,0,Unknown Mother-Goose,112612.0,111438.0,1,0,FARMERS_MARKET|ICE_CREAM_SHOP|YARN_STORE|PIZZA_SHOP|BAKERY|SMOOTHIE_SHOP|SMOOTHIE_SHOP|PET_CAFE,23783,3652,3037,24160,11232,1756,19647,12444,8428,601,76,39,166,48,34,155,190,205,2,687,496,334,250,311,338,148,31,7726,51985,48428,0,0,0,10,10,2,3,0,5,695.0,1,27,0,1,25,0,8,10,1,11,11633.0,3,19,0,5,31,0,8,11,1,12,48728.0,3,36,1,6,10,0,8,11,1,11,79254.0,3
111476063,1,THIRD FARM CLUB,111438.0,112612.0,0,0,FARMERS_MARKET|ICE_CREAM_SHOP|YARN_STORE|PIZZA_SHOP|BAKERY|SMOOTHIE_SHOP|SMOOTHIE_SHOP|PET_CAFE,4653,3419,1116,24931,3901,204,13701,6010,5808,120,74,14,171,21,4,117,73,108,73,504,551,336,249,407,384,149,28,6812,27579,29352,3,0,0,9,12,2,3,0,6,42.0,2,10,2,6,29,7,9,10,2,12,2300.0,3,13,1,13,21,6,9,10,2,10,36739.0,3,28,7,9,7,1,9,4,2,8,70150.0,3
111476071,0,Sida Zuo,89463.0,104492.0,0,0,PIZZA_SHOP|BAKERY|PIZZA_SHOP|PET_CAFE|ICE_CREAM_SHOP|YARN_STORE|PIZZA_SHOP|ICE_CREAM_SHOP,14709,679,1764,443,9948,1243,10818,2923,6939,454,16,22,33,42,28,94,22,155,143,482,558,362,251,277,259,150,33,3776,24399,21291,0,0,0,8,9,5,2,0,6,704.0,1,44,0,0,15,2,8,2,4,11,17252.0,3,14,16,14,14,2,8,2,4,11,40502.0,3,33,4,14,1,0,8,5,4,11,55983.0,3
111476071,1,Unknown Mother-Goose,104492.0,89463.0,1,0,PIZZA_SHOP|BAKERY|PIZZA_SHOP|PET_CAFE|ICE_CREAM_SHOP|YARN_STORE|PIZZA_SHOP|ICE_CREAM_SHOP,23185,2908,8388,1725,8058,13121,26546,11305,11330,736,81,105,24,36,297,218,77,288,2,523,466,327,250,288,290,148,27,7670,41564,57332,0,0,0,7,13,2,3,0,5,868.0,1,37,0,6,7,6,10,3,4,12,13253.0,3,30,2,16,9,0,11,3,4,11,47408.0,3,19,24,9,2,0,11,3,4,11,71403.0,3
111476119,0,THIRD FARM CLUB,104637.0,126873.0,0,0,YARN_STORE|SMOOTHIE_SHOP|YARN_STORE|BRUNCH_SPOT|PET_CAFE|BAKERY|SMOOTHIE_SHOP|BAKERY,3874,4843,1865,22904,65,124,3808,16379,5052,121,130,33,152,1,2,48,151,97,73,360,504,360,696,696,264,149,28,6098,23664,29152,0,0,0,9,12,2,3,0,6,58.0,2,15,4,3,28,2,7,10,0,9,8986.0,3,12,1,10,25,3,6,17,1,11,35825.0,3,29,12,6,7,3,5,11,1,11,75042.0,3
111476119,1,Majkel1337,126873.0,104637.0,1,0,YARN_STORE|SMOOTHIE_SHOP|YARN_STORE|BRUNCH_SPOT|PET_CAFE|BAKERY|SMOOTHIE_SHOP|BAKERY,12400,1010,272,18705,10866,0,9841,50498,5708,353,26,6,120,54,0,84,330,145,312,692,623,390,278,-1,195,151,27,8337,64709,36254,2,0,0,3,13,3,4,0,6,517.0,1,28,0,0,20,6,4,17,0,12,9580.0,3,25,0,3,24,0,4,19,0,12,58285.0,3,40,0,3,9,0,4,16,0,12,96439.0,3
111476631,0,Jeryos,69798.0,89934.0,0,0,BAKERY|SMOOTHIE_SHOP|PET_CAFE|SMOOTHIE_SHOP|PIZZA_SHOP|PET_CAFE|FARMERS_MARKET|ICE_CREAM_SHOP,10363,4002,0,9311,12432,1991,10658,2089,7082,297,86,0,194,54,41,147,31,167,51,594,-1,399,250,361,319,150,31,5153,31426,21349,3,0,0,4,12,4,2,0,4,783.0,1,21,0,0,33,0,8,6,3,10,15787.0,3,25,0,0,33,0,8,6,3,11,37731.0,3,27,11,0,20,0,8,6,3,11,49914.0,3
111476631,1,DSM,89934.0,69798.0,1,0,BAKERY|SMOOTHIE_SHOP|PET_CAFE|SMOOTHIE_SHOP|PIZZA_SHOP|PET_CAFE|FARMERS_MARKET|ICE_CREAM_SHOP,12283,13299,4997,15472,8490,11389,13767,4309,3716,358,277,71,141,42,249,181,31,70,2,407,577,361,250,265,310,148,32,7325,44049,36348,0,0,0,9,10,2,3,0,6,720.0,1,32,0,0,22,0,9,3,9,11,11282.0,3,13,6,11,24,0,9,3,9,11,42111.0,3,16,22,13,3,0,9,3,9,11,61539.0,3
111477745,0,Zhongyi Dai,88230.0,123561.0,0,0,FARMERS_MARKET|PIZZA_SHOP|PIZZA_SHOP|FARMERS_MARKET|SMOOTHIE_SHOP|BAKERY|BAKERY|PIZZA_SHOP,16093,1572,4166,14767,12432,2682,9950,2090,7733,383,34,28,150,54,63,139,32,179,1,674,639,399,250,361,319,150,31,5528,34786,31171,3,0,0,4,12,4,2,0,4,870.0,1,21,0,0,33,0,9,5,3,10,16723.0,3,25,0,0,33,0,9,5,3,11,40440.0,3,38,0,10,20,0,9,5,3,11,58583.0,4
111477745,1,DSM,123561.0,88230.0,1,0,FARMERS_MARKET|PIZZA_SHOP|PIZZA_SHOP|FARMERS_MARKET|SMOOTHIE_SHOP|BAKERY|BAKERY|PIZZA_SHOP,18358,5597,34500,24428,8490,7639,15012,4148,4442,428,111,213,161,42,177,197,27,78,2,647,455,334,250,311,310,148,31,7229,50261,65124,0,0,0,10,10,2,3,0,6,715.0,1,26,0,7,21,0,11,3,7,11,11198.0,3,7,0,26,21,0,11,3,7,11,43176.0,3,29,9,17,1,0,10,2,6,11,78768.0,3
111478936,0,DSM,76718.0,56510.0,1,0,PET_CAFE|BAKERY|PET_CAFE|YARN_STORE|FARMERS_MARKET|SMOOTHIE_SHOP|BAKERY|FARMERS_MARKET,12239,25555,4150,4052,8430,10849,483,12380,4282,350,481,62,81,42,252,43,141,71,2,311,577,326,250,265,339,148,31,7224,37298,37898,0,0,0,9,10,2,3,0,6,814.0,1,14,26,0,16,0,7,3,9,11,12203.0,3,13,17,11,13,0,4,8,9,11,31375.0,3,21,19,14,2,0,4,6,9,11,49227.0,3
111478936,1,HadBoumoussa's Farm 🌾,56510.0,76718.0,0,0,PET_CAFE|BAKERY|PET_CAFE|YARN_STORE|FARMERS_MARKET|SMOOTHIE_SHOP|BAKERY|FARMERS_MARKET,51430,2364,0,2550,12432,2472,942,3969,6226,1396,49,0,188,54,57,63,39,179,1,682,-1,399,250,339,258,150,31,4747,48912,28726,3,0,0,4,12,4,2,0,4,872.0,1,21,0,0,33,0,6,6,5,10,14846.0,3,24,1,0,33,0,6,6,5,11,32186.0,3,24,14,0,20,0,6,6,5,11,39835.0,3
111479483,0,Unknown Mother-Goose,78187.0,62364.0,1,0,PET_CAFE|PET_CAFE|PIZZA_SHOP|BAKERY|ICE_CREAM_SHOP|BAKERY|PET_CAFE|FARMERS_MARKET,20841,35227,98,2327,11436,14760,4818,4277,9336,663,672,2,70,60,352,104,27,176,2,303,622,335,250,287,338,148,27,7424,38260,57436,0,0,0,10,10,2,3,0,5,676.0,1,24,18,0,11,3,6,3,6,11,13737.0,3,31,14,1,14,0,6,3,6,11,38296.0,3,26,29,1,3,0,6,2,6,11,54996.0,3
111479483,1,Planned Economy,62364.0,78187.0,0,0,PET_CAFE|PET_CAFE|PIZZA_SHOP|BAKERY|ICE_CREAM_SHOP|BAKERY|PET_CAFE|FARMERS_MARKET,2477,3973,5066,2045,12776,989,2271,1641,5292,83,77,85,65,62,23,31,32,81,2,431,454,430,249,287,261,150,31,5119,19513,11898,3,0,0,4,12,4,2,0,4,617.0,1,19,0,15,20,3,6,5,4,9,16565.0,3,7,1,26,16,4,6,5,4,12,26703.0,3,30,14,16,1,2,6,2,4,12,40770.0,3
111479960,0,DSM,123893.0,99944.0,1,0,ICE_CREAM_SHOP|SMOOTHIE_SHOP|PET_CAFE|FARMERS_MARKET|PIZZA_SHOP|FARMERS_MARKET|YARN_STORE|ICE_CREAM_SHOP,13832,6861,7271,31285,9444,5502,26667,7591,4925,358,126,92,220,42,128,216,65,76,2,551,527,334,250,359,310,148,31,7199,60816,45363,0,0,0,10,10,2,3,0,6,861.0,1,24,0,0,30,0,13,3,5,11,11880.0,3,11,0,10,33,0,13,3,5,11,55745.0,3,23,10,12,10,0,12,3,5,11,89436.0,3
111479960,1,Excluding,99944.0,123893.0,0,0,ICE_CREAM_SHOP|SMOOTHIE_SHOP|PET_CAFE|FARMERS_MARKET|PIZZA_SHOP|FARMERS_MARKET|YARN_STORE|ICE_CREAM_SHOP,37974,8658,3842,16693,7926,252,13405,3365,5503,991,157,48,166,36,6,154,38,83,3,610,598,378,247,512,197,152,29,13321,42545,41752,0,0,0,8,12,2,3,0,6,1156.0,1,20,0,0,36,4,11,3,1,11,11435.0,3,11,0,7,38,0,11,3,1,11,38606.0,3,22,20,8,8,0,11,3,1,11,71694.0,3
111480260,0,DSM,145039.0,107486.0,1,0,ICE_CREAM_SHOP|YARN_STORE|YARN_STORE|ICE_CREAM_SHOP|PIZZA_SHOP|ICE_CREAM_SHOP|PET_CAFE|SMOOTHIE_SHOP,21926,1635,3521,21229,8490,810,38205,37947,4164,548,40,51,162,42,16,187,275,100,2,671,527,354,250,407,310,148,31,8059,70091,59777,0,0,0,10,10,2,3,0,6,780.0,1,28,0,0,20,0,8,16,1,11,8416.0,3,19,0,4,24,0,9,16,1,12,65000.0,3,38,0,7,6,0,9,13,1,11,101647.0,3
111480260,1,Kaggriculture Agent,107486.0,145039.0,0,0,ICE_CREAM_SHOP|YARN_STORE|YARN_STORE|ICE_CREAM_SHOP|PIZZA_SHOP|ICE_CREAM_SHOP|PET_CAFE|SMOOTHIE_SHOP,118264,1774,0,10291,12432,0,12206,13866,12919,2903,46,0,98,54,0,61,203,435,2,674,-1,397,250,-1,301,150,31,5232,87833,88687,3,0,0,4,12,4,2,0,4,834.0,1,20,0,0,33,0,6,17,0,13,9162.0,4,25,0,0,33,0,6,17,0,13,49576.0,4,38,0,0,20,0,6,17,0,13,80589.0,4
111481086,0,webmaking,100784.0,120807.0,0,0,PIZZA_SHOP|YARN_STORE|BRUNCH_SPOT|FARMERS_MARKET|ICE_CREAM_SHOP|FARMERS_MARKET|ICE_CREAM_SHOP|FARMERS_MARKET,29315,16806,3906,17304,12534,0,15410,10201,6575,721,365,46,103,54,0,173,122,156,1,671,669,396,249,-1,292,221,31,5104,36200,70747,3,0,0,4,12,4,2,0,4,840.0,1,20,0,0,33,0,6,11,0,11,17165.0,3,25,0,0,33,0,6,11,0,11,45849.0,3,38,0,10,20,0,6,11,0,12,68527.0,4
111481086,1,DSM,120807.0,100784.0,1,0,PIZZA_SHOP|YARN_STORE|BRUNCH_SPOT|FARMERS_MARKET|ICE_CREAM_SHOP|FARMERS_MARKET|ICE_CREAM_SHOP|FARMERS_MARKET,16211,4778,12597,26786,8502,7114,10282,19417,4024,399,104,143,158,42,139,107,176,80,2,599,455,336,250,335,310,148,31,7490,47975,54246,0,0,0,9,10,2,3,0,6,815.0,1,33,0,1,19,0,7,10,5,11,11206.0,3,16,0,13,24,0,7,10,5,11,52845.0,3,22,8,16,12,0,7,5,5,11,78574.0,3
111481549,0,DSM,100692.0,87742.0,1,0,PIZZA_SHOP|PET_CAFE|YARN_STORE|ICE_CREAM_SHOP|PIZZA_SHOP|BRUNCH_SPOT|BAKERY|PIZZA_SHOP,18532,6816,5004,9559,9462,3404,18758,15004,3911,518,186,68,113,42,77,159,164,61,2,431,503,313,250,304,306,148,31,6814,47324,36312,0,0,0,8,12,2,3,0,6,719.0,1,36,2,1,13,2,9,9,3,11,10115.0,3,19,4,13,17,0,9,9,3,11,50765.0,3,23,15,12,6,0,9,7,3,11,73162.0,3
111481549,1,Vadim Vasilenko,87742.0,100692.0,0,0,PIZZA_SHOP|PET_CAFE|YARN_STORE|ICE_CREAM_SHOP|PIZZA_SHOP|BRUNCH_SPOT|BAKERY|PIZZA_SHOP,19705,6867,6643,8352,21834,1805,11242,11873,4910,593,180,91,112,96,41,93,181,126,2,359,407,313,250,311,310,148,31,7489,49095,36647,0,0,0,8,12,2,3,0,6,628.0,1,30,3,7,13,2,8,9,2,11,10711.0,3,16,13,10,17,0,8,9,2,11,46428.0,3,37,8,6,4,0,8,9,2,11,64866.0,3
111482201,0,DSM,100898.0,78401.0,1,0,ICE_CREAM_SHOP|BAKERY|BAKERY|BAKERY|FARMERS_MARKET|PIZZA_SHOP|ICE_CREAM_SHOP|PIZZA_SHOP,28199,370,4873,13320,9534,13615,15053,3235,4022,683,12,75,127,42,291,150,25,77,2,695,527,313,250,265,310,148,31,6552,41758,43911,0,0,0,10,10,2,3,0,6,855.0,1,31,0,0,22,0,9,3,10,11,12506.0,3,19,0,11,23,0,9,3,10,11,46416.0,3,35,0,15,2,0,9,3,10,11,64445.0,3
111482201,1,RS Turley,78401.0,100898.0,0,0,ICE_CREAM_SHOP|BAKERY|BAKERY|BAKERY|FARMERS_MARKET|PIZZA_SHOP|ICE_CREAM_SHOP|PIZZA_SHOP,10247,2051,2144,8825,10288,4074,3987,3227,9448,253,58,32,146,50,86,49,31,173,2,383,498,334,251,337,256,148,25,7317,31096,15878,0,0,0,8,12,2,3,0,6,789.0,1,31,0,1,24,2,8,3,2,11,13555.0,3,7,5,10,29,3,8,3,8,12,35245.0,3,18,12,12,7,1,5,1,8,11,48229.0,3
111482562,0,Arda Ceylan,115973.0,127513.0,0,0,SMOOTHIE_SHOP|SMOOTHIE_SHOP|BRUNCH_SPOT|ICE_CREAM_SHOP|YARN_STORE|YARN_STORE|FARMERS_MARKET|PIZZA_SHOP,16633,351,504,40722,8694,0,22987,16953,5196,431,9,7,258,42,0,243,82,75,2,624,695,366,251,-1,262,149,27,7443,56310,48287,0,0,0,8,12,2,3,0,6,779.0,1,20,0,0,37,2,11,3,0,11,10837.0,3,15,0,0,43,0,12,3,0,11,48392.0,3,27,6,3,22,0,12,3,0,11,91966.0,3
111482562,1,Unknown Mother-Goose,127513.0,115973.0,1,0,SMOOTHIE_SHOP|SMOOTHIE_SHOP|BRUNCH_SPOT|ICE_CREAM_SHOP|YARN_STORE|YARN_STORE|FARMERS_MARKET|PIZZA_SHOP,13187,0,0,45775,8382,3637,21155,22640,11897,374,0,0,320,36,65,203,106,275,2,-1,-1,334,250,359,338,148,31,7935,53055,65683,0,0,0,10,10,2,3,0,5,728.0,1,18,0,0,38,1,11,3,1,11,12967.0,3,10,0,0,47,0,11,6,1,12,47364.0,3,25,0,0,29,0,11,7,1,12,93159.0,3
111482577,0,Majkel1337,98162.0,98136.0,1,0,YARN_STORE|PET_CAFE|PET_CAFE|ICE_CREAM_SHOP|ICE_CREAM_SHOP|PIZZA_SHOP|PIZZA_SHOP|FARMERS_MARKET,15670,6528,1796,9656,11004,1566,17429,14142,6792,446,165,26,98,60,35,92,178,136,259,327,455,365,275,336,195,151,27,7504,39326,37753,2,0,0,3,13,3,4,0,6,495.0,1,25,9,2,14,6,3,11,4,12,10460.0,3,15,17,5,18,0,4,11,4,12,43678.0,3,40,8,4,5,0,4,8,4,11,60106.0,3
111482577,1,Vadim Vasilenko,98136.0,98162.0,0,0,YARN_STORE|PET_CAFE|PET_CAFE|ICE_CREAM_SHOP|ICE_CREAM_SHOP|PIZZA_SHOP|PIZZA_SHOP|FARMERS_MARKET,11934,18779,1507,17525,23460,0,11835,17197,4583,353,498,22,172,96,0,66,254,99,2,311,407,378,250,-1,310,149,27,8394,56657,41769,0,0,0,8,12,2,3,0,6,710.0,1,16,23,2,14,2,6,12,0,11,13337.0,3,13,20,3,21,0,6,12,0,11,49598.0,3,22,25,2,8,0,6,12,0,11,68955.0,3
111483312,0,DSM,91696.0,75550.0,1,0,PET_CAFE|SMOOTHIE_SHOP|FARMERS_MARKET|YARN_STORE|PET_CAFE|PIZZA_SHOP|FARMERS_MARKET|BRUNCH_SPOT,9830,20570,5440,17746,8490,7776,3829,12296,4053,276,339,67,162,42,183,87,119,60,2,311,527,360,250,266,310,148,31,7416,41967,40647,0,0,0,9,10,2,3,0,6,814.0,1,23,3,0,30,0,9,3,7,11,10660.0,3,10,8,6,30,0,8,6,7,11,38738.0,3,16,25,10,5,0,6,6,7,11,61706.0,3
111483312,1,Congy,75550.0,91696.0,0,0,PET_CAFE|SMOOTHIE_SHOP|FARMERS_MARKET|YARN_STORE|PET_CAFE|PIZZA_SHOP|FARMERS_MARKET|BRUNCH_SPOT,10290,2638,0,9497,12432,2682,3122,7349,7944,289,50,0,180,54,64,118,71,203,1,682,-1,399,250,361,319,150,31,5605,33151,17198,3,0,0,4,12,4,2,0,4,842.0,1,21,0,0,33,0,8,6,3,10,16404.0,3,19,6,0,33,0,8,6,3,11,40552.0,3,24,14,0,20,0,8,6,3,11,55840.0,3
111484412,0,DSM,127475.0,101647.0,1,0,YARN_STORE|ICE_CREAM_SHOP|FARMERS_MARKET|ICE_CREAM_SHOP|BAKERY|BRUNCH_SPOT|BRUNCH_SPOT|ICE_CREAM_SHOP,20171,1703,2657,37509,9468,6802,9544,26816,4445,471,42,41,235,42,132,110,192,87,2,695,527,334,250,335,330,148,31,7978,60463,50674,0,0,0,10,10,2,3,0,6,805.0,1,22,0,1,28,0,8,11,5,11,10656.0,3,13,0,5,33,0,8,11,5,11,59536.0,3,29,1,8,16,0,8,8,5,11,87545.0,3
111484412,1,chungkuangwen,101647.0,127475.0,0,0,YARN_STORE|ICE_CREAM_SHOP|FARMERS_MARKET|ICE_CREAM_SHOP|BAKERY|BRUNCH_SPOT|BRUNCH_SPOT|ICE_CREAM_SHOP,16527,844,602,7196,7062,0,6710,2462,8741,387,20,9,48,30,0,116,98,194,70,526,450,431,249,-1,343,298,31,3515,22219,24410,0,0,0,12,8,2,3,0,6,816.0,1,15,0,8,32,0,8,10,0,12,9904.0,3,13,0,8,35,0,8,11,0,11,47378.0,3,35,6,0,9,0,8,11,0,11,74198.0,3
111485544,0,THUNDER THUNDER,101210.0,120938.0,0,0,YARN_STORE|PIZZA_SHOP|PIZZA_SHOP|BRUNCH_SPOT|PET_CAFE|YARN_STORE|YARN_STORE|BAKERY,9848,1097,0,236,5323,0,2258,25864,5278,271,27,0,24,23,0,35,181,124,59,670,-1,480,249,-1,203,150,33,8003,18331,23570,0,0,0,6,8,4,5,0,6,365.0,1,21,8,10,15,0,8,11,0,11,17012.0,3,20,0,17,19,0,8,11,0,11,45782.0,3,23,6,7,10,0,8,15,0,11,67954.0,3
111485544,1,DSM,120938.0,101210.0,1,0,YARN_STORE|PIZZA_SHOP|PIZZA_SHOP|BRUNCH_SPOT|PET_CAFE|YARN_STORE|YARN_STORE|BAKERY,17610,2240,9266,4692,9756,3501,10463,54035,3631,504,54,141,86,42,68,108,300,74,2,683,455,334,250,359,330,148,31,7867,51473,55854,0,0,0,9,10,2,3,0,6,897.0,1,30,0,7,13,0,9,11,4,11,12754.0,3,16,0,20,15,0,9,11,4,11,55211.0,3,36,0,13,2,0,8,11,4,11,79643.0,3
111486537,0,batuhan kalem,76150.0,94967.0,0,0,PIZZA_SHOP|PET_CAFE|FARMERS_MARKET|BRUNCH_SPOT|PET_CAFE|ICE_CREAM_SHOP|ICE_CREAM_SHOP|FARMERS_MARKET,12248,2584,0,13056,12432,2153,5096,2088,7764,315,48,0,160,54,50,117,30,194,1,682,-1,399,250,361,319,150,31,5490,30436,21495,3,0,0,4,12,4,2,0,4,840.0,1,21,0,0,33,0,8,6,3,10,16968.0,3,25,0,0,33,0,8,6,3,11,36025.0,3,21,17,0,20,0,8,6,3,11,52124.0,3
111486537,1,DSM,94967.0,76150.0,1,0,PIZZA_SHOP|PET_CAFE|FARMERS_MARKET|BRUNCH_SPOT|PET_CAFE|ICE_CREAM_SHOP|ICE_CREAM_SHOP|FARMERS_MARKET,15373,15015,10953,18971,8490,10187,7659,4147,3626,392,258,136,153,42,236,131,26,60,2,311,434,334,250,359,295,148,31,6788,40402,47231,0,0,0,9,10,2,3,0,6,815.0,1,25,6,6,16,0,10,3,9,11,11619.0,3,8,8,17,21,0,9,3,9,11,39216.0,3,15,24,11,7,0,7,3,8,11,59428.0,3
111487763,0,DSM,128074.0,109040.0,1,0,FARMERS_MARKET|SMOOTHIE_SHOP|FARMERS_MARKET|SMOOTHIE_SHOP|BRUNCH_SPOT|FARMERS_MARKET|BAKERY|SMOOTHIE_SHOP,14833,6784,6438,72190,8490,8870,8486,4479,5280,365,120,56,326,42,208,142,47,96,2,623,527,385,250,290,310,148,31,7452,55400,72998,0,0,0,10,10,2,3,0,6,715.0,1,16,0,0,39,0,9,3,8,11,9663.0,3,8,0,5,42,0,9,3,8,11,38813.0,3,25,6,8,17,0,8,3,8,11,84975.0,3
111487763,1,地主,109040.0,128074.0,0,0,FARMERS_MARKET|SMOOTHIE_SHOP|FARMERS_MARKET|SMOOTHIE_SHOP|BRUNCH_SPOT|FARMERS_MARKET|BAKERY|SMOOTHIE_SHOP,15864,3018,3428,33657,12432,3367,5678,2110,7829,393,57,28,156,54,79,100,28,173,1,674,638,399,250,361,319,150,31,5342,35470,46571,3,0,0,4,12,4,2,0,4,780.0,1,21,0,0,33,0,8,5,4,10,15960.0,3,25,0,0,33,0,8,5,4,11,40277.0,3,38,0,10,20,0,8,5,4,12,69669.0,4
111488017,0,DSM,105764.0,102306.0,1,0,BRUNCH_SPOT|FARMERS_MARKET|SMOOTHIE_SHOP|BAKERY|BAKERY|SMOOTHIE_SHOP|ICE_CREAM_SHOP|BAKERY,19044,995,458,34182,10302,13165,9621,3840,4451,492,23,6,253,42,300,112,38,70,2,709,695,360,250,266,310,148,27,7188,41876,46994,0,0,0,8,12,2,3,0,6,730.0,1,15,0,0,38,2,7,3,10,11,11132.0,3,15,0,0,40,0,7,3,10,11,38345.0,3,35,0,2,17,0,7,3,10,11,73010.0,3
111488017,1,Majkel1337,102306.0,105764.0,0,0,BRUNCH_SPOT|FARMERS_MARKET|SMOOTHIE_SHOP|BAKERY|BAKERY|SMOOTHIE_SHOP|ICE_CREAM_SHOP|BAKERY,15859,2625,1238,39365,8994,7605,12397,2195,5519,390,59,16,292,48,169,122,39,85,288,691,624,366,275,257,195,151,27,5714,44427,45656,2,0,0,3,13,4,3,0,6,406.0,1,16,0,0,37,6,5,3,7,12,8828.0,3,18,0,3,39,0,5,3,7,12,34435.0,3,37,0,3,18,0,5,2,7,11,69570.0,3
111488362,0,Sida Zuo,103539.0,112235.0,0,0,ICE_CREAM_SHOP|SMOOTHIE_SHOP|PET_CAFE|ICE_CREAM_SHOP|BAKERY|PIZZA_SHOP|YARN_STORE|PET_CAFE,10510,1649,0,4915,7200,546,10912,974,7164,290,36,0,106,30,12,93,9,136,143,497,-1,408,251,456,204,150,33,5576,21139,17155,0,0,0,8,9,5,2,0,6,704.0,1,26,0,0,32,4,9,2,2,11,18277.0,3,7,8,0,37,4,10,2,3,11,44080.0,3,32,12,0,15,0,10,2,3,11,79509.0,3
111488362,1,Unknown Mother-Goose,112235.0,103539.0,1,0,ICE_CREAM_SHOP|SMOOTHIE_SHOP|PET_CAFE|ICE_CREAM_SHOP|BAKERY|PIZZA_SHOP|YARN_STORE|PET_CAFE,16361,11216,952,21385,10806,6419,30236,8986,10692,422,246,14,245,48,142,229,59,226,2,480,601,334,250,383,337,148,27,7755,56887,52411,0,0,0,10,10,2,3,0,5,708.0,1,28,0,0,30,1,11,3,2,11,13012.0,3,16,1,3,38,1,11,3,2,11,50364.0,3,31,3,4,17,0,11,3,2,11,84629.0,3
111488379,0,Artem The Farmer 🍅,83037.0,90401.0,0,0,BAKERY|BRUNCH_SPOT|ICE_CREAM_SHOP|YARN_STORE|PET_CAFE|ICE_CREAM_SHOP|SMOOTHIE_SHOP|BAKERY,21376,1741,0,9290,14496,0,4965,3602,4368,583,47,0,109,60,0,64,93,112,2,600,-1,403,250,-1,195,221,31,4121,31708,24009,3,0,0,4,12,4,2,0,5,336.0,1,34,1,0,28,1,6,4,0,10,19068.0,3,29,0,0,28,1,6,10,0,11,34590.0,3,22,18,0,13,0,6,10,0,11,60673.0,3
111488379,1,Majkel1337,90401.0,83037.0,1,0,BAKERY|BRUNCH_SPOT|ICE_CREAM_SHOP|YARN_STORE|PET_CAFE|ICE_CREAM_SHOP|SMOOTHIE_SHOP|BAKERY,11836,1998,1250,22647,3616,7044,10168,7620,6100,315,55,21,185,23,126,124,95,107,288,669,624,398,287,263,195,151,27,6022,35032,31225,2,0,0,3,13,4,3,0,6,530.0,1,23,0,0,29,6,6,3,7,12,3224.0,3,19,0,5,32,0,6,6,7,12,32758.0,3,37,0,6,12,0,6,5,7,12,61023.0,3
111488380,0,Otter Vibe,130297.0,141125.0,0,0,ICE_CREAM_SHOP|ICE_CREAM_SHOP|PIZZA_SHOP|SMOOTHIE_SHOP|FARMERS_MARKET|YARN_STORE|ICE_CREAM_SHOP|FARMERS_MARKET,9815,1332,1595,11022,6618,0,11340,2284,7642,226,30,22,58,30,0,74,14,166,118,715,455,360,249,-1,198,599,29,3191,26899,21558,0,0,0,10,12,2,3,1,3,2.0,2,20,0,8,24,5,14,3,1,9,12432.0,3,13,0,10,32,2,14,3,1,12,48800.0,3,34,0,6,14,0,14,6,1,12,90764.0,3
111488380,1,Vadim Vasilenko,141125.0,130297.0,1,0,ICE_CREAM_SHOP|ICE_CREAM_SHOP|PIZZA_SHOP|SMOOTHIE_SHOP|FARMERS_MARKET|YARN_STORE|ICE_CREAM_SHOP|FARMERS_MARKET,27892,0,152,54776,21444,0,42752,10212,6683,635,0,2,283,96,0,333,75,161,2,-1,623,358,250,-1,334,148,31,7247,71345,85319,0,0,0,8,12,2,3,0,6,678.0,1,26,0,0,30,2,14,3,0,11,10391.0,3,17,0,1,37,0,16,3,0,11,50375.0,3,34,0,1,17,0,16,3,0,11,101440.0,3
111488887,0,QQ,83853.0,103023.0,0,0,PIZZA_SHOP|BRUNCH_SPOT|BRUNCH_SPOT|BAKERY|ICE_CREAM_SHOP|YARN_STORE|PET_CAFE|BAKERY,10555,1200,252,9604,7974,3158,6388,4565,10783,270,31,4,126,39,62,74,39,205,2,716,624,360,259,331,292,150,31,5876,32058,16545,1,0,0,6,13,2,3,0,7,344.0,2,22,1,1,29,7,7,3,5,12,14056.0,3,6,0,19,31,3,7,3,6,12,38138.0,3,24,0,19,15,0,6,5,6,12,56684.0,3
111488887,1,DSM,103023.0,83853.0,1,0,PIZZA_SHOP|BRUNCH_SPOT|BRUNCH_SPOT|BAKERY|ICE_CREAM_SHOP|YARN_STORE|PET_CAFE|BAKERY,21215,2011,2007,21755,9888,12202,8814,10450,4681,522,48,34,207,42,241,103,80,77,2,657,529,310,250,315,338,148,31,7137,45959,39927,0,0,0,9,10,2,3,0,6,802.0,1,21,0,0,33,0,9,3,9,11,12116.0,3,14,0,7,33,0,9,3,9,11,46024.0,3,34,2,9,8,0,8,4,9,11,73098.0,3
111489998,0,DSM,135549.0,118233.0,1,0,PIZZA_SHOP|YARN_STORE|SMOOTHIE_SHOP|ICE_CREAM_SHOP|BRUNCH_SPOT|ICE_CREAM_SHOP|BRUNCH_SPOT|BRUNCH_SPOT,22866,0,3830,35625,10332,1774,28478,28798,4256,595,0,56,189,42,34,246,200,119,2,-1,455,360,250,383,330,148,31,7548,69379,59032,1,0,0,9,10,2,3,0,6,895.0,1,28,0,3,20,0,10,10,2,11,13805.0,3,17,0,8,24,0,14,10,2,11,61494.0,3,32,0,8,11,0,14,8,2,12,100811.0,3
111489998,1,Ebi,118233.0,135549.0,0,0,PIZZA_SHOP|YARN_STORE|SMOOTHIE_SHOP|ICE_CREAM_SHOP|BRUNCH_SPOT|ICE_CREAM_SHOP|BRUNCH_SPOT|BRUNCH_SPOT,51745,0,290,8604,4182,0,6712,4461,4271,1353,0,4,44,24,0,55,65,158,111,-1,454,431,384,-1,214,312,63,4561,26201,49503,23,6,0,5,8,5,2,0,5,901.0,2,14,0,5,16,11,9,9,1,7,8291.0,3,9,0,7,30,6,9,9,1,10,42520.0,3,15,0,2,25,6,9,9,1,11,75898.0,3
111491109,0,DeeperNet,92732.0,107027.0,0,0,BAKERY|SMOOTHIE_SHOP|YARN_STORE|FARMERS_MARKET|YARN_STORE|FARMERS_MARKET|ICE_CREAM_SHOP|BRUNCH_SPOT,13102,260,424,14660,13200,0,3786,15709,4222,411,6,6,136,60,0,87,140,107,2,695,672,402,250,-1,243,221,31,2792,34279,28292,3,0,0,4,12,4,2,0,5,380.0,1,34,0,0,20,1,7,11,0,11,15777.0,3,24,0,0,27,1,7,13,0,12,43250.0,3,34,0,4,11,0,7,13,0,11,69030.0,3
111491109,1,DSM,107027.0,92732.0,1,0,BAKERY|SMOOTHIE_SHOP|YARN_STORE|FARMERS_MARKET|YARN_STORE|FARMERS_MARKET|ICE_CREAM_SHOP|BRUNCH_SPOT,14436,5677,6061,26809,8640,3726,3734,32704,4342,422,128,85,205,42,68,78,232,74,2,564,527,354,250,311,306,148,31,7643,51506,46980,0,0,0,10,10,2,3,0,6,818.0,1,28,0,1,24,0,9,9,3,11,9764.0,3,14,0,11,28,0,8,11,3,11,44307.0,3,27,8,14,5,0,5,11,3,11,73139.0,3
111492235,0,THUNDER THUNDER,93430.0,116140.0,0,0,YARN_STORE|SMOOTHIE_SHOP|SMOOTHIE_SHOP|PIZZA_SHOP|YARN_STORE|PET_CAFE|BAKERY|BAKERY,9362,1092,205,972,2904,0,5812,17947,5561,250,28,3,94,12,0,61,216,144,59,670,528,432,252,-1,250,150,33,5288,20950,17617,0,0,0,6,8,4,5,0,6,365.0,1,20,4,0,29,1,9,12,0,10,13958.0,3,12,0,5,33,0,9,16,0,12,49078.0,3,20,3,3,21,0,9,16,0,12,78696.0,3
111492235,1,DSM,116140.0,93430.0,1,0,YARN_STORE|SMOOTHIE_SHOP|SMOOTHIE_SHOP|PIZZA_SHOP|YARN_STORE|PET_CAFE|BAKERY|BAKERY,17803,3532,3217,14260,9804,3218,23590,33901,3938,473,86,49,157,42,67,192,231,127,2,599,527,354,250,383,286,148,31,7884,70524,34855,0,0,0,9,10,2,3,0,6,897.0,1,20,0,0,32,0,10,10,3,11,11122.0,3,13,0,6,32,0,11,10,3,11,58335.0,3,26,10,10,4,0,11,10,3,11,92679.0,3
111493341,0,DSM,103672.0,93544.0,1,0,ICE_CREAM_SHOP|FARMERS_MARKET|PET_CAFE|BRUNCH_SPOT|BAKERY|SMOOTHIE_SHOP|BAKERY|ICE_CREAM_SHOP,19400,6741,2402,31877,9222,10548,7766,4256,4595,450,143,37,224,42,246,134,29,70,2,383,551,334,250,335,338,148,31,7559,47730,41518,0,0,0,10,10,2,3,0,6,672.0,1,24,0,0,30,0,9,3,9,11,11759.0,3,9,6,5,34,0,9,3,9,11,44094.0,3,27,11,8,9,0,8,3,9,11,69685.0,3
111493341,1,Sida Zuo,93544.0,103672.0,0,0,ICE_CREAM_SHOP|FARMERS_MARKET|PET_CAFE|BRUNCH_SPOT|BAKERY|SMOOTHIE_SHOP|BAKERY|ICE_CREAM_SHOP,7221,2176,0,19991,6672,1379,6884,1247,5245,172,43,0,141,30,32,69,22,81,143,522,-1,402,251,298,196,150,33,6343,29815,14657,0,0,0,8,9,5,2,0,6,711.0,1,29,0,0,32,4,6,2,2,11,17566.0,3,1,5,14,37,5,6,2,4,11,39841.0,3,5,29,14,13,0,6,2,4,11,63919.0,3
111493974,0,Unknown Mother-Goose,117587.0,115880.0,1,0,PIZZA_SHOP|PET_CAFE|FARMERS_MARKET|ICE_CREAM_SHOP|YARN_STORE|SMOOTHIE_SHOP|SMOOTHIE_SHOP|BRUNCH_SPOT,18287,15559,5298,17314,11412,14269,20482,9312,10862,535,314,66,106,54,343,146,71,231,2,576,470,327,250,312,338,148,31,7603,43561,71631,0,0,0,9,11,2,3,0,5,825.0,1,31,4,6,11,5,8,3,5,12,13575.0,3,23,0,9,24,0,8,5,5,11,44833.0,3,9,28,3,14,0,8,5,5,11,71897.0,3
111493974,1,kwa,115880.0,117587.0,0,0,PIZZA_SHOP|PET_CAFE|FARMERS_MARKET|ICE_CREAM_SHOP|YARN_STORE|SMOOTHIE_SHOP|SMOOTHIE_SHOP|BRUNCH_SPOT,13457,6060,6778,25498,8028,2397,15556,9631,8930,383,119,85,161,36,57,129,84,160,76,527,383,322,247,318,310,149,43,7015,33832,55488,0,0,0,8,12,2,3,0,6,824.0,1,27,0,3,22,3,9,3,3,11,14257.0,3,18,0,7,30,0,9,5,3,11,39312.0,3,12,14,12,17,0,9,5,3,11,67786.0,3
111494462,0,DSM,111962.0,88381.0,1,0,YARN_STORE|BAKERY|BRUNCH_SPOT|SMOOTHIE_SHOP|PIZZA_SHOP|BRUNCH_SPOT|SMOOTHIE_SHOP|PET_CAFE,14024,3267,3346,25530,8526,9626,9452,25087,3894,461,102,53,164,42,166,91,192,65,2,611,577,336,250,335,330,148,31,8126,53268,41358,0,0,0,9,10,2,3,0,6,817.0,1,32,0,0,19,0,5,12,6,11,10130.0,3,18,0,9,25,0,5,12,6,11,51860.0,3,24,9,13,12,0,5,6,6,11,76989.0,3
111494462,1,Artem The Farmer 🍅,88381.0,111962.0,0,0,YARN_STORE|BAKERY|BRUNCH_SPOT|SMOOTHIE_SHOP|PIZZA_SHOP|BRUNCH_SPOT|SMOOTHIE_SHOP|PET_CAFE,16196,760,504,17338,13326,0,5579,6991,3901,597,24,8,115,60,0,47,142,124,2,690,623,398,250,-1,195,291,31,3314,32309,28972,3,0,0,4,12,4,2,0,5,354.0,1,39,1,0,16,1,4,13,0,11,15788.0,3,29,0,4,23,1,4,13,0,11,43051.0,3,44,0,4,10,0,4,12,0,11,61942.0,3
111494668,0,Kaggledew Valley 🏆,161533.0,166082.0,0,0,ICE_CREAM_SHOP|ICE_CREAM_SHOP|SMOOTHIE_SHOP|SMOOTHIE_SHOP|PIZZA_SHOP|ICE_CREAM_SHOP|PET_CAFE|PET_CAFE,8209,915,124,40568,1883,380,57500,1259,6599,196,19,2,233,14,8,288,8,131,111,716,378,385,313,527,197,150,29,7725,40473,69239,2,0,1,5,9,6,2,0,5,806.0,1,10,0,1,37,6,13,3,2,12,9156.0,3,9,0,0,43,4,14,3,2,10,35383.0,3,17,0,0,30,1,14,1,2,11,113213.0,3
111494668,1,Majkel1337,166082.0,161533.0,1,0,ICE_CREAM_SHOP|ICE_CREAM_SHOP|SMOOTHIE_SHOP|SMOOTHIE_SHOP|PIZZA_SHOP|ICE_CREAM_SHOP|PET_CAFE|PET_CAFE,12074,1291,988,48960,12654,0,63157,2760,6262,269,27,14,259,60,0,299,46,118,312,716,623,408,276,-1,195,151,27,6842,61524,79780,2,0,0,3,13,4,3,0,6,407.0,1,15,0,0,37,6,13,3,0,12,8321.0,3,12,0,3,43,0,14,3,0,12,50552.0,3,29,0,4,22,0,14,2,0,12,118110.0,3
111494669,0,Vadim Vasilenko,73799.0,72924.0,1,0,BAKERY|BAKERY|FARMERS_MARKET|PET_CAFE|ICE_CREAM_SHOP|BAKERY|YARN_STORE|ICE_CREAM_SHOP,19134,11134,2733,16645,20592,4578,968,8184,6756,620,367,43,159,96,81,107,69,126,2,383,362,334,250,348,339,148,27,7916,44906,37902,0,0,0,8,12,2,3,0,6,544.0,1,36,0,4,20,2,6,3,4,11,12416.0,3,19,16,4,23,0,6,3,4,11,34158.0,3,25,24,5,8,0,6,3,4,11,50228.0,3
111494669,1,DeeperNet,72924.0,73799.0,0,0,BAKERY|BAKERY|FARMERS_MARKET|PET_CAFE|ICE_CREAM_SHOP|BAKERY|YARN_STORE|ICE_CREAM_SHOP,15330,2752,2891,5715,13296,1243,1366,1620,4957,455,87,44,69,60,22,55,35,102,2,386,477,399,250,383,243,221,31,2626,29129,17415,3,0,0,4,12,4,2,0,5,380.0,1,44,0,2,14,1,5,4,4,10,18031.0,3,26,12,6,16,1,5,4,4,11,33537.0,3,35,15,9,3,0,5,4,4,11,50511.0,3
111495581,0,Sida Zuo,105261.0,115430.0,0,0,PET_CAFE|ICE_CREAM_SHOP|FARMERS_MARKET|ICE_CREAM_SHOP|YARN_STORE|ICE_CREAM_SHOP|SMOOTHIE_SHOP|BAKERY,6001,4331,338,10100,7980,420,8964,3503,6493,138,89,5,86,36,10,86,26,130,143,298,564,404,250,350,196,150,33,5286,19454,23390,0,0,0,8,9,5,2,0,6,704.0,1,5,29,0,26,4,6,2,2,11,16862.0,3,3,0,13,37,5,7,7,2,11,34937.0,3,0,24,13,16,0,7,7,2,11,68349.0,3
111495581,1,DSM,115430.0,105261.0,1,0,PET_CAFE|ICE_CREAM_SHOP|FARMERS_MARKET|ICE_CREAM_SHOP|YARN_STORE|ICE_CREAM_SHOP|SMOOTHIE_SHOP|BAKERY,20367,2568,1578,28954,9336,9748,17177,12879,4579,467,55,24,219,42,234,181,86,80,2,383,599,334,250,359,310,148,31,7356,48182,51648,0,0,0,9,10,2,3,0,6,617.0,1,25,0,0,29,0,9,3,9,11,11689.0,3,11,4,4,33,0,9,4,9,11,42251.0,3,28,4,8,11,0,9,5,9,11,74901.0,3
111496707,0,DSM,85507.0,74362.0,1,0,PIZZA_SHOP|PET_CAFE|PIZZA_SHOP|PET_CAFE|PET_CAFE|SMOOTHIE_SHOP|PIZZA_SHOP|BAKERY,9233,17338,9789,1576,8568,9267,16505,3795,4616,320,392,120,46,42,220,181,28,78,2,407,503,313,250,336,297,148,31,7520,35873,37294,0,0,0,9,10,2,3,0,6,817.0,1,36,0,2,15,0,11,3,8,11,12146.0,3,11,14,17,9,0,11,3,8,11,42098.0,3,13,27,12,1,0,10,3,8,11,61167.0,3
111496707,1,DeeperNet,74362.0,85507.0,0,0,PIZZA_SHOP|PET_CAFE|PIZZA_SHOP|PET_CAFE|PET_CAFE|SMOOTHIE_SHOP|PIZZA_SHOP|BAKERY,12134,5438,1440,505,13356,246,14992,903,4406,441,131,18,67,60,6,180,11,94,2,383,600,397,250,530,243,221,31,2742,34051,16627,3,0,0,4,12,4,2,0,5,381.0,1,43,0,0,16,1,10,2,2,10,19820.0,3,26,12,6,16,1,10,2,2,11,40323.0,3,19,31,8,1,0,10,2,2,11,52476.0,3
111497817,0,Excluding,70608.0,86499.0,0,0,BAKERY|BAKERY|BRUNCH_SPOT|PET_CAFE|BRUNCH_SPOT|FARMERS_MARKET|SMOOTHIE_SHOP|YARN_STORE,11487,9629,0,11888,8052,5615,1388,2882,5581,390,336,0,98,36,114,33,36,97,3,394,-1,374,247,338,198,152,29,6861,26153,23508,0,0,0,8,12,2,3,0,6,1157.0,1,37,0,0,19,3,4,3,7,11,14343.0,3,33,8,0,20,0,4,3,7,11,32497.0,3,0,54,2,5,0,4,3,7,11,50979.0,3
111497817,1,DSM,86499.0,70608.0,1,0,BAKERY|BAKERY|BRUNCH_SPOT|PET_CAFE|BRUNCH_SPOT|FARMERS_MARKET|SMOOTHIE_SHOP|YARN_STORE,16062,4864,1428,20197,9444,16026,1843,6943,4783,538,169,22,147,42,324,68,54,86,2,407,647,306,250,265,293,148,31,7178,39050,35362,0,0,0,9,10,2,3,0,6,898.0,1,33,0,1,20,0,7,3,11,11,13251.0,3,18,10,4,21,0,7,3,11,11,38829.0,3,25,17,8,6,0,5,3,11,11,57720.0,3
111498931,0,DSM,120863.0,77301.0,1,0,PIZZA_SHOP|YARN_STORE|YARN_STORE|FARMERS_MARKET|BAKERY|YARN_STORE|FARMERS_MARKET|BRUNCH_SPOT,18387,4357,13552,4706,8490,806,1968,56558,4100,465,101,167,63,42,15,28,389,109,2,623,455,336,250,407,310,148,31,7506,55726,49692,0,0,0,9,10,2,3,0,6,815.0,1,32,0,4,12,0,7,17,1,11,8837.0,3,18,0,20,12,0,7,17,1,11,59962.0,3,27,8,17,1,0,2,17,1,11,87263.0,3
111498931,1,Driz Lo,77301.0,120863.0,0,0,PIZZA_SHOP|YARN_STORE|YARN_STORE|FARMERS_MARKET|BAKERY|YARN_STORE|FARMERS_MARKET|BRUNCH_SPOT,56311,1405,0,2468,12546,0,4939,29270,7946,1404,36,0,110,54,0,80,237,261,1,674,-1,396,249,-1,292,221,31,5116,58074,51695,3,0,0,4,12,4,2,0,4,840.0,1,20,0,0,33,0,6,17,0,13,9563.0,4,25,0,0,33,0,6,17,0,13,42752.0,4,38,0,0,20,0,6,17,0,13,63137.0,4
111499460,0,Majkel1337,110945.0,117239.0,0,0,ICE_CREAM_SHOP|BRUNCH_SPOT|PET_CAFE|SMOOTHIE_SHOP|PET_CAFE|ICE_CREAM_SHOP|YARN_STORE|ICE_CREAM_SHOP,12279,5162,862,40479,8994,4781,18268,6191,5528,309,110,14,280,48,106,179,48,92,312,455,623,394,275,295,195,151,27,5867,48087,48590,2,0,0,3,13,4,3,0,6,413.0,1,21,0,0,32,6,7,3,5,12,10454.0,3,11,8,3,37,0,8,3,5,12,38000.0,3,15,21,3,18,0,8,3,5,11,72556.0,3
111499460,1,DSM,117239.0,110945.0,1,0,ICE_CREAM_SHOP|BRUNCH_SPOT|PET_CAFE|SMOOTHIE_SHOP|PET_CAFE|ICE_CREAM_SHOP|YARN_STORE|ICE_CREAM_SHOP,12900,10987,242,31359,10302,7209,16723,9381,5018,324,237,4,220,42,163,188,70,81,2,479,695,354,250,297,310,148,27,7527,46423,50171,0,0,0,8,12,2,3,0,6,697.0,1,26,0,0,29,2,10,3,5,11,11659.0,3,9,11,0,36,0,10,3,6,11,46624.0,3,22,19,1,14,0,10,3,6,11,81639.0,3
111500046,0,Dieter,149100.0,176117.0,0,0,SMOOTHIE_SHOP|ICE_CREAM_SHOP|ICE_CREAM_SHOP|SMOOTHIE_SHOP|FARMERS_MARKET|ICE_CREAM_SHOP|SMOOTHIE_SHOP|PET_CAFE,17074,2163,0,34271,12432,0,36853,2110,8248,432,50,0,153,54,0,205,28,197,1,674,-1,399,250,-1,319,150,31,5176,39494,68481,3,0,0,4,12,4,2,0,4,785.0,1,21,0,0,33,0,12,5,0,10,16935.0,3,25,0,0,33,0,12,5,0,12,45903.0,3,38,0,0,20,0,12,5,0,11,101527.0,3
111500046,1,DSM,176117.0,149100.0,1,0,SMOOTHIE_SHOP|ICE_CREAM_SHOP|ICE_CREAM_SHOP|SMOOTHIE_SHOP|FARMERS_MARKET|ICE_CREAM_SHOP|SMOOTHIE_SHOP|PET_CAFE,15307,1141,720,73760,8490,3380,62909,4135,5064,396,26,10,327,42,74,327,31,105,2,695,671,382,250,383,310,148,31,7626,72370,94910,0,0,0,10,10,2,3,0,6,779.0,1,12,0,0,42,0,15,3,3,11,9674.0,3,10,0,0,43,0,15,3,3,11,50317.0,3,28,0,3,23,0,15,3,3,11,119678.0,3
111500309,0,DSM,130967.0,117952.0,1,0,ICE_CREAM_SHOP|FARMERS_MARKET|SMOOTHIE_SHOP|FARMERS_MARKET|BAKERY|YARN_STORE|BAKERY|ICE_CREAM_SHOP,16664,2125,2637,56010,9780,8781,12518,12183,4806,387,43,33,322,42,203,130,74,84,2,671,575,334,250,266,338,148,31,6861,56678,61965,0,0,0,10,10,2,3,0,6,762.0,1,14,0,0,41,0,10,3,7,11,11406.0,3,6,0,6,43,0,10,3,7,11,49147.0,3,29,0,9,19,0,7,3,7,11,90728.0,3
111500309,1,THIRD FARM CLUB,117952.0,130967.0,0,0,ICE_CREAM_SHOP|FARMERS_MARKET|SMOOTHIE_SHOP|FARMERS_MARKET|BAKERY|YARN_STORE|BAKERY|ICE_CREAM_SHOP,8725,2203,624,34347,6867,424,4491,8658,5258,215,44,8,201,33,10,82,52,89,73,384,717,336,249,386,339,149,28,6119,28047,37431,3,0,0,9,12,2,3,0,6,46.0,2,14,3,3,33,4,12,3,3,10,7722.0,3,10,0,5,38,4,12,3,3,8,41081.0,3,31,8,7,8,2,11,3,3,9,73501.0,3
111500318,0,Unknown Mother-Goose,112675.0,102952.0,1,0,BRUNCH_SPOT|BRUNCH_SPOT|ICE_CREAM_SHOP|BAKERY|FARMERS_MARKET|PET_CAFE|SMOOTHIE_SHOP|BRUNCH_SPOT,23677,8710,349,53795,8550,19192,2953,4431,7845,553,186,5,287,42,367,62,37,156,2,687,649,336,250,262,290,148,31,7956,47825,73721,0,0,0,11,9,2,3,0,5,850.0,1,15,0,0,41,1,6,3,6,11,11091.0,3,15,0,1,44,0,6,3,6,11,36099.0,3,39,0,2,21,0,5,2,6,11,78501.0,3
111500318,1,Ryo Hasegawa,102952.0,112675.0,0,0,BRUNCH_SPOT|BRUNCH_SPOT|ICE_CREAM_SHOP|BAKERY|FARMERS_MARKET|PET_CAFE|SMOOTHIE_SHOP|BRUNCH_SPOT,10176,751,0,2260,12336,2848,813,1506,7443,248,16,0,12,54,56,6,8,161,2,663,-1,504,250,504,254,150,31,4746,18959,14428,3,0,0,4,12,4,2,0,4,783.0,1,11,0,2,22,2,8,6,7,8,14875.0,3,14,0,2,31,5,8,6,9,10,29211.0,3,33,3,0,15,1,6,4,9,12,64885.0,3
111500320,0,Unknown Mother-Goose,114379.0,105873.0,1,0,SMOOTHIE_SHOP|PET_CAFE|YARN_STORE|SMOOTHIE_SHOP|SMOOTHIE_SHOP|FARMERS_MARKET|ICE_CREAM_SHOP|BRUNCH_SPOT,13896,7487,1572,37323,11850,1612,17639,11537,9504,430,170,26,206,54,38,148,150,236,2,544,475,336,250,360,338,148,31,6373,49377,56670,0,0,0,10,10,2,3,0,5,724.0,1,30,0,1,17,2,8,11,1,12,10052.0,3,18,0,3,33,0,8,11,1,11,49340.0,3,10,25,3,16,0,7,11,1,11,75817.0,3
111500320,1,Otter Vibe,105873.0,114379.0,0,0,SMOOTHIE_SHOP|PET_CAFE|YARN_STORE|SMOOTHIE_SHOP|SMOOTHIE_SHOP|FARMERS_MARKET|ICE_CREAM_SHOP|BRUNCH_SPOT,6035,1644,246,7676,6978,1429,8033,2374,7576,189,40,4,44,30,33,66,38,181,118,431,480,406,249,286,198,365,29,3125,24184,14682,0,0,0,9,12,2,3,1,3,95.0,2,21,4,6,19,5,9,8,3,11,10243.0,3,14,3,7,29,2,9,8,3,12,45101.0,3,29,12,2,11,1,9,8,3,14,73154.0,3
111500477,0,Vadim Vasilenko,120411.0,122223.0,0,0,SMOOTHIE_SHOP|PIZZA_SHOP|SMOOTHIE_SHOP|YARN_STORE|YARN_STORE|ICE_CREAM_SHOP|BRUNCH_SPOT|PET_CAFE,16463,0,1515,25858,21870,0,25116,49150,5621,520,0,19,201,96,0,269,232,270,2,-1,671,362,250,-1,334,148,31,7398,70592,67603,0,0,0,8,12,2,3,0,6,777.0,1,23,0,0,32,2,14,3,0,11,10205.0,3,15,0,0,31,0,14,14,0,11,42695.0,3,32,0,1,12,0,14,14,0,11,89277.0,3
111500477,1,Unknown Mother-Goose,122223.0,120411.0,1,0,SMOOTHIE_SHOP|PIZZA_SHOP|SMOOTHIE_SHOP|YARN_STORE|YARN_STORE|ICE_CREAM_SHOP|BRUNCH_SPOT|PET_CAFE,18272,4782,158,18480,9462,2832,26632,27468,9539,488,115,2,152,42,54,275,136,381,2,691,690,330,250,479,291,148,31,7445,52280,57900,0,0,0,10,10,2,3,0,5,728.0,1,28,0,0,23,3,15,3,1,12,11538.0,3,19,0,0,28,0,15,9,1,12,51458.0,3,31,0,1,14,0,15,9,1,12,87137.0,3
111501166,0,DSM,93482.0,77982.0,1,0,BAKERY|FARMERS_MARKET|ICE_CREAM_SHOP|PET_CAFE|BRUNCH_SPOT|BRUNCH_SPOT|PIZZA_SHOP|PIZZA_SHOP,19220,5763,4942,28852,8490,12057,3986,4165,3747,496,105,63,220,42,265,88,31,54,2,591,529,360,250,266,310,148,31,7311,42311,41600,0,0,0,10,10,2,3,0,6,815.0,1,26,0,0,30,0,7,3,9,11,10473.0,3,17,0,8,30,0,7,3,9,11,38178.0,3,30,6,12,9,0,6,3,9,11,62844.0,3
111501166,1,RangerSnow,77982.0,93482.0,0,0,BAKERY|FARMERS_MARKET|ICE_CREAM_SHOP|PET_CAFE|BRUNCH_SPOT|BRUNCH_SPOT|PIZZA_SHOP|PIZZA_SHOP,102973,2236,0,15746,12432,3515,2190,1522,10550,2593,45,0,132,54,78,68,24,246,1,684,-1,399,250,339,374,150,31,4700,76840,69624,3,0,0,4,12,4,2,0,4,788.0,1,21,0,0,33,0,6,6,5,10,15697.0,3,25,0,0,33,0,6,6,5,11,34314.0,3,30,8,0,20,0,6,6,5,11,55808.0,3
111501679,0,Vadim Vasilenko,114380.0,111607.0,1,0,SMOOTHIE_SHOP|YARN_STORE|BRUNCH_SPOT|FARMERS_MARKET|SMOOTHIE_SHOP|PET_CAFE|PIZZA_SHOP|BAKERY,17424,8520,3918,38168,20376,0,11329,20890,6827,480,213,59,248,96,0,123,224,163,2,575,434,382,250,-1,290,148,31,8634,59990,58828,0,0,0,8,12,2,3,0,6,698.0,1,23,0,1,31,2,9,9,0,11,9419.0,3,18,0,3,36,0,9,9,0,11,48865.0,3,27,8,5,16,0,9,9,0,11,89641.0,3
111501679,1,mtmr_s1,111607.0,114380.0,0,0,SMOOTHIE_SHOP|YARN_STORE|BRUNCH_SPOT|FARMERS_MARKET|SMOOTHIE_SHOP|PET_CAFE|PIZZA_SHOP|BAKERY,6016,1985,640,5358,12450,0,3352,5753,6527,170,49,9,38,54,0,33,38,127,1,646,646,405,249,-1,292,221,31,4938,25449,11694,3,0,0,4,12,4,2,0,4,788.0,1,20,0,0,32,0,6,11,0,11,17346.0,3,13,0,14,32,0,6,10,0,10,46432.0,3,18,10,14,17,0,6,10,0,11,82876.0,3
111502298,0,mtmr_s1,78272.0,93146.0,0,0,PIZZA_SHOP|BRUNCH_SPOT|BAKERY|FARMERS_MARKET|ICE_CREAM_SHOP|PET_CAFE|BAKERY|PET_CAFE,6640,1358,0,4132,12432,1107,4097,2103,5730,186,36,0,38,54,21,48,21,97,1,670,-1,399,250,361,319,150,31,5348,25663,6588,3,0,0,4,12,4,2,0,4,788.0,1,21,0,0,33,0,8,6,3,10,16868.0,3,25,0,0,33,0,8,6,3,11,38193.0,3,31,25,0,6,0,8,2,3,9,55271.0,3
111502298,1,DSM,93146.0,78272.0,1,0,PIZZA_SHOP|BRUNCH_SPOT|BAKERY|FARMERS_MARKET|ICE_CREAM_SHOP|PET_CAFE|BAKERY|PET_CAFE,17213,4762,10090,23953,8490,12445,6972,4233,3891,477,115,125,192,42,240,129,32,56,2,575,455,358,250,311,338,148,31,7145,46379,38525,0,0,0,9,10,2,3,0,6,815.0,1,31,0,2,22,0,9,3,8,11,11286.0,3,16,0,12,27,0,9,3,8,11,41829.0,3,24,12,14,6,0,8,3,8,11,65590.0,3
111502447,0,SpaTaro,42259.0,116936.0,0,0,BAKERY|PET_CAFE|PIZZA_SHOP|PIZZA_SHOP|SMOOTHIE_SHOP|BRUNCH_SPOT|BAKERY|YARN_STORE,41817,0,300,1510,8472,0,6480,3233,2320,1071,0,4,68,48,0,36,42,33,8,-1,617,432,260,-1,210,163,241,12910,29856,21366,1,0,0,0,10,3,2,0,6,645.0,1,0,0,0,37,6,3,2,0,9,12956.0,2,0,0,8,37,0,3,2,0,9,19000.0,2,0,0,8,37,0,3,2,0,9,30003.0,2
111502447,1,Vadim Vasilenko,116936.0,42259.0,1,0,BAKERY|PET_CAFE|PIZZA_SHOP|PIZZA_SHOP|SMOOTHIE_SHOP|BRUNCH_SPOT|BAKERY|YARN_STORE,19357,10056,10736,5836,22068,3622,30775,6163,8511,460,222,152,74,96,66,163,61,131,2,359,407,337,250,311,310,148,27,8149,53192,55783,0,0,0,8,12,2,3,0,6,641.0,1,33,6,5,15,2,7,3,4,11,14332.0,3,21,10,14,14,0,9,3,4,11,43519.0,3,24,19,14,1,0,9,3,4,11,76437.0,3
111502453,0,Unknown Mother-Goose,123225.0,110472.0,1,0,BRUNCH_SPOT|YARN_STORE|BRUNCH_SPOT|SMOOTHIE_SHOP|FARMERS_MARKET|BRUNCH_SPOT|ICE_CREAM_SHOP|BAKERY,20459,0,1569,61100,10110,13154,1458,17867,8590,537,0,23,305,48,207,16,187,177,2,-1,614,352,250,359,344,148,27,8702,50261,75344,0,0,0,10,10,2,3,0,5,744.0,1,22,0,0,27,2,3,11,4,11,9993.0,3,14,0,2,40,0,3,11,4,11,42082.0,3,30,0,3,25,0,3,9,4,11,78932.0,3
111502453,1,Artem The Farmer 🍅,110472.0,123225.0,0,0,BRUNCH_SPOT|YARN_STORE|BRUNCH_SPOT|SMOOTHIE_SHOP|FARMERS_MARKET|BRUNCH_SPOT|ICE_CREAM_SHOP|BAKERY,16054,1091,398,34040,13326,0,5714,5811,4084,413,26,6,179,60,0,55,145,98,2,693,671,395,250,-1,195,291,31,3425,27492,49601,3,0,0,4,12,4,2,0,5,356.0,1,34,1,0,22,1,4,12,0,11,14723.0,3,15,0,6,37,1,4,12,0,11,35339.0,3,27,0,8,22,0,4,12,0,11,67810.0,3
111503420,0,binghua,94784.0,112765.0,0,0,ICE_CREAM_SHOP|BAKERY|SMOOTHIE_SHOP|PET_CAFE|PIZZA_SHOP|YARN_STORE|ICE_CREAM_SHOP|ICE_CREAM_SHOP,8591,1118,526,6009,3246,2231,16253,3839,8919,237,32,8,119,18,47,119,32,185,105,85,522,383,341,306,197,349,33,8272,24304,18156,12,0,0,6,7,6,2,0,7,463.0,2,18,0,0,27,14,8,4,4,12,4935.0,3,11,0,12,29,7,8,4,4,12,40016.0,3,26,8,9,12,1,8,5,4,12,63358.0,3
111503420,1,DSM,112765.0,94784.0,1,0,ICE_CREAM_SHOP|BAKERY|SMOOTHIE_SHOP|PET_CAFE|PIZZA_SHOP|YARN_STORE|ICE_CREAM_SHOP|ICE_CREAM_SHOP,15990,4274,1886,20855,10278,7530,25678,9263,4335,421,101,39,199,42,171,227,65,74,2,479,623,311,250,359,338,148,31,7649,50326,42114,0,0,0,10,10,2,3,0,6,874.0,1,22,0,0,32,0,11,3,7,11,13293.0,3,11,6,5,32,0,11,3,7,11,50578.0,3,27,11,10,6,0,11,3,7,11,76167.0,3
111504553,0,DSM,81971.0,73200.0,1,0,BAKERY|PET_CAFE|ICE_CREAM_SHOP|PET_CAFE|BRUNCH_SPOT|PIZZA_SHOP|PIZZA_SHOP|BRUNCH_SPOT,16667,8446,3158,8384,9474,14602,6074,3517,4209,457,215,51,123,42,340,99,33,84,2,335,503,313,250,265,294,148,31,6951,33571,34009,0,0,0,9,10,2,3,0,6,717.0,1,30,4,1,19,0,7,3,11,11,13140.0,3,14,11,7,21,0,7,3,11,11,39263.0,3,26,12,10,6,0,7,3,11,11,55990.0,3
111504553,1,Vadim Vasilenko,73200.0,81971.0,0,0,BAKERY|PET_CAFE|ICE_CREAM_SHOP|PET_CAFE|BRUNCH_SPOT|PIZZA_SHOP|PIZZA_SHOP|BRUNCH_SPOT,19830,17160,1900,12404,23106,2804,5787,3253,5502,550,458,31,155,102,63,115,46,122,2,359,407,331,250,256,310,148,31,7079,46051,38616,0,0,0,8,12,2,3,0,6,628.0,1,29,7,4,19,2,7,3,4,11,12023.0,3,13,21,5,22,0,7,3,4,11,37262.0,3,29,20,4,8,0,7,3,4,11,50619.0,3
111505677,0,DSM,79951.0,65340.0,1,0,BAKERY|BRUNCH_SPOT|YARN_STORE|BRUNCH_SPOT|BRUNCH_SPOT|PIZZA_SHOP|PET_CAFE|YARN_STORE,15641,4626,3150,18223,8790,6976,604,15175,4170,516,147,49,195,42,108,64,172,61,2,613,527,334,250,267,313,148,31,7467,45488,24400,0,0,0,9,10,2,3,0,6,922.0,1,32,0,0,22,0,7,10,4,11,9626.0,3,21,0,6,29,0,5,10,4,11,42836.0,3,25,14,10,8,0,5,9,4,11,59311.0,3
111505677,1,SpaTaro,65340.0,79951.0,0,0,BAKERY|BRUNCH_SPOT|YARN_STORE|BRUNCH_SPOT|BRUNCH_SPOT|PIZZA_SHOP|PET_CAFE|YARN_STORE,21931,2878,0,19008,19374,0,735,10416,6185,752,76,0,226,86,0,69,195,144,4,596,-1,393,248,-1,321,150,112,5874,53198,21455,0,0,0,5,12,5,2,0,7,108.0,1,34,0,0,25,0,5,9,0,10,14550.0,3,21,0,0,36,0,5,13,0,10,36566.0,3,30,17,0,11,0,5,12,0,10,52676.0,3
111505857,0,Majkel1337,101222.0,103618.0,0,0,SMOOTHIE_SHOP|BRUNCH_SPOT|PET_CAFE|YARN_STORE|BAKERY|SMOOTHIE_SHOP|BRUNCH_SPOT|FARMERS_MARKET,13878,3376,823,27853,8994,4241,9300,14393,6330,424,90,13,204,48,91,139,106,111,290,479,671,393,275,310,195,151,27,6030,46858,36300,2,0,0,3,13,4,3,0,6,421.0,1,22,0,0,31,6,7,3,5,12,10393.0,3,16,6,3,32,0,7,6,5,12,40235.0,3,35,6,3,12,0,7,6,5,12,69621.0,3
111505857,1,DSM,103618.0,101222.0,1,0,SMOOTHIE_SHOP|BRUNCH_SPOT|PET_CAFE|YARN_STORE|BAKERY|SMOOTHIE_SHOP|BRUNCH_SPOT|FARMERS_MARKET,12550,7721,380,24116,10302,7865,6216,19553,4196,388,199,6,179,42,172,125,136,69,2,383,649,354,250,277,310,148,27,7594,45503,39802,0,0,0,8,12,2,3,0,6,696.0,1,24,0,0,30,2,10,3,6,11,11540.0,3,11,8,2,31,0,10,6,6,11,43659.0,3,34,12,3,8,0,6,6,6,11,73968.0,3
111506120,0,Vadim Vasilenko,81278.0,81465.0,0,0,PET_CAFE|BAKERY|BRUNCH_SPOT|FARMERS_MARKET|BAKERY|ICE_CREAM_SHOP|BRUNCH_SPOT|SMOOTHIE_SHOP,20991,15234,2064,24442,23988,3868,1703,3659,6658,590,360,42,192,102,74,91,78,110,2,359,361,358,250,256,290,148,31,7466,48333,46808,0,0,0,8,12,2,3,0,6,625.0,1,30,6,3,21,2,6,3,4,11,13931.0,3,14,19,3,26,0,6,3,4,11,36400.0,3,37,10,3,12,0,6,3,4,11,52248.0,3
111506120,1,QQ,81465.0,81278.0,1,0,PET_CAFE|BAKERY|BRUNCH_SPOT|FARMERS_MARKET|BAKERY|ICE_CREAM_SHOP|BRUNCH_SPOT|SMOOTHIE_SHOP,11596,3403,1542,11405,10521,6023,220,3264,11194,327,79,27,94,55,116,27,37,185,2,334,406,360,254,260,356,149,31,6969,27891,24308,0,0,0,8,12,2,3,0,6,846.0,1,17,16,3,21,5,4,3,6,12,14134.0,3,14,1,14,29,4,4,3,6,12,32878.0,3,28,7,13,14,0,4,3,6,12,53639.0,3
111506844,0,吃白饭的大肥鱼,84670.0,96038.0,0,0,PET_CAFE|ICE_CREAM_SHOP|PET_CAFE|PET_CAFE|FARMERS_MARKET|FARMERS_MARKET|FARMERS_MARKET|SMOOTHIE_SHOP,7017,2288,1447,5586,14502,0,2659,2039,5692,192,42,20,32,72,0,29,21,120,1,670,670,431,250,-1,254,150,31,5339,22454,13437,3,0,0,4,12,4,2,0,4,792.0,1,21,0,0,33,0,8,6,3,10,16226.0,3,12,25,5,28,0,8,6,3,11,27137.0,4,37,14,11,16,5,7,6,3,11,42853.0,4
111506844,1,DSM,96038.0,84670.0,1,0,PET_CAFE|ICE_CREAM_SHOP|PET_CAFE|PET_CAFE|FARMERS_MARKET|FARMERS_MARKET|FARMERS_MARKET|SMOOTHIE_SHOP,9863,29297,4855,26292,8490,7804,4000,4150,4301,269,526,64,165,42,184,88,32,67,2,311,599,330,250,265,295,148,31,7336,43000,48716,0,0,0,9,10,2,3,0,6,815.0,1,16,17,0,22,0,9,3,8,11,11454.0,3,8,19,8,22,0,8,3,7,11,39934.0,3,22,24,12,0,0,7,3,7,11,63755.0,3
111507281,0,Arda Ceylan,74676.0,88916.0,0,0,SMOOTHIE_SHOP|PET_CAFE|YARN_STORE|PET_CAFE|PIZZA_SHOP|PIZZA_SHOP|PET_CAFE|FARMERS_MARKET,12413,10098,1453,8056,8706,778,10073,10325,5787,373,219,20,130,42,18,145,152,97,2,431,599,358,251,311,339,149,27,7569,37121,22999,0,0,0,8,12,2,3,0,6,787.0,1,29,0,0,22,2,9,9,2,11,10628.0,3,10,12,5,23,0,9,9,2,11,43417.0,3,15,27,8,4,0,8,7,2,11,54686.0,3
111507281,1,DSM,88916.0,74676.0,1,0,SMOOTHIE_SHOP|PET_CAFE|YARN_STORE|PET_CAFE|PIZZA_SHOP|PIZZA_SHOP|PET_CAFE|FARMERS_MARKET,13543,19625,5589,9853,9642,2420,12800,13740,3756,397,433,76,101,42,57,168,149,76,2,383,527,313,250,359,338,148,31,6969,47895,36104,0,0,0,10,10,2,3,0,6,852.0,1,26,0,0,24,0,10,10,3,11,10954.0,3,10,12,4,24,0,10,10,3,11,49526.0,3,16,25,10,1,0,10,10,3,11,63801.0,3
111507915,0,Yannik Schiffner,88207.0,102914.0,0,0,BAKERY|ICE_CREAM_SHOP|YARN_STORE|ICE_CREAM_SHOP|PIZZA_SHOP|PET_CAFE|PET_CAFE|PET_CAFE,99582,4480,0,5771,52870,6296,36043,6481,67531,2832,117,0,90,244,123,220,88,977,4,647,-1,408,246,154,196,148,3,101611,159480,17963,0,0,0,4,12,4,3,2,5,129.0,1,23,0,3,23,4,5,8,3,10,10841.0,3,27,0,4,23,5,5,8,3,11,42959.0,3,22,31,1,0,4,5,8,3,12,62642.0,3
111507915,1,DSM,102914.0,88207.0,1,0,BAKERY|ICE_CREAM_SHOP|YARN_STORE|ICE_CREAM_SHOP|PIZZA_SHOP|PET_CAFE|PET_CAFE|PET_CAFE,15642,6881,3785,17237,9534,3787,21425,15759,4303,468,169,59,150,42,78,190,170,70,2,575,575,330,250,267,310,148,31,7177,54395,36781,0,0,0,9,10,2,3,0,6,691.0,1,30,0,0,22,0,9,10,3,11,10016.0,3,19,0,8,26,0,9,10,3,11,49275.0,3,25,11,11,4,0,9,10,3,11,74537.0,3
111508289,0,Unknown Mother-Goose,122934.0,116401.0,1,0,SMOOTHIE_SHOP|YARN_STORE|BRUNCH_SPOT|SMOOTHIE_SHOP|BRUNCH_SPOT|SMOOTHIE_SHOP|PET_CAFE|SMOOTHIE_SHOP,17275,792,0,49084,10026,3700,16087,20412,7916,455,18,0,318,48,64,147,156,195,2,691,-1,335,250,408,337,148,27,8786,58006,58500,0,0,0,11,9,2,3,0,5,819.0,1,23,0,0,31,1,9,8,1,11,10602.0,3,12,0,1,43,0,9,7,1,11,51527.0,3,28,0,1,27,0,9,7,1,11,90521.0,3
111508289,1,Planned Economy,116401.0,122934.0,0,0,SMOOTHIE_SHOP|YARN_STORE|BRUNCH_SPOT|SMOOTHIE_SHOP|BRUNCH_SPOT|SMOOTHIE_SHOP|PET_CAFE|SMOOTHIE_SHOP,4012,0,0,27515,13718,0,4851,7098,5902,150,0,0,170,68,0,40,100,118,2,-1,-1,382,249,-1,310,221,31,4588,28792,29716,3,0,0,4,12,4,2,0,4,617.0,1,18,0,1,32,5,6,11,2,9,15990.0,3,5,0,1,39,5,8,11,2,10,44434.0,3,23,0,1,23,1,8,11,2,13,90018.0,3
111508298,0,Yannik Schiffner,70870.0,75363.0,0,0,SMOOTHIE_SHOP|BAKERY|PET_CAFE|PET_CAFE|BAKERY|PET_CAFE|FARMERS_MARKET|PIZZA_SHOP,106351,2634,423,5891,50669,11912,31158,1602,73097,3164,78,7,97,243,237,260,21,1031,4,576,452,399,246,154,196,148,3,112087,159034,12616,0,0,0,4,12,4,3,2,5,78.0,1,23,2,5,23,5,9,3,3,10,14760.0,3,14,12,6,23,5,9,3,3,11,39798.0,3,9,46,1,0,4,9,3,3,12,52126.0,3
111508298,1,Unknown Mother-Goose,75363.0,70870.0,1,0,SMOOTHIE_SHOP|BAKERY|PET_CAFE|PET_CAFE|BAKERY|PET_CAFE|FARMERS_MARKET|PIZZA_SHOP,12164,20093,1176,9009,11634,10725,6489,3882,8423,434,588,20,118,54,237,80,29,148,2,360,567,334,250,307,338,148,31,7218,43318,33059,0,0,0,10,10,2,3,0,5,701.0,1,32,3,0,19,2,7,3,5,11,13965.0,3,14,19,4,22,0,7,3,5,11,43273.0,3,15,38,4,3,0,7,3,5,11,57754.0,3
111509074,0,DSM,134986.0,106880.0,1,0,YARN_STORE|YARN_STORE|FARMERS_MARKET|BRUNCH_SPOT|SMOOTHIE_SHOP|ICE_CREAM_SHOP|BAKERY|ICE_CREAM_SHOP,16019,4211,2542,39382,9252,789,8494,45608,4389,439,110,55,223,42,15,85,317,83,2,599,481,334,250,407,310,148,31,7952,65660,57074,0,0,0,10,10,2,3,0,6,790.0,1,29,0,1,21,0,5,18,1,11,8897.0,3,13,0,8,29,0,5,18,1,11,57871.0,3,28,7,8,14,0,5,11,1,11,93717.0,3
111509074,1,Otter Vibe,106880.0,134986.0,0,0,YARN_STORE|YARN_STORE|FARMERS_MARKET|BRUNCH_SPOT|SMOOTHIE_SHOP|ICE_CREAM_SHOP|BAKERY|ICE_CREAM_SHOP,8771,1250,516,7400,6960,0,1915,12097,7013,248,38,8,42,30,0,14,101,170,118,600,479,358,249,-1,198,295,29,2810,27054,16058,0,0,0,10,12,2,3,1,3,4.0,2,17,0,15,15,7,2,18,1,11,11167.0,3,15,0,15,22,2,2,18,1,13,52919.0,3,39,2,0,12,0,3,18,1,12,77472.0,3
111510335,0,DeeperNet,115337.0,140275.0,0,0,BRUNCH_SPOT|BRUNCH_SPOT|ICE_CREAM_SHOP|ICE_CREAM_SHOP|FARMERS_MARKET|SMOOTHIE_SHOP|YARN_STORE|PIZZA_SHOP,18765,0,0,39981,13356,0,8896,2197,2800,454,0,0,204,60,0,86,51,43,2,-1,-1,399,250,-1,243,221,31,2562,32894,50539,3,0,0,4,12,4,2,0,5,380.0,1,28,0,0,33,1,6,4,0,10,16989.0,3,23,0,0,41,1,6,4,0,11,32200.0,3,35,0,0,27,0,6,4,0,11,75683.0,3
111510335,1,DSM,140275.0,115337.0,1,0,BRUNCH_SPOT|BRUNCH_SPOT|ICE_CREAM_SHOP|ICE_CREAM_SHOP|FARMERS_MARKET|SMOOTHIE_SHOP|YARN_STORE|PIZZA_SHOP,17937,433,752,67347,9288,14642,17006,7802,6031,445,10,10,321,48,270,158,69,94,2,695,647,360,250,267,310,148,31,7579,54913,78746,0,0,0,10,10,2,3,0,6,818.0,1,15,0,0,40,0,7,3,10,11,9901.0,3,11,0,1,43,0,7,3,10,11,42014.0,3,32,0,2,18,0,7,3,10,11,92903.0,3
111511676,0,Majkel1337,107656.0,97295.0,1,0,SMOOTHIE_SHOP|SMOOTHIE_SHOP|PET_CAFE|PIZZA_SHOP|PIZZA_SHOP|BAKERY|BAKERY|BRUNCH_SPOT,7047,2774,4948,25253,3426,102,36295,2042,5693,219,77,68,167,22,2,269,36,98,298,384,552,406,286,358,195,151,27,6213,49299,32068,2,0,0,3,13,4,3,0,6,429.0,1,20,0,0,32,6,12,3,1,11,2089.0,3,14,0,10,34,0,13,3,1,12,40795.0,3,9,21,15,12,0,13,3,1,11,81383.0,3
111511676,1,mtmr_s1,97295.0,107656.0,0,0,SMOOTHIE_SHOP|SMOOTHIE_SHOP|PET_CAFE|PIZZA_SHOP|PIZZA_SHOP|BAKERY|BAKERY|BRUNCH_SPOT,11551,980,0,2400,13188,353,6089,2637,7304,341,34,0,16,54,7,44,21,153,1,670,-1,453,250,503,319,150,31,5391,28255,10856,3,0,0,4,12,4,2,0,4,768.0,1,21,0,0,33,0,9,5,3,10,19046.0,3,39,0,10,20,0,13,5,3,12,38789.0,4,58,7,10,1,0,13,1,3,13,72822.0,4
111512535,0,Majkel1337,118048.0,109881.0,1,0,ICE_CREAM_SHOP|PIZZA_SHOP|BRUNCH_SPOT|BRUNCH_SPOT|PIZZA_SHOP|ICE_CREAM_SHOP|BRUNCH_SPOT|BAKERY,18081,222,5079,41727,11652,2458,25306,2306,6002,420,6,62,262,66,42,222,43,104,312,716,599,366,275,336,195,151,27,6085,56962,49786,2,0,0,3,13,4,3,0,6,461.0,1,25,0,0,28,6,10,3,3,12,9411.0,3,16,0,8,35,0,10,3,3,11,45201.0,3,34,0,10,16,0,10,2,3,11,80681.0,3
111512535,1,Vadim Vasilenko,109881.0,118048.0,0,0,ICE_CREAM_SHOP|PIZZA_SHOP|BRUNCH_SPOT|BRUNCH_SPOT|PIZZA_SHOP|ICE_CREAM_SHOP|BRUNCH_SPOT|BAKERY,32321,0,2135,42938,23532,0,23725,3732,6063,777,0,27,273,96,0,282,49,119,2,-1,383,358,250,-1,334,148,27,7858,63877,62711,0,0,0,8,12,2,3,0,6,776.0,1,21,0,1,34,2,13,3,0,11,11557.0,3,20,0,1,38,0,13,3,0,11,48241.0,3,36,0,2,17,0,13,3,0,11,79732.0,3
111514793,0,Majkel1337,87717.0,86141.0,1,0,YARN_STORE|BAKERY|SMOOTHIE_SHOP|PET_CAFE|PIZZA_SHOP|YARN_STORE|PIZZA_SHOP|ICE_CREAM_SHOP,9332,4389,3940,6168,5850,0,18720,17973,7083,331,139,56,86,36,0,154,242,143,266,384,456,406,287,-1,195,151,27,7715,37315,28425,2,0,0,3,13,3,4,0,6,536.0,1,28,0,2,19,6,7,11,0,12,4130.0,3,13,11,9,23,0,7,11,0,12,44198.0,3,33,9,10,5,0,7,11,0,12,61926.0,3
111514793,1,SpaTaro,86141.0,87717.0,0,0,YARN_STORE|BAKERY|SMOOTHIE_SHOP|PET_CAFE|PIZZA_SHOP|YARN_STORE|PIZZA_SHOP|ICE_CREAM_SHOP,25705,1247,0,2028,15689,0,13166,26203,4688,910,36,0,55,64,0,114,296,155,5,99,-1,425,247,-1,290,150,84,9002,51887,27837,1,0,0,3,12,2,5,0,6,134.0,1,36,0,0,18,1,7,12,0,10,16152.0,3,22,14,0,18,0,7,12,0,10,48870.0,3,41,2,0,7,0,7,12,0,10,67476.0,3
111514798,0,Orbital Terraformer,106473.0,103651.0,1,0,PET_CAFE|ICE_CREAM_SHOP|BRUNCH_SPOT|PIZZA_SHOP|ICE_CREAM_SHOP|ICE_CREAM_SHOP|PET_CAFE|YARN_STORE,14004,5845,7552,23239,14598,1035,29232,5447,5536,369,111,112,184,72,23,225,58,81,2,455,600,346,250,327,256,149,31,7677,46941,51870,0,0,0,8,12,2,3,0,6,836.0,1,28,0,0,29,2,9,3,2,11,12633.0,3,17,4,8,30,0,9,3,2,11,41371.0,3,18,24,12,6,0,9,3,2,11,70440.0,3
111514798,1,Unknown Mother-Goose,103651.0,106473.0,0,0,PET_CAFE|ICE_CREAM_SHOP|BRUNCH_SPOT|PIZZA_SHOP|ICE_CREAM_SHOP|ICE_CREAM_SHOP|PET_CAFE|YARN_STORE,20097,15393,2514,20516,9510,15545,18036,4975,7964,541,322,36,194,42,357,135,47,150,2,601,499,334,250,336,338,148,31,7218,37822,69510,0,0,0,9,11,2,3,0,5,848.0,1,29,0,0,27,3,7,3,6,11,12702.0,3,23,0,4,32,0,7,3,6,11,41069.0,3,24,14,4,17,0,7,3,6,11,69293.0,3
111516989,0,SpaTaro,113006.0,126674.0,0,0,ICE_CREAM_SHOP|ICE_CREAM_SHOP|BAKERY|PIZZA_SHOP|SMOOTHIE_SHOP|BAKERY|ICE_CREAM_SHOP|ICE_CREAM_SHOP,31772,128,0,30243,17976,0,37445,2194,6009,934,4,0,223,79,0,288,26,118,10,719,-1,387,251,-1,196,150,73,6783,62265,56719,0,0,0,8,10,5,2,0,7,40.0,1,35,0,0,27,0,11,2,0,9,13950.0,3,27,0,0,35,0,11,2,0,11,52129.0,3,52,0,0,9,0,11,2,0,10,81340.0,3
111516989,1,DSM,126674.0,113006.0,1,0,ICE_CREAM_SHOP|ICE_CREAM_SHOP|BAKERY|PIZZA_SHOP|SMOOTHIE_SHOP|BAKERY|ICE_CREAM_SHOP|ICE_CREAM_SHOP,17545,858,3102,32738,9990,7260,39421,4215,4971,498,24,45,215,48,137,298,34,84,2,695,527,330,250,359,338,148,31,7748,61327,51025,0,0,0,10,10,2,3,0,6,777.0,1,25,0,0,29,0,13,3,5,11,12036.0,3,15,0,7,31,0,13,3,5,11,53979.0,3,35,0,9,9,0,13,3,5,11,85198.0,3
111518210,0,DSM,131097.0,119987.0,1,0,PIZZA_SHOP|YARN_STORE|SMOOTHIE_SHOP|SMOOTHIE_SHOP|BRUNCH_SPOT|YARN_STORE|SMOOTHIE_SHOP|FARMERS_MARKET,11456,1830,1806,32259,9462,2879,21889,26780,3892,362,49,24,187,42,56,178,225,90,2,684,553,330,250,383,310,148,31,7648,48744,55861,0,0,0,8,12,2,3,0,6,719.0,1,28,0,2,18,2,10,10,3,11,10291.0,3,19,0,6,27,0,10,10,3,11,54587.0,3,28,0,6,16,0,10,10,3,11,92275.0,3
111518210,1,Vadim Vasilenko,119987.0,131097.0,0,0,PIZZA_SHOP|YARN_STORE|SMOOTHIE_SHOP|SMOOTHIE_SHOP|BRUNCH_SPOT|YARN_STORE|SMOOTHIE_SHOP|FARMERS_MARKET,14938,0,148,26574,21918,0,26278,26586,4962,533,0,2,153,96,0,230,234,175,2,-1,623,330,250,-1,334,149,31,8046,59286,54072,0,0,0,8,12,2,3,0,6,628.0,1,30,0,3,19,2,11,9,0,11,10581.0,3,25,0,3,24,0,13,9,0,11,50848.0,3,38,0,1,13,0,13,9,0,11,89927.0,3
111518211,0,Majkel1337,142597.0,147137.0,0,0,FARMERS_MARKET|FARMERS_MARKET|FARMERS_MARKET|ICE_CREAM_SHOP|PIZZA_SHOP|SMOOTHIE_SHOP|BAKERY|FARMERS_MARKET,10985,3705,19805,55443,10608,6238,17294,2039,6273,218,58,130,270,54,151,107,39,94,312,671,547,395,277,262,195,151,27,5933,38304,88153,2,0,0,3,13,4,3,0,6,445.0,1,15,0,1,37,6,4,3,8,12,9294.0,3,3,0,16,41,0,4,3,8,11,30536.0,3,23,0,18,20,0,4,2,8,12,83719.0,3
111518211,1,THIRD FARM CLUB,147137.0,142597.0,1,0,FARMERS_MARKET|FARMERS_MARKET|FARMERS_MARKET|ICE_CREAM_SHOP|PIZZA_SHOP|SMOOTHIE_SHOP|BAKERY|FARMERS_MARKET,4257,4303,1868,56321,2192,570,13700,3466,7374,87,68,12,284,12,14,91,28,118,73,552,504,397,288,386,370,149,28,6987,27478,59586,3,0,0,9,12,2,3,0,6,39.0,2,15,1,5,36,2,9,3,3,8,9029.0,3,4,0,19,36,1,9,3,3,8,32208.0,3,16,11,14,19,0,9,3,3,10,73727.0,3
111521455,0,Unknown Mother-Goose,104116.0,96759.0,1,0,ICE_CREAM_SHOP|PET_CAFE|PIZZA_SHOP|FARMERS_MARKET|PIZZA_SHOP|YARN_STORE|SMOOTHIE_SHOP|YARN_STORE,17072,12842,8491,22965,8466,0,19287,12058,10255,438,297,104,216,42,0,259,72,204,2,623,476,335,250,-1,337,148,31,7813,46837,56786,0,0,0,11,9,2,3,0,5,600.0,1,31,0,4,19,2,14,3,0,11,11740.0,3,16,0,11,30,0,14,3,0,11,45477.0,3,18,20,8,11,0,14,3,0,11,72420.0,3
111521455,1,mtmr_s1,96759.0,104116.0,0,0,ICE_CREAM_SHOP|PET_CAFE|PIZZA_SHOP|FARMERS_MARKET|PIZZA_SHOP|YARN_STORE|SMOOTHIE_SHOP|YARN_STORE,8309,749,2036,3832,12336,86,4275,2225,5738,219,18,26,30,54,2,24,21,105,1,598,624,403,250,718,319,150,31,5287,25628,8671,3,0,0,4,12,4,2,0,4,788.0,1,21,0,0,33,0,9,5,3,10,17018.0,3,15,0,12,33,0,9,3,3,11,42764.0,3,20,16,24,0,0,9,3,3,11,56882.0,3
111523635,0,SpaTaro,110390.0,111413.0,0,0,ICE_CREAM_SHOP|BRUNCH_SPOT|BAKERY|ICE_CREAM_SHOP|FARMERS_MARKET|PIZZA_SHOP|ICE_CREAM_SHOP|BAKERY,27510,860,0,40377,18687,0,17927,2173,10318,709,20,0,293,80,0,177,37,172,4,691,-1,329,247,-1,337,150,49,6984,52727,58141,0,0,0,8,10,5,2,0,7,11.0,1,33,0,0,31,0,7,4,0,10,15384.0,3,17,0,0,45,0,9,4,0,10,43176.0,3,39,0,0,20,0,9,4,0,11,78461.0,3
111523635,1,Unknown Mother-Goose,111413.0,110390.0,1,0,ICE_CREAM_SHOP|BRUNCH_SPOT|BAKERY|ICE_CREAM_SHOP|FARMERS_MARKET|PIZZA_SHOP|ICE_CREAM_SHOP|BAKERY,20297,0,3129,34980,10500,25509,16711,4281,11235,534,0,41,252,48,441,148,31,210,2,-1,550,334,250,335,338,148,31,7586,46971,72085,0,0,0,10,10,2,3,0,5,799.0,1,29,0,0,26,0,8,3,6,11,12551.0,3,17,0,3,38,0,8,3,6,11,44286.0,3,31,0,6,18,0,8,3,6,11,76148.0,3
111523636,0,DSM,144585.0,127039.0,1,0,YARN_STORE|PIZZA_SHOP|ICE_CREAM_SHOP|FARMERS_MARKET|ICE_CREAM_SHOP|SMOOTHIE_SHOP|SMOOTHIE_SHOP|PIZZA_SHOP,15538,3266,7773,36842,9498,2047,35519,25601,4103,449,79,100,200,42,43,218,198,77,2,599,455,334,250,383,310,148,31,7953,61861,70373,0,0,0,9,10,2,3,0,6,897.0,1,28,0,3,20,0,10,11,2,11,12142.0,3,13,0,12,26,0,10,11,2,11,56869.0,3,21,8,10,13,0,10,9,2,11,95221.0,3
111523636,1,Orbital Terraformer,127039.0,144585.0,0,0,YARN_STORE|PIZZA_SHOP|ICE_CREAM_SHOP|FARMERS_MARKET|ICE_CREAM_SHOP|SMOOTHIE_SHOP|SMOOTHIE_SHOP|PIZZA_SHOP,18652,364,7229,25352,19912,0,35101,18060,4717,527,9,93,135,87,0,205,144,76,2,696,450,327,249,-1,262,149,31,8939,57698,62750,0,0,0,8,12,2,3,0,6,842.0,1,32,0,2,19,2,9,8,0,11,14374.0,3,25,0,5,23,0,9,8,0,11,55168.0,3,36,0,9,12,0,9,8,0,11,84438.0,3
111524826,0,Vadim Vasilenko,114207.0,103056.0,1,0,SMOOTHIE_SHOP|FARMERS_MARKET|PET_CAFE|PIZZA_SHOP|FARMERS_MARKET|FARMERS_MARKET|ICE_CREAM_SHOP|YARN_STORE,17949,9676,32903,36595,21258,1434,12462,5919,7354,488,211,220,218,96,32,157,57,124,2,407,527,382,250,335,310,148,27,8084,58170,79296,0,0,0,8,12,2,3,0,6,793.0,1,24,4,0,31,2,9,3,2,11,11456.0,3,9,10,10,31,0,9,3,2,11,45316.0,3,36,1,17,6,0,9,3,2,11,68090.0,3
111524826,1,SpaTaro,103056.0,114207.0,0,0,SMOOTHIE_SHOP|FARMERS_MARKET|PET_CAFE|PIZZA_SHOP|FARMERS_MARKET|FARMERS_MARKET|ICE_CREAM_SHOP|YARN_STORE,29303,11744,0,30661,15634,0,9465,4338,6111,784,262,0,206,68,0,161,43,105,2,90,-1,334,247,-1,290,150,35,6859,51145,49252,0,0,0,8,10,5,2,0,6,5.0,1,23,12,0,29,0,9,2,0,10,14908.0,3,12,14,0,38,0,9,2,0,10,46653.0,3,35,14,0,14,0,9,2,0,10,75684.0,3
111524830,0,Majkel1337,91968.0,81216.0,1,0,PET_CAFE|FARMERS_MARKET|ICE_CREAM_SHOP|PET_CAFE|FARMERS_MARKET|BAKERY|BAKERY|BAKERY,9152,15018,3762,25329,13974,5637,4384,2072,6264,205,240,55,197,66,135,112,43,101,288,360,432,390,275,264,195,151,27,5995,43782,35815,2,0,0,3,13,4,3,0,6,526.0,1,15,4,4,28,6,6,3,7,12,8454.0,3,10,6,13,30,0,6,3,7,12,36311.0,3,15,28,8,7,0,5,2,7,11,62877.0,3
111524830,1,Kaggledew Valley 🏆,81216.0,91968.0,0,0,PET_CAFE|FARMERS_MARKET|ICE_CREAM_SHOP|PET_CAFE|FARMERS_MARKET|BAKERY|BAKERY|BAKERY,7470,10966,4809,19416,3283,4006,3640,1989,6902,167,171,70,189,25,98,57,19,126,111,350,426,386,313,275,197,151,29,6495,24237,31749,5,1,0,2,9,4,4,0,6,836.0,1,15,1,10,26,7,5,4,7,8,11497.0,3,3,3,14,34,4,5,4,7,11,24994.0,3,15,20,4,15,0,5,4,7,10,55129.0,3
111525924,0,QQ,93362.0,99917.0,0,0,PET_CAFE|YARN_STORE|BRUNCH_SPOT|SMOOTHIE_SHOP|ICE_CREAM_SHOP|YARN_STORE|BAKERY|FARMERS_MARKET,4808,2316,656,7932,6274,1572,8534,12245,9744,137,54,12,61,31,32,62,138,212,2,334,528,333,263,325,310,149,31,7486,26146,20449,0,0,0,8,12,2,3,0,6,845.0,1,17,15,0,23,3,3,10,4,12,13152.0,3,12,0,8,32,1,5,10,4,12,39223.0,3,17,8,8,20,1,7,10,4,12,64909.0,3
111525924,1,Unknown Mother-Goose,99917.0,93362.0,1,0,PET_CAFE|YARN_STORE|BRUNCH_SPOT|SMOOTHIE_SHOP|ICE_CREAM_SHOP|YARN_STORE|BAKERY|FARMERS_MARKET,17839,13740,318,15564,12876,14038,3113,26972,10533,491,321,6,192,54,313,22,265,271,2,547,572,335,250,359,303,148,31,8173,49320,57500,0,0,0,9,11,2,3,0,5,817.0,1,32,0,1,16,4,3,12,4,11,12706.0,3,24,0,2,29,0,3,12,4,11,45580.0,3,14,20,1,20,0,3,12,4,11,70878.0,3
111527147,0,🐚seek inspiration🐚,110829.0,127595.0,0,0,SMOOTHIE_SHOP|PIZZA_SHOP|FARMERS_MARKET|PIZZA_SHOP|PIZZA_SHOP|FARMERS_MARKET|BAKERY|BRUNCH_SPOT,14083,1694,5400,13725,13356,348,20024,811,3688,344,36,51,133,60,8,153,11,78,2,688,553,403,250,383,243,221,31,2503,39333,31293,3,0,0,4,12,4,2,0,5,348.0,1,31,0,0,28,1,11,2,2,10,18476.0,3,13,0,18,28,1,11,2,2,12,43443.0,3,29,0,17,11,0,11,2,2,11,75812.0,3
111527147,1,DSM,127595.0,110829.0,1,0,SMOOTHIE_SHOP|PIZZA_SHOP|FARMERS_MARKET|PIZZA_SHOP|PIZZA_SHOP|FARMERS_MARKET|BAKERY|BRUNCH_SPOT,18074,1869,17768,27750,8568,5141,36783,4158,4457,435,39,164,204,42,118,255,36,79,2,647,503,358,250,359,330,148,31,7043,63022,54503,0,0,0,10,10,2,3,0,6,775.0,1,23,0,1,30,0,13,3,5,11,10767.0,3,7,0,17,30,0,13,3,5,11,53013.0,3,28,2,17,7,0,13,3,4,11,90528.0,3
111529892,0,ymg_aq,103763.0,89430.0,1,0,ICE_CREAM_SHOP|YARN_STORE|BAKERY|YARN_STORE|ICE_CREAM_SHOP|BRUNCH_SPOT|BAKERY|BAKERY,11905,1835,1733,16205,7919,0,14801,32724,8828,302,62,29,125,46,0,132,200,183,1,431,458,330,251,-1,196,149,31,11148,63928,20874,0,0,0,8,12,2,3,0,6,1001.0,1,28,0,1,23,2,8,10,1,11,11542.0,3,14,4,4,27,0,8,14,1,12,47906.0,3,36,3,5,5,0,8,14,1,10,80283.0,3
111529892,1,Hello San Francisco,89430.0,103763.0,0,0,ICE_CREAM_SHOP|YARN_STORE|BAKERY|YARN_STORE|ICE_CREAM_SHOP|BRUNCH_SPOT|BAKERY|BAKERY,14723,877,0,6685,12870,0,8357,24613,8299,367,37,0,107,54,0,94,212,216,1,674,-1,396,249,-1,292,221,31,5078,49170,22176,3,0,0,4,12,4,2,0,4,767.0,1,20,0,0,33,0,6,11,0,11,17706.0,3,25,0,0,33,0,6,17,0,12,44954.0,4,38,0,0,20,0,6,17,0,13,71294.0,4
111531012,0,Aryan.Ahl,107586.0,115095.0,0,0,PIZZA_SHOP|SMOOTHIE_SHOP|BRUNCH_SPOT|YARN_STORE|ICE_CREAM_SHOP|BAKERY|YARN_STORE|PIZZA_SHOP,53824,9693,0,16862,12834,2460,23535,18126,7907,1386,358,0,217,54,45,293,97,208,1,671,-1,399,250,361,254,150,31,5504,41028,98709,3,0,0,4,12,4,2,0,4,776.0,1,21,0,0,33,0,9,5,3,10,18266.0,3,25,0,0,33,0,9,5,3,11,51584.0,3,38,0,0,20,0,9,5,3,11,80733.0,3
111531012,1,ymg_aq,115095.0,107586.0,1,0,PIZZA_SHOP|SMOOTHIE_SHOP|BRUNCH_SPOT|YARN_STORE|ICE_CREAM_SHOP|BAKERY|YARN_STORE|PIZZA_SHOP,10162,820,2739,23046,7227,926,28364,27612,8635,274,24,36,161,43,17,224,152,179,1,407,383,358,251,466,197,149,31,9793,57690,42048,0,0,0,8,12,2,3,0,6,992.0,1,26,0,3,28,2,12,3,1,11,10887.0,3,10,3,5,32,0,12,9,2,11,44335.0,3,33,4,5,9,0,12,9,2,11,80770.0,3
111531463,0,THIRD FARM CLUB,123614.0,134871.0,0,0,ICE_CREAM_SHOP|ICE_CREAM_SHOP|YARN_STORE|PET_CAFE|PIZZA_SHOP|ICE_CREAM_SHOP|PET_CAFE|BRUNCH_SPOT,6868,2681,2885,22275,1545,1036,21989,9673,6666,166,55,45,144,7,21,145,83,133,73,360,552,408,273,408,384,149,28,6583,37574,31461,3,0,0,9,12,2,3,0,6,39.0,2,13,6,3,29,3,9,7,2,11,9146.0,3,13,3,10,26,2,9,10,2,10,50921.0,3,29,8,9,4,1,9,8,2,12,77973.0,3
111531463,1,Majkel1337,134871.0,123614.0,1,0,ICE_CREAM_SHOP|ICE_CREAM_SHOP|YARN_STORE|PET_CAFE|PIZZA_SHOP|ICE_CREAM_SHOP|PET_CAFE|BRUNCH_SPOT,12960,2850,1012,30421,8166,0,41510,16880,6246,300,56,16,207,36,0,217,166,125,312,691,623,395,275,-1,195,151,27,6891,56722,56432,2,0,0,3,13,4,3,0,6,445.0,1,19,0,0,33,6,10,7,0,12,8258.0,3,16,0,5,34,0,10,10,0,12,50821.0,3,38,0,4,13,0,9,9,0,12,90781.0,3
111531466,0,Otter Vibe,91681.0,103893.0,0,0,PIZZA_SHOP|ICE_CREAM_SHOP|SMOOTHIE_SHOP|BAKERY|PET_CAFE|PET_CAFE|ICE_CREAM_SHOP|ICE_CREAM_SHOP,10223,2244,986,3816,6072,0,9413,5,8632,270,54,14,30,24,0,87,1,184,118,599,454,360,249,-1,198,524,29,3139,25897,12355,0,0,0,9,12,2,3,1,3,100.0,2,24,0,9,21,2,14,3,1,10,14168.0,3,19,0,16,21,1,14,3,1,12,50062.0,3,31,13,7,5,1,14,3,1,12,68418.0,3
111531466,1,Majkel1337,103893.0,91681.0,1,0,PIZZA_SHOP|ICE_CREAM_SHOP|SMOOTHIE_SHOP|BAKERY|PET_CAFE|PET_CAFE|ICE_CREAM_SHOP|ICE_CREAM_SHOP,10591,7413,4445,19946,10380,0,32914,2103,5503,274,165,78,160,53,0,285,43,94,312,551,595,393,275,-1,195,151,27,6335,57439,29521,2,0,0,3,13,4,3,0,6,515.0,1,23,0,0,30,6,13,3,0,12,7962.0,3,17,0,9,32,0,14,3,0,12,48201.0,3,12,23,13,11,0,13,2,0,11,70485.0,3
111531467,0,Vadim Vasilenko,95181.0,84790.0,1,0,FARMERS_MARKET|PET_CAFE|YARN_STORE|BRUNCH_SPOT|PET_CAFE|PET_CAFE|BRUNCH_SPOT|BRUNCH_SPOT,14824,13430,5291,29127,20172,4711,806,19289,6408,399,297,70,175,96,107,85,170,120,2,359,383,358,250,311,254,148,31,7883,56739,49436,0,0,0,8,12,2,3,0,6,728.0,1,22,6,3,23,2,5,8,4,11,9696.0,3,14,11,5,27,0,5,8,4,11,42410.0,3,22,22,5,5,0,5,8,4,11,64126.0,3
111531467,1,mtmr_s1,84790.0,95181.0,0,0,FARMERS_MARKET|PET_CAFE|YARN_STORE|BRUNCH_SPOT|PET_CAFE|PET_CAFE|BRUNCH_SPOT|BRUNCH_SPOT,7900,4684,0,3698,12384,1316,525,4559,5825,218,105,0,26,54,30,18,31,109,1,528,-1,399,250,337,258,150,31,4616,25641,10634,3,0,0,4,12,4,2,0,4,785.0,1,21,0,0,33,0,6,9,5,11,8827.0,4,25,0,0,33,0,6,10,5,12,33999.0,4,25,37,0,3,0,0,10,5,13,56343.0,4
111531468,0,Vadim Vasilenko,115827.0,109762.0,1,0,YARN_STORE|ICE_CREAM_SHOP|PET_CAFE|BAKERY|ICE_CREAM_SHOP|PIZZA_SHOP|SMOOTHIE_SHOP|SMOOTHIE_SHOP,20873,3312,1340,23934,21900,0,18440,20729,5027,605,79,22,181,96,0,149,208,157,2,407,479,327,250,-1,290,148,31,8506,57457,49592,0,0,0,8,12,2,3,0,6,716.0,1,26,2,2,23,2,9,10,0,11,11430.0,3,20,6,2,26,0,9,10,0,11,56216.0,3,36,10,1,6,0,9,10,0,11,79463.0,3
111531468,1,THIRD FARM CLUB,109762.0,115827.0,0,0,YARN_STORE|ICE_CREAM_SHOP|PET_CAFE|BAKERY|ICE_CREAM_SHOP|PIZZA_SHOP|SMOOTHIE_SHOP|SMOOTHIE_SHOP,7618,3227,1124,14277,6048,2844,12617,11581,5421,219,77,18,109,25,54,81,105,118,73,378,504,336,249,504,262,150,28,7064,29734,27959,3,0,0,9,12,2,3,0,6,32.0,2,15,2,4,29,5,6,11,3,12,6377.0,3,22,4,6,19,4,6,10,4,9,47744.0,3,25,8,9,9,1,6,9,4,9,66460.0,3
111532141,0,ymg_aq,159912.0,143923.0,1,0,ICE_CREAM_SHOP|YARN_STORE|YARN_STORE|YARN_STORE|SMOOTHIE_SHOP|YARN_STORE|SMOOTHIE_SHOP|BAKERY,7567,812,559,15729,10004,0,17893,97766,9705,197,25,9,128,59,0,132,412,328,1,407,506,330,251,-1,194,149,31,11429,74038,74568,0,0,0,8,12,2,3,0,6,1002.0,1,26,0,0,23,3,7,16,0,12,5753.0,3,13,2,2,26,0,8,20,1,11,51440.0,3,25,2,1,6,0,8,20,1,11,102067.0,3
111532141,1,Solo Leveling,143923.0,159912.0,0,0,ICE_CREAM_SHOP|YARN_STORE|YARN_STORE|YARN_STORE|SMOOTHIE_SHOP|YARN_STORE|SMOOTHIE_SHOP|BAKERY,13478,953,0,6765,12798,0,10867,50857,7629,333,37,0,127,54,0,86,213,202,1,674,-1,396,249,-1,292,221,31,5089,49704,48554,3,0,0,4,12,4,2,0,4,777.0,1,20,0,0,33,0,6,17,0,13,10010.0,4,25,0,0,33,0,6,17,0,13,48997.0,4,38,0,0,20,0,6,17,0,13,95162.0,4
111532519,0,SpaTaro,93602.0,105137.0,0,0,FARMERS_MARKET|FARMERS_MARKET|YARN_STORE|BRUNCH_SPOT|PIZZA_SHOP|BAKERY|FARMERS_MARKET|ICE_CREAM_SHOP,38758,3887,0,27182,16205,0,1319,13504,5071,959,67,0,242,71,0,65,162,92,12,244,-1,337,251,-1,349,150,88,6848,55687,43391,0,0,0,8,10,5,2,0,7,30.0,1,28,0,0,29,0,5,12,0,10,10773.0,3,19,0,0,37,0,5,12,0,10,44817.0,3,43,6,0,8,0,5,12,0,10,68722.0,3
111532519,1,Vadim Vasilenko,105137.0,93602.0,1,0,FARMERS_MARKET|FARMERS_MARKET|YARN_STORE|BRUNCH_SPOT|PIZZA_SHOP|BAKERY|FARMERS_MARKET|ICE_CREAM_SHOP,21074,4537,40140,37958,22728,4288,1560,14120,6039,536,77,148,303,102,84,105,148,110,2,637,503,390,250,359,290,148,27,8241,58908,85295,0,0,0,8,12,2,3,0,6,734.0,1,23,0,1,30,2,5,8,4,11,9010.0,3,13,0,6,37,0,5,8,4,11,42154.0,3,31,5,11,11,0,5,8,4,11,62290.0,3
111532579,0,Majkel1337,85864.0,91862.0,0,0,BAKERY|BAKERY|PET_CAFE|FARMERS_MARKET|FARMERS_MARKET|YARN_STORE|BRUNCH_SPOT|FARMERS_MARKET,14186,5180,6315,11370,10888,8699,2389,8857,5498,416,123,81,83,50,200,62,61,82,8,352,527,398,251,280,195,149,28,8018,26486,38878,5,0,0,0,13,3,2,2,6,875.0,1,32,4,1,17,1,4,3,9,11,15223.0,3,26,4,11,17,0,4,3,9,11,34198.0,3,21,17,14,3,0,2,3,9,11,50721.0,3
111532579,1,Unknown Mother-Goose,91862.0,85864.0,1,0,BAKERY|BAKERY|PET_CAFE|FARMERS_MARKET|FARMERS_MARKET|YARN_STORE|BRUNCH_SPOT|FARMERS_MARKET,17984,19167,869,19350,11184,19458,1269,9999,6312,525,467,11,127,48,451,35,73,130,2,354,640,334,250,287,254,148,27,6914,36285,62393,0,0,0,9,11,2,3,0,5,816.0,1,37,7,0,9,4,5,3,8,11,14683.0,3,28,6,2,23,0,5,3,8,11,36504.0,3,28,15,3,14,0,2,4,8,11,54183.0,3
111533256,0,kuro0315,106645.0,117217.0,0,0,BAKERY|ICE_CREAM_SHOP|YARN_STORE|YARN_STORE|PET_CAFE|YARN_STORE|YARN_STORE|FARMERS_MARKET,14489,1022,0,4425,12834,0,3790,32652,8127,392,34,0,166,54,0,117,143,263,1,674,-1,399,250,-1,319,150,31,5612,42115,29612,3,0,0,4,12,4,2,0,4,829.0,1,21,0,0,33,0,8,9,0,10,16378.0,3,25,0,0,33,0,8,15,0,12,38013.0,4,38,0,0,20,0,8,15,0,12,69186.0,4
111533256,1,ymg_aq,117217.0,106645.0,1,0,BAKERY|ICE_CREAM_SHOP|YARN_STORE|YARN_STORE|PET_CAFE|YARN_STORE|YARN_STORE|FARMERS_MARKET,10390,5171,1915,10965,8658,2817,6100,56483,8412,288,131,31,121,50,50,73,244,191,1,407,383,330,251,311,196,149,31,8803,50875,51233,0,0,0,8,12,2,3,0,6,999.0,1,30,0,1,22,2,8,10,2,11,9041.0,3,11,10,6,22,0,8,14,2,11,41292.0,3,19,12,6,0,0,4,14,2,11,75803.0,3
111533747,0,Unknown Mother-Goose,96069.0,102793.0,0,0,PET_CAFE|SMOOTHIE_SHOP|FARMERS_MARKET|PIZZA_SHOP|BRUNCH_SPOT|PIZZA_SHOP|YARN_STORE|BRUNCH_SPOT,18367,10206,4881,16026,9486,17586,11060,6744,9136,511,211,62,142,42,425,137,56,177,2,355,518,331,250,307,338,148,31,7213,38459,57820,0,0,0,8,12,2,3,0,5,841.0,1,25,7,0,22,4,8,3,4,11,12443.0,3,21,2,6,29,0,8,3,5,11,40668.0,3,8,30,6,13,0,8,3,5,11,64146.0,3
111533747,1,DSM,102793.0,96069.0,1,0,PET_CAFE|SMOOTHIE_SHOP|FARMERS_MARKET|PIZZA_SHOP|BRUNCH_SPOT|PIZZA_SHOP|YARN_STORE|BRUNCH_SPOT,13790,6889,10030,25867,9474,8240,10774,8327,5000,366,152,128,212,42,196,143,63,85,2,335,527,330,250,359,306,148,31,6914,42894,48583,0,0,0,9,10,2,3,0,6,897.0,1,17,10,0,28,0,10,3,7,11,11663.0,3,7,4,14,30,0,10,3,7,11,41254.0,3,24,9,14,9,0,8,3,7,11,67149.0,3
111534371,0,tamura_aicon,95370.0,106119.0,0,0,FARMERS_MARKET|ICE_CREAM_SHOP|PIZZA_SHOP|BAKERY|YARN_STORE|SMOOTHIE_SHOP|YARN_STORE|BRUNCH_SPOT,27862,16385,0,18314,12834,3455,10250,16717,8753,715,415,0,208,54,69,242,88,201,1,671,-1,399,250,361,254,150,31,5504,39476,69590,3,0,0,4,12,4,2,0,4,776.0,1,21,0,0,33,0,9,5,3,10,17208.0,3,25,0,0,33,0,9,5,3,11,43928.0,3,38,0,0,20,0,9,5,3,10,69191.0,3
111534371,1,ymg_aq,106119.0,95370.0,1,0,FARMERS_MARKET|ICE_CREAM_SHOP|PIZZA_SHOP|BAKERY|YARN_STORE|SMOOTHIE_SHOP|YARN_STORE|BRUNCH_SPOT,11320,2867,6305,29336,9973,1105,14524,20158,7788,289,68,72,203,58,22,178,104,144,1,407,455,358,251,311,196,149,31,9161,54155,40060,0,0,0,8,12,2,3,0,6,1002.0,1,24,0,3,30,2,11,3,2,11,10385.0,3,10,4,11,30,0,11,6,2,11,38765.0,3,29,7,10,6,0,11,7,2,10,71735.0,3
111535493,0,ymg_aq,93784.0,79512.0,1,0,YARN_STORE|PIZZA_SHOP|BAKERY|FARMERS_MARKET|SMOOTHIE_SHOP|BAKERY|ICE_CREAM_SHOP|SMOOTHIE_SHOP,12421,2795,8189,7821,7178,650,14628,24664,8236,345,74,104,93,46,11,159,186,160,1,383,383,330,251,551,196,149,31,8933,51559,26090,0,0,0,8,12,2,3,0,6,990.0,1,30,1,4,15,2,7,11,0,10,8702.0,3,13,5,14,21,0,8,11,1,11,49495.0,3,24,10,11,4,0,9,11,2,10,66549.0,3
111535493,1,Shoko,79512.0,93784.0,0,0,YARN_STORE|PIZZA_SHOP|BAKERY|FARMERS_MARKET|SMOOTHIE_SHOP|BAKERY|ICE_CREAM_SHOP|SMOOTHIE_SHOP,11314,1049,0,5332,12750,0,6449,14304,6213,313,36,0,109,54,0,72,106,120,1,674,-1,396,249,-1,292,221,31,5024,35120,17267,3,0,0,4,12,4,2,0,4,780.0,1,20,0,0,33,0,6,11,0,11,17646.0,3,25,0,0,33,0,6,11,0,11,48536.0,3,38,0,0,20,0,6,11,0,11,60901.0,3
111537256,0,ymg_aq,106862.0,103258.0,1,0,FARMERS_MARKET|PET_CAFE|FARMERS_MARKET|SMOOTHIE_SHOP|BRUNCH_SPOT|PIZZA_SHOP|YARN_STORE|FARMERS_MARKET,9648,10749,5665,38377,8530,3976,2459,6675,6654,239,207,65,194,46,90,90,50,99,1,311,383,379,251,293,218,149,31,7642,44145,40946,0,0,0,8,12,2,3,0,6,1007.0,1,23,6,2,28,2,7,3,4,11,12710.0,3,9,9,7,34,0,8,3,4,10,35895.0,3,23,15,10,12,0,8,3,4,10,70849.0,3
111537256,1,keiz,103258.0,106862.0,0,0,FARMERS_MARKET|PET_CAFE|FARMERS_MARKET|SMOOTHIE_SHOP|BRUNCH_SPOT|PIZZA_SHOP|YARN_STORE|FARMERS_MARKET,16567,1693,2474,27924,10026,516,1675,3496,8807,408,33,28,152,42,12,82,52,160,2,336,479,383,250,367,256,151,101,5128,34537,33513,3,0,0,4,12,4,2,0,5,823.0,1,5,22,8,21,3,7,6,3,8,14710.0,3,6,0,16,34,3,7,6,3,9,27782.0,3,19,11,8,18,0,7,6,3,11,61032.0,3
111537727,0,Densike,97504.0,104851.0,0,0,PET_CAFE|FARMERS_MARKET|BRUNCH_SPOT|ICE_CREAM_SHOP|FARMERS_MARKET|BRUNCH_SPOT|BAKERY|SMOOTHIE_SHOP,17087,984,415,46643,8976,4815,2405,3377,4998,480,17,5,254,42,109,100,29,69,2,659,669,352,251,273,339,149,27,7125,33648,48927,3,0,0,7,11,2,3,0,6,54.0,2,33,0,0,24,2,6,3,5,11,14174.0,3,20,0,0,39,0,6,3,5,11,35342.0,3,37,0,1,20,0,6,3,5,11,62637.0,3
111537727,1,ymg_aq,104851.0,97504.0,1,0,PET_CAFE|FARMERS_MARKET|BRUNCH_SPOT|ICE_CREAM_SHOP|FARMERS_MARKET|BRUNCH_SPOT|BAKERY|SMOOTHIE_SHOP,7035,15378,3987,34443,11562,4227,3305,3554,7608,200,267,49,182,57,97,90,36,113,1,335,383,333,252,266,218,149,31,8261,44588,38250,0,0,0,8,12,2,3,0,6,984.0,1,26,6,1,27,2,6,3,4,11,14201.0,3,6,12,7,35,0,7,3,5,11,38879.0,3,17,22,7,14,0,7,3,5,11,70266.0,3
111538158,0,Majkel1337,114017.0,120718.0,0,0,PIZZA_SHOP|PIZZA_SHOP|BRUNCH_SPOT|YARN_STORE|ICE_CREAM_SHOP|YARN_STORE|PET_CAFE|SMOOTHIE_SHOP,16043,1757,7708,16162,10542,292,20009,22880,6419,457,47,102,130,60,6,191,106,139,259,691,408,382,275,432,195,151,27,6325,47236,48251,2,0,0,3,13,4,3,0,6,510.0,1,26,0,8,20,6,10,3,2,12,10895.0,3,16,0,20,20,0,10,6,2,12,40806.0,3,39,0,10,7,0,8,6,2,12,72060.0,3
111538158,1,DSM,120718.0,114017.0,1,0,PIZZA_SHOP|PIZZA_SHOP|BRUNCH_SPOT|YARN_STORE|ICE_CREAM_SHOP|YARN_STORE|PET_CAFE|SMOOTHIE_SHOP,15218,2709,3326,13183,10398,5049,23554,33006,4155,429,71,44,107,42,105,240,151,92,2,647,455,322,250,359,310,148,27,7369,52627,50602,0,0,0,8,12,2,3,0,6,799.0,1,29,0,4,17,2,15,3,5,11,12007.0,3,19,0,13,18,0,15,5,5,11,50947.0,3,29,5,10,7,0,10,9,5,11,77824.0,3
111538159,0,Majkel1337,124248.0,119608.0,1,0,ICE_CREAM_SHOP|YARN_STORE|SMOOTHIE_SHOP|PIZZA_SHOP|BRUNCH_SPOT|SMOOTHIE_SHOP|BAKERY|BAKERY,16249,766,1437,35074,11004,0,31929,14443,5933,429,21,20,212,60,0,230,161,119,312,713,624,366,275,-1,195,151,27,7387,56944,52504,2,0,0,3,13,4,3,0,6,430.0,1,22,0,0,29,6,10,8,0,12,8684.0,3,21,0,5,30,0,11,8,0,12,52452.0,3,41,0,5,10,0,11,7,0,12,92230.0,3
111538159,1,Vadim Vasilenko,119608.0,124248.0,0,0,ICE_CREAM_SHOP|YARN_STORE|SMOOTHIE_SHOP|PIZZA_SHOP|BRUNCH_SPOT|SMOOTHIE_SHOP|BAKERY|BAKERY,14730,70,499,28164,23532,0,22586,16549,4773,382,2,7,173,96,0,168,175,93,2,718,671,378,250,-1,334,149,27,8679,62717,39507,0,0,0,8,12,2,3,0,6,776.0,1,21,0,0,30,2,10,9,0,11,11338.0,3,20,0,0,33,0,12,9,0,11,54028.0,3,36,0,2,14,0,12,9,0,11,94664.0,3
111538850,0,Planned Economy,81324.0,89918.0,0,0,SMOOTHIE_SHOP|PET_CAFE|YARN_STORE|ICE_CREAM_SHOP|PET_CAFE|BAKERY|PIZZA_SHOP|BAKERY,2566,1824,608,5143,13596,0,6838,7744,6768,81,38,10,136,66,0,67,78,137,2,714,478,402,249,-1,263,151,31,5233,30214,9640,3,0,0,4,12,4,2,0,4,608.0,1,19,0,5,23,4,8,11,1,10,16417.0,3,11,1,6,32,5,8,11,1,11,44821.0,3,34,0,4,14,3,8,11,1,11,62975.0,3
111538850,1,ymg_aq,89918.0,81324.0,1,0,SMOOTHIE_SHOP|PET_CAFE|YARN_STORE|ICE_CREAM_SHOP|PET_CAFE|BAKERY|PIZZA_SHOP|BAKERY,7580,13437,984,18495,7031,960,15787,12333,8030,215,263,16,171,42,20,166,122,164,1,359,383,334,252,311,196,149,31,9381,49733,25523,0,0,0,8,12,2,3,0,6,1000.0,1,26,2,2,23,2,8,10,2,12,9305.0,3,7,12,2,30,0,9,10,2,11,46225.0,3,19,20,3,7,0,9,10,2,11,67649.0,3
111539280,0,Vadim Vasilenko,103645.0,101343.0,1,0,ICE_CREAM_SHOP|PIZZA_SHOP|FARMERS_MARKET|FARMERS_MARKET|BAKERY|ICE_CREAM_SHOP|BAKERY|ICE_CREAM_SHOP,19689,10015,21574,35107,21264,0,14332,3925,6268,492,200,151,242,96,0,231,79,110,2,647,383,358,250,-1,334,148,27,7883,57645,66646,0,0,0,8,12,2,3,0,6,789.0,1,24,0,1,32,2,12,3,0,11,10603.0,3,16,0,8,36,0,12,3,0,11,45197.0,3,27,4,13,16,0,12,3,0,11,71903.0,3
111539280,1,SpaTaro,101343.0,103645.0,0,0,ICE_CREAM_SHOP|PIZZA_SHOP|FARMERS_MARKET|FARMERS_MARKET|BAKERY|ICE_CREAM_SHOP|BAKERY|ICE_CREAM_SHOP,34893,192,0,26548,15886,0,16540,2320,7350,873,4,0,227,70,0,236,20,141,15,555,-1,331,246,-1,243,150,73,7707,51175,44847,0,0,0,8,10,5,2,0,7,87.0,1,34,0,0,26,0,13,2,0,10,14588.0,3,24,0,0,36,0,13,2,0,10,47260.0,3,36,0,0,21,0,13,2,0,10,76603.0,3
111539962,0,kwa,62536.0,78347.0,0,0,YARN_STORE|BRUNCH_SPOT|BAKERY|PET_CAFE|BAKERY|BRUNCH_SPOT|BAKERY|BRUNCH_SPOT,16350,2766,1382,1920,8896,0,855,11372,11230,505,96,28,91,46,0,48,203,238,76,671,527,322,247,-1,246,149,43,7885,32450,14436,0,0,0,8,12,2,3,0,6,827.0,1,25,0,0,23,5,5,15,0,11,8604.0,3,29,0,2,23,0,5,15,0,11,42571.0,3,45,0,4,6,0,5,15,0,11,51781.0,3
111539962,1,ymg_aq,78347.0,62536.0,1,0,YARN_STORE|BRUNCH_SPOT|BAKERY|PET_CAFE|BAKERY|BRUNCH_SPOT|BAKERY|BRUNCH_SPOT,8966,6393,895,7868,8056,2688,1519,23564,8139,296,160,16,85,38,38,24,189,147,1,407,530,314,252,427,218,149,31,10196,42526,15366,0,0,0,8,12,2,3,0,6,976.0,1,30,0,1,23,2,5,11,0,11,13098.0,3,15,10,5,23,0,6,11,3,11,48306.0,3,27,15,8,2,0,6,11,3,11,61551.0,3
111540496,0,DSM,103718.0,91798.0,1,0,SMOOTHIE_SHOP|FARMERS_MARKET|PIZZA_SHOP|FARMERS_MARKET|PET_CAFE|BAKERY|BAKERY|YARN_STORE,14622,9569,11284,25192,10422,7136,11990,5518,4016,349,182,132,207,48,167,132,58,62,2,503,503,334,250,277,310,148,31,6898,50944,41907,0,0,0,10,10,2,3,0,6,855.0,1,22,0,3,30,0,11,3,6,11,11711.0,3,6,1,15,33,0,11,3,6,11,47829.0,3,26,15,11,7,0,7,3,6,11,74562.0,3
111540496,1,Vadim Vasilenko,91798.0,103718.0,0,0,SMOOTHIE_SHOP|FARMERS_MARKET|PIZZA_SHOP|FARMERS_MARKET|PET_CAFE|BAKERY|BAKERY|YARN_STORE,19660,10115,9540,24199,21918,1172,10989,6476,5961,467,194,116,277,96,27,168,64,109,2,503,527,358,250,311,310,148,31,7332,57919,44779,0,0,0,8,12,2,3,0,6,781.0,1,25,0,0,32,2,10,3,2,11,10328.0,3,11,2,8,37,0,10,3,2,11,45121.0,3,20,16,13,11,0,10,3,2,11,66367.0,3
111540497,0,Unknown Mother-Goose,89505.0,85717.0,1,0,SMOOTHIE_SHOP|BRUNCH_SPOT|PIZZA_SHOP|PET_CAFE|BAKERY|SMOOTHIE_SHOP|PIZZA_SHOP|YARN_STORE,17785,7594,3955,16561,9462,5252,19387,4625,9748,565,201,54,232,42,94,238,44,213,2,671,522,332,250,333,290,148,31,7173,45165,42031,0,0,0,10,10,2,3,0,5,692.0,1,28,0,0,29,1,12,3,2,11,11625.0,3,19,0,6,33,0,12,3,2,11,46467.0,3,39,0,6,12,0,12,2,2,11,68262.0,3
111540497,1,Vadim Vasilenko,85717.0,89505.0,0,0,SMOOTHIE_SHOP|BRUNCH_SPOT|PIZZA_SHOP|PET_CAFE|BAKERY|SMOOTHIE_SHOP|PIZZA_SHOP|YARN_STORE,11362,5334,1630,18687,21870,813,15389,5189,5922,339,129,22,186,96,15,164,67,99,2,455,647,331,250,332,334,148,31,7484,56831,21881,0,0,0,8,12,2,3,0,6,775.0,1,24,0,0,33,2,10,3,2,11,10825.0,3,15,7,4,33,0,10,3,2,11,45798.0,3,38,9,6,5,0,10,3,2,11,65301.0,3
111541101,0,Matsu,75988.0,82852.0,0,0,PET_CAFE|SMOOTHIE_SHOP|BAKERY|SMOOTHIE_SHOP|YARN_STORE|SMOOTHIE_SHOP|BRUNCH_SPOT|FARMERS_MARKET,8091,1137,0,8210,12834,357,6656,4306,7927,265,40,0,114,54,7,111,49,172,1,684,-1,399,250,432,319,150,31,5457,30332,13729,3,0,0,4,12,4,2,0,4,780.0,1,21,0,0,33,0,8,6,3,10,16900.0,3,18,7,0,33,0,8,6,3,11,38193.0,3,35,3,0,20,0,8,6,3,10,58054.0,3
111541101,1,ymg_aq,82852.0,75988.0,1,0,PET_CAFE|SMOOTHIE_SHOP|BAKERY|SMOOTHIE_SHOP|YARN_STORE|SMOOTHIE_SHOP|BRUNCH_SPOT|FARMERS_MARKET,8474,11540,1739,17739,9366,3723,11829,7802,7879,284,262,28,154,53,73,150,68,145,1,335,383,337,251,311,197,149,31,9363,42686,28042,0,0,0,8,12,2,3,0,6,991.0,1,30,5,2,22,2,8,3,3,11,14099.0,3,10,12,4,28,0,9,7,3,11,38686.0,3,20,21,3,7,0,9,7,3,11,59918.0,3
111542211,0,mikelou1,88329.0,96916.0,0,0,BRUNCH_SPOT|PIZZA_SHOP|PIZZA_SHOP|BRUNCH_SPOT|YARN_STORE|BAKERY|YARN_STORE|BAKERY,30271,10329,0,9986,12966,2664,7293,14534,9096,801,399,0,206,54,45,211,77,220,1,671,-1,399,250,361,254,150,31,5557,34919,56663,3,0,0,4,12,4,2,0,4,780.0,1,21,0,0,33,0,9,5,3,10,13880.0,3,25,0,0,33,0,9,5,3,11,43629.0,3,38,0,0,20,0,9,5,3,11,65591.0,3
111542211,1,ymg_aq,96916.0,88329.0,1,0,BRUNCH_SPOT|PIZZA_SHOP|PIZZA_SHOP|BRUNCH_SPOT|YARN_STORE|BAKERY|YARN_STORE|BAKERY,11552,1300,7515,18636,8677,3983,11702,16531,7743,305,42,92,164,52,67,147,90,140,1,407,383,337,252,311,196,149,31,9490,43690,34459,0,0,0,8,12,2,3,0,6,996.0,1,30,0,4,23,2,10,3,2,10,11764.0,3,12,3,11,28,0,10,7,3,11,38838.0,3,31,5,10,6,0,10,7,3,11,63909.0,3
111543328,0,ymg_aq,96374.0,90094.0,1,0,BAKERY|BRUNCH_SPOT|FARMERS_MARKET|SMOOTHIE_SHOP|BRUNCH_SPOT|PET_CAFE|BRUNCH_SPOT|SMOOTHIE_SHOP,9959,6271,3420,37584,8738,7787,2495,4203,6765,276,144,48,210,49,139,77,30,110,1,383,383,361,252,249,218,149,31,8041,43292,35889,0,0,0,8,12,2,3,0,6,999.0,1,27,1,2,28,2,6,3,4,11,12555.0,3,14,5,6,34,0,7,4,5,11,35555.0,3,26,14,6,12,0,7,4,5,10,66860.0,3
111543328,1,kuro0315,90094.0,96374.0,0,0,BAKERY|BRUNCH_SPOT|FARMERS_MARKET|SMOOTHIE_SHOP|BRUNCH_SPOT|PET_CAFE|BRUNCH_SPOT|SMOOTHIE_SHOP,67204,1397,0,23698,12966,2805,1482,1522,8189,1747,36,0,144,54,50,71,24,172,1,674,-1,399,250,339,258,150,31,4740,57438,57085,3,0,0,4,12,4,2,0,4,829.0,1,21,0,0,33,0,6,6,5,10,15390.0,3,25,0,0,33,0,6,6,5,11,35117.0,3,38,0,0,20,0,6,6,5,11,63636.0,3
111544429,0,ymg_aq,120623.0,111491.0,1,0,SMOOTHIE_SHOP|ICE_CREAM_SHOP|BAKERY|YARN_STORE|ICE_CREAM_SHOP|SMOOTHIE_SHOP|PIZZA_SHOP|FARMERS_MARKET,12066,860,1140,18766,9761,1486,35723,11070,9697,310,25,17,104,50,29,250,98,200,1,407,458,356,252,358,196,149,31,10534,56541,33494,0,0,0,8,12,2,3,0,6,899.0,1,26,0,1,30,2,12,3,1,11,12961.0,3,13,3,3,34,0,12,8,2,11,49106.0,3,37,4,3,7,0,12,8,2,11,90928.0,3
111544429,1,Excluding,111491.0,120623.0,0,0,SMOOTHIE_SHOP|ICE_CREAM_SHOP|BAKERY|YARN_STORE|ICE_CREAM_SHOP|SMOOTHIE_SHOP|PIZZA_SHOP|FARMERS_MARKET,11915,300,0,17320,8136,1516,14686,5407,7740,312,9,0,177,36,30,121,66,165,3,690,-1,378,247,453,197,152,29,8016,27298,31706,0,0,0,6,12,4,3,0,6,246.0,1,17,0,0,34,2,12,3,3,11,11515.0,3,15,0,0,36,0,12,7,3,11,41731.0,3,37,0,0,13,0,12,7,3,11,82063.0,3
111544886,0,DSM,77366.0,76366.0,1,0,PET_CAFE|BAKERY|BRUNCH_SPOT|BAKERY|BRUNCH_SPOT|PIZZA_SHOP|ICE_CREAM_SHOP|FARMERS_MARKET,14236,12293,554,13373,9474,12260,1884,3228,4041,436,302,8,132,42,279,86,41,87,2,335,625,330,250,266,290,148,31,6452,32114,32777,0,0,0,8,12,2,3,0,6,810.0,1,29,6,0,18,2,7,3,10,11,11729.0,3,18,14,3,21,0,5,3,11,11,35305.0,3,22,22,5,7,0,5,3,11,11,52980.0,3
111544886,1,Unknown Mother-Goose,76366.0,77366.0,0,0,PET_CAFE|BAKERY|BRUNCH_SPOT|BAKERY|BRUNCH_SPOT|PIZZA_SHOP|ICE_CREAM_SHOP|FARMERS_MARKET,19408,1724,1632,12512,12684,28312,1939,3840,9400,627,39,24,129,60,658,73,26,256,2,360,594,334,250,276,338,148,31,7528,35862,48061,0,0,0,9,11,2,3,0,5,740.0,1,29,3,0,16,5,5,3,11,11,13130.0,3,19,7,3,24,0,5,3,11,11,35585.0,3,32,4,5,15,0,5,2,11,11,51158.0,3
111544888,0,Majkel1337,109995.0,110328.0,0,0,PIZZA_SHOP|PET_CAFE|FARMERS_MARKET|BRUNCH_SPOT|ICE_CREAM_SHOP|BRUNCH_SPOT|YARN_STORE|ICE_CREAM_SHOP,12247,4385,6129,29966,3174,4945,13815,7381,5954,329,96,78,153,18,114,157,53,100,260,355,384,366,275,304,195,151,27,6893,29582,51521,2,0,0,3,13,4,3,0,6,503.0,1,25,4,6,17,6,7,3,6,12,9652.0,3,17,5,12,25,0,7,3,6,12,38406.0,3,27,9,8,15,0,7,3,6,11,63147.0,3
111544888,1,Unknown Mother-Goose,110328.0,109995.0,1,0,PIZZA_SHOP|PET_CAFE|FARMERS_MARKET|BRUNCH_SPOT|ICE_CREAM_SHOP|BRUNCH_SPOT|YARN_STORE|ICE_CREAM_SHOP,21246,15130,3615,30770,12258,13739,8104,7770,9459,576,337,46,160,54,326,122,51,180,2,359,494,328,250,335,337,148,27,8157,44962,68972,0,0,0,10,10,2,3,0,5,829.0,1,23,7,4,14,4,8,3,5,11,15273.0,3,21,5,7,26,0,8,3,5,11,41447.0,3,30,9,4,16,0,8,3,5,11,67303.0,3
111545534,0,ymg_aq,142355.0,121575.0,1,0,FARMERS_MARKET|SMOOTHIE_SHOP|PIZZA_SHOP|PIZZA_SHOP|SMOOTHIE_SHOP|FARMERS_MARKET|BAKERY|PIZZA_SHOP,7945,3130,5059,31595,8990,935,54208,3297,10241,213,72,46,174,52,19,272,31,160,1,407,455,377,253,311,218,149,31,8387,63149,53864,0,0,0,8,12,2,3,0,6,1003.0,1,25,0,3,29,2,11,3,2,11,11705.0,3,9,4,10,34,0,13,3,2,11,46172.0,3,24,9,11,8,0,13,3,2,11,95211.0,3
111545534,1,Artem The Farmer 🍅,121575.0,142355.0,0,0,FARMERS_MARKET|SMOOTHIE_SHOP|PIZZA_SHOP|PIZZA_SHOP|SMOOTHIE_SHOP|FARMERS_MARKET|BAKERY|PIZZA_SHOP,16194,1307,2699,17763,14178,0,16755,1140,2893,431,31,23,141,60,0,85,32,50,2,668,524,402,250,-1,195,221,31,4296,32726,35907,3,0,0,4,12,4,2,0,5,340.0,1,34,1,0,29,1,7,3,0,10,19906.0,3,18,0,17,29,1,7,3,0,10,41458.0,3,23,12,17,13,0,7,3,0,11,80354.0,3
111546661,0,ymg_aq,95433.0,87305.0,1,0,YARN_STORE|SMOOTHIE_SHOP|FARMERS_MARKET|PET_CAFE|BAKERY|PIZZA_SHOP|PIZZA_SHOP|BRUNCH_SPOT,8136,8490,2377,17655,9442,51,14708,25547,9176,220,191,34,180,45,1,157,202,171,1,407,530,358,251,598,194,149,31,9641,58743,27198,0,0,0,8,12,2,3,0,6,976.0,1,25,0,1,28,2,8,11,0,12,11422.0,3,11,9,6,29,0,8,11,1,11,50238.0,3,19,20,7,8,0,8,10,1,11,69884.0,3
111546661,1,Otter Vibe,87305.0,95433.0,0,0,YARN_STORE|SMOOTHIE_SHOP|FARMERS_MARKET|PET_CAFE|BAKERY|PIZZA_SHOP|PIZZA_SHOP|BRUNCH_SPOT,7801,1682,1070,1579,7332,718,3659,8131,8580,208,46,16,11,36,14,32,70,190,118,596,479,360,249,408,198,295,29,3018,25823,11711,0,0,0,9,12,2,3,1,3,91.0,2,17,0,12,23,5,6,11,1,10,11985.0,3,14,0,16,23,3,6,11,2,13,48042.0,3,35,12,2,7,0,6,11,2,13,67333.0,3
111547146,0,DSM,119094.0,117792.0,1,0,FARMERS_MARKET|PET_CAFE|ICE_CREAM_SHOP|FARMERS_MARKET|ICE_CREAM_SHOP|ICE_CREAM_SHOP|PET_CAFE|YARN_STORE,16585,9692,6879,46655,9498,9547,10409,5334,4641,408,146,85,252,42,233,145,50,76,2,407,505,334,250,267,310,148,31,6660,47244,65336,0,0,0,10,10,2,3,0,6,699.0,1,28,0,0,28,0,8,3,8,11,12094.0,3,10,4,9,33,0,8,3,8,11,39300.0,3,20,11,12,13,0,8,3,8,11,75620.0,3
111547146,1,Unknown Mother-Goose,117792.0,119094.0,0,0,FARMERS_MARKET|PET_CAFE|ICE_CREAM_SHOP|FARMERS_MARKET|ICE_CREAM_SHOP|ICE_CREAM_SHOP|PET_CAFE|YARN_STORE,14457,26914,2513,51046,10741,14878,7051,5957,8784,351,421,31,283,52,365,93,52,160,2,432,588,334,250,287,338,148,31,7341,43181,91819,0,0,0,10,10,2,3,0,5,704.0,1,30,1,0,25,3,6,3,6,12,12385.0,3,11,7,5,37,0,6,3,6,11,37465.0,3,33,0,7,20,0,6,3,6,11,70651.0,3
111547147,0,Otter Vibe,112524.0,127765.0,0,0,YARN_STORE|BRUNCH_SPOT|SMOOTHIE_SHOP|ICE_CREAM_SHOP|BRUNCH_SPOT|SMOOTHIE_SHOP|BRUNCH_SPOT|BRUNCH_SPOT,10310,216,436,13808,7566,3430,2628,10452,7424,254,6,8,68,36,62,29,84,181,118,715,504,360,249,359,198,293,29,2808,32841,20621,0,0,0,9,12,2,3,1,3,98.0,2,20,0,6,24,4,6,10,5,10,11343.0,3,15,0,6,30,2,7,10,5,13,50290.0,3,37,0,0,16,0,7,10,5,13,81378.0,3
111547147,1,Vadim Vasilenko,127765.0,112524.0,1,0,YARN_STORE|BRUNCH_SPOT|SMOOTHIE_SHOP|ICE_CREAM_SHOP|BRUNCH_SPOT|SMOOTHIE_SHOP|BRUNCH_SPOT|BRUNCH_SPOT,24745,0,0,69397,21444,0,12047,26671,5268,638,0,0,332,96,0,135,258,159,2,-1,-1,386,250,-1,310,148,31,8590,62445,88537,0,0,0,8,12,2,3,0,6,547.0,1,24,0,0,30,2,8,10,0,11,10297.0,3,17,0,0,38,0,9,10,0,11,50663.0,3,30,0,0,23,0,9,10,0,11,84789.0,3
111547152,0,ymg_aq,118136.0,118777.0,0,0,ICE_CREAM_SHOP|PIZZA_SHOP|SMOOTHIE_SHOP|YARN_STORE|BRUNCH_SPOT|BRUNCH_SPOT|BRUNCH_SPOT|YARN_STORE,9610,1404,2555,22136,9686,769,25059,13469,8714,260,46,35,126,49,13,173,105,183,1,407,383,330,252,575,196,149,31,9776,55150,28476,0,0,0,8,12,2,3,0,6,993.0,1,26,0,2,28,2,13,3,1,11,12188.0,3,11,3,4,31,0,13,9,2,11,48453.0,3,34,3,6,9,0,12,9,2,11,86476.0,3
111547152,1,Vadim Vasilenko,118777.0,118136.0,1,0,ICE_CREAM_SHOP|PIZZA_SHOP|SMOOTHIE_SHOP|YARN_STORE|BRUNCH_SPOT|BRUNCH_SPOT|BRUNCH_SPOT|YARN_STORE,15800,0,0,28621,22470,0,25730,18471,5839,419,0,0,161,96,0,232,127,102,2,-1,-1,385,250,-1,334,149,27,7608,69162,40161,0,0,0,8,12,2,3,0,6,781.0,1,23,0,1,29,2,15,3,0,11,11042.0,3,22,0,1,29,0,15,7,0,11,54010.0,3,38,0,0,9,0,15,7,0,11,84567.0,3
111547776,0,Unknown Mother-Goose,127382.0,132748.0,0,0,SMOOTHIE_SHOP|YARN_STORE|PIZZA_SHOP|PIZZA_SHOP|PIZZA_SHOP|YARN_STORE|PET_CAFE|PET_CAFE,17679,7600,6557,6940,12642,3088,29566,29107,9554,467,248,81,144,54,64,169,170,283,2,619,497,330,250,456,337,148,31,8475,52362,61896,0,0,0,10,10,2,3,0,5,670.0,1,27,0,4,22,0,11,8,1,11,12443.0,3,21,0,9,25,0,10,8,1,11,53542.0,3,30,9,7,7,0,10,8,1,11,89645.0,3
111547776,1,ymg_aq,132748.0,127382.0,1,0,SMOOTHIE_SHOP|YARN_STORE|PIZZA_SHOP|PIZZA_SHOP|PIZZA_SHOP|YARN_STORE|PET_CAFE|PET_CAFE,8294,2505,7011,7363,11032,0,41475,29101,9763,229,72,86,83,54,0,220,170,233,1,407,473,313,252,-1,196,149,31,9067,56486,50991,0,0,0,8,12,2,3,0,6,997.0,1,27,0,1,23,2,10,9,0,11,11804.0,3,12,5,12,23,0,12,10,0,11,50289.0,3,24,8,11,2,0,12,10,1,11,90071.0,3
111548896,0,ymg_aq,76589.0,74796.0,1,0,BAKERY|BAKERY|ICE_CREAM_SHOP|PIZZA_SHOP|PET_CAFE|SMOOTHIE_SHOP|YARN_STORE|BAKERY,9064,6087,3275,9838,8567,5901,9438,6478,7304,305,168,51,139,54,108,127,51,123,1,359,362,330,252,298,218,149,31,8232,33583,24137,0,0,0,8,12,2,3,0,6,998.0,1,33,1,3,21,2,8,3,4,11,10846.0,3,13,10,10,23,0,9,3,4,11,37227.0,3,25,17,10,6,0,9,3,4,11,53372.0,3
111548896,1,KawattaTaido,74796.0,76589.0,0,0,BAKERY|BAKERY|ICE_CREAM_SHOP|PIZZA_SHOP|PET_CAFE|SMOOTHIE_SHOP|YARN_STORE|BAKERY,14664,2070,522,3501,15354,2570,5452,4098,7893,500,74,9,65,66,48,72,49,142,2,645,694,408,250,520,243,221,31,4376,30905,20843,3,0,0,4,12,4,2,0,5,329.0,1,36,0,0,23,1,6,4,5,11,17218.0,3,30,0,2,23,1,7,4,6,11,35136.0,3,38,4,7,5,0,7,4,6,11,51853.0,3
111550040,0,ymg_aq,80829.0,97138.0,0,0,BAKERY|ICE_CREAM_SHOP|PIZZA_SHOP|PET_CAFE|FARMERS_MARKET|YARN_STORE|ICE_CREAM_SHOP|PIZZA_SHOP,9606,7477,4077,6651,10993,1761,15723,7304,8446,283,180,60,84,54,37,177,58,138,1,384,383,323,252,265,196,149,31,9363,39494,23181,0,0,0,8,12,2,3,0,6,994.0,1,31,0,4,22,2,11,3,2,11,14147.0,3,9,11,13,23,0,11,4,3,11,39807.0,3,28,17,11,1,0,11,4,3,11,55983.0,3
111550040,1,DSM,97138.0,80829.0,1,0,BAKERY|ICE_CREAM_SHOP|PIZZA_SHOP|PET_CAFE|FARMERS_MARKET|YARN_STORE|ICE_CREAM_SHOP|PIZZA_SHOP,18290,4401,8507,12832,9738,6747,13874,10608,5137,521,120,126,130,42,138,158,80,85,2,479,503,313,250,311,310,148,31,7394,41104,41636,0,0,0,10,10,2,3,0,6,805.0,1,31,0,1,23,0,11,3,6,11,12931.0,3,10,6,16,23,0,11,3,6,11,45130.0,3,28,5,21,1,0,10,4,6,11,62465.0,3
111550540,0,DSM,186136.0,180390.0,1,0,SMOOTHIE_SHOP|SMOOTHIE_SHOP|SMOOTHIE_SHOP|SMOOTHIE_SHOP|ICE_CREAM_SHOP|FARMERS_MARKET|SMOOTHIE_SHOP|ICE_CREAM_SHOP,15335,993,1986,70276,9756,2486,72222,3657,4883,408,26,31,320,42,58,313,43,110,2,695,647,358,250,399,310,148,31,6870,73794,100930,0,0,0,10,10,2,3,0,6,759.0,1,18,0,0,37,0,14,3,3,11,11580.0,3,11,0,1,43,0,14,3,3,11,56984.0,3,26,0,5,21,0,14,3,3,11,120744.0,3
111550540,1,THIRD FARM CLUB,180390.0,186136.0,0,0,SMOOTHIE_SHOP|SMOOTHIE_SHOP|SMOOTHIE_SHOP|SMOOTHIE_SHOP|ICE_CREAM_SHOP|FARMERS_MARKET|SMOOTHIE_SHOP|ICE_CREAM_SHOP,4087,695,388,60195,4938,417,47584,2857,5304,112,18,6,277,24,9,219,27,107,73,408,576,385,249,288,339,149,28,6119,34297,86049,3,0,0,9,12,2,3,0,6,37.0,2,9,0,3,38,6,14,3,2,11,6635.0,3,6,0,4,40,5,15,3,2,9,44091.0,3,22,6,3,19,0,15,0,2,10,106506.0,3
111551144,0,ymg_aq,109429.0,100632.0,1,0,SMOOTHIE_SHOP|ICE_CREAM_SHOP|YARN_STORE|BAKERY|FARMERS_MARKET|FARMERS_MARKET|PET_CAFE|BAKERY,7335,5680,2720,31331,7764,0,19011,15306,8339,195,138,36,171,48,0,140,120,153,1,407,554,358,251,-1,197,149,31,9863,64243,23380,0,0,0,8,12,2,3,0,6,908.0,1,24,0,0,30,2,10,9,0,11,8698.0,3,13,4,4,33,0,10,9,1,11,51130.0,3,26,15,7,8,0,6,7,1,10,86862.0,3
111551144,1,Artem The Farmer 🍅,100632.0,109429.0,0,0,SMOOTHIE_SHOP|ICE_CREAM_SHOP|YARN_STORE|BAKERY|FARMERS_MARKET|FARMERS_MARKET|PET_CAFE|BAKERY,15181,1938,304,16414,11442,0,9898,7555,5672,400,50,4,126,48,0,119,92,186,2,622,657,384,250,-1,195,221,31,4470,33150,30784,3,0,0,4,12,4,2,0,5,345.0,1,26,0,0,29,1,13,6,0,11,16594.0,3,16,0,2,30,1,13,11,0,12,44455.0,3,23,15,2,14,0,12,9,0,11,77633.0,3
111551561,0,DSM,104107.0,94456.0,1,0,SMOOTHIE_SHOP|ICE_CREAM_SHOP|FARMERS_MARKET|BAKERY|PET_CAFE|FARMERS_MARKET|BAKERY|BRUNCH_SPOT,12640,7819,1983,29586,9474,5707,18242,3735,4338,305,167,25,238,42,110,186,45,62,2,503,625,358,250,359,310,148,31,7120,49750,36654,0,0,0,8,12,2,3,0,6,739.0,1,19,0,0,33,2,13,3,5,11,9831.0,3,12,2,3,37,0,13,3,5,11,49768.0,3,14,18,8,19,0,8,3,5,11,76826.0,3
111551561,1,Vadim Vasilenko,94456.0,104107.0,0,0,SMOOTHIE_SHOP|ICE_CREAM_SHOP|FARMERS_MARKET|BAKERY|PET_CAFE|FARMERS_MARKET|BAKERY|BRUNCH_SPOT,17619,8909,3733,34382,21834,0,13664,3435,5960,420,194,47,262,96,0,219,51,120,2,503,698,366,250,-1,334,148,31,7229,57986,44321,0,0,0,8,12,2,3,0,6,778.0,1,19,0,0,38,2,12,3,0,11,10584.0,3,16,2,0,42,0,12,3,0,11,45803.0,3,26,14,3,17,0,12,3,0,11,73020.0,3
111551562,0,Majkel1337,123189.0,106983.0,1,0,YARN_STORE|SMOOTHIE_SHOP|PIZZA_SHOP|BAKERY|YARN_STORE|ICE_CREAM_SHOP|ICE_CREAM_SHOP|FARMERS_MARKET,14268,1077,2301,13866,9270,0,16366,39169,5836,411,32,46,119,48,0,162,221,113,312,689,595,382,275,-1,195,151,27,7775,56495,37883,2,0,0,3,13,3,4,0,6,541.0,1,26,0,0,23,6,9,10,0,12,8435.0,3,20,0,11,25,0,9,10,0,12,52459.0,3,39,0,9,4,0,9,10,0,12,89185.0,3
111551562,1,Otter Vibe,106983.0,123189.0,0,0,YARN_STORE|SMOOTHIE_SHOP|PIZZA_SHOP|BAKERY|YARN_STORE|ICE_CREAM_SHOP|ICE_CREAM_SHOP|FARMERS_MARKET,8831,338,658,3174,7308,0,7640,18318,7905,252,10,10,28,30,0,88,120,191,118,646,456,360,249,-1,198,294,29,2833,34147,17192,0,0,0,9,12,2,3,1,3,91.0,2,24,0,12,15,3,10,10,1,12,14256.0,3,18,0,16,15,2,10,13,1,14,52395.0,3,38,4,4,5,0,10,13,1,13,83406.0,3
111551566,0,Otter Vibe,89450.0,91191.0,0,0,FARMERS_MARKET|BAKERY|BRUNCH_SPOT|PET_CAFE|FARMERS_MARKET|PIZZA_SHOP|BAKERY|SMOOTHIE_SHOP,10527,1774,2090,7522,7632,3544,1501,16,7437,266,39,28,50,36,80,18,2,124,118,645,455,360,249,286,198,500,29,2813,21318,17912,0,0,0,10,12,2,3,1,3,28.0,2,25,0,9,22,5,4,3,7,10,14156.0,3,19,0,16,24,2,4,3,7,11,35668.0,3,40,6,9,6,0,4,3,7,11,61043.0,3
111551566,1,Vadim Vasilenko,91191.0,89450.0,1,0,FARMERS_MARKET|BAKERY|BRUNCH_SPOT|PET_CAFE|FARMERS_MARKET|PIZZA_SHOP|BAKERY|SMOOTHIE_SHOP,23382,18878,7014,32044,22632,3952,2356,3231,7546,614,391,95,214,102,89,77,88,123,2,407,386,358,250,256,290,148,31,7374,52302,61359,0,0,0,8,12,2,3,0,6,710.0,1,29,0,2,29,2,6,3,4,11,12173.0,3,9,16,7,30,0,6,3,4,11,35956.0,3,32,12,10,8,0,6,3,4,11,59674.0,3
111552260,0,Kaggledew Valley 🏆,115493.0,120394.0,0,0,FARMERS_MARKET|PET_CAFE|SMOOTHIE_SHOP|ICE_CREAM_SHOP|BRUNCH_SPOT|BRUNCH_SPOT|FARMERS_MARKET|FARMERS_MARKET,5768,1651,2726,30534,6487,4934,10564,2033,7194,133,29,41,157,38,119,111,17,134,110,678,406,380,257,364,196,150,29,6869,26728,38294,2,0,0,5,10,5,3,0,5,643.0,1,5,0,15,28,6,5,4,10,11,8269.0,3,0,0,15,37,3,6,4,10,11,29749.0,3,31,0,0,20,2,6,3,10,12,75143.0,3
111552260,1,ymg_aq,120394.0,115493.0,1,0,FARMERS_MARKET|PET_CAFE|SMOOTHIE_SHOP|ICE_CREAM_SHOP|BRUNCH_SPOT|BRUNCH_SPOT|FARMERS_MARKET|FARMERS_MARKET,8131,11935,1615,35182,10226,3822,6569,3813,6626,200,214,23,172,43,89,76,34,103,1,359,383,358,252,249,196,149,31,9158,42565,36196,0,0,0,8,12,2,3,0,6,1005.0,1,24,4,2,28,2,8,3,4,11,15464.0,3,7,9,4,36,0,9,3,4,10,46128.0,3,25,16,3,14,0,9,3,4,11,84341.0,3
111553615,0,binghua,88311.0,97659.0,0,0,PIZZA_SHOP|PIZZA_SHOP|BRUNCH_SPOT|SMOOTHIE_SHOP|PET_CAFE|PET_CAFE|YARN_STORE|PET_CAFE,7041,2564,1036,4850,4716,1300,15519,1930,12319,221,65,14,62,36,25,127,17,241,105,85,526,375,404,331,199,306,33,7740,26158,17377,17,0,0,2,4,6,3,0,7,659.0,2,24,0,5,17,13,10,3,3,12,9480.0,3,6,0,23,24,6,10,3,3,12,40548.0,3,19,1,18,16,1,9,3,3,12,63535.0,3
111553615,1,ymg_aq,97659.0,88311.0,1,0,PIZZA_SHOP|PIZZA_SHOP|BRUNCH_SPOT|SMOOTHIE_SHOP|PET_CAFE|PET_CAFE|YARN_STORE|PET_CAFE,7783,8681,4576,16375,10755,104,22677,7883,7947,232,194,64,125,45,2,230,60,137,1,359,383,334,253,347,196,149,31,10087,51385,25309,0,0,0,8,12,2,3,0,6,1003.0,1,31,1,5,20,2,11,3,1,11,14889.0,3,12,6,12,26,0,13,3,1,11,51658.0,3,19,20,10,9,0,13,3,1,11,74556.0,3
111554504,0,ymg_aq,87439.0,85073.0,1,0,BAKERY|SMOOTHIE_SHOP|ICE_CREAM_SHOP|BAKERY|YARN_STORE|PET_CAFE|FARMERS_MARKET|ICE_CREAM_SHOP,10556,4258,2111,12497,9120,3079,11044,17212,8724,332,114,33,130,48,59,142,114,168,1,407,383,333,252,334,196,149,31,9927,40531,28143,0,0,0,8,12,2,3,0,6,984.0,1,29,0,1,28,2,10,3,2,11,12573.0,3,13,6,6,28,0,10,7,3,11,41272.0,3,23,17,6,6,0,10,7,3,11,64022.0,3
111554504,1,Sida Zuo,85073.0,87439.0,0,0,BAKERY|SMOOTHIE_SHOP|ICE_CREAM_SHOP|BAKERY|YARN_STORE|PET_CAFE|FARMERS_MARKET|ICE_CREAM_SHOP,12287,156,0,1778,8031,3489,6412,4858,9837,404,4,0,85,35,67,87,33,207,143,672,-1,431,250,431,205,150,33,5423,21623,19802,0,0,0,8,9,5,2,0,6,709.0,1,30,0,0,26,4,9,2,4,11,16549.0,3,23,0,0,25,5,9,5,6,12,40547.0,3,45,0,0,3,0,9,5,6,12,63857.0,3
111554830,0,Sida Zuo,93508.0,95148.0,0,0,ICE_CREAM_SHOP|BRUNCH_SPOT|BAKERY|SMOOTHIE_SHOP|PET_CAFE|BAKERY|BRUNCH_SPOT|YARN_STORE,13263,2039,0,4711,8472,3642,5209,1814,7000,342,50,0,88,36,72,50,18,124,143,696,-1,404,252,278,205,150,33,4480,21398,20272,0,0,0,8,9,5,2,0,6,704.0,1,25,0,0,32,4,6,2,6,11,17665.0,3,18,0,0,37,4,7,2,6,11,38403.0,3,44,0,0,13,0,7,2,6,11,70783.0,3
111554830,1,Unknown Mother-Goose,95148.0,93508.0,1,0,ICE_CREAM_SHOP|BRUNCH_SPOT|BAKERY|SMOOTHIE_SHOP|PET_CAFE|BAKERY|BRUNCH_SPOT|YARN_STORE,19554,10724,870,20078,9294,23300,9757,5158,9199,537,252,14,251,42,457,102,36,171,2,623,598,332,250,307,338,148,27,7588,45310,55036,0,0,0,10,10,2,3,0,5,708.0,1,31,0,0,26,1,7,3,6,11,12888.0,3,15,0,2,40,1,7,3,6,11,42963.0,3,30,11,3,17,0,7,1,6,11,71945.0,3
111555640,0,ymg_aq,80977.0,82887.0,0,0,BAKERY|BRUNCH_SPOT|PET_CAFE|BRUNCH_SPOT|PIZZA_SHOP|FARMERS_MARKET|YARN_STORE|PIZZA_SHOP,10136,7204,3400,18395,10130,4473,1788,7757,7368,299,170,48,137,53,89,63,52,113,1,311,383,360,251,282,218,149,31,8537,39383,22731,0,0,0,8,12,2,3,0,6,987.0,1,31,2,2,23,2,6,3,4,11,13962.0,3,14,12,7,28,0,6,3,5,11,38442.0,3,28,17,10,6,0,6,3,5,10,55804.0,3
111555640,1,Majkel1337,82887.0,80977.0,1,0,BAKERY|BRUNCH_SPOT|PET_CAFE|BRUNCH_SPOT|PIZZA_SHOP|FARMERS_MARKET|YARN_STORE|PIZZA_SHOP,15866,2809,1424,10403,11994,5716,3074,7089,6196,459,70,20,113,54,124,86,54,91,8,352,525,398,251,304,195,149,28,8268,29134,27169,5,0,0,0,13,3,2,2,6,597.0,1,29,3,0,23,1,4,3,9,11,15148.0,3,29,0,4,26,0,4,3,9,11,35295.0,3,36,5,7,10,0,4,2,9,11,54224.0,3
111556754,0,QQ,81728.0,86789.0,0,0,PET_CAFE|ICE_CREAM_SHOP|PIZZA_SHOP|PIZZA_SHOP|BAKERY|BRUNCH_SPOT|PET_CAFE|FARMERS_MARKET,8546,848,1968,4680,7194,134,10300,2669,12070,220,18,29,66,38,3,100,29,219,2,358,551,312,261,379,249,149,27,6788,27492,14129,0,0,0,8,12,2,3,0,6,719.0,1,24,10,0,22,4,10,3,2,12,12261.0,3,8,1,23,24,4,10,3,2,12,41992.0,3,24,6,25,4,1,10,3,2,12,55938.0,3
111556754,1,ymg_aq,86789.0,81728.0,1,0,PET_CAFE|ICE_CREAM_SHOP|PIZZA_SHOP|PIZZA_SHOP|BAKERY|BRUNCH_SPOT|PET_CAFE|FARMERS_MARKET,8861,9782,3743,8902,10164,1965,22365,3683,8838,233,200,58,133,48,40,212,44,145,1,383,383,326,251,265,197,149,31,9729,45604,22970,0,0,0,8,12,2,3,0,6,981.0,1,28,4,2,22,2,11,3,2,11,15818.0,3,11,10,12,23,0,12,3,2,11,46055.0,3,19,19,14,2,0,12,3,2,11,62127.0,3
111557260,0,DSM,99385.0,88820.0,1,0,PET_CAFE|PIZZA_SHOP|BAKERY|BRUNCH_SPOT|ICE_CREAM_SHOP|ICE_CREAM_SHOP|PIZZA_SHOP|SMOOTHIE_SHOP,17971,2909,3755,16825,9888,11818,18161,3541,4863,474,75,65,133,42,269,180,23,95,2,311,481,313,250,265,293,148,31,7428,35529,46774,0,0,0,9,10,2,3,0,6,805.0,1,26,6,3,15,0,10,3,10,11,13621.0,3,15,4,13,19,0,10,3,10,11,39569.0,3,30,5,11,5,0,10,3,10,11,61919.0,3
111557260,1,QQ,88820.0,99385.0,0,0,PET_CAFE|PIZZA_SHOP|BAKERY|BRUNCH_SPOT|ICE_CREAM_SHOP|ICE_CREAM_SHOP|PIZZA_SHOP|SMOOTHIE_SHOP,8847,5287,1442,13199,10797,1712,6728,2994,10286,237,133,22,100,62,38,83,30,198,2,334,455,311,257,351,248,149,31,6847,28541,25904,0,0,0,8,12,2,3,0,6,852.0,1,22,19,2,11,6,8,3,4,12,15453.0,3,3,12,18,23,4,8,3,4,12,34393.0,3,26,3,17,13,1,8,3,4,12,51805.0,3
111557884,0,ymg_aq,91422.0,81149.0,1,0,PET_CAFE|ICE_CREAM_SHOP|PIZZA_SHOP|FARMERS_MARKET|PET_CAFE|PIZZA_SHOP|BRUNCH_SPOT|PIZZA_SHOP,9114,7958,7315,20422,9487,1721,18121,3986,6905,270,170,74,168,55,38,210,42,109,1,336,383,334,252,311,197,149,31,9750,46164,29115,0,0,0,8,12,2,3,0,6,808.0,1,28,4,3,22,2,11,3,2,11,12922.0,3,9,14,10,26,0,11,3,2,11,41972.0,3,22,23,9,5,0,11,3,2,11,63930.0,3
111557884,1,mtmr_s1,81149.0,91422.0,0,0,PET_CAFE|ICE_CREAM_SHOP|PIZZA_SHOP|FARMERS_MARKET|PET_CAFE|PIZZA_SHOP|BRUNCH_SPOT|PIZZA_SHOP,7971,3082,0,3502,12882,1242,5566,2139,6686,226,77,0,24,54,28,44,21,117,1,526,-1,399,250,361,319,150,31,5301,28284,9485,3,0,0,4,12,4,2,0,4,780.0,1,21,0,0,33,0,9,5,3,10,17281.0,3,22,3,0,33,0,9,5,3,11,40654.0,3,25,36,0,1,0,9,1,3,10,56403.0,3
111558323,0,Majkel1337,102805.0,112136.0,0,0,ICE_CREAM_SHOP|BRUNCH_SPOT|SMOOTHIE_SHOP|YARN_STORE|PET_CAFE|PIZZA_SHOP|BRUNCH_SPOT|PIZZA_SHOP,14619,1740,294,29971,9456,2019,20642,12798,4890,359,38,4,252,48,41,205,108,100,312,695,671,394,275,303,195,151,27,5793,52800,37836,2,0,0,3,13,4,3,0,6,413.0,1,16,0,0,36,6,10,3,3,12,8541.0,3,17,0,1,38,0,10,6,3,12,37362.0,3,38,0,1,17,0,9,6,3,12,74513.0,3
111558323,1,DSM,112136.0,102805.0,1,0,ICE_CREAM_SHOP|BRUNCH_SPOT|SMOOTHIE_SHOP|YARN_STORE|PET_CAFE|PIZZA_SHOP|BRUNCH_SPOT|PIZZA_SHOP,18630,2502,444,28347,11748,5177,17247,19278,4565,469,55,6,234,48,108,198,153,90,2,695,671,363,250,311,310,148,27,7526,57078,43334,0,0,0,8,12,2,3,0,6,697.0,1,14,0,0,38,2,14,3,4,11,9568.0,3,11,0,0,39,0,14,7,4,11,46433.0,3,38,0,1,16,0,9,7,4,11,85517.0,3
111558324,0,THIRD FARM CLUB,132179.0,151740.0,0,0,ICE_CREAM_SHOP|PIZZA_SHOP|SMOOTHIE_SHOP|PET_CAFE|ICE_CREAM_SHOP|SMOOTHIE_SHOP|FARMERS_MARKET|FARMERS_MARKET,6091,4397,576,31896,0,1224,21114,3265,6762,154,93,8,174,0,28,142,19,127,73,408,504,400,-1,528,410,149,28,6454,25984,42887,3,0,0,9,12,2,3,0,6,39.0,2,11,5,4,28,5,11,3,0,13,8151.0,3,10,4,11,29,3,12,2,4,9,40568.0,3,29,9,4,8,0,12,1,4,11,87312.0,3
111558324,1,Majkel1337,151740.0,132179.0,1,0,ICE_CREAM_SHOP|PIZZA_SHOP|SMOOTHIE_SHOP|PET_CAFE|ICE_CREAM_SHOP|SMOOTHIE_SHOP|FARMERS_MARKET|FARMERS_MARKET,14582,2994,4331,42416,8166,0,57023,2055,6546,354,60,61,234,36,0,304,43,109,298,691,523,390,279,-1,195,151,27,6249,59992,71872,2,0,0,3,13,4,3,0,6,445.0,1,23,0,0,30,6,13,3,0,12,8430.0,3,13,0,12,32,0,14,3,0,12,51213.0,3,35,0,11,11,0,14,2,0,12,101121.0,3
111558327,0,Majkel1337,107118.0,108163.0,0,0,YARN_STORE|BRUNCH_SPOT|ICE_CREAM_SHOP|ICE_CREAM_SHOP|PET_CAFE|BAKERY|YARN_STORE|BAKERY,13353,958,460,9723,11794,686,8214,31402,5520,334,22,8,129,56,12,96,217,105,8,690,691,397,251,455,195,149,28,9301,39023,33786,5,0,0,0,13,3,4,0,6,539.0,1,25,0,0,29,1,5,10,2,11,13588.0,3,20,0,0,35,0,6,10,2,12,46265.0,3,37,0,2,18,0,6,9,2,11,77404.0,3
111558327,1,Vadim Vasilenko,108163.0,107118.0,1,0,YARN_STORE|BRUNCH_SPOT|ICE_CREAM_SHOP|ICE_CREAM_SHOP|PET_CAFE|BAKERY|YARN_STORE|BAKERY,15807,5548,2086,20636,23442,0,8000,35340,4612,404,124,37,209,102,0,94,229,94,2,624,623,382,250,-1,334,148,27,8705,64036,42730,0,0,0,8,12,2,3,0,6,723.0,1,22,0,0,32,2,8,10,0,11,10498.0,3,20,0,1,36,0,8,10,0,11,53025.0,3,30,10,4,13,0,8,10,0,11,84266.0,3
111558333,0,Artem The Farmer 🍅,143879.0,146474.0,0,0,ICE_CREAM_SHOP|ICE_CREAM_SHOP|ICE_CREAM_SHOP|PET_CAFE|PIZZA_SHOP|ICE_CREAM_SHOP|PIZZA_SHOP|SMOOTHIE_SHOP,23881,1723,426,15406,11772,0,34845,1139,3488,582,36,6,106,48,0,214,11,77,2,692,696,455,250,-1,195,221,31,4495,36006,52179,3,0,0,4,12,4,2,0,5,335.0,1,27,0,0,31,1,14,2,0,10,18931.0,3,23,0,4,31,1,14,2,0,11,47811.0,3,37,0,6,16,0,14,2,0,11,100300.0,3
111558333,1,Majkel1337,146474.0,143879.0,1,0,ICE_CREAM_SHOP|ICE_CREAM_SHOP|ICE_CREAM_SHOP|PET_CAFE|PIZZA_SHOP|ICE_CREAM_SHOP|PIZZA_SHOP|SMOOTHIE_SHOP,14690,1922,1892,39594,7472,0,52306,1870,5102,350,40,26,224,46,0,303,45,82,288,687,619,406,288,-1,195,151,27,5970,50878,68000,2,0,0,3,13,4,3,0,6,427.0,1,17,0,0,35,6,13,3,0,12,19.0,3,13,0,5,41,0,13,3,0,12,45012.0,3,29,0,5,22,0,13,2,0,11,96545.0,3
111558991,0,ymg_aq,98858.0,95124.0,1,0,PET_CAFE|YARN_STORE|FARMERS_MARKET|BRUNCH_SPOT|SMOOTHIE_SHOP|BRUNCH_SPOT|SMOOTHIE_SHOP|BAKERY,7679,11575,2123,21626,7539,2738,4648,18444,8608,230,242,31,124,47,52,88,181,152,1,311,383,337,252,311,197,149,31,9277,46308,29395,0,0,0,8,12,2,3,0,6,809.0,1,26,6,2,19,2,5,11,2,11,8616.0,3,9,12,5,28,0,5,11,3,12,41404.0,3,20,17,5,13,0,5,11,3,11,66083.0,3
111558991,1,KawattaTaido,95124.0,98858.0,0,0,PET_CAFE|YARN_STORE|FARMERS_MARKET|BRUNCH_SPOT|SMOOTHIE_SHOP|BRUNCH_SPOT|SMOOTHIE_SHOP|BAKERY,13699,4418,2505,25903,14646,413,1652,12443,10495,410,110,37,142,60,8,26,152,186,2,378,616,406,250,410,243,148,31,9725,38690,37759,3,0,0,4,12,4,2,0,5,334.0,1,32,0,0,22,1,4,12,2,11,15067.0,3,13,10,4,28,1,4,12,2,11,41066.0,3,28,8,9,12,0,4,11,2,11,61105.0,3
111560115,0,ymg_aq,92500.0,84150.0,1,0,FARMERS_MARKET|YARN_STORE|BRUNCH_SPOT|BAKERY|PIZZA_SHOP|BRUNCH_SPOT|ICE_CREAM_SHOP|BAKERY,11094,3781,2829,15767,11575,1471,3197,19240,8033,297,91,39,119,58,25,54,143,129,1,359,383,351,251,311,196,149,31,10427,47912,18648,0,0,0,8,12,2,3,0,6,986.0,1,24,1,1,28,2,5,10,2,11,10145.0,3,12,5,12,28,0,5,10,2,11,48298.0,3,31,6,13,8,0,5,10,2,10,66819.0,3
111560115,1,Sida Zuo,84150.0,92500.0,0,0,FARMERS_MARKET|YARN_STORE|BRUNCH_SPOT|BAKERY|PIZZA_SHOP|BRUNCH_SPOT|ICE_CREAM_SHOP|BAKERY,13489,80,1738,7621,7507,0,3103,7741,8269,362,2,22,84,35,0,58,148,151,143,302,570,378,250,-1,196,150,33,6127,24881,18540,0,0,0,8,9,5,2,0,6,709.0,1,29,0,0,26,4,5,11,0,11,11344.0,3,11,0,14,30,4,5,11,0,11,39439.0,3,35,0,14,8,0,5,11,0,11,58352.0,3
111561234,0,ymg_aq,122837.0,118526.0,1,0,SMOOTHIE_SHOP|ICE_CREAM_SHOP|SMOOTHIE_SHOP|BAKERY|PIZZA_SHOP|FARMERS_MARKET|BRUNCH_SPOT|SMOOTHIE_SHOP,7653,1450,1730,45864,8407,0,38252,4259,8019,264,45,23,237,49,0,279,37,141,1,407,458,360,253,-1,197,149,31,9839,64473,41322,0,0,0,8,12,2,3,0,6,909.0,1,20,0,1,36,2,13,3,0,11,12031.0,3,14,5,3,36,0,13,3,1,11,50208.0,3,26,9,4,11,0,13,3,1,11,100931.0,3
111561234,1,mtmr_s1,118526.0,122837.0,0,0,SMOOTHIE_SHOP|ICE_CREAM_SHOP|SMOOTHIE_SHOP|BAKERY|PIZZA_SHOP|FARMERS_MARKET|BRUNCH_SPOT|SMOOTHIE_SHOP,10127,444,0,6588,13056,0,11803,2079,7638,331,16,0,40,54,0,121,21,151,1,623,-1,504,250,-1,319,150,31,5292,27269,19174,3,0,0,4,12,4,2,0,4,780.0,1,21,0,0,33,0,15,5,0,11,12314.0,4,48,0,0,33,0,16,2,0,11,33981.0,4,16,25,0,19,0,16,2,0,11,90368.0,4
111561615,0,THIRD FARM CLUB,101594.0,109250.0,0,0,YARN_STORE|BAKERY|PIZZA_SHOP|BRUNCH_SPOT|ICE_CREAM_SHOP|PET_CAFE|PIZZA_SHOP|FARMERS_MARKET,5412,1945,586,14745,186,2665,10536,10541,4822,166,53,8,115,3,49,93,87,100,73,384,504,336,552,384,384,150,28,7297,13550,30591,3,0,0,9,12,2,3,0,6,31.0,2,17,3,3,28,4,6,10,4,10,5821.0,3,18,2,8,22,3,6,10,6,10,37074.0,3,23,9,9,13,1,6,6,6,9,61476.0,3
111561615,1,Unknown Mother-Goose,109250.0,101594.0,1,0,YARN_STORE|BAKERY|PIZZA_SHOP|BRUNCH_SPOT|ICE_CREAM_SHOP|PET_CAFE|PIZZA_SHOP|FARMERS_MARKET,26302,5584,2115,11391,11898,7332,6817,27257,7782,718,149,30,92,54,135,65,186,195,2,552,519,332,250,407,348,148,31,8331,51590,46557,0,0,0,8,12,2,3,0,5,838.0,1,39,0,2,8,4,5,12,2,12,13177.0,3,31,0,5,17,0,6,12,2,11,55273.0,3,31,18,3,9,0,6,6,2,11,78318.0,3
111562345,0,ymg_aq,105544.0,109509.0,0,0,SMOOTHIE_SHOP|FARMERS_MARKET|SMOOTHIE_SHOP|FARMERS_MARKET|PET_CAFE|PIZZA_SHOP|PET_CAFE|PET_CAFE,6384,7582,2989,41580,11153,969,19427,2840,7193,165,131,38,256,58,22,180,40,106,1,407,522,354,251,265,196,149,31,8992,56668,34457,0,0,0,8,12,2,3,0,6,896.0,1,21,0,1,35,2,11,3,2,11,9975.0,3,6,8,5,40,0,11,3,2,11,43121.0,3,21,16,7,14,0,10,3,2,11,78697.0,3
111562345,1,Otter Vibe,109509.0,105544.0,1,0,SMOOTHIE_SHOP|FARMERS_MARKET|SMOOTHIE_SHOP|FARMERS_MARKET|PET_CAFE|PIZZA_SHOP|PET_CAFE|PET_CAFE,3967,2348,476,14510,7506,1168,7759,436,8947,99,40,6,84,36,27,78,8,158,118,695,576,360,249,311,198,292,29,3211,27742,16164,0,0,0,9,12,2,3,1,3,91.0,2,16,0,6,32,5,11,3,2,8,14693.0,3,5,0,16,36,2,11,3,2,11,49041.0,3,21,11,13,14,0,11,3,2,12,82206.0,3
111563468,0,Excluding,64388.0,69788.0,0,0,BAKERY|YARN_STORE|BAKERY|PET_CAFE|BRUNCH_SPOT|PET_CAFE|PET_CAFE|BRUNCH_SPOT,12398,9409,0,38,9036,5021,1735,6166,8182,395,305,0,36,42,88,41,113,154,3,394,-1,458,247,360,197,152,29,7354,26107,18524,0,0,0,6,12,4,3,0,6,279.0,1,32,0,0,14,3,4,10,6,11,11831.0,3,32,8,0,14,0,4,10,6,11,37328.0,3,23,22,0,0,0,4,10,6,11,49702.0,3
111563468,1,ymg_aq,69788.0,64388.0,1,0,BAKERY|YARN_STORE|BAKERY|PET_CAFE|BRUNCH_SPOT|PET_CAFE|PET_CAFE|BRUNCH_SPOT,9373,7318,2231,3265,8703,3234,3126,18422,8875,308,217,40,60,44,57,56,182,166,1,383,383,330,251,274,194,149,31,9497,39034,16016,0,0,0,8,12,2,3,0,6,988.0,1,27,2,2,16,3,5,11,1,10,10935.0,3,17,12,7,16,0,6,11,4,11,41915.0,3,19,22,7,2,0,6,11,4,11,54833.0,3
111563933,0,DSM,113099.0,90998.0,1,0,ICE_CREAM_SHOP|PIZZA_SHOP|PET_CAFE|PET_CAFE|YARN_STORE|ICE_CREAM_SHOP|ICE_CREAM_SHOP|PIZZA_SHOP,15186,9115,5671,9543,9438,6074,26153,13694,4289,412,191,84,106,42,138,218,94,91,2,383,503,313,250,359,310,148,31,6844,45505,46814,0,0,0,10,10,2,3,0,6,867.0,1,32,0,1,20,0,13,3,6,11,12423.0,3,11,10,10,20,0,13,5,6,12,51424.0,3,24,11,11,1,0,13,5,6,11,76525.0,3
111563933,1,kwa,90998.0,113099.0,0,0,ICE_CREAM_SHOP|PIZZA_SHOP|PET_CAFE|PET_CAFE|YARN_STORE|ICE_CREAM_SHOP|ICE_CREAM_SHOP|PIZZA_SHOP,15188,9517,3700,5875,7887,0,15249,10403,8061,407,203,56,133,35,0,146,80,155,76,503,383,322,247,-1,246,149,43,7129,33853,34898,0,0,0,8,12,2,3,0,6,824.0,1,29,0,3,23,3,11,3,0,11,13761.0,3,27,0,3,23,0,11,5,0,11,40971.0,3,18,26,8,6,0,11,5,0,11,60599.0,3
111563936,0,Majkel1337,151851.0,142786.0,1,0,SMOOTHIE_SHOP|PIZZA_SHOP|PET_CAFE|SMOOTHIE_SHOP|ICE_CREAM_SHOP|ICE_CREAM_SHOP|PIZZA_SHOP|PET_CAFE,11565,4853,6434,33867,11490,41,68089,2339,6037,303,104,93,196,60,1,310,39,108,290,379,456,394,276,709,195,151,27,6391,62275,76049,2,0,0,3,13,4,3,0,6,456.0,1,26,0,2,25,6,12,3,1,12,8528.0,3,13,0,16,28,0,13,3,1,12,49304.0,3,34,4,13,7,0,13,2,1,12,95530.0,3
111563936,1,THIRD FARM CLUB,142786.0,151851.0,0,0,SMOOTHIE_SHOP|PIZZA_SHOP|PET_CAFE|SMOOTHIE_SHOP|ICE_CREAM_SHOP|ICE_CREAM_SHOP|PIZZA_SHOP|PET_CAFE,5802,3691,852,19607,0,1859,45792,2488,6262,158,81,12,110,0,43,224,20,134,73,379,504,384,-1,360,387,149,28,5428,31462,49463,3,0,0,9,12,2,3,0,6,28.0,2,15,5,5,29,4,9,3,5,11,9766.0,3,15,2,6,30,2,12,3,5,11,41119.0,3,29,8,3,13,0,14,0,5,11,81615.0,3
111564593,0,THIRD FARM CLUB,110020.0,105260.0,1,0,BRUNCH_SPOT|BRUNCH_SPOT|PET_CAFE|ICE_CREAM_SHOP|ICE_CREAM_SHOP|PET_CAFE|FARMERS_MARKET|YARN_STORE,6471,3356,61,35504,4272,1787,3631,4044,6951,170,72,1,196,18,40,86,32,125,73,360,576,384,250,388,339,149,28,6191,26806,33080,3,0,0,9,12,2,3,0,6,36.0,2,17,3,2,28,4,9,3,7,10,7760.0,3,10,1,5,36,2,9,3,9,9,38108.0,3,27,9,1,13,0,9,2,9,10,69043.0,3
111564593,1,ymg_aq,105260.0,110020.0,0,0,BRUNCH_SPOT|BRUNCH_SPOT|PET_CAFE|ICE_CREAM_SHOP|ICE_CREAM_SHOP|PET_CAFE|FARMERS_MARKET|YARN_STORE,9115,9532,1302,35922,9859,3534,3354,4840,6451,239,202,21,193,43,71,78,38,94,1,311,458,334,251,266,218,149,31,8570,40895,34444,0,0,0,8,12,2,3,0,6,989.0,1,28,2,1,29,2,6,3,4,11,13067.0,3,12,8,3,37,0,8,3,4,11,40977.0,3,23,23,3,11,0,8,3,4,11,74119.0,3
111565034,0,Majkel1337,93754.0,93968.0,0,0,BAKERY|FARMERS_MARKET|BAKERY|SMOOTHIE_SHOP|BRUNCH_SPOT|FARMERS_MARKET|BAKERY|PIZZA_SHOP,15528,5114,5220,31137,8994,8104,3731,2023,5410,413,124,67,192,48,177,87,41,90,266,551,599,395,275,257,195,151,27,5727,38751,40783,2,0,0,3,13,4,3,0,6,509.0,1,29,0,0,24,6,4,3,8,12,9784.0,3,22,0,10,28,0,4,3,8,12,34997.0,3,26,14,11,8,0,4,2,8,11,57531.0,3
111565034,1,DSM,93968.0,93754.0,1,0,BAKERY|FARMERS_MARKET|BAKERY|SMOOTHIE_SHOP|BRUNCH_SPOT|FARMERS_MARKET|BAKERY|PIZZA_SHOP,15453,4765,1327,35232,10302,11841,1943,4201,4605,412,123,17,214,42,266,99,55,76,2,599,577,336,250,266,310,148,27,7561,40086,42022,0,0,0,8,12,2,3,0,6,801.0,1,30,0,1,21,2,8,3,10,11,11632.0,3,18,0,7,29,0,8,3,10,11,37063.0,3,23,15,7,9,0,7,3,10,11,62416.0,3
111565038,0,Vadim Vasilenko,131886.0,148798.0,0,0,ICE_CREAM_SHOP|YARN_STORE|YARN_STORE|ICE_CREAM_SHOP|YARN_STORE|BRUNCH_SPOT|BAKERY|ICE_CREAM_SHOP,23706,0,120,25037,21834,0,11742,56517,5152,642,0,2,192,96,0,80,447,252,2,-1,599,378,250,-1,338,148,31,8303,70808,64997,0,0,0,8,12,2,3,0,6,782.0,1,26,0,1,23,2,6,17,0,11,8809.0,3,18,0,2,28,0,6,20,0,11,54056.0,3,36,0,1,11,0,6,20,0,11,101776.0,3
111565038,1,DSM,148798.0,131886.0,1,0,ICE_CREAM_SHOP|YARN_STORE|YARN_STORE|ICE_CREAM_SHOP|YARN_STORE|BRUNCH_SPOT|BAKERY|ICE_CREAM_SHOP,17784,362,1466,22739,9462,0,16405,57805,3865,448,10,27,176,42,0,108,372,115,2,695,553,331,250,-1,310,148,31,7674,66738,55476,0,0,0,8,12,2,3,0,6,629.0,1,28,0,0,21,2,7,16,0,11,8760.0,3,20,0,3,27,0,7,18,0,11,61925.0,3,30,0,5,10,0,7,18,0,11,110867.0,3
111565707,0,ymg_aq,78334.0,77628.0,1,0,BAKERY|FARMERS_MARKET|PET_CAFE|SMOOTHIE_SHOP|ICE_CREAM_SHOP|BAKERY|BAKERY|PET_CAFE,9429,4317,3943,10355,10279,5454,4581,3533,8006,268,112,58,78,49,111,102,35,129,1,318,362,329,251,290,197,149,31,8855,32744,18298,0,0,0,8,12,2,3,0,6,990.0,1,30,4,3,22,2,7,3,4,11,13419.0,3,8,11,9,28,0,8,4,4,11,36909.0,3,32,13,8,6,0,8,4,4,10,57000.0,3
111565707,1,Vadim Vasilenko,77628.0,78334.0,0,0,BAKERY|FARMERS_MARKET|PET_CAFE|SMOOTHIE_SHOP|ICE_CREAM_SHOP|BAKERY|BAKERY|PET_CAFE,13739,8843,1514,18956,22410,2964,5483,3341,6722,372,222,23,178,96,60,125,41,103,2,335,527,330,250,256,334,149,27,7672,50324,25976,0,0,0,8,12,2,3,0,6,720.0,1,25,10,2,22,2,6,3,4,11,13052.0,3,11,16,7,26,0,6,3,4,11,39016.0,3,32,16,8,5,0,6,3,4,11,53991.0,3
111566809,0,KawattaTaido,86624.0,87715.0,0,0,PIZZA_SHOP|BRUNCH_SPOT|FARMERS_MARKET|BAKERY|BAKERY|ICE_CREAM_SHOP|BAKERY|PET_CAFE,18305,2486,1871,12762,15888,2614,4104,1138,5424,451,54,25,130,66,48,79,10,90,2,691,623,400,250,455,243,221,31,3884,37171,23537,3,0,0,4,12,4,2,0,5,338.0,1,29,0,0,32,1,7,2,4,11,20169.0,3,20,0,8,32,1,7,2,5,11,40559.0,3,35,0,13,11,0,7,2,5,11,60302.0,3
111566809,1,Majkel1337,87715.0,86624.0,1,0,PIZZA_SHOP|BRUNCH_SPOT|FARMERS_MARKET|BAKERY|BAKERY|ICE_CREAM_SHOP|BAKERY|PET_CAFE,16404,3190,11204,20536,4634,5740,9491,2322,5228,400,69,143,171,31,106,151,33,77,266,672,456,394,286,287,195,151,27,6249,36475,36025,2,0,0,3,13,4,3,0,6,529.0,1,21,0,3,29,6,7,3,5,12,7682.0,3,12,0,19,29,0,7,3,5,11,35293.0,3,39,0,15,6,0,7,2,5,11,58697.0,3
111566826,0,mtmr_s1,118875.0,121981.0,0,0,SMOOTHIE_SHOP|SMOOTHIE_SHOP|FARMERS_MARKET|BAKERY|FARMERS_MARKET|SMOOTHIE_SHOP|BAKERY|PET_CAFE,6040,1508,1612,8492,12834,561,6107,2285,6016,174,36,24,44,54,11,42,21,101,1,716,598,407,250,382,319,150,31,5382,28367,11706,3,0,0,4,12,4,2,0,4,779.0,1,21,0,0,33,0,9,5,3,10,18319.0,3,7,0,21,33,0,9,2,3,11,40315.0,3,14,9,21,17,0,9,2,3,9,78346.0,3
111566826,1,ymg_aq,121981.0,118875.0,1,0,SMOOTHIE_SHOP|SMOOTHIE_SHOP|FARMERS_MARKET|BAKERY|FARMERS_MARKET|SMOOTHIE_SHOP|BAKERY|PET_CAFE,8567,4867,1295,53310,9443,922,24658,3213,7763,254,108,17,261,53,18,223,27,119,1,407,458,358,251,396,196,149,31,9795,58225,46018,0,0,0,8,12,2,3,0,6,1001.0,1,20,0,1,36,2,11,3,2,11,11707.0,3,11,4,5,38,0,11,3,2,11,48240.0,3,27,12,5,13,0,11,3,2,12,90506.0,3
111567956,0,ymg_aq,111012.0,103049.0,1,0,SMOOTHIE_SHOP|FARMERS_MARKET|FARMERS_MARKET|BAKERY|FARMERS_MARKET|BRUNCH_SPOT|PET_CAFE|PIZZA_SHOP,9282,7325,8216,37732,8189,1612,11474,3586,8323,238,150,62,194,44,31,147,40,123,1,383,551,329,252,453,195,149,31,9831,50595,35313,0,0,0,8,12,2,3,0,6,901.0,1,21,1,1,36,2,9,3,2,12,12491.0,3,6,7,8,38,0,10,3,3,11,41983.0,3,16,18,10,13,0,10,3,3,11,77253.0,3
111567956,1,Orbital Terraformer,103049.0,111012.0,0,0,SMOOTHIE_SHOP|FARMERS_MARKET|FARMERS_MARKET|BAKERY|FARMERS_MARKET|BRUNCH_SPOT|PET_CAFE|PIZZA_SHOP,14437,6268,11257,41639,20048,983,7679,3341,5370,363,126,79,237,89,19,132,39,70,2,527,621,358,249,359,256,149,27,7612,50630,52780,0,0,0,8,12,2,3,0,6,678.0,1,23,0,0,34,2,8,3,2,11,13073.0,3,17,3,4,36,0,8,3,2,11,42253.0,3,17,23,7,14,0,6,3,2,11,70784.0,3
111568309,0,Kaggledew Valley 🏆,92558.0,97669.0,0,0,BRUNCH_SPOT|BRUNCH_SPOT|PET_CAFE|PIZZA_SHOP|BRUNCH_SPOT|BAKERY|SMOOTHIE_SHOP|PET_CAFE,4969,4127,4915,20588,7392,10308,2855,1628,7464,128,78,77,154,43,212,54,12,137,111,670,346,385,253,318,197,151,29,6535,22457,35254,3,0,1,4,8,5,3,0,7,904.0,1,15,0,5,27,9,5,3,8,11,7587.0,3,8,0,11,33,7,5,3,8,9,25566.0,3,20,0,1,17,0,5,3,8,11,63543.0,3
111568309,1,Unknown Mother-Goose,97669.0,92558.0,1,0,BRUNCH_SPOT|BRUNCH_SPOT|PET_CAFE|PIZZA_SHOP|BRUNCH_SPOT|BAKERY|SMOOTHIE_SHOP|PET_CAFE,22643,8715,2636,26371,11460,24412,2542,4193,8184,555,169,48,169,48,524,80,33,152,2,640,522,334,250,311,338,148,31,7822,44675,58659,0,0,0,10,10,2,3,0,5,827.0,1,27,0,0,28,1,5,3,8,11,13259.0,3,19,0,5,33,1,5,3,8,11,37637.0,3,40,1,5,9,0,5,3,8,11,70436.0,3
111569073,0,ymg_aq,93294.0,93941.0,0,0,PET_CAFE|BAKERY|FARMERS_MARKET|ICE_CREAM_SHOP|FARMERS_MARKET|BRUNCH_SPOT|PET_CAFE|SMOOTHIE_SHOP,7701,15401,4824,19362,10938,4520,3762,3567,5499,208,288,69,120,49,98,97,41,80,1,335,360,357,252,266,196,149,31,8755,33739,33080,0,0,0,8,12,2,3,0,6,979.0,1,29,7,3,20,2,6,3,4,11,16181.0,3,11,13,8,24,0,7,3,4,11,39696.0,3,20,23,10,8,0,7,3,4,11,61368.0,3
111569073,1,THIRD FARM CLUB,93941.0,93294.0,1,0,PET_CAFE|BAKERY|FARMERS_MARKET|ICE_CREAM_SHOP|FARMERS_MARKET|BRUNCH_SPOT|PET_CAFE|SMOOTHIE_SHOP,6060,5192,0,25726,6826,1669,789,2883,5914,160,99,0,158,34,40,39,29,103,73,360,-1,336,251,410,339,149,28,6025,21490,27544,3,0,0,9,12,2,3,0,6,22.0,2,14,4,6,27,4,8,3,9,10,6690.0,3,10,1,9,29,4,9,3,10,9,29689.0,3,20,14,3,14,1,7,3,10,11,51716.0,3
111570198,0,ymg_aq,100940.0,98279.0,1,0,PET_CAFE|BAKERY|YARN_STORE|YARN_STORE|BRUNCH_SPOT|FARMERS_MARKET|ICE_CREAM_SHOP|PIZZA_SHOP,8734,8622,2125,2134,9601,4731,3173,36230,9120,271,199,35,27,49,101,70,180,196,1,335,362,314,251,266,196,149,31,8486,43844,32140,0,0,0,8,12,2,3,0,6,801.0,1,29,6,3,16,2,5,10,4,11,10957.0,3,13,16,5,15,0,6,12,4,11,39372.0,3,24,16,3,0,0,4,12,4,11,70048.0,3
111570198,1,Orbital Terraformer,98279.0,100940.0,0,0,PET_CAFE|BAKERY|YARN_STORE|YARN_STORE|BRUNCH_SPOT|FARMERS_MARKET|ICE_CREAM_SHOP|PIZZA_SHOP,15911,4612,3653,3941,17196,3064,1478,39148,5656,468,123,63,51,79,67,51,200,113,2,407,575,327,249,309,338,149,27,7620,43180,43859,0,0,0,8,12,2,3,0,6,778.0,1,34,0,0,17,2,5,10,4,11,11943.0,3,27,5,13,8,0,5,10,4,11,38644.0,3,27,13,13,0,0,4,10,4,11,64873.0,3
111570578,0,DSM,109125.0,99516.0,1,0,ICE_CREAM_SHOP|BAKERY|BAKERY|YARN_STORE|ICE_CREAM_SHOP|FARMERS_MARKET|ICE_CREAM_SHOP|YARN_STORE,19558,1208,1130,18899,9474,12612,11223,23350,4502,523,31,20,134,42,262,123,147,132,2,685,551,313,250,265,338,148,31,6757,50631,44568,0,0,0,10,10,2,3,0,6,858.0,1,31,0,0,22,0,9,3,10,11,12339.0,3,20,0,6,22,0,8,9,10,11,45352.0,3,41,0,8,1,0,8,6,10,11,74607.0,3
111570578,1,Vadim Vasilenko,99516.0,109125.0,0,0,ICE_CREAM_SHOP|BAKERY|BAKERY|YARN_STORE|ICE_CREAM_SHOP|FARMERS_MARKET|ICE_CREAM_SHOP|YARN_STORE,25438,1387,3341,22373,21918,1564,10598,20533,4988,707,36,70,163,96,32,133,145,157,2,599,553,327,250,311,310,148,31,7304,53660,51176,0,0,0,8,12,2,3,0,6,784.0,1,34,0,2,23,2,9,3,2,11,12133.0,3,24,0,8,23,0,9,7,2,11,40448.0,3,39,4,10,3,0,9,7,2,11,63281.0,3
111571324,0,ymg_aq,101618.0,106872.0,0,0,SMOOTHIE_SHOP|PIZZA_SHOP|SMOOTHIE_SHOP|BAKERY|BRUNCH_SPOT|SMOOTHIE_SHOP|PET_CAFE|ICE_CREAM_SHOP,9366,3545,3217,22999,8114,966,32167,2939,8499,298,97,44,139,43,17,243,22,154,1,407,383,323,253,455,196,149,31,9464,59400,22948,0,0,0,8,12,2,3,0,6,901.0,1,25,0,1,29,2,13,3,1,11,12886.0,3,15,4,6,32,0,13,3,2,12,52585.0,3,24,14,6,9,0,13,3,2,11,79913.0,3
111571324,1,Vadim Vasilenko,106872.0,101618.0,1,0,SMOOTHIE_SHOP|PIZZA_SHOP|SMOOTHIE_SHOP|BAKERY|BRUNCH_SPOT|SMOOTHIE_SHOP|PET_CAFE|ICE_CREAM_SHOP,13764,312,0,29596,22680,0,34100,3259,5563,475,10,0,212,96,0,287,45,92,2,695,-1,330,250,-1,334,149,27,7372,65212,36690,0,0,0,8,12,2,3,0,6,778.0,1,24,0,0,30,2,15,3,0,11,11068.0,3,22,0,1,33,0,15,3,0,11,52947.0,3,42,0,0,14,0,15,3,0,11,82055.0,3
111571687,0,ymg_aq,87284.0,94820.0,0,0,BAKERY|BRUNCH_SPOT|FARMERS_MARKET|BAKERY|FARMERS_MARKET|FARMERS_MARKET|YARN_STORE|BAKERY,10600,5753,6283,16703,10097,4695,2601,6272,6182,280,136,78,110,49,102,36,57,91,1,370,383,319,253,320,196,149,31,8869,33480,26837,0,0,0,8,12,2,3,0,6,995.0,1,29,1,1,28,2,6,3,4,11,13437.0,3,13,9,6,30,0,6,4,5,11,36656.0,3,27,14,12,8,0,5,4,5,11,58884.0,3
111571687,1,DSM,94820.0,87284.0,1,0,BAKERY|BRUNCH_SPOT|FARMERS_MARKET|BAKERY|FARMERS_MARKET|FARMERS_MARKET|YARN_STORE|BAKERY,14923,4052,2914,26534,10878,16945,659,7036,5249,387,107,36,205,48,353,47,64,77,2,599,577,334,250,266,290,148,27,7329,40052,41809,0,0,0,8,12,2,3,0,6,813.0,1,24,0,0,28,2,6,3,12,11,10075.0,3,18,0,7,30,0,5,3,12,11,37236.0,3,24,12,10,9,0,5,3,11,11,59828.0,3
111572455,0,ymg_aq,96818.0,94472.0,1,0,PET_CAFE|BAKERY|PIZZA_SHOP|SMOOTHIE_SHOP|ICE_CREAM_SHOP|SMOOTHIE_SHOP|PET_CAFE|BAKERY,7927,7492,2832,9295,10690,4847,29866,3818,7132,261,188,47,79,49,108,212,40,131,1,385,362,330,252,278,196,149,31,8832,38956,36111,0,0,0,8,12,2,3,0,6,1000.0,1,31,6,5,16,2,8,3,4,12,15850.0,3,13,11,8,20,0,10,3,4,10,41236.0,3,21,19,6,4,0,11,3,4,11,66300.0,3
111572455,1,QQ,94472.0,96818.0,0,0,PET_CAFE|BAKERY|PIZZA_SHOP|SMOOTHIE_SHOP|ICE_CREAM_SHOP|SMOOTHIE_SHOP|PET_CAFE|BAKERY,7621,3632,494,11882,6927,2804,14446,2727,9865,252,88,9,113,37,61,102,29,193,2,310,456,384,257,261,310,148,27,5743,27479,27176,1,1,0,6,12,2,3,0,7,1106.0,1,23,19,2,11,5,7,3,5,12,14268.0,3,14,2,18,22,3,8,3,5,12,36561.0,3,21,9,16,11,0,10,3,5,12,59868.0,3
111573585,0,Yannik Schiffner,146168.0,146584.0,0,0,SMOOTHIE_SHOP|SMOOTHIE_SHOP|FARMERS_MARKET|ICE_CREAM_SHOP|BRUNCH_SPOT|ICE_CREAM_SHOP|BAKERY|YARN_STORE,109035,0,0,40522,49479,11495,47205,3421,76228,3193,0,0,206,229,246,287,38,1082,4,-1,-1,393,246,154,196,148,3,111319,168294,57772,0,0,0,4,12,4,3,2,5,85.0,1,23,2,0,28,5,9,4,3,10,14876.0,3,1,0,0,53,1,13,4,3,10,47952.0,3,22,0,0,32,1,13,4,3,12,92398.0,3
111573585,1,ymg_aq,146584.0,146168.0,1,0,SMOOTHIE_SHOP|SMOOTHIE_SHOP|FARMERS_MARKET|ICE_CREAM_SHOP|BRUNCH_SPOT|ICE_CREAM_SHOP|BAKERY|YARN_STORE,8660,1526,955,54997,8189,1261,40435,4043,7693,220,37,13,258,38,29,246,39,126,1,383,482,358,252,396,194,149,31,9012,63812,54935,0,0,0,8,12,2,3,0,6,961.0,1,20,0,1,36,2,11,3,2,11,13352.0,3,11,3,1,43,0,12,3,2,10,50339.0,3,32,3,2,19,0,12,3,2,10,107884.0,3
111573724,0,Majkel1337,96028.0,90567.0,1,0,BRUNCH_SPOT|PIZZA_SHOP|PET_CAFE|PET_CAFE|SMOOTHIE_SHOP|PET_CAFE|SMOOTHIE_SHOP|PET_CAFE,10956,12173,4817,21909,8832,4661,13543,2188,5864,286,214,84,143,42,105,168,47,103,290,408,599,398,276,288,195,151,27,6168,38501,40274,2,0,0,3,13,4,3,0,6,445.0,1,28,0,0,24,6,7,3,6,12,8853.0,3,13,8,13,24,0,7,3,6,12,40132.0,3,13,26,16,4,0,7,3,6,12,58519.0,3
111573724,1,THIRD FARM CLUB,90567.0,96028.0,0,0,BRUNCH_SPOT|PIZZA_SHOP|PET_CAFE|PET_CAFE|SMOOTHIE_SHOP|PET_CAFE|SMOOTHIE_SHOP|PET_CAFE,5388,11007,2470,18244,178,1578,5708,2447,7154,144,196,36,115,2,36,111,17,140,73,384,528,360,576,310,338,149,28,6003,20547,27624,3,0,0,9,12,2,3,0,6,39.0,2,12,6,7,28,4,9,3,6,10,9596.0,3,16,3,11,24,3,9,3,6,10,30750.0,3,15,18,7,13,0,9,2,6,10,50783.0,3
111574712,0,Otter Vibe,115370.0,119010.0,0,0,FARMERS_MARKET|BRUNCH_SPOT|BRUNCH_SPOT|BRUNCH_SPOT|ICE_CREAM_SHOP|ICE_CREAM_SHOP|FARMERS_MARKET|BRUNCH_SPOT,8680,984,708,10432,6642,3126,1894,134,8147,205,22,10,48,30,64,23,14,130,118,696,407,382,249,307,198,293,29,2727,19485,18535,0,0,0,10,12,2,3,1,3,24.0,2,17,0,8,31,4,4,3,8,8,8917.0,3,8,0,9,39,4,4,3,8,10,37146.0,3,43,0,2,14,1,4,3,8,12,76416.0,3
111574712,1,ymg_aq,119010.0,115370.0,1,0,FARMERS_MARKET|BRUNCH_SPOT|BRUNCH_SPOT|BRUNCH_SPOT|ICE_CREAM_SHOP|ICE_CREAM_SHOP|FARMERS_MARKET|BRUNCH_SPOT,9965,2270,1618,63745,9491,4519,6153,3405,7447,239,51,22,300,46,94,111,42,108,1,407,506,358,251,265,196,149,31,8948,46309,53356,0,0,0,8,12,2,3,0,6,987.0,1,22,0,1,36,2,7,3,4,11,12873.0,3,12,5,2,41,0,7,3,5,11,39801.0,3,36,3,5,16,0,7,3,5,11,79860.0,3
111574975,0,Unknown Mother-Goose,108610.0,106974.0,1,0,SMOOTHIE_SHOP|BRUNCH_SPOT|PIZZA_SHOP|FARMERS_MARKET|PIZZA_SHOP|BRUNCH_SPOT|YARN_STORE|ICE_CREAM_SHOP,17728,7175,6953,32700,9462,5701,18353,7314,9581,438,160,79,277,42,103,197,68,206,2,708,571,332,250,335,290,148,31,7173,49467,58327,0,0,0,10,10,2,3,0,5,692.0,1,28,0,0,29,1,12,3,2,11,11625.0,3,12,0,7,39,0,12,3,2,11,47525.0,3,27,0,11,18,0,12,3,2,11,76737.0,3
111574975,1,Vadim Vasilenko,106974.0,108610.0,0,0,SMOOTHIE_SHOP|BRUNCH_SPOT|PIZZA_SHOP|FARMERS_MARKET|PIZZA_SHOP|BRUNCH_SPOT|YARN_STORE|ICE_CREAM_SHOP,16288,0,4099,30193,21870,1298,16623,8258,5754,400,0,47,240,96,24,170,70,92,2,-1,553,327,250,332,310,148,31,7484,58532,38367,0,0,0,8,12,2,3,0,6,775.0,1,24,0,0,33,2,10,3,2,11,10825.0,3,15,0,7,37,0,10,3,2,11,46517.0,3,35,0,11,12,0,10,3,2,11,75552.0,3
111577075,0,Vadim Vasilenko,92630.0,92149.0,1,0,ICE_CREAM_SHOP|PET_CAFE|FARMERS_MARKET|PET_CAFE|BRUNCH_SPOT|BRUNCH_SPOT|BAKERY|PIZZA_SHOP,17938,16117,1966,36601,21834,1798,7019,3459,6220,437,411,26,225,96,36,155,95,116,2,383,407,327,250,335,310,148,31,7240,56191,49521,0,0,0,8,12,2,3,0,6,778.0,1,25,4,1,29,2,9,3,2,11,11845.0,3,11,17,2,31,0,9,3,2,11,43112.0,3,20,29,2,10,0,9,3,2,11,64513.0,3
111577075,1,Orbital Terraformer,92149.0,92630.0,0,0,ICE_CREAM_SHOP|PET_CAFE|FARMERS_MARKET|PET_CAFE|BRUNCH_SPOT|BRUNCH_SPOT|BAKERY|PIZZA_SHOP,14903,12571,3491,29031,12486,1851,10817,3306,4794,365,292,46,183,60,36,166,33,63,2,383,599,330,250,305,256,149,31,7286,44461,41503,0,0,0,8,12,2,3,0,6,810.0,1,30,0,0,27,2,9,3,2,11,12966.0,3,11,19,2,28,0,9,3,2,11,42567.0,3,19,34,3,6,0,7,3,2,11,67052.0,3
111577253,0,SpaTaro,130619.0,132457.0,0,0,ICE_CREAM_SHOP|YARN_STORE|FARMERS_MARKET|PIZZA_SHOP|ICE_CREAM_SHOP|SMOOTHIE_SHOP|PIZZA_SHOP|FARMERS_MARKET,33108,0,0,25099,29474,0,38862,17510,6351,843,0,0,161,125,0,216,198,148,3,-1,-1,329,248,-1,243,150,73,7736,78446,64222,0,0,0,7,11,5,2,0,7,18.0,1,28,0,0,27,0,7,12,0,10,12857.0,3,26,0,0,27,0,9,12,0,10,51621.0,3,40,0,0,13,0,9,9,0,11,89577.0,3
111577253,1,Vadim Vasilenko,132457.0,130619.0,1,0,ICE_CREAM_SHOP|YARN_STORE|FARMERS_MARKET|PIZZA_SHOP|ICE_CREAM_SHOP|SMOOTHIE_SHOP|PIZZA_SHOP|FARMERS_MARKET,19030,6225,13832,36853,22248,0,26614,17398,5320,493,130,118,220,102,0,150,204,107,2,671,407,327,250,-1,334,148,27,8738,63279,75503,0,0,0,8,12,2,3,0,6,795.0,1,21,0,1,32,2,9,9,0,11,9601.0,3,16,0,5,35,0,9,9,0,11,52130.0,3,32,0,9,15,0,9,9,0,11,89364.0,3
111577256,0,DSM,107049.0,89318.0,1,0,YARN_STORE|SMOOTHIE_SHOP|PET_CAFE|BRUNCH_SPOT|ICE_CREAM_SHOP|PIZZA_SHOP|PET_CAFE|FARMERS_MARKET,12540,10700,1789,20738,9888,7179,10510,24119,4579,333,239,28,214,42,156,122,182,98,2,407,527,330,250,335,341,148,31,8253,57876,35913,0,0,0,10,10,2,3,0,6,796.0,1,28,0,0,23,0,8,10,6,11,12282.0,3,10,10,2,29,0,8,10,6,12,57876.0,3,23,12,6,10,0,8,8,6,11,79642.0,3
111577256,1,QQ,89318.0,107049.0,0,0,YARN_STORE|SMOOTHIE_SHOP|PET_CAFE|BRUNCH_SPOT|ICE_CREAM_SHOP|PIZZA_SHOP|PET_CAFE|FARMERS_MARKET,9514,2592,642,6884,5316,0,5544,13486,10544,262,61,10,94,30,0,63,158,243,2,336,523,360,262,-1,341,149,31,6997,29377,18148,0,0,0,8,12,2,3,0,6,842.0,1,18,8,0,21,6,7,13,1,12,12860.0,3,13,0,6,31,4,7,13,1,12,47944.0,3,25,9,7,12,0,7,13,1,12,67665.0,3
111578349,0,Vadim Vasilenko,102774.0,114921.0,0,0,BRUNCH_SPOT|PIZZA_SHOP|SMOOTHIE_SHOP|FARMERS_MARKET|PET_CAFE|FARMERS_MARKET|FARMERS_MARKET|PIZZA_SHOP,18145,12632,9352,44500,20238,1800,8927,3580,5833,435,268,75,261,90,38,198,40,116,2,479,455,358,250,335,310,148,31,7365,53403,64239,0,0,0,8,12,2,3,0,6,720.0,1,25,0,2,29,2,12,3,2,11,10920.0,3,16,3,4,35,0,12,3,2,11,42271.0,3,22,16,5,14,0,12,3,2,11,67933.0,3
111578349,1,DSM,114921.0,102774.0,1,0,BRUNCH_SPOT|PIZZA_SHOP|SMOOTHIE_SHOP|FARMERS_MARKET|PET_CAFE|FARMERS_MARKET|FARMERS_MARKET|PIZZA_SHOP,11593,6373,11129,40440,8178,6357,10574,3586,3889,281,131,99,236,36,131,156,46,57,2,551,551,336,250,311,310,148,31,6759,42256,53104,0,0,0,8,12,2,3,0,6,629.0,1,25,0,0,28,2,12,3,5,11,9907.0,3,10,0,10,35,0,12,3,5,11,45387.0,3,19,11,14,16,0,7,3,5,11,73182.0,3
111578434,0,ymg_aq,93119.0,107377.0,0,0,PIZZA_SHOP|ICE_CREAM_SHOP|BAKERY|PIZZA_SHOP|FARMERS_MARKET|BRUNCH_SPOT|PET_CAFE|YARN_STORE,11160,4156,7916,8140,10084,684,26996,5246,7830,303,104,106,58,50,14,255,48,130,1,407,383,334,252,456,194,149,31,9587,48281,24344,0,0,0,8,12,2,3,0,6,989.0,1,30,0,4,22,2,12,3,1,11,14364.0,3,11,6,17,21,0,13,3,1,11,47139.0,3,28,13,14,0,0,13,3,2,11,67898.0,3
111578434,1,DSM,107377.0,93119.0,1,0,PIZZA_SHOP|ICE_CREAM_SHOP|BAKERY|PIZZA_SHOP|FARMERS_MARKET|BRUNCH_SPOT|PET_CAFE|YARN_STORE,21529,2142,12481,14646,9702,7736,22553,5853,4699,566,57,164,137,42,156,189,42,79,2,636,503,313,250,359,310,148,31,7099,47863,46379,0,0,0,9,10,2,3,0,6,805.0,1,32,0,1,20,0,12,3,7,11,12467.0,3,13,0,19,21,0,12,3,7,11,50709.0,3,28,6,20,2,0,10,2,7,11,71917.0,3
111579475,0,Majkel1337,121100.0,121359.0,0,0,ICE_CREAM_SHOP|PET_CAFE|FARMERS_MARKET|BRUNCH_SPOT|FARMERS_MARKET|FARMERS_MARKET|SMOOTHIE_SHOP|SMOOTHIE_SHOP,10565,11277,4943,53742,9342,2449,10801,2522,5593,239,179,68,261,42,57,145,58,85,288,408,455,390,275,280,195,151,27,6553,42654,62027,2,0,0,3,13,4,3,0,6,407.0,1,21,0,1,30,6,7,3,5,12,9228.0,3,8,4,12,36,0,7,3,5,11,38300.0,3,11,21,12,15,0,7,2,5,11,74296.0,3
111579475,1,Kaggledew Valley 🏆,121359.0,121100.0,1,0,ICE_CREAM_SHOP|PET_CAFE|FARMERS_MARKET|BRUNCH_SPOT|FARMERS_MARKET|FARMERS_MARKET|SMOOTHIE_SHOP|SMOOTHIE_SHOP,4584,3427,5558,35345,2161,3940,5961,1238,8151,104,54,74,175,18,92,78,8,143,111,575,410,390,313,290,199,150,29,7024,19961,43380,2,0,1,5,9,6,2,0,5,806.0,1,17,0,7,27,7,7,3,6,8,11410.0,3,2,0,14,39,4,7,3,6,8,31510.0,3,14,7,10,24,0,7,3,6,11,72269.0,3
111580650,0,Otter Vibe,89720.0,98924.0,0,0,BRUNCH_SPOT|PIZZA_SHOP|BRUNCH_SPOT|PET_CAFE|YARN_STORE|SMOOTHIE_SHOP|SMOOTHIE_SHOP|SMOOTHIE_SHOP,9867,1134,632,4418,7614,3647,4607,508,9171,287,34,10,32,36,75,52,12,183,118,695,576,383,249,286,198,293,29,3024,21504,17070,0,0,0,9,12,2,3,1,3,100.0,2,29,0,3,21,4,8,3,6,9,13848.0,3,15,0,16,21,3,8,6,6,11,38693.0,3,35,1,13,5,1,8,6,6,12,62684.0,3
111580650,1,ymg_aq,98924.0,89720.0,1,0,BRUNCH_SPOT|PIZZA_SHOP|BRUNCH_SPOT|PET_CAFE|YARN_STORE|SMOOTHIE_SHOP|SMOOTHIE_SHOP|SMOOTHIE_SHOP,8537,5823,2188,26215,5567,5077,15703,12441,8485,247,143,35,198,28,103,163,102,149,1,407,383,333,252,286,194,149,31,9372,39342,41322,0,0,0,8,12,2,3,0,6,987.0,1,27,0,2,30,2,8,3,3,10,14016.0,3,11,9,6,30,0,8,7,4,11,39257.0,3,25,15,7,8,0,8,7,4,12,67215.0,3
111581682,0,SpaTaro,107723.0,103382.0,1,0,YARN_STORE|YARN_STORE|BRUNCH_SPOT|SMOOTHIE_SHOP|PET_CAFE|ICE_CREAM_SHOP|PIZZA_SHOP|BAKERY,23359,1282,0,16147,18942,0,9964,43395,4543,718,33,0,170,80,0,90,355,170,8,628,-1,379,246,-1,196,150,87,8600,66873,42159,3,0,0,5,9,2,5,0,6,109.0,1,30,0,0,18,0,2,19,0,10,11429.0,3,23,0,0,26,0,6,19,0,11,56222.0,3,21,7,0,21,0,6,14,0,11,85511.0,3
111581682,1,Vadim Vasilenko,103382.0,107723.0,0,0,YARN_STORE|YARN_STORE|BRUNCH_SPOT|SMOOTHIE_SHOP|PET_CAFE|ICE_CREAM_SHOP|PIZZA_SHOP|BAKERY,13583,5940,4355,20047,20472,0,8468,35277,5039,472,151,65,200,90,0,79,386,173,2,479,481,382,250,-1,334,149,31,8780,64569,39832,0,0,0,8,12,2,3,0,6,732.0,1,26,0,1,20,2,5,17,0,11,9642.0,3,15,8,1,27,0,5,17,0,11,59277.0,3,34,2,3,12,0,5,17,0,11,83473.0,3
111581730,0,Unknown Mother-Goose,151897.0,141146.0,1,0,YARN_STORE|SMOOTHIE_SHOP|SMOOTHIE_SHOP|ICE_CREAM_SHOP|PIZZA_SHOP|SMOOTHIE_SHOP|BRUNCH_SPOT|PET_CAFE,15391,0,420,39806,11472,0,51676,21690,8744,422,0,6,241,54,0,247,170,266,2,-1,594,334,250,-1,338,148,27,9109,65010,75080,0,0,0,9,11,2,3,0,5,732.0,1,21,0,0,24,2,11,10,0,11,11174.0,3,16,0,1,37,0,11,10,0,11,54994.0,3,29,0,1,24,0,11,10,0,12,103941.0,3
111581730,1,Artem The Farmer 🍅,141146.0,151897.0,0,0,YARN_STORE|SMOOTHIE_SHOP|SMOOTHIE_SHOP|ICE_CREAM_SHOP|PIZZA_SHOP|SMOOTHIE_SHOP|BRUNCH_SPOT|PET_CAFE,13657,1809,630,19762,10986,0,31118,8940,3064,374,49,9,129,48,0,150,106,135,2,672,661,400,250,-1,195,291,31,3492,31524,54950,3,0,0,4,12,4,2,0,5,354.0,1,25,0,0,27,1,10,11,0,11,15364.0,3,15,0,3,33,1,10,11,0,11,48233.0,3,27,0,5,18,0,10,11,0,11,99611.0,3
111583977,0,QQ,111184.0,124869.0,0,0,FARMERS_MARKET|ICE_CREAM_SHOP|BAKERY|SMOOTHIE_SHOP|SMOOTHIE_SHOP|BAKERY|ICE_CREAM_SHOP|YARN_STORE,6585,580,452,25135,8997,2685,11347,3018,11365,159,13,6,192,43,61,92,32,194,2,404,525,356,258,328,196,149,31,7611,34215,28338,0,0,0,8,12,2,3,0,6,752.0,1,22,1,0,32,5,7,3,5,12,13755.0,3,0,0,13,43,4,7,3,5,12,38751.0,3,21,2,14,21,0,7,3,5,12,71422.0,3
111583977,1,DSM,124869.0,111184.0,1,0,FARMERS_MARKET|ICE_CREAM_SHOP|BAKERY|SMOOTHIE_SHOP|SMOOTHIE_SHOP|BAKERY|ICE_CREAM_SHOP|YARN_STORE,20853,1910,2044,39358,9888,10807,22230,6138,5333,483,41,32,243,42,254,193,53,92,2,647,553,334,250,315,310,148,31,7204,54400,56957,0,0,0,10,10,2,3,0,6,798.0,1,25,0,0,29,0,9,3,9,11,12339.0,3,13,0,6,35,0,9,3,9,11,46901.0,3,32,2,8,10,0,9,3,9,11,84143.0,3
111586228,0,THIRD FARM CLUB,116092.0,121424.0,0,0,PIZZA_SHOP|FARMERS_MARKET|BRUNCH_SPOT|PIZZA_SHOP|YARN_STORE|BRUNCH_SPOT|ICE_CREAM_SHOP|FARMERS_MARKET,11062,1308,2858,22094,62,802,5800,14555,6253,260,30,31,137,1,18,75,106,124,73,384,504,408,552,336,384,149,28,6354,22783,35657,3,0,0,9,12,2,3,0,6,39.0,2,15,3,9,28,4,9,3,3,12,8878.0,3,16,3,10,21,2,9,10,4,11,31339.0,3,32,3,8,5,0,9,10,4,10,66147.0,3
111586228,1,Majkel1337,121424.0,116092.0,1,0,PIZZA_SHOP|FARMERS_MARKET|BRUNCH_SPOT|PIZZA_SHOP|YARN_STORE|BRUNCH_SPOT|ICE_CREAM_SHOP|FARMERS_MARKET,13747,600,12017,25874,8916,3200,19356,10282,6066,307,13,132,164,42,72,174,62,106,290,714,384,395,276,286,195,151,27,6426,42521,51111,2,0,0,3,13,4,3,0,6,513.0,1,20,0,3,29,6,7,3,6,12,9576.0,3,9,0,20,29,0,8,3,6,12,40909.0,3,29,0,17,10,0,8,3,6,12,74082.0,3
111587327,0,ymg_aq,109040.0,104765.0,1,0,PIZZA_SHOP|YARN_STORE|BRUNCH_SPOT|FARMERS_MARKET|YARN_STORE|PET_CAFE|PET_CAFE|ICE_CREAM_SHOP,10140,7789,4172,13337,9761,792,12012,38489,8621,255,161,60,135,46,15,114,219,166,1,407,386,334,251,346,194,149,31,10907,55602,38604,0,0,0,8,12,2,3,0,6,1000.0,1,27,0,4,20,2,8,10,1,11,11601.0,3,11,4,9,25,0,9,12,2,10,49519.0,3,15,16,10,11,0,6,12,2,11,79102.0,3
111587327,1,QQ,104765.0,109040.0,0,0,PIZZA_SHOP|YARN_STORE|BRUNCH_SPOT|FARMERS_MARKET|YARN_STORE|PET_CAFE|PET_CAFE|ICE_CREAM_SHOP,5682,999,304,5520,7452,636,2582,26296,10962,144,21,4,90,42,12,36,173,239,2,694,595,312,263,381,344,149,27,6876,31630,21927,3,0,0,5,12,2,3,0,7,1219.0,1,29,0,0,21,6,7,9,2,12,14419.0,3,5,0,20,27,3,7,11,2,12,45345.0,3,13,0,23,19,0,7,11,2,12,72233.0,3
111588361,0,SpaTaro,83597.0,82325.0,1,0,PET_CAFE|YARN_STORE|FARMERS_MARKET|PET_CAFE|FARMERS_MARKET|ICE_CREAM_SHOP|YARN_STORE|PET_CAFE,22055,14010,0,13001,17635,0,939,15829,2725,669,317,0,116,76,0,44,219,64,9,93,-1,457,247,-1,256,150,38,5259,40689,40246,1,1,0,6,10,5,2,0,7,135.0,1,32,10,0,18,0,5,10,0,10,15251.0,3,8,32,0,20,0,5,10,0,10,41517.0,3,28,17,0,14,0,5,10,0,11,62154.0,3
111588361,1,Vadim Vasilenko,82325.0,83597.0,0,0,PET_CAFE|YARN_STORE|FARMERS_MARKET|PET_CAFE|FARMERS_MARKET|ICE_CREAM_SHOP|YARN_STORE|PET_CAFE,12385,20435,3629,19938,21216,404,505,18348,5403,420,477,43,155,96,8,63,287,140,2,336,575,335,250,359,254,148,27,8387,50146,43730,0,0,0,8,12,2,3,0,6,551.0,1,23,11,0,20,2,5,12,1,11,11067.0,3,11,20,3,22,0,5,12,1,11,41007.0,3,20,24,5,8,0,5,12,1,11,59679.0,3
111588394,0,Otter Vibe,94608.0,94587.0,1,0,FARMERS_MARKET|PET_CAFE|PET_CAFE|BRUNCH_SPOT|PET_CAFE|FARMERS_MARKET|ICE_CREAM_SHOP|BAKERY,6581,3699,860,6650,6738,3960,1035,27,7711,162,70,12,42,30,96,11,11,141,118,335,408,357,249,287,198,293,29,2899,18115,16247,0,0,0,10,12,2,3,1,3,28.0,2,14,16,8,17,5,4,3,7,9,15877.0,3,8,12,14,26,1,4,3,7,10,36603.0,3,26,15,10,10,0,4,3,7,11,60163.0,3
111588394,1,Unknown Mother-Goose,94587.0,94608.0,0,0,FARMERS_MARKET|PET_CAFE|PET_CAFE|BRUNCH_SPOT|PET_CAFE|FARMERS_MARKET|ICE_CREAM_SHOP|BAKERY,14101,36987,288,20215,9300,17168,1698,3585,9968,346,687,4,126,42,422,62,35,178,2,336,667,330,250,288,338,148,31,6937,40871,65502,0,0,0,10,10,2,3,0,5,817.0,1,16,22,0,16,2,5,3,8,11,12388.0,3,12,22,1,24,0,5,3,8,11,36898.0,3,39,6,2,8,0,5,3,8,11,61962.0,3
111590647,0,DSM,113759.0,96335.0,1,0,PET_CAFE|ICE_CREAM_SHOP|YARN_STORE|FARMERS_MARKET|YARN_STORE|FARMERS_MARKET|FARMERS_MARKET|SMOOTHIE_SHOP,15645,8623,5438,24739,9774,2652,5734,36313,4545,416,166,74,188,42,62,83,258,67,2,503,504,334,250,359,306,148,31,7556,48383,57524,0,0,0,9,10,2,3,0,6,904.0,1,29,0,1,22,0,9,10,3,11,11104.0,3,11,3,10,27,0,8,13,3,11,45141.0,3,25,13,11,6,0,4,13,3,11,73642.0,3
111590647,1,ymg_aq,96335.0,113759.0,0,0,PET_CAFE|ICE_CREAM_SHOP|YARN_STORE|FARMERS_MARKET|YARN_STORE|FARMERS_MARKET|FARMERS_MARKET|SMOOTHIE_SHOP,7345,10397,1782,10894,12210,1038,7943,22106,9894,200,199,25,80,62,23,118,146,190,1,336,383,323,251,265,196,149,31,8971,53520,21118,0,0,0,8,12,2,3,0,6,985.0,1,26,4,2,22,2,8,9,2,11,9223.0,3,7,11,4,27,0,8,12,2,11,43773.0,3,20,18,6,6,0,8,12,2,11,68509.0,3
111591740,0,Majkel1337,118248.0,121564.0,0,0,BRUNCH_SPOT|FARMERS_MARKET|FARMERS_MARKET|BAKERY|SMOOTHIE_SHOP|SMOOTHIE_SHOP|YARN_STORE|SMOOTHIE_SHOP,15302,2340,2308,53368,8994,6843,7270,4377,6152,353,45,28,294,48,160,96,45,97,288,683,599,390,275,257,195,151,27,5714,41384,59856,2,0,0,3,13,4,3,0,6,406.0,1,16,0,0,37,6,4,3,8,12,8429.0,3,15,0,6,39,0,4,3,8,12,31899.0,3,34,0,7,18,0,4,3,8,11,72602.0,3
111591740,1,DSM,121564.0,118248.0,1,0,BRUNCH_SPOT|FARMERS_MARKET|FARMERS_MARKET|BAKERY|SMOOTHIE_SHOP|SMOOTHIE_SHOP|YARN_STORE|SMOOTHIE_SHOP,14166,3374,2735,41359,11748,14149,4557,9618,4692,331,65,33,232,48,332,70,76,75,2,671,529,336,250,266,339,148,27,7188,39170,60040,0,0,0,8,12,2,3,0,6,730.0,1,18,0,0,36,2,5,3,11,11,11603.0,3,8,0,9,39,0,5,3,11,11,36304.0,3,31,0,9,16,0,5,3,11,11,75815.0,3
111593960,0,ymg_aq,142747.0,137425.0,1,0,ICE_CREAM_SHOP|YARN_STORE|BRUNCH_SPOT|SMOOTHIE_SHOP|BRUNCH_SPOT|PIZZA_SHOP|SMOOTHIE_SHOP|PIZZA_SHOP,11318,1152,738,36548,10883,216,19326,19109,8369,278,37,11,183,49,4,114,130,165,1,401,578,358,252,374,194,149,31,11559,58942,37158,0,0,0,8,12,2,3,0,6,1004.0,1,25,0,0,29,2,8,10,1,11,12908.0,3,13,4,2,36,0,9,10,1,11,54648.0,3,35,5,3,15,0,10,6,1,11,98772.0,3
111593960,1,Kaggledew Valley 🏆,137425.0,142747.0,0,0,ICE_CREAM_SHOP|YARN_STORE|BRUNCH_SPOT|SMOOTHIE_SHOP|BRUNCH_SPOT|PIZZA_SHOP|SMOOTHIE_SHOP|PIZZA_SHOP,9455,0,186,28238,4086,171,31618,12913,7103,235,0,3,180,23,3,195,97,141,110,-1,510,440,249,575,197,150,29,7295,34053,52422,2,0,0,5,10,6,2,0,5,737.0,1,14,0,4,29,8,7,10,1,12,7168.0,3,7,0,4,40,5,7,10,2,9,41003.0,3,16,0,1,31,0,7,10,2,11,85683.0,3
111594992,0,Vadim Vasilenko,95640.0,89421.0,1,0,YARN_STORE|BAKERY|ICE_CREAM_SHOP|BRUNCH_SPOT|PIZZA_SHOP|ICE_CREAM_SHOP|BAKERY|FARMERS_MARKET,19242,2448,731,24314,22344,0,12133,22187,4754,561,68,11,195,96,0,135,229,160,2,698,479,378,250,-1,314,149,27,8760,62342,37051,0,0,0,8,12,2,3,0,6,713.0,1,28,0,2,22,2,7,11,0,11,11413.0,3,26,0,4,26,0,7,11,0,11,50786.0,3,40,0,4,12,0,7,11,0,11,73118.0,3
111594992,1,THUNDER THUNDER,89421.0,95640.0,0,0,YARN_STORE|BAKERY|ICE_CREAM_SHOP|BRUNCH_SPOT|PIZZA_SHOP|ICE_CREAM_SHOP|BAKERY|FARMERS_MARKET,12775,814,134,2122,5892,618,2648,5423,5266,352,23,2,19,24,10,23,124,101,59,311,718,455,249,398,199,150,33,7049,18060,10583,0,0,0,6,8,4,5,0,6,359.0,1,25,6,0,21,0,5,11,2,11,15651.0,3,26,0,6,23,0,5,11,3,11,46487.0,3,32,0,8,11,0,8,11,3,11,65004.0,3
111595014,0,Vadim Vasilenko,104186.0,106567.0,0,0,SMOOTHIE_SHOP|YARN_STORE|BAKERY|BAKERY|YARN_STORE|BRUNCH_SPOT|BRUNCH_SPOT|PIZZA_SHOP,16429,2431,2855,11516,21870,0,5578,48711,4648,622,81,53,138,96,0,121,260,117,2,527,647,327,250,-1,310,148,31,8222,60556,45260,0,0,0,8,12,2,3,0,6,777.0,1,32,0,0,24,2,8,9,0,11,11280.0,3,30,0,2,24,0,8,11,0,11,50138.0,3,41,5,4,5,0,8,11,0,11,79226.0,3
111595014,1,Unknown Mother-Goose,106567.0,104186.0,1,0,SMOOTHIE_SHOP|YARN_STORE|BAKERY|BAKERY|YARN_STORE|BRUNCH_SPOT|BRUNCH_SPOT|PIZZA_SHOP,19989,1208,1583,8598,11586,11249,7580,43349,7854,755,44,28,107,54,184,82,233,216,2,710,498,334,250,359,337,148,31,8360,52876,51760,0,0,0,10,10,2,3,0,5,728.0,1,29,0,2,18,2,8,8,3,11,13216.0,3,25,0,5,23,0,8,11,3,12,47817.0,3,45,0,0,8,0,7,11,3,11,76394.0,3
111597204,0,Vadim Vasilenko,95299.0,105609.0,0,0,PIZZA_SHOP|BRUNCH_SPOT|SMOOTHIE_SHOP|BAKERY|PIZZA_SHOP|YARN_STORE|FARMERS_MARKET|ICE_CREAM_SHOP,20049,4690,2430,14648,21918,1552,19878,12034,5688,545,133,31,177,96,32,219,82,117,2,636,407,330,250,383,310,148,31,7298,52167,43422,0,0,0,8,12,2,3,0,6,629.0,1,24,0,2,31,2,11,3,2,11,10389.0,3,18,0,9,32,0,11,3,2,11,44418.0,3,37,6,6,9,0,11,3,2,11,66171.0,3
111597204,1,DSM,105609.0,95299.0,1,0,PIZZA_SHOP|BRUNCH_SPOT|SMOOTHIE_SHOP|BAKERY|PIZZA_SHOP|YARN_STORE|FARMERS_MARKET|ICE_CREAM_SHOP,21226,1238,8130,14505,9474,9736,19600,10175,4251,566,37,102,156,42,197,195,75,71,2,711,503,330,250,311,310,148,31,6795,48196,43344,0,0,0,9,10,2,3,0,6,796.0,1,23,0,1,30,0,11,3,7,11,11873.0,3,12,0,11,30,0,11,3,7,11,49128.0,3,34,0,14,7,0,10,3,7,11,71809.0,3
111598243,0,Vadim Vasilenko,113807.0,114355.0,0,0,YARN_STORE|ICE_CREAM_SHOP|FARMERS_MARKET|BAKERY|FARMERS_MARKET|ICE_CREAM_SHOP|PIZZA_SHOP|YARN_STORE,21749,5304,5698,28826,20376,0,9632,31678,6146,507,107,78,215,96,0,120,235,124,2,575,527,378,250,-1,310,148,31,8895,66326,54188,0,0,0,8,12,2,3,0,6,738.0,1,22,0,0,31,2,8,10,0,11,10113.0,3,18,0,6,32,0,8,10,0,11,52361.0,3,24,9,9,13,0,8,10,0,11,81418.0,3
111598243,1,mtmr_s1,114355.0,113807.0,1,0,YARN_STORE|ICE_CREAM_SHOP|FARMERS_MARKET|BAKERY|FARMERS_MARKET|ICE_CREAM_SHOP|PIZZA_SHOP|YARN_STORE,8409,245,1990,6696,12450,0,1908,8241,5132,209,5,28,58,54,0,15,54,94,1,718,646,431,249,-1,292,221,31,5001,24411,15659,3,0,0,4,12,4,2,0,4,788.0,1,20,0,0,33,0,6,11,0,11,17189.0,3,16,0,9,33,0,6,11,0,10,47012.0,3,24,0,24,13,0,4,10,0,9,76840.0,3
111598280,0,Majkel1337,100298.0,98021.0,1,0,BAKERY|ICE_CREAM_SHOP|BRUNCH_SPOT|SMOOTHIE_SHOP|PET_CAFE|PIZZA_SHOP|BRUNCH_SPOT|YARN_STORE,13695,1559,2404,29708,4694,5125,18116,4808,4946,374,35,36,236,28,99,178,52,77,290,671,623,366,275,304,195,151,27,5942,36008,43105,2,0,0,3,13,4,3,0,6,503.0,1,23,0,0,30,6,7,3,5,12,7925.0,3,18,0,4,37,0,8,3,5,11,34731.0,3,32,0,6,17,0,8,2,5,11,69519.0,3
111598280,1,Unknown Mother-Goose,98021.0,100298.0,0,0,BAKERY|ICE_CREAM_SHOP|BRUNCH_SPOT|SMOOTHIE_SHOP|PET_CAFE|PIZZA_SHOP|BRUNCH_SPOT|YARN_STORE,18312,7151,1353,22043,12247,19718,13264,6305,9695,501,161,20,222,53,397,131,45,205,2,648,594,331,250,287,338,148,27,7792,47031,55265,0,0,0,10,10,2,3,0,5,864.0,1,32,0,0,23,2,7,3,6,11,14582.0,3,19,0,3,36,0,7,3,6,11,42732.0,3,34,0,3,22,0,7,3,6,11,72199.0,3
111598282,0,DSM,143643.0,136725.0,1,0,ICE_CREAM_SHOP|SMOOTHIE_SHOP|SMOOTHIE_SHOP|SMOOTHIE_SHOP|FARMERS_MARKET|FARMERS_MARKET|PET_CAFE|PET_CAFE,9608,7855,630,63459,14556,1868,33376,4078,5285,235,161,8,311,60,39,288,42,96,2,623,671,358,250,407,334,148,27,7428,63859,69428,0,0,0,8,12,2,3,0,6,697.0,1,16,0,0,36,2,16,3,2,11,10586.0,3,8,0,0,46,0,16,3,2,11,54112.0,3,19,8,2,25,0,15,3,2,11,103689.0,3
111598282,1,Majkel1337,136725.0,143643.0,0,0,ICE_CREAM_SHOP|SMOOTHIE_SHOP|SMOOTHIE_SHOP|SMOOTHIE_SHOP|FARMERS_MARKET|FARMERS_MARKET|PET_CAFE|PET_CAFE,9919,3805,1422,63484,10020,0,35972,1934,5294,244,77,18,308,54,0,297,39,91,312,643,647,390,275,-1,195,151,27,6011,61323,64516,2,0,0,3,13,4,3,0,6,413.0,1,17,0,0,36,6,13,3,0,12,8306.0,3,13,0,2,43,0,14,3,0,12,43912.0,3,25,7,3,23,0,13,2,0,11,97701.0,3
111600494,0,Kaggledew Valley 🏆,110885.0,113338.0,0,0,FARMERS_MARKET|PET_CAFE|PIZZA_SHOP|PIZZA_SHOP|ICE_CREAM_SHOP|ICE_CREAM_SHOP|PET_CAFE|YARN_STORE,6968,888,11684,8696,4263,3576,17883,4422,7088,151,15,154,92,23,87,126,26,138,110,716,405,361,259,364,196,150,29,6868,20208,38392,2,0,0,5,10,5,3,0,5,643.0,1,5,0,24,20,7,6,4,7,7,7182.0,3,0,0,28,24,4,8,4,7,11,30276.0,3,44,0,2,7,1,8,4,7,11,65033.0,3
111600494,1,ymg_aq,113338.0,110885.0,1,0,FARMERS_MARKET|PET_CAFE|PIZZA_SHOP|PIZZA_SHOP|ICE_CREAM_SHOP|ICE_CREAM_SHOP|PET_CAFE|YARN_STORE,8864,13397,4576,15473,11809,4178,17378,5451,7400,210,237,65,134,54,98,117,41,119,1,359,383,330,253,265,196,149,31,9425,41086,38015,0,0,0,8,12,2,3,0,6,1005.0,1,28,4,3,23,2,7,3,4,11,15823.0,3,8,10,12,25,0,10,3,4,11,42856.0,3,18,19,11,2,0,11,3,4,12,73498.0,3
111601790,0,Unknown Mother-Goose,95755.0,81965.0,1,0,PIZZA_SHOP|FARMERS_MARKET|PIZZA_SHOP|PET_CAFE|YARN_STORE|BAKERY|ICE_CREAM_SHOP|BRUNCH_SPOT,17597,5725,16851,6372,11832,7257,14082,10227,10612,585,170,160,75,60,147,161,87,236,2,451,454,336,250,312,337,148,27,7841,45494,47220,0,0,0,8,12,2,3,0,5,779.0,1,25,0,9,14,4,12,3,3,11,12765.0,3,18,2,19,15,0,12,5,3,11,42761.0,3,23,23,9,1,0,8,5,3,11,71316.0,3
111601790,1,SpaTaro,81965.0,95755.0,0,0,PIZZA_SHOP|FARMERS_MARKET|PIZZA_SHOP|PET_CAFE|YARN_STORE|BAKERY|ICE_CREAM_SHOP|BRUNCH_SPOT,27497,8652,0,4040,19223,0,11704,12443,3543,871,226,0,58,82,0,188,94,96,4,378,-1,383,247,-1,290,150,49,6730,44332,36040,2,0,0,5,11,5,2,0,6,68.0,1,39,0,0,21,1,11,2,0,10,15438.0,3,23,14,0,21,0,11,6,0,11,43929.0,3,31,24,0,2,0,9,7,0,11,63965.0,3
111603800,0,Otter Vibe,78863.0,79276.0,0,0,PET_CAFE|BAKERY|FARMERS_MARKET|FARMERS_MARKET|BAKERY|BAKERY|FARMERS_MARKET|ICE_CREAM_SHOP,8299,2553,1432,4306,6072,2656,1448,392,7010,230,57,21,38,24,62,16,8,118,118,408,504,360,249,312,198,293,29,2808,17185,14175,0,0,0,10,12,2,3,1,3,26.0,2,25,8,8,13,4,4,3,7,10,15528.0,3,12,7,20,19,3,4,3,7,10,33316.0,3,29,13,10,9,0,4,3,7,11,52425.0,3
111603800,1,ymg_aq,79276.0,78863.0,1,0,PET_CAFE|BAKERY|FARMERS_MARKET|FARMERS_MARKET|BAKERY|BAKERY|FARMERS_MARKET|ICE_CREAM_SHOP,9708,13520,3840,18230,9680,5140,2609,3350,7371,269,282,57,166,48,119,84,50,110,1,335,362,350,252,265,218,149,31,8307,36777,28364,0,0,0,8,12,2,3,0,6,976.0,1,29,6,3,20,2,7,3,4,11,15153.0,3,10,14,9,25,0,7,4,5,11,35813.0,3,19,21,10,9,0,7,4,5,11,52605.0,3
111603805,0,Vadim Vasilenko,89553.0,111188.0,0,0,YARN_STORE|BRUNCH_SPOT|YARN_STORE|PIZZA_SHOP|SMOOTHIE_SHOP|BAKERY|BRUNCH_SPOT|PIZZA_SHOP,11334,220,454,12329,21918,0,9871,30145,4875,305,8,7,138,96,0,116,305,101,2,695,695,361,250,-1,310,149,31,8713,58843,23590,0,0,0,8,12,2,3,0,6,722.0,1,25,0,0,24,2,5,15,0,11,10279.0,3,23,0,3,25,0,5,17,0,11,50072.0,3,39,0,6,6,0,5,17,0,11,69317.0,3
111603805,1,DSM,111188.0,89553.0,1,0,YARN_STORE|BRUNCH_SPOT|YARN_STORE|PIZZA_SHOP|SMOOTHIE_SHOP|BAKERY|BRUNCH_SPOT|PIZZA_SHOP,18320,1991,5138,14718,9474,1057,6027,39740,3820,507,62,76,151,42,18,63,317,70,2,623,527,327,250,407,310,148,31,8305,59364,32616,0,0,0,10,10,2,3,0,6,796.0,1,28,0,0,24,0,5,17,1,11,9218.0,3,18,0,10,24,0,5,17,1,11,59556.0,3,31,6,14,5,0,5,13,1,11,82425.0,3
111604881,0,Vadim Vasilenko,124102.0,122053.0,1,0,BRUNCH_SPOT|PIZZA_SHOP|ICE_CREAM_SHOP|SMOOTHIE_SHOP|BRUNCH_SPOT|BAKERY|SMOOTHIE_SHOP|FARMERS_MARKET,21813,543,1689,52920,22056,1989,25957,3641,5247,534,15,23,279,96,37,227,73,117,2,695,407,382,250,335,334,148,31,7569,60860,67426,0,0,0,8,12,2,3,0,6,716.0,1,24,0,2,30,2,11,3,2,11,11584.0,3,19,0,3,35,0,13,3,2,11,45593.0,3,38,0,2,17,0,13,3,2,11,85235.0,3
111604881,1,THIRD FARM CLUB,122053.0,124102.0,0,0,BRUNCH_SPOT|PIZZA_SHOP|ICE_CREAM_SHOP|SMOOTHIE_SHOP|BRUNCH_SPOT|BAKERY|SMOOTHIE_SHOP|FARMERS_MARKET,9055,463,1349,40266,4605,2156,16309,2292,6721,233,13,19,216,30,40,147,12,131,73,360,552,385,249,382,362,149,28,6051,36917,40248,3,0,0,9,12,2,3,0,6,43.0,2,15,4,5,30,3,9,3,6,11,8017.0,3,16,0,5,32,3,10,3,6,10,38318.0,3,37,3,1,10,1,10,0,6,10,83509.0,3
111604899,0,Majkel1337,81097.0,75578.0,1,0,PIZZA_SHOP|PET_CAFE|BAKERY|PIZZA_SHOP|PET_CAFE|FARMERS_MARKET|BAKERY|PET_CAFE,13446,7753,10400,1937,10626,4581,15152,2986,6250,381,173,146,57,60,101,170,46,109,258,447,384,395,275,295,195,151,27,6770,38449,27912,2,0,0,3,13,4,3,0,6,497.0,1,33,0,7,12,6,7,3,6,12,12861.0,3,13,14,19,12,0,8,3,6,11,39050.0,3,30,12,17,0,0,8,2,6,11,55977.0,3
111604899,1,Vadim Vasilenko,75578.0,81097.0,0,0,PIZZA_SHOP|PET_CAFE|BAKERY|PIZZA_SHOP|PET_CAFE|FARMERS_MARKET|BAKERY|PET_CAFE,17361,18249,6654,3920,23532,1550,9234,3736,5461,492,414,95,73,96,34,134,95,111,2,359,383,313,250,311,310,148,27,7888,49249,32560,0,0,0,8,12,2,3,0,6,712.0,1,32,7,5,15,2,9,3,2,11,14581.0,3,14,20,14,13,0,9,3,2,11,41800.0,3,23,25,11,2,0,9,3,2,11,55171.0,3
111605012,0,DSM,143550.0,91426.0,1,0,PIZZA_SHOP|FARMERS_MARKET|PIZZA_SHOP|BRUNCH_SPOT|PIZZA_SHOP|PIZZA_SHOP|FARMERS_MARKET|SMOOTHIE_SHOP,15978,2823,55822,18772,8910,7744,22537,4215,4872,449,58,227,168,42,169,215,34,79,2,647,455,334,250,311,338,148,31,7579,48366,85728,0,0,0,9,10,2,3,0,6,822.0,1,23,0,9,22,0,11,3,7,11,10900.0,3,6,0,24,24,0,11,3,7,11,46340.0,3,31,5,16,2,0,10,3,6,11,80638.0,3
111605012,1,SpaTaro,91426.0,143550.0,0,0,PIZZA_SHOP|FARMERS_MARKET|PIZZA_SHOP|BRUNCH_SPOT|PIZZA_SHOP|PIZZA_SHOP|FARMERS_MARKET|SMOOTHIE_SHOP,38654,1463,1616,18875,20478,0,25183,3626,4605,1082,30,4,191,90,0,277,27,103,2,701,688,397,246,-1,243,149,113,6906,55557,52037,1,0,0,6,11,5,2,0,6,194.0,1,41,0,0,20,0,11,2,0,10,16032.0,3,32,0,0,29,0,11,2,0,10,47845.0,3,51,0,1,10,0,11,2,0,10,66851.0,3
111608299,0,Unknown Mother-Goose,128079.0,126885.0,1,0,SMOOTHIE_SHOP|BRUNCH_SPOT|BAKERY|SMOOTHIE_SHOP|YARN_STORE|YARN_STORE|ICE_CREAM_SHOP|BAKERY,22082,1804,368,33553,11256,15799,15394,21306,8949,544,52,6,276,48,346,115,100,281,2,709,570,335,250,334,338,148,31,7598,52690,70223,0,0,0,10,10,2,3,0,5,693.0,1,27,0,0,30,0,7,3,6,11,13613.0,3,14,0,1,41,0,7,6,6,12,43922.0,3,38,0,1,16,0,7,7,6,11,87385.0,3
111608299,1,THIRD FARM CLUB,126885.0,128079.0,0,0,SMOOTHIE_SHOP|BRUNCH_SPOT|BAKERY|SMOOTHIE_SHOP|YARN_STORE|YARN_STORE|ICE_CREAM_SHOP|BAKERY,3461,175,597,22335,3362,1683,8216,27970,5112,92,5,11,152,22,37,75,130,104,73,384,672,336,249,386,253,150,28,5605,23670,43636,3,0,0,9,12,2,3,0,6,31.0,2,19,2,0,29,5,9,3,8,10,6216.0,3,12,1,3,29,5,9,7,9,11,38531.0,3,22,1,3,8,1,8,15,8,11,64248.0,3
111609373,0,ymg_aq,77174.0,72213.0,1,0,PET_CAFE|BAKERY|PET_CAFE|FARMERS_MARKET|YARN_STORE|ICE_CREAM_SHOP|PIZZA_SHOP|PIZZA_SHOP,8676,9047,1920,6543,8102,5701,5522,11726,8889,277,220,30,107,38,133,104,91,149,1,335,410,330,252,260,218,149,31,7936,29729,28461,0,0,0,8,12,2,3,0,6,796.0,1,29,9,3,16,2,7,3,4,11,15614.0,3,10,19,6,19,0,7,6,5,12,31867.0,3,26,22,4,2,0,7,6,5,11,50888.0,3
111609373,1,Otter Vibe,72213.0,77174.0,0,0,PET_CAFE|BAKERY|PET_CAFE|FARMERS_MARKET|YARN_STORE|ICE_CREAM_SHOP|PIZZA_SHOP|PIZZA_SHOP,8016,2961,0,1122,6948,2597,1481,1004,8124,259,77,0,14,30,61,22,28,154,118,310,-1,360,249,305,198,293,29,2808,17325,12120,0,0,0,10,12,2,3,1,3,26.0,2,24,18,4,10,5,5,3,6,11,15018.0,3,15,17,12,10,4,5,6,6,12,30909.0,3,30,15,12,0,0,5,7,6,12,47380.0,3
111609646,0,ymg_aq,98799.0,91743.0,1,0,FARMERS_MARKET|BRUNCH_SPOT|SMOOTHIE_SHOP|BAKERY|YARN_STORE|PIZZA_SHOP|FARMERS_MARKET|BAKERY,10362,3215,2317,23609,8991,5294,4918,15153,8870,253,70,29,171,47,109,104,107,144,1,407,458,333,253,297,196,149,31,9409,44182,29138,0,0,0,8,12,2,3,0,6,986.0,1,22,0,1,36,2,7,3,4,10,11658.0,3,11,4,4,37,0,7,7,4,11,37432.0,3,30,7,8,11,0,7,7,4,11,70044.0,3
111609646,1,Sida Zuo,91743.0,98799.0,0,0,FARMERS_MARKET|BRUNCH_SPOT|SMOOTHIE_SHOP|BAKERY|YARN_STORE|PIZZA_SHOP|FARMERS_MARKET|BAKERY,8055,0,3150,8109,8172,2956,3176,2494,8449,193,0,38,125,36,63,41,17,146,143,-1,600,398,250,272,196,150,33,6345,19055,19161,0,0,0,8,9,5,2,0,6,709.0,1,21,0,0,38,4,6,2,4,11,15363.0,3,0,0,14,40,4,6,6,5,11,31511.0,3,23,0,14,17,0,6,6,5,11,61065.0,3
111610427,0,Otter Vibe,111499.0,114086.0,0,0,BRUNCH_SPOT|SMOOTHIE_SHOP|PIZZA_SHOP|PIZZA_SHOP|PET_CAFE|SMOOTHIE_SHOP|PIZZA_SHOP|PIZZA_SHOP,6746,894,594,4040,6726,1984,17661,22,8433,184,22,8,28,30,44,102,5,170,118,648,456,357,249,336,198,480,29,2937,23479,20684,0,0,0,10,12,2,3,1,3,4.0,2,20,0,5,26,6,9,3,5,8,12605.0,3,9,0,19,26,3,10,3,5,11,44743.0,3,39,7,9,2,0,10,3,5,11,75425.0,3
111610427,1,Unknown Mother-Goose,114086.0,111499.0,1,0,BRUNCH_SPOT|SMOOTHIE_SHOP|PIZZA_SHOP|PIZZA_SHOP|PET_CAFE|SMOOTHIE_SHOP|PIZZA_SHOP|PIZZA_SHOP,23483,7709,3439,19694,10776,10509,38690,3503,9514,686,184,45,211,48,242,223,36,183,2,691,601,334,250,310,337,148,31,7092,49258,70967,0,0,0,10,10,2,3,0,5,727.0,1,33,0,0,23,1,10,3,3,11,12368.0,3,23,0,4,31,1,10,3,3,11,46925.0,3,39,0,6,11,0,10,3,3,11,78345.0,3
111611530,0,mtmr_s1,135698.0,142301.0,0,0,ICE_CREAM_SHOP|SMOOTHIE_SHOP|FARMERS_MARKET|YARN_STORE|SMOOTHIE_SHOP|BRUNCH_SPOT|FARMERS_MARKET|FARMERS_MARKET,10985,2135,840,17950,13188,714,3417,3748,6474,292,52,11,84,54,14,29,21,141,1,671,671,455,250,669,319,150,31,5432,29882,24137,3,0,0,4,12,4,2,0,4,767.0,1,21,0,0,33,0,9,5,3,10,18954.0,3,33,0,13,33,0,13,5,3,12,35319.0,4,38,10,13,18,0,10,5,3,12,83402.0,4
111611530,1,Majkel1337,142301.0,135698.0,1,0,ICE_CREAM_SHOP|SMOOTHIE_SHOP|FARMERS_MARKET|YARN_STORE|SMOOTHIE_SHOP|BRUNCH_SPOT|FARMERS_MARKET|FARMERS_MARKET,9026,2821,1068,53095,3616,0,23289,23305,5985,250,70,14,243,23,0,246,128,110,312,647,619,408,287,-1,195,151,27,6271,44805,71129,2,0,0,3,13,4,3,0,6,421.0,1,18,0,0,35,6,13,3,0,12,2292.0,3,12,0,5,39,0,13,6,0,12,41147.0,3,29,0,5,18,0,13,6,0,12,98110.0,3
111611532,0,Majkel1337,109592.0,119421.0,0,0,PIZZA_SHOP|PIZZA_SHOP|FARMERS_MARKET|PIZZA_SHOP|SMOOTHIE_SHOP|FARMERS_MARKET|BAKERY|PET_CAFE,15080,2147,20935,16364,9726,252,24963,2354,6398,356,43,217,106,54,6,223,39,102,259,664,432,366,275,671,195,151,27,6259,50316,41644,2,0,0,3,13,4,3,0,6,510.0,1,25,0,10,19,6,10,3,2,12,10912.0,3,9,0,31,19,0,11,3,2,12,41882.0,3,33,0,20,5,0,11,2,2,12,73332.0,3
111611532,1,DSM,119421.0,109592.0,1,0,PIZZA_SHOP|PIZZA_SHOP|FARMERS_MARKET|PIZZA_SHOP|SMOOTHIE_SHOP|FARMERS_MARKET|BAKERY|PET_CAFE,17490,5544,20314,19328,10398,3965,28139,3858,5070,416,113,217,122,42,91,271,42,85,2,647,455,330,250,359,310,148,27,7369,52891,53846,0,0,0,8,12,2,3,0,6,799.0,1,26,0,8,17,2,15,3,4,11,11871.0,3,9,0,27,17,0,15,3,4,11,52095.0,3,28,2,19,6,0,14,2,4,11,85487.0,3
111611534,0,Orbital Terraformer,107091.0,113573.0,0,0,PIZZA_SHOP|BRUNCH_SPOT|BRUNCH_SPOT|BRUNCH_SPOT|ICE_CREAM_SHOP|SMOOTHIE_SHOP|BAKERY|SMOOTHIE_SHOP,22931,261,4201,37662,28674,2459,15043,3356,4877,635,9,57,201,132,40,152,38,64,2,717,647,318,249,344,338,149,31,7383,61750,50331,0,0,0,8,12,2,3,0,6,872.0,1,31,0,0,26,2,8,3,2,11,13268.0,3,27,0,0,32,0,8,3,2,11,43367.0,3,44,0,5,10,0,8,3,2,11,73416.0,3
111611534,1,Vadim Vasilenko,113573.0,107091.0,1,0,PIZZA_SHOP|BRUNCH_SPOT|BRUNCH_SPOT|BRUNCH_SPOT|ICE_CREAM_SHOP|SMOOTHIE_SHOP|BAKERY|SMOOTHIE_SHOP,19562,3741,6067,53327,21834,1808,14605,3414,6006,580,121,83,283,96,30,147,50,99,2,647,575,358,250,311,310,148,31,7485,58919,63960,0,0,0,8,12,2,3,0,6,623.0,1,28,0,1,30,2,9,3,2,11,11913.0,3,20,0,6,35,0,9,3,2,11,44615.0,3,36,2,9,14,0,9,3,2,11,74104.0,3
111611608,0,DSM,78169.0,70425.0,1,0,ICE_CREAM_SHOP|BAKERY|BAKERY|BAKERY|PET_CAFE|PET_CAFE|BRUNCH_SPOT|BAKERY,17840,7415,2362,6786,9474,13432,7393,3336,4131,525,202,55,87,42,279,102,30,70,2,506,553,313,250,265,310,148,31,6767,38971,26431,0,0,0,10,10,2,3,0,6,861.0,1,30,0,0,22,0,9,3,10,11,12387.0,3,21,0,10,22,0,8,3,10,11,44655.0,3,18,23,13,1,0,7,3,10,11,58626.0,3
111611608,1,Unknown Mother-Goose,70425.0,78169.0,0,0,ICE_CREAM_SHOP|BAKERY|BAKERY|BAKERY|PET_CAFE|PET_CAFE|BRUNCH_SPOT|BAKERY,16807,11135,1480,6941,11093,18677,6339,3486,10025,539,330,35,142,49,393,82,40,219,2,480,591,331,250,315,338,148,31,6807,40830,38346,0,0,0,10,10,2,3,0,5,799.0,1,36,0,0,18,3,7,3,7,12,12822.0,3,23,8,4,23,0,7,3,7,11,41782.0,3,31,15,5,6,0,7,3,7,11,54448.0,3
111616202,0,ymg_aq,109778.0,111064.0,0,0,BRUNCH_SPOT|ICE_CREAM_SHOP|BAKERY|BRUNCH_SPOT|SMOOTHIE_SHOP|BRUNCH_SPOT|BRUNCH_SPOT|BRUNCH_SPOT,11696,1414,663,33865,9196,4365,7563,3681,6216,303,50,13,172,41,74,114,38,92,1,381,458,358,253,311,194,149,31,9088,37814,31757,0,0,0,8,12,2,3,0,6,989.0,1,26,0,1,31,2,9,3,3,11,13597.0,3,15,4,3,36,0,9,3,4,11,42259.0,3,41,5,2,10,0,9,3,4,11,80629.0,3
111616202,1,THIRD FARM CLUB,111064.0,109778.0,1,0,BRUNCH_SPOT|ICE_CREAM_SHOP|BAKERY|BRUNCH_SPOT|SMOOTHIE_SHOP|BRUNCH_SPOT|BRUNCH_SPOT|BRUNCH_SPOT,6601,108,150,33267,5359,1378,3781,3134,5937,196,3,3,167,23,23,101,26,104,73,373,576,385,251,386,258,149,28,6248,29703,23764,3,0,0,9,12,2,3,0,6,36.0,2,14,2,4,28,5,11,3,7,11,5095.0,3,10,0,5,34,3,11,3,9,9,35175.0,3,31,1,2,14,1,10,3,9,9,70533.0,3
111617136,0,ymg_aq,68914.0,59940.0,1,0,BAKERY|BRUNCH_SPOT|BAKERY|PIZZA_SHOP|BRUNCH_SPOT|PET_CAFE|FARMERS_MARKET|BAKERY,6902,2188,4131,11031,8720,7696,2241,4288,7760,256,69,59,121,48,117,81,42,126,1,383,383,330,252,294,218,149,31,8393,31657,14907,0,0,0,8,12,2,3,0,6,1003.0,1,33,1,2,23,2,6,3,4,11,13431.0,3,17,7,11,24,0,7,3,5,11,34593.0,3,25,19,11,2,0,7,3,5,9,48372.0,3
111617136,1,SpaTaro,59940.0,68914.0,0,0,BAKERY|BRUNCH_SPOT|BAKERY|PIZZA_SHOP|BRUNCH_SPOT|PET_CAFE|FARMERS_MARKET|BAKERY,25298,4085,0,14258,21392,0,1989,2057,3597,926,145,0,142,90,0,68,21,61,11,529,-1,397,247,-1,258,150,33,5567,44183,22926,2,0,0,5,11,5,2,0,7,170.0,1,43,0,0,21,0,6,5,0,10,17280.0,3,35,0,0,29,0,6,5,0,10,35814.0,3,38,18,0,8,0,6,5,0,9,45397.0,3
111618250,0,DSM,91206.0,83695.0,1,0,YARN_STORE|BAKERY|BAKERY|PET_CAFE|SMOOTHIE_SHOP|SMOOTHIE_SHOP|FARMERS_MARKET|YARN_STORE,15346,4836,2930,8919,10302,7296,4701,26070,3641,544,156,69,86,42,135,67,221,58,2,431,455,313,250,335,265,148,31,7951,44812,31278,0,0,0,10,10,2,3,0,6,783.0,1,34,0,2,15,0,5,12,5,11,12784.0,3,18,8,12,15,0,5,12,5,11,45126.0,3,27,14,15,3,0,5,6,5,11,61302.0,3
111618250,1,Majkel1337,83695.0,91206.0,0,0,YARN_STORE|BAKERY|BAKERY|PET_CAFE|SMOOTHIE_SHOP|SMOOTHIE_SHOP|FARMERS_MARKET|YARN_STORE,11721,6315,732,11206,10574,2653,5760,23150,6401,434,189,14,84,58,49,68,228,120,259,384,432,395,275,360,195,151,27,7654,39441,31417,2,0,0,3,13,3,4,0,6,480.0,1,34,0,2,14,6,3,12,3,12,10107.0,3,16,18,7,14,0,3,12,3,11,42518.0,3,36,12,5,1,0,3,9,3,11,53739.0,3
111618252,0,Vadim Vasilenko,99941.0,106453.0,0,0,BRUNCH_SPOT|ICE_CREAM_SHOP|PET_CAFE|FARMERS_MARKET|PET_CAFE|BRUNCH_SPOT|BRUNCH_SPOT|ICE_CREAM_SHOP,17027,14223,3609,46358,20172,1680,4280,3777,7373,427,300,52,240,96,30,162,46,119,2,455,673,377,250,335,310,148,31,7992,54294,56213,0,0,0,8,12,2,3,0,6,537.0,1,27,0,0,32,2,9,3,2,11,10366.0,3,9,14,1,37,0,9,3,2,11,38463.0,3,32,12,4,12,0,9,3,2,11,66803.0,3
111618252,1,mtmr_s1,106453.0,99941.0,1,0,BRUNCH_SPOT|ICE_CREAM_SHOP|PET_CAFE|FARMERS_MARKET|PET_CAFE|BRUNCH_SPOT|BRUNCH_SPOT|ICE_CREAM_SHOP,6351,1546,1118,7858,12384,574,2091,2352,4643,165,34,16,44,54,10,23,27,72,1,525,670,455,250,432,319,150,31,5363,21640,11914,3,0,0,4,12,4,2,0,4,785.0,1,21,0,0,33,0,8,6,3,10,16359.0,3,10,17,0,33,0,8,4,3,8,34375.0,3,25,17,6,17,0,3,4,3,10,66284.0,3
111618294,0,DSM,100040.0,87179.0,1,0,FARMERS_MARKET|FARMERS_MARKET|BAKERY|ICE_CREAM_SHOP|BAKERY|BAKERY|SMOOTHIE_SHOP|BRUNCH_SPOT,15488,4915,10551,31956,8778,14653,2317,4349,4953,402,112,125,208,42,300,85,38,70,2,635,479,330,250,290,310,148,31,7523,44168,46269,0,0,0,10,10,2,3,0,6,717.0,1,25,0,2,28,0,7,3,10,11,9658.0,3,9,0,15,31,0,7,3,10,11,38220.0,3,30,6,14,6,0,5,3,10,11,64325.0,3
111618294,1,SpaTaro,87179.0,100040.0,0,0,FARMERS_MARKET|FARMERS_MARKET|BAKERY|ICE_CREAM_SHOP|BAKERY|BAKERY|SMOOTHIE_SHOP|BRUNCH_SPOT,31831,7583,0,34605,27368,0,3051,2372,8043,836,168,0,256,121,0,117,31,126,4,326,-1,385,246,-1,270,150,73,7439,60735,46679,0,0,0,6,12,5,2,0,7,94.0,1,36,4,0,27,0,5,2,0,10,17566.0,3,20,9,0,37,0,7,2,0,10,37608.0,3,35,18,0,11,0,7,2,0,10,60805.0,3
111618297,0,Unknown Mother-Goose,98892.0,98027.0,1,0,BAKERY|ICE_CREAM_SHOP|PIZZA_SHOP|SMOOTHIE_SHOP|PET_CAFE|BRUNCH_SPOT|YARN_STORE|SMOOTHIE_SHOP,20090,6221,1406,16513,10962,16914,17350,6030,10257,551,169,21,192,48,344,155,49,254,2,624,499,335,250,311,338,148,31,7179,48562,50002,0,0,0,9,11,2,3,0,5,822.0,1,36,0,1,16,3,9,3,6,11,12820.0,3,22,1,3,30,0,9,3,6,11,47218.0,3,33,7,3,14,0,9,3,6,11,70661.0,3
111618297,1,Vadim Vasilenko,98027.0,98892.0,0,0,BAKERY|ICE_CREAM_SHOP|PIZZA_SHOP|SMOOTHIE_SHOP|PET_CAFE|BRUNCH_SPOT|YARN_STORE|SMOOTHIE_SHOP,16869,9070,5246,19472,21870,1691,20444,8571,5224,470,231,82,191,96,34,190,64,129,2,551,383,330,250,311,310,148,31,7385,55805,45267,0,0,0,8,12,2,3,0,6,625.0,1,30,0,5,23,2,10,3,2,11,11362.0,3,22,0,9,27,0,12,3,2,11,44597.0,3,20,22,9,6,0,12,3,2,11,69757.0,3
111623867,0,ymg_aq,101936.0,96357.0,1,0,ICE_CREAM_SHOP|YARN_STORE|PIZZA_SHOP|PET_CAFE|FARMERS_MARKET|PET_CAFE|ICE_CREAM_SHOP|BRUNCH_SPOT,7318,9680,1918,21259,10318,900,22344,17712,7691,202,197,29,182,54,20,190,165,161,1,431,457,330,251,450,196,150,31,8999,59005,31136,0,0,0,8,12,2,3,0,6,986.0,1,28,0,1,23,3,10,10,0,10,9580.0,3,11,6,7,27,0,10,10,2,11,46817.0,3,19,21,6,6,0,10,10,2,11,72036.0,3
111623867,1,Otter Vibe,96357.0,101936.0,0,0,ICE_CREAM_SHOP|YARN_STORE|PIZZA_SHOP|PET_CAFE|FARMERS_MARKET|PET_CAFE|ICE_CREAM_SHOP|BRUNCH_SPOT,9180,3104,566,3572,7914,0,7377,3137,8070,247,70,8,26,36,0,56,29,175,118,600,455,358,249,-1,198,307,29,3211,29229,10480,0,0,0,9,12,2,3,1,3,101.0,2,25,0,10,14,4,11,10,1,11,13267.0,3,20,0,16,14,3,11,10,1,13,52408.0,3,31,10,8,4,0,11,10,1,11,72894.0,3
111624967,0,Orbital Terraformer,79690.0,92792.0,0,0,YARN_STORE|BRUNCH_SPOT|PET_CAFE|BAKERY|SMOOTHIE_SHOP|BAKERY|SMOOTHIE_SHOP|ICE_CREAM_SHOP,15817,5252,4646,11555,16520,0,6313,21021,5075,511,149,104,96,73,0,93,200,78,2,455,587,327,250,-1,256,149,27,8905,47947,29347,0,0,0,8,12,2,3,0,6,672.0,1,30,0,0,22,2,6,12,0,11,12039.0,3,11,12,7,22,0,6,12,0,11,45283.0,3,42,8,10,0,0,4,10,0,12,58242.0,3
111624967,1,Majkel1337,92792.0,79690.0,1,0,YARN_STORE|BRUNCH_SPOT|PET_CAFE|BAKERY|SMOOTHIE_SHOP|BAKERY|SMOOTHIE_SHOP|ICE_CREAM_SHOP,13234,5617,1159,23227,11004,2012,4864,15901,7036,424,158,26,150,60,34,55,174,121,266,431,625,397,275,360,195,151,27,7589,46630,29835,2,0,0,3,13,3,4,0,6,503.0,1,29,0,0,22,6,3,11,3,12,8721.0,3,13,18,5,22,0,3,11,3,12,46572.0,3,43,4,7,4,0,3,8,3,11,61487.0,3
111624998,0,DSM,74979.0,62944.0,1,0,PIZZA_SHOP|BAKERY|PET_CAFE|BAKERY|PET_CAFE|SMOOTHIE_SHOP|FARMERS_MARKET|ICE_CREAM_SHOP,11607,5636,9810,5827,8850,13738,6676,3845,5400,445,218,139,57,42,270,138,29,101,2,359,455,313,250,265,293,148,31,7859,31934,31596,0,0,0,9,10,2,3,0,6,822.0,1,28,5,4,15,0,10,3,10,11,12100.0,3,14,9,20,9,0,10,3,10,11,36007.0,3,18,21,14,2,0,8,3,9,11,51814.0,3
111624998,1,SpaTaro,62944.0,74979.0,0,0,PIZZA_SHOP|BAKERY|PET_CAFE|BAKERY|PET_CAFE|SMOOTHIE_SHOP|FARMERS_MARKET|ICE_CREAM_SHOP,26558,12012,0,2303,20029,0,5826,2247,3972,1023,408,0,29,88,0,158,27,99,2,311,-1,350,247,-1,268,150,115,5794,44761,22392,0,0,0,6,11,5,2,0,7,56.0,1,28,29,0,8,0,8,2,0,10,19636.0,3,24,33,0,8,0,8,2,0,10,41805.0,3,40,23,0,2,0,8,2,0,10,49875.0,3
111625002,0,Vadim Vasilenko,97717.0,95630.0,1,0,FARMERS_MARKET|PET_CAFE|PET_CAFE|ICE_CREAM_SHOP|BAKERY|ICE_CREAM_SHOP|SMOOTHIE_SHOP|FARMERS_MARKET,15085,24936,5900,28738,20172,4639,6383,3729,6795,398,468,79,160,96,109,100,46,122,2,335,383,366,250,311,310,148,31,7946,52219,56212,0,0,0,8,12,2,3,0,6,728.0,1,15,19,3,23,2,6,3,4,11,12378.0,3,11,18,7,24,0,6,3,4,11,38430.0,3,23,29,7,2,0,6,3,4,11,62898.0,3
111625002,1,吃白饭的大肥鱼,95630.0,97717.0,0,0,FARMERS_MARKET|PET_CAFE|PET_CAFE|ICE_CREAM_SHOP|BAKERY|ICE_CREAM_SHOP|SMOOTHIE_SHOP|FARMERS_MARKET,10534,1148,830,2316,13020,680,2234,1782,6680,276,24,11,12,60,16,25,17,134,1,623,670,645,250,337,254,150,31,4709,21971,12544,3,0,0,4,12,4,2,0,4,785.0,1,21,0,0,33,0,6,6,5,10,14813.0,3,19,8,0,31,0,6,6,5,10,29327.0,3,21,13,7,15,2,6,6,5,10,52805.0,3
111625006,0,Arda Ceylan,80473.0,87829.0,0,0,PIZZA_SHOP|PET_CAFE|BAKERY|SMOOTHIE_SHOP|FARMERS_MARKET|PET_CAFE|BRUNCH_SPOT|FARMERS_MARKET,13706,10874,672,12772,8694,1128,11579,3146,4973,472,232,9,121,42,24,161,40,68,2,391,623,327,251,311,305,149,27,7305,37382,22857,0,0,0,8,12,2,3,0,6,782.0,1,39,0,3,16,2,8,3,2,11,13982.0,3,14,15,13,18,0,8,3,2,11,40934.0,3,15,29,13,2,0,8,3,2,11,56652.0,3
111625006,1,Unknown Mother-Goose,87829.0,80473.0,1,0,PIZZA_SHOP|PET_CAFE|BAKERY|SMOOTHIE_SHOP|FARMERS_MARKET|PET_CAFE|BRUNCH_SPOT|FARMERS_MARKET,13145,16322,6919,14987,12122,10847,11503,3958,8221,476,377,93,122,58,241,130,28,139,2,543,471,334,250,311,338,148,31,8195,40364,49465,0,0,0,9,10,2,3,0,5,797.0,1,40,0,7,9,3,8,3,5,12,14492.0,3,25,2,11,21,0,8,3,5,11,42789.0,3,22,21,4,12,0,8,2,5,10,58997.0,3
111630551,0,KawattaTaido,109879.0,108936.0,1,0,ICE_CREAM_SHOP|PET_CAFE|PIZZA_SHOP|SMOOTHIE_SHOP|YARN_STORE|FARMERS_MARKET|SMOOTHIE_SHOP|SMOOTHIE_SHOP,12651,3496,1965,11925,15150,715,20548,5717,7028,345,81,26,88,66,17,194,69,159,2,647,575,401,250,496,243,221,31,4323,39319,35553,3,0,0,4,12,4,2,0,5,339.0,1,34,0,0,24,1,10,2,3,11,19310.0,3,19,0,4,26,1,11,7,3,12,42317.0,3,31,4,9,10,0,11,7,3,11,72941.0,3
111630551,1,ymg_aq,108936.0,109879.0,0,0,ICE_CREAM_SHOP|PET_CAFE|PIZZA_SHOP|SMOOTHIE_SHOP|YARN_STORE|FARMERS_MARKET|SMOOTHIE_SHOP|SMOOTHIE_SHOP,7531,9077,2352,17675,8524,1142,30035,10021,8875,211,191,32,122,48,25,238,84,156,1,312,383,337,252,311,196,149,31,9609,53903,31720,0,0,0,8,12,2,3,0,6,1003.0,1,27,3,2,23,2,12,4,2,11,12370.0,3,9,10,6,29,0,12,5,2,12,46614.0,3,17,16,7,5,0,12,6,2,11,78082.0,3
111630557,0,SpaTaro,93001.0,97482.0,0,0,ICE_CREAM_SHOP|PET_CAFE|FARMERS_MARKET|PET_CAFE|PIZZA_SHOP|FARMERS_MARKET|ICE_CREAM_SHOP|BRUNCH_SPOT,31806,16010,0,21024,12982,0,9785,3020,4969,820,330,0,180,52,0,186,31,97,4,346,-1,328,246,-1,290,150,73,6296,49750,43550,0,0,0,9,9,5,2,0,6,2.0,1,28,8,0,27,0,9,3,0,10,15339.0,3,12,22,0,27,0,9,3,0,10,45891.0,3,26,23,0,7,0,9,3,0,10,69794.0,3
111630557,1,Majkel1337,97482.0,93001.0,1,0,ICE_CREAM_SHOP|PET_CAFE|FARMERS_MARKET|PET_CAFE|PIZZA_SHOP|FARMERS_MARKET|ICE_CREAM_SHOP|BRUNCH_SPOT,10158,6366,5757,27837,6835,2734,11163,2102,5279,260,132,56,199,37,62,147,36,79,298,354,599,393,287,287,195,151,27,6270,37293,34668,2,0,0,3,13,4,3,0,6,516.0,1,18,3,0,31,6,7,3,6,12,5774.0,3,10,6,9,33,0,7,3,6,12,37571.0,3,15,20,11,13,0,7,2,6,11,59459.0,3
111631683,0,DSM,129192.0,127155.0,1,0,BRUNCH_SPOT|ICE_CREAM_SHOP|YARN_STORE|BRUNCH_SPOT|YARN_STORE|PIZZA_SHOP|YARN_STORE|ICE_CREAM_SHOP,21417,0,824,30537,10482,3664,7383,53828,4410,595,0,12,253,48,66,105,251,79,2,-1,649,334,250,311,306,148,31,7310,57840,67395,0,0,0,10,10,2,3,0,6,798.0,1,24,0,0,32,0,9,7,3,11,11539.0,3,12,0,1,38,0,9,12,3,11,43627.0,3,39,0,3,13,0,3,14,3,11,82318.0,3
111631683,1,Unknown Mother-Goose,127155.0,129192.0,0,0,BRUNCH_SPOT|ICE_CREAM_SHOP|YARN_STORE|BRUNCH_SPOT|YARN_STORE|PIZZA_SHOP|YARN_STORE|ICE_CREAM_SHOP,20890,5544,552,23766,9450,9006,6603,46932,9101,574,150,8,220,42,160,83,225,239,2,707,643,334,250,311,338,148,31,7318,53311,71215,0,0,0,10,10,2,3,0,5,705.0,1,31,0,0,22,1,7,10,2,12,10686.0,3,23,0,0,31,0,7,12,2,12,46650.0,3,41,0,2,11,0,7,12,2,12,83542.0,3
111631686,0,Vadim Vasilenko,84257.0,82715.0,1,0,SMOOTHIE_SHOP|PET_CAFE|PET_CAFE|BAKERY|PIZZA_SHOP|FARMERS_MARKET|PIZZA_SHOP|FARMERS_MARKET,15938,19001,5447,18978,20172,1582,9586,3716,5946,467,450,71,146,96,34,134,46,118,2,335,383,354,250,311,310,148,31,7820,50007,42539,0,0,0,8,12,2,3,0,6,698.0,1,17,16,3,23,2,9,3,2,11,11460.0,3,13,21,4,23,0,9,3,2,11,40665.0,3,30,24,5,2,0,9,3,2,11,57943.0,3
111631686,1,吃白饭的大肥鱼,82715.0,84257.0,0,0,SMOOTHIE_SHOP|PET_CAFE|PET_CAFE|BAKERY|PIZZA_SHOP|FARMERS_MARKET|PIZZA_SHOP|FARMERS_MARKET,8581,990,1608,740,12384,258,3334,2346,6889,237,24,20,6,54,6,20,21,150,1,455,669,454,250,669,254,150,31,5413,23926,7791,3,0,0,4,12,4,2,0,4,788.0,1,21,0,0,33,0,8,6,3,10,17077.0,3,10,25,0,22,0,8,6,4,11,35759.0,3,25,11,15,4,2,8,6,4,10,51209.0,3
111631689,0,Majkel1337,97381.0,92216.0,1,0,BAKERY|BRUNCH_SPOT|PET_CAFE|YARN_STORE|FARMERS_MARKET|PET_CAFE|PET_CAFE|SMOOTHIE_SHOP,11147,9698,4215,18754,4560,9240,2612,19914,5871,313,204,69,154,27,206,48,120,105,266,384,595,366,275,257,195,151,27,5555,37215,43241,2,0,0,3,13,4,3,0,6,503.0,1,29,0,0,24,6,4,3,8,12,9741.0,3,17,6,10,24,0,4,6,8,12,33757.0,3,14,26,13,4,0,2,6,8,12,60310.0,3
111631689,1,Unknown Mother-Goose,92216.0,97381.0,0,0,BAKERY|BRUNCH_SPOT|PET_CAFE|YARN_STORE|FARMERS_MARKET|PET_CAFE|PET_CAFE|SMOOTHIE_SHOP,16077,22101,1898,16025,11802,23344,464,13236,8223,457,478,30,130,48,542,34,81,185,2,479,615,312,250,287,338,148,27,7979,44575,60616,0,0,0,9,11,2,3,0,5,884.0,1,39,1,0,12,3,5,3,10,12,14172.0,3,25,3,5,22,0,5,5,10,11,37830.0,3,17,24,6,10,0,3,5,9,11,59535.0,3
111636202,0,ymg_aq,96360.0,97532.0,0,0,BAKERY|PET_CAFE|FARMERS_MARKET|FARMERS_MARKET|FARMERS_MARKET|ICE_CREAM_SHOP|ICE_CREAM_SHOP|ICE_CREAM_SHOP,9683,16916,6991,21266,9622,4305,3233,3400,5881,255,307,90,130,43,94,77,33,85,1,335,362,328,252,262,218,149,31,8261,32368,40668,0,0,0,8,12,2,3,0,6,987.0,1,30,5,3,20,2,6,3,4,11,14274.0,3,10,13,12,24,0,7,3,4,12,36781.0,3,19,23,10,8,0,7,3,4,11,61391.0,3
111636202,1,THIRD FARM CLUB,97532.0,96360.0,1,0,BAKERY|PET_CAFE|FARMERS_MARKET|FARMERS_MARKET|FARMERS_MARKET|ICE_CREAM_SHOP|ICE_CREAM_SHOP|ICE_CREAM_SHOP,5381,4164,1738,28179,4608,1357,1756,2841,6304,140,78,22,164,24,32,66,25,115,73,360,504,336,250,389,386,149,28,6272,19483,30573,3,0,0,9,12,2,3,0,6,36.0,2,12,4,5,29,4,9,3,9,11,7144.0,3,14,0,11,26,3,9,3,9,8,31131.0,3,23,5,9,10,2,9,3,9,11,50508.0,3
111638537,0,DSM,109974.0,90431.0,1,0,ICE_CREAM_SHOP|PET_CAFE|YARN_STORE|BAKERY|YARN_STORE|FARMERS_MARKET|FARMERS_MARKET|BRUNCH_SPOT,15018,9849,3285,14027,9750,2861,6978,38407,4315,435,265,51,105,42,63,81,258,69,2,455,527,313,250,359,338,148,31,7211,51189,46090,0,0,0,10,10,2,3,0,6,705.0,1,30,0,0,22,0,9,10,3,11,10962.0,3,15,8,7,22,0,8,12,3,11,48225.0,3,29,15,10,1,0,4,12,3,11,75508.0,3
111638537,1,ymg_aq,90431.0,109974.0,0,0,ICE_CREAM_SHOP|PET_CAFE|YARN_STORE|BAKERY|YARN_STORE|FARMERS_MARKET|FARMERS_MARKET|BRUNCH_SPOT,8088,8543,2246,7798,9477,1424,9579,20756,8404,249,206,35,80,47,30,114,148,160,1,336,383,314,251,265,196,149,31,8897,45166,22252,0,0,0,8,12,2,3,0,6,998.0,1,26,3,2,23,2,8,9,2,12,9719.0,3,13,13,5,23,0,8,10,2,11,46617.0,3,18,19,6,1,0,8,10,2,10,68804.0,3
111638538,0,Unknown Mother-Goose,77551.0,89616.0,0,0,PET_CAFE|YARN_STORE|ICE_CREAM_SHOP|BRUNCH_SPOT|PIZZA_SHOP|YARN_STORE|PET_CAFE|PET_CAFE,11499,14576,869,12223,10962,4412,3039,19525,9248,323,323,13,228,48,80,56,230,228,2,503,571,334,250,407,341,148,31,8203,39416,38734,0,0,0,9,11,2,3,0,5,848.0,1,28,0,0,19,4,6,10,1,11,12987.0,3,17,5,3,33,0,6,10,1,11,41111.0,3,8,19,3,24,0,6,13,1,11,59155.0,3
111638538,1,Vadim Vasilenko,89616.0,77551.0,1,0,PET_CAFE|YARN_STORE|ICE_CREAM_SHOP|BRUNCH_SPOT|PIZZA_SHOP|YARN_STORE|PET_CAFE|PET_CAFE,17131,14823,4384,8390,21870,0,5519,22485,4804,474,327,67,119,96,0,93,276,114,2,359,527,378,250,-1,310,148,31,8123,49197,42086,0,0,0,8,12,2,3,0,6,627.0,1,29,6,2,18,2,7,10,0,11,10908.0,3,20,10,4,23,0,7,10,0,11,44911.0,3,23,23,6,6,0,7,10,0,11,68664.0,3
111638540,0,Unknown Mother-Goose,162746.0,153961.0,1,0,ICE_CREAM_SHOP|ICE_CREAM_SHOP|ICE_CREAM_SHOP|FARMERS_MARKET|ICE_CREAM_SHOP|SMOOTHIE_SHOP|PIZZA_SHOP|BRUNCH_SPOT,24828,0,1066,71647,8574,0,53108,4538,7890,488,0,14,372,42,0,301,33,175,2,-1,594,355,250,-1,290,148,27,7972,63795,99884,0,0,0,10,10,2,3,0,5,650.0,1,21,0,0,38,0,13,3,0,11,10352.0,3,10,0,2,47,0,13,3,0,11,48555.0,3,28,0,3,26,0,13,3,0,11,110030.0,3
111638540,1,Planned Economy,153961.0,162746.0,0,0,ICE_CREAM_SHOP|ICE_CREAM_SHOP|ICE_CREAM_SHOP|FARMERS_MARKET|ICE_CREAM_SHOP|SMOOTHIE_SHOP|PIZZA_SHOP|BRUNCH_SPOT,5375,0,77,26791,12422,264,25070,967,5834,119,0,1,144,56,6,133,21,112,2,-1,649,386,249,553,266,151,31,5236,34119,37445,3,0,0,4,12,4,2,0,4,616.0,1,10,0,0,38,7,13,4,3,9,11767.0,3,0,0,1,50,4,13,4,3,11,41609.0,3,13,1,2,34,1,13,0,3,13,102720.0,3
111638545,0,Majkel1337,104815.0,99845.0,1,0,PET_CAFE|BRUNCH_SPOT|BRUNCH_SPOT|BAKERY|SMOOTHIE_SHOP|SMOOTHIE_SHOP|ICE_CREAM_SHOP|SMOOTHIE_SHOP,15642,2831,792,38443,10626,6232,6075,2142,7158,436,75,15,227,60,131,62,39,114,288,376,667,366,275,258,195,151,27,5624,40310,44007,2,0,0,3,13,4,3,0,6,504.0,1,25,0,0,28,6,4,3,8,12,10157.0,3,14,12,3,31,0,4,3,8,12,34038.0,3,43,0,3,13,0,4,2,8,11,63034.0,3
111638545,1,Vadim Vasilenko,99845.0,104815.0,0,0,PET_CAFE|BRUNCH_SPOT|BRUNCH_SPOT|BAKERY|SMOOTHIE_SHOP|SMOOTHIE_SHOP|ICE_CREAM_SHOP|SMOOTHIE_SHOP,14389,11735,1561,42655,24978,4375,9853,3828,6816,447,308,32,240,102,92,116,45,119,2,359,625,358,250,256,290,148,27,7875,54954,57361,0,0,0,8,12,2,3,0,6,619.0,1,24,5,2,29,2,6,3,4,11,13305.0,3,12,16,2,31,0,6,3,4,11,37295.0,3,30,17,3,10,0,6,3,4,11,62330.0,3
111639696,0,Unknown Mother-Goose,102362.0,105831.0,0,0,SMOOTHIE_SHOP|FARMERS_MARKET|PIZZA_SHOP|BAKERY|FARMERS_MARKET|FARMERS_MARKET|PET_CAFE|BRUNCH_SPOT,19408,14660,22800,26777,10566,836,15268,4486,5404,499,270,231,177,49,16,162,32,91,2,625,450,337,250,526,338,148,31,7503,52475,60227,0,0,0,10,10,2,3,0,5,698.0,1,25,0,4,28,0,11,3,1,11,12907.0,3,21,0,9,30,0,11,3,1,11,44787.0,3,26,12,14,4,0,11,3,1,11,74718.0,3
111639696,1,Vadim Vasilenko,105831.0,102362.0,1,0,SMOOTHIE_SHOP|FARMERS_MARKET|PIZZA_SHOP|BAKERY|FARMERS_MARKET|FARMERS_MARKET|PET_CAFE|BRUNCH_SPOT,19422,9544,19697,37226,21918,1470,11406,3219,6371,522,174,185,234,96,28,222,49,110,2,527,479,331,250,335,330,148,31,7364,59440,63469,0,0,0,8,12,2,3,0,6,777.0,1,25,0,1,32,2,10,3,2,11,11033.0,3,17,0,11,32,0,10,3,2,11,47307.0,3,29,8,16,7,0,10,3,2,11,69807.0,3
111643049,0,THIRD FARM CLUB,108885.0,114517.0,0,0,BRUNCH_SPOT|FARMERS_MARKET|PET_CAFE|SMOOTHIE_SHOP|SMOOTHIE_SHOP|YARN_STORE|PET_CAFE|SMOOTHIE_SHOP,5377,2817,514,33040,4764,2285,3325,8700,7610,133,57,7,184,21,53,64,57,159,73,366,552,385,249,343,384,149,28,6746,27392,34294,3,0,0,9,12,2,3,0,6,43.0,2,15,3,4,29,5,8,3,6,10,6537.0,3,12,1,5,34,3,8,3,9,9,36488.0,3,12,11,2,11,0,8,7,9,9,62885.0,3
111643049,1,Vadim Vasilenko,114517.0,108885.0,1,0,BRUNCH_SPOT|FARMERS_MARKET|PET_CAFE|SMOOTHIE_SHOP|SMOOTHIE_SHOP|YARN_STORE|PET_CAFE|SMOOTHIE_SHOP,16679,13159,947,47661,22152,3612,6033,13596,5707,402,266,13,266,96,84,93,82,122,2,407,577,358,250,349,310,148,31,7731,55961,65854,0,0,0,8,12,2,3,0,6,716.0,1,24,5,0,31,2,6,3,4,11,12059.0,3,10,10,2,38,0,6,3,4,11,39546.0,3,21,23,3,12,0,6,4,4,11,76364.0,3
111643056,0,SpaTaro,132051.0,124946.0,1,0,ICE_CREAM_SHOP|SMOOTHIE_SHOP|SMOOTHIE_SHOP|YARN_STORE|YARN_STORE|SMOOTHIE_SHOP|BAKERY|ICE_CREAM_SHOP,27096,0,0,31683,17619,0,34344,35977,3577,671,0,0,235,78,0,295,211,164,13,-1,-1,331,252,-1,196,150,73,7190,77047,66059,0,0,0,8,10,5,2,0,7,138.0,1,20,0,0,36,0,16,2,0,10,11576.0,3,10,0,0,35,0,16,14,0,12,42305.0,3,30,0,0,11,0,13,14,0,11,99437.0,3
111643056,1,ymg_aq,124946.0,132051.0,0,0,ICE_CREAM_SHOP|SMOOTHIE_SHOP|SMOOTHIE_SHOP|YARN_STORE|YARN_STORE|SMOOTHIE_SHOP|BAKERY|ICE_CREAM_SHOP,7506,1251,496,33947,11164,0,32152,27040,8421,193,38,8,218,58,0,240,163,222,1,407,458,331,251,-1,196,149,31,10071,69021,42885,0,0,0,8,12,2,3,0,6,998.0,1,20,0,1,36,2,13,3,0,11,12187.0,3,10,3,1,36,0,13,11,0,11,50869.0,3,29,4,1,12,0,13,12,0,11,95774.0,3
111645359,0,DSM,92503.0,88950.0,1,0,SMOOTHIE_SHOP|BAKERY|PET_CAFE|YARN_STORE|PIZZA_SHOP|BRUNCH_SPOT|FARMERS_MARKET|BRUNCH_SPOT,14142,5969,2317,15234,10302,9209,7168,15195,4989,404,138,37,130,42,214,125,146,124,2,335,527,313,250,265,338,148,31,7370,45013,32142,0,0,0,10,10,2,3,0,6,746.0,1,28,4,0,22,0,9,3,9,11,13930.0,3,16,0,9,22,0,9,9,9,11,42994.0,3,23,15,12,0,0,8,8,8,11,64573.0,3
111645359,1,Majkel1337,88950.0,92503.0,0,0,SMOOTHIE_SHOP|BAKERY|PET_CAFE|YARN_STORE|PIZZA_SHOP|BRUNCH_SPOT|FARMERS_MARKET|BRUNCH_SPOT,12274,5916,4663,12268,8118,3941,12517,10659,6227,345,134,73,122,42,87,154,115,133,290,408,595,398,275,311,195,151,27,6121,39749,30713,2,0,0,3,13,4,3,0,6,425.0,1,28,0,0,24,6,7,3,6,12,8965.0,3,20,1,10,24,0,7,6,6,12,40428.0,3,16,21,13,5,0,7,6,6,12,57551.0,3
111646143,0,Majkel1337,89495.0,89323.0,1,0,BRUNCH_SPOT|PET_CAFE|BAKERY|PIZZA_SHOP|BRUNCH_SPOT|PIZZA_SHOP|FARMERS_MARKET|FARMERS_MARKET,12214,7249,7622,19474,4560,9000,7148,1715,5119,342,157,97,140,27,198,105,35,78,288,403,527,395,275,257,195,151,27,5656,29721,38724,2,0,0,3,13,4,3,0,6,498.0,1,28,0,0,25,6,4,3,8,12,9383.0,3,14,10,11,25,0,4,3,8,12,33270.0,3,27,13,15,5,0,4,2,8,11,51355.0,3
111646143,1,Unknown Mother-Goose,89323.0,89495.0,0,0,BRUNCH_SPOT|PET_CAFE|BAKERY|PIZZA_SHOP|BRUNCH_SPOT|PIZZA_SHOP|FARMERS_MARKET|FARMERS_MARKET,23562,10615,1978,18661,11802,20433,4026,3963,10115,710,242,25,136,48,467,69,25,199,2,403,577,330,250,274,338,148,27,7734,43099,54322,0,0,0,10,10,2,3,0,5,728.0,1,34,1,0,18,2,5,3,9,11,14085.0,3,30,0,4,24,0,5,3,9,11,39828.0,3,35,12,5,5,0,5,3,9,11,60936.0,3
111646154,0,Unknown Mother-Goose,91591.0,83115.0,1,0,PET_CAFE|PIZZA_SHOP|BRUNCH_SPOT|ICE_CREAM_SHOP|PET_CAFE|ICE_CREAM_SHOP|BRUNCH_SPOT|SMOOTHIE_SHOP,15395,18480,3133,22860,11922,20596,8375,4281,10286,456,461,48,166,54,397,142,31,199,2,452,514,327,250,311,338,148,27,7369,38351,69608,0,0,0,8,12,2,3,0,5,838.0,1,34,2,2,13,5,8,3,5,11,14561.0,3,10,18,7,24,0,8,3,5,11,40111.0,3,24,15,3,16,0,8,3,5,11,59998.0,3
111646154,1,THUNDER THUNDER,83115.0,91591.0,0,0,PET_CAFE|PIZZA_SHOP|BRUNCH_SPOT|ICE_CREAM_SHOP|PET_CAFE|ICE_CREAM_SHOP|BRUNCH_SPOT|SMOOTHIE_SHOP,7222,1246,642,3267,5880,0,6792,1452,7712,210,33,10,24,24,0,132,20,127,59,504,552,360,248,-1,201,150,33,6373,14316,13524,6,0,0,10,8,5,2,0,6,36.0,2,16,19,6,22,0,8,4,0,10,15546.0,3,17,6,13,26,0,8,4,0,11,36396.0,3,26,12,7,14,0,8,4,0,11,58024.0,3
111648674,0,Vadim Vasilenko,158872.0,154463.0,1,0,YARN_STORE|SMOOTHIE_SHOP|SMOOTHIE_SHOP|ICE_CREAM_SHOP|ICE_CREAM_SHOP|ICE_CREAM_SHOP|FARMERS_MARKET|ICE_CREAM_SHOP,19698,0,0,61719,17520,0,47397,24531,5989,477,0,0,337,72,0,224,212,211,2,-1,-1,378,250,-1,334,148,31,8818,68768,99268,0,0,0,8,12,2,3,0,6,716.0,1,19,0,1,30,2,11,10,0,11,10706.0,3,12,0,1,39,0,12,10,0,12,55722.0,3,27,0,0,22,0,12,10,0,12,108067.0,3
111648674,1,QQ,154463.0,158872.0,0,0,YARN_STORE|SMOOTHIE_SHOP|SMOOTHIE_SHOP|ICE_CREAM_SHOP|ICE_CREAM_SHOP|ICE_CREAM_SHOP|FARMERS_MARKET|ICE_CREAM_SHOP,8932,748,372,22698,7812,0,33322,14046,9552,214,19,6,129,48,0,159,127,232,2,360,531,336,262,-1,245,149,31,7863,36996,52623,0,0,0,8,12,2,3,0,6,834.0,1,16,2,0,31,5,10,10,1,12,13167.0,3,9,0,3,38,3,11,10,1,12,54154.0,3,24,3,3,20,0,11,10,1,12,102240.0,3
111650651,0,ymg_aq,73025.0,83970.0,0,0,YARN_STORE|PET_CAFE|PET_CAFE|BAKERY|ICE_CREAM_SHOP|BRUNCH_SPOT|YARN_STORE|SMOOTHIE_SHOP,9565,5460,1940,1925,11650,3467,2024,20579,7479,320,159,37,51,60,64,58,171,140,1,338,383,336,251,311,218,149,31,8248,36884,18957,0,0,0,8,12,2,3,0,6,978.0,1,26,7,3,15,2,5,10,2,11,12926.0,3,13,14,8,16,0,6,10,3,11,40616.0,3,27,20,5,2,0,6,10,3,12,53004.0,3
111650651,1,Vadim Vasilenko,83970.0,73025.0,1,0,YARN_STORE|PET_CAFE|PET_CAFE|BAKERY|ICE_CREAM_SHOP|BRUNCH_SPOT|YARN_STORE|SMOOTHIE_SHOP,14416,15113,0,9989,22542,0,1284,30424,5377,519,476,0,108,96,0,61,251,132,2,330,-1,313,250,-1,339,148,27,8600,53061,37484,0,0,0,8,12,2,3,0,6,662.0,1,19,20,2,15,2,5,12,0,11,13333.0,3,18,20,2,17,0,5,12,0,11,47516.0,3,24,30,0,3,0,5,12,0,11,60945.0,3
111652959,0,DSM,128239.0,118276.0,1,0,FARMERS_MARKET|PIZZA_SHOP|ICE_CREAM_SHOP|ICE_CREAM_SHOP|BRUNCH_SPOT|PIZZA_SHOP|BAKERY|ICE_CREAM_SHOP,22848,147,7677,43318,10302,7253,22421,3934,4690,529,3,82,228,42,170,239,35,84,2,713,479,358,250,311,310,148,31,7137,55562,59891,0,0,0,10,10,2,3,0,6,684.0,1,23,0,3,27,0,12,3,6,11,12428.0,3,13,0,9,32,0,12,3,6,11,49449.0,3,34,0,9,11,0,12,3,6,11,89003.0,3
111652959,1,Majkel1337,118276.0,128239.0,0,0,FARMERS_MARKET|PIZZA_SHOP|ICE_CREAM_SHOP|ICE_CREAM_SHOP|BRUNCH_SPOT|PIZZA_SHOP|BAKERY|ICE_CREAM_SHOP,16490,676,4787,40965,10302,2282,24295,1711,6078,377,14,49,222,56,53,248,42,105,312,714,384,366,275,310,195,151,27,5924,45785,55877,2,0,0,3,13,4,3,0,6,416.0,1,22,0,3,27,6,10,3,3,12,7661.0,3,15,0,7,34,0,11,3,3,12,38660.0,3,35,0,8,16,0,11,2,3,11,73046.0,3
111653122,0,Majkel1337,102240.0,96892.0,1,0,PET_CAFE|PIZZA_SHOP|BRUNCH_SPOT|SMOOTHIE_SHOP|YARN_STORE|PIZZA_SHOP|BAKERY|BAKERY,10640,5125,3386,10983,8240,4549,20295,11422,6201,278,113,50,135,35,103,169,63,116,290,314,432,406,286,262,195,151,27,6987,34002,39852,2,0,0,3,13,4,3,0,8,407.0,1,18,9,6,19,6,6,3,7,12,11348.0,3,17,0,12,26,3,7,3,7,12,37298.0,3,32,10,7,7,2,7,3,7,12,68420.0,3
111653122,1,binghua,96892.0,102240.0,0,0,PET_CAFE|PIZZA_SHOP|BRUNCH_SPOT|SMOOTHIE_SHOP|YARN_STORE|PIZZA_SHOP|BAKERY|BAKERY,10200,2588,140,3582,1077,2016,10609,9661,9372,281,64,2,31,9,45,83,56,181,99,86,551,340,379,260,198,235,33,7117,19184,22944,4,0,0,8,8,4,3,1,7,342.0,2,21,5,0,21,12,6,3,4,12,8258.0,3,9,0,16,27,3,7,6,4,12,31259.0,3,25,2,12,15,0,7,6,4,12,64745.0,3
111653131,0,Unknown Mother-Goose,99621.0,93845.0,1,0,FARMERS_MARKET|YARN_STORE|SMOOTHIE_SHOP|PET_CAFE|FARMERS_MARKET|YARN_STORE|PET_CAFE|BAKERY,14959,17232,6364,19519,10074,0,661,26643,8998,401,324,81,192,48,0,24,231,167,2,596,479,336,250,-1,349,148,27,8263,45321,50866,0,0,0,10,10,2,3,0,5,651.0,1,28,0,2,23,2,6,11,0,11,10924.0,3,16,0,10,30,0,6,11,0,11,43791.0,3,2,34,7,16,0,4,11,0,11,72506.0,3
111653131,1,KawattaTaido,93845.0,99621.0,0,0,FARMERS_MARKET|YARN_STORE|SMOOTHIE_SHOP|PET_CAFE|FARMERS_MARKET|YARN_STORE|PET_CAFE|BAKERY,8465,9773,4601,14272,15288,0,1591,15371,11950,232,181,60,148,66,0,46,163,191,2,560,598,397,250,-1,243,148,31,11916,37095,32300,3,0,0,4,12,4,2,0,5,343.0,1,25,0,0,32,1,6,11,0,11,13429.0,3,12,4,9,32,1,6,11,0,11,38966.0,3,5,29,13,11,0,6,11,0,11,67890.0,3
111658630,0,KawattaTaido,80760.0,78279.0,1,0,PIZZA_SHOP|BRUNCH_SPOT|PET_CAFE|BAKERY|SMOOTHIE_SHOP|PET_CAFE|BAKERY|SMOOTHIE_SHOP,14263,2770,1666,6522,15630,2522,6761,1042,6858,483,70,24,65,66,48,83,10,112,2,547,551,383,250,410,243,221,31,4403,35177,18454,3,0,0,4,12,4,2,0,5,539.0,1,36,0,0,25,1,7,2,4,11,20282.0,3,28,0,6,25,1,7,2,5,11,41685.0,3,36,9,9,5,0,7,2,5,11,55634.0,3
111658630,1,ymg_aq,78279.0,80760.0,0,0,PIZZA_SHOP|BRUNCH_SPOT|PET_CAFE|BAKERY|SMOOTHIE_SHOP|PET_CAFE|BAKERY|SMOOTHIE_SHOP,8749,8007,3523,12964,8826,5863,12618,3548,7994,291,178,49,104,51,111,161,39,124,1,359,383,330,252,311,196,149,31,9701,40795,21596,0,0,0,8,12,2,3,0,6,993.0,1,31,2,3,22,2,9,3,3,11,13455.0,3,13,10,11,24,0,9,3,5,11,38855.0,3,18,23,11,3,0,9,3,5,10,54489.0,3
