episode,seat,name,opp,bank,opp_bank,result,COW_d12,SHEEP_d12,GOOSE_d12,crop_STRAWBERRY_d12,crop_WHEAT_d12,crop_TOMATO_d12,crop_CARROT_d12,crop_MELON_d12,land_d12,hands_d12,money_d12,COW_d18,SHEEP_d18,GOOSE_d18,crop_STRAWBERRY_d18,crop_WHEAT_d18,crop_TOMATO_d18,crop_CARROT_d18,crop_MELON_d18,land_d18,hands_d18,money_d18,COW_d26,SHEEP_d26,GOOSE_d26,crop_STRAWBERRY_d26,crop_WHEAT_d26,crop_TOMATO_d26,crop_CARROT_d26,crop_MELON_d26,land_d26,hands_d26,money_d26,sell_req,sell_feas,sell_empty,sell_zero_qty,sell_req_d0_2,sell_feas_d0_2,ord_BUY_PRODUCT,ord_BUY_SEED,ord_BUY_ANIMAL,ord_HIRE,ord_BUY_LAND,min_money_d3_7,rev_WHEAT,units_WHEAT,first_WHEAT,rev_CARROT,units_CARROT,first_CARROT,rev_TOMATO,units_TOMATO,first_TOMATO,rev_STRAWBERRY,units_STRAWBERRY,first_STRAWBERRY,rev_MELON,units_MELON,first_MELON,rev_EGG,units_EGG,first_EGG,rev_MILK,units_MILK,first_MILK,rev_WOOL,units_WOOL,first_WOOL,rev_FERTILIZER,units_FERTILIZER,first_FERTILIZER,rev_total,rev_prem
112194936,0,OPP:吃白饭的大肥鱼,M & M & P & Q,108768.0,113051.0,L,7,9,7,21,24,0,0,7,75,12,11713.0,6,9,7,35,7,1,2,7,75,11,40293.0,6,8,7,14,26,13,1,0,75,13,74908.0,201,201,0,0,5,5,28,43,13,287,2,12.0,11565,292,73,2510,60,457,14568,112,553,44236,274,361,19218,102,247,11558,202,361,10475,103,194,19622,151,149,15193,295,31,148945,119677
112194936,1,M & M & P & Q,OPP:吃白饭的大肥鱼,113051.0,108768.0,W,4,11,0,28,29,0,3,0,75,9,11913.0,4,11,0,41,15,0,4,0,75,9,49254.0,4,9,0,19,36,0,6,0,75,11,90291.0,354,354,0,0,12,12,31,176,60,277,12,1.0,19188,482,4,5347,127,430,0,0,-1,51936,329,342,12276,54,247,0,0,-1,10797,113,194,27500,237,148,10571,164,27,137615,102509
112200593,0,M & M & P & Q,OPP:DECEM,97697.0,96715.0,W,9,5,0,26,26,0,9,0,75,9,13105.0,9,5,0,35,14,0,12,0,75,10,40744.0,9,3,0,10,28,0,25,0,75,10,72525.0,342,342,0,0,13,13,29,203,44,278,14,3.0,14175,448,2,12318,314,338,0,0,-1,45464,270,318,12786,54,247,0,0,-1,20312,240,194,5312,52,148,10854,172,27,121221,83874
112200593,1,OPP:DECEM,M & M & P & Q,96715.0,97697.0,L,6,3,10,22,32,0,2,0,75,11,12063.0,6,3,10,26,14,10,6,0,75,11,39528.0,6,3,10,5,27,8,14,0,75,11,72360.0,510,510,0,0,13,13,30,251,20,292,2,6.0,15932,515,2,5231,147,383,7686,102,527,32294,202,329,13080,60,250,16873,329,266,13278,155,194,6044,48,148,12875,207,27,123293,89255
112206406,0,M & M & P & Q,OPP:Snorlax,94962.0,80731.0,W,10,4,0,28,17,0,16,0,75,10,16291.0,10,4,0,32,10,0,18,0,75,10,47084.0,9,4,0,6,16,0,39,0,75,10,78235.0,341,341,0,0,13,13,27,176,46,265,9,5.0,13497,368,4,20337,432,355,0,0,-1,34901,261,346,12360,54,247,0,0,-1,16933,218,194,9281,90,148,11852,177,27,119161,73475
112206406,1,OPP:Snorlax,M & M & P & Q,80731.0,94962.0,L,10,2,0,30,32,0,0,1,75,7,17742.0,10,3,0,39,14,9,0,0,75,7,36670.0,10,3,0,11,9,15,27,0,75,10,62351.0,150,150,0,0,5,5,16,52,8,217,2,1.0,8209,224,73,7692,195,602,9822,124,554,35123,272,362,18150,78,266,0,0,-1,14665,217,194,6295,75,148,10866,163,26,110822,84055
112208626,0,OPP:Unknown Mother-Goose,M & M & P & Q,66784.0,74084.0,L,8,10,2,10,35,7,0,2,75,11,12783.0,8,10,2,14,22,12,7,0,75,11,43887.0,6,9,2,4,31,3,19,0,75,11,58499.0,408,386,22,0,16,15,26,208,18,296,2,6.0,13738,554,2,8591,311,480,15911,211,430,5209,109,330,22360,104,248,4164,72,382,10809,171,194,31315,255,148,13154,278,27,125251,89768
112208626,1,M & M & P & Q,OPP:Unknown Mother-Goose,74084.0,66784.0,W,8,12,0,12,35,0,8,0,75,10,14769.0,8,12,0,10,21,0,24,0,75,10,52469.0,5,9,0,0,56,0,4,0,75,10,64928.0,377,377,0,0,16,16,35,211,68,271,11,6.0,19818,801,2,10293,296,358,0,0,-1,3261,82,302,12606,54,247,0,0,-1,12179,148,194,29455,242,148,13360,234,27,100972,57501
112212987,0,OPP:mtmr_s1,M & M & P & Q,146752.0,164160.0,L,8,12,4,22,16,23,4,2,100,11,2296.0,8,18,4,23,16,18,0,8,100,12,34513.0,7,18,4,4,32,0,15,4,100,12,100952.0,238,235,3,0,15,15,52,79,24,309,5,6.0,7421,255,2,5994,180,313,5939,118,483,15639,147,354,20346,108,250,4824,105,336,16178,159,194,103497,434,148,12089,230,26,191927,166423
112212987,1,M & M & P & Q,OPP:mtmr_s1,164160.0,146752.0,W,6,18,0,19,32,0,0,0,75,10,11504.0,6,20,0,24,24,0,0,0,75,12,63449.0,6,21,0,4,33,0,6,0,75,12,129145.0,392,392,0,0,15,15,34,156,70,292,5,17.0,13591,426,2,1341,40,623,0,0,-1,14201,161,334,12666,54,247,0,0,-1,18184,167,194,122209,512,148,13829,343,27,196021,167260
112219779,0,OPP:Kaggledew Valley 🏆,M & M & P & Q,107468.0,104194.0,W,6,3,10,18,11,17,0,10,75,8,9736.0,6,3,10,29,0,21,0,6,75,10,29645.0,4,3,10,15,31,3,0,0,75,11,72262.0,309,309,0,0,7,7,30,82,11,264,2,311.0,14221,379,109,1053,27,121,14289,184,454,39750,214,409,18236,102,249,19978,358,241,10326,112,196,5468,59,151,15531,274,29,138852,108047
112219779,1,M & M & P & Q,OPP:Kaggledew Valley 🏆,104194.0,107468.0,L,10,4,0,23,36,0,2,0,75,9,17455.0,10,4,0,34,25,0,2,0,75,10,45017.0,6,4,0,12,33,0,20,0,75,10,82141.0,305,305,0,0,12,12,32,240,39,262,12,22.0,31222,783,4,4994,118,363,0,0,-1,47815,262,346,12942,54,247,0,0,-1,13529,189,194,6242,50,148,9152,130,27,125896,80528
112226836,0,OPP:DECEM,M & M & P & Q,103161.0,108992.0,L,4,12,4,30,24,1,0,0,75,11,9980.0,4,12,4,30,8,13,4,0,75,11,41706.0,4,7,3,9,18,6,25,0,75,11,77831.0,501,501,0,0,13,13,34,224,21,293,2,6.0,12869,357,2,7702,197,383,10263,126,503,33781,235,329,13033,60,250,4908,108,383,10058,105,194,30264,244,148,11558,182,27,134436,102307
112226836,1,M & M & P & Q,OPP:DECEM,108992.0,103161.0,W,4,13,0,28,29,0,1,0,75,9,13235.0,4,13,0,32,11,0,15,0,75,10,48138.0,4,11,0,6,21,0,33,0,75,11,83795.0,364,364,0,0,13,13,33,163,47,276,4,8.0,10048,277,2,18104,421,386,0,0,-1,37981,259,347,12744,54,247,0,0,-1,12684,128,194,34823,278,148,11946,186,27,138330,98232
112233656,0,M & M & P & Q,OPP:mtmr_s1,73035.0,70767.0,W,7,9,0,15,19,0,25,0,75,10,13614.0,6,9,0,16,31,0,13,0,75,10,42309.0,5,8,0,1,52,0,0,0,75,10,61540.0,351,351,0,0,15,15,25,228,56,264,6,5.0,22071,791,2,9147,258,288,0,0,-1,6283,115,312,12948,54,247,0,0,-1,9625,140,194,25037,206,148,11599,203,27,96710,53893
112233656,1,OPP:mtmr_s1,M & M & P & Q,70767.0,73035.0,L,6,5,11,18,10,19,17,3,100,11,5478.0,1,9,11,15,8,19,20,10,100,11,25838.0,0,9,11,6,28,0,13,4,100,11,54873.0,230,229,1,0,15,15,53,81,22,289,3,5.0,8646,309,2,11603,341,313,6879,129,482,7623,105,330,22170,126,250,20625,393,286,3255,39,194,18313,159,148,13889,268,26,113003,78865
112239183,0,OPP:DECEM,M & M & P & Q,93696.0,106696.0,L,9,10,3,19,29,0,2,2,75,11,9358.0,9,14,3,20,17,5,7,0,75,11,42829.0,9,10,3,3,29,6,15,0,75,10,75441.0,525,525,0,0,14,14,36,222,25,292,2,2.0,11038,445,2,6447,197,383,2962,51,506,22434,151,314,14670,72,250,4925,103,267,12308,187,194,37453,267,148,12614,276,27,124851,94752
112239183,1,M & M & P & Q,OPP:DECEM,106696.0,93696.0,W,9,9,0,23,19,0,15,0,75,10,15114.0,9,14,0,26,8,0,18,0,75,11,48201.0,9,12,0,4,37,0,12,0,75,11,86112.0,399,399,0,0,14,14,30,181,50,282,14,11.0,9700,409,2,11195,289,335,0,0,-1,32496,207,322,12888,54,247,0,0,-1,17146,218,194,40052,288,148,12933,267,27,136410,102582
112245959,0,M & M & P & Q,OPP:DECEM,116789.0,116352.0,W,8,9,0,31,25,0,2,0,75,10,12126.0,8,9,0,41,14,0,1,0,75,11,51294.0,8,6,0,11,29,0,21,0,75,10,88160.0,364,364,0,0,13,13,33,197,50,275,14,20.0,15987,402,2,8896,199,432,0,0,-1,49962,323,346,12726,54,247,0,0,-1,24650,217,194,20468,181,148,11583,190,27,144272,107806
112245959,1,OPP:DECEM,M & M & P & Q,116352.0,116789.0,L,9,8,3,29,26,0,0,0,75,11,9375.0,9,8,3,32,14,9,0,0,75,11,44659.0,9,6,3,6,26,8,16,0,75,11,83981.0,485,485,0,0,13,13,35,227,23,294,2,4.0,17651,443,2,4266,100,599,14604,100,527,39184,253,326,13116,60,250,5025,111,277,21806,212,194,18559,159,148,12594,207,27,146805,112294
112245964,0,OPP:mtmr_s1,M & M & P & Q,101084.0,116793.0,L,12,3,2,35,16,0,20,2,100,11,4637.0,16,7,2,44,8,17,0,5,100,14,34356.0,16,7,2,18,32,0,1,4,100,11,83925.0,238,235,3,0,15,15,53,82,20,303,3,6.0,9865,326,2,2279,72,337,5546,109,502,44508,329,378,21816,120,250,4196,74,265,34116,299,194,14421,127,148,14493,274,26,151240,124603
112245964,1,M & M & P & Q,OPP:mtmr_s1,116793.0,101084.0,W,11,4,0,38,21,0,1,0,75,9,14379.0,11,6,0,42,13,0,0,0,75,11,54690.0,11,6,0,8,41,0,2,0,75,11,102326.0,365,365,0,0,15,15,30,204,56,272,10,10.0,16579,538,2,511,18,410,0,0,-1,48577,341,358,12726,54,247,0,0,-1,36894,293,194,17149,144,148,10753,186,27,143189,115346
112246092,0,M & M & P & Q,OPP:mtmr_s1,65171.0,78606.0,L,9,6,0,18,37,0,4,0,75,10,15271.0,9,6,0,18,38,0,4,0,75,11,39510.0,9,4,0,0,40,0,12,0,75,10,56047.0,353,353,0,0,15,15,26,281,54,266,7,5.0,24997,914,2,5225,154,360,0,0,-1,9095,123,314,12840,54,247,0,0,-1,19435,251,194,6060,60,148,10566,185,27,88218,47430
112246092,1,OPP:mtmr_s1,M & M & P & Q,78606.0,65171.0,W,9,3,10,19,24,21,3,3,100,11,4395.0,9,3,12,15,26,29,0,6,100,12,27526.0,9,0,12,6,24,20,4,4,100,11,59285.0,213,212,1,0,15,15,57,81,20,300,3,6.0,7293,271,2,6053,168,289,19250,290,498,9439,104,334,22242,126,250,21003,403,286,15538,186,194,5374,30,148,14888,289,26,121080,92846
112247355,0,M & M & P & Q,OPP:Yannik Schiffner,88696.0,82302.0,W,9,4,0,26,8,0,28,0,75,10,17956.0,9,4,0,32,12,0,17,0,75,10,46768.0,9,4,0,8,6,0,45,0,75,10,74760.0,332,332,0,0,12,12,25,149,54,263,11,13.0,6647,213,11,25511,578,334,0,0,-1,32170,260,326,12684,54,247,0,0,-1,18618,228,194,5696,54,148,11049,178,27,112375,69168
112247355,1,OPP:Yannik Schiffner,M & M & P & Q,82302.0,88696.0,L,9,3,4,23,23,5,2,5,75,10,14545.0,9,3,4,36,11,5,0,7,75,10,39192.0,9,3,4,13,14,1,31,0,75,12,67123.0,1338,1312,3,23,129,129,675,115,23,271,4,0.0,103742,3183,2,9590,239,362,2403,41,434,28970,260,336,59773,295,246,17852,386,154,37918,341,196,7373,90,146,81665,1174,3,349286,154289
112252285,0,M & M & P & Q,OPP:DSM,78352.0,88526.0,L,7,5,0,31,24,0,7,0,75,9,14837.0,7,5,0,30,18,0,14,0,75,11,40869.0,7,5,0,0,49,0,14,0,75,10,62420.0,351,351,0,0,15,15,28,236,41,260,8,20.0,19074,692,2,6674,203,360,0,0,-1,35970,242,342,12780,54,247,0,0,-1,9962,175,194,5473,60,148,10425,162,27,100358,64185
112252285,1,OPP:DSM,M & M & P & Q,88526.0,78352.0,W,5,3,11,28,30,2,8,0,100,11,7239.0,5,3,11,28,25,11,10,0,100,12,36616.0,5,2,10,4,39,9,18,0,100,11,63383.0,474,455,19,0,13,13,29,283,18,320,3,1.0,17507,628,2,8442,275,335,7138,106,482,30870,206,330,14292,66,250,19980,349,287,5973,112,194,5804,38,148,14178,233,27,124184,84057
112258534,0,M & M & P & Q,OPP:ymg_aq,80611.0,76293.0,W,9,5,0,23,36,0,2,0,75,10,17824.0,9,5,0,31,28,0,2,0,75,10,44538.0,9,5,0,10,51,0,0,0,75,10,63537.0,327,327,0,0,14,14,30,241,46,262,6,10.0,18441,728,2,1503,52,385,0,0,-1,27951,251,339,12906,54,247,0,0,-1,23900,258,194,5964,46,148,12812,202,27,103477,70721
112258534,1,OPP:ymg_aq,M & M & P & Q,76293.0,80611.0,L,9,4,3,23,31,2,0,2,75,12,11520.0,9,4,4,28,16,5,6,0,75,11,37323.0,9,4,4,4,29,10,11,0,75,11,56891.0,441,437,4,0,21,17,29,181,15,280,2,0.0,13603,527,2,3139,118,385,5920,88,383,21790,198,329,14436,72,252,7864,124,311,17657,224,197,5444,61,149,11349,196,27,101202,73111
112258610,0,OPP:THUNDER THUNDER,M & M & P & Q,84434.0,97515.0,L,5,5,0,28,24,6,7,0,75,10,12672.0,5,5,3,34,15,10,0,0,75,12,31044.0,5,5,3,8,37,4,12,0,75,12,62425.0,370,370,0,0,11,11,70,138,9,280,2,14.0,16761,473,59,5109,126,261,7006,95,428,42644,267,289,10908,48,248,5092,84,418,7424,134,196,4600,83,150,13796,214,26,113340,77674
112258610,1,M & M & P & Q,OPP:THUNDER THUNDER,97515.0,84434.0,W,6,5,0,27,12,0,25,0,75,9,15629.0,6,5,0,40,20,0,3,0,75,9,38463.0,6,4,0,15,24,0,26,0,75,10,71841.0,309,309,0,0,12,12,20,176,35,256,4,0.0,12547,354,4,14712,354,306,0,0,-1,52335,320,338,12702,54,247,0,0,-1,9919,158,194,6613,49,148,10206,146,27,119034,81569
112260929,0,OPP:tetsuya & yuanzhe & guoqi,M & M & P & Q,82172.0,93093.0,L,8,3,2,35,23,0,0,2,75,11,11878.0,8,3,2,39,12,7,2,0,75,11,39950.0,8,3,2,10,19,8,21,0,75,11,66492.0,413,413,0,0,13,13,34,197,11,290,3,0.0,16193,455,2,5188,131,503,6749,81,529,32067,299,330,14784,72,250,4724,82,335,15183,184,195,5489,55,149,11312,163,27,111689,78996
112260929,1,M & M & P & Q,OPP:tetsuya & yuanzhe & guoqi,93093.0,82172.0,W,9,4,0,38,24,0,0,0,75,9,14459.0,9,4,0,36,20,0,6,0,75,11,47948.0,9,3,0,1,21,0,40,0,75,10,78464.0,336,336,0,0,13,13,32,206,57,266,18,17.0,18386,521,2,9655,232,456,0,0,-1,39464,304,330,12690,54,247,0,0,-1,20731,233,194,5609,57,148,10687,160,27,117222,78494
112264751,0,M & M & P & Q,OPP:Vadim Vasilenko,96184.0,88124.0,W,7,13,0,19,36,0,0,0,75,10,13691.0,7,13,0,23,15,0,16,0,75,11,53274.0,6,7,0,6,32,0,24,0,75,10,76639.0,366,366,0,0,14,14,34,204,50,273,4,12.0,20147,636,2,10192,282,450,0,0,-1,28888,184,318,12690,54,247,0,0,-1,11820,153,194,28417,220,148,12070,200,27,124224,81815
112264751,1,OPP:Vadim Vasilenko,M & M & P & Q,88124.0,96184.0,L,8,10,5,21,29,1,0,0,75,11,11606.0,8,10,5,21,13,10,7,0,75,11,46979.0,6,6,5,2,24,12,20,0,75,11,71894.0,552,494,58,0,14,14,33,223,34,295,4,4.0,18693,596,2,7450,206,455,12936,194,455,24158,165,330,29994,132,250,9328,170,359,10493,172,194,29620,232,148,13609,301,27,156281,116529
112271999,0,OPP:Yannik Schiffner,M & M & P & Q,80816.0,93412.0,L,4,9,2,14,22,0,0,3,75,10,9234.0,4,12,2,15,14,9,11,8,75,11,38935.0,4,12,2,1,44,2,10,0,75,10,67969.0,1256,1210,19,27,129,129,643,126,27,275,3,1.0,108909,3236,2,6912,188,434,4248,68,530,9502,94,338,63550,306,246,11129,208,152,15245,208,196,40580,288,146,92288,1356,3,352363,144254
112271999,1,M & M & P & Q,OPP:Yannik Schiffner,93412.0,80816.0,W,5,12,0,21,32,0,5,0,75,10,11965.0,4,12,0,19,15,0,25,0,75,11,51048.0,4,12,0,0,44,0,12,0,75,10,80018.0,368,368,0,0,12,12,26,202,61,284,9,0.0,12095,463,11,13821,348,361,0,0,-1,16724,161,338,12834,54,247,0,0,-1,4887,87,194,45001,315,148,13424,240,27,118786,79446
112272000,0,M & M & P & Q,OPP:Unknown Mother-Goose,77247.0,72633.0,W,4,13,0,12,15,0,31,0,75,10,15771.0,4,13,0,10,22,0,25,0,75,11,49049.0,4,10,0,0,52,0,8,0,75,11,65030.0,365,365,0,0,13,13,33,199,53,279,4,24.0,13808,560,2,17403,491,312,0,0,-1,4773,74,298,12846,54,247,0,0,-1,8286,105,194,36548,325,148,11915,210,27,105579,62453
112272000,1,OPP:Unknown Mother-Goose,M & M & P & Q,72633.0,77247.0,L,5,12,7,13,24,1,12,0,75,11,11423.0,3,12,7,6,23,5,19,0,75,11,42286.0,1,12,7,1,24,0,29,0,75,11,61142.0,440,439,1,0,14,14,25,210,27,290,2,4.0,9892,390,2,14705,483,335,2260,38,503,4397,66,313,12906,60,250,10717,232,315,4142,61,194,35973,307,148,13614,297,27,108606,70395
112279383,0,M & M & P & Q,OPP:DECEM,125376.0,115904.0,W,11,4,0,19,37,0,4,0,75,10,17608.0,11,4,0,31,21,0,7,0,75,10,55434.0,12,4,0,14,22,0,23,0,75,11,96762.0,387,387,0,0,13,13,32,199,45,271,13,20.0,18345,507,2,8469,234,361,0,0,-1,38865,252,342,12840,54,247,0,0,-1,49053,335,194,11851,100,148,12079,206,27,151502,112609
112279383,1,OPP:DECEM,M & M & P & Q,115904.0,125376.0,L,12,3,4,23,28,1,2,2,75,11,10378.0,13,3,4,28,12,9,5,0,75,11,47324.0,13,3,4,6,22,8,19,0,75,10,91416.0,507,507,0,0,14,14,35,210,22,293,2,2.0,13127,370,2,7440,214,383,6941,91,503,33394,216,330,14718,72,250,5373,119,355,44689,319,194,9783,81,148,12554,215,27,148019,114898
112286808,0,OPP:Yannik Schiffner,M & M & P & Q,82147.0,111093.0,L,6,3,7,26,22,0,2,5,75,10,12270.0,6,3,7,51,3,2,0,3,75,8,37849.0,6,3,7,26,31,2,0,0,75,12,75872.0,1286,1242,5,39,129,129,702,123,22,248,5,0.0,105385,2985,2,504,12,362,1640,16,578,41510,295,338,57610,271,246,19845,403,154,29101,286,196,8512,80,146,81418,1122,3,345525,158218
112286808,1,M & M & P & Q,OPP:Yannik Schiffner,111093.0,82147.0,W,8,5,0,38,22,0,2,0,75,9,12853.0,9,5,0,43,18,0,0,0,75,10,40202.0,9,5,0,10,32,0,17,0,75,10,92154.0,339,339,0,0,12,12,23,190,55,267,11,1.0,19807,499,11,4373,93,361,0,0,-1,58113,356,358,12696,54,247,0,0,-1,20686,232,194,9076,89,148,10102,156,27,134853,100571
112294381,0,M & M & P & Q,OPP:Unknown Mother-Goose,104767.0,99127.0,W,10,11,0,18,36,0,0,0,75,11,15436.0,12,11,0,25,26,0,0,0,75,11,60029.0,12,8,0,7,35,0,12,0,75,11,86407.0,370,370,0,0,13,13,34,179,56,280,5,33.0,15834,574,2,5282,157,548,0,0,-1,14149,170,312,12798,54,247,0,0,-1,28404,263,194,44952,244,148,13168,283,27,134587,100303
112294381,1,OPP:Unknown Mother-Goose,M & M & P & Q,99127.0,104767.0,L,11,10,3,20,28,3,0,0,75,11,11581.0,11,10,2,26,22,3,0,0,75,11,54404.0,11,6,1,5,25,3,23,0,75,11,84224.0,442,441,1,0,14,14,24,236,26,290,2,6.0,12674,489,2,5550,196,551,3248,43,383,16279,171,338,12972,60,250,2466,47,383,27945,259,194,44300,251,148,12476,260,27,137910,107210
112300755,0,M & M & P & Q,OPP:ymg_aq,128856.0,114877.0,W,8,5,0,35,19,0,8,0,75,9,13749.0,8,5,0,42,13,0,7,0,75,11,46950.0,8,5,0,10,26,0,24,0,75,11,98917.0,369,369,0,0,14,14,31,179,45,268,12,2.0,17959,437,2,8493,184,337,0,0,-1,66261,350,346,12918,54,247,0,0,-1,18757,205,194,18479,139,148,10021,149,27,152888,116415
112300755,1,OPP:ymg_aq,M & M & P & Q,114877.0,128856.0,L,7,3,4,35,21,2,1,2,75,11,10583.0,9,6,4,39,8,5,3,0,75,11,36443.0,9,6,4,10,35,5,5,0,75,11,86781.0,438,434,4,0,21,17,39,146,17,290,2,0.0,17235,426,2,3750,84,334,6763,60,479,54471,300,333,14463,72,251,6527,146,262,15208,186,197,13454,112,149,12625,194,27,144496,110886
112301925,0,OPP:Unknown Mother-Goose,M & M & P & Q,88338.0,87654.0,W,4,12,6,25,28,0,0,0,75,10,10708.0,4,12,6,32,19,2,0,0,75,11,45215.0,4,5,6,14,32,5,9,0,75,11,73477.0,449,448,1,0,14,14,25,266,22,290,2,5.0,18128,589,2,2226,64,623,3406,44,575,29282,249,354,13116,60,250,10873,189,359,5548,98,194,27203,222,148,12556,211,27,122338,89428
112301925,1,M & M & P & Q,OPP:Unknown Mother-Goose,87654.0,88338.0,L,4,13,0,31,27,0,0,0,75,9,12890.0,6,13,0,33,21,0,2,0,75,10,45402.0,6,8,0,4,37,0,18,0,75,10,76844.0,346,346,0,0,13,13,34,194,49,268,3,10.0,18234,578,2,6892,177,503,0,0,-1,31871,273,342,12690,54,247,0,0,-1,7844,123,194,26236,219,148,11598,180,27,115365,78641
112307319,0,Unknown Mother-Goose,OPP:QQ农场,151846.0,128863.0,W,14,3,2,38,15,0,0,3,75,11,9823.0,14,3,2,42,9,2,0,3,75,11,53888.0,14,2,2,10,30,5,10,0,75,11,119956.0,354,351,3,0,16,13,41,198,20,293,2,8.0,16245,420,2,3565,84,687,3164,40,623,63378,342,362,13820,78,250,3701,70,383,77516,414,194,6772,55,148,12450,222,27,200611,168351
112307319,1,OPP:QQ农场,Unknown Mother-Goose,128863.0,151846.0,L,12,5,0,33,21,0,0,0,75,10,17317.0,12,5,0,33,25,0,0,0,75,11,46877.0,12,5,0,13,27,0,18,0,75,11,102616.0,428,387,36,5,7,5,74,185,12,266,2,62.0,30767,819,50,22954,536,671,0,0,-1,58170,343,383,16464,72,250,0,0,-1,73946,430,197,4728,110,150,16635,392,31,223664,153308
112308575,0,Unknown Mother-Goose,OPP:by,97663.0,70208.0,W,6,12,3,12,32,4,0,1,75,11,11028.0,6,12,2,13,24,17,0,1,75,11,47056.0,6,6,2,3,30,10,13,0,75,11,73631.0,367,363,4,0,17,14,33,251,22,284,3,8.0,20870,599,2,6959,181,551,11055,169,455,8959,97,312,12732,66,250,3825,70,359,28233,184,194,28207,222,148,13003,212,27,133843,93011
112308575,1,OPP:by,Unknown Mother-Goose,70208.0,97663.0,L,5,9,3,9,22,0,0,0,50,7,16384.0,5,9,3,15,18,0,0,0,50,8,35799.0,5,9,3,8,0,0,25,0,50,10,53131.0,242,242,0,0,10,10,42,94,12,235,1,4.0,10488,296,2,6027,156,576,0,0,-1,9704,116,306,14772,60,245,6058,111,260,21132,144,203,20027,241,155,18839,399,30,107047,71693
112309037,0,OPP:SpaTaro,M & M & P & Q,82446.0,82109.0,W,4,11,0,8,35,0,17,0,75,10,16393.0,4,11,0,22,26,0,12,0,75,9,40277.0,4,10,0,15,40,0,2,0,75,10,62615.0,368,368,0,0,6,6,327,200,11,271,2,1.0,22248,916,3,6896,204,146,0,0,-1,36077,199,349,22914,100,246,0,0,-1,6335,127,194,22975,213,150,14058,248,32,131503,88301
112309037,1,M & M & P & Q,OPP:SpaTaro,82109.0,82446.0,L,5,13,0,10,20,0,27,0,75,10,12849.0,5,13,0,23,17,0,16,0,75,9,41401.0,5,9,0,14,28,0,15,0,75,10,61552.0,338,338,0,0,13,13,31,176,65,266,3,0.0,13559,595,4,11202,333,332,0,0,-1,31752,178,350,11766,54,247,0,0,-1,6291,124,194,20229,206,148,12956,209,27,107755,70038
112309751,0,Unknown Mother-Goose,OPP:Snorlax,93631.0,63588.0,W,4,12,5,13,33,0,0,7,75,11,14984.0,4,12,5,14,20,15,0,5,75,11,48061.0,4,9,5,3,27,15,12,0,75,11,71581.0,367,366,1,0,16,16,34,226,25,285,3,1.0,13474,526,2,4789,144,551,10687,151,503,12015,103,318,20856,101,250,9744,164,336,10214,127,194,33571,252,148,13021,240,27,128371,97087
112309751,1,OPP:Snorlax,Unknown Mother-Goose,63588.0,93631.0,L,6,8,0,17,35,0,0,9,75,7,5037.0,6,8,0,18,33,10,0,0,75,9,33731.0,5,7,0,2,13,10,38,0,75,11,48517.0,151,151,0,0,2,2,9,49,7,226,2,9.0,13810,522,73,6262,213,84,6870,97,554,9120,117,314,10722,54,338,0,0,-1,12965,157,217,18820,169,149,12347,231,49,90916,58497
112310943,0,OPP:kwa,Unknown Mother-Goose,86193.0,104365.0,L,8,10,3,23,21,0,0,5,75,11,10539.0,8,10,3,29,13,8,0,2,75,11,40546.0,10,9,3,6,34,11,0,0,75,11,65424.0,327,327,0,0,8,8,39,155,19,297,18,1.0,19581,531,76,0,0,-1,6387,90,551,25435,222,322,16312,84,247,6248,122,270,21546,189,196,17665,212,149,13016,315,28,126190,93593
112310943,1,Unknown Mother-Goose,OPP:kwa,104365.0,86193.0,W,9,9,3,26,25,0,0,2,75,11,10857.0,9,9,3,27,14,11,0,2,75,11,51303.0,9,8,3,4,27,8,15,0,75,11,84153.0,355,349,6,0,16,13,32,218,27,286,2,8.0,17797,472,2,4043,87,641,7734,105,529,29224,223,318,14766,72,250,5776,113,311,30834,257,194,21410,185,148,12691,243,27,144275,109744
112312166,0,Unknown Mother-Goose,OPP:KawattaTaido,145230.0,135306.0,W,14,3,1,36,15,0,0,6,75,11,10474.0,14,3,1,42,11,0,0,4,75,11,52488.0,12,2,1,11,43,0,6,0,75,11,117987.0,366,359,7,0,18,15,38,217,19,284,2,9.0,26070,585,2,2106,51,671,0,0,-1,70036,344,362,14695,96,250,1684,31,407,54891,346,194,6793,55,148,13341,219,27,189616,148099
112312166,1,OPP:KawattaTaido,Unknown Mother-Goose,135306.0,145230.0,L,14,2,1,41,16,0,0,1,75,11,16161.0,15,2,1,44,12,0,0,1,75,12,41252.0,15,2,1,10,47,0,0,0,75,11,107831.0,305,305,0,0,17,17,51,105,13,294,2,1.0,21611,505,2,2382,59,695,0,0,-1,67549,337,380,18281,83,250,1783,33,361,53178,382,194,4674,58,151,16074,275,31,185532,145465
112312519,0,OPP:DeeperNet,Unknown Mother-Goose,88968.0,106200.0,L,7,4,0,34,26,0,0,1,75,10,16684.0,7,4,0,48,15,0,0,1,75,11,27257.0,7,4,0,16,37,3,8,0,75,11,71951.0,270,270,0,0,14,14,33,106,7,278,2,59.0,17529,413,2,2797,60,693,1248,20,651,55575,344,385,16956,78,250,0,0,-1,5814,154,194,5525,103,151,9232,134,31,114676,85118
112312519,1,Unknown Mother-Goose,OPP:DeeperNet,106200.0,88968.0,W,6,3,7,34,18,0,0,6,75,10,9679.0,6,3,7,48,7,0,0,4,75,11,31423.0,4,3,7,18,37,0,6,0,75,11,83703.0,355,349,6,0,18,15,36,205,17,285,2,6.0,19581,453,2,2259,47,690,0,0,-1,66978,393,366,14712,95,250,17827,269,311,4225,112,194,6022,47,148,13160,196,27,144764,109764
112313392,0,OPP:Planned Economy,Unknown Mother-Goose,69472.0,91503.0,L,8,4,4,36,18,5,0,0,75,8,16271.0,8,4,4,37,10,9,2,1,75,10,30422.0,0,0,4,15,32,6,16,1,75,12,52661.0,258,258,0,0,8,8,47,69,9,270,2,69.0,11901,349,2,11771,215,455,4460,73,476,22352,278,382,17492,84,249,6172,128,381,10995,123,196,4547,67,151,10822,156,31,100512,66018
112313392,1,Unknown Mother-Goose,OPP:Planned Economy,91503.0,69472.0,W,9,3,6,28,23,0,0,5,75,11,11381.0,9,3,6,29,11,0,14,3,75,11,39740.0,4,2,6,2,12,0,49,0,75,11,72358.0,373,365,8,0,18,15,35,190,19,286,3,11.0,12754,348,2,29207,518,407,0,0,-1,29353,211,342,14478,90,250,10014,206,311,10671,156,194,7272,58,148,13179,205,27,126928,71788
112314583,0,OPP:THIRD FARM CLUB,Unknown Mother-Goose,87936.0,97814.0,L,11,3,4,27,18,6,2,3,75,10,6859.0,11,3,5,24,20,7,4,1,75,9,29961.0,11,3,5,18,17,0,18,0,75,9,57139.0,247,243,4,0,10,10,19,66,15,259,2,0.0,12227,339,73,9571,197,366,3348,51,528,35582,194,336,14601,73,250,6596,148,386,14960,188,197,5331,61,149,12898,231,28,115114,80418
112314583,1,Unknown Mother-Goose,OPP:THIRD FARM CLUB,97814.0,87936.0,W,9,3,6,18,16,0,16,6,75,11,14083.0,9,3,6,20,15,2,14,6,75,11,46269.0,5,3,6,3,23,4,31,0,75,11,79555.0,381,373,8,0,13,13,32,211,19,285,2,2.0,17064,462,2,21676,434,311,3010,43,551,28426,169,315,17670,96,250,9569,212,311,16247,162,194,5927,49,148,12367,203,27,131956,80849
112315784,0,OPP:Artem The Farmer 🍅,Unknown Mother-Goose,106091.0,115462.0,L,8,9,0,22,35,0,0,1,75,12,15625.0,10,9,0,22,24,6,2,2,75,11,42920.0,10,9,0,0,28,6,18,1,75,11,75958.0,307,307,0,0,14,14,39,78,12,281,2,29.0,16430,478,2,8390,172,527,3902,57,541,19248,167,386,17148,84,250,0,0,-1,35942,253,195,28220,195,151,11601,236,31,140881,104460
112315784,1,Unknown Mother-Goose,OPP:Artem The Farmer 🍅,115462.0,106091.0,W,8,10,3,24,24,0,0,5,75,11,9584.0,8,10,3,25,17,8,0,3,75,11,46386.0,8,9,3,2,32,8,12,0,75,11,84704.0,371,364,7,0,18,15,34,214,24,286,2,5.0,16584,502,2,7067,144,551,5699,83,527,24341,193,318,14598,90,250,4866,107,311,34829,237,194,35456,221,148,13913,257,27,157353,119789
112316134,0,OPP:Vadim Vasilenko,M & M & P & Q,73177.0,71652.0,W,5,12,5,19,34,2,2,0,100,11,6678.0,5,12,5,28,35,8,0,0,100,11,35442.0,5,4,5,16,35,6,18,0,100,11,58564.0,561,510,51,0,13,13,31,301,23,295,5,5.0,18442,728,2,2774,105,383,6099,123,455,19610,217,334,29928,132,250,11180,175,335,7758,120,194,23860,244,148,14451,301,27,134102,98435
112316134,1,M & M & P & Q,OPP:Vadim Vasilenko,71652.0,73177.0,L,5,12,0,17,39,0,2,0,75,9,13999.0,6,11,0,25,26,0,7,0,75,10,41069.0,6,8,0,10,49,0,0,0,75,10,60029.0,351,351,0,0,15,15,31,231,48,267,9,8.0,21393,861,2,1514,48,383,0,0,-1,19550,205,330,12744,54,247,0,0,-1,11081,161,194,19225,199,148,11443,183,27,96950,62600
112316140,0,OPP:吃白饭的大肥鱼,Unknown Mother-Goose,79262.0,91960.0,L,5,4,11,23,29,1,0,2,75,8,8064.0,5,4,11,28,14,7,6,0,75,11,29798.0,5,0,11,6,32,4,15,0,75,11,57649.0,210,210,0,0,7,7,34,54,7,297,2,7.0,12274,310,121,18287,361,385,3532,50,505,27228,216,361,14250,66,247,11724,277,337,8813,110,203,5361,47,152,13840,273,28,115309,70908
112316140,1,Unknown Mother-Goose,OPP:吃白饭的大肥鱼,91960.0,79262.0,W,6,3,9,21,17,0,11,8,75,11,12741.0,6,3,9,34,7,1,10,5,75,11,38494.0,6,2,8,15,32,1,11,0,75,11,67574.0,367,367,0,0,17,17,39,207,18,285,2,12.0,18145,455,2,16287,315,335,848,12,575,33394,268,342,19116,114,250,13005,298,291,11544,147,194,6204,50,148,13169,228,27,131712,84111
112316964,0,OPP:ShunkiKyoya,Unknown Mother-Goose,94390.0,110729.0,L,8,6,3,34,24,0,0,0,75,9,3058.0,8,6,3,39,16,1,0,2,75,12,28765.0,8,6,3,11,20,4,9,14,75,10,65531.0,174,173,1,0,8,7,27,185,7,259,2,65.0,13628,360,2,5613,100,626,2380,32,650,51660,314,314,15516,90,601,5976,110,290,16552,218,241,6072,152,169,12948,207,49,130345,98156
112316964,1,Unknown Mother-Goose,OPP:ShunkiKyoya,110729.0,94390.0,W,9,3,4,40,13,0,0,5,75,11,13460.0,9,3,4,49,4,2,0,4,75,11,42284.0,9,3,4,14,16,5,24,0,75,11,88095.0,371,368,3,0,16,16,52,186,16,295,2,5.0,14906,378,2,8066,138,623,3450,46,623,63983,403,342,21618,90,250,7666,140,335,16601,208,194,5769,62,148,11237,176,27,153296,119087
112318142,0,Unknown Mother-Goose,OPP:Excluding,106278.0,93106.0,W,9,10,4,15,31,0,0,5,75,11,12885.0,9,10,4,28,20,1,0,3,75,11,53395.0,9,9,4,17,26,3,6,0,75,11,86604.0,363,363,0,0,17,17,28,234,27,285,2,12.0,19169,570,2,992,27,647,2434,32,599,33177,235,330,16452,90,250,6949,119,359,19470,212,194,29930,224,148,14356,277,27,142929,108412
112318142,1,OPP:Excluding,Unknown Mother-Goose,93106.0,106278.0,L,8,10,2,19,23,0,0,2,75,11,12296.0,8,10,2,30,15,7,0,0,75,11,42516.0,8,10,2,13,31,8,0,0,75,11,73863.0,316,316,0,0,21,21,44,80,16,289,2,7.0,17033,500,3,1087,32,694,4854,63,599,35029,233,334,23898,114,247,4270,74,266,17641,188,196,19754,223,151,11336,242,30,134902,105446
112319327,0,OPP:Excluding,Unknown Mother-Goose,91131.0,102603.0,L,11,3,4,14,35,0,0,2,75,11,14989.0,11,3,4,19,27,8,0,0,75,11,42427.0,11,3,4,5,6,8,35,0,75,11,69848.0,324,324,0,0,20,20,39,121,14,289,2,17.0,17639,593,3,7164,234,634,4797,54,622,15927,140,334,20617,101,249,7363,152,266,36121,264,194,5245,87,148,12321,208,28,127194,90070
112319327,1,Unknown Mother-Goose,OPP:Excluding,102603.0,91131.0,W,11,3,5,12,32,5,0,6,75,11,14962.0,11,3,5,16,18,16,0,6,75,11,49832.0,11,2,5,4,28,7,18,0,75,11,82176.0,347,341,6,0,13,13,32,235,23,285,2,3.0,19295,682,2,1883,66,669,12558,147,455,14720,112,318,17028,96,250,9912,206,287,44114,316,194,5971,54,148,13734,236,27,139215,104303
112319629,0,OPP:DSM,M & M & P & Q,84472.0,88042.0,L,5,17,1,18,31,7,0,0,100,12,5154.0,5,18,1,20,21,19,5,0,100,11,50241.0,1,14,1,4,42,7,20,0,100,11,72019.0,456,435,21,0,13,13,29,281,24,307,4,1.0,16218,638,2,7852,268,455,10573,160,455,10841,119,330,13116,60,250,1827,31,407,3477,48,194,50378,356,148,12008,223,27,126290,90212
112319629,1,M & M & P & Q,OPP:DSM,88042.0,84472.0,W,4,19,0,18,34,0,0,0,75,10,11364.0,4,19,0,18,17,0,16,0,75,11,62024.0,4,13,0,6,42,0,10,0,75,10,78590.0,368,368,0,0,15,15,33,196,58,273,4,9.0,16611,658,2,7810,232,431,0,0,-1,8554,133,342,12726,54,247,0,0,-1,5659,71,194,53162,377,148,13392,239,27,117914,80101
112320538,0,OPP:Azat Akhtyamov,Unknown Mother-Goose,95703.0,107625.0,L,6,3,4,24,32,2,0,2,75,11,13183.0,7,3,4,29,21,8,0,0,75,11,39406.0,7,3,4,5,29,13,12,0,75,11,70775.0,3161,681,2480,0,500,16,26,258,12,292,4,11.0,19905,532,2,2414,57,671,22533,294,408,34327,228,305,20185,96,247,17239,339,249,22118,193,194,7325,73,147,10457,168,27,156503,123727
112320538,1,Unknown Mother-Goose,OPP:Azat Akhtyamov,107625.0,95703.0,W,7,3,10,21,27,0,0,5,75,11,12843.0,7,3,10,32,17,1,0,5,75,11,43928.0,7,2,10,13,27,4,11,0,75,11,80991.0,350,344,6,0,16,13,32,228,20,284,2,5.0,19375,533,2,3140,76,690,3167,39,623,41955,270,318,16638,90,250,16658,334,290,23397,198,194,5660,48,148,14208,248,27,144198,107475
112320556,0,Unknown Mother-Goose,OPP:Kaggledew Valley 🏆,138069.0,130706.0,W,5,16,1,20,29,0,0,3,75,11,11500.0,4,21,1,21,23,0,0,3,75,11,53683.0,2,17,1,4,36,2,12,0,75,11,106489.0,353,344,9,0,19,16,33,222,32,285,3,12.0,22706,547,2,3729,73,648,1084,16,671,29220,173,338,16278,78,250,1709,33,407,6758,85,194,85302,460,148,12348,299,27,179134,140351
112320556,1,OPP:Kaggledew Valley 🏆,Unknown Mother-Goose,130706.0,138069.0,L,3,17,1,16,5,12,0,11,75,11,7215.0,3,27,1,20,1,13,0,7,75,10,40000.0,3,25,1,8,28,0,10,0,75,10,95154.0,266,266,0,0,7,7,40,75,14,278,2,369.0,12072,315,86,3217,67,86,6757,97,481,25702,152,361,16374,84,262,1505,29,410,7569,85,197,102703,540,149,14421,288,28,190320,160610
112321773,0,Unknown Mother-Goose,OPP:KawattaTaido,114712.0,102307.0,W,4,3,10,36,17,0,0,5,75,11,8879.0,4,6,10,37,15,0,0,3,75,11,32598.0,2,11,7,3,44,0,6,0,75,11,85574.0,348,338,10,0,18,15,38,207,23,286,3,11.0,22311,530,2,2417,53,694,0,0,-1,44559,281,358,13332,78,250,17159,335,311,3699,71,194,40552,183,148,13937,254,27,157966,119301
112321773,1,OPP:KawattaTaido,Unknown Mother-Goose,102307.0,114712.0,L,5,4,5,40,20,0,0,1,75,11,15044.0,5,5,6,40,17,0,0,1,75,11,29974.0,5,10,6,5,43,4,0,0,75,12,73283.0,305,305,0,0,17,17,44,95,15,291,2,11.0,20824,508,2,664,15,695,3120,39,672,38801,272,385,18792,84,250,10354,210,361,6074,149,194,39513,204,151,14118,267,31,152260,116654
112321796,0,OPP:Kaggledew Valley 🏆,Unknown Mother-Goose,92357.0,104252.0,L,4,4,7,19,16,4,3,11,75,8,4940.0,4,10,7,25,15,6,3,4,75,10,32073.0,4,10,7,6,26,0,22,0,75,10,64621.0,338,338,0,0,7,7,29,67,13,271,2,360.0,11551,347,86,10273,213,86,2554,44,410,27093,198,337,14942,84,263,11537,258,207,7694,107,196,32160,194,150,13420,280,28,131224,95980
112321796,1,Unknown Mother-Goose,OPP:Kaggledew Valley 🏆,104252.0,92357.0,W,6,9,6,21,27,0,0,5,75,11,11930.0,5,9,6,28,14,0,9,4,75,11,45077.0,4,6,5,8,25,1,25,0,75,11,79618.0,383,379,4,0,19,16,33,205,21,286,2,5.0,14738,428,2,14718,304,455,494,10,671,31624,238,318,17418,89,250,9621,218,306,6426,107,194,33568,202,148,12529,221,27,141136,99151
112322970,0,OPP:Otter Vibe,Unknown Mother-Goose,86425.0,101863.0,L,7,3,8,20,30,2,0,4,75,11,13485.0,7,3,9,22,19,14,1,0,75,11,36814.0,7,7,9,8,9,9,10,0,75,13,63550.0,272,272,0,0,8,8,31,70,12,318,2,6.0,11515,314,118,7438,163,121,7122,111,457,24454,172,336,16764,84,249,16506,369,163,12131,138,198,16350,123,146,14237,273,29,126517,93327
112322970,1,Unknown Mother-Goose,OPP:Otter Vibe,101863.0,86425.0,W,6,3,8,28,26,0,0,4,75,11,12304.0,6,3,8,33,17,3,0,4,75,11,40161.0,6,4,8,8,21,6,22,0,75,11,78035.0,347,341,6,0,12,12,30,229,21,285,2,2.0,16283,456,2,6965,150,599,3273,53,599,40026,262,318,14772,83,250,12624,287,270,13905,158,194,15377,99,148,12272,218,27,135497,99977
112324181,0,Unknown Mother-Goose,OPP:Azat Akhtyamov,117216.0,104136.0,W,11,9,2,29,20,0,0,3,75,11,11199.0,11,9,2,31,9,6,4,3,75,11,55979.0,9,9,2,13,5,13,24,0,75,11,92263.0,387,383,4,0,16,13,39,181,24,284,2,0.0,9821,274,2,12213,245,407,7418,102,577,41902,264,318,16224,78,250,2648,55,383,28339,237,194,28461,221,148,13758,264,27,160784,124992
112324181,1,OPP:Azat Akhtyamov,Unknown Mother-Goose,104136.0,117216.0,L,8,9,0,29,24,0,0,2,75,11,9376.0,8,9,0,32,18,1,3,0,75,11,48381.0,8,8,0,11,12,5,29,0,75,11,83812.0,3208,533,2675,0,500,16,25,220,17,291,3,2.0,11420,320,2,10218,200,503,3380,47,592,42065,261,305,19273,90,247,0,0,-1,22606,200,194,28465,247,147,11851,217,27,149278,115789
112325285,0,OPP:Artem The Farmer 🍅,Unknown Mother-Goose,108279.0,119953.0,L,13,2,0,31,28,0,0,0,75,11,18128.0,14,2,0,30,16,12,0,0,75,11,45478.0,14,2,0,5,21,15,18,0,75,11,86266.0,249,249,0,0,14,14,38,77,12,286,2,29.0,17320,434,2,6387,134,602,9884,122,551,29071,229,385,16482,72,250,0,0,-1,44986,330,195,6858,56,151,11193,193,31,142181,107281
112325285,1,Unknown Mother-Goose,OPP:Artem The Farmer 🍅,119953.0,108279.0,W,15,3,2,22,29,0,0,4,75,11,11747.0,15,3,2,25,19,8,0,2,75,11,51809.0,15,3,2,6,30,15,2,0,75,11,96174.0,347,343,4,0,18,15,28,232,22,286,2,10.0,21062,527,2,2206,50,697,10374,129,575,26659,193,346,14082,83,250,3112,61,384,55775,400,194,11601,77,148,13838,243,27,158709,121603
112326557,0,OPP:nah id win,Unknown Mother-Goose,106259.0,106193.0,W,3,10,4,23,26,2,6,1,75,11,14644.0,3,10,4,31,15,5,6,0,75,11,47629.0,3,9,4,14,22,3,19,0,75,11,79714.0,441,441,0,0,10,10,48,94,25,278,4,4.0,12055,374,73,10207,236,335,2611,36,481,44813,237,332,13860,66,250,7083,143,331,6947,99,199,24060,224,147,11340,199,28,132976,99374
112326557,1,Unknown Mother-Goose,OPP:nah id win,106193.0,106259.0,L,5,13,4,13,30,0,5,4,75,11,12418.0,5,13,4,29,19,0,3,2,75,11,46928.0,5,5,4,18,19,1,23,0,75,11,78170.0,361,359,2,0,16,16,30,203,20,286,5,3.0,13584,417,2,11719,279,311,666,9,671,44651,236,336,16368,84,250,6440,132,336,8027,121,194,28222,229,148,13727,242,27,143404,104374
112326816,0,M & M & P & Q,OPP:THIRD FARM CLUB,94391.0,90750.0,W,6,6,0,28,20,0,15,0,75,10,14507.0,6,6,0,37,7,0,19,0,75,10,39610.0,5,6,0,10,20,0,34,0,75,10,73516.0,333,333,0,0,13,13,31,162,44,266,7,12.0,11583,298,4,26268,488,289,0,0,-1,38242,295,338,13278,54,247,0,0,-1,7472,119,194,12886,134,148,8690,129,27,118419,71878
112326816,1,OPP:THIRD FARM CLUB,M & M & P & Q,90750.0,94391.0,L,4,4,10,28,18,2,1,8,75,8,5200.0,4,4,11,32,14,5,0,4,75,10,28035.0,2,7,11,6,23,11,11,3,75,10,56842.0,234,231,3,0,8,8,19,84,15,264,2,13.0,11433,290,61,6994,130,288,11837,105,576,23783,182,408,19205,107,252,17702,410,159,4451,69,197,11282,103,146,15774,280,26,122461,88260
112327795,0,Unknown Mother-Goose,OPP:TheEggman,106224.0,101203.0,W,16,3,2,15,35,1,0,3,75,11,12856.0,16,3,2,16,18,17,0,3,75,11,52349.0,14,3,2,5,39,12,0,0,75,11,84146.0,355,348,7,0,16,13,26,248,25,284,2,6.0,20939,670,2,0,0,-1,13424,177,455,20471,125,315,15960,78,250,3739,70,383,44058,362,194,5724,49,148,13681,233,27,137996,103376
112327795,1,OPP:TheEggman,Unknown Mother-Goose,101203.0,106224.0,L,12,3,5,19,31,5,0,0,75,11,12554.0,12,3,5,18,23,14,0,0,75,11,48282.0,12,3,5,4,28,7,13,0,75,10,82320.0,474,470,4,0,16,15,24,233,19,279,2,51.0,21926,663,2,3598,112,671,9800,126,455,20373,137,314,13446,60,250,8066,152,359,36013,278,194,5707,50,148,11509,204,27,130438,93405
112329088,0,Unknown Mother-Goose,OPP:mtmr_s1,114739.0,119258.0,L,9,3,8,25,23,0,3,4,75,11,13482.0,9,3,7,40,8,4,0,4,75,11,42309.0,9,3,6,18,19,6,13,0,75,11,87579.0,347,342,5,0,15,12,40,205,22,284,2,2.0,16115,405,2,6263,129,312,4664,62,551,57051,334,358,16788,84,250,9192,220,311,26199,238,194,5865,64,148,13612,237,27,155749,119759
112329088,1,OPP:mtmr_s1,Unknown Mother-Goose,119258.0,114739.0,W,9,4,7,29,40,0,7,0,100,12,5660.0,9,4,7,35,0,18,27,0,100,12,31873.0,9,0,7,14,8,29,29,4,100,13,80176.0,245,243,2,0,13,13,34,78,20,324,3,69.0,11188,287,2,20488,395,334,17204,222,594,49091,280,382,17142,90,250,8536,204,265,24328,222,194,5436,40,148,11525,178,27,164938,121737
112330292,0,OPP:DECEM,Unknown Mother-Goose,104337.0,106614.0,L,9,3,7,29,26,0,0,1,75,11,10919.0,9,3,8,30,11,14,0,0,75,11,41007.0,5,2,8,8,27,11,13,0,75,10,77791.0,498,498,0,0,13,13,32,237,20,290,2,5.0,17757,432,2,3713,87,614,10199,135,527,40003,234,330,14293,66,250,11338,240,267,16229,169,194,5490,57,148,11483,185,27,130505,97552
112330292,1,Unknown Mother-Goose,OPP:DECEM,106614.0,104337.0,W,9,3,8,25,25,0,0,5,75,11,12052.0,9,3,8,28,16,6,0,5,75,11,43100.0,7,3,8,6,33,9,9,0,75,11,81286.0,362,356,6,0,16,13,34,243,23,286,2,6.0,24372,590,2,4451,104,599,7758,103,527,41249,241,318,16778,89,250,13602,289,311,18082,191,194,5661,56,148,13442,230,27,145395,103130
112330549,0,OPP:Unknown Mother-Goose,M & M & P & Q,80205.0,87865.0,L,12,9,1,13,31,8,0,0,75,11,11915.0,12,9,1,11,19,12,11,0,75,11,43363.0,8,7,1,1,36,5,17,0,75,11,66358.0,439,437,2,0,14,14,22,251,24,290,2,6.0,14458,579,2,6120,231,455,10475,118,383,11587,96,313,12972,60,250,1449,27,431,22581,249,194,22849,205,148,12098,258,27,114589,81913
112330549,1,M & M & P & Q,OPP:Unknown Mother-Goose,87865.0,80205.0,W,13,9,0,11,41,0,0,0,75,11,14420.0,13,9,0,12,19,0,18,0,75,10,51675.0,11,5,0,4,46,0,7,0,75,10,71464.0,397,397,0,0,13,13,37,210,53,272,13,27.0,19604,771,2,7097,215,408,0,0,-1,16242,105,315,12798,54,247,0,0,-1,28600,283,194,17883,167,148,13415,261,27,115639,75523
112331545,0,Unknown Mother-Goose,OPP:Azat Akhtyamov,101717.0,87430.0,W,5,17,1,22,26,0,0,1,75,11,10598.0,5,17,1,23,18,6,0,1,75,11,58246.0,4,12,1,4,36,8,7,0,75,11,80567.0,376,366,10,0,16,13,34,246,27,285,4,5.0,19462,593,2,1919,59,647,4640,71,527,22653,166,318,14394,66,250,2099,33,407,8487,122,194,51336,359,148,12874,252,27,137864,103609
112331545,1,OPP:Azat Akhtyamov,Unknown Mother-Goose,87430.0,101717.0,L,5,16,0,23,24,0,0,2,75,11,9769.0,5,16,0,22,22,7,0,0,75,11,49976.0,5,11,0,1,31,11,12,0,75,11,69420.0,3134,486,2648,0,500,16,26,251,20,291,3,18.0,14679,449,2,1617,52,647,8064,123,569,18919,171,305,20306,96,247,0,0,-1,9644,134,194,49946,351,147,12912,261,27,136087,106879
112332765,0,OPP:Kaggledew Valley 🏆,Unknown Mother-Goose,85224.0,99421.0,L,11,6,0,18,4,14,0,11,75,9,6161.0,11,11,0,20,6,19,0,7,75,10,37159.0,10,7,0,3,27,0,23,0,75,10,67045.0,351,351,0,0,7,7,35,85,12,271,2,324.0,13907,385,86,9604,195,86,10240,152,454,11861,128,361,15342,84,255,0,0,-1,28286,254,197,19964,159,151,14099,286,28,123303,85693
112332765,1,Unknown Mother-Goose,OPP:Kaggledew Valley 🏆,99421.0,85224.0,W,12,10,1,20,27,0,0,3,75,11,11992.0,12,10,1,21,20,5,4,2,75,11,52958.0,9,8,1,1,20,2,33,0,75,11,80050.0,392,388,4,0,19,16,29,209,23,285,2,3.0,19215,489,2,18019,350,527,2650,43,529,21664,164,335,16920,78,250,1472,29,407,23713,259,194,25500,216,148,11872,241,27,141025,91919
112333964,0,OPP:Kaggledew Valley 🏆,Unknown Mother-Goose,86722.0,90779.0,L,9,3,6,16,4,10,0,12,75,10,7371.0,10,3,6,26,5,17,0,6,75,10,35128.0,10,0,6,11,40,3,0,0,75,11,68910.0,382,382,0,0,7,7,32,78,13,275,2,634.0,18777,521,86,1077,30,86,9295,136,454,18721,200,337,15803,90,256,11862,224,217,25229,230,197,5010,45,150,13942,267,28,119716,85920
112333964,1,Unknown Mother-Goose,OPP:Kaggledew Valley 🏆,90779.0,86722.0,W,11,3,5,21,28,2,0,5,75,11,11844.0,11,3,5,27,16,10,0,3,75,11,45160.0,9,2,5,6,27,13,12,0,75,11,71967.0,382,378,4,0,19,16,25,238,20,286,2,19.0,20908,543,2,3650,96,599,7260,112,479,24729,214,346,17076,84,250,9483,179,311,24302,256,194,6284,42,148,12269,221,27,125961,89134
112335107,0,Unknown Mother-Goose,OPP:Kaggledew Valley 🏆,138868.0,135385.0,W,11,9,1,30,20,0,0,3,75,11,11840.0,11,9,1,38,14,0,0,2,75,11,59142.0,11,8,0,4,40,0,11,0,75,11,111476.0,353,349,4,0,19,16,37,218,27,294,2,5.0,23062,527,2,2528,56,647,0,0,-1,38418,269,346,17268,78,250,935,19,407,62679,323,194,25860,202,148,13107,272,27,183857,145160
112335107,1,OPP:Kaggledew Valley 🏆,Unknown Mother-Goose,135385.0,138868.0,L,11,6,1,26,13,2,0,9,75,10,4504.0,11,9,1,31,13,3,0,6,75,9,44376.0,11,8,1,6,32,2,0,2,75,11,104307.0,291,291,0,0,7,7,33,64,14,272,2,292.0,21911,523,86,705,18,86,2264,31,482,33262,248,337,14544,84,261,1396,29,363,67036,330,197,20223,168,150,13075,261,28,174416,138725
112337955,0,OPP:mtmr_s1,M & M & P & Q,87449.0,99177.0,L,8,3,7,26,19,0,31,4,100,11,5608.0,10,5,7,38,10,17,3,6,100,11,33718.0,10,7,7,14,29,6,21,0,100,11,68760.0,234,233,1,0,15,15,55,79,21,300,3,6.0,12811,391,2,10932,256,330,5644,105,505,29586,245,382,19800,102,250,10597,221,286,16465,183,194,15593,130,148,14013,246,26,135441,97685
112337955,1,M & M & P & Q,OPP:mtmr_s1,99177.0,87449.0,W,9,5,0,28,20,0,13,0,75,10,18181.0,9,5,0,34,25,0,2,0,75,11,50412.0,9,5,0,7,10,0,38,0,75,10,85929.0,377,377,0,0,15,15,30,196,53,271,8,9.0,14725,424,2,13890,326,336,0,0,-1,31964,276,342,13044,54,247,0,0,-1,22993,230,194,16699,139,148,10903,171,27,124218,84700
112342619,0,OPP:Vadim Vasilenko,Unknown Mother-Goose,88299.0,90741.0,L,9,10,3,20,31,1,0,0,75,11,10480.0,9,10,3,30,19,4,0,0,75,11,47536.0,9,9,3,11,23,5,15,0,75,11,73512.0,538,483,55,0,13,12,31,242,26,306,2,5.0,16456,551,2,4322,150,587,3640,65,482,27194,261,330,30942,132,250,6584,122,267,26947,245,194,19680,203,148,13029,301,27,148794,114987
112342619,1,Unknown Mother-Goose,OPP:Vadim Vasilenko,90741.0,88299.0,W,9,9,3,23,27,0,0,3,75,11,10903.0,9,9,3,34,17,0,0,3,75,11,45268.0,9,7,3,14,33,1,8,0,75,11,74843.0,354,349,5,0,16,13,29,234,26,285,2,8.0,14430,542,2,1251,45,671,491,9,647,29675,259,318,15948,78,250,6093,113,311,26892,249,194,17789,178,148,12831,253,27,125400,96888
112346122,0,M & M & P & Q,OPP:Vadim Vasilenko,89103.0,79804.0,W,6,12,0,10,27,0,20,0,75,10,13612.0,8,11,0,16,7,0,33,0,75,10,43639.0,8,5,0,7,32,0,17,0,75,10,67467.0,374,374,0,0,15,15,29,214,49,273,5,19.0,12466,528,2,12676,355,312,0,0,-1,20750,133,330,12690,54,247,0,0,-1,25914,231,194,19052,196,148,12215,224,27,115763,78406
112346122,1,OPP:Vadim Vasilenko,M & M & P & Q,79804.0,89103.0,L,6,11,4,10,35,6,5,0,100,11,7871.0,7,11,4,14,20,10,25,0,100,11,37039.0,7,6,4,4,38,5,23,0,100,11,62140.0,518,455,63,0,13,13,29,260,23,298,4,5.0,14776,596,2,10222,339,359,7844,114,455,15555,116,334,29994,132,250,5509,121,359,21016,192,194,22798,205,148,13567,344,27,141281,102716
112349656,0,Unknown Mother-Goose,OPP:nah id win,98289.0,96808.0,W,4,12,3,24,23,0,4,4,75,11,11273.0,4,12,3,29,22,3,0,2,75,11,46879.0,4,8,3,7,35,7,11,0,75,11,76341.0,392,391,1,0,16,16,26,226,20,285,3,9.0,15965,523,2,6544,175,311,3114,65,575,35683,245,342,16296,84,250,7080,120,335,8798,109,194,33326,246,148,12846,219,27,139652,104297
112349656,1,OPP:nah id win,Unknown Mother-Goose,96808.0,98289.0,L,3,13,2,21,26,2,4,1,75,11,12249.0,3,13,2,24,24,5,3,0,75,11,48133.0,3,10,2,4,24,6,20,0,75,12,73030.0,458,458,0,0,10,10,46,91,28,281,4,4.0,14942,453,73,8343,224,379,3021,58,457,29453,185,334,13830,66,250,4314,74,335,7863,100,199,32632,279,147,11763,193,28,126161,91113
112354231,0,OPP:Azat Akhtyamov,M & M & P & Q,130744.0,152253.0,L,6,15,0,25,21,0,0,2,75,11,9714.0,7,15,0,25,19,6,0,0,75,11,53633.0,7,15,0,2,30,13,4,0,75,11,104528.0,3135,485,2650,0,498,14,38,220,21,290,4,4.0,13427,409,2,531,14,647,10423,136,571,16193,181,305,20208,96,247,0,0,-1,36647,201,194,75408,396,147,12759,325,27,185596,158879
112354231,1,M & M & P & Q,OPP:Azat Akhtyamov,152253.0,130744.0,W,6,18,0,21,30,0,0,0,75,10,11509.0,7,18,0,20,30,0,0,0,75,12,65842.0,8,18,0,0,42,0,3,0,75,12,124461.0,385,385,0,0,13,13,35,169,74,292,8,3.0,17247,543,2,1143,30,624,0,0,-1,13103,161,342,12696,54,247,0,0,-1,37027,205,194,90701,464,148,13066,301,27,184983,153527
112356786,0,Unknown Mother-Goose,OPP:Kaggledew Valley 🏆,106440.0,87746.0,W,4,18,1,14,35,0,0,3,75,11,12415.0,4,18,1,16,16,0,15,3,75,11,57286.0,2,18,1,4,18,0,31,0,75,11,86600.0,380,369,11,0,19,16,27,202,27,284,3,93.0,13684,393,2,17547,347,456,0,0,-1,11420,118,336,16062,77,250,1874,36,407,3896,60,194,65247,447,148,12103,265,27,141833,98499
112356786,1,OPP:Kaggledew Valley 🏆,Unknown Mother-Goose,87746.0,106440.0,L,3,18,3,8,4,7,0,12,75,11,8181.0,3,18,3,19,8,9,9,4,75,10,43849.0,0,20,3,11,8,0,21,0,75,11,74012.0,323,323,0,0,7,7,39,74,15,280,2,401.0,8331,259,86,13255,275,86,4037,72,457,7204,126,362,16512,90,260,4380,84,386,5042,52,195,63100,422,149,14159,280,28,136020,100275
112357010,0,Unknown Mother-Goose,OPP:mtmr_s1,123649.0,115151.0,W,14,3,2,37,16,0,0,3,75,11,10680.0,14,3,2,48,5,0,0,3,75,11,53335.0,12,2,2,17,35,1,6,0,75,11,105389.0,352,344,8,0,15,12,39,208,22,283,2,3.0,14591,482,2,1419,43,692,372,6,671,61946,392,354,16128,78,250,3036,56,383,46201,328,194,9777,66,148,13267,232,27,166737,137460
112357010,1,OPP:mtmr_s1,Unknown Mother-Goose,115151.0,123649.0,L,17,3,1,37,13,0,0,2,75,12,10105.0,17,3,1,48,17,2,10,2,100,12,42238.0,17,1,1,24,19,0,30,0,100,11,97579.0,219,217,2,0,13,13,44,77,22,323,3,12.0,15406,440,2,8108,218,382,750,12,553,59493,383,382,14574,72,250,1457,27,361,40954,314,194,7235,50,148,12526,208,27,160503,124463
112361804,0,M & M & P & Q,OPP:DSM,134680.0,131997.0,W,14,3,0,35,23,0,0,0,75,10,13260.0,14,7,0,39,13,0,0,0,75,12,55645.0,14,7,0,6,33,0,14,0,75,11,112088.0,401,401,0,0,15,15,35,174,50,289,9,1.0,15465,475,2,3111,85,649,0,0,-1,53876,306,358,12834,54,247,0,0,-1,41732,322,194,25903,156,148,11805,241,27,164726,134345
112361804,1,OPP:DSM,M & M & P & Q,131997.0,134680.0,L,15,3,3,34,29,0,0,0,100,11,4706.0,15,7,3,42,20,4,0,0,100,13,49116.0,12,7,3,17,35,3,14,0,100,11,101481.0,488,475,13,0,13,13,32,276,25,325,10,5.0,17182,515,2,2939,87,659,2596,39,551,53970,319,334,13080,60,250,4499,94,311,38341,291,194,30891,191,148,13938,270,27,177436,143377
112361930,0,M & M & P & Q,OPP:Unknown Mother-Goose,112181.0,114749.0,L,11,4,0,26,31,0,3,0,75,10,15782.0,11,7,0,32,19,0,6,0,75,11,51119.0,11,6,0,9,25,0,24,0,75,11,88027.0,373,373,0,0,14,14,36,185,43,272,14,14.0,20633,584,2,8199,198,384,0,0,-1,38984,259,312,12852,54,247,0,0,-1,27168,261,194,20294,156,148,11440,198,27,139570,99298
112361930,1,OPP:Unknown Mother-Goose,M & M & P & Q,114749.0,112181.0,W,10,3,6,26,26,4,0,0,75,11,11981.0,10,6,6,27,19,7,0,0,75,11,44686.0,9,4,6,6,31,9,10,0,75,11,81113.0,413,413,0,0,14,14,24,238,23,288,2,7.0,18126,528,2,2042,57,623,19081,105,407,32558,214,314,12906,60,250,8986,200,311,23015,226,194,19887,151,148,13610,250,27,150211,116433
112364025,0,OPP:qianqiuwushang,吃白饭的大肥鱼,77087.0,96700.0,L,8,6,3,30,21,3,0,0,75,10,16289.0,8,6,3,30,25,3,0,0,75,11,37954.0,8,6,3,10,27,0,18,0,75,11,60543.0,355,340,11,4,7,5,75,187,12,267,2,136.0,16376,419,50,5671,117,674,912,12,528,25413,258,383,15936,72,250,4879,91,361,20145,249,197,5145,105,150,16917,358,31,111394,72430
112364025,1,吃白饭的大肥鱼,OPP:qianqiuwushang,96700.0,77087.0,W,9,4,7,21,26,4,0,4,75,10,13999.0,9,4,7,28,12,9,2,4,75,9,40860.0,9,0,7,7,31,9,12,0,75,12,71178.0,226,226,0,0,5,5,31,51,12,279,2,20.0,17409,442,73,7335,148,457,10454,136,481,29110,216,361,15378,84,247,12784,238,266,15199,176,194,6219,54,149,14272,284,31,128160,89144
112364218,0,吃白饭的大肥鱼,OPP:🪏Harvest Moon,100852.0,76109.0,W,8,10,5,21,25,2,0,3,75,11,11254.0,8,10,6,21,16,6,5,3,75,10,45533.0,5,8,6,0,16,22,18,0,75,11,69502.0,214,214,0,0,5,5,27,47,14,286,2,2.0,15573,413,73,8903,181,457,15984,190,505,18128,132,361,14682,78,247,8576,155,385,6605,107,194,32378,206,149,14214,298,31,135043,96353
112364218,1,OPP:🪏Harvest Moon,吃白饭的大肥鱼,76109.0,100852.0,L,6,11,0,33,20,0,0,0,75,11,14493.0,6,11,0,33,25,0,0,0,75,11,41742.0,6,11,0,13,31,0,14,0,75,12,58375.0,253,245,4,4,7,5,43,186,12,281,2,136.0,13586,376,50,4733,105,674,0,0,-1,19653,254,385,15834,72,249,0,0,-1,9556,191,196,37079,283,151,14080,343,31,114521,82122
112364883,0,吃白饭的大肥鱼,OPP:Ghost Rule,153672.0,142123.0,W,8,16,2,21,23,0,0,3,75,12,9865.0,6,16,2,28,12,8,0,3,75,10,46716.0,3,16,2,7,31,15,1,0,75,12,105463.0,209,209,0,0,5,5,30,49,13,288,2,11.0,12486,325,73,4086,84,529,10440,128,577,36652,222,361,15018,78,247,3006,58,409,6458,96,194,87244,388,149,15053,336,31,190443,158818
112364883,1,OPP:Ghost Rule,吃白饭的大肥鱼,142123.0,153672.0,L,4,14,0,22,20,0,0,1,75,10,14146.0,4,16,0,27,17,6,0,1,75,11,47374.0,4,15,0,9,23,5,18,0,75,12,105902.0,277,258,9,19,7,6,55,135,19,288,2,1.0,13943,352,51,6136,137,624,4480,54,574,31241,207,385,16482,78,250,0,0,-1,8090,113,196,81279,367,151,12134,243,31,173785,141572
112365512,0,Unknown Mother-Goose,OPP:M & M & P & Q,101944.0,92317.0,W,8,12,2,20,26,3,0,4,75,11,11223.0,8,12,2,24,17,10,0,2,75,11,51476.0,6,9,2,6,17,7,28,0,75,11,81626.0,367,365,2,0,15,15,39,198,23,282,3,20.0,14296,407,2,12161,301,551,8459,109,479,31098,203,342,18954,84,250,2492,53,383,9500,147,194,31215,249,148,12457,224,27,140632,101718
112365512,1,OPP:M & M & P & Q,Unknown Mother-Goose,92317.0,101944.0,L,7,10,5,18,20,0,4,11,75,10,4357.0,6,9,5,29,13,20,9,9,100,11,28087.0,4,5,5,7,34,13,25,2,100,12,63968.0,242,242,0,0,4,4,20,61,14,292,3,6.0,17813,567,72,14501,329,96,13430,172,530,25013,161,357,13343,77,384,8130,171,194,8499,92,216,19123,141,168,12902,212,40,132754,87538
112365514,0,OPP:Vadim Vasilenko,M & M & P & Q,79116.0,76139.0,W,6,3,11,20,29,4,12,0,100,11,7949.0,6,3,11,34,17,8,10,0,100,11,33191.0,5,3,11,12,34,6,19,0,100,11,62629.0,559,512,47,0,13,13,29,257,20,297,3,5.0,15018,548,2,11177,343,335,10074,138,434,22845,259,330,29928,132,250,19637,382,267,7320,136,194,10666,87,148,16854,350,27,143519,100470
112365514,1,M & M & P & Q,OPP:Vadim Vasilenko,76139.0,79116.0,L,8,5,0,23,26,0,13,0,75,9,14946.0,8,5,0,33,16,0,12,0,75,10,37580.0,8,5,0,10,38,0,14,0,75,10,63137.0,357,357,0,0,15,15,30,225,45,261,15,5.0,18165,627,2,8464,238,312,0,0,-1,26912,246,318,12744,54,247,0,0,-1,9319,176,194,14028,134,148,9658,154,27,99290,63003
112366067,0,OPP:摆烂小分队 🏆,吃白饭的大肥鱼,66443.0,78668.0,L,6,6,5,33,21,0,0,0,75,10,14156.0,6,6,6,17,29,4,7,0,75,10,26634.0,4,1,6,4,10,10,34,1,75,11,44043.0,245,233,7,5,7,5,60,117,13,262,2,146.0,15317,433,50,16345,324,433,5151,72,592,11803,102,385,16482,78,250,9441,192,265,6175,85,197,4852,60,150,14761,268,31,100327,53904
112366067,1,吃白饭的大肥鱼,OPP:摆烂小分队 🏆,78668.0,66443.0,W,8,4,9,20,23,6,1,4,75,11,12922.0,8,4,9,14,27,9,0,4,75,11,33338.0,2,2,9,0,20,3,38,0,75,13,60251.0,225,225,0,0,5,5,29,55,14,282,2,23.0,16354,473,73,16065,330,337,6630,94,481,14858,124,361,15564,84,247,15500,310,266,4375,71,194,6778,63,149,14533,278,31,110657,63705
112367384,0,吃白饭的大肥鱼,OPP:KouFu,114348.0,83387.0,W,9,4,6,21,29,0,2,4,75,10,14200.0,9,4,6,17,27,0,6,4,75,10,40842.0,9,3,6,0,7,30,20,0,75,10,60507.0,228,228,0,0,5,5,28,45,11,285,2,6.0,13422,366,73,14341,243,313,50426,240,649,14124,126,356,15468,84,247,6961,160,266,18535,202,194,6442,61,149,14547,284,31,154266,111956
112367384,1,OPP:KouFu,吃白饭的大肥鱼,83387.0,114348.0,L,9,5,3,33,21,0,0,0,75,10,15345.0,9,5,3,33,18,1,6,0,75,11,35288.0,9,5,3,13,16,14,25,0,100,13,45350.0,365,353,8,5,7,5,76,182,12,281,3,136.0,11692,317,50,10099,176,458,19892,96,638,18472,265,383,15936,72,250,3810,90,361,25309,274,197,5014,106,150,17070,347,31,127294,88433
112368471,0,吃白饭的大肥鱼,OPP:forever young,170851.0,139987.0,W,13,3,3,21,34,0,0,1,75,10,13418.0,13,6,4,44,5,2,0,1,75,10,50257.0,13,13,4,23,18,2,0,2,75,11,107497.0,195,195,0,0,6,6,29,41,16,285,2,1.0,9271,261,73,0,0,-1,1002,16,601,74176,352,385,15102,78,247,6084,117,361,48257,299,194,44703,205,149,14277,309,29,212872,189324
112368471,1,OPP:forever young,吃白饭的大肥鱼,139987.0,170851.0,L,12,5,0,33,21,0,0,0,75,10,16040.0,12,5,0,33,25,0,0,0,75,11,47332.0,12,5,0,13,27,0,18,0,75,12,109140.0,441,376,65,0,7,5,87,183,12,273,2,146.0,47251,1293,51,16727,505,671,0,0,-1,67204,317,383,15936,72,250,0,0,-1,58507,482,197,34862,184,150,16897,453,31,257384,176509
112369717,0,OPP:datnt114,吃白饭的大肥鱼,94615.0,115679.0,L,9,5,3,33,21,0,0,0,75,10,16663.0,9,5,3,33,25,0,0,0,75,11,43429.0,9,5,3,13,27,0,18,0,75,11,73511.0,367,363,1,3,6,5,74,188,12,265,2,136.0,14022,380,50,3221,97,674,0,0,-1,21935,251,383,15936,72,250,4894,93,361,44747,269,197,4917,87,150,15759,346,31,125431,92429
112369717,1,吃白饭的大肥鱼,OPP:datnt114,115679.0,94615.0,W,11,4,6,21,30,1,2,0,75,11,12272.0,12,4,6,22,20,11,0,0,75,11,50788.0,12,0,6,1,33,15,4,3,75,12,82944.0,219,219,0,0,5,5,29,45,14,285,2,7.0,18653,517,73,1216,33,313,15760,203,505,21608,166,337,15360,78,247,10692,202,266,45253,270,194,6407,50,149,14386,305,31,149335,115080
112369884,0,吃白饭的大肥鱼,OPP:DECEM,87662.0,92662.0,L,8,4,6,21,26,4,0,6,75,11,14383.0,8,10,6,25,15,4,1,6,75,9,25679.0,0,10,6,8,31,3,17,0,75,12,61202.0,211,211,0,0,5,5,26,56,14,277,2,12.0,13039,400,73,10435,239,385,3400,56,506,29120,190,313,17966,95,247,8728,200,266,4385,59,194,23583,147,149,13255,290,31,123911,87182
112369884,1,OPP:DECEM,吃白饭的大肥鱼,92662.0,87662.0,W,8,3,11,10,20,2,34,1,100,11,7573.0,4,7,8,24,15,7,27,0,100,11,33407.0,2,6,8,15,15,9,34,0,100,11,67199.0,604,604,0,0,13,13,44,257,22,295,3,27.0,10794,329,2,24903,553,296,3923,65,434,24966,161,327,13860,66,248,10912,250,267,5464,79,194,20603,159,148,13855,258,27,129280,79728
112370937,0,OPP:ShunkiKyoya,吃白饭的大肥鱼,72988.0,98849.0,L,5,5,8,24,28,0,0,0,75,11,5061.0,5,5,8,30,26,0,0,0,75,11,23684.0,5,5,8,7,19,7,8,16,75,11,41608.0,178,177,1,0,8,7,24,193,7,251,2,83.0,15758,456,2,3593,69,626,4272,56,632,33276,240,338,12192,96,697,12142,233,290,7157,134,217,6200,144,169,13314,221,49,107904,75239
112370937,1,吃白饭的大肥鱼,OPP:ShunkiKyoya,98849.0,72988.0,W,8,4,7,21,24,2,0,9,75,11,15324.0,8,4,7,27,17,3,0,9,75,9,36319.0,6,2,7,7,28,10,15,0,75,10,69488.0,205,205,0,0,5,5,26,51,13,281,2,26.0,14323,392,73,12698,232,553,7140,93,478,31826,216,361,26964,114,247,12086,230,266,5308,88,194,5829,53,149,14172,271,31,130346,89153
112371161,0,吃白饭的大肥鱼,OPP:fuxi,140289.0,117553.0,W,11,3,5,29,26,0,0,0,75,10,16606.0,11,9,6,32,9,8,0,0,75,10,43379.0,11,20,6,9,24,5,0,0,75,10,83897.0,191,191,0,0,6,6,33,43,15,284,2,7.0,11981,286,73,0,0,-1,3974,64,553,33736,234,361,15012,60,247,6756,146,266,32468,231,194,66856,288,149,12648,280,29,183431,158802
112371161,1,OPP:fuxi,吃白饭的大肥鱼,117553.0,140289.0,L,8,3,4,30,32,0,0,15,100,10,3848.0,8,6,4,36,8,14,0,9,100,12,31914.0,8,9,0,8,33,13,4,2,100,12,92728.0,284,284,0,0,8,8,67,91,14,281,3,9.0,9807,244,117,1067,30,96,7655,117,529,36047,268,360,18816,108,266,4882,102,285,34629,231,196,35145,162,168,15945,456,26,163993,137174
112372115,0,吃白饭的大肥鱼,OPP:SpaTaro,114747.0,110951.0,W,8,10,6,21,26,1,0,1,75,12,12437.0,8,10,6,29,13,6,2,1,75,10,50996.0,8,9,6,9,26,14,0,3,75,11,88730.0,229,229,0,0,6,6,27,47,11,286,2,18.0,11321,323,73,4171,104,454,9540,128,505,37282,232,361,16836,84,247,8501,159,405,25172,200,194,26238,181,149,14265,314,29,153326,123569
112372115,1,OPP:SpaTaro,吃白饭的大肥鱼,110951.0,114747.0,L,6,9,0,16,44,0,0,0,75,10,13984.0,8,9,0,34,22,0,0,0,75,10,52777.0,8,8,0,22,28,0,8,0,75,11,91155.0,364,364,0,0,9,9,442,157,17,280,3,0.0,31009,887,4,4149,103,95,0,0,-1,37182,261,332,23143,102,246,0,0,-1,31166,245,194,32671,252,150,13023,228,33,172343,124162
112373313,0,吃白饭的大肥鱼,OPP:Ebi,162035.0,136962.0,W,8,12,7,24,18,2,0,1,75,11,13714.0,11,12,8,35,6,2,0,1,75,10,47532.0,11,7,8,14,35,0,0,0,75,11,113527.0,201,201,0,0,4,4,29,41,15,281,2,29.0,18114,391,73,114,3,577,1056,16,505,56172,278,361,15792,66,247,7391,144,385,54873,263,194,34079,208,149,13817,312,33,201408,169363
112373313,1,OPP:Ebi,吃白饭的大肥鱼,136962.0,162035.0,L,5,12,1,27,10,0,0,13,75,7,7127.0,6,12,1,41,6,0,0,4,75,9,42604.0,6,12,1,18,36,0,0,1,75,12,101985.0,259,259,0,0,3,3,107,30,6,262,2,43.0,279385,6120,111,540,15,216,0,0,-1,58146,300,381,15654,84,381,2054,40,265,39432,189,213,27788,252,168,12537,298,42,435536,143074
112373909,0,吃白饭的大肥鱼,OPP:Planned Economy,113014.0,94360.0,W,11,4,5,21,27,1,2,4,75,11,12097.0,13,4,5,31,13,4,1,4,75,10,42994.0,13,0,5,8,42,7,0,0,75,11,82900.0,228,228,0,0,6,6,30,48,15,291,2,3.0,25639,539,73,1293,34,337,6510,80,506,30766,226,361,14076,84,247,7115,144,266,40537,290,194,6506,53,149,14041,305,29,146483,105510
112373909,1,OPP:Planned Economy,吃白饭的大肥鱼,94360.0,113014.0,L,8,4,3,30,15,3,3,6,75,9,16707.0,13,5,3,40,2,6,0,6,75,12,35523.0,13,0,3,18,36,5,0,0,75,12,67491.0,228,228,0,0,8,8,49,54,11,287,2,67.0,12686,281,2,324,9,359,5512,69,478,31612,284,383,18672,108,249,4958,102,355,46386,325,196,4684,73,151,13298,279,31,138132,111824
112373910,0,Unknown Mother-Goose,OPP:mtmr_s1,114714.0,104167.0,W,5,17,1,12,36,1,0,2,75,11,11024.0,5,17,1,16,28,6,0,2,75,11,52916.0,2,16,1,7,31,6,12,0,75,11,97139.0,366,357,9,0,15,12,29,234,31,288,4,3.0,18706,650,2,2316,84,647,3212,62,455,12485,131,318,15546,72,250,1839,32,407,7844,83,194,75463,437,148,13690,262,27,151101,116389
112373910,1,OPP:mtmr_s1,Unknown Mother-Goose,104167.0,114714.0,L,4,17,2,15,43,1,0,0,100,12,2335.0,3,18,3,18,15,26,12,3,100,12,40235.0,0,18,3,12,25,9,8,0,100,11,85030.0,236,233,3,0,13,13,37,74,28,322,5,57.0,11111,398,2,5910,165,478,11133,180,457,16638,166,330,15972,78,250,5199,90,398,4299,45,194,72042,411,148,12657,241,27,154961,125283
112373912,0,M & M & P & Q,OPP:nah id win,108046.0,103229.0,W,13,3,0,28,31,0,0,0,75,10,17100.0,13,3,0,36,19,0,4,0,75,10,50172.0,7,3,0,11,27,0,27,0,75,10,87882.0,342,342,0,0,16,16,39,183,65,261,15,12.0,20501,539,2,9343,226,456,0,0,-1,49222,295,370,12978,54,249,0,0,-1,23881,248,194,5387,52,148,11559,180,27,132871,91468
112373912,1,OPP:nah id win,M & M & P & Q,103229.0,108046.0,L,11,3,3,28,28,1,0,1,75,11,11162.0,11,3,3,37,12,9,0,0,75,11,44080.0,9,3,3,13,27,9,10,0,75,11,76614.0,409,409,0,0,10,10,46,87,26,278,4,2.0,16567,439,73,3374,87,599,8294,92,507,47060,281,360,13762,66,250,6193,109,311,16663,221,199,5813,77,147,11813,185,28,129539,97785
112374579,0,OPP:KawattaTaido,吃白饭的大肥鱼,98184.0,105206.0,L,9,12,0,17,35,0,0,1,75,11,14637.0,9,12,0,16,21,9,5,1,75,11,49220.0,8,12,0,0,10,12,32,0,75,11,76422.0,356,356,0,0,16,16,86,112,14,293,6,6.0,14204,425,2,15238,321,505,8822,110,529,3008,53,385,20368,95,250,0,0,-1,28942,250,194,49231,318,148,25334,483,31,165147,110371
112374579,1,吃白饭的大肥鱼,OPP:KawattaTaido,105206.0,98184.0,W,11,12,3,16,27,0,1,4,75,12,11046.0,11,12,3,0,26,19,0,4,75,11,48790.0,9,11,3,0,23,7,22,0,75,11,84371.0,217,217,0,0,6,6,27,54,15,296,2,20.0,13405,401,73,9223,207,336,14026,168,529,5894,52,337,15384,84,247,3531,75,433,27936,224,194,41050,236,149,13586,301,29,144035,107821
112375036,0,吃白饭的大肥鱼,OPP:YumeNeko,122729.0,107866.0,W,11,4,5,30,24,0,0,0,75,10,14258.0,11,4,5,40,15,0,0,0,75,9,54685.0,11,1,5,19,27,0,8,4,75,13,99100.0,214,214,0,0,6,6,27,52,12,284,2,18.0,15223,391,73,8114,158,409,0,0,-1,51308,298,361,18462,84,247,8148,158,352,30991,234,194,7060,52,149,16385,292,29,155691,115969
112375036,1,OPP:YumeNeko,吃白饭的大肥鱼,107866.0,122729.0,L,13,2,1,32,21,0,0,3,75,11,5856.0,14,2,2,44,10,3,0,0,75,11,41137.0,13,0,2,21,26,1,4,0,75,12,91248.0,211,211,0,0,5,5,22,65,10,285,11,0.0,13529,356,97,2094,40,614,1485,23,506,57686,336,336,12198,60,250,3126,61,362,32152,281,197,4660,39,150,10728,179,34,137658,111307
112375769,0,OPP:Orbital Terraformer,吃白饭的大肥鱼,123870.0,136406.0,L,10,3,2,30,26,0,0,1,75,11,11915.0,10,6,2,33,18,1,0,0,75,11,48230.0,10,6,2,5,41,3,0,0,75,11,97981.0,665,558,107,0,18,17,32,247,16,289,3,2.0,26042,644,2,0,0,-1,5994,72,643,46182,249,326,20190,102,250,7267,140,325,30204,274,195,33822,169,149,12019,242,27,181720,143659
112375769,1,吃白饭的大肥鱼,OPP:Orbital Terraformer,136406.0,123870.0,W,10,3,5,19,32,0,0,3,75,12,13172.0,10,8,6,28,16,2,2,3,75,10,42006.0,5,10,6,10,30,14,0,0,75,11,86993.0,224,224,0,0,5,5,29,49,16,286,2,27.0,16741,411,73,1753,43,457,9200,110,601,42388,222,313,16362,78,247,8161,158,266,22014,172,194,40942,195,149,14202,297,31,171763,139067
112376792,0,OPP:yomogii,Boey,104903.0,130707.0,L,6,11,0,33,20,0,0,0,75,11,16318.0,6,11,0,33,25,0,0,0,75,12,48253.0,6,11,0,13,27,19,18,0,100,14,71412.0,491,393,98,2,7,6,64,190,13,301,3,73.0,42807,1142,2,19040,471,671,49428,436,662,40403,335,382,16200,72,250,0,0,-1,56799,328,197,36665,392,151,17522,481,31,278864,199495
112376792,1,Boey,OPP:yomogii,130707.0,104903.0,W,10,10,3,17,32,0,0,3,75,10,12074.0,10,10,3,24,26,0,0,1,75,12,58971.0,10,9,3,8,41,0,3,0,75,12,102019.0,3437,3437,0,0,135,135,989,186,40,288,2,1.0,215443,5773,2,8963,214,594,0,0,-1,64297,387,357,73024,376,246,40124,896,152,273676,1631,196,56612,455,146,174889,5357,4,907028,507733
112376987,0,吃白饭的大肥鱼,OPP:c0nrad,112372.0,102456.0,W,7,11,3,21,26,5,1,0,75,11,12549.0,6,16,4,20,15,13,1,0,75,12,43892.0,3,16,4,0,40,4,8,0,75,12,92033.0,226,226,0,0,5,5,27,50,13,298,2,8.0,19957,484,73,8438,192,337,7006,104,481,19578,142,361,14204,59,247,3952,86,266,13294,116,194,49026,272,149,14248,330,31,149703,107060
112376987,1,OPP:c0nrad,吃白饭的大肥鱼,102456.0,112372.0,L,9,9,0,17,5,22,0,13,75,6,9853.0,9,13,0,12,17,21,0,3,75,13,29614.0,9,13,0,0,38,0,15,0,75,12,82074.0,123,123,0,0,1,1,24,34,9,267,2,70.0,13630,371,121,16936,365,193,12970,170,432,5404,48,409,19275,108,250,0,0,-1,22693,238,201,51886,286,152,12376,243,48,155170,112228
112378021,0,OPP:Yizhou,Boey,123857.0,141435.0,L,9,5,3,33,21,0,0,0,75,10,17101.0,9,5,3,43,25,0,0,0,100,12,35696.0,9,5,3,23,27,0,18,0,100,14,89226.0,351,347,4,0,6,5,75,188,12,287,3,131.0,15509,399,50,5118,107,674,0,0,-1,78193,344,383,16416,72,250,3784,91,361,27156,264,197,6146,97,150,15423,364,31,167745,131695
112378021,1,Boey,OPP:Yizhou,141435.0,123857.0,W,10,2,7,36,15,0,0,5,75,10,11874.0,10,2,7,42,12,0,0,2,75,11,46242.0,10,2,7,14,32,0,9,0,75,11,104386.0,3284,3284,0,0,135,135,882,139,27,283,3,0.0,173204,4655,2,27688,553,591,0,0,-1,100091,428,356,61266,323,246,103397,2430,152,107196,999,196,7542,77,146,195139,5169,3,775523,379492
112378187,0,吃白饭的大肥鱼,OPP:Yannik Schiffner,157957.0,153333.0,W,15,3,3,22,28,1,0,3,75,11,12689.0,15,3,3,37,13,1,0,3,75,9,51486.0,15,0,3,16,30,11,0,0,75,10,109489.0,196,196,0,0,5,5,28,45,13,281,2,2.0,19324,434,73,480,12,529,7858,94,505,57066,294,384,15918,78,247,3875,87,335,66253,327,194,5939,52,149,15713,300,31,192426,156909
112378187,1,OPP:Yannik Schiffner,吃白饭的大肥鱼,153333.0,157957.0,L,9,3,3,28,23,0,2,5,75,10,14542.0,9,3,3,51,2,3,0,3,75,10,49571.0,9,3,3,28,27,4,0,0,75,13,109538.0,1329,1328,1,0,129,129,690,120,23,274,4,1.0,121892,3325,2,504,14,362,2583,31,624,71659,378,336,56071,271,246,16152,348,154,81869,387,196,7142,90,146,80547,1138,3,438419,235476
112378715,0,OPP:DSM,M & M & P & Q,84946.0,78560.0,W,9,3,8,25,32,12,0,0,100,11,6114.0,8,3,8,24,17,25,7,0,100,11,33175.0,4,2,8,6,35,9,25,0,100,11,64595.0,431,416,15,0,13,13,26,287,21,301,3,1.0,18138,604,2,7513,220,431,15805,210,455,23076,172,330,13014,60,250,14162,257,311,8966,131,194,5860,42,148,13224,219,27,119758,80883
112378715,1,M & M & P & Q,OPP:DSM,78560.0,84946.0,L,8,5,0,28,30,0,4,0,75,9,16117.0,8,5,0,27,12,0,23,0,75,10,43056.0,8,5,0,0,41,0,17,0,75,10,64170.0,358,358,0,0,15,15,35,230,42,260,8,20.0,19047,647,2,11225,294,330,0,0,-1,27829,221,326,12780,54,247,0,0,-1,14188,198,194,5362,53,148,11561,191,27,101992,60159
112379212,0,Boey,OPP:𝕯𝖊𝖔𝖉𝖎𝖒𝖘 & 𝕮𝖔,123510.0,96930.0,W,4,3,11,34,19,0,0,4,75,10,13247.0,4,3,11,39,17,0,0,1,75,11,41409.0,4,2,11,8,42,0,7,0,75,12,98013.0,3276,3276,0,0,132,132,966,163,23,278,3,1.0,246461,6221,2,26451,556,638,0,0,-1,110917,541,331,55568,272,246,171265,3290,153,13758,351,196,10464,96,146,191408,4582,3,826292,361972
112379212,1,OPP:𝕯𝖊𝖔𝖉𝖎𝖒𝖘 & 𝕮𝖔,Boey,96930.0,123510.0,L,6,6,5,33,21,0,0,0,75,10,14130.0,6,6,5,33,25,0,0,0,75,11,32310.0,6,6,5,13,27,0,18,0,75,11,74354.0,382,367,11,4,8,5,104,189,12,265,2,132.0,164900,3687,50,4549,97,674,0,0,-1,54938,285,383,16296,72,250,8268,160,265,5586,185,197,12485,127,150,15721,340,31,282743,97573
112379400,0,OPP:SpaTaro,吃白饭的大肥鱼,115128.0,115882.0,L,12,2,0,25,36,0,0,0,75,9,13866.0,12,15,0,25,21,0,0,0,75,11,41111.0,8,15,0,0,50,0,0,0,75,11,96834.0,365,365,0,0,7,7,458,158,23,289,6,2.0,38475,1084,8,316,9,113,0,0,-1,33646,206,330,20296,90,248,0,0,-1,31492,275,194,50679,303,150,14768,327,27,189672,136113
112379400,1,吃白饭的大肥鱼,OPP:SpaTaro,115882.0,115128.0,W,12,3,5,21,32,0,0,2,75,10,13659.0,12,14,5,28,12,2,0,2,75,12,43886.0,5,14,5,7,42,2,0,0,75,10,91543.0,217,217,0,0,6,6,27,45,14,297,2,14.0,20005,571,73,1254,36,693,1028,16,601,34202,208,361,14508,72,247,7687,137,357,24166,194,194,40400,238,149,14491,327,29,157741,121991
112380409,0,Boey,OPP:Kurokawa,103117.0,108332.0,L,4,11,5,25,26,0,1,3,75,10,11405.0,4,11,5,28,22,0,5,0,75,11,49086.0,3,8,5,6,27,0,24,0,75,11,79604.0,3585,3585,0,0,135,135,1008,189,35,280,2,0.0,245627,6361,2,109539,1973,279,0,0,-1,56981,337,327,55264,266,246,65777,1537,152,27899,418,196,50505,420,146,157132,4165,3,768724,256426
112380409,1,OPP:Kurokawa,Boey,108332.0,103117.0,W,6,11,0,33,20,0,0,0,75,11,14420.0,6,11,0,33,25,0,0,0,75,11,38198.0,6,11,0,13,17,10,28,0,100,12,56557.0,283,276,3,4,6,5,45,188,12,293,3,129.0,12929,328,50,8745,165,553,37558,80,647,32770,258,386,16140,72,249,0,0,-1,12022,180,196,20826,247,151,13006,318,31,153996,119316
112380571,0,吃白饭的大肥鱼,OPP:ymg_aq,80248.0,74219.0,W,9,4,7,21,28,4,0,2,75,9,9181.0,9,4,8,23,13,12,4,2,75,9,37858.0,5,1,8,5,39,5,7,4,75,11,60112.0,208,208,0,0,5,5,26,49,14,275,2,17.0,21068,616,73,3081,87,481,6472,96,481,16200,146,313,17736,90,247,15076,270,265,10512,121,194,5790,64,149,15402,275,31,111337,71786
112380571,1,OPP:ymg_aq,吃白饭的大肥鱼,74219.0,80248.0,L,8,3,5,24,30,3,0,2,75,10,11860.0,9,3,8,24,11,7,10,0,75,11,39624.0,9,3,8,3,25,9,16,0,75,11,57684.0,486,482,4,0,21,17,34,187,18,284,2,16.0,18180,524,2,6383,190,407,5943,94,383,14435,156,323,15051,72,252,13026,233,302,11989,158,198,5379,57,149,10899,192,27,101285,65823
112381583,0,OPP:GanadorPlusUltra,Boey,97723.0,119639.0,L,6,4,7,33,21,0,0,0,75,10,14597.0,6,4,7,33,25,0,0,0,75,11,31426.0,2,4,7,13,27,10,18,0,100,13,66025.0,300,289,6,5,7,5,76,185,12,288,3,139.0,18485,447,50,6054,111,674,10768,80,647,51380,254,383,16296,72,250,9457,221,265,4531,120,197,4985,69,150,15656,309,31,137612,97417
112381583,1,Boey,OPP:GanadorPlusUltra,119639.0,97723.0,W,4,3,12,30,22,0,0,4,75,10,13653.0,3,3,12,36,19,0,0,1,75,11,40542.0,1,3,12,7,41,0,10,0,75,11,87691.0,3382,3382,0,0,131,131,972,159,25,274,5,0.0,230652,5809,2,22315,399,596,0,0,-1,80169,378,326,63461,339,247,159217,3628,152,13451,252,196,7972,104,146,206989,4809,3,784226,324270
112381770,0,OPP:Otter Vibe,吃白饭的大肥鱼,91525.0,97403.0,L,4,8,7,15,34,1,0,6,75,12,11042.0,4,8,7,22,11,19,0,3,75,14,41621.0,4,8,7,7,39,6,1,0,75,13,68881.0,278,278,0,0,8,8,31,63,8,320,2,1.0,18659,479,118,2056,56,121,10448,152,480,25352,176,334,17874,102,249,13920,291,163,9030,107,198,24803,179,146,13049,265,29,135191,101427
112381770,1,吃白饭的大肥鱼,OPP:Otter Vibe,97403.0,91525.0,W,8,10,6,21,26,0,0,0,75,12,11337.0,8,10,7,29,14,7,0,0,75,11,38394.0,6,8,7,9,35,7,2,0,75,12,68644.0,221,221,0,0,5,5,29,48,13,284,2,10.0,19747,500,73,3347,85,505,4032,64,529,31830,216,361,13604,59,247,9909,213,266,10688,118,194,23209,168,149,15527,323,31,131893,93272
112382303,0,OPP:DSM,M & M & P & Q,107136.0,99293.0,W,9,3,8,27,37,4,0,0,100,11,6974.0,9,3,8,33,23,15,0,0,100,12,40697.0,9,2,8,10,39,8,7,0,100,11,77701.0,460,448,12,0,13,13,32,295,20,316,3,5.0,17556,637,2,1499,49,635,8787,129,455,39175,240,326,12966,60,250,15807,283,311,27988,251,194,5960,42,148,14422,238,27,144160,110683
112382303,1,M & M & P & Q,OPP:DSM,99293.0,107136.0,L,9,4,0,32,30,0,0,0,75,9,16241.0,9,4,0,33,26,0,0,0,75,11,50014.0,9,4,0,3,46,0,11,0,75,10,80492.0,334,334,0,0,15,15,35,237,42,276,9,1.0,19487,729,2,1609,48,599,0,0,-1,41551,264,342,12888,54,247,0,0,-1,31542,270,194,5469,52,148,9981,155,27,122527,91450
112382792,0,Boey,OPP:kuro0315,124499.0,100572.0,W,4,10,8,22,26,0,0,5,75,11,11404.0,2,13,8,27,21,0,1,2,75,11,46096.0,2,13,8,5,31,0,12,0,75,12,95249.0,3637,3637,0,0,133,133,1180,177,36,286,2,0.0,219743,6122,2,54056,1090,429,0,0,-1,80307,458,326,61423,329,247,97939,2109,153,16787,348,196,114456,629,146,175650,4908,4,820361,370912
112382792,1,OPP:kuro0315,Boey,100572.0,124499.0,L,6,9,2,33,21,0,0,0,75,10,13835.0,6,9,2,33,25,0,0,0,75,11,39039.0,6,9,2,13,27,0,18,0,75,11,77580.0,367,349,14,4,8,6,73,187,12,269,2,188.0,15072,421,50,6014,133,674,0,0,-1,36297,289,383,16374,72,250,3474,76,265,7642,193,197,40549,223,150,13864,365,31,139286,104336
112382966,0,吃白饭的大肥鱼,OPP:Sida Zuo,113171.0,100660.0,W,8,12,6,21,23,1,0,1,75,11,12728.0,8,12,6,29,12,6,1,1,75,10,52185.0,5,9,6,9,31,1,13,0,75,11,81738.0,221,221,0,0,6,6,31,54,13,282,2,4.0,18063,467,73,8299,165,457,3512,48,505,36506,222,361,14742,66,247,5540,111,385,13566,137,194,33742,207,149,14049,314,29,148019,107608
112382966,1,OPP:Sida Zuo,吃白饭的大肥鱼,100660.0,113171.0,L,6,11,0,26,27,0,0,4,75,11,14198.0,6,11,0,30,0,19,5,4,75,11,45258.0,6,11,0,5,5,16,30,0,75,11,77010.0,313,313,0,0,8,8,47,132,13,287,2,6.0,4823,129,143,13747,285,450,8914,128,566,33597,239,382,15570,78,250,0,0,-1,17346,172,196,29928,251,150,12253,252,26,136178,105355
112383216,0,Unknown Mother-Goose,OPP:DECEM,98680.0,96720.0,W,10,3,9,13,33,0,0,5,75,11,13355.0,10,3,9,25,13,2,8,5,75,11,40902.0,10,3,8,14,18,3,19,0,75,11,71048.0,355,350,5,0,16,13,30,215,23,285,2,6.0,14476,442,2,10751,204,479,2694,36,575,28388,212,318,16878,90,250,11835,277,291,29634,268,194,5674,45,148,14563,295,27,134893,95103
112383216,1,OPP:DECEM,Unknown Mother-Goose,96720.0,98680.0,L,9,3,9,19,33,0,1,1,75,11,12650.0,9,3,9,24,14,8,8,0,75,11,40297.0,8,3,7,7,20,5,25,0,75,11,71267.0,508,508,0,0,13,13,33,218,21,290,2,4.0,15316,459,2,12970,254,335,6724,90,527,24364,186,328,14298,66,250,10746,252,265,23838,212,194,5684,53,148,11228,203,27,125168,85654
112383976,0,OPP:RangerSnow,Boey,67071.0,91353.0,L,8,9,0,31,21,0,0,0,75,10,15459.0,8,9,0,32,25,0,0,0,75,11,40410.0,8,9,0,12,27,0,18,0,75,11,54791.0,344,320,9,15,7,5,80,184,12,270,2,142.0,28589,782,50,4796,121,674,0,0,-1,20418,284,383,16296,72,250,0,0,-1,14339,244,197,20452,211,150,15452,391,31,120342,71505
112383976,1,Boey,OPP:RangerSnow,91353.0,67071.0,W,7,9,5,20,29,0,1,4,75,11,12243.0,7,9,5,23,19,0,10,2,75,11,47741.0,7,9,5,3,30,0,21,0,75,11,74530.0,3580,3580,0,0,131,131,1118,195,31,279,2,0.0,192701,5557,2,85222,1833,278,0,0,-1,55671,403,330,57484,306,246,58124,1266,152,44612,791,197,45345,463,146,170692,4602,5,709851,261236
112384144,0,OPP:Yannik Schiffner,吃白饭的大肥鱼,133632.0,150193.0,L,4,13,2,16,26,1,1,3,75,10,11678.0,6,15,2,17,20,12,0,3,75,10,51495.0,6,15,2,1,41,5,0,0,75,12,109167.0,1308,1276,2,30,129,129,691,143,35,285,2,1.0,125860,3617,2,945,22,362,6528,86,434,16381,135,336,61130,286,246,9364,202,152,39561,266,196,72165,363,146,94356,1389,3,426290,205129
112384144,1,吃白饭的大肥鱼,OPP:Yannik Schiffner,150193.0,133632.0,W,8,19,1,21,20,0,0,3,75,12,9944.0,8,19,1,28,10,6,0,3,75,12,49064.0,9,18,1,8,24,9,6,0,75,11,112826.0,203,203,0,0,5,5,31,47,13,294,2,15.0,11934,310,73,4494,99,529,5532,72,577,32760,208,361,16434,78,247,993,23,409,31907,193,194,73828,369,149,14570,344,31,192452,161454
112384473,0,OPP:AI是我的豆包,Boey,105619.0,120898.0,L,8,3,5,29,25,1,0,2,75,11,10349.0,8,3,5,38,7,7,4,1,75,11,38357.0,5,2,5,14,11,8,24,1,75,12,78836.0,286,286,0,0,9,9,19,236,10,287,2,5.0,8928,254,72,10072,190,551,4762,68,409,56507,300,360,16960,84,250,6454,143,265,12332,156,194,6350,74,148,10201,158,26,132566,103365
112384473,1,Boey,OPP:AI是我的豆包,120898.0,105619.0,W,8,3,7,33,19,0,0,5,75,9,14094.0,8,3,7,39,16,0,0,2,75,11,44923.0,7,2,7,8,24,0,27,0,75,11,92805.0,3302,3302,0,0,146,146,1368,163,27,271,3,2.0,229258,6400,3,66853,1237,526,0,0,-1,107540,537,357,69785,354,246,91829,2049,153,62795,727,197,7073,87,146,204650,4319,3,839783,339022
112385139,0,Boey,OPP:quantara.cv,77666.0,48547.0,W,4,3,13,12,38,0,2,3,75,10,15147.0,4,3,13,12,30,0,13,0,75,11,40199.0,4,3,13,0,25,0,27,0,75,11,60818.0,3946,3946,0,0,132,132,914,180,26,281,2,1.0,169499,5139,2,98990,2395,355,0,0,-1,12538,155,327,55529,262,246,205376,4427,152,31360,473,196,8926,174,146,171241,4506,3,753459,313729
112385139,1,OPP:quantara.cv,Boey,48547.0,77666.0,L,6,6,5,33,21,0,0,0,75,10,14290.0,6,6,5,33,25,0,0,0,75,11,25263.0,6,6,5,13,18,0,27,0,75,11,35246.0,376,359,13,4,7,5,70,177,12,265,2,131.0,12050,384,50,5151,147,650,0,0,-1,9527,288,383,16374,72,250,6968,158,265,11475,205,197,5222,109,150,14242,355,31,81009,49566
112385319,0,吃白饭的大肥鱼,OPP:DECEM,110946.0,105224.0,W,9,4,7,20,25,4,0,5,75,11,12736.0,9,9,7,21,15,8,1,5,75,10,33600.0,6,11,7,5,34,1,10,1,75,11,67929.0,224,224,0,0,5,5,28,52,16,288,2,20.0,15032,413,73,5708,136,481,5210,72,481,20798,160,313,18060,94,247,8294,185,266,19287,172,194,41326,205,149,13764,299,31,147479,112975
112385319,1,OPP:DECEM,吃白饭的大肥鱼,105224.0,110946.0,L,9,3,9,21,32,0,1,0,75,11,12759.0,9,7,9,20,13,10,7,0,75,11,42962.0,6,5,8,1,27,8,20,0,75,10,77649.0,522,522,0,0,13,13,36,237,22,288,2,2.0,16683,459,2,6646,155,335,5970,85,505,17814,154,313,13302,60,250,11380,254,265,19262,174,194,29262,149,148,12378,254,27,132697,96990
112385471,0,吃白饭的大肥鱼,OPP:DECEM,79759.0,85327.0,L,10,3,9,15,25,6,1,4,75,12,11545.0,10,3,10,5,26,15,2,4,75,11,35238.0,9,2,10,4,39,4,3,3,75,13,61614.0,224,224,0,0,5,5,25,47,13,288,2,10.0,17754,617,73,1677,49,337,8206,128,481,5938,79,313,18120,97,247,15786,305,266,22174,202,194,7899,60,149,14683,325,31,112237,78123
112385471,1,OPP:DECEM,吃白饭的大肥鱼,85327.0,79759.0,W,12,3,5,8,41,13,0,1,100,11,8285.0,12,3,5,5,31,32,0,0,100,11,40561.0,9,3,5,2,40,9,19,0,100,11,68412.0,565,565,0,0,13,13,36,321,20,289,3,27.0,25854,837,2,2052,76,599,15168,238,448,3400,47,313,13846,66,249,8328,161,287,25645,235,194,9211,71,148,12317,218,27,115821,75598
112386353,0,OPP:kwa,Boey,113407.0,130459.0,L,9,10,0,23,22,3,0,5,75,11,6865.0,9,10,0,30,6,16,0,2,75,11,40111.0,9,8,0,7,27,22,0,0,75,11,79015.0,339,339,0,0,8,8,47,145,16,298,18,1.0,18009,511,76,0,0,-1,19660,180,359,42802,232,322,16836,84,247,0,0,-1,29025,211,195,17745,201,149,10748,247,28,154825,126068
112386353,1,Boey,OPP:kwa,130459.0,113407.0,W,11,10,3,18,28,0,0,5,75,10,9908.0,10,10,3,24,26,0,0,1,75,11,60059.0,10,8,3,6,35,0,13,0,75,11,97694.0,3287,3287,0,0,136,136,1024,165,32,279,3,0.0,221672,5969,2,27318,578,593,0,0,-1,52812,272,354,65345,342,246,38072,854,152,164066,1178,196,50356,459,146,177820,5159,3,797461,370651
112386510,0,吃白饭的大肥鱼,OPP:HowardLeeTW,151437.0,140305.0,W,8,19,2,21,15,2,0,1,75,12,10006.0,2,28,3,8,27,4,0,1,75,13,29100.0,2,28,3,3,34,2,0,1,75,13,122484.0,182,182,0,0,5,5,34,43,17,299,2,20.0,15441,393,73,1131,30,505,1718,32,481,13324,114,313,14974,71,247,4077,73,409,5896,78,194,127229,565,149,14438,305,31,198228,167218
112386510,1,OPP:HowardLeeTW,吃白饭的大肥鱼,140305.0,151437.0,L,4,16,0,20,23,1,5,6,75,11,10490.0,4,23,0,21,14,6,0,4,75,11,43741.0,4,26,0,1,32,0,11,0,75,11,109897.0,248,248,0,0,14,14,46,81,24,293,2,15.0,9616,283,2,2400,63,358,2195,41,457,12237,150,314,16740,96,257,0,0,-1,6409,82,195,119421,547,149,14104,362,27,183122,157002
112386644,0,OPP:tw1nstar,Boey,68857.0,103662.0,L,6,17,0,33,20,0,0,0,100,13,8805.0,6,17,0,33,25,0,0,0,100,13,40222.0,6,17,0,13,31,0,14,0,100,13,56302.0,299,289,6,4,7,5,59,186,13,302,3,129.0,11252,341,50,4350,103,674,0,0,-1,10437,249,385,16296,72,249,0,0,-1,15251,198,196,52023,384,151,12413,404,31,122022,94007
112386644,1,Boey,OPP:tw1nstar,103662.0,68857.0,W,5,17,3,11,34,0,0,5,75,10,9993.0,5,17,3,13,34,0,3,0,75,12,64600.0,5,14,3,2,28,0,23,0,75,11,88836.0,3844,3844,0,0,125,125,808,177,45,292,2,0.0,242082,6975,2,69921,1509,479,0,0,-1,6480,106,338,80597,448,246,47700,1039,154,57388,703,196,113644,856,146,153695,4928,4,771507,305809
112387546,0,Boey,OPP:in blue,96879.0,63954.0,W,4,17,3,10,36,0,0,4,75,11,10544.0,4,17,3,15,36,0,0,0,75,11,57897.0,3,16,3,5,37,0,10,0,75,11,81332.0,3623,3623,0,0,135,135,1017,175,38,286,2,0.0,254100,7504,2,18009,557,573,0,0,-1,19454,169,321,68834,368,246,50867,884,152,15773,332,196,94637,733,146,152204,4947,3,673878,249565
112387546,1,OPP:in blue,Boey,63954.0,96879.0,L,6,17,0,33,20,0,0,0,100,13,7071.0,6,17,0,33,25,0,0,0,100,13,36264.0,6,17,0,13,31,0,14,0,100,13,54030.0,322,312,6,4,8,6,59,188,13,300,3,194.0,12358,401,50,2262,87,674,0,0,-1,21346,255,385,16356,72,249,0,0,-1,5363,162,196,50327,415,151,12632,392,31,120644,93392
112387712,0,OPP:ymg_aq,吃白饭的大肥鱼,100295.0,105000.0,L,11,3,4,27,25,3,0,2,75,11,13307.0,11,8,4,28,13,5,3,0,75,11,47213.0,11,9,4,4,34,7,5,0,75,12,78998.0,500,496,4,0,21,17,31,166,22,286,2,16.0,20944,520,2,1794,54,407,5083,68,383,21886,185,354,15150,72,251,6648,136,274,30223,255,198,18494,153,149,10501,225,27,130723,97484
112387712,1,吃白饭的大肥鱼,OPP:ymg_aq,105000.0,100295.0,W,11,3,7,20,22,5,2,5,75,10,8594.0,11,10,7,28,5,9,0,5,75,11,42623.0,11,8,7,8,35,6,0,0,75,12,77471.0,208,208,0,0,5,5,32,40,14,282,2,15.0,21446,515,73,144,4,313,6618,88,505,26620,183,337,16218,84,247,8895,183,265,31495,242,194,19829,155,149,15529,341,31,146794,109675
112388714,0,Boey,OPP:Kaggriculture Agent,95530.0,69935.0,W,8,3,9,28,23,0,0,4,75,10,14951.0,8,3,9,29,4,0,21,1,75,11,42433.0,5,3,9,2,16,0,38,0,75,11,75121.0,3719,3719,0,0,144,144,896,191,30,281,3,0.0,178670,5000,2,197726,3145,376,0,0,-1,72152,485,371,60487,318,246,121538,2901,152,39010,478,196,6738,98,146,163120,4422,4,839441,299925
112388714,1,OPP:Kaggriculture Agent,Boey,69935.0,95530.0,L,8,5,4,33,21,0,0,0,75,10,15872.0,8,5,4,33,25,0,0,0,75,11,35126.0,8,5,4,13,19,0,26,0,75,11,53566.0,374,348,16,11,9,7,103,196,12,264,2,186.0,86919,2300,2,12530,218,578,0,0,-1,21878,273,383,16416,72,250,4954,121,361,13647,211,197,6002,100,150,14014,350,31,176360,62897
112388888,0,吃白饭的大肥鱼,OPP:Vadim Vasilenko,80885.0,83561.0,L,11,4,5,20,23,5,0,4,75,11,12686.0,11,4,5,24,9,10,8,4,75,10,37389.0,10,0,5,7,35,0,17,0,75,11,63201.0,244,244,0,0,5,5,26,51,14,287,2,10.0,13584,413,73,13184,268,385,5354,80,501,16836,172,313,16848,84,247,7249,168,266,21443,212,194,5512,57,149,13516,282,31,113526,73242
112388888,1,OPP:Vadim Vasilenko,吃白饭的大肥鱼,83561.0,80885.0,W,11,3,7,19,26,2,6,1,75,11,12329.0,11,3,7,22,16,13,3,0,75,11,43247.0,11,1,7,7,15,7,26,0,75,11,66533.0,523,470,53,0,15,14,74,229,22,304,2,3.0,15733,487,2,12015,247,335,9465,172,386,17203,195,314,31098,138,250,11225,260,267,25258,255,194,5556,54,148,14070,312,27,141623,99805
112388993,0,OPP:tw1nstar,Boey,86502.0,106153.0,L,6,6,5,33,21,0,0,0,75,10,14620.0,6,6,5,33,25,0,0,0,75,11,30624.0,6,6,5,13,27,0,18,0,75,11,65575.0,332,327,1,4,7,5,66,191,12,266,2,130.0,33468,832,50,4074,93,674,0,0,-1,49821,285,383,16374,72,250,7526,171,265,8582,182,197,5429,113,150,15325,335,31,140599,87732
112388993,1,Boey,OPP:tw1nstar,106153.0,86502.0,W,4,3,12,24,28,0,0,4,75,10,14341.0,4,3,12,28,26,0,0,1,75,11,41586.0,3,2,12,7,36,0,15,0,75,11,77563.0,3385,3385,0,0,139,139,1138,164,26,275,3,0.0,219247,5795,2,30157,636,572,0,0,-1,78326,405,329,61376,320,246,154239,3400,152,22703,444,196,13683,136,146,192667,4670,3,772398,330327
112389942,0,Boey,OPP:ShunkiKyoya,135273.0,91932.0,W,7,8,5,27,17,0,0,11,75,10,16326.0,6,12,5,27,19,0,0,6,75,12,49068.0,5,12,5,0,51,0,0,0,75,12,106379.0,3700,3700,0,0,130,130,933,147,36,284,4,3.0,318336,8001,2,15342,361,688,0,0,-1,55622,415,355,120806,513,246,62931,1333,152,54262,705,196,214415,923,146,163165,4214,5,1004879,508036
112389942,1,OPP:ShunkiKyoya,Boey,91932.0,135273.0,L,9,6,4,31,22,0,0,2,75,9,1552.0,7,6,4,37,11,1,0,7,75,11,33083.0,7,5,4,8,25,5,11,8,75,12,65092.0,599,593,6,0,18,16,354,188,8,264,2,39.0,124669,3070,2,4213,101,626,2864,39,647,30280,295,326,11191,90,528,6400,137,290,14379,213,217,33654,148,155,20356,550,49,248006,98768
112390105,0,吃白饭的大肥鱼,OPP:ymg_aq,117506.0,111364.0,W,15,3,3,21,31,0,0,2,75,10,8528.0,15,9,3,32,7,7,0,2,75,11,46392.0,15,8,3,11,36,1,0,1,75,10,91341.0,221,221,0,0,5,5,29,45,13,288,2,17.0,16457,441,73,519,15,694,4744,64,553,34576,228,361,15000,72,247,4934,100,337,48711,311,194,19074,153,149,15504,336,31,159519,127039
112390105,1,OPP:ymg_aq,吃白饭的大肥鱼,111364.0,117506.0,L,13,3,1,27,26,3,0,2,75,11,14035.0,13,10,1,29,11,3,3,0,75,11,51921.0,13,9,1,4,36,4,6,0,75,11,92037.0,505,501,4,0,21,17,35,154,22,286,2,16.0,19092,494,2,2369,67,407,3908,53,383,26345,198,354,14976,72,252,1455,29,347,45657,310,198,18480,162,149,10780,235,27,143062,110821
112391149,0,OPP:Snorlax,Boey,81891.0,106673.0,L,5,2,3,16,45,0,1,3,75,8,18519.0,5,6,3,18,32,10,1,0,75,9,37176.0,5,6,3,2,1,5,53,0,75,13,68589.0,181,181,0,0,5,5,15,42,8,234,2,18.0,12083,346,73,12070,375,338,5472,77,506,20876,134,338,18606,90,249,5318,124,266,6002,146,194,17742,122,148,10227,211,26,108396,74016
112391149,1,Boey,OPP:Snorlax,106673.0,81891.0,W,4,3,13,17,24,0,9,3,75,10,14842.0,4,6,13,25,14,0,13,0,75,11,37701.0,3,6,13,12,37,0,3,0,75,12,74681.0,3636,3636,0,0,135,135,1153,161,31,280,3,1.0,182752,5212,2,76747,1817,279,0,0,-1,46692,271,327,48158,227,247,147001,3423,152,15649,349,196,44748,291,146,199924,5245,3,761671,302248
112391303,0,Unknown Mother-Goose,吃白饭的大肥鱼,138929.0,131372.0,W,8,10,5,26,22,0,0,3,75,11,12073.0,8,10,5,38,10,1,0,3,75,11,55547.0,8,8,5,21,30,2,0,0,75,11,105859.0,330,328,2,0,13,13,42,202,21,282,3,7.0,19881,475,2,0,0,-1,2282,28,623,50392,302,322,15744,78,250,6384,133,336,35767,224,194,38065,235,148,13899,295,27,182414,148634
112391303,1,吃白饭的大肥鱼,Unknown Mother-Goose,131372.0,138929.0,L,8,10,2,21,24,6,0,3,75,11,13408.0,8,10,2,36,6,7,3,3,75,9,50666.0,8,7,2,15,37,6,0,0,75,12,92648.0,208,208,0,0,5,5,34,49,12,283,2,19.0,17106,408,73,2986,73,361,7478,96,481,47856,286,361,15750,78,247,2864,60,361,34994,206,194,28886,188,149,12492,267,31,170412,137828
112391485,0,M & M & P & Q,吃白饭的大肥鱼,103920.0,94329.0,W,7,13,0,28,27,0,0,0,75,10,11689.0,8,13,0,33,20,0,1,0,75,10,54626.0,7,13,0,7,42,0,2,0,75,11,89899.0,379,379,0,0,12,12,31,196,66,274,4,7.0,18448,591,4,714,20,576,0,0,-1,24160,239,346,12324,54,247,0,0,-1,12544,168,194,51137,339,148,13057,258,27,132384,100165
112391485,1,吃白饭的大肥鱼,M & M & P & Q,94329.0,103920.0,L,8,9,5,23,23,1,0,4,75,11,12860.0,8,9,6,29,14,5,0,4,75,10,45437.0,6,10,6,6,42,0,1,4,75,12,77826.0,209,209,0,0,5,5,27,47,13,283,2,22.0,15331,501,73,924,27,433,2416,40,505,25800,206,361,19822,107,247,10708,184,385,10943,148,194,32410,216,149,12954,305,31,131308,102099
112391645,0,OPP:Vadim Vasilenko,Unknown Mother-Goose,66960.0,69902.0,L,6,3,12,21,34,3,7,0,100,11,8312.0,6,3,12,21,18,3,25,0,100,11,33006.0,2,1,10,1,42,4,28,0,100,11,53119.0,491,427,64,0,12,12,26,269,21,296,3,6.0,18951,652,2,20263,483,359,4437,67,479,11338,122,322,30870,132,250,16923,383,267,4678,61,194,5693,48,148,14716,341,27,127869,73939
112391645,1,Unknown Mother-Goose,OPP:Vadim Vasilenko,69902.0,66960.0,W,6,3,10,22,25,0,5,4,75,11,13574.0,6,3,10,21,18,1,12,4,75,11,34857.0,3,3,10,2,27,2,28,0,75,11,56427.0,400,388,12,0,16,13,35,235,19,286,2,2.0,17297,555,2,14491,338,290,1272,19,623,14437,170,314,16526,83,250,15239,345,263,4668,92,194,5817,59,148,11582,214,27,101329,57959
112392332,0,Boey,OPP:AI是我的豆包,112703.0,94271.0,W,8,3,8,22,28,0,2,4,75,10,16427.0,8,3,8,31,24,0,1,0,75,11,46690.0,7,3,8,9,33,0,14,0,75,11,81455.0,3291,3291,0,0,139,139,1133,201,28,276,3,0.0,187796,5452,2,53430,1107,297,0,0,-1,64518,344,373,60377,289,246,111070,2595,152,75820,718,196,6759,88,146,194129,4358,3,753899,318544
112392332,1,OPP:AI是我的豆包,Boey,94271.0,112703.0,L,10,3,3,22,16,3,11,5,75,11,9922.0,10,3,3,26,6,11,13,2,75,11,38209.0,7,3,3,8,18,8,24,0,75,11,72892.0,321,321,0,0,9,9,19,270,11,282,2,1.0,8601,256,72,14488,304,397,6295,97,416,37396,208,346,17302,88,250,4831,113,265,16325,191,194,6309,77,148,10774,182,26,122321,88458
112392488,0,OPP:M & M & P & Q,吃白饭的大肥鱼,105181.0,104317.0,W,4,4,17,31,20,3,13,7,100,12,3715.0,3,4,18,37,21,3,8,6,100,11,20851.0,1,0,18,21,23,0,32,0,100,11,71671.0,238,238,0,0,9,9,19,64,12,297,3,213.0,15992,461,63,15865,365,90,1464,21,482,49866,284,338,14622,78,252,20692,482,166,9169,86,216,3578,28,152,12804,227,47,144052,99391
112392488,1,吃白饭的大肥鱼,OPP:M & M & P & Q,104317.0,105181.0,L,8,4,6,21,28,3,0,5,75,10,15871.0,8,4,6,34,6,12,0,5,75,8,38840.0,8,3,6,13,26,7,12,0,75,12,80814.0,205,205,0,0,5,5,28,52,12,272,2,7.0,13728,388,73,6416,151,361,6544,96,505,49102,272,361,17958,90,247,8970,205,266,10806,111,194,8338,58,149,14907,303,31,136769,101718
112393505,0,Boey,OPP:Yannik Schiffner,104883.0,99475.0,W,7,3,7,30,27,0,0,1,75,9,14570.0,7,3,7,32,26,0,0,0,75,11,41899.0,7,3,7,2,46,0,9,0,75,11,76423.0,3042,3042,0,0,94,94,1132,188,23,273,3,0.0,236821,5833,2,27050,525,593,0,0,-1,80953,478,325,71485,356,246,71567,1632,152,63036,817,196,8051,124,146,182048,3764,3,741011,295092
112393505,1,OPP:Yannik Schiffner,Boey,99475.0,104883.0,L,6,3,7,26,22,0,2,5,75,10,12692.0,6,3,7,26,5,26,0,2,75,10,36445.0,6,3,7,5,34,20,0,0,75,12,72275.0,1334,1289,3,42,129,129,710,124,23,275,5,0.0,120065,3220,2,3002,62,362,28472,218,528,24798,204,336,56444,265,246,22140,480,154,28220,287,196,7983,92,146,78645,1155,3,369769,168057
112393649,0,OPP:c0nrad,吃白饭的大肥鱼,138301.0,151781.0,L,6,11,2,26,14,3,0,13,75,7,10469.0,6,11,2,27,13,5,0,11,75,9,38588.0,6,11,2,6,50,0,0,0,75,11,107773.0,136,136,0,0,1,1,23,36,10,248,2,54.0,17551,442,120,4500,114,193,4451,64,360,39144,208,450,19140,108,265,3220,68,384,35767,189,201,47809,276,168,11714,219,48,183296,149531
112393649,1,吃白饭的大肥鱼,OPP:c0nrad,151781.0,138301.0,W,8,11,8,23,20,3,0,0,75,12,12862.0,9,11,9,30,8,6,2,0,75,9,51240.0,9,9,9,9,35,4,0,0,75,12,107031.0,211,211,0,0,5,5,32,46,13,284,2,3.0,14485,354,73,1539,40,457,5566,80,505,46920,236,385,14264,59,247,8284,176,385,39108,219,194,44520,239,149,15109,353,31,189795,158662
112393713,0,Boey,OPP:ymg_aq,111203.0,96687.0,W,8,3,8,28,23,0,0,5,75,10,15177.0,8,3,8,30,20,0,5,1,75,11,49459.0,8,3,8,4,40,0,10,0,75,11,85315.0,3311,3311,0,0,139,139,1277,176,27,275,2,2.0,205810,6395,2,33826,860,378,0,0,-1,98801,545,352,50406,258,246,97484,2218,152,119805,1011,196,6468,95,146,224659,4537,4,837259,372964
112393713,1,OPP:ymg_aq,Boey,96687.0,111203.0,L,9,3,3,30,24,1,2,2,75,11,13783.0,10,3,4,34,10,3,11,0,75,11,41129.0,10,3,4,10,27,5,15,0,75,11,76363.0,459,455,4,0,21,17,30,184,15,284,2,4.0,11958,413,2,9255,229,359,2934,41,383,39498,253,354,15210,72,252,5260,124,314,23546,241,194,5848,59,149,9210,158,27,122719,92296
112394731,0,OPP:Azat Akhtyamov,Boey,110149.0,122264.0,L,6,3,4,29,28,1,0,2,75,11,12657.0,7,3,4,34,15,2,7,0,75,11,40108.0,7,3,4,10,14,4,28,0,75,11,80414.0,3175,629,2546,0,500,16,29,219,12,292,4,16.0,16232,429,2,11062,226,458,5785,83,410,55284,273,305,20996,96,247,14702,340,249,18350,187,194,7687,73,147,10264,168,27,160362,122804
112394731,1,Boey,OPP:Azat Akhtyamov,122264.0,110149.0,W,6,3,8,27,25,0,1,5,75,9,14456.0,8,3,8,37,14,0,4,1,75,11,43275.0,8,3,8,13,32,0,11,0,75,11,89990.0,3660,3660,0,0,131,131,1264,175,25,275,2,1.0,270110,7267,2,57429,1176,334,0,0,-1,105167,512,328,67864,372,246,83307,1907,152,64552,719,196,7001,93,146,217198,4702,4,872628,327891
112394900,0,OPP:HowardLeeTW,吃白饭的大肥鱼,131412.0,141130.0,L,10,8,0,35,15,0,0,7,75,11,12220.0,11,8,0,40,0,12,0,4,75,11,45778.0,11,8,0,21,23,7,2,0,75,11,100401.0,279,279,0,0,14,14,32,89,17,292,2,19.0,10090,229,2,1279,30,697,8183,103,552,43218,306,314,16921,101,257,0,0,-1,46705,256,195,29195,196,149,12581,264,27,168172,144222
112394900,1,吃白饭的大肥鱼,OPP:HowardLeeTW,141130.0,131412.0,W,11,10,2,20,29,0,0,1,75,11,11949.0,14,10,3,27,11,8,1,1,75,11,50815.0,14,8,3,7,31,10,2,0,75,12,102497.0,223,223,0,0,5,5,28,49,13,297,2,22.0,18188,406,73,2424,59,481,8234,104,529,30888,208,361,14712,66,247,3079,65,409,61824,322,194,28066,185,149,14686,338,31,182101,146803
112395923,0,Boey,OPP:Yannik Schiffner,125828.0,110504.0,W,10,3,5,27,28,0,0,2,75,9,13383.0,10,3,5,31,25,0,0,0,75,10,52334.0,10,3,5,7,42,0,6,0,75,11,97480.0,3272,3272,0,0,95,95,947,160,31,270,3,0.0,194673,5669,2,10650,356,595,0,0,-1,110253,596,326,70595,362,246,80354,1787,152,145524,1141,196,16688,129,146,195685,4067,3,824422,423414
112395923,1,OPP:Yannik Schiffner,Boey,110504.0,125828.0,L,9,3,4,27,23,0,2,5,75,10,14667.0,9,3,4,38,16,1,0,4,75,11,45992.0,9,3,4,15,36,1,2,0,75,12,85167.0,1346,1313,0,33,129,129,674,116,23,283,4,3.0,122425,3482,2,1815,57,362,504,8,624,42437,280,336,57209,277,246,18055,380,154,60105,383,196,11064,96,146,76691,1119,3,390305,189374
112396068,0,吃白饭的大肥鱼,OPP:ymg_aq,131728.0,126339.0,W,9,3,7,24,30,1,0,1,75,8,9383.0,9,3,7,48,6,1,0,1,75,8,40399.0,9,7,7,27,18,0,4,2,75,11,86346.0,221,221,0,0,5,5,30,44,15,277,2,16.0,13403,321,73,1323,33,385,548,8,479,77814,370,361,15282,72,247,10305,203,265,16882,183,194,16866,116,149,15886,323,31,168309,137697
112396068,1,OPP:ymg_aq,吃白饭的大肥鱼,126339.0,131728.0,L,9,3,5,37,19,0,0,2,75,11,11262.0,9,3,5,41,10,3,3,0,75,10,43175.0,9,7,5,15,25,4,9,0,75,12,99138.0,483,479,4,0,21,17,32,151,19,287,2,16.0,16828,405,2,3626,90,407,2156,29,578,68007,321,354,15008,72,251,7889,156,311,16802,200,198,14672,116,149,10630,196,27,155618,124534
112396240,0,OPP:吃白饭的大肥鱼,Boey,115615.0,130899.0,L,11,3,3,27,28,1,0,0,75,11,14683.0,11,5,3,43,6,7,0,0,75,10,50431.0,11,0,3,16,15,7,18,4,75,11,83660.0,199,199,0,0,5,5,27,52,12,276,2,7.0,5970,170,73,10399,204,361,5961,87,481,58092,314,385,16992,84,247,4172,98,361,30468,239,194,6236,52,149,12720,265,31,151010,121921
112396240,1,Boey,OPP:吃白饭的大肥鱼,130899.0,115615.0,W,14,2,3,37,14,0,0,5,75,9,13508.0,14,2,3,41,13,0,0,2,75,11,53106.0,13,2,3,5,33,0,18,0,75,11,107886.0,3105,3105,0,0,135,135,1176,154,26,276,2,3.0,183984,5176,2,41095,800,597,0,0,-1,89953,452,349,80053,390,246,45707,1047,152,178535,1550,196,6818,71,146,177907,4644,3,804052,401066
112396243,0,M & M & P & Q,OPP:DSM,94644.0,94505.0,W,6,12,0,16,25,0,16,0,75,10,13804.0,6,12,0,19,22,0,16,0,75,11,45768.0,6,12,0,4,31,0,18,0,75,11,74790.0,408,408,0,0,15,15,35,193,49,280,4,1.0,13764,567,2,9461,267,335,0,0,-1,10906,155,318,12792,54,247,0,0,-1,12105,158,194,50060,316,148,12491,243,27,121579,85863
112396243,1,OPP:DSM,M & M & P & Q,94505.0,94644.0,L,6,11,5,16,33,1,8,0,100,11,6658.0,6,11,5,20,24,4,19,0,100,11,40091.0,6,11,5,8,34,4,14,0,100,11,71501.0,513,497,16,0,13,13,33,267,22,308,4,1.0,16780,644,2,10027,319,336,3146,54,455,11124,134,329,13050,60,250,7924,157,359,8924,142,194,52503,325,148,13209,292,27,136687,96671
112397111,0,Boey,OPP:HowardLeeTW,126383.0,115306.0,W,5,3,10,25,22,0,3,7,75,9,14436.0,5,3,10,33,22,0,1,1,75,11,39580.0,5,3,10,11,26,0,20,0,75,11,88597.0,3433,3433,0,0,137,137,1170,166,33,273,3,1.0,227490,6204,2,78968,1425,282,0,0,-1,101579,520,349,70680,331,246,124811,2932,152,109445,759,196,14394,194,146,215114,4490,3,942481,420909
112397111,1,OPP:HowardLeeTW,Boey,115306.0,126383.0,L,5,3,6,30,14,0,5,12,75,12,6103.0,5,3,6,41,4,12,0,4,75,12,30123.0,5,3,6,14,21,2,20,0,75,12,83223.0,302,302,0,0,6,6,29,137,8,318,2,132.0,8415,226,99,10142,198,83,6007,90,506,60317,322,353,13737,84,256,8285,199,188,21576,157,194,5165,68,152,12141,205,29,145785,115087
112397242,0,吃白饭的大肥鱼,OPP:Planned Economy,98088.0,85970.0,W,8,4,9,20,29,3,0,0,75,10,13375.0,8,4,11,31,17,4,0,0,75,10,35958.0,5,0,11,11,43,0,3,0,75,14,71179.0,227,227,0,0,6,6,25,44,15,289,2,4.0,25846,636,73,1179,32,385,1626,32,478,36526,244,361,12576,60,247,19917,353,266,9802,103,194,6664,46,149,16705,327,29,130841,87111
112397242,1,OPP:Planned Economy,吃白饭的大肥鱼,85970.0,98088.0,L,4,6,6,22,22,6,3,6,75,9,15657.0,4,7,6,40,4,8,0,6,75,11,25680.0,3,0,6,20,32,6,0,2,75,11,59064.0,236,233,3,0,8,8,43,64,13,268,2,67.0,12932,372,2,546,15,359,4966,84,453,39031,276,384,19920,114,249,12798,227,262,9726,109,197,4641,51,150,11666,187,31,116226,91082
112398313,0,OPP:DeeperNet,Boey,81149.0,97924.0,L,6,13,0,13,38,0,0,1,75,11,14106.0,6,13,0,13,20,21,0,1,75,11,35779.0,6,9,0,0,25,12,21,0,75,11,61292.0,275,275,0,0,14,14,38,98,11,279,2,7.0,18316,555,2,4349,117,291,16082,158,506,15906,98,385,16829,77,250,0,0,-1,9295,151,195,20150,205,151,11260,264,31,112187,78262
112398313,1,Boey,OPP:DeeperNet,97924.0,81149.0,W,7,10,7,11,36,0,0,3,75,11,12132.0,7,10,7,17,26,0,8,0,75,11,48572.0,5,9,7,6,40,0,7,0,75,11,76024.0,3555,3555,0,0,142,142,1182,186,39,281,2,0.0,229758,6744,2,51938,1280,406,0,0,-1,39437,235,329,50947,255,246,77915,1631,152,32490,578,196,50586,439,146,169825,5178,3,702896,251375
112398456,0,OPP:Kaggledew Valley 🏆,吃白饭的大肥鱼,144207.0,132648.0,W,6,11,0,26,9,3,0,10,75,11,6187.0,7,14,1,31,0,15,0,6,75,11,48992.0,7,14,1,13,38,0,0,1,75,10,107258.0,311,311,0,0,6,6,36,73,15,281,2,259.0,15202,378,86,309,9,86,8771,120,438,39380,238,350,16698,96,260,1225,27,386,36412,217,196,55337,319,150,13340,283,28,186674,157823
112398456,1,吃白饭的大肥鱼,OPP:Kaggledew Valley 🏆,132648.0,144207.0,L,8,10,4,20,30,1,0,1,75,11,14655.0,10,12,4,27,13,8,0,1,75,10,51529.0,10,12,4,7,31,4,7,0,75,12,100701.0,221,221,0,0,6,6,30,48,15,290,2,8.0,16993,404,73,3284,75,505,7028,96,481,33984,216,361,15702,66,247,3678,81,385,34044,222,194,42733,246,149,13190,307,29,170636,137169
112399487,0,Boey,OPP:Planned Economy,119937.0,89994.0,W,3,19,3,11,34,0,0,5,75,10,9381.0,3,19,3,12,37,0,0,0,75,12,62485.0,3,16,3,1,38,0,13,0,75,11,97213.0,3442,3442,0,0,135,135,809,202,56,289,2,1.0,242587,6667,2,38427,838,592,0,0,-1,14895,113,326,65581,350,246,46856,911,153,28456,386,196,171889,1089,146,149258,4770,5,757949,327677
112399487,1,OPP:Planned Economy,Boey,89994.0,119937.0,L,5,18,0,19,21,4,2,6,75,11,11286.0,5,18,0,14,3,17,0,5,75,12,42529.0,3,18,0,0,28,17,9,0,75,12,66513.0,205,203,2,0,8,8,36,63,11,265,2,96.0,7548,247,2,2932,66,360,14736,180,481,13342,116,382,19344,102,249,0,0,-1,8624,121,196,50804,337,151,11850,296,31,129180,106850
112399623,0,吃白饭的大肥鱼,OPP:THIRD FARM CLUB,118505.0,115764.0,W,8,10,5,22,22,5,0,1,75,11,12800.0,8,10,6,34,9,7,0,1,75,10,50832.0,8,8,6,10,39,2,2,0,75,14,88857.0,207,207,0,0,5,5,31,50,12,282,2,22.0,17182,425,73,3131,74,531,3744,56,481,42736,262,385,14724,66,247,7882,159,361,21216,172,194,32357,187,149,12454,297,31,155426,122659
112399623,1,OPP:THIRD FARM CLUB,吃白饭的大肥鱼,115764.0,118505.0,L,6,11,3,31,15,0,0,9,75,8,13463.0,6,11,5,33,11,3,1,4,75,9,41825.0,5,5,5,10,37,1,11,1,75,11,88929.0,241,240,1,0,8,8,25,71,18,275,2,1.0,14979,418,61,4158,100,408,1672,24,528,36849,232,360,18249,107,252,8538,171,159,17535,155,197,36727,218,146,13944,259,26,152651,119570
112399744,0,OPP:Orbital Terraformer,Boey,99833.0,119311.0,L,6,11,0,19,32,1,0,1,75,11,12247.0,6,11,0,20,15,15,6,0,75,11,46486.0,6,8,0,2,38,12,6,0,75,11,76583.0,708,589,119,0,17,17,33,220,17,287,8,0.0,14929,519,2,7776,189,407,19130,257,386,22251,153,326,17820,84,250,0,0,-1,32223,189,195,30266,246,149,10817,214,27,155212,121690
112399744,1,Boey,OPP:Orbital Terraformer,119311.0,99833.0,W,6,13,4,17,29,0,2,4,75,10,13777.0,8,13,4,20,14,0,16,0,75,11,52947.0,8,8,4,7,39,0,6,0,75,11,85822.0,3532,3532,0,0,140,140,1046,167,47,279,2,0.0,205381,6124,2,62030,1469,331,0,0,-1,41333,258,334,52933,237,246,54488,1257,152,160161,891,197,62359,566,146,170544,5001,4,809229,371274
112399981,0,OPP:HowardLeeTW,Unknown Mother-Goose,108444.0,116628.0,L,7,3,5,22,28,0,4,6,75,11,15488.0,8,3,5,35,15,7,0,2,75,11,42527.0,9,3,5,13,30,6,8,0,75,11,82101.0,316,316,0,0,16,16,35,97,13,292,2,18.0,15568,431,2,2391,66,358,4451,68,554,24727,250,313,16473,96,260,7842,166,265,44656,223,194,9936,89,149,19018,312,27,145062,108085
112399981,1,Unknown Mother-Goose,OPP:HowardLeeTW,116628.0,108444.0,W,8,3,8,24,25,0,0,6,75,11,13581.0,8,3,8,33,17,0,0,6,75,11,48126.0,7,3,8,8,38,1,10,0,75,11,89818.0,361,354,7,0,16,13,27,224,24,285,2,3.0,21741,593,2,3408,91,671,704,11,692,26206,236,318,15114,96,250,12772,273,287,50359,254,194,13403,84,148,13553,226,27,157260,118558
112400663,0,Boey,OPP:ymg_aq,151085.0,137480.0,W,11,3,5,35,16,0,0,5,75,9,11739.0,11,3,5,41,13,0,0,2,75,11,53310.0,11,3,5,12,44,0,0,0,75,12,113015.0,3209,3209,0,0,131,131,1307,176,29,278,3,1.0,243974,6227,2,7461,245,686,0,0,-1,157091,724,355,70107,368,246,65569,1430,152,228451,1506,196,7637,102,146,204808,4649,5,985098,528855
112400663,1,OPP:ymg_aq,Boey,137480.0,151085.0,L,11,3,4,36,19,0,0,2,75,11,10381.0,12,3,4,43,11,0,2,0,75,11,48350.0,12,3,4,15,35,1,3,0,75,11,109356.0,442,438,4,0,21,17,32,149,17,285,2,1.0,17121,447,2,1694,51,407,128,2,717,66093,324,354,15205,72,252,5654,127,282,42500,290,196,6113,54,149,10451,194,27,164959,135693
112400791,0,OPP:Sida Zuo,吃白饭的大肥鱼,107044.0,122203.0,L,6,11,0,26,28,0,0,4,75,11,14606.0,6,11,0,28,12,14,0,4,75,11,46041.0,6,11,0,3,43,11,0,0,75,11,84872.0,305,305,0,0,8,8,32,122,10,285,2,2.0,13568,419,143,581,15,578,6263,89,570,22139,221,383,15592,77,250,0,0,-1,22623,178,196,45624,255,150,11664,240,26,138054,112241
112400791,1,吃白饭的大肥鱼,OPP:Sida Zuo,122203.0,107044.0,W,8,13,4,21,25,1,0,1,75,12,12239.0,8,13,5,27,14,7,0,1,75,13,51743.0,8,13,5,6,29,10,2,2,75,12,93193.0,226,226,0,0,6,6,28,51,13,298,2,20.0,12717,352,73,4318,107,505,6574,96,505,23816,166,361,16026,78,247,7286,134,408,18614,170,194,56565,291,149,14388,316,29,160304,128881
112400905,0,OPP:Vadim Vasilenko,Unknown Mother-Goose,103067.0,108805.0,L,9,3,8,20,23,1,11,0,75,11,13234.0,9,6,8,25,13,7,6,0,75,11,44368.0,8,5,7,6,26,5,16,0,75,11,79931.0,530,479,51,0,13,12,35,214,25,321,2,0.0,18794,547,2,12084,326,313,4525,90,481,26693,200,330,30942,132,250,11282,265,267,29935,225,194,17968,135,148,13197,339,27,165420,121345
112400905,1,Unknown Mother-Goose,OPP:Vadim Vasilenko,108805.0,103067.0,W,9,3,8,23,14,0,12,5,75,11,12361.0,9,4,8,28,18,2,0,5,75,11,44189.0,9,4,7,7,29,3,14,0,75,11,84121.0,375,369,6,0,16,13,35,213,25,285,2,4.0,16119,445,2,6633,176,322,1152,24,599,31998,235,315,17004,88,250,11268,264,311,35861,267,194,16711,112,148,12686,262,27,149432,113994
112400909,0,M & M & P & Q,OPP:Vadim Vasilenko,101783.0,96165.0,W,6,12,0,18,39,0,0,0,75,10,13867.0,8,11,0,29,26,0,1,0,75,10,43431.0,9,7,0,14,31,0,14,0,75,11,76175.0,355,355,0,0,15,15,31,199,51,272,9,8.0,16837,657,2,2404,77,430,0,0,-1,39836,236,342,12888,54,247,0,0,-1,25981,234,194,19091,194,148,11459,202,27,128496,97796
112400909,1,OPP:Vadim Vasilenko,M & M & P & Q,96165.0,101783.0,L,6,12,4,16,34,1,0,0,75,11,10952.0,9,12,4,25,17,8,0,0,75,11,41082.0,9,4,4,13,19,8,16,0,75,11,70541.0,524,482,42,0,13,13,36,245,26,295,4,5.0,16516,592,2,3819,153,643,8067,127,503,46601,279,330,29856,132,250,9127,157,359,24300,226,194,22428,212,148,14332,351,27,175046,140379
112401974,0,吃白饭的大肥鱼,Boey,94063.0,107052.0,L,10,4,5,20,27,2,0,5,75,12,12739.0,10,4,5,15,19,10,7,5,75,10,36948.0,10,0,5,0,8,26,24,0,75,11,60114.0,221,221,0,0,5,5,27,52,14,276,2,3.0,9770,304,73,7378,177,454,20416,261,506,13522,110,313,17236,89,247,6712,153,266,33192,242,194,5785,63,149,13486,284,31,127497,96863
112401974,1,Boey,吃白饭的大肥鱼,107052.0,94063.0,W,10,3,6,20,31,0,0,5,75,10,14074.0,10,3,6,22,26,0,5,1,75,11,50392.0,10,3,6,2,48,0,5,0,75,11,77350.0,3192,3192,0,0,135,135,1192,190,28,277,2,0.0,187651,5560,2,33611,807,450,0,0,-1,47723,291,330,86588,420,246,81468,1812,152,161048,1212,196,7151,105,146,173499,4123,3,778739,383978
112402102,0,吃白饭的大肥鱼,OPP:nah id win,110360.0,109600.0,W,8,3,5,21,27,2,0,5,75,11,14705.0,9,3,7,32,12,6,1,5,75,9,34875.0,9,1,7,12,38,6,2,0,75,12,69027.0,211,211,0,0,5,5,27,54,14,280,2,28.0,17421,463,73,5494,119,457,5182,71,506,42044,240,361,17928,90,247,9519,221,263,23546,157,194,5940,59,149,15518,284,31,142592,104159
112402102,1,OPP:nah id win,吃白饭的大肥鱼,109600.0,110360.0,L,4,3,9,23,27,2,6,1,75,11,11699.0,4,3,9,28,13,5,12,0,75,11,37884.0,4,3,9,7,26,6,19,0,75,12,75740.0,397,397,0,0,10,10,62,87,24,281,4,9.0,16217,428,73,12805,276,359,4212,58,457,39560,220,334,13779,66,250,15266,348,258,19258,132,199,5431,85,147,12296,201,28,138824,97506
112403144,0,Boey,OPP:Otter Vibe,108384.0,86785.0,W,10,10,2,16,33,0,0,4,75,10,11198.0,10,10,2,17,36,0,0,0,75,11,58374.0,10,9,2,5,35,0,12,0,75,11,89801.0,3297,3297,0,0,138,138,753,178,45,279,8,0.0,196354,5570,2,49012,1189,497,0,0,-1,35282,218,379,59856,280,246,27131,578,152,134270,1233,196,49512,407,146,191879,4733,3,743296,306051
112403144,1,OPP:Otter Vibe,Boey,86785.0,108384.0,L,9,8,1,17,17,17,0,6,75,9,13194.0,9,8,1,18,15,21,0,3,75,12,46475.0,9,8,1,7,30,8,8,0,75,13,71240.0,267,267,0,0,8,8,35,73,9,314,2,10.0,14061,436,118,4578,128,121,14940,222,361,21098,142,337,18090,102,249,2334,50,163,21471,214,198,21496,208,146,11788,236,29,129856,99429
112403275,0,OPP:Vadim Vasilenko,吃白饭的大肥鱼,105755.0,104594.0,W,11,3,7,16,41,6,0,0,100,11,8017.0,11,3,7,32,28,12,0,0,100,12,41007.0,10,2,7,17,35,6,12,0,100,12,77506.0,515,462,53,0,13,13,28,295,22,305,3,6.0,28734,767,2,3055,77,599,8737,138,455,50474,315,330,30306,132,250,11218,240,267,31311,291,194,5654,48,148,13319,278,27,182808,137700
112403275,1,吃白饭的大肥鱼,OPP:Vadim Vasilenko,104594.0,105755.0,L,10,4,7,21,23,5,0,0,75,12,11402.0,10,4,8,33,14,6,0,0,75,9,39762.0,10,0,8,16,35,0,0,5,75,12,72919.0,231,231,0,0,5,5,25,49,14,281,2,12.0,15621,408,73,3391,86,505,3136,48,481,41646,256,313,18582,88,247,11295,242,266,26028,226,194,5406,62,149,13588,294,31,138693,106093
112404368,0,Boey,OPP:THIRD FARM CLUB,102815.0,92971.0,W,10,3,6,18,31,0,2,5,75,9,15601.0,10,3,6,24,12,0,18,0,75,10,47191.0,9,2,6,7,31,0,20,0,75,11,78865.0,3353,3353,0,0,94,94,1170,185,30,270,3,1.0,188757,5236,2,140950,2620,330,0,0,-1,55151,364,331,94718,462,246,73898,1782,153,64636,777,196,7942,89,146,153519,4165,3,779571,296345
112404368,1,OPP:THIRD FARM CLUB,Boey,92971.0,102815.0,L,8,4,6,19,20,6,5,7,75,10,13355.0,8,4,8,23,14,14,0,3,75,8,36176.0,7,0,7,8,32,4,15,0,75,11,68882.0,266,263,3,0,8,8,23,75,16,267,2,0.0,14851,413,61,9757,197,384,9248,115,528,21678,176,405,17029,96,250,11847,287,154,18994,171,196,5572,52,147,13582,257,26,122558,84368
112404501,0,OPP:Kaggledew Valley 🏆,吃白饭的大肥鱼,122535.0,127509.0,L,9,2,7,30,10,3,0,12,75,9,3960.0,11,2,7,38,9,3,0,4,75,11,34413.0,11,0,7,20,32,0,0,1,75,11,88912.0,298,298,0,0,6,6,24,85,8,272,2,219.0,16168,423,86,309,9,86,1859,31,386,53555,304,358,17555,102,257,10427,220,313,39192,253,196,4414,40,150,11929,251,28,155408,127002
112404501,1,吃白饭的大肥鱼,OPP:Kaggledew Valley 🏆,127509.0,122535.0,W,11,4,6,21,31,0,0,0,75,10,14941.0,13,4,6,35,12,5,0,0,75,10,52360.0,13,1,6,14,36,4,0,0,75,11,100220.0,205,205,0,0,6,6,34,42,13,280,2,7.0,22890,555,73,249,7,385,2148,40,552,47876,280,385,15012,60,247,8696,180,266,44612,280,194,6898,58,149,14521,309,29,162902,125242
112405569,0,Boey,OPP:Kaggledew Valley 🏆,98080.0,85602.0,W,7,3,9,25,24,0,0,7,75,10,16610.0,7,3,9,25,26,0,4,1,75,11,46489.0,6,3,9,1,39,0,16,0,75,12,78187.0,3510,3510,0,0,125,125,999,175,33,281,3,0.0,172163,4865,2,81024,1538,422,0,0,-1,41906,288,330,102004,481,246,139023,3274,152,57556,773,196,17736,127,146,184500,4252,4,795912,358225
112405569,1,OPP:Kaggledew Valley 🏆,Boey,85602.0,98080.0,L,8,4,4,30,5,9,1,10,75,11,5874.0,8,4,4,35,1,20,0,3,75,11,30649.0,8,4,4,6,22,9,16,0,75,10,58950.0,309,309,0,0,8,8,31,74,11,255,2,293.0,8804,243,81,6457,134,86,14208,198,486,26412,222,361,13932,78,265,5205,125,314,14547,171,196,14834,92,151,11624,216,30,116023,89138
112406771,0,OPP:TheEggman,Boey,109098.0,128513.0,L,10,3,6,28,27,1,0,0,75,11,12023.0,9,8,6,28,10,8,6,0,75,11,37288.0,7,9,5,5,29,8,11,0,75,9,82030.0,480,478,2,0,15,14,33,181,19,286,2,10.0,16773,474,2,10748,206,455,5616,72,482,32589,241,330,13488,60,250,7578,184,267,17280,184,194,42640,200,148,11108,262,27,157820,119191
112406771,1,Boey,OPP:TheEggman,128513.0,109098.0,W,8,3,7,29,21,0,2,5,75,10,15805.0,7,13,7,29,17,0,1,1,75,12,43046.0,6,13,7,3,40,0,6,0,75,12,94800.0,3573,3573,0,0,138,138,1189,174,38,289,2,0.0,241460,6753,2,48340,923,333,0,0,-1,65297,453,358,58330,285,247,91772,2191,152,88862,755,196,131978,603,146,158925,4524,11,884964,436239
112407213,0,OPP:mtmr_s1,吃白饭的大肥鱼,102671.0,113009.0,L,7,3,7,27,21,0,27,2,100,11,3684.0,7,8,7,35,26,16,0,1,100,12,29403.0,2,3,4,13,38,18,21,0,100,13,70171.0,239,237,2,0,14,14,40,82,19,313,3,42.0,22221,559,2,11939,277,326,13259,174,553,32031,253,385,13908,66,250,7299,160,282,14069,107,194,22565,133,148,11345,183,26,148636,103131
112407213,1,吃白饭的大肥鱼,OPP:mtmr_s1,113009.0,102671.0,W,8,3,6,20,31,1,0,4,75,12,14214.0,8,9,7,26,7,14,0,4,75,10,37596.0,8,8,7,5,39,8,0,0,75,12,75530.0,237,237,0,0,5,5,31,47,14,292,2,28.0,15031,394,73,3628,83,435,9408,120,506,27526,198,313,17886,84,247,8014,181,266,28993,190,194,24443,153,149,17457,354,31,152386,116270
112407959,0,OPP:Kaggledew Valley 🏆,Boey,109238.0,134756.0,L,10,5,0,30,8,3,0,10,75,8,6359.0,9,17,0,33,4,3,0,9,75,10,32732.0,8,17,0,5,41,0,0,1,75,8,84692.0,271,271,0,0,8,8,28,72,11,263,2,437.0,15619,405,81,1467,37,87,1541,24,470,33750,234,386,15540,84,257,0,0,-1,25344,218,197,52834,300,151,12593,276,30,158688,129009
112407959,1,Boey,OPP:Kaggledew Valley 🏆,134756.0,109238.0,W,11,9,1,29,18,0,0,7,75,10,12551.0,10,14,1,29,18,0,0,3,75,12,53892.0,8,14,1,2,49,0,0,0,75,11,104391.0,2970,2970,0,0,89,89,931,170,47,283,2,0.0,219839,5550,2,15276,351,683,0,0,-1,85032,452,332,93431,441,246,18843,367,152,85922,889,196,142727,832,146,152143,4664,7,813213,425955
112409147,0,Boey,OPP:Artem The Farmer 🍅,108087.0,87152.0,W,7,3,9,26,24,0,0,6,75,10,14333.0,7,6,9,27,22,0,0,3,75,11,41164.0,6,8,9,6,39,0,6,0,75,11,84165.0,3619,3619,0,0,134,134,1141,187,34,281,2,0.0,234546,6850,2,15773,498,622,0,0,-1,64048,419,325,60365,361,246,157353,2842,152,30456,508,196,39785,210,146,207654,4547,3,809980,352007
112409147,1,OPP:Artem The Farmer 🍅,Boey,87152.0,108087.0,L,8,3,0,28,35,0,0,1,75,10,17517.0,8,7,0,28,24,3,0,2,75,11,32353.0,8,7,0,1,32,6,18,1,75,11,65885.0,268,268,0,0,14,14,31,90,10,275,2,19.0,19081,591,2,3031,96,645,2887,45,625,26146,208,385,17238,84,250,0,0,-1,9293,178,195,26353,146,151,9984,192,31,114013,81917
112409424,0,M & M & P & Q,Unknown Mother-Goose,72720.0,77450.0,L,12,5,0,14,40,0,3,0,75,10,18512.0,12,5,0,14,27,0,16,0,75,10,39846.0,8,5,0,2,41,0,16,0,75,11,57259.0,360,360,0,0,14,14,24,242,46,269,12,3.0,20854,808,2,8477,251,378,0,0,-1,16428,114,316,12840,54,247,0,0,-1,19395,242,194,5399,59,148,12424,221,27,95817,54062
112409424,1,Unknown Mother-Goose,M & M & P & Q,77450.0,72720.0,W,11,3,5,12,28,10,0,4,75,11,13600.0,11,3,5,12,13,23,4,4,75,11,35029.0,9,3,5,0,35,7,16,0,75,11,60248.0,384,379,5,0,14,14,27,230,23,283,2,7.0,16332,642,2,4586,156,455,16836,223,431,10277,91,310,16476,84,250,11243,195,287,16867,235,194,5972,60,148,12651,226,27,111240,77671
112409511,0,OPP:Vadim Vasilenko,Unknown Mother-Goose,92125.0,97742.0,L,5,18,1,14,34,1,0,0,75,11,10777.0,5,20,1,16,26,7,0,0,75,11,54085.0,5,20,1,3,25,6,14,0,75,11,80722.0,502,455,47,0,13,12,34,236,26,305,2,6.0,19144,648,2,4620,128,564,6072,96,503,6933,111,326,30942,132,250,1746,29,407,5447,90,194,68971,512,148,12666,356,27,156541,120111
112409511,1,Unknown Mother-Goose,OPP:Vadim Vasilenko,97742.0,92125.0,W,5,18,1,12,30,0,0,4,75,11,10951.0,5,19,1,14,31,0,0,3,75,11,53582.0,2,17,1,4,22,0,28,0,75,11,85516.0,361,354,7,0,16,13,29,218,26,286,3,0.0,15007,542,2,8560,222,595,0,0,-1,6540,97,315,16602,84,250,2035,34,407,4920,78,194,68774,449,148,13501,299,27,135939,98871
112409514,0,OPP:nah id win,Unknown Mother-Goose,107590.0,120197.0,L,4,9,2,22,31,2,0,1,75,11,14189.0,4,9,2,26,13,9,11,0,75,11,43368.0,2,12,2,6,33,8,10,0,75,12,76409.0,426,426,0,0,10,10,49,89,28,284,4,2.0,15956,425,73,11114,235,407,8162,106,503,21879,201,349,13830,66,250,3896,75,335,4884,85,199,48572,263,147,10894,193,28,139187,101223
112409514,1,Unknown Mother-Goose,OPP:nah id win,120197.0,107590.0,W,4,14,3,14,30,0,0,6,75,11,12075.0,4,14,4,21,19,9,0,4,75,11,49666.0,1,15,4,10,17,8,19,0,75,11,89231.0,376,368,8,0,16,16,28,203,22,286,3,21.0,13063,352,2,9501,202,527,6749,88,521,16776,166,354,17166,96,250,6199,120,359,4288,62,194,69332,375,148,14831,301,27,157905,120510
112410346,0,Boey,OPP:HowardLeeTW,127925.0,106849.0,W,6,3,7,36,18,0,0,5,75,9,12020.0,6,7,7,37,16,0,0,1,75,11,41979.0,6,7,7,3,51,0,0,0,75,11,93986.0,3274,3274,0,0,138,138,1299,190,24,280,3,3.0,275732,6496,2,9022,192,684,0,0,-1,137484,723,331,75830,360,246,65896,1510,152,119206,970,196,48263,329,146,217795,4665,4,949228,446679
112410346,1,OPP:HowardLeeTW,Boey,106849.0,127925.0,L,6,3,4,41,13,0,1,7,75,11,12546.0,6,7,4,41,0,12,0,5,75,11,38525.0,6,7,4,12,34,3,9,0,75,11,81457.0,298,298,0,0,16,16,38,97,13,294,2,15.0,13412,304,2,3049,66,406,8135,101,506,45202,323,312,17382,102,256,6192,144,258,18651,156,195,19299,148,149,12594,224,27,143916,114861
112411520,0,吃白饭的大肥鱼,Boey,150952.0,136286.0,W,11,3,4,20,31,0,2,4,75,10,15189.0,11,3,4,31,22,0,0,4,75,10,46605.0,12,1,4,11,22,25,0,0,75,10,81709.0,192,192,0,0,5,5,27,43,12,281,2,22.0,12053,371,73,384,11,313,35374,203,649,38580,232,383,16512,84,247,5229,121,335,62668,317,194,6171,56,149,12343,260,31,189314,164534
112411520,1,Boey,吃白饭的大肥鱼,136286.0,150952.0,L,11,3,6,14,36,0,0,5,75,10,15158.0,12,3,6,19,34,0,0,0,75,11,56551.0,12,3,6,5,39,0,10,0,75,12,106368.0,3478,3478,0,0,146,146,1276,188,35,278,3,0.0,207978,6085,2,14747,463,571,0,0,-1,37640,225,355,57091,264,246,97316,2219,152,304286,1508,196,6601,93,146,191942,4569,3,917601,502934
112412703,0,OPP:Kaggledew Valley 🏆,Boey,101448.0,110355.0,L,4,3,7,23,5,18,0,12,75,7,7289.0,4,3,7,32,0,26,0,3,75,12,28674.0,4,6,7,10,12,13,14,0,75,12,65378.0,279,279,0,0,5,5,30,69,13,262,2,250.0,7775,198,85,8238,158,87,19653,244,430,36033,234,338,15170,90,257,10729,252,217,4366,69,197,20038,111,150,11109,188,28,133111,105989
112412703,1,Boey,OPP:Kaggledew Valley 🏆,110355.0,101448.0,W,4,3,11,19,26,0,5,7,75,10,13632.0,4,3,11,21,31,0,3,2,75,11,43443.0,2,3,11,2,37,0,19,0,75,11,83428.0,3600,3600,0,0,130,130,1027,207,25,281,3,0.0,226305,5818,2,57817,1063,333,0,0,-1,45339,280,333,120096,604,246,166600,3843,152,13096,313,196,22898,143,146,201015,4023,3,853166,368029
112413080,0,Unknown Mother-Goose,OPP:DSM,114720.0,121026.0,L,8,10,4,16,32,0,0,3,75,11,12714.0,8,10,4,29,21,0,0,3,75,11,51314.0,7,7,4,15,23,2,13,0,75,11,88451.0,370,367,3,0,16,13,33,223,27,284,3,9.0,16593,532,2,6159,157,549,1156,17,671,49473,253,318,16032,78,250,5023,115,359,26367,228,194,23424,217,148,12856,243,27,157083,121475
112413080,1,OPP:DSM,Unknown Mother-Goose,121026.0,114720.0,W,8,9,6,18,28,4,6,0,100,11,6649.0,8,9,6,33,23,6,7,0,100,12,47352.0,8,5,6,19,25,5,18,0,100,12,89734.0,500,490,10,0,12,12,32,244,33,324,15,6.0,14656,470,2,12460,311,372,4602,70,455,49923,255,330,13422,60,250,7549,171,359,25654,217,194,24771,197,148,13121,255,27,166158,125921
112413097,0,OPP:KawattaTaido,吃白饭的大肥鱼,92629.0,107945.0,L,7,2,4,26,35,0,0,1,75,11,18217.0,9,2,4,26,16,15,0,1,75,11,40473.0,9,5,4,0,27,11,18,0,75,11,65616.0,323,323,0,0,16,16,41,101,12,284,2,19.0,16544,479,2,6149,120,670,8676,104,506,14146,150,385,17916,84,250,6230,139,361,36089,262,194,13394,101,151,13239,253,31,132383,96451
112413097,1,吃白饭的大肥鱼,OPP:KawattaTaido,107945.0,92629.0,W,9,5,7,21,32,1,0,0,75,11,13120.0,11,5,7,13,19,15,5,0,75,10,40933.0,11,7,7,0,8,16,24,2,75,12,77103.0,223,223,0,0,6,6,30,48,15,292,2,3.0,14189,401,73,8600,169,433,17330,208,481,13770,103,361,14278,71,247,8396,180,266,32909,231,194,19198,122,149,15714,318,29,144384,105881
112413928,0,OPP:Azat Akhtyamov,Boey,100549.0,113367.0,L,6,10,0,22,31,2,0,2,75,11,10897.0,6,10,0,25,24,3,2,0,75,11,42203.0,6,9,0,9,30,4,13,0,75,11,73178.0,3190,544,2646,0,500,16,26,251,16,291,3,1.0,16114,492,2,5265,156,506,7294,116,383,35551,205,305,20792,96,247,0,0,-1,28801,184,194,21576,238,147,10810,207,27,146203,114014
112413928,1,Boey,OPP:Azat Akhtyamov,113367.0,100549.0,W,5,11,6,15,33,0,0,4,75,10,14021.0,6,10,6,21,26,0,6,0,75,11,50643.0,6,8,6,10,35,0,9,0,75,11,87436.0,3732,3732,0,0,130,130,1142,194,32,278,3,1.0,245407,6998,2,41590,1191,452,0,0,-1,45575,263,328,73250,365,246,88911,1807,152,91048,577,196,47807,472,146,185239,5136,4,818827,346591
112415099,0,OPP:KawattaTaido,Boey,89093.0,102756.0,L,7,4,1,21,29,0,12,1,75,10,17136.0,8,4,1,24,18,0,18,1,75,11,31268.0,8,3,1,3,27,5,28,0,75,11,66040.0,297,297,0,0,13,13,30,110,9,282,2,16.0,16069,451,2,16778,391,302,3575,42,641,28139,185,385,18258,84,250,1346,33,362,19849,215,194,8904,104,151,10025,169,31,122943,80071
112415099,1,Boey,OPP:KawattaTaido,102756.0,89093.0,W,7,3,9,17,16,0,20,3,75,11,15217.0,7,3,9,25,16,0,14,0,75,11,41209.0,7,3,8,8,28,0,19,0,75,11,77581.0,3902,3902,0,0,139,139,1062,205,28,280,2,1.0,234757,6669,2,116010,2568,208,0,0,-1,67130,414,322,44646,205,246,92522,2204,152,73740,818,196,13979,123,146,215560,4582,4,858344,292017
112416287,0,Boey,OPP:DECEM,84960.0,75292.0,W,4,10,7,11,38,0,0,5,75,10,15148.0,4,10,7,14,24,0,14,0,75,11,44063.0,4,7,7,3,54,0,0,0,75,11,65982.0,3672,3672,0,0,136,136,1131,212,30,274,8,0.0,210277,7353,2,27183,829,405,0,0,-1,21966,141,333,60850,284,247,121696,2311,153,29742,454,196,29984,287,146,183122,4700,3,684820,264238
112416287,1,OPP:DECEM,Boey,75292.0,84960.0,L,4,12,4,9,44,7,0,2,100,11,6914.0,4,12,4,16,21,27,7,0,100,10,35339.0,4,3,4,7,43,12,17,0,100,11,57974.0,598,598,0,0,13,13,45,344,20,325,3,0.0,20260,777,2,4511,177,383,13586,204,455,12722,99,322,13707,64,250,6791,129,342,6276,93,194,19755,180,148,11011,190,27,108619,72837
112417447,0,Boey,OPP:Vadim Vasilenko,75782.0,66377.0,W,8,3,10,10,39,0,0,5,75,10,16299.0,8,3,10,9,30,0,14,0,75,11,46249.0,6,2,10,1,46,0,7,0,75,11,62468.0,3525,3525,0,0,121,121,1177,221,29,275,2,1.0,193958,6873,2,33519,960,379,0,0,-1,4299,83,358,79508,384,246,144711,3192,152,68533,775,196,9760,91,146,159387,4401,6,693675,306811
112417447,1,OPP:Vadim Vasilenko,Boey,66377.0,75782.0,L,10,3,8,16,35,2,0,0,75,11,13130.0,10,3,8,8,18,16,12,0,75,11,34267.0,8,3,7,1,25,8,23,0,75,11,52458.0,567,513,54,0,13,13,31,252,22,305,2,4.0,31568,1035,2,8280,261,431,11824,161,455,6008,85,313,30864,132,250,11710,270,267,10364,168,194,10607,92,148,12547,303,27,133772,81377
112417726,0,吃白饭的大肥鱼,M & M & P & Q,84574.0,85271.0,L,9,3,7,19,27,5,1,3,75,10,14784.0,9,3,7,31,12,7,3,3,75,9,34586.0,6,3,7,12,28,3,13,3,75,12,63049.0,226,226,0,0,5,5,28,57,13,276,2,1.0,14837,460,73,5477,139,337,4864,72,480,28571,233,361,18834,96,247,12315,223,266,7626,106,194,8488,80,149,16661,303,31,117673,80698
112417726,1,M & M & P & Q,吃白饭的大肥鱼,85271.0,84574.0,W,8,5,0,22,19,0,21,0,75,9,16857.0,8,5,0,32,8,0,22,0,75,9,42296.0,5,5,0,12,27,0,26,0,75,10,69945.0,355,355,0,0,12,12,25,187,57,256,7,1.0,13957,425,4,15828,378,309,0,0,-1,30699,257,326,12276,54,247,0,0,-1,12567,174,194,11385,113,148,11707,182,27,108419,66927
112417778,0,Boey,OPP:nah id win,114114.0,103523.0,W,10,3,6,26,26,0,0,4,75,9,14249.0,10,7,6,29,23,0,0,0,75,11,48797.0,9,7,5,6,33,0,14,0,75,11,94355.0,3607,3607,0,0,135,135,1249,200,31,273,2,2.0,247190,7152,2,23172,636,622,0,0,-1,87877,486,328,67645,324,246,78537,1607,152,60191,727,196,40343,334,146,189641,4956,3,794596,334593
112417778,1,OPP:nah id win,Boey,103523.0,114114.0,L,11,3,1,30,26,0,0,1,75,11,11128.0,11,7,1,33,22,0,0,0,75,11,40256.0,9,6,1,10,30,3,10,0,75,11,79986.0,343,343,0,0,10,10,52,93,30,285,4,2.0,17389,534,73,3038,93,685,1570,22,667,45185,244,334,14496,66,250,1870,38,285,19715,240,199,21864,147,147,10916,201,28,136043,104700
112418188,0,OPP:Gemini IS ALL YOU NEED,DSM,87912.0,104543.0,L,9,5,3,33,21,0,0,0,75,10,17593.0,9,5,3,33,25,0,0,0,75,11,44110.0,9,5,3,13,27,0,18,0,75,11,75781.0,353,345,3,5,7,5,83,187,12,265,2,142.0,50392,1342,50,2948,93,674,0,0,-1,33267,265,383,16464,72,250,4717,89,361,30506,268,197,4590,88,150,15888,339,31,158772,89544
112418188,1,DSM,OPP:Gemini IS ALL YOU NEED,104543.0,87912.0,W,13,3,6,17,35,12,0,0,100,11,5703.0,13,3,6,32,20,19,0,0,100,12,45415.0,13,3,6,16,33,13,9,0,100,12,82910.0,577,551,26,0,13,13,50,293,22,330,3,0.0,29633,841,2,2513,76,554,11913,171,452,30198,235,334,11808,60,250,10874,204,359,36392,282,194,6656,42,148,15541,280,27,155528,107841
112418651,0,Boey,OPP:THIRD FARM CLUB,154107.0,153856.0,W,6,9,6,19,30,0,0,5,75,9,12641.0,6,14,6,22,25,0,0,1,75,12,51214.0,5,14,6,3,38,0,8,0,75,12,113546.0,3700,3700,0,0,93,93,1021,174,33,290,2,0.0,275493,6994,2,25497,536,524,0,0,-1,45229,247,328,108353,563,246,71942,1725,152,60289,675,196,232242,999,146,140693,4452,4,959738,518055
112418651,1,OPP:THIRD FARM CLUB,Boey,153856.0,154107.0,L,6,10,2,29,18,3,2,5,75,8,10772.0,6,15,2,20,14,16,1,1,75,10,33751.0,3,19,1,7,16,17,9,1,75,11,82128.0,238,234,4,0,8,8,25,92,19,275,2,2.0,8255,217,61,4920,104,384,23107,149,504,24084,138,360,15338,76,248,3577,84,160,13098,121,196,87819,385,146,12673,261,26,192871,167023
112419418,0,DSM,OPP:koucha,112724.0,87924.0,W,6,3,11,43,28,1,0,0,100,11,4182.0,6,3,11,49,20,10,0,0,100,11,33437.0,3,2,10,18,33,11,19,0,100,11,85833.0,498,476,22,0,13,13,36,285,19,326,3,7.0,24929,606,2,12292,269,583,7246,94,503,62556,358,358,11808,60,250,22550,412,290,5112,94,194,6760,42,148,12034,200,27,165287,116032
112419418,1,OPP:koucha,DSM,87924.0,112724.0,L,6,6,5,33,21,0,0,0,75,10,14673.0,6,6,5,33,25,0,0,0,75,11,33578.0,6,6,5,13,27,0,18,0,75,11,70162.0,384,370,9,5,7,5,104,190,12,264,2,142.0,163725,3688,50,4039,91,674,0,0,-1,47733,285,383,16464,72,250,9066,166,265,7606,194,197,4793,103,150,16597,332,31,270023,85662
112419761,0,OPP:arumajiro,DSM,93550.0,119087.0,L,12,5,0,33,21,0,0,0,75,10,17580.0,12,5,0,33,25,0,0,0,75,11,45760.0,12,5,0,13,20,0,25,0,75,11,81960.0,331,317,14,0,6,5,70,178,12,263,2,140.0,9765,332,50,6408,179,530,0,0,-1,43949,282,383,16464,72,250,0,0,-1,33698,322,197,4807,99,150,15993,363,31,131084,98918
112419761,1,DSM,OPP:arumajiro,119087.0,93550.0,W,16,3,2,41,24,1,0,0,100,11,3769.0,16,3,2,42,11,3,19,0,100,12,49437.0,16,3,2,13,8,1,46,0,100,11,101075.0,451,434,17,0,13,13,33,225,22,313,3,0.0,8440,280,2,19847,476,407,1423,23,505,56259,338,358,11808,60,250,3052,59,383,41112,316,194,6512,42,148,12967,236,27,161420,120166
112419902,0,OPP:Kaggledew Valley 🏆,Boey,120335.0,123513.0,L,7,4,4,39,6,4,0,9,75,9,7044.0,7,4,4,46,0,10,0,2,75,10,30625.0,6,2,4,8,27,8,15,0,75,8,89404.0,284,284,0,0,6,6,29,73,9,251,2,319.0,10196,249,86,6754,121,86,9365,112,466,72223,362,390,13261,72,258,5438,130,337,14611,162,197,6415,63,150,11255,190,28,149518,121313
112419902,1,Boey,OPP:Kaggledew Valley 🏆,123513.0,120335.0,W,7,2,10,33,14,0,0,9,75,10,14907.0,6,2,10,36,17,0,0,4,75,11,43140.0,4,2,10,7,36,0,16,0,75,11,91611.0,3447,3447,0,0,123,123,1354,168,27,275,3,0.0,252429,6279,2,45555,771,572,0,0,-1,107694,518,366,130830,671,247,139317,3264,152,49682,550,196,7384,85,146,197462,4308,3,930353,434907
112420126,0,OPP:ManasviSharma,DSM,59670.0,79460.0,L,6,6,5,33,21,0,0,0,75,10,14972.0,6,6,5,33,25,0,0,0,75,11,29945.0,6,6,5,13,27,0,18,0,75,11,44051.0,348,340,3,5,7,5,72,182,12,266,2,142.0,12860,390,50,4521,120,674,0,0,-1,5668,271,383,16464,72,250,7701,165,265,5556,173,197,23509,169,150,14210,346,31,90489,58898
112420126,1,DSM,OPP:ManasviSharma,79460.0,59670.0,W,8,3,14,10,38,4,9,0,100,11,7273.0,6,6,14,11,26,14,12,0,100,12,28686.0,2,6,14,3,33,8,20,0,100,12,57602.0,693,652,41,0,13,13,61,277,27,319,3,0.0,38008,1080,2,11792,274,335,6690,143,454,5527,76,318,11820,60,250,27676,593,266,3724,53,194,25102,158,148,18208,373,27,148547,80539
112420159,0,OPP:Vadim Vasilenko,M & M & P & Q,92538.0,101650.0,L,5,18,1,12,35,0,0,0,75,11,9854.0,5,18,1,16,15,13,7,0,75,11,52718.0,5,10,1,5,20,12,21,0,75,11,74989.0,529,472,57,0,13,13,38,237,23,295,3,5.0,20984,719,2,7639,238,455,12849,175,527,17887,143,330,30054,132,250,1481,28,407,7940,125,194,49929,363,148,12675,289,27,161438,120140
112420159,1,M & M & P & Q,OPP:Vadim Vasilenko,101650.0,92538.0,W,4,20,0,9,42,0,0,0,75,11,12016.0,4,20,0,18,11,0,20,0,75,11,60530.0,4,10,0,12,30,0,18,0,75,11,86551.0,370,370,0,0,15,15,34,169,70,279,4,5.0,14274,517,2,12856,328,423,0,0,-1,18264,143,322,12549,53,247,0,0,-1,8472,116,194,54074,372,148,12954,241,27,133443,93359
112420630,0,OPP:Masashi Nishimoto,DSM,87948.0,102230.0,L,9,5,3,33,21,0,0,0,75,10,17257.0,9,5,3,33,25,0,0,0,75,11,43642.0,9,5,3,13,27,0,18,0,75,11,70661.0,385,367,13,5,7,5,74,188,12,266,2,142.0,13846,386,50,4034,101,674,0,0,-1,23595,289,383,16464,72,250,4352,93,361,33778,312,197,15465,141,150,16633,351,31,128167,93654
112420630,1,DSM,OPP:Masashi Nishimoto,102230.0,87948.0,W,12,3,6,29,33,5,0,0,100,11,4446.0,12,5,6,31,19,15,3,0,100,12,40955.0,12,5,6,9,25,9,24,0,100,12,77565.0,568,551,17,0,13,13,33,277,23,332,3,0.0,19133,537,2,11942,280,503,9573,131,503,26230,219,330,11808,60,250,10759,230,293,30828,285,194,15819,127,148,15068,284,27,151160,105017
112421116,0,Boey,OPP:THIRD FARM CLUB,109273.0,91536.0,W,6,3,8,23,30,0,0,4,75,10,15417.0,6,3,8,27,31,0,0,0,75,10,43803.0,5,4,8,4,49,0,5,0,75,11,78204.0,3150,3150,0,0,92,92,948,178,24,272,3,0.0,210333,5920,2,16401,366,643,0,0,-1,72446,410,330,67092,323,246,118681,2653,152,49436,660,196,26773,161,146,151776,3670,3,712938,334428
112421116,1,OPP:THIRD FARM CLUB,Boey,91536.0,109273.0,L,5,4,9,28,14,0,7,8,75,9,12168.0,5,3,9,23,17,11,3,4,75,9,31464.0,1,7,9,6,24,13,10,2,75,11,56155.0,222,219,3,0,8,8,17,87,13,263,2,0.0,7955,239,61,7774,186,384,9793,131,552,19942,124,397,17402,101,248,15451,350,161,9279,100,198,20549,121,146,14007,269,26,122152,92416
112421423,0,OPP:DSM,Unknown Mother-Goose,78554.0,75413.0,W,7,3,12,11,32,6,8,0,100,11,9552.0,7,3,12,15,21,16,15,0,100,11,29377.0,5,2,11,8,31,4,27,0,100,11,57560.0,483,463,20,0,12,12,29,257,23,297,3,0.0,18391,598,2,15267,381,335,9299,140,455,14792,117,313,14910,66,250,15817,367,256,9080,137,194,5651,44,148,13304,265,27,116511,69549
112421423,1,Unknown Mother-Goose,OPP:DSM,75413.0,78554.0,L,5,3,12,13,30,0,5,6,75,11,14656.0,5,3,12,14,23,3,8,6,75,11,33519.0,5,2,12,3,25,8,19,0,75,11,58892.0,372,364,8,0,16,13,30,241,20,286,2,9.0,17499,576,2,10041,256,290,4462,69,599,10979,105,313,18300,101,250,18206,426,270,8277,124,194,5760,54,148,12996,260,27,106520,65984
112421424,0,OPP:THIRD FARM CLUB,Unknown Mother-Goose,124989.0,132029.0,L,8,7,2,40,14,0,0,4,75,7,12382.0,8,9,2,27,12,9,2,6,75,8,38509.0,7,8,2,8,22,9,14,2,75,12,85488.0,269,265,4,0,8,8,24,73,14,266,2,2.0,11459,274,61,8177,155,408,6870,85,552,39857,226,360,19183,102,247,4234,96,158,21991,196,196,35186,196,146,13528,263,26,160485,127321
112421424,1,Unknown Mother-Goose,OPP:THIRD FARM CLUB,132029.0,124989.0,W,8,10,3,28,25,0,0,1,75,11,11728.0,8,10,3,32,19,2,1,0,75,11,50405.0,7,10,3,8,20,3,23,0,75,11,100673.0,369,367,2,0,13,13,39,207,25,285,2,1.0,20648,483,2,11354,208,527,2825,35,527,48605,268,318,13692,60,250,4796,113,311,19156,192,194,40644,238,148,12953,256,27,174673,129718
112421851,0,OPP:Варим сельский самогон,DSM,95967.0,125923.0,L,12,5,0,35,19,0,0,0,75,10,16558.0,12,5,0,35,23,0,0,0,75,12,42778.0,12,5,0,13,27,10,18,0,100,13,71961.0,361,340,21,0,8,8,61,137,14,282,3,54.0,25249,690,43,13244,355,671,7578,98,643,46110,290,361,16464,72,250,0,0,-1,35636,391,197,11237,128,149,18041,371,28,173559,117025
112421851,1,DSM,OPP:Варим сельский самогон,125923.0,95967.0,W,16,3,2,19,36,12,0,0,100,11,5015.0,16,3,2,30,22,23,0,0,100,12,49448.0,15,2,2,12,31,12,18,0,100,12,95928.0,471,454,17,0,13,13,24,290,25,319,3,1.0,24733,634,2,4076,107,671,18226,227,455,38204,230,334,11760,60,250,3462,62,383,42904,326,194,8310,65,148,13449,237,27,165124,122866
112422302,0,Boey,OPP:Vadim Vasilenko,117583.0,113513.0,W,10,3,5,32,19,0,0,6,75,10,13501.0,10,3,5,36,20,0,0,1,75,11,47961.0,9,2,5,9,33,0,17,0,75,11,96441.0,3360,3360,0,0,126,126,1360,190,24,275,2,1.0,287428,7587,2,36402,756,569,0,0,-1,103179,537,326,69015,357,246,52255,1222,153,67613,778,196,7289,96,146,167367,4392,3,790548,299351
112422302,1,OPP:Vadim Vasilenko,Boey,113513.0,117583.0,L,11,3,7,24,35,5,0,0,100,11,7226.0,12,3,7,35,20,13,0,0,100,11,39211.0,11,3,7,17,25,10,17,0,100,12,83900.0,524,475,49,0,12,12,26,274,26,305,3,2.0,20138,557,2,7794,172,647,24840,203,455,49150,288,358,31074,132,250,8691,209,287,25551,264,194,5640,44,148,13903,302,27,186781,144946
112422994,0,DSM,OPP:CrazyML,171164.0,133458.0,W,12,3,5,44,27,0,0,0,100,11,3272.0,15,3,6,55,16,3,0,0,100,11,43479.0,15,1,4,30,38,3,0,0,100,12,123884.0,512,494,18,0,13,13,38,272,24,318,3,1.0,23528,536,2,0,0,-1,2894,43,529,88406,419,358,11808,60,250,7650,147,311,62265,369,194,6542,46,148,13984,265,27,217077,179565
112422994,1,OPP:CrazyML,DSM,133458.0,171164.0,L,9,5,3,33,21,0,0,0,75,10,17364.0,9,5,3,33,25,0,0,0,75,11,46539.0,9,5,3,13,27,0,18,0,75,11,104999.0,321,314,1,6,7,5,74,187,12,268,2,142.0,18272,416,50,3157,97,674,0,0,-1,55152,254,383,16464,72,250,4801,93,361,47511,266,197,4892,87,150,16095,332,31,166344,128820
112423558,0,Boey,OPP:Kaggledew Valley 🏆,105479.0,102686.0,W,6,3,11,17,31,0,0,7,75,11,15106.0,6,3,11,22,22,0,8,2,75,11,42089.0,6,2,11,4,38,0,13,0,75,11,76483.0,3438,3438,0,0,127,127,1210,174,24,282,3,0.0,201028,5154,2,91422,1538,264,0,0,-1,46016,271,374,80233,421,246,132602,3207,152,42453,758,196,12172,104,146,190079,4329,3,796005,313476
112423558,1,OPP:Kaggledew Valley 🏆,Boey,102686.0,105479.0,L,6,4,5,25,4,19,0,12,75,6,2764.0,6,4,5,31,0,26,0,3,75,10,28581.0,6,4,5,9,16,15,5,0,75,12,67185.0,270,270,0,0,8,8,32,73,10,257,2,284.0,8582,206,81,7566,132,86,27590,265,454,38285,248,386,14442,84,263,7737,189,207,9823,139,197,10037,75,150,11468,219,30,135530,107914
112424118,0,DECEM,OPP:Paing,91097.0,63173.0,W,6,10,5,20,30,3,16,1,100,11,5148.0,3,10,5,21,16,16,21,0,100,11,39617.0,3,7,5,1,15,12,49,0,100,11,68596.0,574,574,0,0,14,14,52,246,23,307,3,9.0,10728,306,2,32570,608,335,10392,152,455,12783,114,330,12493,66,250,6921,158,267,4969,77,194,23258,182,148,12235,197,27,126349,70816
112424118,1,OPP:Paing,DECEM,63173.0,91097.0,L,4,9,4,33,21,0,0,0,75,10,14656.0,4,9,4,33,21,0,4,0,75,11,34995.0,4,9,4,13,19,0,26,0,75,11,48206.0,349,339,5,5,7,5,68,189,12,264,2,142.0,11987,344,50,9245,188,458,0,0,-1,11723,255,383,16464,72,250,6324,146,265,7478,142,197,17219,175,150,16677,367,31,97117,59208
112424162,0,DSM,DECEM,94672.0,90438.0,W,6,3,11,27,37,5,0,0,100,12,7144.0,6,3,11,41,29,8,0,0,100,12,35234.0,6,3,11,19,24,6,27,0,100,12,73537.0,476,458,18,0,12,12,22,281,20,312,3,2.0,21031,596,2,6959,165,651,7064,98,455,40055,309,326,13518,60,250,16200,369,267,8548,139,194,5618,46,148,13857,244,27,132850,91003
112424162,1,DECEM,DSM,90438.0,94672.0,L,5,3,12,26,39,2,0,1,100,11,7631.0,5,3,12,41,24,10,0,0,100,12,34662.0,5,2,12,20,27,8,15,0,100,12,71033.0,613,613,0,0,13,13,41,273,19,309,10,2.0,19073,543,2,4618,107,551,6075,85,481,38021,307,330,14193,66,250,17412,399,267,7419,121,194,5630,48,148,12200,194,27,124641,88750
112425297,0,DECEM,OPP:ToastUz,106326.0,71251.0,W,7,18,0,19,34,1,0,1,100,11,3806.0,7,19,0,19,20,8,13,0,100,12,56852.0,4,14,0,3,33,7,27,0,100,12,87488.0,566,566,0,0,14,14,48,274,34,315,11,7.0,19506,538,2,11580,295,407,5161,83,455,12929,129,331,12558,66,250,0,0,-1,12029,135,194,58627,388,148,13184,257,27,145574,101304
112425297,1,OPP:ToastUz,DECEM,71251.0,106326.0,L,6,17,0,33,20,0,0,0,100,13,9528.0,6,17,0,33,25,0,0,0,100,13,44049.0,6,17,0,13,31,0,14,0,100,13,62551.0,304,295,4,5,9,7,64,188,13,305,3,200.0,13771,388,2,2837,88,674,0,0,-1,15039,265,385,16464,72,249,0,0,-1,15700,210,196,51617,414,151,13379,387,31,128807,98820
112425333,0,DSM,OPP:ZHOU HONGYI,95782.0,64879.0,W,5,10,7,20,34,5,0,0,100,11,5771.0,5,10,7,29,28,8,8,0,100,12,43993.0,2,7,7,8,32,7,28,0,100,11,74631.0,487,473,14,0,13,13,26,276,25,310,4,1.0,20930,635,2,12820,308,503,3895,86,434,28530,197,338,11796,60,250,14538,246,359,5138,83,194,29857,224,148,12293,225,27,139797,93754
112425333,1,OPP:ZHOU HONGYI,DSM,64879.0,95782.0,L,6,11,0,21,20,12,0,0,75,11,15652.0,6,11,0,21,25,12,0,0,75,11,41120.0,6,11,0,1,31,0,14,0,75,12,57908.0,344,337,3,4,7,5,136,184,12,278,2,137.0,184361,4893,50,3706,100,674,2795,59,506,18021,159,386,16512,72,249,0,0,-1,8224,173,196,21903,262,151,14538,353,31,270060,67455
112426076,0,吃白饭的大肥鱼,OPP:YumeNeko,123383.0,111279.0,W,8,3,9,20,34,0,0,0,75,10,15623.0,8,3,10,38,14,2,0,0,75,9,41080.0,8,1,10,18,31,2,0,5,75,12,86078.0,216,216,0,0,6,6,27,43,13,278,2,20.0,20674,522,73,72,2,385,976,16,601,55004,306,361,19218,90,247,17450,330,266,15888,133,194,8156,60,149,17430,309,29,154868,116692
112426076,1,OPP:YumeNeko,吃白饭的大肥鱼,111279.0,123383.0,L,4,3,9,26,30,0,0,3,75,11,3477.0,3,3,10,43,14,2,0,0,75,11,29753.0,3,1,10,18,28,0,0,0,75,13,84688.0,207,207,0,0,5,5,24,54,9,286,12,0.0,17584,448,97,0,0,-1,992,16,530,61957,332,338,12438,60,249,17429,327,250,12369,95,196,6109,51,150,9916,164,34,138794,111294
112426103,0,Boey,OPP:nah id win,109646.0,94572.0,W,3,17,2,17,32,0,0,4,75,10,13356.0,3,17,2,20,15,0,18,0,75,12,62359.0,3,13,2,3,36,0,17,0,75,11,93263.0,3600,3600,0,0,124,124,981,187,44,281,2,0.0,269390,7703,2,113580,2358,381,0,0,-1,43836,308,327,47429,212,246,27630,625,152,17225,255,196,150501,917,146,162844,4817,4,832435,286621
112426103,1,OPP:nah id win,Boey,94572.0,109646.0,L,3,16,1,21,27,2,0,1,75,11,7681.0,3,18,1,21,12,8,11,0,75,12,51438.0,2,11,1,1,19,9,29,0,75,11,72829.0,362,362,0,0,10,10,48,80,34,284,4,18.0,11641,361,73,13751,298,407,7515,95,503,21104,155,334,14928,66,250,1791,41,264,4366,68,199,43758,328,147,11998,223,28,130852,93462
112426490,0,OPP:NayuNayu,DECEM,97245.0,126104.0,L,6,11,0,33,20,0,0,0,75,11,15553.0,6,11,0,33,25,0,0,0,75,11,44740.0,6,11,0,13,31,10,14,0,100,12,72316.0,254,245,4,5,7,5,41,189,12,293,3,142.0,12805,330,50,3808,87,674,6096,80,647,26570,252,386,16512,72,249,0,0,-1,33715,214,196,31497,283,151,14656,315,31,145659,114390
112426490,1,DECEM,OPP:NayuNayu,126104.0,97245.0,W,7,10,3,18,33,11,0,1,100,11,5019.0,9,10,3,24,16,31,0,0,100,12,45485.0,10,7,3,6,35,16,11,0,100,12,93839.0,570,570,0,0,14,14,39,280,24,319,3,0.0,18789,488,2,3115,69,617,19558,239,475,22454,175,330,12438,66,250,3987,85,383,38093,238,194,32355,234,148,12306,226,27,163095,128885
112426510,0,OPP:Mositaku,DECEM,67444.0,96676.0,L,6,6,5,33,21,0,0,0,75,10,15389.0,6,6,5,33,25,0,0,0,75,11,28094.0,6,6,5,13,27,0,18,0,75,11,49309.0,359,351,4,4,7,5,71,187,12,267,2,137.0,14792,411,50,3273,101,674,0,0,-1,2444,270,383,16464,72,250,8353,167,265,11100,192,197,26856,156,150,14311,340,31,97593,65217
112426510,1,DECEM,OPP:Mositaku,96676.0,67444.0,W,8,3,10,12,39,8,0,1,100,11,7478.0,8,5,10,8,32,29,0,0,100,11,30374.0,2,17,10,0,42,11,0,0,100,12,60787.0,751,751,0,0,14,14,181,265,28,311,3,0.0,29265,820,2,56,2,714,12967,219,433,4533,57,313,12420,66,250,16971,333,266,7476,96,194,45759,217,148,16799,387,27,146246,100126
112426515,0,DSM,OPP:Sirui Zeng,110656.0,83900.0,W,6,10,5,31,30,2,0,0,100,11,4352.0,8,10,5,31,30,8,0,0,100,12,46952.0,8,9,5,5,45,8,6,0,100,12,86478.0,441,421,20,0,13,13,25,289,25,318,4,1.0,22533,639,2,1427,46,683,8179,111,503,24772,191,334,11796,60,250,9445,165,359,25533,211,194,35888,262,148,13013,260,27,152586,115613
112426515,1,OPP:Sirui Zeng,DSM,83900.0,110656.0,L,6,11,0,33,20,0,0,0,75,11,15419.0,6,11,0,33,25,0,0,0,75,11,43458.0,6,11,0,13,31,0,14,0,75,12,68690.0,335,324,6,5,7,5,127,187,12,281,2,152.0,256373,6085,50,2743,87,674,0,0,-1,21507,261,385,16512,72,249,0,0,-1,26982,220,196,29918,286,151,14290,328,31,368325,94919
112427659,0,OPP:Hello San Francisco,DECEM,69364.0,104504.0,L,6,17,0,33,20,0,0,0,100,13,7954.0,6,17,0,33,25,0,0,0,100,13,39618.0,6,17,0,13,31,0,14,0,100,12,57883.0,312,304,4,4,6,5,60,183,13,303,3,136.0,12171,361,50,3696,104,674,0,0,-1,13699,261,386,16512,72,249,0,0,-1,15018,202,196,49137,396,151,14127,418,31,124360,94366
112427659,1,DECEM,OPP:Hello San Francisco,104504.0,69364.0,W,4,19,1,25,32,1,0,1,100,11,2826.0,4,19,1,28,29,5,4,0,100,12,53304.0,4,16,1,5,35,4,23,0,100,12,86197.0,580,580,0,0,14,14,38,291,27,308,12,3.0,20147,593,2,8374,202,407,3821,58,503,16613,179,331,12434,66,250,1443,25,407,8884,106,194,59145,379,148,12402,231,27,143263,102340
112427673,0,OPP:A. R. SEKKAT,DSM,81408.0,95913.0,L,9,5,3,33,21,0,0,0,75,10,16744.0,9,5,3,33,25,0,0,0,75,11,39412.0,9,5,3,13,27,0,18,0,75,11,66082.0,328,323,1,4,7,5,75,188,12,265,2,135.0,14417,397,50,3289,95,674,0,0,-1,23604,260,383,16464,72,250,4829,91,361,31472,277,197,4779,91,150,16237,356,31,115091,81148
112427673,1,DSM,OPP:A. R. SEKKAT,95913.0,81408.0,W,12,3,6,19,39,12,0,0,100,12,5969.0,12,3,6,29,22,25,0,0,100,12,36728.0,12,3,6,11,39,16,5,0,100,12,72810.0,547,507,40,0,12,12,45,330,21,327,3,1.0,28519,807,2,1616,49,683,15946,213,455,18877,174,330,11088,54,250,11992,224,266,34413,321,194,7112,50,148,14630,272,27,144193,99428
112428132,0,DECEM,OPP:codezzzsleep,121266.0,90085.0,W,7,10,4,19,38,7,0,1,100,11,5224.0,7,17,4,19,17,25,0,0,100,12,41129.0,7,17,3,0,44,14,5,0,100,12,92602.0,591,591,0,0,14,14,40,285,25,334,3,2.0,19671,527,2,1078,24,635,21967,203,453,13212,134,314,12490,66,250,5345,116,274,18695,168,194,55115,350,148,13845,302,27,161418,126824
112428132,1,OPP:codezzzsleep,DECEM,90085.0,121266.0,L,8,9,0,33,21,0,0,0,75,10,16392.0,8,9,0,33,25,0,0,0,75,11,47975.0,8,9,0,13,27,10,18,0,100,13,66834.0,346,333,8,5,7,5,76,188,12,282,3,152.0,15715,401,50,4183,95,674,8938,80,639,12302,298,383,16464,72,250,0,0,-1,28650,274,197,34789,227,150,15046,346,31,136087,101143
112428349,0,M & M & P & Q,OPP:nah id win,84024.0,84169.0,L,9,4,0,30,32,0,0,0,75,9,15363.0,9,4,0,28,28,0,6,0,75,11,44785.0,6,5,0,0,25,0,39,0,75,10,70399.0,354,354,0,0,16,16,32,234,63,279,16,1.0,21283,646,2,9967,285,410,0,0,-1,27266,222,318,13014,54,249,0,0,-1,10400,151,194,15637,125,148,9935,153,27,107502,66317
112428349,1,OPP:nah id win,M & M & P & Q,84169.0,84024.0,W,7,3,6,29,29,0,0,1,75,11,10583.0,7,3,6,29,16,10,3,0,75,11,39896.0,3,3,6,4,22,12,22,0,75,11,62067.0,421,421,0,0,10,10,47,99,26,278,4,13.0,15067,460,73,6267,189,390,7559,97,531,20001,183,334,13904,66,250,12371,223,312,8793,125,199,15027,101,147,12893,194,28,111882,77655
112428788,0,DECEM,OPP:batuhan kalem,96807.0,87163.0,W,6,3,12,26,40,1,0,1,100,11,6412.0,6,3,12,36,27,9,0,0,100,11,35107.0,6,3,12,11,36,9,13,0,100,11,75776.0,611,611,0,0,14,14,54,271,19,311,3,0.0,19757,546,2,3342,81,551,5817,87,482,37081,256,330,12412,66,250,18852,374,267,7300,135,194,12719,78,148,13515,260,27,130795,94181
112428788,1,OPP:batuhan kalem,DECEM,87163.0,96807.0,L,6,6,5,33,21,0,0,0,75,10,14726.0,6,6,5,33,25,0,0,0,75,11,34134.0,6,6,5,13,27,0,18,0,75,11,68332.0,368,362,2,4,7,5,107,189,12,267,2,137.0,156893,3697,50,3989,98,674,0,0,-1,36772,274,383,16464,72,250,8116,160,265,10945,199,197,15028,128,150,15305,331,31,263512,87325
112428808,0,DSM,OPP:Hyunwoo_Park,93127.0,71304.0,W,9,8,4,21,41,5,0,0,100,11,5688.0,9,8,4,22,32,14,1,0,100,12,43010.0,6,8,4,2,39,9,12,0,100,11,73451.0,472,450,22,0,13,13,28,305,22,325,3,0.0,24787,773,2,3911,144,527,9308,144,455,14322,126,336,11808,60,250,8264,140,311,13059,150,194,34021,219,148,12765,234,27,132245,90782
112428808,1,OPP:Hyunwoo_Park,DSM,71304.0,93127.0,L,8,9,0,33,21,0,0,0,75,10,15758.0,8,9,0,33,25,0,0,0,75,11,41145.0,8,9,0,13,27,0,18,0,75,11,57697.0,333,318,11,4,8,6,72,187,12,264,2,195.0,11727,376,50,2920,115,674,0,0,-1,8860,280,383,16464,72,250,0,0,-1,17012,244,197,34502,231,150,16591,357,31,108076,76838
112429544,0,Unknown Mother-Goose,OPP:DSM,134676.0,139465.0,L,8,10,3,23,25,0,0,4,75,11,12454.0,8,11,3,36,13,0,0,4,75,11,55120.0,8,11,3,20,32,1,0,0,75,11,109393.0,348,344,4,0,16,13,39,207,29,284,3,0.0,18921,496,2,0,0,-1,404,6,695,40590,292,318,16602,84,250,4965,100,359,32616,236,194,52919,292,148,12864,302,27,179881,148096
112429544,1,OPP:DSM,Unknown Mother-Goose,139465.0,134676.0,W,11,9,3,24,34,1,0,0,100,11,6169.0,11,13,3,38,26,4,0,0,100,12,51432.0,11,11,3,22,37,2,0,0,100,12,108345.0,492,476,16,0,12,12,32,273,36,328,4,6.0,21012,567,2,0,0,-1,3130,47,504,40608,283,330,13482,60,250,4062,82,383,37157,276,194,55922,306,148,13210,316,27,188583,154361
112429547,0,Unknown Mother-Goose,吃白饭的大肥鱼,127543.0,133466.0,L,9,3,7,33,18,0,0,4,75,11,12319.0,7,3,7,41,11,2,0,4,75,11,41511.0,3,3,7,16,39,7,0,0,75,11,93392.0,348,345,3,0,13,13,40,246,20,282,2,7.0,26157,589,2,834,15,693,11005,74,575,72996,356,334,16512,84,250,10552,236,311,17604,153,194,5663,48,148,11902,182,27,173225,134332
112429547,1,吃白饭的大肥鱼,Unknown Mother-Goose,133466.0,127543.0,W,9,3,5,26,23,0,6,3,75,10,13246.0,9,3,5,42,10,0,3,3,75,9,40731.0,9,3,5,22,17,14,5,0,75,11,78666.0,217,217,0,0,5,5,28,49,12,270,2,15.0,13326,308,73,5107,99,313,17506,112,649,68580,336,361,15192,76,247,7282,163,266,21016,163,194,5659,64,149,15237,279,31,168905,135235
112430012,0,DECEM,OPP:pensukesan,92160.0,63888.0,W,4,12,6,10,35,6,9,1,100,11,6443.0,5,11,6,18,23,19,9,0,100,12,40018.0,5,7,6,8,30,15,23,0,100,11,66922.0,618,618,0,0,14,14,62,297,23,302,3,0.0,16902,515,2,12567,279,335,11443,165,455,9652,113,326,12368,66,250,9154,184,338,16738,134,194,26200,206,148,13872,253,27,128896,85555
112430012,1,OPP:pensukesan,DECEM,63888.0,92160.0,L,6,11,0,27,20,0,0,6,75,11,15131.0,6,11,0,27,20,0,5,6,75,11,32834.0,6,11,0,7,28,0,17,0,75,12,46552.0,264,247,4,13,7,6,46,198,12,280,2,143.0,12006,419,3,6371,151,409,0,0,-1,8524,201,385,19866,102,249,0,0,-1,24848,198,196,17301,230,151,13349,355,31,102265,70539
112430020,0,DSM,OPP:Bohann Wang,121432.0,98424.0,W,7,3,9,40,28,2,0,0,100,11,4859.0,7,3,9,50,18,11,0,0,100,11,34564.0,7,3,8,17,26,12,21,0,100,12,90906.0,496,476,20,0,13,13,30,271,18,326,3,7.0,21405,532,2,6677,143,604,9608,116,503,70240,359,360,12990,66,250,16655,352,287,9712,147,194,6702,42,148,11503,186,27,165492,125907
112430020,1,OPP:Bohann Wang,DSM,98424.0,121432.0,L,6,6,5,33,21,0,0,0,75,10,15120.0,6,6,5,33,25,0,0,0,75,11,36663.0,6,6,5,13,27,0,18,0,75,11,78996.0,362,351,6,5,7,5,85,192,12,263,2,142.0,73254,1726,50,5153,115,674,0,0,-1,50667,259,383,16464,72,250,7829,168,265,13877,205,197,4883,101,150,17203,336,31,189330,93720
112431226,0,OPP:哈基米南北路多,DECEM,74203.0,96428.0,L,8,9,0,33,21,0,0,0,75,10,16430.0,8,9,0,33,25,0,0,0,75,11,44584.0,8,9,0,13,26,10,19,0,100,13,57382.0,360,340,16,4,7,5,73,183,12,278,3,137.0,15265,403,50,6457,115,674,6206,80,639,24670,280,383,16464,72,250,0,0,-1,15653,236,197,17191,208,150,17091,362,31,118997,80184
112431226,1,DECEM,OPP:哈基米南北路多,96428.0,74203.0,W,7,10,4,20,35,5,0,1,100,11,5802.0,7,10,4,33,16,25,0,0,100,11,41215.0,4,8,3,11,17,12,39,0,100,12,73380.0,607,607,0,0,14,14,41,263,23,328,3,0.0,15374,400,2,15402,267,551,17148,211,455,23311,210,331,12490,66,250,5935,112,267,10838,104,194,20526,186,148,11803,187,27,132827,90248
112431229,0,OPP:KTAcosmo,DSM,120150.0,137180.0,L,9,5,3,33,21,0,0,0,75,10,16293.0,9,5,3,33,25,0,0,0,75,11,46056.0,9,5,3,13,27,0,18,0,75,11,93328.0,439,398,41,0,7,5,74,187,12,265,2,145.0,27304,772,51,22302,457,671,0,0,-1,63789,323,383,16464,72,250,4623,106,361,22607,354,197,35197,194,150,17780,393,31,210066,142680
112431229,1,DSM,OPP:KTAcosmo,137180.0,120150.0,W,12,3,4,42,27,2,0,0,100,11,3344.0,12,6,4,44,18,11,0,0,100,11,39473.0,9,6,3,16,30,10,19,0,100,12,101056.0,562,542,20,0,12,12,41,298,21,321,3,4.0,19524,519,2,7069,144,575,9677,118,503,68266,339,346,11088,54,250,5520,124,311,18263,206,194,28370,154,148,12187,203,27,179964,141184
112431244,0,DECEM,OPP:Excluding,106367.0,89418.0,W,12,3,5,27,38,2,0,1,100,11,6947.0,12,3,5,28,31,11,0,0,100,12,48916.0,12,3,5,3,43,8,14,0,100,11,86326.0,560,560,0,0,14,14,38,309,19,321,3,1.0,23490,709,2,3637,103,584,5951,86,500,28412,208,326,14130,66,250,8229,159,335,36841,283,194,6217,58,148,12688,216,27,139595,99780
112431244,1,OPP:Excluding,DECEM,89418.0,106367.0,L,12,3,3,36,17,0,0,3,75,11,11026.0,12,3,3,36,13,8,0,0,75,11,42142.0,12,3,3,12,36,7,0,0,75,11,71680.0,300,300,0,0,13,13,39,86,11,288,2,14.0,13083,429,3,2304,68,690,3686,53,610,32671,285,334,23151,106,247,5708,110,266,34128,284,196,4826,86,151,12769,223,29,132326,104170
112431577,0,Boey,OPP:Kaggledew Valley 🏆,118070.0,103905.0,W,13,3,3,29,17,0,0,10,75,10,14440.0,13,5,3,29,20,0,0,5,75,12,56245.0,10,5,3,1,30,0,26,0,75,12,93418.0,3266,3266,0,0,152,152,1132,173,34,284,2,0.0,209087,5823,2,61855,1247,550,0,0,-1,61231,381,364,91282,449,246,42588,968,152,134880,1109,196,48178,299,146,163108,4465,3,812209,378159
112431577,1,OPP:Kaggledew Valley 🏆,Boey,103905.0,118070.0,L,12,3,1,29,2,10,0,14,75,8,3101.0,12,9,1,33,1,10,0,9,75,12,41491.0,7,9,1,5,21,1,26,0,75,10,83633.0,296,296,0,0,5,5,30,71,11,279,2,316.0,9703,281,86,9547,216,97,6027,88,458,29676,246,385,14148,84,327,1366,32,362,32403,250,196,31104,186,151,12704,265,31,146678,114724
112431636,0,OPP:tw1nstar,DSM,85347.0,108626.0,L,9,5,3,33,21,0,0,0,75,10,17486.0,9,5,3,33,25,0,0,0,75,11,40595.0,9,5,3,13,27,0,18,0,75,11,64654.0,331,324,3,4,8,6,77,191,12,267,2,190.0,15008,426,50,4042,97,674,0,0,-1,22359,260,383,16464,72,250,4304,95,361,37794,283,197,4805,89,150,15221,350,31,119997,85726
112431636,1,DSM,OPP:tw1nstar,108626.0,85347.0,W,15,3,5,10,32,14,6,0,100,11,6474.0,15,3,5,19,22,30,2,0,100,12,41892.0,14,3,5,8,34,9,16,0,100,12,79742.0,576,556,20,0,13,13,32,289,26,317,3,7.0,24023,688,2,10466,233,335,18443,241,450,16062,132,334,11820,60,250,7797,172,359,47587,373,194,6504,42,148,16141,322,27,158843,108213
112432436,0,OPP:Rodrigo Ramón,DSM,98301.0,133488.0,L,8,9,0,33,21,0,0,0,75,10,15924.0,8,9,0,33,25,0,0,0,75,11,45553.0,8,9,0,13,27,0,18,0,75,11,75735.0,351,336,11,4,7,5,74,186,12,266,2,137.0,13651,398,50,4522,121,674,0,0,-1,19640,295,383,16464,72,250,0,0,-1,14486,253,197,49286,223,150,15560,368,31,133609,99876
112432436,1,DSM,OPP:Rodrigo Ramón,133488.0,98301.0,W,9,10,3,21,32,10,0,0,100,11,4256.0,8,15,3,21,25,21,0,0,100,12,39107.0,1,15,3,1,42,9,14,0,100,11,101908.0,466,443,23,0,13,13,25,279,27,316,3,10.0,19184,577,2,6245,152,586,14625,178,455,19091,147,354,11808,60,250,4437,84,311,9043,88,194,79353,359,148,13416,262,27,177202,138357
112432437,0,OPP:Chris Deotte,DECEM,84065.0,94061.0,L,9,5,3,33,21,0,0,0,75,10,16807.0,9,5,3,33,25,0,0,0,75,12,39934.0,9,5,3,13,27,0,18,0,75,11,71673.0,421,409,7,5,7,5,141,187,12,270,2,142.0,173129,4323,50,3476,96,674,0,0,-1,32559,269,383,16464,72,250,4775,91,361,24856,284,197,4639,89,150,17704,347,31,277602,83293
112432437,1,DECEM,OPP:Chris Deotte,94061.0,84065.0,W,9,3,7,29,38,2,0,1,100,11,5968.0,9,3,7,35,21,8,11,0,100,11,40382.0,9,2,7,16,29,8,20,0,100,11,75567.0,582,582,0,0,14,14,43,292,20,326,3,7.0,19994,549,2,8481,213,407,4037,75,503,31933,262,331,12456,66,250,11722,223,262,19090,201,194,6667,47,148,12162,201,27,126542,85905
112433587,0,OPP:Gatswei,DSM,65365.0,85205.0,L,8,6,3,33,21,0,0,0,75,10,16268.0,8,6,3,33,25,0,0,0,75,11,34734.0,5,6,3,1,50,0,9,0,75,10,50619.0,261,260,1,0,6,5,69,163,12,265,2,142.0,17200,583,50,3391,94,558,0,0,-1,9573,183,383,16464,72,250,5371,96,361,11862,158,197,16390,152,150,15628,293,31,95879,59660
112433587,1,DSM,OPP:Gatswei,85205.0,65365.0,W,9,3,9,21,36,9,0,0,100,11,6216.0,8,3,9,21,28,24,0,0,100,12,35190.0,5,3,8,1,43,11,16,0,100,11,66532.0,662,622,40,0,13,13,40,327,22,331,3,3.0,34372,1021,2,6419,173,506,13814,211,449,16651,128,326,11862,60,250,19376,346,267,10428,136,194,13807,114,148,14602,261,27,141331,85938
112433603,0,OPP:curiosity,DECEM,75569.0,90916.0,L,8,6,3,33,21,0,0,0,75,10,17112.0,8,6,3,33,25,0,0,0,75,11,36097.0,8,6,3,13,27,0,18,0,75,11,56304.0,398,385,8,5,7,5,77,181,12,267,2,142.0,14574,411,50,5635,123,674,0,0,-1,19321,275,383,16590,72,250,4271,94,361,21841,259,197,14493,143,150,15714,352,31,112439,76516
112433603,1,DECEM,OPP:curiosity,90916.0,75569.0,W,11,3,8,15,43,11,0,1,100,11,7357.0,11,3,8,18,20,28,5,0,100,11,34440.0,8,4,8,5,32,8,20,0,100,12,66965.0,644,644,0,0,14,14,61,275,23,312,3,30.0,18672,533,2,11090,229,431,16465,216,455,12889,120,322,12316,66,250,10784,235,340,17811,195,194,12824,99,148,14339,266,27,127190,83089
112434231,0,DECEM,OPP:Shoko,89869.0,63563.0,W,5,3,11,27,35,6,2,1,100,11,6604.0,5,3,11,27,15,19,16,0,100,11,32844.0,1,2,10,3,29,9,38,0,100,11,65455.0,563,563,0,0,14,14,59,290,20,306,3,1.0,17718,444,2,20389,382,359,12707,151,435,22163,176,330,12496,66,250,14766,329,267,3647,39,194,6637,47,148,12530,207,27,123053,72416
112434231,1,OPP:Shoko,DECEM,63563.0,89869.0,L,6,6,5,33,21,0,0,0,75,10,14959.0,6,6,5,33,25,0,0,0,75,11,30930.0,6,6,5,13,27,0,18,0,75,11,49020.0,321,319,2,0,6,5,66,188,12,266,2,142.0,33896,818,51,5522,109,674,0,0,-1,23774,284,383,16464,72,250,7277,164,265,5530,159,197,4722,110,150,16502,344,31,113687,57767
112434746,0,OPP:shyjin,DSM,126798.0,147542.0,L,9,5,3,33,21,0,0,0,75,10,17293.0,9,5,3,33,25,0,0,0,75,11,45290.0,9,5,3,13,27,0,18,0,75,11,100513.0,330,319,6,5,8,6,74,187,12,264,2,154.0,18168,498,3,6389,139,674,0,0,-1,51700,268,383,16464,72,250,4079,96,361,34953,301,197,25005,142,150,16279,358,31,173037,132201
112434746,1,DSM,OPP:shyjin,147542.0,126798.0,W,11,3,6,38,26,4,0,0,100,11,4005.0,12,5,6,50,16,8,0,0,100,12,39471.0,12,8,6,24,31,6,6,0,100,12,109790.0,523,507,16,0,13,13,33,256,23,330,3,0.0,15465,445,2,2882,63,674,6264,81,481,73296,393,354,11808,60,250,7737,178,335,32104,270,194,30433,146,148,13313,259,27,193302,161642
112434756,0,OPP:3정훈,DECEM,90481.0,116066.0,L,6,17,0,32,20,0,0,0,100,13,9575.0,6,17,0,32,25,0,0,0,100,13,45609.0,6,17,0,13,31,0,14,0,100,13,77723.0,313,302,7,4,7,5,61,188,13,305,3,136.0,13579,391,50,3387,88,674,0,0,-1,31001,248,385,16512,72,249,0,0,-1,17404,199,196,50341,398,151,14025,396,31,146249,115258
112434756,1,DECEM,OPP:3정훈,116066.0,90481.0,W,6,20,0,19,36,1,0,1,100,11,2743.0,6,20,0,33,26,6,0,0,100,12,54357.0,5,16,0,16,24,7,24,0,100,12,93864.0,552,552,0,0,14,14,39,270,34,319,6,0.0,17866,491,2,8694,202,551,4572,67,503,30046,245,330,12410,66,250,0,0,-1,12209,134,194,58428,375,148,12599,238,27,156824,117665
112435961,0,OPP:ShunkiKyoya,DSM,111291.0,133753.0,L,8,5,3,29,30,0,0,0,75,9,5654.0,8,5,3,35,16,4,0,4,75,13,30233.0,8,5,3,7,15,11,15,11,75,13,65527.0,196,195,1,0,8,7,25,200,8,274,2,110.0,13504,346,2,6168,107,626,13426,88,626,53007,288,314,17976,84,578,5189,119,266,18070,228,218,6884,142,169,12389,196,49,146613,114552
112435961,1,DSM,OPP:ShunkiKyoya,133753.0,111291.0,W,10,3,7,37,31,3,0,0,100,11,6074.0,10,3,7,41,14,22,0,0,100,11,39769.0,9,2,7,15,20,11,31,0,100,11,97582.0,437,413,24,0,22,13,101,322,21,341,3,0.0,21652,521,2,11004,193,647,29653,205,503,56771,319,354,14952,60,250,8332,196,311,16794,162,194,5470,36,148,13212,221,27,177840,131972
112435976,0,DECEM,OPP:UjjwalPardeshi,105530.0,87479.0,W,13,3,6,15,31,7,9,1,100,11,6175.0,14,3,6,20,17,27,8,0,100,12,40387.0,12,3,5,9,26,10,26,0,100,12,78318.0,610,610,0,0,14,14,58,265,23,317,3,0.0,14821,396,2,13483,267,335,16090,224,454,11732,125,318,12498,66,250,7258,169,346,38273,319,194,13727,87,148,13298,253,27,141180,99578
112435976,1,OPP:UjjwalPardeshi,DECEM,87479.0,105530.0,L,9,5,3,33,21,0,0,0,75,10,16902.0,9,5,3,33,25,0,0,0,75,11,40540.0,9,5,3,13,27,0,18,0,75,11,66238.0,345,331,10,4,7,5,76,185,12,266,2,136.0,13837,366,50,6095,124,674,0,0,-1,18415,289,383,16464,72,250,4070,95,361,34015,284,197,17184,131,150,15927,367,31,126007,90148
112436392,0,OPP:Kaggledew Valley 🏆,M & M & P & Q,111409.0,123578.0,L,9,4,5,26,10,3,0,15,75,7,4384.0,9,4,5,36,5,4,0,6,75,11,34644.0,9,1,5,11,33,0,0,1,75,12,84250.0,323,323,0,0,8,8,25,76,11,272,2,404.0,15686,471,84,785,23,86,1948,32,410,53549,282,337,17386,102,259,11943,208,217,22111,228,197,4694,57,150,13834,242,30,141936,111631
112436392,1,M & M & P & Q,OPP:Kaggledew Valley 🏆,123578.0,111409.0,W,11,5,0,28,30,0,0,1,75,10,14997.0,11,5,0,42,17,0,0,0,75,10,49452.0,11,2,0,15,44,0,1,0,75,10,93774.0,327,327,0,0,16,16,30,223,62,268,7,0.0,21762,610,2,567,16,504,0,0,-1,63303,332,358,14928,60,247,0,0,-1,28718,288,194,6716,46,148,10820,171,27,146814,113665
112436442,0,Unknown Mother-Goose,M & M & P & Q,108327.0,111245.0,L,15,3,2,24,28,0,0,3,75,11,11988.0,15,3,2,35,11,6,0,3,75,11,50108.0,15,3,2,16,22,16,0,0,75,11,81037.0,330,330,0,0,14,14,30,207,23,283,2,7.0,11058,353,2,921,26,711,14802,119,599,34279,281,346,15816,78,250,3275,61,383,48221,389,194,6561,60,148,14226,267,27,149159,122954
112436442,1,M & M & P & Q,Unknown Mother-Goose,111245.0,108327.0,W,14,3,0,27,31,0,0,0,75,10,15346.0,14,3,0,34,22,0,1,0,75,11,56949.0,14,3,0,10,44,0,3,0,75,11,93143.0,352,352,0,0,14,14,33,187,51,273,13,4.0,21311,662,2,765,21,576,0,0,-1,36965,288,342,12702,54,247,0,0,-1,49656,385,194,4961,47,148,11010,192,27,137370,104284
112437190,0,DECEM,OPP:Ghost Rule,102643.0,88627.0,W,11,3,7,27,31,1,5,1,100,11,6127.0,11,6,7,32,15,5,15,0,100,12,40880.0,8,11,6,9,23,4,26,0,100,12,75640.0,579,579,0,0,14,14,44,244,25,308,3,9.0,13480,346,2,19391,369,335,3101,50,482,26359,225,330,12456,66,250,7998,188,287,18982,191,194,27557,143,148,14316,277,27,143640,96453
112437190,1,OPP:Ghost Rule,DECEM,88627.0,102643.0,L,10,4,3,22,18,0,0,2,75,10,16583.0,10,5,3,29,12,6,4,2,75,11,33753.0,8,5,3,11,27,0,19,0,75,11,66829.0,307,272,10,35,7,6,47,154,13,280,2,1.0,10955,289,51,10240,197,478,2859,45,506,20363,216,385,17754,84,250,4515,106,289,16988,203,196,21665,121,151,11986,219,31,117325,84144
112437195,0,OPP:RS Turley,DSM,62672.0,91773.0,L,6,8,4,15,24,3,0,2,75,11,3606.0,6,8,7,22,9,10,7,4,75,12,21521.0,5,1,7,8,35,4,5,2,75,10,42583.0,315,301,14,0,18,16,49,113,19,284,2,4.0,23345,625,2,5087,127,430,4710,86,430,18636,164,314,16632,84,250,13003,281,282,8330,146,195,7825,124,149,20001,652,26,117569,69136
112437195,1,DSM,OPP:RS Turley,91773.0,62672.0,W,8,3,15,11,43,6,0,0,100,11,8570.0,8,3,15,27,25,10,2,0,100,11,33471.0,6,3,15,17,30,7,12,0,100,12,64815.0,479,454,25,0,12,12,35,281,26,309,3,2.0,31846,777,2,4181,105,528,5081,97,455,20716,193,329,14082,60,250,23681,502,251,10762,154,194,9980,62,148,15153,321,27,135482,84302
112437695,0,吃白饭的大肥鱼,OPP:THIRD FARM CLUB,112605.0,116054.0,L,9,4,6,20,33,2,0,1,75,10,14775.0,9,4,6,33,16,6,0,1,75,9,45087.0,9,2,6,12,38,8,0,0,75,12,84647.0,225,225,0,0,5,5,32,50,13,282,2,16.0,23248,552,73,1108,30,384,7302,104,481,43110,258,385,14438,65,247,8934,188,310,25795,218,194,6837,55,149,14433,300,31,145205,106416
112437695,1,OPP:THIRD FARM CLUB,吃白饭的大肥鱼,116054.0,112605.0,W,9,2,6,30,18,1,1,7,75,9,13272.0,9,2,7,36,15,2,1,3,75,9,39030.0,9,0,7,12,37,2,4,0,75,13,80915.0,233,230,3,0,8,8,17,74,11,264,3,3.0,17642,447,61,1754,47,383,1624,23,505,47852,278,384,17148,89,247,12311,256,160,29942,241,196,4441,35,146,13748,241,26,146462,113318
112437698,0,Boey,OPP:DECEM,92016.0,87629.0,W,10,3,5,28,21,0,2,6,75,10,15691.0,10,3,5,29,17,0,10,1,75,10,42735.0,10,2,5,6,33,0,19,0,75,11,74062.0,3905,3905,0,0,139,139,1193,198,22,272,2,0.0,267161,8692,2,59228,1516,335,0,0,-1,52761,323,327,63565,337,248,60121,1394,153,66368,912,197,6340,81,146,179408,4185,4,754952,249155
112437698,1,OPP:DECEM,Boey,87629.0,92016.0,L,11,3,6,27,37,1,0,2,100,11,5343.0,11,3,6,30,22,5,16,0,100,11,38989.0,10,2,6,15,24,3,29,0,100,10,68944.0,535,535,0,0,13,13,34,295,21,324,3,0.0,15444,540,2,11330,312,383,3161,50,434,33573,233,330,14610,66,248,8132,192,287,16915,223,194,5834,48,148,11806,210,27,120805,82225
112438403,0,OPP:Driz Lo,DSM,69798.0,92209.0,L,6,6,5,33,21,0,0,0,75,10,16411.0,6,6,5,33,25,0,0,0,75,11,34973.0,6,6,5,13,30,0,15,0,75,11,55728.0,416,343,50,25,6,6,75,188,12,259,2,152.0,22243,668,2,18233,455,671,0,0,-1,26383,331,383,16464,72,250,13044,240,265,19177,320,197,4605,123,150,18511,434,31,138660,79673
112438403,1,DSM,OPP:Driz Lo,92209.0,69798.0,W,7,3,10,30,33,7,0,0,100,11,4591.0,7,3,10,30,29,14,0,0,100,12,35678.0,7,2,11,4,47,7,11,0,100,14,70532.0,557,528,29,0,13,13,40,322,20,319,3,0.0,29047,788,2,4100,103,582,9545,132,455,29327,202,330,11862,60,250,21493,394,290,10767,155,194,6795,47,148,14371,271,27,137307,89789
112438407,0,DECEM,OPP:mikelou1,88958.0,80408.0,W,13,3,7,15,42,7,0,1,100,11,5940.0,13,3,7,26,25,18,0,0,100,12,36370.0,12,4,7,11,40,13,4,0,100,11,68635.0,610,610,0,0,14,14,55,298,23,310,3,0.0,23195,625,2,1437,45,683,12206,157,455,14871,161,330,12496,66,250,11521,215,346,20166,256,194,14211,99,148,13959,268,27,124062,85471
112438407,1,OPP:mikelou1,DECEM,80408.0,88958.0,L,9,5,3,33,18,0,3,0,75,10,13166.0,9,5,3,33,25,0,0,0,75,11,39341.0,9,5,3,13,26,0,19,0,75,11,64607.0,464,431,32,1,7,6,77,187,12,267,2,196.0,31362,887,51,17259,491,337,0,0,-1,20717,251,383,16476,72,250,5461,102,361,24125,369,197,19597,144,150,15800,395,31,150797,86376
112439669,0,DSM,OPP:QQ农场,109334.0,93625.0,W,9,3,9,29,26,4,11,0,100,11,5487.0,9,3,9,38,18,6,11,0,100,12,38007.0,7,2,9,14,22,9,31,0,100,11,81547.0,523,507,16,0,13,13,35,254,23,328,3,2.0,17725,486,2,16225,362,335,6115,92,455,51702,297,334,11862,60,250,14347,309,291,16526,170,194,6720,41,148,12969,227,27,154191,107272
112439669,1,OPP:QQ农场,DSM,93625.0,109334.0,L,8,6,3,33,18,0,3,0,75,10,16774.0,8,6,3,33,22,0,3,0,75,11,40578.0,8,6,3,13,24,0,21,0,75,11,75771.0,478,433,40,5,7,5,75,180,12,265,2,60.0,27655,777,50,23641,555,314,0,0,-1,51942,315,383,16464,72,250,5013,113,361,21608,317,197,4834,120,150,17115,377,31,168272,99861
112439679,0,DECEM,OPP:mikelou1,138468.0,115984.0,W,15,3,2,39,25,0,0,1,100,11,4507.0,15,3,2,52,20,2,0,0,100,11,48221.0,10,5,2,26,41,5,2,0,100,11,111613.0,531,531,0,0,14,14,46,266,25,312,3,0.0,18836,494,2,196,7,708,2257,37,623,71418,377,354,12464,66,250,3595,62,383,39600,290,194,13479,109,148,11987,209,27,173832,142813
112439679,1,OPP:mikelou1,DECEM,115984.0,138468.0,L,12,5,0,33,21,0,0,0,75,10,13304.0,12,5,0,33,25,0,0,0,75,11,47076.0,12,5,0,13,27,0,18,0,75,11,96026.0,445,388,56,1,7,6,71,186,12,265,2,196.0,30157,817,51,15437,460,671,0,0,-1,48818,251,383,16470,72,250,0,0,-1,37106,438,197,16241,150,150,17366,402,31,181595,118635
112440686,0,DECEM,OPP:Abhinav0370,139280.0,121897.0,W,9,3,7,43,23,1,0,1,100,11,5353.0,9,3,7,47,16,4,9,0,100,11,40354.0,9,3,6,20,33,3,18,0,100,12,103487.0,576,576,0,0,14,14,43,261,19,323,5,1.0,17713,457,2,7761,177,407,2762,43,527,70420,348,342,12372,66,250,9954,209,267,35538,250,194,6784,52,148,11657,196,27,174961,137830
112440686,1,OPP:Abhinav0370,DECEM,121897.0,139280.0,L,9,5,3,33,21,0,0,0,75,10,16691.0,9,5,3,33,25,0,0,0,75,11,42753.0,9,5,3,13,27,0,18,0,75,11,93826.0,359,352,3,4,6,5,71,188,12,265,2,136.0,15972,408,50,4139,96,674,0,0,-1,52232,258,383,16554,72,250,4402,95,361,43743,301,197,4485,89,150,17284,350,31,158811,121416
112440837,0,DSM,OPP:Yannik Schiffner,146837.0,129552.0,W,8,10,6,33,26,5,0,0,100,12,5706.0,8,15,6,36,22,6,0,0,100,12,46623.0,8,14,6,17,24,3,15,0,100,12,115792.0,485,470,15,0,11,11,28,235,35,314,4,0.0,9762,319,2,3327,95,647,3529,63,455,43803,276,346,13458,60,250,8883,200,359,37872,242,194,60597,338,148,14979,359,27,196210,168142
112440837,1,OPP:Yannik Schiffner,DSM,129552.0,146837.0,L,4,12,2,19,26,0,1,3,75,10,12446.0,4,12,2,30,19,0,0,8,75,10,54628.0,4,12,2,15,21,0,21,0,75,13,105664.0,1281,1273,8,0,129,129,688,143,32,282,2,0.0,122293,3522,2,4197,116,362,0,0,-1,35558,225,336,60578,283,246,9573,200,152,41007,241,196,64761,370,146,91434,1325,3,429401,211477
112440839,0,OPP:SH11235,DECEM,100023.0,119197.0,L,6,11,0,33,20,0,0,0,75,11,16092.0,6,11,0,33,25,0,0,0,75,11,47471.0,6,11,0,13,31,0,14,0,75,11,86503.0,261,254,7,0,8,7,41,188,12,276,2,193.0,11253,345,3,2692,87,674,0,0,-1,41687,272,386,16512,72,249,0,0,-1,11197,196,196,44314,300,151,14945,325,31,142600,113710
112440839,1,DECEM,OPP:SH11235,119197.0,100023.0,W,5,11,4,35,36,0,0,1,100,11,4661.0,5,11,4,45,27,5,0,0,100,12,48239.0,4,10,4,18,33,3,20,0,100,11,96415.0,555,555,0,0,14,14,37,271,20,307,3,7.0,18994,561,2,3478,101,631,2413,37,551,49995,337,335,12444,66,250,6842,112,359,6476,98,194,42996,269,148,11541,187,27,155179,121166
112442057,0,DSM,OPP:HowardLeeTW,104189.0,85762.0,W,12,3,5,22,30,14,0,0,100,11,7625.0,12,3,5,31,19,25,0,0,100,11,40610.0,9,3,5,11,37,7,20,0,100,11,77234.0,444,432,12,0,12,12,24,274,21,314,3,1.0,21290,525,2,9113,192,527,18447,229,455,26983,216,330,14826,60,250,8053,158,311,21857,234,194,6486,42,148,13105,212,27,140160,96652
112442057,1,OPP:HowardLeeTW,DSM,85762.0,104189.0,L,9,3,2,21,18,6,1,14,75,12,6156.0,10,3,2,30,3,22,0,4,75,12,35500.0,10,3,2,9,32,3,13,0,75,12,66109.0,337,337,0,0,5,5,26,137,10,316,2,75.0,15189,385,105,3451,77,83,13940,175,434,27192,236,313,16430,96,253,3246,64,307,18512,224,195,4508,71,152,13949,236,30,116417,83828
112442059,0,OPP:mikelou1,DECEM,76329.0,89605.0,L,4,6,7,33,14,0,7,0,75,10,14625.0,4,6,6,33,21,0,4,0,75,11,30565.0,4,6,6,13,26,0,19,0,75,11,59037.0,453,413,39,1,7,6,74,188,12,268,2,195.0,30160,839,51,26302,513,455,0,0,-1,23466,249,383,16476,72,250,12065,286,265,10856,173,197,17151,155,150,16407,404,31,152883,80014
112442059,1,DECEM,OPP:mikelou1,89605.0,76329.0,W,5,3,12,22,22,4,21,1,100,11,6724.0,5,3,12,31,16,16,12,0,100,11,31280.0,2,5,11,9,24,8,34,0,100,11,66681.0,651,651,0,0,14,14,63,266,21,323,3,0.0,14517,387,2,17998,347,325,9686,139,438,23124,195,330,12394,66,250,15305,352,266,5155,77,194,13473,106,148,13845,254,27,125497,79137
112443117,0,DSM,OPP:M & M & P & Q,117506.0,104189.0,W,8,10,6,30,24,6,0,0,100,11,6799.0,8,10,6,38,20,7,6,0,100,12,47482.0,6,7,5,20,20,9,28,0,100,12,93179.0,507,493,14,0,13,13,30,243,31,312,4,3.0,14278,403,2,11624,269,492,6901,106,455,43092,290,342,14178,60,250,7921,180,359,16583,167,194,35438,250,148,14433,280,27,164448,124113
112443117,1,OPP:M & M & P & Q,DSM,104189.0,117506.0,L,7,9,4,26,19,0,3,7,75,9,9431.0,6,8,8,35,17,7,8,11,100,11,32871.0,3,5,8,11,29,7,25,1,100,12,82237.0,272,272,0,0,10,10,18,59,13,290,3,230.0,14368,453,66,13751,313,92,4571,69,542,35050,220,312,18872,102,252,9085,211,336,16839,131,216,20481,150,167,12337,213,35,145354,104898
112443156,0,DECEM,OPP:AI是我的豆包,108213.0,90636.0,W,8,3,9,27,27,3,11,1,100,11,7124.0,8,7,9,37,19,14,3,0,100,12,38756.0,8,7,7,12,23,9,24,0,100,12,82735.0,599,599,0,0,13,13,41,256,23,306,3,12.0,13480,357,2,13929,268,335,7525,106,449,32593,257,330,14321,66,250,10322,243,267,17163,181,194,21812,146,148,14543,271,27,145688,103736
112443156,1,OPP:AI是我的豆包,DECEM,90636.0,108213.0,L,11,3,2,30,26,0,0,3,75,11,12898.0,11,5,0,40,7,4,5,2,75,11,40195.0,8,5,0,14,15,7,23,2,75,11,69046.0,295,295,0,0,9,9,18,244,11,284,2,0.0,10059,262,72,9328,177,550,4220,61,529,32938,301,314,17031,90,250,1292,28,265,20553,204,194,15019,102,148,10571,164,26,121011,91053
112443681,0,OPP:Otter Vibe,DECEM,96702.0,114295.0,L,7,8,3,17,20,15,0,5,75,10,14542.0,8,8,3,22,21,11,0,2,75,13,46223.0,8,8,3,10,26,1,0,0,75,12,79441.0,289,289,0,0,8,8,37,68,11,313,2,6.0,17530,515,118,1708,57,121,7931,122,361,25642,174,336,17388,96,249,6166,118,163,22466,186,198,26802,220,146,13246,255,29,138879,106395
112443681,1,DECEM,OPP:Otter Vibe,114295.0,96702.0,W,8,10,5,18,35,5,0,1,100,11,6821.0,10,10,5,33,23,13,0,0,100,12,45926.0,8,9,4,21,28,8,14,0,100,12,88476.0,592,592,0,0,12,12,35,281,29,308,3,5.0,16914,482,2,1900,64,623,6458,122,455,31986,248,330,13860,66,250,7016,133,359,23812,201,194,34577,252,148,14128,263,27,150651,117709
112444429,0,DSM,OPP:sAIzeria Harness,137076.0,116144.0,W,13,3,6,18,33,13,0,0,100,11,5886.0,14,3,6,28,17,25,0,0,100,11,44879.0,14,2,6,16,42,9,0,0,100,12,102005.0,514,488,26,0,13,13,29,286,26,316,3,0.0,27513,702,2,0,0,-1,17456,223,455,35248,207,334,11808,60,250,10648,212,359,63224,378,194,6492,42,148,14246,284,27,186635,144876
112444429,1,OPP:sAIzeria Harness,DSM,116144.0,137076.0,L,9,5,3,33,21,0,0,0,75,10,17467.0,9,5,3,33,25,0,0,0,75,11,44618.0,9,5,3,13,27,0,18,0,75,11,92174.0,342,334,4,4,7,5,78,190,12,268,2,137.0,17104,433,50,3157,97,674,0,0,-1,45601,280,383,16464,72,250,4665,95,361,48854,284,197,4852,94,150,15724,349,31,156421,120436
112444449,0,DECEM,OPP:Ebi,92050.0,74982.0,W,7,3,11,23,35,4,2,1,100,11,9351.0,7,3,11,26,18,11,16,0,100,11,39003.0,4,3,10,3,37,4,28,0,100,11,69319.0,602,602,0,0,14,14,39,277,21,322,3,7.0,20593,554,2,11734,285,359,6031,95,451,21851,190,330,16320,66,250,15351,339,266,6864,112,194,11637,86,148,13760,227,27,124141,78054
112444449,1,OPP:Ebi,DECEM,74982.0,92050.0,L,5,3,5,23,8,5,6,12,75,7,6486.0,5,3,5,27,7,7,9,5,75,11,32258.0,5,7,5,7,24,1,13,5,75,11,54673.0,313,313,0,0,3,3,116,51,8,244,2,236.0,274566,6752,117,10057,246,241,3676,56,409,22792,216,359,16506,102,357,7978,178,337,9121,143,212,11719,93,168,11649,207,42,368064,71792
112444874,0,OPP:DECEM,M & M & P & Q,106259.0,111316.0,L,5,13,5,17,36,4,0,1,100,11,5894.0,7,13,5,34,23,12,0,0,100,12,39182.0,7,6,5,23,21,9,21,0,100,11,78196.0,544,544,0,0,12,12,41,271,22,299,3,17.0,14503,503,2,3210,106,527,7597,109,455,35773,237,322,13794,65,249,7280,135,359,24082,180,194,23528,192,148,12842,233,27,142609,112054
112444874,1,M & M & P & Q,OPP:DECEM,111316.0,106259.0,W,6,13,0,19,37,0,0,0,75,10,13709.0,8,13,0,29,19,0,4,0,75,10,48369.0,8,8,0,15,30,0,14,0,75,11,88705.0,371,371,0,0,13,13,32,204,52,276,5,8.0,18017,629,2,3779,104,523,0,0,-1,36972,234,354,12434,53,247,0,0,-1,29721,224,194,26570,223,148,12403,221,27,139896,105697
112444879,0,Unknown Mother-Goose,OPP:Kaggledew Valley 🏆,114494.0,107133.0,W,8,11,3,27,22,0,0,4,75,11,11210.0,8,11,3,30,19,0,0,3,75,11,47082.0,8,8,3,6,30,1,18,0,75,11,91089.0,379,374,5,0,19,16,30,224,24,283,2,1.0,22792,572,2,5186,111,637,1002,14,647,47238,249,330,18660,84,250,5697,112,311,18175,200,194,19323,187,148,12861,242,27,150934,110095
112444879,1,OPP:Kaggledew Valley 🏆,Unknown Mother-Goose,107133.0,114494.0,L,7,10,0,29,5,5,0,8,75,9,3513.0,7,10,3,31,2,14,0,7,75,9,34126.0,7,7,3,10,45,0,0,1,75,8,78129.0,381,381,0,0,7,7,25,72,11,260,2,383.0,14581,401,86,1318,32,86,8018,112,474,46090,242,337,13494,78,255,4414,87,410,19597,197,200,18649,170,151,12820,252,28,138981,110262
112445618,0,DSM,OPP:feel the agi,118349.0,96974.0,W,7,3,9,29,34,8,0,0,100,11,3830.0,7,7,9,29,23,18,0,0,100,12,35541.0,7,9,8,3,31,12,19,0,100,12,86934.0,443,425,18,0,12,12,45,292,22,325,3,2.0,19898,518,2,6726,151,599,12623,153,479,34938,208,334,11040,54,250,12055,281,311,12512,157,194,40784,215,148,13110,266,27,163686,123952
112445618,1,OPP:feel the agi,DSM,96974.0,118349.0,L,6,2,8,21,13,0,0,0,75,7,18663.0,6,8,8,30,23,0,0,0,75,10,32483.0,6,8,8,11,42,0,0,0,75,12,73953.0,256,244,12,0,19,18,66,51,14,286,2,6.0,20172,570,2,0,0,-1,0,0,-1,32190,233,386,16584,72,250,12369,286,289,14016,169,196,29006,170,151,14639,297,31,138976,104165
112445641,0,OPP:c0nrad,DECEM,64249.0,70172.0,L,4,3,8,8,34,5,0,13,75,9,10872.0,4,3,8,9,25,11,13,2,75,13,28173.0,4,2,8,1,59,1,0,0,75,13,50546.0,164,164,0,0,1,1,20,47,7,260,2,39.0,23340,899,120,3432,116,193,4183,89,408,3905,70,361,18976,108,249,16758,318,265,7630,130,198,4672,68,168,12225,191,48,95121,56124
112445641,1,DECEM,OPP:c0nrad,70172.0,64249.0,W,7,3,11,17,45,3,0,1,100,11,9671.0,7,3,11,22,30,15,3,0,100,11,31062.0,4,3,11,6,54,10,3,0,100,11,54326.0,616,616,0,0,13,13,109,285,18,296,3,1.0,23797,867,2,1276,51,527,5088,133,434,10822,146,313,14976,66,250,19917,386,256,5993,112,194,6516,48,148,15156,246,27,103541,63312
112446058,0,OPP:nah id win,Unknown Mother-Goose,92732.0,93150.0,L,5,3,8,22,35,0,0,1,75,11,15490.0,5,3,8,24,26,3,3,0,75,11,38341.0,5,3,8,8,14,3,30,0,75,11,66870.0,450,450,0,0,10,10,48,99,27,278,4,0.0,13462,463,73,8114,252,380,1236,20,649,31429,187,326,13830,66,250,13928,309,245,18397,157,199,5188,77,147,11881,214,28,117465,84008
112446058,1,Unknown Mother-Goose,OPP:nah id win,93150.0,92732.0,W,6,3,10,14,34,0,0,6,75,11,14553.0,6,3,10,20,24,1,7,4,75,11,40303.0,6,1,10,9,22,3,23,0,75,12,71714.0,346,345,1,0,16,16,24,225,20,287,2,9.0,14996,527,2,7530,227,407,1521,26,623,26294,162,318,17124,95,250,16322,365,274,20789,177,194,5895,55,148,13364,247,27,123835,87945
112446064,0,M & M & P & Q,Boey,97888.0,101875.0,L,5,12,0,29,27,0,2,0,75,9,12034.0,5,14,0,33,20,0,2,0,75,11,49230.0,5,11,0,10,37,0,10,0,75,10,84857.0,350,350,0,0,12,12,25,181,66,277,10,3.0,18043,558,4,5665,155,408,0,0,-1,31950,265,330,12702,54,247,0,0,-1,6607,127,194,40109,288,148,10905,187,27,125981,91368
112446064,1,Boey,M & M & P & Q,101875.0,97888.0,W,4,10,5,28,23,0,0,5,75,9,12961.0,4,14,5,29,22,0,0,1,75,11,50594.0,3,12,5,3,36,0,14,0,75,11,87024.0,3975,3975,0,0,150,150,1168,185,39,275,2,0.0,297719,8426,2,33140,939,526,0,0,-1,45434,325,328,79616,407,246,77438,1553,152,16271,297,196,86799,524,146,182525,4954,3,818942,305558
112446065,0,Boey,OPP:DSM,136906.0,127039.0,W,14,3,3,28,23,0,0,4,75,10,15092.0,14,3,3,33,22,0,0,0,75,11,58988.0,14,3,3,9,39,0,6,0,75,12,113222.0,3705,3705,0,0,133,133,1173,161,29,281,3,2.0,275125,7541,2,11449,339,647,0,0,-1,57256,344,362,59823,275,246,37882,870,152,196099,1474,196,14045,108,146,193023,5292,3,844702,365105
112446065,1,OPP:DSM,Boey,127039.0,136906.0,L,16,3,3,24,32,3,0,0,100,11,6923.0,18,3,3,37,21,9,0,0,100,12,49125.0,18,2,3,21,34,7,3,0,100,12,101477.0,459,446,13,0,13,13,27,281,26,309,3,2.0,19272,564,2,758,23,695,8074,99,479,41395,266,334,13572,60,250,3590,85,359,60205,430,194,9375,68,148,12149,271,27,168390,136211
112446067,0,吃白饭的大肥鱼,OPP:Yannik Schiffner,131375.0,122215.0,W,11,3,4,21,24,0,9,3,75,10,14646.0,12,7,4,34,9,6,0,3,75,10,48903.0,11,7,4,13,26,13,1,0,75,11,96195.0,221,221,0,0,5,5,31,45,15,285,2,2.0,18380,404,73,2318,57,313,9458,104,577,44108,266,385,15834,78,247,3709,88,361,40334,253,194,19710,137,149,13796,306,31,167647,133153
112446067,1,OPP:Yannik Schiffner,吃白饭的大肥鱼,122215.0,131375.0,L,9,3,4,27,23,0,2,5,75,10,14933.0,13,6,4,34,6,11,0,1,75,12,43192.0,13,6,4,9,38,4,0,0,75,12,96899.0,1359,1329,1,29,129,129,684,106,25,282,4,1.0,125625,3390,2,444,12,362,8278,84,554,36719,259,334,54919,259,246,17306,382,154,69593,423,196,19581,137,146,81288,1189,3,413753,206396
112446789,0,OPP:Yannik Schiffner,DSM,113484.0,123579.0,L,9,3,4,27,23,0,2,5,75,10,14036.0,9,3,4,49,0,5,0,5,75,9,44142.0,9,3,4,26,27,1,4,0,75,12,82527.0,1334,1302,3,29,129,129,678,110,22,265,4,0.0,116765,3269,2,1612,33,362,3137,39,553,58805,353,336,59158,283,246,15551,342,154,47316,349,196,7146,86,146,81202,1139,3,390692,191113
112446789,1,DSM,OPP:Yannik Schiffner,123579.0,113484.0,W,11,3,4,29,32,9,0,0,100,11,6033.0,11,3,4,41,15,23,0,0,100,12,42262.0,9,3,3,16,24,10,30,0,100,11,94051.0,461,443,18,0,11,11,31,258,19,316,3,0.0,19608,490,2,13467,244,551,16192,192,456,53474,299,334,13536,60,250,4478,104,335,25552,234,194,5856,47,148,11562,182,27,163725,119088
112446812,0,DECEM,OPP:Sida Zuo,98645.0,93715.0,W,7,3,13,16,32,5,10,1,100,11,9024.0,6,3,13,34,19,12,7,0,100,11,32017.0,6,3,12,22,25,10,14,0,100,12,72058.0,610,610,0,0,13,13,64,264,20,303,3,0.0,15056,379,2,8881,199,312,8436,125,458,29344,249,330,14088,66,250,18219,427,266,17339,151,194,7038,48,148,15169,279,27,133570,94464
112446812,1,OPP:Sida Zuo,DECEM,93715.0,98645.0,L,5,2,4,15,39,0,5,4,75,11,15747.0,7,2,4,25,1,11,21,4,75,11,32643.0,7,2,4,11,30,9,9,0,75,11,67919.0,304,304,0,0,8,8,37,145,10,287,2,12.0,14194,356,143,11881,260,372,7133,108,552,28156,204,311,15851,77,250,7077,162,244,22854,191,196,4494,57,150,10514,177,26,122154,85565
112447983,0,DSM,OPP:摆烂小分队 🏆,142935.0,115047.0,W,13,3,5,41,24,2,0,0,100,11,3272.0,13,3,5,54,18,6,0,0,100,12,41892.0,10,3,5,28,32,11,9,0,100,12,106062.0,484,470,14,0,13,13,31,278,20,318,3,0.0,22881,539,2,3788,76,671,8364,104,503,85294,420,366,11808,60,250,6877,137,311,26571,249,194,6597,40,148,13112,211,27,185292,145511
112447983,1,OPP:摆烂小分队 🏆,DSM,115047.0,142935.0,L,9,5,3,33,21,0,0,0,75,10,17217.0,9,5,3,49,8,4,15,3,100,11,29312.0,8,0,3,27,40,14,0,4,100,11,79054.0,228,217,6,5,7,5,68,115,12,287,3,152.0,19201,458,50,2980,65,435,7710,96,625,65948,327,409,19362,95,250,3614,74,362,22989,190,197,4950,52,150,15030,260,31,161784,124573
112448007,0,OPP:Ebi,DECEM,87438.0,114936.0,L,14,2,1,19,14,5,0,12,75,6,9537.0,14,2,1,25,12,9,0,6,75,10,35379.0,14,7,1,11,26,0,6,3,75,11,70726.0,309,309,0,0,3,3,133,35,7,263,2,42.0,354854,8567,111,1656,42,216,5394,72,433,17338,190,383,15660,90,385,2208,42,265,33396,330,213,14945,107,168,14665,306,42,460116,88941
112448007,1,DECEM,OPP:Ebi,114936.0,87438.0,W,15,3,2,18,32,14,0,1,100,11,8781.0,15,3,2,22,18,31,0,0,100,12,53427.0,12,5,2,3,49,8,12,0,100,11,92011.0,540,540,0,0,14,14,46,313,23,310,3,1.0,24645,633,2,2721,71,659,18668,258,451,20030,148,318,16320,66,250,3050,57,383,35532,291,194,15816,108,148,11665,201,27,148447,109416
112448390,0,OPP:TheEggman,DECEM,97472.0,105469.0,L,9,3,5,34,20,3,0,0,75,11,11712.0,9,3,5,35,10,13,0,0,75,11,43542.0,9,2,5,6,27,8,17,0,75,10,76490.0,463,459,4,0,16,15,30,195,15,283,2,31.0,20317,546,2,3518,80,664,8087,108,458,34352,274,314,13476,60,250,7547,172,291,26552,216,194,5658,57,148,10942,167,27,130449,95672
112448390,1,DECEM,OPP:TheEggman,105469.0,97472.0,W,10,3,6,27,34,6,0,1,100,11,6613.0,10,3,6,31,18,28,0,0,100,12,40863.0,10,2,6,7,38,9,18,0,100,12,81188.0,551,551,0,0,14,14,39,279,21,320,3,2.0,19016,524,2,4227,99,632,15966,208,455,29969,220,330,14280,66,250,8189,185,273,29545,252,194,5633,56,148,12436,191,27,139261,103582
112449158,0,DSM,OPP:DeeperNet,91160.0,76670.0,W,5,12,6,13,21,5,23,0,100,11,6416.0,3,12,6,21,17,14,22,0,100,11,44180.0,2,12,6,10,25,10,25,0,100,12,70691.0,586,571,15,0,13,13,57,246,22,304,4,6.0,23769,678,2,20499,519,290,8543,146,455,13716,136,326,11808,60,250,9594,219,329,4731,65,194,40211,311,148,15810,301,27,148681,88603
112449158,1,OPP:DeeperNet,DSM,76670.0,91160.0,L,4,15,1,13,21,0,14,1,75,10,15074.0,4,15,1,15,16,7,10,1,75,12,46608.0,4,12,1,2,14,9,30,0,75,11,63073.0,340,340,0,0,14,14,35,79,12,283,2,59.0,8160,230,2,12530,309,314,4151,79,534,8403,110,386,17322,78,250,1397,32,378,7273,112,194,36762,324,151,12426,284,31,108424,75308
112449180,0,DECEM,OPP:TheEggman,86120.0,75760.0,W,6,3,10,29,34,2,0,1,100,11,7305.0,6,3,9,29,11,11,26,0,100,11,34848.0,1,3,9,3,27,7,35,0,100,11,66527.0,607,607,0,0,14,14,46,287,18,313,3,1.0,18093,482,2,18039,431,383,7100,102,482,22512,178,330,14298,66,250,12893,286,267,4674,56,194,9594,78,148,13536,211,27,120739,71071
112449180,1,OPP:TheEggman,DECEM,75760.0,86120.0,L,6,3,7,32,27,0,0,0,75,11,11954.0,5,3,7,33,8,11,8,0,75,11,36047.0,5,3,6,3,26,12,19,0,75,11,58859.0,485,473,12,0,16,15,31,202,14,286,2,25.0,21129,558,2,12352,299,386,6971,105,527,22949,211,314,13446,60,250,10261,226,287,4697,90,194,9669,81,148,10178,151,27,111652,67993
112450318,0,DSM,OPP:Yannik Schiffner,136714.0,112519.0,W,8,18,1,18,32,5,0,0,100,12,3753.0,8,18,1,25,27,11,0,0,100,12,56240.0,7,13,1,10,39,7,8,0,100,11,106499.0,476,454,22,0,11,11,34,278,35,326,7,0.0,17320,574,2,2840,82,575,7041,105,455,27079,186,330,13536,60,250,1364,27,407,27141,197,194,72293,413,148,14573,307,27,183187,148454
112450318,1,OPP:Yannik Schiffner,DSM,112519.0,136714.0,L,4,12,2,19,25,0,1,3,75,10,12197.0,4,12,2,24,24,2,0,7,75,11,52626.0,4,12,2,6,35,2,13,1,75,13,93291.0,1300,1298,2,0,129,129,684,149,32,289,2,0.0,123658,3559,2,4185,123,362,1015,15,622,23111,179,336,66677,316,246,9825,202,152,37265,238,196,50815,316,146,91925,1341,3,408476,188708
112450334,0,OPP:qianqiuwushang,DECEM,75580.0,105329.0,L,6,11,0,33,20,0,0,0,75,11,15456.0,6,17,0,33,25,0,0,0,100,12,38993.0,6,17,0,13,31,0,14,0,100,13,63489.0,300,289,7,4,7,5,61,188,13,302,3,137.0,14332,383,50,3542,86,674,0,0,-1,22753,254,386,16512,72,249,0,0,-1,15321,211,196,43748,378,151,14016,378,31,130224,98334
112450334,1,DECEM,OPP:qianqiuwushang,105329.0,75580.0,W,6,10,5,29,33,0,0,1,100,11,4378.0,6,14,5,30,19,9,8,0,100,12,45401.0,6,10,5,6,27,8,28,0,100,12,83981.0,559,559,0,0,14,14,38,272,24,332,3,0.0,17553,469,2,10174,230,479,5475,85,527,23667,184,330,12444,66,250,8206,152,359,10089,138,194,42671,288,148,12601,255,27,142880,102552
112450342,0,DSM,OPP:Sida Zuo,86736.0,71036.0,W,7,3,10,21,27,8,11,0,100,11,6639.0,7,3,10,22,18,20,14,0,100,11,33489.0,7,2,9,1,35,11,21,0,100,11,63033.0,450,436,14,0,13,13,25,268,20,298,3,2.0,20397,544,2,14955,353,335,13539,182,455,15683,128,330,13122,60,250,13708,320,291,9999,156,194,6808,51,148,14911,255,27,123122,72859
112450342,1,OPP:Sida Zuo,DSM,71036.0,86736.0,L,5,2,2,26,13,0,21,4,75,11,16692.0,5,2,6,28,4,19,6,5,75,11,31464.0,5,2,6,3,24,16,17,0,75,11,50676.0,300,300,0,0,8,8,23,148,9,287,2,7.0,10152,280,143,11235,261,290,9806,136,558,12977,195,350,16824,84,252,7792,184,245,11571,139,196,4430,57,150,10343,164,26,95130,63400
112451485,0,DSM,OPP:TheEggman,100686.0,81259.0,W,7,3,11,17,31,9,6,0,100,11,8272.0,4,3,11,34,23,14,8,0,100,11,31386.0,3,3,11,23,19,7,21,0,100,11,69724.0,452,436,16,0,13,13,25,262,22,296,3,0.0,17017,543,2,8528,221,347,7704,141,455,46871,254,326,13458,60,250,18765,383,267,4808,74,194,5686,48,148,14062,231,27,136899,97292
112451485,1,OPP:TheEggman,DSM,81259.0,100686.0,L,6,3,10,18,35,2,0,0,75,11,13451.0,6,3,9,19,22,15,0,0,75,11,35035.0,5,3,9,3,31,10,13,0,75,9,66582.0,462,456,6,0,16,15,24,239,17,278,2,39.0,23226,754,2,9087,250,650,6829,139,481,24681,143,314,13446,60,250,15293,312,267,5121,110,194,5580,58,148,10441,163,27,113704,70950
112451503,0,OPP:Excluding,DECEM,91882.0,110458.0,L,11,3,3,38,15,0,0,2,75,11,11550.0,11,8,3,37,6,8,0,0,75,11,39005.0,11,8,3,13,22,8,7,0,75,11,72897.0,300,300,0,0,13,13,43,76,13,288,2,5.0,9987,241,3,5822,117,610,4994,62,610,33341,293,334,23403,107,247,4724,110,266,26601,250,196,17784,168,151,13462,292,29,140118,110847
112451503,1,DECEM,OPP:Excluding,110458.0,91882.0,W,11,3,5,39,29,0,0,1,100,11,6143.0,11,7,5,40,22,9,0,0,100,12,41786.0,11,6,4,7,36,12,18,0,100,11,86840.0,559,559,0,0,14,14,28,271,22,306,3,5.0,18376,434,2,7349,149,551,8090,101,527,36251,265,330,14040,66,250,6946,161,287,24268,216,194,18554,146,148,12083,211,27,145957,108149
112451527,0,DECEM,OPP:KawattaTaido,117010.0,104835.0,W,9,9,5,10,48,7,0,1,100,11,6284.0,9,19,5,8,31,19,0,0,100,12,33353.0,8,18,2,2,34,9,10,0,100,12,92968.0,567,567,0,0,13,13,42,280,28,308,3,0.0,16844,590,2,2186,58,599,10096,147,434,7249,68,314,12592,66,250,6342,119,266,14184,174,194,74705,375,148,13746,369,27,157944,125168
112451527,1,OPP:KawattaTaido,DECEM,104835.0,117010.0,L,7,12,1,13,40,0,0,1,75,10,15120.0,7,18,1,12,33,0,0,1,75,11,41507.0,7,18,1,0,38,5,0,0,75,11,81637.0,314,314,0,0,13,13,28,99,15,285,2,40.0,14545,538,2,939,27,714,2876,44,649,7834,86,385,16945,77,250,1380,26,386,15467,190,194,71233,364,151,12666,411,31,143885,115735
112452661,0,DSM,OPP:Sida Zuo,134864.0,115811.0,W,12,3,6,40,24,2,0,0,100,11,5075.0,12,14,6,38,18,4,0,0,100,12,40212.0,10,14,5,6,47,5,0,0,100,12,103241.0,429,411,18,0,13,13,32,272,28,326,3,3.0,20415,511,2,0,0,-1,3779,57,482,36467,227,330,13170,60,250,7392,158,311,30851,246,194,63199,301,148,14768,363,27,190041,154858
112452661,1,OPP:Sida Zuo,DSM,115811.0,134864.0,L,7,2,4,38,21,0,0,3,75,11,17569.0,7,10,4,37,10,0,0,5,75,12,38105.0,7,11,4,2,43,0,0,0,75,12,90268.0,302,302,0,0,8,8,40,111,18,298,2,13.0,13783,364,143,0,0,-1,0,0,-1,36287,299,401,16612,81,251,7281,153,290,26843,199,196,39385,192,150,11036,269,26,151227,126408
112452697,0,OPP:THUNDER THUNDER,DECEM,97520.0,110076.0,L,6,3,3,33,28,0,2,0,75,10,14752.0,6,6,3,41,18,0,1,0,75,11,39198.0,6,6,3,9,41,0,6,0,75,11,80467.0,425,425,0,0,11,11,100,129,9,279,2,0.0,19538,544,59,2409,69,313,0,0,-1,47451,304,289,11124,48,248,6234,122,251,17599,187,196,13891,126,150,13275,240,26,131521,96299
112452697,1,DECEM,OPP:THUNDER THUNDER,110076.0,97520.0,W,6,3,10,37,28,0,0,1,100,11,7300.0,7,6,10,45,22,2,0,0,100,11,37664.0,7,6,10,16,39,3,5,0,100,11,88621.0,588,588,0,0,13,13,41,268,22,317,3,0.0,21194,598,2,975,28,691,1468,21,599,47167,330,334,14446,66,250,15179,296,266,15747,173,194,16196,128,148,13885,247,27,146257,110203
112453075,0,OPP:DECEM,M & M & P & Q,87219.0,87891.0,L,10,3,6,26,31,2,11,1,100,11,5319.0,10,5,6,29,24,6,16,0,100,11,35015.0,4,5,6,13,30,4,28,0,100,11,65992.0,602,602,0,0,12,12,37,294,21,327,3,0.0,15281,542,2,9660,320,335,3530,58,455,32567,215,330,13944,66,249,10612,192,287,10680,147,194,12265,123,148,13076,221,27,121615,83598
112453075,1,M & M & P & Q,OPP:DECEM,87891.0,87219.0,W,10,4,0,28,23,0,10,0,75,10,16851.0,9,6,0,26,22,0,12,0,75,11,43949.0,8,6,0,1,51,0,7,0,75,10,73176.0,356,356,0,0,13,13,30,217,45,266,5,22.0,18168,693,2,6980,210,359,0,0,-1,34946,226,346,12594,54,247,0,0,-1,15420,187,194,13628,143,148,11290,184,27,113026,76588
112453803,0,DSM,OPP:Yannik Schiffner,97871.0,84602.0,W,8,3,10,21,39,5,0,0,100,11,7877.0,8,3,10,35,21,11,3,0,100,12,39645.0,8,3,10,15,31,8,13,0,100,11,70747.0,486,464,22,0,11,11,33,276,23,324,3,0.0,20779,664,2,5045,145,503,7585,117,455,37741,263,334,13572,60,250,18570,384,267,15827,159,194,8728,73,148,13755,243,27,141602,102023
112453803,1,OPP:Yannik Schiffner,DSM,84602.0,97871.0,L,9,4,3,28,22,0,2,5,75,10,13126.0,9,4,3,33,12,6,0,8,75,11,39093.0,9,4,3,5,24,6,24,0,75,13,68330.0,1340,1337,3,0,129,129,673,130,22,273,4,1.0,111089,3242,2,5580,161,362,2928,45,578,29713,249,336,60447,301,246,15898,312,154,38356,345,196,9223,103,146,79571,1134,3,352805,156565
112453846,0,OPP:SpaTaro,DECEM,76227.0,84874.0,L,5,4,0,23,13,0,30,0,75,10,16035.0,5,10,0,23,7,0,30,0,75,10,36844.0,5,10,0,0,30,0,29,0,75,10,59336.0,373,373,0,0,7,7,409,220,10,276,2,5.0,26538,769,14,28186,611,298,0,0,-1,19821,151,337,25025,106,246,0,0,-1,6018,113,194,17665,186,150,12446,231,35,135699,68529
112453846,1,DECEM,OPP:SpaTaro,84874.0,76227.0,W,5,3,12,24,18,1,22,0,100,11,7402.0,5,7,12,23,12,14,18,0,100,11,33480.0,3,6,10,1,22,12,35,0,100,11,62572.0,599,599,0,0,15,15,43,249,21,298,3,4.0,11713,338,2,21501,468,311,11376,147,503,16864,140,327,12390,60,250,13561,320,266,3999,60,194,14832,132,148,15001,261,27,121237,73022
112454257,0,Unknown Mother-Goose,Boey,84681.0,92329.0,L,7,9,4,13,17,0,20,4,75,11,11828.0,7,9,4,17,8,2,24,3,75,11,39045.0,3,10,4,4,17,5,31,0,75,11,68465.0,403,399,4,0,17,17,33,184,25,292,2,22.0,10589,342,2,24391,564,264,2594,40,599,8567,116,318,16362,84,250,6524,160,287,6503,126,194,34014,237,148,11561,240,27,121105,74564
112454257,1,Boey,Unknown Mother-Goose,92329.0,84681.0,W,4,9,9,11,25,0,10,5,75,11,13442.0,4,9,9,17,15,0,21,0,75,11,45248.0,3,11,9,1,21,0,28,0,75,11,75728.0,3835,3835,0,0,135,135,1113,227,29,281,2,1.0,240644,7227,2,127026,2899,207,0,0,-1,10389,159,329,62948,328,247,95630,2294,153,24919,387,196,56359,348,146,155674,4423,3,773589,250245
112454261,0,吃白饭的大肥鱼,OPP:Kaggledew Valley 🏆,114883.0,132301.0,L,14,4,3,22,25,5,0,1,75,11,15431.0,14,4,3,36,12,5,0,1,75,9,52345.0,14,0,3,10,36,12,0,0,75,11,87694.0,207,207,0,0,6,6,31,41,13,276,2,8.0,19628,458,73,1608,36,529,10666,134,505,43284,262,361,15528,66,247,4775,93,337,34533,281,194,6595,52,149,14315,309,29,150932,115381
112454261,1,OPP:Kaggledew Valley 🏆,吃白饭的大肥鱼,132301.0,114883.0,W,14,2,1,31,5,1,0,12,75,8,5245.0,14,2,1,43,1,6,0,7,75,8,46634.0,14,0,1,15,39,3,0,1,75,11,102287.0,268,268,0,0,6,6,33,71,10,262,2,259.0,14781,355,86,1184,27,86,5110,64,518,59715,344,358,17382,96,260,1693,33,361,50204,350,197,4686,45,150,13390,247,28,168145,138790
112454264,0,OPP:mtmr_s1,Boey,123328.0,129608.0,L,12,3,5,27,21,28,0,2,100,11,2443.0,12,3,5,39,17,15,0,2,100,12,30544.0,12,7,5,14,46,9,0,0,100,12,83391.0,250,247,3,0,13,13,46,80,22,332,3,12.0,15023,413,2,2558,80,409,11022,167,481,57003,300,382,16668,78,250,7983,156,265,27696,244,194,17807,122,148,12767,236,27,168527,138179
112454264,1,Boey,OPP:mtmr_s1,129608.0,123328.0,W,10,3,4,33,19,0,0,6,75,10,11465.0,10,3,4,38,18,0,0,2,75,11,48533.0,10,3,4,7,50,0,0,0,75,12,105437.0,3364,3364,0,0,136,136,1258,176,23,277,2,1.0,288127,7674,2,4260,155,685,0,0,-1,103412,508,330,75362,385,246,55167,1074,152,121537,1137,196,16142,116,146,183124,4099,3,847131,371620
112454265,0,M & M & P & Q,OPP:DSM,119213.0,116974.0,W,14,3,0,35,23,0,0,0,75,10,14518.0,14,3,0,36,19,0,3,0,75,11,60670.0,14,3,0,1,34,0,22,0,75,11,101925.0,363,363,0,0,15,15,31,189,46,290,8,1.0,13039,449,2,8041,219,522,0,0,-1,48919,284,354,12834,54,247,0,0,-1,45416,349,194,5057,37,148,12148,213,27,145454,112226
112454265,1,OPP:DSM,M & M & P & Q,116974.0,119213.0,L,14,3,3,35,30,0,0,0,100,11,5238.0,15,3,3,38,21,11,4,0,100,12,49728.0,12,2,3,15,33,4,21,0,100,11,95729.0,477,463,14,0,13,13,34,277,22,318,6,0.0,17400,568,2,6643,196,503,6359,86,527,48347,291,331,13032,60,250,4608,95,287,39564,306,194,6461,54,148,13416,230,27,155830,118371
112454997,0,OPP:THIRD FARM CLUB,DSM,98200.0,121723.0,L,4,13,3,10,27,3,3,12,75,9,11181.0,3,18,6,6,18,9,5,5,75,10,38606.0,3,17,6,4,23,3,13,0,75,10,76295.0,262,258,4,0,8,8,24,77,19,272,2,6.0,7816,286,61,5123,148,384,2840,65,481,7663,62,384,18832,110,257,11445,221,159,10859,91,196,58624,371,146,14086,302,26,137288,110263
112454997,1,DSM,OPP:THIRD FARM CLUB,121723.0,98200.0,W,5,20,1,11,34,7,0,0,100,12,4533.0,2,22,1,14,28,11,11,0,100,12,48587.0,2,21,1,6,35,5,18,0,100,12,99956.0,501,486,15,0,12,12,34,284,28,320,7,2.0,22514,710,2,7743,225,403,4133,92,455,12428,102,313,13848,60,250,1173,23,431,8338,77,194,87300,493,148,12102,306,27,169579,127220
112455019,0,OPP:Sida Zuo,DECEM,108628.0,122773.0,L,9,2,2,32,26,0,0,4,75,11,16626.0,9,2,3,37,0,19,0,4,75,11,40960.0,9,2,3,6,33,16,0,0,75,11,80345.0,291,291,0,0,8,8,38,114,11,287,2,11.0,14470,337,143,0,0,-1,10212,129,570,38295,303,398,15610,76,252,4768,109,290,37240,244,196,4337,57,150,11070,183,26,136002,110462
112455019,1,DECEM,OPP:Sida Zuo,122773.0,108628.0,W,11,3,7,26,34,6,0,1,100,11,6994.0,11,3,7,32,17,23,0,0,100,12,44663.0,11,2,5,7,52,13,3,0,100,12,89771.0,545,545,0,0,13,13,35,290,23,304,3,7.0,25096,580,2,1052,22,692,15516,192,479,32861,231,330,14124,66,250,8867,202,287,39579,277,194,6838,52,148,13085,215,27,157018,117785
112455022,0,DECEM,OPP:Driz Lo,112988.0,96739.0,W,8,3,9,28,34,6,0,1,100,11,6062.0,9,3,9,32,19,26,0,0,100,12,35996.0,9,2,7,10,37,13,14,0,100,12,83146.0,619,619,0,0,13,13,37,296,22,324,3,0.0,22287,551,2,4112,86,635,21646,218,479,39829,239,330,12510,66,250,11972,264,267,14839,196,194,8549,59,148,12412,204,27,148156,109345
112455022,1,OPP:Driz Lo,DECEM,96739.0,112988.0,L,8,6,3,33,21,0,0,0,75,10,17040.0,8,6,3,33,25,10,0,0,100,11,34130.0,8,6,3,13,27,10,18,0,100,13,73296.0,411,341,47,23,6,6,69,189,12,279,3,152.0,23337,589,2,36408,765,671,7960,80,551,54284,349,383,16464,72,250,4509,102,361,20072,268,197,17128,173,150,17450,360,31,197612,120417
112456237,0,OPP:THIRD FARM CLUB,DSM,100301.0,111220.0,L,7,5,6,32,17,2,0,6,75,8,13149.0,7,8,6,35,10,3,1,5,75,10,35781.0,6,8,5,11,26,7,10,0,75,12,73652.0,285,281,4,0,8,8,21,55,13,263,2,23.0,12980,325,61,6044,116,384,6406,72,503,36374,272,405,18326,95,250,9407,216,164,18849,161,196,16935,150,146,14417,275,26,139738,106297
112456237,1,DSM,OPP:THIRD FARM CLUB,111220.0,100301.0,W,9,3,8,24,36,10,0,0,100,11,6470.0,9,6,8,35,19,21,0,0,100,12,37318.0,7,5,8,15,24,10,22,0,100,11,82454.0,452,436,16,0,12,12,34,264,25,321,4,1.0,20343,488,2,11512,221,577,18363,200,455,34544,259,354,13824,60,250,11335,267,311,17731,175,194,16705,134,148,11938,226,27,156295,112502
112456258,0,DECEM,OPP:HowardLeeTW,111695.0,94598.0,W,8,3,9,26,36,5,0,1,100,11,8440.0,8,3,9,31,24,21,0,0,100,11,39580.0,8,3,6,9,52,7,11,0,100,12,81016.0,579,579,0,0,13,13,45,306,21,319,3,3.0,24879,613,2,3220,72,655,12990,173,479,29230,215,330,14428,66,250,11136,245,266,23880,212,194,11625,76,148,13313,210,27,144701,103289
112456258,1,OPP:HowardLeeTW,DECEM,94598.0,111695.0,L,7,3,3,32,18,4,3,5,75,11,13782.0,7,3,3,36,0,22,0,4,75,11,37328.0,7,3,3,17,34,3,3,0,75,11,68617.0,295,295,0,0,16,16,36,102,11,294,2,18.0,11966,307,2,2953,68,359,14176,190,454,31867,255,313,16660,96,258,4500,98,265,20884,174,194,10620,90,149,13982,231,27,127608,98707
112457389,0,OPP:Unknown Mother-Goose,吃白饭的大肥鱼,110735.0,109811.0,W,7,3,10,28,30,3,0,0,100,11,8342.0,7,3,10,37,18,10,10,0,100,11,37936.0,7,2,7,13,26,2,31,0,100,12,83532.0,484,470,14,0,13,13,26,247,20,304,3,7.0,15420,492,2,11803,255,456,5692,78,479,45257,291,330,13290,60,250,12499,283,267,26849,206,194,5644,48,148,13765,243,27,150219,109231
112457389,1,吃白饭的大肥鱼,OPP:Unknown Mother-Goose,109811.0,110735.0,L,8,3,5,20,29,1,1,6,75,11,12971.0,10,3,6,33,12,5,0,6,75,9,38745.0,10,1,6,13,10,10,25,0,75,11,73027.0,227,227,0,0,5,5,27,51,13,276,2,14.0,11180,319,73,8076,180,337,6460,88,506,41686,264,361,18598,95,247,8807,202,266,30591,207,194,5463,52,149,14526,286,31,145387,111605
112457402,0,DSM,OPP:Excluding,105585.0,88452.0,W,6,9,6,20,34,4,3,0,100,11,6652.0,6,9,6,29,19,13,11,0,100,11,40742.0,6,8,5,10,20,10,34,0,100,11,79226.0,483,463,20,0,12,12,25,251,23,309,3,2.0,14349,445,2,16797,358,384,9811,140,455,30876,222,326,13590,60,250,9655,212,267,16817,161,194,21269,176,148,14166,242,27,147330,102018
112457402,1,OPP:Excluding,DSM,88452.0,105585.0,L,4,9,4,22,28,0,0,2,75,11,12449.0,4,9,4,30,17,8,1,0,75,11,37227.0,4,9,4,11,22,8,14,0,75,11,65919.0,315,315,0,0,21,21,44,90,12,289,2,18.0,16012,487,3,7061,154,394,4378,62,610,31371,232,334,21450,102,249,7419,163,266,11193,107,194,19689,199,148,11252,187,30,129825,95500
112457441,0,DECEM,OPP:ymg_aq,118419.0,113028.0,W,5,3,11,28,34,5,1,0,100,11,8037.0,5,3,11,41,19,15,0,0,100,11,35616.0,5,3,10,19,37,7,12,0,100,12,84910.0,594,594,0,0,13,13,65,276,19,318,3,1.0,18975,499,2,3915,93,335,9367,133,455,58030,305,326,13497,60,250,16056,343,266,13128,143,194,5703,50,148,13528,201,27,152199,115781
112457441,1,OPP:ymg_aq,DECEM,113028.0,118419.0,L,6,3,4,28,28,0,0,5,75,10,14372.0,9,3,4,37,13,3,3,3,75,11,37349.0,9,3,4,17,22,5,10,3,75,11,82207.0,567,564,3,0,20,17,124,163,14,280,2,4.0,238226,5861,2,4704,112,407,2975,43,506,55806,296,324,17829,107,253,7315,154,262,15514,189,197,5222,57,149,10391,158,27,357982,104661
112458569,0,DSM,OPP:mtmr_s1,113171.0,111641.0,W,6,3,11,36,35,3,0,0,100,12,6161.0,4,7,11,38,20,15,3,0,100,12,36210.0,4,7,11,11,27,9,21,0,100,12,85115.0,497,470,27,0,11,11,26,263,22,321,3,0.0,18887,479,2,9826,207,527,11729,151,503,35595,257,330,13794,60,250,14952,347,311,7719,100,194,30064,180,148,14583,255,27,157149,113853
112458569,1,OPP:mtmr_s1,DSM,111641.0,113171.0,L,5,5,8,37,44,0,0,0,100,12,2751.0,1,9,8,37,16,20,3,6,100,12,29142.0,1,9,8,7,27,24,18,4,100,13,68600.0,241,237,4,0,13,13,36,81,20,334,3,21.0,17905,479,2,7333,148,481,18320,243,522,35213,242,374,19974,102,250,9987,230,260,4983,56,194,35386,198,148,11393,177,27,160494,123863
112458613,0,OPP:TheEggman,DECEM,113726.0,119008.0,L,7,3,7,36,21,1,0,0,75,11,11598.0,7,3,7,39,10,9,0,0,75,11,37922.0,7,3,7,10,33,8,6,0,75,11,83420.0,434,431,3,0,16,15,28,211,15,284,2,23.0,23689,543,2,2007,37,692,7815,86,503,46596,287,330,13518,60,250,9687,232,287,27577,194,194,5389,57,148,10792,162,27,147070,110582
112458613,1,DECEM,OPP:TheEggman,119008.0,113726.0,W,5,3,10,35,27,2,0,1,100,11,6767.0,5,3,10,36,20,20,2,0,100,11,35467.0,5,3,10,8,38,13,15,0,100,12,85876.0,531,531,0,0,14,14,40,286,18,306,9,6.0,21102,488,2,5470,100,479,14922,162,503,43886,270,334,14199,66,250,13850,332,277,21279,146,194,5849,49,148,12131,184,27,152688,113985
112459757,0,DSM,OPP:Arda Ceylan,128339.0,110533.0,W,10,3,7,37,27,4,0,0,100,11,5757.0,9,7,7,37,18,17,0,0,100,12,38521.0,3,12,6,11,35,10,13,0,100,12,95178.0,464,445,19,0,12,12,28,272,25,315,3,1.0,19166,455,2,6113,128,623,12873,155,455,40629,272,334,13590,60,250,8393,193,311,13210,130,194,50830,247,148,14209,268,27,179013,139525
112459757,1,OPP:Arda Ceylan,DSM,110533.0,128339.0,L,9,3,2,35,23,0,0,2,75,11,10600.0,9,7,2,39,9,5,2,0,75,11,37452.0,7,7,2,10,22,7,18,0,75,11,83161.0,479,479,0,0,15,15,40,210,16,285,3,8.0,18821,444,2,6415,129,455,3999,49,552,39294,290,330,14688,72,251,3652,82,311,13444,180,195,33735,169,149,11549,198,27,145597,108812
112459785,0,DECEM,OPP:摆烂小分队 🏆,144825.0,134784.0,W,16,3,3,16,41,8,0,1,100,11,6174.0,16,7,3,21,21,23,0,0,100,12,49342.0,16,7,3,6,47,10,1,0,100,12,111358.0,581,581,0,0,14,14,40,294,23,346,3,9.0,19556,581,2,358,10,690,12736,163,474,28503,157,314,12496,66,250,3918,85,359,69748,412,194,22272,155,148,13494,288,27,183081,149673
112459785,1,OPP:摆烂小分队 🏆,DECEM,134784.0,144825.0,L,12,5,0,33,21,0,0,0,75,10,17273.0,12,6,0,34,28,9,3,0,100,12,36139.0,12,6,0,28,23,18,1,4,100,12,80465.0,218,207,6,5,7,5,65,110,13,286,3,152.0,14472,385,50,752,21,433,8865,124,601,46351,233,385,19656,96,250,0,0,-1,56580,329,197,21079,137,150,14550,271,31,182305,152531
112460939,0,DSM,OPP:🐚seek inspiration🐚,118734.0,102138.0,W,16,3,3,26,34,4,0,0,100,11,6197.0,16,3,3,32,25,14,0,0,100,12,52467.0,14,3,3,14,32,7,12,0,100,11,96878.0,473,458,15,0,13,13,26,291,24,302,3,0.0,23491,675,2,3111,104,623,9459,135,479,36301,237,334,13638,60,250,5001,89,383,43391,332,194,8948,75,148,13960,254,27,157300,116738
112460939,1,OPP:🐚seek inspiration🐚,DSM,102138.0,118734.0,L,13,3,0,31,23,0,0,5,75,11,9209.0,13,3,0,35,19,5,0,0,75,11,45146.0,13,3,0,9,36,7,6,0,75,11,83523.0,264,264,0,0,11,11,22,186,14,290,2,2.0,16438,504,2,1077,36,690,3290,49,575,36664,240,390,15474,78,247,0,0,-1,36206,307,194,8393,70,148,11763,196,27,129305,100027
112460965,0,OPP:Sida Zuo,DSM,105830.0,133455.0,L,6,10,0,15,40,0,0,4,75,11,16815.0,6,14,0,14,20,15,0,5,75,12,50450.0,6,14,0,0,40,10,0,0,75,12,92959.0,323,323,0,0,8,8,28,136,16,302,2,11.0,15715,586,143,0,0,-1,7000,109,552,18557,119,358,16686,82,250,0,0,-1,25669,190,196,43465,301,150,11148,265,26,138240,111377
112460965,1,DSM,OPP:Sida Zuo,133455.0,105830.0,W,12,9,3,19,30,10,0,0,100,11,6057.0,12,14,3,26,20,14,0,0,100,12,50496.0,12,11,3,15,32,6,11,0,100,11,101246.0,462,447,15,0,13,13,28,252,34,308,4,0.0,12230,437,2,3976,113,587,8962,132,455,33471,188,331,13314,60,250,4536,87,383,34591,281,194,51687,301,148,14569,341,27,177336,146561
112460977,0,OPP:TheEggman,DECEM,103371.0,112392.0,L,9,3,6,30,26,1,0,0,75,11,12146.0,9,3,6,33,9,8,7,0,75,11,42463.0,8,2,6,8,21,6,22,0,75,11,81891.0,487,484,3,0,16,15,29,191,16,282,2,23.0,17737,510,2,13205,275,407,6096,90,503,44763,248,330,13446,60,250,8518,200,311,15721,176,194,7225,63,148,10659,170,27,137370,95769
112460977,1,DECEM,OPP:TheEggman,112392.0,103371.0,W,10,3,8,25,27,2,9,1,100,11,7784.0,10,3,8,43,12,9,10,0,100,11,38750.0,7,3,8,23,22,7,24,0,100,12,80551.0,614,614,0,0,14,14,38,257,20,318,3,0.0,12986,385,2,11594,241,335,7116,105,455,53766,318,330,14298,66,250,10203,238,281,16805,192,194,8617,71,148,13522,218,27,148907,110805
112462136,0,DSM,OPP:M & M & P & Q,110354.0,99211.0,W,10,3,7,32,33,5,0,0,100,11,8193.0,10,3,7,36,29,6,6,0,100,12,39013.0,10,3,7,15,35,6,15,0,100,12,84993.0,501,482,19,0,12,12,32,305,22,327,3,0.0,23030,726,2,5174,153,431,5594,90,455,38756,262,326,14436,60,250,9911,226,291,26939,249,194,14450,87,148,12778,250,27,151068,110086
112462136,1,OPP:M & M & P & Q,DSM,99211.0,110354.0,L,8,3,10,24,21,0,0,9,75,11,9317.0,7,3,15,29,23,4,7,12,100,12,25562.0,6,6,15,5,38,6,11,2,100,12,67388.0,259,259,0,0,6,6,18,65,15,293,3,248.0,13153,446,68,6846,189,72,4315,69,546,24798,183,374,19590,113,265,17901,405,168,23916,187,214,14211,84,167,14138,254,35,138868,104731
112462163,0,OPP:TheEggman,DECEM,76119.0,84550.0,L,4,10,3,24,31,2,0,0,75,11,11588.0,4,10,3,26,16,10,6,0,75,11,38928.0,4,6,3,6,28,11,17,0,75,10,60761.0,511,502,9,0,16,15,29,221,15,282,2,50.0,17452,593,2,6272,235,503,7099,109,481,21858,198,314,14874,66,250,5682,95,383,7897,102,194,20401,203,148,9698,141,27,111233,77811
112462163,1,DECEM,OPP:TheEggman,84550.0,76119.0,W,4,11,5,20,38,4,0,1,100,11,6889.0,4,10,5,26,27,12,7,0,100,11,39899.0,4,7,5,8,36,11,18,0,100,11,65234.0,590,590,0,0,14,14,36,308,20,311,3,1.0,19101,684,2,5353,202,431,8053,123,455,20608,178,327,14334,66,250,9907,166,335,7602,97,194,20175,188,148,13170,203,27,118303,80679
112462528,0,OPP:Kaggledew Valley 🏆,Unknown Mother-Goose,102196.0,107577.0,L,8,3,7,26,5,8,0,11,75,11,5839.0,8,3,7,34,1,14,0,4,75,9,32451.0,6,6,7,10,31,0,0,0,75,13,77175.0,303,303,0,0,7,7,34,60,15,275,2,425.0,16257,384,86,1041,24,86,7910,110,457,33422,268,337,14950,84,260,11378,256,217,19195,189,198,21210,116,150,13255,263,28,138618,108065
112462528,1,Unknown Mother-Goose,OPP:Kaggledew Valley 🏆,107577.0,102196.0,W,10,3,7,25,25,0,0,5,75,11,13483.0,10,4,7,37,13,0,0,4,75,11,42185.0,7,5,7,15,21,1,19,0,75,11,85505.0,367,361,6,0,19,16,31,195,23,285,2,6.0,17469,403,2,10762,210,599,616,8,695,38928,292,362,17532,90,250,10633,244,311,16886,213,194,22525,124,148,12423,249,27,147774,107120
112462531,0,OPP:DSM,M & M & P & Q,86421.0,75258.0,W,6,3,11,24,33,7,0,0,100,11,7255.0,5,3,10,26,16,18,17,0,100,11,32420.0,3,2,9,4,27,8,36,0,100,11,63203.0,420,406,14,0,13,13,26,265,20,301,3,1.0,17024,502,2,16219,427,408,14945,157,455,22512,171,330,14358,66,250,14641,318,287,3284,52,194,5930,42,148,13705,220,27,122618,75670
112462531,1,M & M & P & Q,OPP:DSM,75258.0,86421.0,L,6,5,0,29,20,0,15,0,75,9,15386.0,6,5,0,28,4,0,32,0,75,11,38186.0,6,5,0,0,33,0,31,0,75,10,59684.0,329,329,0,0,15,15,28,205,40,259,6,0.0,16428,494,2,19005,463,330,0,0,-1,27581,222,312,12726,54,247,0,0,-1,6629,135,194,5390,60,148,10418,160,27,98177,52326
112462532,0,M & M & P & Q,OPP:mtmr_s1,122074.0,136818.0,L,14,3,0,22,35,0,1,0,75,10,14935.0,14,3,0,26,32,0,0,0,75,11,60952.0,14,2,0,5,45,0,9,0,75,11,99551.0,381,381,0,0,15,15,30,236,56,277,8,9.0,29071,783,2,3229,88,362,0,0,-1,31195,212,334,12630,54,247,0,0,-1,54109,395,194,5264,47,148,12303,206,27,147801,103198
112462532,1,OPP:mtmr_s1,M & M & P & Q,136818.0,122074.0,W,15,3,1,20,27,1,28,4,100,12,4835.0,15,3,1,32,20,25,0,4,100,11,41747.0,15,0,1,12,30,21,8,0,100,12,92735.0,228,226,2,0,15,15,53,76,18,302,3,6.0,12136,328,2,5143,140,354,46375,345,478,37051,241,354,17250,84,250,1518,30,385,47673,349,194,6457,53,148,13253,223,26,186856,156324
112462537,0,OPP:Kaggledew Valley 🏆,M & M & P & Q,97695.0,107063.0,L,10,4,6,29,11,0,0,14,75,7,3522.0,11,4,6,39,6,0,0,9,75,12,34750.0,11,1,6,12,25,0,3,2,75,11,73850.0,324,324,0,0,8,8,28,71,13,271,2,339.0,10573,308,84,3119,80,86,0,0,-1,38385,301,337,18090,102,260,10671,199,338,30830,260,197,5512,56,150,15873,300,30,133053,103488
112462537,1,M & M & P & Q,OPP:Kaggledew Valley 🏆,107063.0,97695.0,W,11,4,0,31,28,0,0,1,75,9,16041.0,11,4,0,36,22,0,2,0,75,11,53441.0,11,3,0,6,36,0,19,0,75,11,86272.0,339,339,0,0,16,16,31,205,59,277,7,11.0,23435,649,2,7087,158,528,0,0,-1,39055,281,342,14934,60,247,0,0,-1,32023,290,194,6021,54,148,9514,157,27,132069,92033
112462539,0,OPP:Kaggledew Valley 🏆,Boey,82137.0,92313.0,L,7,8,3,21,10,4,6,11,75,9,2894.0,7,8,3,28,10,7,6,3,75,10,38254.0,4,8,3,9,14,4,28,1,75,8,55241.0,367,367,0,0,7,7,29,87,12,257,2,331.0,7151,221,85,14387,320,87,5109,80,470,13407,155,361,15369,84,264,4753,111,217,10237,122,197,31739,181,150,11871,236,30,114023,80614
112462539,1,Boey,OPP:Kaggledew Valley 🏆,92313.0,82137.0,W,7,9,4,19,26,0,1,9,75,10,10314.0,7,9,4,21,16,0,14,2,75,11,49184.0,6,8,4,1,36,0,19,0,75,11,73388.0,3479,3479,0,0,122,122,1156,196,26,279,3,2.0,203547,6166,2,117904,2535,279,0,0,-1,31208,279,326,87572,444,248,48188,1112,152,28373,549,196,72883,455,146,171044,4185,26,760719,268224
112463325,0,DSM,OPP:Arda Ceylan,112269.0,100437.0,W,9,10,6,17,33,7,9,0,100,12,6472.0,9,10,6,23,20,12,12,0,100,12,49066.0,7,7,6,10,28,7,23,0,100,11,84699.0,490,482,8,0,12,12,31,258,29,322,4,0.0,18329,498,2,13979,347,359,7899,117,455,27194,177,330,13590,60,250,8855,191,359,14956,159,194,39406,251,148,15238,299,27,159446,111900
112463325,1,OPP:Arda Ceylan,DSM,100437.0,112269.0,L,7,10,0,26,26,1,0,2,75,11,11259.0,7,10,0,29,17,3,7,0,75,11,48905.0,6,9,0,7,23,3,23,0,75,11,77758.0,459,459,0,0,15,15,29,223,15,281,3,13.0,14906,398,2,8375,211,455,2271,34,481,33596,220,327,14688,72,251,0,0,-1,12629,153,195,32969,236,149,11336,210,27,130770,96153
112463362,0,DECEM,OPP:Arda Ceylan,95495.0,83042.0,W,10,3,8,16,37,5,7,1,100,11,9094.0,10,3,8,24,27,19,4,0,100,12,41191.0,8,2,8,8,27,12,24,0,100,11,71028.0,592,592,0,0,13,13,41,274,20,300,3,5.0,17594,462,2,12669,296,335,9884,144,455,24365,187,327,14274,66,250,11354,251,267,18941,201,194,5962,45,148,14166,251,27,129209,84780
112463362,1,OPP:Arda Ceylan,DECEM,83042.0,95495.0,L,8,3,2,25,29,1,2,2,75,11,12365.0,8,3,2,29,11,9,10,0,75,11,40383.0,8,3,2,5,25,12,18,0,75,11,61927.0,432,432,0,0,15,15,31,226,12,283,3,24.0,15759,414,2,10283,237,407,5445,82,481,28241,219,327,14586,72,251,3780,82,300,16576,182,195,4957,59,149,10935,184,27,110562,73585
112463584,0,DECEM,OPP:THIRD FARM CLUB,96997.0,96251.0,W,11,3,7,24,31,1,10,1,100,11,7643.0,11,3,7,32,15,17,12,0,100,11,39323.0,4,3,7,11,22,13,35,0,100,11,74345.0,561,561,0,0,13,13,37,285,20,299,3,24.0,16673,429,2,18143,359,335,9468,136,518,30290,214,327,14569,66,250,8957,214,287,13423,137,194,6589,64,148,12383,211,27,130495,83296
112463584,1,OPP:THIRD FARM CLUB,DECEM,96251.0,96997.0,L,7,3,6,33,14,3,5,4,75,9,15048.0,7,3,6,32,14,8,3,2,75,9,37902.0,5,3,6,6,34,3,11,5,75,11,70994.0,280,277,3,0,8,8,19,73,11,255,2,3.0,15079,395,61,9262,186,338,5218,72,506,32737,222,360,18741,101,247,10491,246,159,13189,134,198,4535,51,146,13040,221,26,122292,84911
112464526,0,DSM,OPP:Orbital Terraformer,143399.0,115580.0,W,9,10,6,31,31,4,0,0,100,12,5518.0,9,10,6,43,22,5,0,0,100,12,52476.0,9,10,6,28,29,2,3,0,100,12,113571.0,474,463,11,0,12,12,32,266,29,328,4,0.0,17159,468,2,1069,29,711,2939,55,455,45853,307,330,13608,60,250,10327,193,335,31929,232,194,55538,302,148,14860,317,27,193282,160194
112464526,1,OPP:Orbital Terraformer,DSM,115580.0,143399.0,L,7,10,0,27,27,0,0,2,75,11,10721.0,7,10,0,31,21,4,0,0,75,11,50071.0,7,8,0,8,40,10,0,0,75,11,93945.0,674,587,87,0,16,16,36,236,15,289,4,5.0,21666,568,2,0,0,-1,7207,163,602,43197,269,354,18930,90,250,0,0,-1,30415,246,195,40350,253,149,11150,200,27,172915,140099
112464560,0,OPP:mtmr_s1,DECEM,83956.0,87882.0,L,12,3,4,32,43,0,4,0,100,12,5065.0,12,3,4,31,16,14,16,4,100,12,37871.0,11,2,4,9,36,0,9,4,100,10,71265.0,235,233,2,0,13,13,29,79,19,303,3,68.0,10379,396,2,10344,291,330,4624,98,528,33292,248,361,18996,108,250,5992,139,265,23677,225,194,5421,46,148,12101,209,27,124826,92002
112464560,1,DECEM,OPP:mtmr_s1,87882.0,83956.0,W,11,3,7,24,28,1,13,1,100,12,7191.0,11,3,7,27,14,8,24,0,100,12,45022.0,10,3,7,11,22,7,29,0,100,11,74154.0,594,594,0,0,12,12,36,275,20,323,3,1.0,10689,393,2,14020,397,335,3524,87,503,24843,207,326,14646,66,250,9742,227,287,25868,237,194,5829,60,148,13641,253,27,122802,84452
112465682,0,DSM,OPP:Kaggledew Valley 🏆,99808.0,89553.0,W,6,3,13,23,36,5,0,0,100,11,9342.0,6,3,14,38,28,6,0,0,100,12,35241.0,6,2,14,16,38,5,5,0,100,11,73961.0,500,471,29,0,13,13,47,285,24,318,3,1.0,29127,838,2,1284,40,611,3619,74,434,42779,287,330,14850,60,250,20030,435,263,10940,145,194,7111,45,148,14038,273,27,143778,99329
112465682,1,OPP:Kaggledew Valley 🏆,DSM,89553.0,99808.0,L,5,3,8,17,19,2,0,13,75,9,4500.0,5,3,10,27,18,2,0,7,75,11,29611.0,5,1,10,10,42,0,5,0,75,10,69487.0,336,336,0,0,7,7,21,70,11,280,2,290.0,19331,570,86,1688,53,86,984,16,410,31632,216,337,17542,102,260,17478,372,217,12198,147,197,4540,49,149,12745,235,28,118138,84374
112465718,0,OPP:Sida Zuo,DECEM,96377.0,122105.0,L,5,9,0,15,41,0,0,4,75,11,15092.0,5,12,0,20,25,0,9,4,75,11,38697.0,5,12,0,6,44,0,3,0,75,11,77063.0,328,328,0,0,8,8,22,135,14,287,2,12.0,15405,620,143,4304,111,482,0,0,-1,9508,149,334,15686,74,249,0,0,-1,5926,133,196,60102,292,150,10856,205,26,121787,91222
112465718,1,DECEM,OPP:Sida Zuo,122105.0,96377.0,W,4,12,6,16,37,5,0,1,100,11,7150.0,2,17,6,21,20,9,15,0,100,12,42736.0,1,18,5,5,27,3,28,0,100,11,90484.0,560,560,0,0,13,13,39,268,27,307,3,0.0,11399,408,2,9418,279,455,3802,71,455,9207,97,314,14022,66,250,9738,168,355,3245,41,194,84719,414,148,14547,313,27,160097,124733
112465960,0,吃白饭的大肥鱼,OPP:mtmr_s1,99335.0,90970.0,W,9,3,5,20,21,0,11,6,75,11,14855.0,9,3,5,29,11,9,3,6,75,9,42571.0,9,2,5,8,30,0,21,0,75,11,73715.0,212,212,0,0,5,5,27,49,12,272,2,3.0,18305,473,73,7302,171,313,5214,72,505,28816,228,313,18978,96,247,8757,175,266,24300,176,194,5879,54,149,16600,286,31,134151,91944
112465960,1,OPP:mtmr_s1,吃白饭的大肥鱼,90970.0,99335.0,L,7,5,7,21,6,29,7,3,100,11,1782.0,7,5,7,30,17,32,0,2,100,11,25992.0,2,1,7,11,50,5,21,0,100,13,64014.0,249,246,3,0,14,14,41,70,19,313,3,17.0,22359,543,2,8597,202,289,17736,232,494,29597,229,337,14700,72,250,10533,210,265,12282,96,194,5588,52,148,11189,171,26,132581,90436
112466855,0,OPP:Vadim Vasilenko,DSM,85015.0,95029.0,L,7,3,9,26,33,1,2,0,100,11,8348.0,7,3,9,33,17,3,19,0,100,11,36075.0,6,3,8,13,29,3,28,0,100,11,65038.0,527,465,62,0,12,12,29,238,20,297,9,0.0,16951,516,2,17413,432,359,3121,69,505,37142,250,330,23250,102,250,12876,298,287,11163,149,194,5449,41,148,14619,325,27,141984,93001
112466855,1,DSM,OPP:Vadim Vasilenko,95029.0,85015.0,W,7,3,10,27,33,2,6,0,100,12,6667.0,7,3,10,36,16,7,17,0,100,12,36899.0,7,3,9,15,28,5,22,0,100,12,70484.0,481,464,17,0,12,12,24,266,20,311,3,2.0,16852,511,2,16850,416,359,3135,62,482,39680,268,318,13518,60,250,14311,330,266,12226,159,194,5797,48,148,13011,248,27,135380,88667
112466901,0,DECEM,OPP:吃白饭的大肥鱼,98258.0,90801.0,W,8,3,9,27,31,8,0,1,100,11,7629.0,8,3,9,32,16,19,7,0,100,11,38776.0,7,3,9,11,29,10,21,0,100,11,72977.0,588,588,0,0,13,13,37,267,21,297,3,4.0,16650,427,2,11785,239,407,12358,160,455,25633,231,330,14081,66,250,12077,272,270,14029,129,194,11243,81,148,12852,218,27,130708,89421
112466901,1,OPP:吃白饭的大肥鱼,DECEM,90801.0,98258.0,L,9,3,5,20,29,0,9,0,75,10,14705.0,9,4,5,30,11,16,0,0,75,10,40125.0,7,4,5,8,39,0,7,4,75,12,66152.0,229,229,0,0,5,5,25,43,12,287,2,15.0,16427,421,73,7634,161,313,9922,128,498,25306,202,361,16128,76,247,6815,152,266,14460,145,194,13476,87,149,13667,249,31,123835,86107
112468021,0,DSM,OPP:THIRD FARM CLUB,149261.0,135410.0,W,5,18,1,19,32,7,0,0,100,12,5691.0,5,18,1,22,12,16,16,0,100,12,53747.0,5,17,1,10,33,6,14,0,100,12,112124.0,452,441,11,0,12,12,32,250,24,314,4,2.0,14962,437,2,11636,266,383,8848,159,455,26488,158,338,13752,60,250,1120,26,431,11490,126,194,93838,465,148,11732,302,27,193866,155536
112468021,1,OPP:THIRD FARM CLUB,DSM,135410.0,149261.0,L,4,19,2,16,23,3,1,7,75,9,11422.0,4,19,2,21,14,9,1,4,75,9,48273.0,4,16,2,11,27,1,11,1,75,11,90080.0,260,256,4,0,8,8,28,65,18,276,3,1.0,7903,236,61,5995,147,384,3822,65,482,27528,162,408,18838,104,247,4232,94,163,11045,115,196,83621,423,146,14575,319,26,177559,149086
112468050,0,OPP:Kaggledew Valley 🏆,DECEM,96432.0,110691.0,L,5,4,5,29,4,16,0,11,75,9,5585.0,5,4,5,38,0,18,0,5,75,12,20995.0,5,4,5,12,16,5,20,3,75,10,67013.0,325,325,0,0,7,7,32,87,9,257,2,448.0,11235,260,86,8724,142,86,13360,166,418,46821,285,334,16934,96,258,7042,163,318,6201,117,195,4909,67,151,11926,188,28,127152,95267
112468050,1,DECEM,OPP:Kaggledew Valley 🏆,110691.0,96432.0,W,5,3,12,28,33,6,1,1,100,11,8774.0,5,3,12,35,23,17,1,0,100,11,36417.0,2,2,9,8,26,6,39,0,100,11,81758.0,535,535,0,0,13,13,51,268,18,298,3,29.0,18657,423,2,15322,250,383,11158,142,438,44739,271,330,16004,66,250,14397,329,267,3382,52,194,6389,48,148,12983,197,27,143031,96069
112469196,0,DSM,OPP:Kaggledew Valley 🏆,113429.0,107751.0,W,13,3,7,18,37,11,0,0,100,11,7320.0,13,3,7,34,26,13,0,0,100,12,46902.0,13,2,7,17,31,5,15,0,100,12,90181.0,443,434,9,0,13,13,28,291,24,323,3,8.0,24492,604,2,4885,114,599,7396,125,455,33213,234,334,14760,60,250,10611,240,359,41293,327,194,6627,57,148,12694,273,27,155971,113900
112469196,1,OPP:Kaggledew Valley 🏆,DSM,107751.0,113429.0,L,12,4,5,21,3,13,0,13,75,11,4577.0,12,4,5,27,6,12,0,8,75,10,41723.0,12,0,5,10,35,0,0,1,75,11,87571.0,332,332,0,0,7,7,33,77,13,281,2,361.0,18528,487,86,1644,42,86,6482,104,394,31294,214,337,17322,102,255,7305,164,327,44341,342,199,4634,52,150,13718,266,28,145268,111378
112469263,0,DECEM,OPP:Arda Ceylan,80509.0,69007.0,W,5,12,5,19,38,4,0,1,100,11,6714.0,5,12,5,27,24,10,9,0,100,11,39125.0,2,11,5,14,27,7,22,0,100,11,66047.0,602,602,0,0,13,13,38,282,26,298,3,6.0,15556,567,2,5296,197,455,4524,103,455,16487,175,318,14322,66,250,9405,154,339,7983,90,194,29042,279,148,13209,239,27,115824,81763
112469263,1,OPP:Arda Ceylan,DECEM,69007.0,80509.0,L,7,9,0,18,34,3,0,2,75,11,11353.0,7,10,0,21,25,6,4,0,75,11,39342.0,7,11,0,8,22,5,20,0,75,11,58943.0,456,456,0,0,15,15,28,249,24,277,3,17.0,13701,507,2,3875,145,503,2397,52,385,14744,149,327,14556,72,251,0,0,-1,10437,154,195,24891,267,149,12248,222,27,96849,67025
112470335,0,OPP:Unknown Mother-Goose,DSM,84713.0,89135.0,L,10,9,3,13,35,3,0,0,75,11,12293.0,10,9,3,18,20,14,0,0,75,11,42076.0,8,9,3,5,26,5,17,0,75,11,67738.0,454,451,3,0,14,13,29,224,25,306,2,0.0,14231,527,2,8648,218,527,7282,113,456,7114,119,313,13482,60,250,4922,114,267,22422,238,194,28724,234,148,12765,257,27,119590,83946
112470335,1,DSM,OPP:Unknown Mother-Goose,89135.0,84713.0,W,10,9,3,11,30,11,11,0,100,12,6935.0,10,9,3,17,21,22,13,0,100,12,38557.0,9,9,3,6,20,10,26,0,100,11,67352.0,469,453,16,0,12,12,26,236,24,304,4,2.0,12739,470,2,17722,414,335,12193,188,455,7887,110,313,13482,60,250,4649,107,287,23120,233,194,27516,219,148,13245,259,27,132553,88847
112470376,0,DECEM,OPP:THIRD FARM CLUB,100587.0,89515.0,W,4,13,6,16,29,6,8,1,100,11,7267.0,4,13,6,20,13,17,19,0,100,11,45285.0,3,3,6,7,20,11,45,0,100,11,76386.0,606,606,0,0,13,13,52,258,24,298,3,4.0,11650,331,2,25493,530,335,9315,139,450,18472,146,312,14778,66,250,7555,178,335,7424,83,194,30501,200,148,11937,226,27,137125,88045
112470376,1,OPP:THIRD FARM CLUB,DECEM,89515.0,100587.0,L,3,17,2,21,22,2,0,8,75,9,12612.0,3,16,2,21,16,13,0,4,75,8,36065.0,3,9,2,7,26,4,21,1,75,9,62715.0,267,264,3,0,8,8,18,71,16,259,2,3.0,12649,390,61,8122,189,388,6914,102,505,20949,166,407,18161,101,248,4420,100,155,9639,103,199,28948,224,146,14114,271,26,123916,89031
112471466,0,OPP:Unknown Mother-Goose,DSM,77517.0,81001.0,L,10,3,8,17,34,9,0,0,100,11,9172.0,9,3,8,27,33,16,0,0,100,12,36187.0,7,2,8,12,44,5,6,0,100,11,63080.0,465,452,13,0,14,13,23,298,22,309,3,2.0,20829,785,2,2019,72,575,7082,125,456,18971,189,314,13446,60,250,14594,277,287,16915,189,194,5586,38,148,13538,240,27,112980,76594
112471466,1,DSM,OPP:Unknown Mother-Goose,81001.0,77517.0,W,10,3,8,20,36,13,0,0,100,12,8775.0,10,3,8,28,27,19,2,0,100,12,36091.0,8,2,8,14,41,9,3,0,100,12,65707.0,477,462,15,0,12,12,22,298,23,309,3,2.0,20810,762,2,2393,82,515,10083,178,434,20286,200,318,13458,60,250,15606,296,287,17044,201,194,5798,54,148,13670,250,27,119148,82275
112471484,0,OPP:THIRD FARM CLUB,DSM,98342.0,111587.0,L,5,14,2,21,19,2,3,9,75,8,13978.0,8,11,2,23,16,6,5,4,75,9,48879.0,4,6,2,5,28,5,19,1,75,10,79424.0,293,290,3,0,8,8,27,76,19,269,2,0.0,10163,344,61,8569,216,360,3543,58,481,23824,184,399,18623,107,249,4616,100,160,18780,156,197,31090,222,146,13911,252,26,133119,100476
112471484,1,DSM,OPP:THIRD FARM CLUB,111587.0,98342.0,W,8,10,6,19,32,7,0,0,100,11,6912.0,9,10,6,27,29,8,0,0,100,12,52751.0,7,6,5,11,24,5,32,0,100,11,90869.0,472,456,16,0,12,12,29,264,34,320,4,1.0,17819,520,2,10880,268,575,5296,86,455,28671,213,334,13752,60,250,8702,196,335,25942,210,194,33680,229,148,12354,269,27,157096,116043
112471604,0,Boey,Unknown Mother-Goose,128198.0,115014.0,W,11,2,5,37,14,0,0,6,75,9,12918.0,11,2,5,42,12,0,0,3,75,11,51904.0,10,2,5,10,45,0,3,0,75,11,105096.0,3171,3171,0,0,137,137,1346,172,25,271,2,0.0,284781,7307,2,10735,288,686,0,0,-1,153340,774,359,58875,287,246,88022,1717,152,126757,1072,196,6740,71,146,185781,4210,3,915031,433734
112471604,1,Unknown Mother-Goose,Boey,115014.0,128198.0,L,12,3,3,38,16,0,0,3,75,11,12782.0,12,3,3,45,9,0,0,3,75,11,44951.0,12,3,3,14,29,2,11,0,75,11,94770.0,351,349,2,0,14,14,37,217,22,291,2,5.0,19511,514,2,2907,74,647,1489,21,647,64527,372,346,15342,78,250,4535,88,359,30432,288,194,6145,57,148,11891,212,27,156779,122470
112471609,0,Unknown Mother-Goose,OPP:DSM,86882.0,90858.0,L,8,3,6,25,21,0,8,4,75,11,12926.0,8,3,6,26,19,6,3,4,75,11,39821.0,6,2,6,3,27,7,24,0,75,11,69950.0,389,380,9,0,16,13,32,220,18,286,2,9.0,15756,451,2,14415,325,311,6448,91,527,29934,217,318,16614,84,250,10140,236,311,11483,162,194,5772,63,148,11447,178,27,122009,80391
112471609,1,OPP:DSM,Unknown Mother-Goose,90858.0,86882.0,W,9,3,8,26,27,4,6,0,100,11,6651.0,9,3,8,28,15,15,15,0,100,11,38930.0,4,2,8,5,22,12,38,0,100,11,69374.0,464,453,11,0,12,12,27,260,20,299,3,0.0,15161,433,2,18529,423,336,11424,159,455,28889,210,329,13410,60,250,11147,259,287,11657,125,194,5705,45,148,13509,233,27,129431,82232
112471612,0,Boey,Unknown Mother-Goose,111729.0,99011.0,W,11,2,6,29,22,0,0,5,75,10,16102.0,11,2,6,34,21,0,0,1,75,11,48946.0,8,2,6,8,39,0,12,0,75,11,93086.0,3286,3286,0,0,141,141,1212,184,27,272,2,0.0,272673,7189,2,25538,578,598,0,0,-1,64695,362,356,67783,343,246,81609,1766,152,95322,949,196,6764,72,146,177675,4151,4,792059,316173
112471612,1,Unknown Mother-Goose,Boey,99011.0,111729.0,L,14,3,3,20,30,0,0,4,75,11,12346.0,14,3,3,30,16,6,0,3,75,11,43826.0,7,3,3,13,24,9,16,0,75,11,77243.0,359,355,4,0,17,17,29,251,24,293,2,3.0,22323,608,2,3011,68,649,9952,85,551,44603,270,346,16266,84,250,4843,103,359,17786,230,194,6240,60,148,11623,200,27,136647,99690
112471613,0,Unknown Mother-Goose,M & M & P & Q,90699.0,90788.0,L,14,3,2,11,33,4,0,4,75,11,13856.0,14,3,2,23,11,18,0,4,75,11,44357.0,11,3,2,14,34,10,0,0,75,11,74206.0,347,344,3,0,14,14,26,236,26,284,2,7.0,16064,588,2,918,26,697,21310,173,455,18702,174,346,16740,84,250,4265,77,383,27198,283,194,6454,61,148,12808,221,27,124459,94669
112471613,1,M & M & P & Q,Unknown Mother-Goose,90788.0,90699.0,W,14,3,0,18,37,0,3,0,75,10,16128.0,14,3,0,24,22,0,11,0,75,10,53838.0,13,3,0,11,39,0,7,0,75,10,81129.0,348,348,0,0,14,14,33,211,46,267,11,2.0,20517,752,2,4607,123,383,0,0,-1,24800,205,354,12460,53,247,0,0,-1,34544,323,194,4885,41,148,12236,211,27,114049,76689
112471642,0,DECEM,OPP:Vadim Vasilenko,123554.0,113344.0,W,6,3,10,34,26,3,0,1,100,11,6431.0,6,3,10,46,17,11,0,0,100,11,35733.0,6,3,10,20,34,7,12,0,100,11,88609.0,548,548,0,0,13,13,34,276,18,317,3,7.0,23855,535,2,3825,69,647,8625,100,482,66724,351,338,14370,66,250,12777,299,274,11124,142,194,5957,63,148,11354,175,27,158611,119577
112471642,1,OPP:Vadim Vasilenko,DECEM,113344.0,123554.0,L,4,3,11,33,23,1,0,0,75,11,10705.0,4,3,11,40,8,9,0,0,75,11,38182.0,4,3,9,13,24,5,16,0,75,11,86251.0,464,408,56,0,12,12,38,221,19,305,2,1.0,18589,416,2,6217,111,647,10648,123,503,62647,326,334,24378,108,250,15481,364,311,8381,101,194,5388,58,148,13155,231,27,164884,126923
112471832,0,OPP:THIRD FARM CLUB,DECEM,76719.0,82546.0,L,7,3,10,16,16,8,5,10,75,10,14014.0,7,3,10,13,24,12,1,4,75,9,35831.0,6,8,10,4,19,5,14,1,75,11,52377.0,255,252,3,0,8,8,16,93,16,267,2,5.0,8734,280,61,8134,200,384,5626,106,481,7155,94,384,18280,106,249,17051,381,158,15108,155,197,14600,93,146,14397,296,26,109085,77820
112471832,1,DECEM,OPP:THIRD FARM CLUB,82546.0,76719.0,W,10,3,8,10,46,12,0,1,100,11,8512.0,10,3,8,20,23,24,4,0,100,11,36246.0,9,3,8,9,22,11,29,0,100,11,62608.0,710,710,0,0,13,13,96,278,21,297,3,9.0,20545,602,2,9261,220,455,10606,201,439,10575,133,318,14718,66,250,10783,247,266,16292,191,194,13035,85,148,12983,251,27,118798,76009
112472607,0,DECEM,OPP:Fourth Quadrant,84227.0,87657.0,L,12,3,4,28,41,1,0,1,100,11,6221.0,12,3,4,35,24,13,6,0,100,12,39207.0,12,3,4,9,41,11,8,0,100,11,67501.0,568,568,0,0,13,13,37,311,18,315,3,0.0,15633,651,2,3532,131,383,5232,105,505,28686,240,327,13602,66,250,6885,122,335,26017,272,194,6186,54,148,11568,204,27,117341,86608
112472607,1,OPP:Fourth Quadrant,DECEM,87657.0,84227.0,W,13,2,0,32,48,0,0,4,100,12,10690.0,13,2,0,39,29,0,5,0,100,12,47195.0,13,2,0,7,67,0,0,0,100,11,73903.0,1442,1426,16,0,20,19,2334,205,15,304,3,1.0,138135,5233,3,5888,193,362,0,0,-1,50077,407,290,23394,108,248,0,0,-1,50255,485,197,7182,58,147,215300,5023,3,490231,130908
112472663,0,OPP:Vadim Vasilenko,DSM,66064.0,76130.0,L,8,3,10,15,35,4,8,0,100,11,9805.0,8,3,10,15,18,6,24,0,100,11,32894.0,4,5,8,2,53,3,11,0,100,11,53218.0,533,468,65,0,12,12,29,257,23,298,3,7.0,18306,690,2,13184,414,335,3153,74,434,9413,95,322,30906,132,250,14142,330,267,9458,134,194,13346,115,148,14063,364,27,125971,80418
112472663,1,DSM,OPP:Vadim Vasilenko,76130.0,66064.0,W,7,3,12,19,29,6,16,0,100,12,7379.0,7,3,12,22,21,10,18,0,100,12,32621.0,5,5,12,9,38,5,10,0,100,12,56923.0,496,479,17,0,12,12,26,262,24,313,3,1.0,16228,560,2,11887,334,335,4484,103,451,16816,158,313,14946,66,250,17142,403,266,9613,133,194,12792,109,148,12565,284,27,116473,75793
112472993,0,OPP:YumeNeko,DECEM,105205.0,124346.0,L,9,10,0,25,19,0,0,5,75,12,7209.0,9,10,1,34,12,4,0,0,75,12,49965.0,7,6,1,19,35,4,0,0,75,12,85736.0,196,196,0,0,6,6,29,49,10,295,10,0.0,12042,440,38,0,0,-1,2686,47,504,46155,262,312,13968,72,249,1706,30,412,22706,208,196,28389,203,150,12206,231,34,139858,115610
112472993,1,DECEM,OPP:YumeNeko,124346.0,105205.0,W,10,11,2,26,33,0,0,1,100,11,7095.0,11,11,2,36,26,5,0,0,100,12,55998.0,11,6,2,22,34,5,12,0,100,11,98787.0,560,560,0,0,13,13,38,292,28,306,3,3.0,18167,596,2,3527,102,575,2826,50,551,45677,265,330,15042,66,250,3309,58,383,23706,242,194,35370,237,148,13375,248,27,160999,125930
112473849,0,DSM,OPP:ymg_aq,100011.0,82704.0,W,13,3,6,11,35,15,0,0,100,11,7597.0,13,3,6,24,23,25,0,0,100,12,44210.0,10,3,6,14,36,5,20,0,100,11,76470.0,433,416,17,0,13,13,23,279,24,301,3,0.0,16088,569,2,4905,174,575,14312,197,454,23255,175,314,13494,60,250,11819,222,359,32863,256,194,5673,38,148,15015,255,27,137424,101416
112473849,1,OPP:ymg_aq,DSM,82704.0,100011.0,L,12,3,1,15,32,5,2,5,75,11,14862.0,13,3,2,16,18,16,5,2,75,11,45517.0,13,3,2,2,23,9,17,3,75,11,68762.0,529,526,3,0,20,17,124,199,16,282,2,6.0,209379,6058,2,6444,203,359,9163,130,383,11509,126,314,18071,107,252,2883,54,338,27801,285,197,5295,58,149,10164,178,27,300709,74722
112474180,0,DECEM,吃白饭的大肥鱼,118923.0,112240.0,W,16,3,3,17,39,6,0,1,100,11,7829.0,17,5,3,30,17,23,0,0,100,12,49556.0,14,5,2,13,36,10,11,0,100,12,94313.0,586,586,0,0,13,13,50,278,27,307,3,27.0,18665,507,2,2293,59,660,14244,183,455,16090,195,330,14020,66,250,2846,65,383,52688,369,194,21901,125,148,13047,265,27,155794,121789
112474180,1,吃白饭的大肥鱼,DECEM,112240.0,118923.0,L,14,3,5,21,26,0,0,5,75,12,11183.0,15,8,6,27,4,10,0,5,75,10,43027.0,8,8,6,4,42,4,3,0,75,11,81034.0,226,226,0,0,5,5,32,46,15,286,2,9.0,15707,418,73,3120,78,577,6080,80,553,21296,190,313,17340,90,247,6170,140,357,41591,271,194,27501,147,149,13645,315,31,152450,119978
112475386,0,DSM,吃白饭的大肥鱼,138936.0,139624.0,L,10,3,7,31,30,4,0,0,100,11,6418.0,11,3,7,44,22,6,0,0,100,12,44422.0,11,3,7,20,38,7,7,0,100,11,104238.0,469,455,14,0,13,13,32,280,23,324,3,2.0,17990,546,2,2851,84,651,4966,79,455,44963,325,334,13254,60,250,10651,237,311,65307,305,194,5688,44,148,12805,252,27,178475,144829
112475386,1,吃白饭的大肥鱼,DSM,139624.0,138936.0,W,10,3,6,20,28,3,0,3,75,11,12581.0,12,3,7,36,10,3,1,3,75,10,44899.0,13,0,7,16,30,5,1,3,75,13,96692.0,220,220,0,0,5,5,29,42,15,288,2,18.0,12536,403,73,269,8,481,4268,68,505,40386,284,361,18720,94,247,8938,199,266,72810,333,194,5435,51,149,14536,310,31,177898,150557
112477511,0,OPP:Unknown Mother-Goose,吃白饭的大肥鱼,96919.0,95875.0,W,11,3,6,28,34,3,0,0,100,11,6648.0,11,3,6,31,30,13,2,0,100,12,43971.0,10,1,6,8,38,8,22,0,100,11,75738.0,496,482,14,0,13,13,23,288,21,302,3,0.0,21852,668,2,6407,168,527,7618,105,407,28578,224,318,13254,60,250,8981,183,287,26562,246,194,5756,52,148,13801,242,27,132809,90749
112477511,1,吃白饭的大肥鱼,OPP:Unknown Mother-Goose,95875.0,96919.0,L,10,3,5,21,27,1,1,6,75,12,12656.0,11,3,5,28,13,7,2,6,75,9,44478.0,10,1,5,7,21,8,22,1,75,12,72210.0,244,244,0,0,5,5,22,51,13,281,2,20.0,14036,427,73,6378,160,337,7446,104,506,28982,210,313,19056,100,247,8637,178,266,24469,226,194,5392,44,149,14468,285,31,128864,93982
112477788,0,DECEM,OPP:Kaggledew Valley 🏆,82808.0,79601.0,W,7,3,11,15,38,5,7,1,100,11,9691.0,8,3,11,15,22,31,5,0,100,11,34325.0,7,3,11,4,26,14,23,0,100,11,60054.0,677,677,0,0,13,13,68,267,21,297,3,29.0,18262,498,2,12043,251,311,11241,229,455,5758,78,314,16032,66,250,14122,333,266,13289,151,194,12175,76,148,12844,251,27,115766,72617
112477788,1,OPP:Kaggledew Valley 🏆,DECEM,79601.0,82808.0,L,6,3,8,11,16,15,0,13,75,11,6762.0,10,3,8,11,10,21,0,6,75,11,30796.0,8,3,8,1,28,0,22,1,75,11,59539.0,325,325,0,0,7,7,24,75,14,271,2,425.0,15737,430,86,6399,135,86,10927,166,410,2414,65,337,16011,102,261,13203,304,217,18570,190,195,10921,77,149,13673,282,28,107855,72046
112481107,0,M & M & P & Q,Boey,71465.0,77682.0,L,9,9,0,13,44,0,0,0,75,10,15099.0,9,9,0,13,31,0,13,0,75,10,43637.0,9,8,0,2,54,0,0,0,75,11,57482.0,359,359,0,0,12,12,18,252,62,271,7,18.0,22536,963,15,1888,67,408,0,0,-1,9775,102,294,12684,54,247,0,0,-1,17553,243,194,18783,160,148,11503,216,27,94722,58795
112481107,1,Boey,M & M & P & Q,77682.0,71465.0,W,6,9,7,11,37,0,0,5,75,11,13271.0,6,9,7,11,24,0,15,1,75,11,43050.0,6,9,7,3,37,0,10,0,75,11,61481.0,3969,3969,0,0,137,137,1163,206,34,278,4,0.0,191400,7203,2,31150,1252,375,0,0,-1,12313,137,332,73282,361,246,106103,2069,152,53140,703,196,23753,247,146,175078,4733,3,666219,268591
112481113,0,Unknown Mother-Goose,DSM,105286.0,113209.0,L,12,3,1,38,17,0,0,4,75,11,10834.0,12,3,1,46,9,0,0,4,75,11,50127.0,9,3,1,13,21,1,27,0,75,11,91398.0,364,359,5,0,16,13,37,212,19,281,2,9.0,16159,519,2,5867,147,639,498,10,671,52121,358,318,16296,84,250,1672,31,383,35700,276,194,5727,53,148,11400,178,27,145440,112014
112481113,1,DSM,Unknown Mother-Goose,113209.0,105286.0,W,16,3,2,40,33,0,0,0,100,12,4979.0,16,3,2,44,17,4,8,0,100,12,49727.0,10,3,2,18,16,4,41,0,100,11,95474.0,476,460,16,0,12,12,28,264,23,303,3,6.0,14586,444,2,13087,319,479,3159,55,529,48855,338,334,13680,60,250,3197,59,383,37662,296,194,5686,46,148,13838,229,27,153750,112239
112481119,0,DSM,M & M & P & Q,112526.0,107627.0,W,8,9,6,12,34,10,13,0,100,12,6953.0,8,9,6,22,26,18,3,0,100,11,42603.0,8,7,5,12,34,6,12,0,100,11,81179.0,492,476,16,0,13,13,31,272,29,312,3,2.0,15545,600,2,6367,193,335,11179,162,455,27593,169,330,13050,60,250,9267,202,359,26242,227,194,34074,228,148,13457,278,27,156774,121405
112481119,1,M & M & P & Q,DSM,107627.0,112526.0,L,7,11,0,10,33,0,13,0,75,10,16265.0,7,11,0,18,29,0,9,0,75,10,50979.0,7,9,0,10,41,0,6,0,75,11,81101.0,377,377,0,0,15,15,30,227,49,275,8,10.0,18607,701,2,6892,200,335,0,0,-1,23382,140,346,12780,54,247,0,0,-1,28305,226,194,33422,244,148,12354,226,27,135742,97889
112482221,0,OPP:ymg_aq,DECEM,77193.0,90066.0,L,7,12,1,20,29,0,0,4,75,11,10286.0,9,12,1,21,18,6,5,3,75,12,45703.0,9,7,2,6,27,6,13,0,75,10,64737.0,568,565,3,0,20,17,100,179,21,284,2,4.0,147040,4283,2,3374,124,407,3278,54,506,13260,158,314,16393,88,252,2968,51,336,14536,194,197,24969,209,149,11407,213,27,237225,75404
112482221,1,DECEM,OPP:ymg_aq,90066.0,77193.0,W,7,11,5,20,33,4,0,0,100,11,7729.0,9,11,5,28,30,10,0,0,100,12,47848.0,7,5,5,14,35,9,16,0,100,11,71749.0,596,596,0,0,13,13,44,307,24,300,3,6.0,17272,642,2,1954,77,551,7444,122,455,17973,197,318,13632,60,250,9214,162,335,16399,180,194,27268,200,148,13923,252,27,125079,91930
112485856,0,DSM,OPP:mtmr_s1,95201.0,83394.0,W,9,9,3,21,27,5,11,0,100,12,5563.0,8,9,3,26,18,14,14,0,100,12,48393.0,8,9,3,6,39,9,12,0,100,12,76461.0,505,483,22,0,11,11,27,258,26,311,3,1.0,16098,545,2,12656,348,335,8939,144,455,21729,192,327,13794,60,250,4291,95,291,18347,167,194,27344,225,148,13470,243,27,136668,94444
112485856,1,OPP:mtmr_s1,DSM,83394.0,95201.0,L,8,11,2,23,51,0,0,2,100,12,3547.0,8,11,2,34,20,14,5,6,100,10,37404.0,7,11,2,11,37,18,0,1,100,11,62673.0,239,236,3,0,13,13,35,81,20,309,3,69.0,11249,377,2,8482,222,409,12104,202,522,23593,213,358,18354,96,250,3271,72,265,15494,161,194,26031,209,148,12973,231,27,131551,98847
112486926,0,OPP:mtmr_s1,吃白饭的大肥鱼,89928.0,99018.0,L,7,5,6,30,40,0,4,3,100,11,2112.0,7,5,8,37,5,29,8,1,100,12,30666.0,7,0,8,16,46,5,10,0,100,13,66617.0,240,237,3,0,14,14,37,85,19,313,3,42.0,21698,589,2,3717,105,313,9193,147,529,36297,271,337,13986,66,250,12328,240,282,18376,160,194,5401,45,148,12512,210,26,133508,95581
112486926,1,吃白饭的大肥鱼,OPP:mtmr_s1,99018.0,89928.0,W,9,4,6,20,28,2,2,4,75,11,14136.0,9,4,6,29,7,6,10,4,75,10,43978.0,9,0,6,8,50,0,0,2,75,12,75567.0,238,238,0,0,5,5,27,51,14,283,2,3.0,21306,572,73,3529,96,337,3078,48,505,30492,222,313,19146,96,247,10675,207,266,22024,200,194,5718,64,149,15692,282,31,131660,91133
112487003,0,DECEM,OPP:Kaggledew Valley 🏆,99326.0,89528.0,W,13,3,6,26,37,2,0,1,100,11,8076.0,13,3,6,32,24,17,0,0,100,12,42272.0,11,3,6,8,49,13,3,0,100,12,75890.0,544,544,0,0,13,13,40,314,21,334,3,0.0,26342,726,2,1360,40,683,9464,127,503,22748,187,330,16020,66,250,9404,180,348,28810,277,194,6935,51,148,11995,242,27,133078,93381
112487003,1,OPP:Kaggledew Valley 🏆,DECEM,89528.0,99326.0,L,13,3,3,27,5,12,0,11,75,11,5038.0,13,3,3,27,3,16,0,10,75,9,33843.0,13,0,3,3,44,2,0,1,75,11,68920.0,355,355,0,0,7,7,28,74,11,271,2,379.0,15803,449,86,629,19,86,9598,126,457,17836,168,378,16049,96,260,5504,105,338,38734,333,197,4422,47,151,14119,279,28,122694,92143
112488067,0,M & M & P & Q,OPP:Unknown Mother-Goose,97624.0,101939.0,L,5,12,0,27,31,0,0,0,75,10,11356.0,5,12,0,39,16,0,3,0,75,9,42357.0,5,8,0,20,7,0,32,0,75,10,79190.0,341,341,0,0,13,13,30,167,46,283,15,0.0,11972,350,2,10377,263,455,0,0,-1,52748,321,342,12786,54,247,0,0,-1,6170,107,194,20123,204,148,11379,173,27,125555,91827
112488067,1,OPP:Unknown Mother-Goose,M & M & P & Q,101939.0,97624.0,W,5,11,5,29,28,1,0,0,100,11,5904.0,4,11,5,40,25,9,0,0,100,11,38024.0,1,6,5,20,21,8,31,0,100,11,78331.0,485,472,13,0,14,14,24,275,24,299,4,5.0,17705,517,2,6896,210,552,6782,93,527,49173,301,326,13080,60,250,9562,155,335,3576,53,194,21684,189,148,12699,205,27,141157,103857
112490397,0,Boey,Unknown Mother-Goose,114417.0,99520.0,W,9,3,7,23,27,0,0,6,75,9,14676.0,9,3,7,31,18,0,6,1,75,10,47037.0,8,3,7,8,35,0,13,0,75,11,84424.0,3471,3471,0,0,129,129,1228,212,27,269,2,0.0,256414,7414,2,69088,1448,383,0,0,-1,96096,513,356,60302,306,246,84778,1984,152,96242,829,196,6105,99,146,174476,4335,3,843501,343523
112490397,1,Unknown Mother-Goose,Boey,99520.0,114417.0,L,9,3,8,21,28,0,0,6,75,11,12710.0,9,3,8,29,20,0,0,6,75,11,41243.0,6,3,8,10,20,2,26,0,75,11,75201.0,356,351,5,0,14,14,28,216,23,292,2,5.0,16638,509,2,7989,177,551,1676,23,671,46351,251,318,16260,96,250,10962,261,291,16692,191,194,5946,62,148,11970,231,27,134484,97887
112490399,0,吃白饭的大肥鱼,Unknown Mother-Goose,110373.0,117581.0,L,9,4,4,21,32,0,1,3,75,10,14077.0,9,4,4,18,19,12,6,3,75,9,37141.0,9,1,4,6,20,19,16,0,75,13,64435.0,212,212,0,0,5,5,27,55,13,280,2,15.0,14641,398,73,14205,247,361,12683,147,599,27354,176,313,15636,78,247,5178,122,266,35510,232,194,5331,49,149,13656,256,31,144194,101692
112490399,1,Unknown Mother-Goose,吃白饭的大肥鱼,117581.0,110373.0,W,9,3,7,13,25,0,13,5,75,11,14062.0,9,3,7,15,5,31,0,5,75,11,41865.0,8,1,7,4,20,18,17,0,75,11,83000.0,345,343,2,0,13,13,37,213,20,284,2,7.0,17943,484,2,9502,177,311,27184,254,527,19780,123,313,16992,90,250,10723,256,287,34615,233,194,5705,54,148,13603,239,27,156047,114999
112493572,0,OPP:Vadim Vasilenko,DECEM,74878.0,77934.0,L,6,8,7,11,42,4,0,0,100,12,9054.0,6,11,7,6,42,10,10,0,100,12,34335.0,6,11,7,2,44,3,11,0,100,11,63197.0,537,476,61,0,12,12,26,297,26,305,3,1.0,22693,879,2,5599,226,421,4867,92,455,3346,60,313,23074,101,250,14617,295,267,8455,127,194,36339,252,148,13943,399,27,132933,90698
112493572,1,DECEM,OPP:Vadim Vasilenko,77934.0,74878.0,W,7,9,7,12,40,5,0,1,100,12,7459.0,3,13,7,10,42,11,3,0,100,12,33210.0,3,13,7,1,47,8,2,0,100,11,64803.0,659,659,0,0,13,13,51,317,26,308,3,0.0,21055,817,2,2407,94,431,6229,117,434,3195,62,313,14400,66,250,12930,254,266,5946,97,194,36962,272,148,12553,281,27,115677,79662
112495118,0,M & M & P & Q,DSM,101181.0,104164.0,L,12,3,0,22,38,0,0,0,75,10,17726.0,12,5,0,24,25,0,9,0,75,11,50822.0,10,5,0,5,19,0,34,0,75,11,85751.0,374,374,0,0,15,15,28,219,46,270,12,11.0,17549,592,2,10293,289,447,0,0,-1,34036,208,346,12930,54,247,0,0,-1,25052,260,194,15378,116,148,11432,197,27,126670,87396
112495118,1,DSM,M & M & P & Q,104164.0,101181.0,W,13,3,6,16,39,10,0,0,100,11,7066.0,12,6,6,25,22,20,3,0,100,11,39139.0,4,6,6,12,27,12,25,0,100,11,79147.0,484,465,19,0,13,13,28,276,26,316,3,1.0,15030,519,2,6646,214,479,16940,207,455,32286,198,330,12966,60,250,9949,197,359,18877,167,194,18592,146,148,13621,238,27,144907,109610
112499720,0,DSM,Boey,97872.0,100556.0,L,6,3,12,20,43,3,0,0,100,11,7580.0,6,3,14,34,29,9,0,0,100,12,32435.0,6,3,14,15,38,8,9,0,100,12,70858.0,471,448,23,0,13,13,37,286,23,306,3,1.0,23629,697,2,2961,84,551,6987,97,455,36123,260,330,13464,60,250,21475,492,267,17074,155,194,5960,44,148,13404,288,27,141077,101083
112499720,1,Boey,DSM,100556.0,97872.0,W,4,3,11,21,31,0,0,5,75,10,15141.0,5,3,11,30,24,0,2,0,75,11,42597.0,5,3,11,9,32,0,14,0,75,12,75373.0,3839,3839,0,0,137,137,1159,190,26,277,2,0.0,265722,7545,2,26530,793,452,0,0,-1,63165,412,328,66828,326,247,129438,2892,152,56562,469,196,6454,96,146,173828,4236,4,788527,322447
112499723,0,Unknown Mother-Goose,OPP:Vadim Vasilenko,115785.0,113462.0,W,6,3,8,29,25,0,0,4,75,11,13127.0,6,3,8,39,9,5,0,4,75,11,39366.0,6,3,7,14,31,5,8,0,75,11,84672.0,345,342,3,0,16,13,36,227,21,283,2,9.0,21769,526,2,4750,91,671,5925,74,529,62516,329,318,16614,84,250,11402,262,287,13068,149,194,5625,53,148,11441,181,27,153110,115150
112499723,1,OPP:Vadim Vasilenko,Unknown Mother-Goose,113462.0,115785.0,L,7,3,9,28,38,2,0,0,100,11,7642.0,7,3,9,39,23,9,0,0,100,11,35801.0,7,3,9,19,38,5,10,0,100,12,80552.0,552,505,47,0,12,12,27,294,20,300,3,6.0,28024,690,2,7339,140,647,12399,155,503,60807,321,330,30942,132,250,12426,288,287,15172,176,194,5650,42,148,15270,284,27,188029,137396
112499724,0,吃白饭的大肥鱼,OPP:Unknown Mother-Goose,122968.0,125554.0,L,10,9,3,20,29,0,0,4,75,12,12146.0,13,9,3,35,9,2,0,4,75,10,47104.0,13,7,3,3,42,2,5,0,75,11,89630.0,211,211,0,0,5,5,33,47,14,293,2,9.0,15604,401,73,5682,125,435,1088,16,600,31228,218,361,17550,84,247,3186,72,385,54530,294,194,21273,161,149,13407,316,31,163548,128855
112499724,1,OPP:Unknown Mother-Goose,吃白饭的大肥鱼,125554.0,122968.0,W,10,10,3,29,22,0,0,0,75,11,10518.0,10,10,3,39,12,0,0,0,75,12,58109.0,10,5,3,11,21,0,24,0,75,11,102584.0,448,444,4,0,13,13,31,198,30,299,3,7.0,15140,384,2,9665,209,551,0,0,-1,34309,266,338,13230,60,250,3557,80,383,49594,274,194,30411,224,148,12920,268,27,168826,131101
