episode,seat,name,opp,bank,opp_bank,result,COW_d12,SHEEP_d12,GOOSE_d12,crop_STRAWBERRY_d12,crop_WHEAT_d12,crop_TOMATO_d12,crop_CARROT_d12,crop_MELON_d12,land_d12,hands_d12,money_d12,COW_d18,SHEEP_d18,GOOSE_d18,crop_STRAWBERRY_d18,crop_WHEAT_d18,crop_TOMATO_d18,crop_CARROT_d18,crop_MELON_d18,land_d18,hands_d18,money_d18,COW_d26,SHEEP_d26,GOOSE_d26,crop_STRAWBERRY_d26,crop_WHEAT_d26,crop_TOMATO_d26,crop_CARROT_d26,crop_MELON_d26,land_d26,hands_d26,money_d26,sell_req,sell_feas,sell_empty,sell_zero_qty,sell_req_d0_2,sell_feas_d0_2,ord_BUY_PRODUCT,ord_BUY_SEED,ord_BUY_ANIMAL,ord_HIRE,ord_BUY_LAND,min_money_d3_7,rev_WHEAT,units_WHEAT,first_WHEAT,rev_CARROT,units_CARROT,first_CARROT,rev_TOMATO,units_TOMATO,first_TOMATO,rev_STRAWBERRY,units_STRAWBERRY,first_STRAWBERRY,rev_MELON,units_MELON,first_MELON,rev_EGG,units_EGG,first_EGG,rev_MILK,units_MILK,first_MILK,rev_WOOL,units_WOOL,first_WOOL,rev_FERTILIZER,units_FERTILIZER,first_FERTILIZER,rev_total,rev_prem
112320110,0,washamba_base_v2.py,OPP:KK,135391.0,19367.0,W,9,5,3,33,21,0,0,0,75,10,18964.0,9,5,3,33,25,0,0,0,75,11,46662.0,9,5,3,13,27,0,18,0,75,11,103380.0,341,328,9,4,7,5,69,188,12,265,2,153.0,18868,419,50,4447,93,674,0,0,-1,61123,272,383,17928,72,250,5649,91,361,43570,312,197,6197,97,150,20521,350,31,178303,134467
112320110,1,OPP:KK,washamba_base_v2.py,19367.0,135391.0,L,3,4,0,0,0,0,0,5,75,4,2326.0,3,4,0,0,0,0,0,0,75,3,8191.0,3,4,0,0,0,0,0,0,75,3,10274.0,299,299,0,0,3,3,303,70,5,98,2,81.0,9351,203,209,0,0,-1,0,0,-1,0,0,-1,6544,30,625,0,0,-1,16451,108,217,5150,118,169,10434,170,46,47930,28145
112321348,0,OPP:James Patounas,washamba_base_v2.py,36225.0,150786.0,L,5,2,0,0,0,0,0,15,50,7,1414.0,11,2,0,0,0,0,0,12,75,7,11191.0,14,2,0,0,10,0,0,5,75,7,24194.0,150,150,0,0,1,1,44,13,19,210,2,8.0,1268,29,145,216,6,169,0,0,-1,0,0,-1,15649,90,313,0,0,-1,32626,209,217,2899,42,169,18923,434,49,71581,51174
112321348,1,washamba_base_v2.py,OPP:James Patounas,150786.0,36225.0,W,8,6,3,33,21,0,0,0,75,10,19754.0,8,6,3,33,25,0,0,0,75,11,53685.0,8,6,3,13,27,0,18,0,75,11,118091.0,340,328,8,4,7,5,74,188,12,266,2,154.0,18437,408,50,4925,97,674,0,0,-1,67557,272,383,17928,72,250,5522,93,361,46180,262,197,10158,120,150,18728,356,31,189435,147345
112321357,0,OPP:Boyu Wan,washamba_base_v1_fork.py,72569.0,195581.0,L,6,0,0,16,9,0,0,3,50,8,8435.0,6,0,0,16,3,0,0,4,75,8,13397.0,6,0,0,16,4,0,0,1,75,8,43755.0,51,51,0,0,0,0,121,20,4,232,2,443.0,5817,176,121,0,0,-1,0,0,-1,23029,97,529,18528,96,265,0,0,-1,40264,158,337,0,0,-1,6429,109,169,94067,81821
112321357,1,washamba_base_v1_fork.py,OPP:Boyu Wan,195581.0,72569.0,W,6,11,0,33,20,0,0,0,75,11,19848.0,6,11,0,33,25,0,0,0,75,11,61452.0,6,11,0,13,31,0,14,0,75,11,151121.0,337,295,39,3,7,5,41,183,12,276,2,152.0,22572,632,50,14118,423,218,0,0,-1,62921,267,386,17652,72,249,0,0,-1,71106,284,196,75946,314,151,21017,365,31,285332,227625
112322506,0,OPP:Saptanshu Samal,washamba_base_v1_fork.py,56872.0,175901.0,L,2,2,4,2,0,0,0,2,50,7,11884.0,2,2,7,25,29,0,0,2,75,12,12315.0,2,2,7,25,13,0,0,2,75,12,37354.0,117,117,0,0,1,1,58,22,10,256,2,317.0,7554,192,385,144,4,697,0,0,-1,24380,110,481,18423,114,265,7420,128,337,9055,41,385,10356,59,169,9419,179,49,86751,69634
112322506,1,washamba_base_v1_fork.py,OPP:Saptanshu Samal,175901.0,56872.0,W,12,5,0,33,21,0,0,0,75,10,19334.0,12,5,0,33,25,0,0,0,75,11,50689.0,12,5,0,13,27,0,18,0,75,11,131440.0,441,370,67,4,7,5,69,188,12,265,2,156.0,30827,826,50,13925,419,671,0,0,-1,67653,303,383,17928,72,250,0,0,-1,107464,472,197,36139,194,150,20770,391,31,294706,229184
112322532,0,OPP:cszf_first,washamba_base_v2.py,82291.0,123348.0,L,8,6,0,42,7,0,0,12,75,14,7731.0,8,6,0,42,7,0,0,12,75,12,19990.0,8,6,0,23,31,0,0,0,75,12,61744.0,175,174,1,0,3,3,165,22,8,263,2,144.0,11736,301,2,0,0,-1,0,0,-1,31429,320,425,16320,144,257,0,0,-1,42830,213,217,11109,147,169,10942,212,49,124366,101688
112322532,1,washamba_base_v2.py,OPP:cszf_first,123348.0,82291.0,W,8,6,3,33,21,0,0,0,75,10,18087.0,8,6,3,33,25,0,0,0,75,11,47071.0,8,6,3,13,27,0,18,0,75,11,96233.0,347,334,9,4,7,5,74,188,12,266,2,150.0,16253,402,50,5173,97,674,0,0,-1,38147,283,383,16788,72,250,5082,93,361,51525,256,197,12508,140,150,18595,350,31,164071,124050
112323709,0,OPP:yukino,washamba_base_v2.py,67480.0,121603.0,L,5,3,1,13,0,2,0,10,50,6,11242.0,5,3,1,14,0,1,0,3,50,5,34203.0,5,3,1,2,1,0,0,3,75,3,54109.0,118,118,0,0,1,1,28,31,5,143,2,74.0,1444,43,121,4919,108,97,1198,16,337,19620,112,337,14514,84,337,1789,39,289,27345,180,217,9152,92,169,10023,176,49,90004,73618
112323709,1,washamba_base_v2.py,OPP:yukino,121603.0,67480.0,W,8,6,3,33,21,0,0,0,75,10,17840.0,8,6,3,33,25,0,0,0,75,11,37931.0,8,6,3,13,27,0,18,0,75,11,84336.0,337,324,10,3,7,5,74,188,12,264,2,145.0,16096,376,50,5856,97,674,0,0,-1,45358,274,383,17928,72,250,4199,95,361,38264,260,197,14205,144,150,19011,350,31,160917,119954
112323718,0,washamba_base_v1_fork.py,OPP:HoJoonYun,113374.0,66181.0,W,12,5,0,32,21,0,0,0,75,10,19558.0,12,5,0,32,25,0,0,0,75,11,49575.0,12,5,0,13,27,10,18,0,100,13,86941.0,439,396,39,4,7,5,86,189,12,287,3,153.0,78608,1760,50,21742,419,671,14640,110,643,33217,323,383,17928,72,250,0,0,-1,39355,386,197,33690,186,150,14706,361,31,253886,138830
112323718,1,OPP:HoJoonYun,washamba_base_v1_fork.py,66181.0,113374.0,L,10,4,0,15,19,2,0,16,100,10,3805.0,13,4,0,36,5,5,0,18,100,11,29792.0,13,4,0,34,4,4,0,10,100,12,60194.0,123,120,3,0,1,1,25,77,17,255,3,0.0,3274,87,121,213,6,97,4793,42,385,8473,207,385,15755,139,265,0,0,-1,40809,345,217,21679,124,169,14000,318,49,108996,91509
112324853,0,OPP:Dandan Li,washamba_base_v2.py,77551.0,108467.0,L,10,4,0,37,17,0,0,0,75,12,7066.0,10,4,0,38,16,0,0,0,75,12,16780.0,10,4,0,19,33,0,3,0,75,11,59238.0,392,392,0,0,2,2,58,96,8,277,2,6.0,30811,678,2,770,13,601,0,0,-1,60382,274,385,13072,72,257,0,0,-1,5955,276,198,5953,119,149,67294,1722,43,184237,85362
112324853,1,washamba_base_v2.py,OPP:Dandan Li,108467.0,77551.0,W,6,6,5,33,21,0,0,0,75,10,15455.0,6,6,5,33,25,0,0,0,75,11,36125.0,6,6,5,13,27,0,18,0,75,11,82839.0,379,369,6,4,7,5,88,187,12,267,2,152.0,81756,1816,50,5706,97,674,0,0,-1,61181,273,383,16632,72,250,9824,160,265,6591,172,197,6316,112,150,16895,345,31,204901,100544
112324968,0,OPP:Robot Farm,washamba_base_v1_fork.py,56154.0,99969.0,L,8,6,0,33,2,0,0,8,75,11,3746.0,9,6,0,33,13,0,0,5,75,12,21143.0,9,6,0,19,19,0,0,0,75,12,52031.0,349,349,0,0,1,1,245,88,10,276,2,222.0,21559,522,123,0,0,-1,0,0,-1,25337,253,386,13572,78,253,0,0,-1,25407,240,207,12039,163,169,12310,271,49,110224,76355
112324968,1,washamba_base_v1_fork.py,OPP:Robot Farm,99969.0,56154.0,W,9,5,3,33,21,0,0,0,75,10,19338.0,9,5,3,33,25,0,0,0,75,11,48691.0,9,5,3,13,27,0,18,0,75,11,84570.0,472,425,43,4,7,5,86,188,12,267,2,147.0,81209,1793,50,22479,446,671,0,0,-1,36396,323,383,17538,72,250,6117,107,361,34313,370,197,11459,163,150,17129,379,31,226640,105823
112326038,0,washamba_base_v2.py,OPP:Zihao Zeng,141888.0,111819.0,W,6,11,0,33,20,0,0,0,75,11,18865.0,6,11,0,33,25,0,0,0,75,11,57585.0,6,11,0,13,31,0,14,0,75,12,120035.0,251,241,6,4,7,5,42,188,12,278,2,153.0,12557,335,50,3348,86,674,0,0,-1,41668,246,385,17136,72,249,0,0,-1,27328,209,196,59330,289,151,15866,327,31,177233,145462
112326038,1,OPP:Zihao Zeng,washamba_base_v2.py,111819.0,141888.0,L,8,4,0,36,13,0,0,12,75,10,8469.0,8,4,0,36,13,0,0,12,75,9,34208.0,8,4,0,16,46,0,0,0,75,12,89628.0,195,191,4,0,2,2,99,59,6,264,2,3.0,16433,465,2,0,0,-1,0,0,-1,47402,292,386,18293,124,253,0,0,-1,33986,268,234,29787,141,161,12199,271,49,158100,129468
112326041,0,OPP:shoryakumar mishra,washamba_base_v1_fork.py,90554.0,90578.0,L,6,9,2,33,21,0,0,0,75,11,12931.0,6,9,2,33,25,0,0,0,75,11,36640.0,6,9,2,13,18,0,27,0,75,11,67074.0,409,360,44,5,7,5,71,178,13,269,2,152.0,17088,489,50,18623,318,578,0,0,-1,16722,289,383,15102,72,250,6454,114,265,5859,255,197,54285,248,150,16860,357,31,150993,98422
112326041,1,washamba_base_v1_fork.py,OPP:shoryakumar mishra,90578.0,90554.0,W,6,9,2,33,21,0,0,0,75,11,12950.0,6,9,2,33,25,0,0,0,75,11,35381.0,6,9,2,13,18,0,27,0,75,11,66860.0,466,416,46,4,7,5,71,183,13,269,2,141.0,27996,785,50,33578,566,578,0,0,-1,17201,342,383,15102,72,250,6390,113,265,6262,262,197,51073,235,150,17375,398,31,174977,96028
112326669,0,washamba_base_v1_fork.py,OPP:Efe Can Celiksoy,74999.0,32847.0,W,6,6,5,33,21,0,0,0,75,10,15717.0,6,6,5,33,18,0,7,0,75,11,31344.0,6,6,5,13,17,0,28,0,75,11,49141.0,454,414,36,4,7,5,74,182,12,270,2,152.0,26954,648,50,75147,704,434,0,0,-1,15328,289,383,16788,72,250,10625,207,265,18272,287,197,5918,127,150,17511,402,31,186543,66931
112326669,1,OPP:Efe Can Celiksoy,washamba_base_v1_fork.py,32847.0,74999.0,L,6,8,0,26,17,0,0,8,75,12,8141.0,6,8,0,29,25,0,0,0,75,12,17904.0,6,8,0,19,29,0,4,0,75,11,23162.0,393,393,0,0,2,2,64,113,9,277,2,18.0,33294,802,2,1889,18,625,0,0,-1,6036,217,381,15078,120,257,0,0,-1,10710,188,198,5831,207,149,71205,1708,43,144043,37655
112327231,0,OPP:thegoatman7,washamba_base_v2.py,105752.0,109801.0,L,9,4,4,33,20,0,0,0,75,11,13949.0,9,4,4,33,25,0,0,0,75,12,37990.0,9,4,4,13,39,0,6,0,75,11,84181.0,347,306,41,0,16,16,76,46,13,287,2,9.0,14858,365,2,866,21,674,0,0,-1,69005,342,382,15102,72,250,6765,121,362,35277,403,196,6403,143,151,19988,481,31,168264,132552
112327231,1,washamba_base_v2.py,OPP:thegoatman7,109801.0,105752.0,W,8,6,3,33,21,0,0,0,75,10,15285.0,8,6,3,33,25,0,0,0,75,11,40410.0,8,6,3,13,27,0,18,0,75,11,86784.0,347,335,8,4,7,5,75,188,12,268,2,143.0,18408,439,50,4027,97,674,0,0,-1,54054,262,383,15102,72,250,4985,89,361,27928,283,197,6226,109,150,16203,350,31,146933,108295
112327264,0,OPP:xycai,washamba_base_v1_fork.py,111609.0,149112.0,L,6,6,0,35,13,0,0,13,75,10,7382.0,6,6,0,35,13,0,0,13,75,8,30848.0,8,5,0,16,43,0,0,0,75,12,89523.0,184,178,6,0,1,1,156,63,8,266,2,162.0,18392,461,121,0,0,-1,0,0,-1,39545,309,337,23004,168,253,0,0,-1,34576,203,217,38433,171,146,11098,241,49,165048,135558
112327264,1,washamba_base_v1_fork.py,OPP:xycai,149112.0,111609.0,W,6,11,0,33,20,0,0,0,75,11,17509.0,6,11,0,33,25,0,0,0,75,11,53842.0,6,11,0,13,31,10,14,0,100,12,110032.0,345,299,42,4,7,5,41,189,12,295,3,146.0,26026,638,50,21377,415,671,12842,110,647,36494,275,386,17136,72,249,0,0,-1,47438,284,196,70696,314,151,16203,340,31,248212,184606
112328503,0,OPP:Jiayi Du,washamba_base_v2.py,56340.0,80992.0,L,3,4,5,31,20,0,0,0,75,11,10676.0,3,4,5,31,25,0,0,0,75,11,24711.0,3,4,5,13,19,0,26,0,75,11,42800.0,297,240,57,0,18,18,73,51,13,280,2,0.0,10733,267,2,6599,242,673,0,0,-1,23860,277,386,15102,72,250,9241,133,362,3515,170,196,14912,140,151,15669,291,31,99631,66630
112328503,1,washamba_base_v2.py,OPP:Jiayi Du,80992.0,56340.0,W,6,6,5,33,21,0,0,0,75,10,14238.0,6,6,5,33,25,0,0,0,75,11,32674.0,6,6,5,13,27,0,18,0,75,11,61614.0,362,347,10,5,9,7,74,188,12,266,2,166.0,18671,431,8,2985,97,674,0,0,-1,28082,280,383,15102,72,250,11180,163,265,6296,158,197,16883,159,150,18431,348,31,117630,77543
112328518,0,OPP:A.P.R.I.L,washamba_base_v1_fork.py,97921.0,118342.0,L,9,4,0,38,20,0,0,0,75,11,13944.0,9,5,0,38,23,0,0,0,75,12,29378.0,9,5,0,18,39,0,4,0,75,11,76029.0,262,262,0,0,15,15,69,45,10,290,2,3.0,14589,367,3,820,12,674,0,0,-1,63730,269,382,15168,72,250,0,0,-1,11117,270,196,9650,138,151,14814,330,31,129888,99665
112328518,1,washamba_base_v1_fork.py,OPP:A.P.R.I.L,118342.0,97921.0,W,8,6,3,33,21,0,0,0,75,10,14979.0,8,6,3,33,25,0,0,0,75,11,35791.0,8,6,3,13,26,10,19,0,100,13,76872.0,471,416,51,4,7,5,74,183,12,285,3,139.0,30881,761,50,36664,540,671,24746,110,639,74453,314,383,15084,72,250,5680,110,361,11358,293,197,11773,172,150,16972,368,31,227611,143094
112329683,0,OPP:pejipej,washamba_base_v2.py,140813.0,138454.0,W,12,5,0,32,20,0,0,0,75,11,14317.0,12,5,0,37,13,6,0,1,75,10,41473.0,12,0,0,18,11,3,24,0,75,10,109793.0,222,204,5,18,12,8,66,46,13,259,2,0.0,11402,332,2,7456,168,554,2398,40,530,64242,294,385,15768,78,250,0,0,-1,55061,294,196,5206,58,151,14519,277,31,176052,142675
112329683,1,washamba_base_v2.py,OPP:pejipej,138454.0,140813.0,L,12,5,0,33,21,0,0,0,75,10,16309.0,12,5,0,33,25,0,0,0,75,11,46374.0,12,5,0,13,26,0,19,0,75,11,108872.0,319,304,11,4,7,5,73,179,12,265,2,143.0,13077,378,50,4956,122,674,0,0,-1,60260,274,383,15102,72,250,0,0,-1,62130,341,197,6279,93,150,17289,363,31,179093,143771
112329695,0,washamba_base_v1_fork.py,OPP:jrw208,63096.0,68236.0,L,6,6,5,33,21,0,0,0,75,10,16489.0,6,6,5,33,18,0,7,0,75,11,30673.0,6,6,5,13,18,0,27,0,75,11,45570.0,449,406,39,4,7,5,70,183,12,264,2,134.0,22219,661,50,29390,620,434,0,0,-1,14436,287,383,17856,72,250,10280,205,265,6965,249,197,13531,166,150,22859,392,31,137536,63068
112329695,1,OPP:jrw208,washamba_base_v1_fork.py,68236.0,63096.0,W,3,3,0,8,17,8,32,3,75,12,13211.0,3,3,2,8,14,14,30,0,75,12,32523.0,3,3,2,0,11,4,43,0,75,12,52591.0,238,238,0,0,13,13,62,192,4,311,2,4.0,9939,293,60,38354,745,235,6716,100,361,7771,61,313,13224,72,259,2402,48,481,3622,78,200,7748,71,160,11116,187,27,100892,41483
112330927,0,OPP:Izzoudine Mohamed KANTA,washamba_base_v2.py,127633.0,140290.0,L,11,3,5,28,9,0,6,0,75,11,9023.0,12,3,6,36,7,4,4,0,75,11,40427.0,12,3,5,8,13,6,23,0,75,11,97435.0,321,321,0,0,12,12,31,128,20,329,3,4.0,6089,163,2,12176,230,335,3104,49,527,47762,233,337,11010,60,253,6798,155,263,53206,261,199,6151,60,150,12636,259,27,158932,128031
112330927,1,washamba_base_v2.py,OPP:Izzoudine Mohamed KANTA,140290.0,127633.0,W,9,5,3,33,21,0,0,0,75,10,18544.0,9,5,3,33,25,0,0,0,75,11,47269.0,9,5,3,13,27,0,18,0,75,11,108081.0,339,326,8,5,7,5,75,184,12,267,2,148.0,14683,388,50,6514,128,674,0,0,-1,57368,283,383,17484,72,250,4064,95,361,56046,270,197,5450,95,150,16365,367,31,177974,140412
112330940,0,washamba_base_v1_fork.py,OPP:Gajenddra Raj,144053.0,108358.0,W,9,5,3,33,21,0,0,0,75,10,15937.0,9,5,3,33,25,0,0,0,75,11,45556.0,9,5,3,13,27,0,18,0,75,11,109289.0,438,395,38,5,9,7,76,188,12,266,2,166.0,38379,873,8,17283,486,671,0,0,-1,65326,314,383,15102,72,250,6394,111,361,81101,372,197,6230,113,150,18481,383,31,248296,174153
112330940,1,OPP:Gajenddra Raj,washamba_base_v1_fork.py,108358.0,144053.0,L,6,4,3,31,20,0,0,0,75,11,11593.0,6,4,3,31,25,0,0,0,75,11,33121.0,6,4,3,13,39,0,6,0,75,11,82062.0,306,258,48,0,18,18,74,56,13,280,2,0.0,22508,540,2,749,22,674,0,0,-1,58175,283,386,15102,72,250,4588,80,362,58437,277,196,6005,137,151,15475,298,31,181039,142307
112331509,0,washamba_base_v2.py,OPP:Thomas Tschinkel,70441.0,69743.0,W,9,5,3,33,21,0,0,0,75,10,17878.0,9,5,3,33,25,0,0,0,75,11,40372.0,9,5,3,13,27,0,18,0,75,11,55706.0,346,337,5,4,7,5,76,190,12,266,2,135.0,17946,429,50,3772,97,674,0,0,-1,6744,275,383,16284,72,250,4887,91,361,29536,259,197,5475,91,150,17302,349,31,101946,62926
112331509,1,OPP:Thomas Tschinkel,washamba_base_v2.py,69743.0,70441.0,L,11,3,1,18,17,10,10,1,75,12,11322.0,11,3,4,18,16,10,10,0,75,12,31906.0,11,3,4,0,35,4,17,0,75,12,53600.0,337,337,0,0,10,10,37,184,16,302,2,3.0,14874,352,43,8343,198,337,8376,100,383,4332,114,310,12072,60,249,6158,114,289,26530,251,198,5656,52,154,11653,245,27,97994,63124
112332153,0,washamba_base_v2.py,OPP:Kota Iizuka,70935.0,71244.0,L,8,6,3,33,21,0,0,0,75,10,14947.0,8,6,3,33,25,0,0,0,75,11,33320.0,8,6,3,13,18,0,27,0,75,11,56223.0,350,335,11,4,7,5,74,177,12,266,2,136.0,14339,377,50,11271,190,530,0,0,-1,29233,280,383,15102,72,250,4710,88,361,10518,190,197,6166,102,150,16413,371,31,107752,65729
112332153,1,OPP:Kota Iizuka,washamba_base_v2.py,71244.0,70935.0,W,8,6,3,33,21,0,0,0,75,10,14781.0,8,6,3,33,18,0,7,0,75,11,33250.0,8,6,3,13,18,0,27,0,75,11,56552.0,361,345,12,4,7,5,74,173,12,266,2,144.0,13621,359,50,12822,220,217,0,0,-1,29121,280,383,15102,72,250,4718,88,361,10724,206,197,6213,101,150,16413,371,31,108734,65878
112332196,0,washamba_base_v2.py,OPP:Dinesh Amalathasan,103113.0,96031.0,W,6,17,0,33,20,0,0,0,100,13,6534.0,6,17,0,33,25,0,0,0,100,13,39369.0,6,17,0,13,31,0,14,0,100,13,87516.0,299,290,5,4,7,5,61,188,13,305,3,133.0,16698,397,50,4310,88,674,0,0,-1,17380,253,386,15048,72,249,0,0,-1,7589,164,196,83807,427,151,14558,382,31,159390,123824
112332196,1,OPP:Dinesh Amalathasan,washamba_base_v2.py,96031.0,103113.0,L,4,11,2,33,20,0,0,0,75,11,11961.0,4,15,2,33,25,0,0,0,100,12,36216.0,4,15,2,13,27,0,18,0,100,12,82602.0,332,327,5,0,7,6,88,173,13,296,3,146.0,13017,319,2,4187,84,674,0,0,-1,15981,255,382,15114,72,250,3894,72,299,5709,112,197,68666,342,151,14286,397,31,140854,109364
112332205,0,OPP:Onkar Belure,washamba_base_v1_fork.py,81045.0,89597.0,L,8,6,3,33,21,0,0,0,75,10,14372.0,8,6,3,33,25,0,0,0,75,11,39046.0,8,6,3,13,27,0,18,0,75,10,61016.0,413,355,33,28,7,6,65,189,12,260,2,164.0,23816,634,2,32496,407,671,0,0,-1,11955,264,383,15102,72,250,4382,100,361,13124,340,197,42201,191,150,15676,393,31,158752,86764
112332205,1,washamba_base_v1_fork.py,OPP:Onkar Belure,89597.0,81045.0,W,8,6,3,33,21,0,0,0,75,10,15781.0,8,6,3,33,25,0,0,0,75,11,40913.0,8,6,3,13,18,0,27,0,75,11,64814.0,465,414,47,4,7,5,75,181,12,268,2,133.0,25800,672,50,52932,670,578,0,0,-1,14822,364,383,15102,72,250,4300,98,361,13642,302,197,45306,205,150,15638,396,31,187542,93172
112333376,0,washamba_base_v1_fork.py,OPP:BostonKaggle,120275.0,114864.0,W,9,5,3,33,21,0,0,0,75,10,17896.0,9,5,3,33,25,0,0,0,75,11,45773.0,9,5,3,13,27,10,18,0,100,13,84851.0,460,416,39,5,7,5,77,191,12,286,3,145.0,35136,791,50,18258,472,671,9656,110,639,45497,315,383,17178,72,250,5807,113,361,66787,414,197,17533,162,150,17513,364,31,233365,162458
112333376,1,OPP:BostonKaggle,washamba_base_v1_fork.py,114864.0,120275.0,L,13,3,0,15,28,7,0,5,75,11,8983.0,13,3,0,16,9,26,1,0,75,11,43877.0,13,3,0,1,16,14,24,0,75,11,85239.0,342,342,0,0,16,16,38,184,15,287,3,0.0,13644,309,2,6102,155,503,26679,254,383,17915,113,334,12935,70,251,0,0,-1,49254,278,195,8980,66,149,11913,199,27,147422,115763
112333392,0,OPP:Kaan111,washamba_base_v2.py,68020.0,91574.0,L,9,8,0,33,20,0,0,0,75,11,11961.0,9,8,0,33,25,0,0,0,75,11,35741.0,9,8,0,13,39,0,5,0,75,11,48555.0,232,232,0,0,14,14,74,48,13,282,2,0.0,13470,384,2,11231,93,674,0,0,-1,14189,261,386,15114,72,250,0,0,-1,5044,156,196,27632,188,151,15022,348,31,101702,61979
112333392,1,washamba_base_v2.py,OPP:Kaan111,91574.0,68020.0,W,6,11,0,33,20,0,0,0,75,11,13493.0,6,11,0,33,25,0,0,0,75,11,41661.0,6,11,0,13,20,0,25,0,75,13,62016.0,254,243,7,4,7,5,47,188,12,285,2,143.0,10390,284,50,28378,220,554,0,0,-1,14665,267,385,15048,72,249,0,0,-1,5092,171,196,44844,287,151,14179,348,31,132596,79649
112334649,0,washamba_base_v1_fork.py,OPP:GzmCR632,86526.0,84013.0,W,8,6,3,33,21,0,0,0,75,10,15736.0,8,6,3,33,25,0,0,0,75,11,38078.0,8,6,3,13,26,10,19,0,100,13,53610.0,467,411,52,4,7,5,75,184,12,286,3,133.0,29433,727,50,35491,540,671,19842,110,639,19969,352,383,15102,72,250,5184,111,361,18146,299,197,29731,184,150,15868,373,31,188766,107974
112334649,1,OPP:GzmCR632,washamba_base_v1_fork.py,84013.0,86526.0,L,8,6,3,33,21,0,0,0,75,10,14315.0,8,6,3,33,25,0,0,0,75,11,37090.0,8,6,3,13,27,10,18,0,100,11,52333.0,402,372,30,0,7,6,67,190,12,282,3,164.0,25079,634,2,26881,407,671,20324,110,638,17273,264,383,15102,72,250,4666,100,361,18699,340,197,28767,191,150,15902,385,31,172693,104831
112334663,0,OPP:Abhijit Pise,washamba_base_v2.py,52766.0,59177.0,L,8,6,3,33,21,0,0,0,75,10,13990.0,8,6,3,33,25,0,0,0,75,11,28036.0,8,6,3,13,27,0,18,0,75,11,37876.0,419,384,35,0,7,6,71,189,12,269,2,132.0,27125,828,2,37649,512,671,0,0,-1,4449,278,383,15102,72,250,5193,93,361,11654,288,197,14123,172,150,16734,406,31,132029,50521
112334663,1,washamba_base_v2.py,OPP:Abhijit Pise,59177.0,52766.0,W,8,6,3,33,21,0,0,0,75,10,15142.0,8,6,3,33,25,0,0,0,75,11,28983.0,8,6,3,13,18,0,27,0,75,11,42121.0,348,334,9,5,7,5,77,178,12,267,2,160.0,13323,357,50,14448,196,578,0,0,-1,4897,277,383,15102,72,250,4751,86,361,11064,195,197,14066,140,150,16340,370,31,93991,49880
112335858,0,washamba_base_v1_fork.py,OPP:yurunougyou!,116154.0,111610.0,W,8,6,3,33,21,0,0,0,75,10,15847.0,8,6,3,33,25,0,0,0,75,11,40561.0,8,6,3,13,27,0,18,0,75,11,89414.0,452,406,41,5,7,5,75,190,12,268,2,160.0,27307,777,50,30841,594,671,0,0,-1,65539,301,383,15102,72,250,5658,111,361,48069,390,197,6222,124,150,15642,391,31,214380,140590
112335858,1,OPP:yurunougyou!,washamba_base_v1_fork.py,111610.0,116154.0,L,8,6,3,33,21,0,0,0,75,10,14418.0,8,6,3,33,25,0,0,0,75,11,39520.0,8,6,3,13,27,0,18,0,75,10,87302.0,402,366,35,2,16,15,73,189,13,260,2,132.0,22097,668,2,21338,407,671,0,0,-1,57822,264,383,15102,72,250,5070,100,361,42404,340,197,6437,191,150,15675,381,31,185945,126835
112335894,0,OPP:Neglected Turtle,washamba_base_v2.py,118354.0,130440.0,L,8,6,3,33,21,0,0,0,75,10,14372.0,8,6,3,33,25,0,0,0,75,11,46371.0,8,6,3,13,27,0,18,0,75,11,97153.0,473,386,36,54,7,6,70,189,12,267,2,136.0,23766,767,2,13265,453,671,0,0,-1,48108,282,383,15102,72,250,5668,102,361,22266,347,197,45054,192,150,16175,408,31,189404,136198
112335894,1,washamba_base_v2.py,OPP:Neglected Turtle,130440.0,118354.0,W,8,9,0,33,21,0,0,0,75,10,15216.0,8,9,0,33,25,0,0,0,75,11,49341.0,8,9,0,13,27,0,18,0,75,11,105023.0,335,321,9,5,7,5,74,188,12,266,2,158.0,14147,402,50,2788,97,674,0,0,-1,50381,285,383,15102,72,250,0,0,-1,19223,241,197,52387,224,150,15994,353,31,170022,137093
112337057,0,OPP:Olympus,washamba_base_v1_fork.py,54214.0,57699.0,L,8,6,3,33,21,0,0,0,75,10,13994.0,8,6,3,33,25,0,0,0,75,11,31220.0,8,6,3,13,27,0,18,0,75,11,39996.0,425,389,36,0,7,5,72,189,12,268,2,136.0,33261,889,51,28693,466,671,0,0,-1,10475,277,383,15102,72,250,5850,96,361,11544,283,197,6209,125,150,16898,408,31,128032,49180
112337057,1,washamba_base_v1_fork.py,OPP:Olympus,57699.0,54214.0,W,8,6,3,33,21,0,0,0,75,10,15136.0,8,6,3,33,25,0,0,0,75,11,32154.0,8,6,3,13,18,0,27,0,75,11,43069.0,475,428,42,5,7,5,78,180,12,268,2,154.0,28617,751,50,39952,648,602,0,0,-1,12226,352,383,15102,72,250,5465,92,361,12076,289,197,6092,126,150,16625,398,31,136155,50961
112337092,0,washamba_base_v2.py,OPP:v0m0v,65471.0,53273.0,W,6,6,5,33,21,0,0,0,75,10,14279.0,6,6,5,33,18,0,7,0,75,11,29860.0,6,6,5,13,5,0,39,0,75,11,41780.0,359,340,14,5,7,5,75,172,12,268,2,158.0,11640,314,50,27308,242,242,0,0,-1,9483,271,383,15102,72,250,6978,155,265,10775,195,197,6209,103,150,15727,382,31,103222,48547
112337092,1,OPP:v0m0v,washamba_base_v2.py,53273.0,65471.0,L,8,6,3,33,21,0,0,0,75,10,12238.0,8,6,3,33,25,0,0,0,75,11,29712.0,8,6,3,13,27,0,18,0,75,11,36713.0,441,401,37,3,7,5,70,189,12,264,2,132.0,26564,728,51,51877,450,671,0,0,-1,11366,314,383,15102,72,250,4426,100,361,15985,361,197,6272,190,150,15838,386,31,147430,53151
112338250,0,OPP:hiroshi murakami,washamba_base_v1_fork.py,96017.0,95491.0,W,6,6,5,33,21,0,0,0,75,10,13643.0,6,6,5,33,25,0,0,0,75,11,31725.0,6,6,5,13,20,0,25,0,75,11,71955.0,352,339,9,4,7,5,73,183,12,267,2,141.0,15121,370,50,11912,189,530,0,0,-1,51633,258,383,15102,72,250,7669,164,267,6612,168,197,6083,99,150,16213,357,31,130345,87099
112338250,1,washamba_base_v1_fork.py,OPP:hiroshi murakami,95491.0,96017.0,L,6,6,5,33,21,0,0,0,75,10,13663.0,6,6,5,33,25,0,0,0,75,11,30767.0,6,6,5,13,18,0,27,0,75,11,71713.0,475,430,41,4,7,5,73,182,12,267,2,141.0,30002,720,50,40634,654,530,0,0,-1,61907,314,383,15102,72,250,9327,203,265,8205,275,197,6244,124,150,16533,395,31,187954,100785
112338279,0,washamba_base_v2.py,OPP:wanghaozhi,135070.0,130785.0,W,12,5,0,33,21,0,0,0,75,10,16257.0,12,5,0,33,25,0,0,0,75,11,46236.0,12,5,0,13,26,0,19,0,75,11,111892.0,331,315,11,5,7,5,75,180,12,267,2,154.0,11667,353,50,6791,134,674,0,0,-1,53971,283,383,15102,72,250,0,0,-1,45730,324,197,26692,141,150,16322,372,31,176275,141495
112338279,1,OPP:wanghaozhi,washamba_base_v2.py,130785.0,135070.0,L,9,5,3,33,21,0,0,0,75,10,15175.0,9,5,3,33,25,0,0,0,75,11,46539.0,9,5,3,13,27,0,18,0,75,11,107310.0,409,374,35,0,7,5,72,189,12,269,2,138.0,19773,776,51,24974,481,671,0,0,-1,53067,283,383,15102,72,250,4686,93,361,42359,367,197,34017,178,150,16973,422,31,210951,149231
112339474,0,OPP:Homii_N,washamba_base_v1_fork.py,96850.0,99858.0,L,9,5,3,33,21,0,0,0,75,10,15182.0,9,5,3,33,25,0,0,0,75,11,41933.0,9,5,3,13,27,0,18,0,75,11,71591.0,410,373,37,0,7,5,72,189,12,269,2,138.0,34641,851,51,24732,466,671,0,0,-1,13939,276,383,15102,72,250,4622,94,361,75559,379,197,6082,114,150,17231,407,31,191908,115304
112339474,1,washamba_base_v1_fork.py,OPP:Homii_N,99858.0,96850.0,W,9,5,3,33,21,0,0,0,75,10,16095.0,9,5,3,33,25,0,0,0,75,11,42134.0,9,5,3,13,27,0,18,0,75,11,76006.0,449,403,41,5,7,5,75,189,12,268,2,154.0,35502,867,50,27517,520,671,0,0,-1,17656,356,383,15102,72,250,5312,109,361,74542,372,197,6147,111,150,16849,386,31,198627,118759
112339503,0,washamba_base_v2.py,OPP:Pat,121781.0,114970.0,W,6,11,0,33,20,0,0,0,75,11,13877.0,6,17,0,33,25,0,0,0,100,12,35311.0,6,17,0,13,31,0,14,0,100,13,95132.0,300,288,7,5,7,5,60,188,13,302,3,154.0,16721,415,50,4741,86,674,0,0,-1,26004,252,385,15072,72,249,0,0,-1,5639,170,196,89354,391,151,13438,380,31,170969,136069
112339503,1,OPP:Pat,washamba_base_v2.py,114970.0,121781.0,L,6,11,0,33,20,0,0,0,75,11,13830.0,6,17,0,33,25,0,0,0,100,13,34550.0,6,17,0,13,31,0,14,0,100,13,92184.0,381,344,37,0,7,5,60,187,13,312,3,136.0,25851,664,51,21565,387,671,0,0,-1,25109,263,386,15072,72,249,0,0,-1,5888,223,196,94639,422,151,14191,472,31,202315,140708
112340670,0,OPP:presucc,washamba_base_v1_fork.py,47422.0,54605.0,L,8,6,3,33,21,0,0,0,75,10,12111.0,8,6,3,33,25,0,0,0,75,11,25687.0,8,6,3,13,27,0,18,0,75,10,34870.0,477,416,41,24,7,5,65,189,12,260,2,141.0,28683,732,51,23703,407,671,0,0,-1,6578,266,383,15102,72,250,6110,100,361,9208,314,197,10969,178,150,15798,385,31,116151,47967
112340670,1,washamba_base_v1_fork.py,OPP:presucc,54605.0,47422.0,W,6,6,5,33,21,0,0,0,75,10,13528.0,6,6,5,33,25,0,0,0,75,11,26401.0,6,6,5,13,27,0,18,0,75,11,38506.0,477,427,45,5,7,5,73,189,12,268,2,151.0,30123,757,50,34316,594,671,0,0,-1,7191,342,383,15102,72,250,13218,217,265,8753,263,197,10180,151,150,15509,391,31,134392,54444
112340677,0,OPP:DI27 RF,washamba_base_v2.py,78260.0,83628.0,L,8,6,3,33,21,0,0,0,75,10,14577.0,8,6,3,33,25,0,0,0,75,11,39816.0,8,6,3,13,27,0,18,0,75,11,63373.0,570,382,50,150,7,6,69,189,12,262,2,134.0,27471,728,2,27766,441,671,0,0,-1,32852,311,383,15102,72,250,5334,100,361,25497,349,197,6396,190,150,15846,379,31,156264,85181
112340677,1,washamba_base_v2.py,OPP:DI27 RF,83628.0,78260.0,W,9,5,3,33,21,0,0,0,75,10,16097.0,9,5,3,33,25,0,0,0,75,11,40795.0,9,5,3,13,26,0,19,0,75,11,67192.0,350,334,11,5,7,5,75,179,12,268,2,160.0,16365,414,50,8301,134,674,0,0,-1,30913,279,383,15102,72,250,4822,91,361,23279,266,197,6107,89,150,15754,367,31,120643,80223
112340834,0,washamba_base_v1_fork.py,OPP:Thai,111554.0,107575.0,W,8,6,3,33,21,0,0,0,75,10,17968.0,8,6,3,33,25,0,0,0,75,11,43015.0,8,6,3,13,27,0,18,0,75,11,87917.0,453,411,38,4,7,5,73,188,12,267,2,137.0,42146,910,50,23880,486,671,0,0,-1,67098,314,383,16974,72,250,5569,112,361,22919,315,197,5134,122,150,16970,385,31,200690,117694
112340834,1,OPP:Thai,washamba_base_v1_fork.py,107575.0,111554.0,L,8,4,3,42,22,0,4,0,100,12,5967.0,8,4,3,41,20,6,2,0,100,12,29828.0,8,4,3,17,22,8,16,0,100,12,83847.0,666,666,0,0,10,10,20,147,15,307,3,15.0,8315,178,97,7594,165,360,5754,60,601,67405,318,337,10434,54,250,4690,97,324,19007,218,197,5920,128,154,12368,252,28,141487,113210
112341852,0,washamba_base_v1_fork.py,OPP:Dat Nguyen Viet,96517.0,92688.0,W,6,6,5,33,21,0,0,0,75,10,13771.0,6,6,5,33,25,0,0,0,75,11,33348.0,6,6,5,13,27,0,18,0,75,11,74772.0,523,470,49,4,7,5,107,190,12,268,2,144.0,187462,4143,50,18137,455,671,0,0,-1,43799,351,383,15432,72,250,13130,219,265,6459,274,197,38565,203,150,16094,373,31,339078,117385
112341852,1,OPP:Dat Nguyen Viet,washamba_base_v1_fork.py,92688.0,96517.0,L,6,6,5,33,21,0,0,0,75,10,11679.0,6,6,5,33,25,0,0,0,75,11,31114.0,6,6,5,13,27,0,18,0,75,11,71226.0,499,458,41,0,6,5,107,192,12,268,2,137.0,183983,4080,51,17999,450,671,0,0,-1,42139,341,383,15432,72,250,12966,216,265,6396,271,197,38442,203,150,16247,385,31,333604,115375
112341856,0,OPP:zhtmgxr,washamba_base_v2.py,76225.0,78903.0,L,6,6,5,33,21,0,0,0,75,10,12612.0,6,6,5,33,25,0,0,0,75,11,31542.0,6,6,5,13,27,0,18,0,75,11,55395.0,450,411,39,0,8,6,72,187,12,264,2,101.0,28307,697,32,27984,499,671,0,0,-1,23242,324,383,15102,72,250,10054,207,361,36529,294,197,12454,202,150,16265,397,31,169937,97381
112341856,1,washamba_base_v2.py,OPP:zhtmgxr,78903.0,76225.0,W,6,6,5,33,21,0,0,0,75,10,14053.0,6,6,5,33,25,0,0,0,75,11,32768.0,6,6,5,13,27,0,18,0,75,11,57233.0,354,338,12,4,7,5,73,186,12,268,2,133.0,16052,392,50,6926,128,674,0,0,-1,21445,273,383,15102,72,250,8166,161,265,24705,217,197,9415,126,150,16032,362,31,117843,78833
112343084,0,washamba_base_v2.py,OPP:Yusuke Hayashi,135306.0,130198.0,W,9,5,3,33,21,0,0,0,75,10,15926.0,9,5,3,33,25,0,0,0,75,11,44206.0,9,5,3,13,27,0,18,0,75,11,102207.0,339,326,9,4,7,5,75,188,12,268,2,144.0,18194,433,50,4039,97,674,0,0,-1,56526,260,383,15102,72,250,4756,93,361,52098,276,197,6134,92,150,16224,352,31,173073,134616
112343084,1,OPP:Yusuke Hayashi,washamba_base_v2.py,130198.0,135306.0,L,8,6,3,33,21,0,0,0,75,10,14696.0,8,6,3,33,25,0,0,0,75,11,43864.0,8,6,3,13,27,0,18,0,75,11,98832.0,422,387,35,0,7,6,72,187,12,264,2,146.0,29487,710,2,21223,497,671,0,0,-1,69103,320,383,15102,72,250,5526,108,361,64545,337,197,6254,204,150,16249,384,31,227489,160530
112343090,0,OPP:AI After Hours,washamba_base_v1_fork.py,105829.0,107836.0,L,9,5,3,33,21,0,0,0,75,10,15851.0,9,5,3,33,25,0,0,0,75,11,43865.0,9,5,3,13,27,0,18,0,75,11,85329.0,472,423,49,0,7,5,77,187,12,266,2,136.0,20834,796,51,25239,503,671,0,0,-1,60776,323,383,15102,72,250,5885,106,361,26386,342,197,15655,167,150,16452,393,31,186329,123804
112343090,1,washamba_base_v1_fork.py,OPP:AI After Hours,107836.0,105829.0,W,9,5,3,33,21,0,0,0,75,10,16461.0,9,5,3,33,25,0,0,0,75,11,44241.0,9,5,3,13,18,0,27,0,75,11,86456.0,468,419,44,5,7,5,76,180,12,266,2,154.0,19929,728,50,30021,599,650,0,0,-1,60481,314,383,15102,72,250,5200,95,361,28133,392,197,15552,167,150,16408,395,31,190826,124468
112344284,0,OPP:Christoffer Thimsen,washamba_base_v1_fork.py,81048.0,79897.0,W,4,14,0,18,23,3,0,0,75,11,11258.0,4,14,0,22,24,3,0,0,75,12,41181.0,4,14,0,5,38,3,10,0,75,12,68019.0,237,236,1,0,7,6,53,106,12,295,2,2.0,17468,464,360,2873,68,698,3109,45,386,8314,161,337,14748,72,249,0,0,-1,5636,112,194,52633,303,148,10923,193,27,115704,84440
112344284,1,washamba_base_v1_fork.py,OPP:Christoffer Thimsen,79897.0,81048.0,L,6,17,0,33,20,0,0,0,100,13,6105.0,6,17,0,33,25,0,0,0,100,13,37416.0,6,17,0,13,31,0,14,0,100,13,67363.0,404,351,48,5,7,5,58,188,13,302,3,151.0,24880,740,50,17921,415,671,0,0,-1,13355,282,386,15066,72,249,0,0,-1,11347,263,196,75117,535,151,15784,416,31,173470,114885
112344297,0,washamba_base_v2.py,OPP:Dias Bakhtiyarov,126260.0,124442.0,W,6,11,0,32,20,0,0,0,75,11,15435.0,6,11,0,32,25,0,0,0,75,11,49914.0,6,11,0,13,31,0,14,0,75,12,104295.0,257,246,6,5,7,5,43,187,12,281,2,189.0,11006,340,50,5152,108,674,0,0,-1,32475,253,386,15048,72,249,0,0,-1,19827,221,196,66703,289,151,14157,348,31,164368,134053
112344297,1,OPP:Dias Bakhtiyarov,washamba_base_v2.py,124442.0,126260.0,L,6,11,0,33,20,0,0,0,75,11,14193.0,6,11,0,33,25,0,0,0,75,11,48943.0,6,11,0,13,27,0,18,0,75,12,101172.0,278,273,2,4,7,5,63,187,13,278,2,73.0,10016,320,51,4735,96,674,0,0,-1,30583,249,382,15114,72,250,0,0,-1,17602,188,196,61831,269,150,14506,338,31,154387,125130
112345286,0,OPP:T.Uehira,washamba_base_v2.py,135611.0,135393.0,W,9,5,3,33,21,0,0,0,75,10,16270.0,9,5,3,33,25,0,0,0,75,11,45583.0,9,5,3,13,27,0,18,0,75,11,103230.0,353,330,19,4,7,5,70,187,12,267,2,141.0,16746,416,50,3841,93,674,0,0,-1,47579,281,383,15102,72,250,3760,85,361,65104,298,197,16654,136,150,16866,349,31,185652,148199
112345286,1,washamba_base_v2.py,OPP:T.Uehira,135393.0,135611.0,L,9,5,3,33,21,0,0,0,75,10,16263.0,9,5,3,33,25,0,0,0,75,11,45144.0,9,5,3,13,27,0,18,0,75,11,103237.0,342,324,14,4,7,5,71,188,12,267,2,141.0,16763,416,50,3811,93,674,0,0,-1,46480,272,383,15102,72,250,3844,87,361,64630,296,197,16740,138,150,16878,350,31,184248,146796
112345541,0,OPP:Shaokai Zhang,washamba_base_v2.py,98789.0,105032.0,L,6,10,0,33,20,0,0,0,75,11,14729.0,6,10,0,33,25,0,0,0,75,11,40280.0,6,10,0,13,27,0,18,0,75,12,72454.0,486,408,78,0,7,5,53,189,12,281,2,159.0,29505,977,51,32434,497,671,0,0,-1,15737,319,382,15114,72,250,0,0,-1,31817,301,197,127690,597,150,19511,504,31,271808,190358
112345541,1,washamba_base_v2.py,OPP:Shaokai Zhang,105032.0,98789.0,W,6,11,0,33,20,0,0,0,75,11,14154.0,6,11,0,33,13,0,12,0,75,11,42587.0,5,11,0,13,26,0,19,0,75,12,76861.0,252,242,5,5,7,5,47,189,12,280,2,135.0,7935,253,50,13585,215,458,0,0,-1,13067,262,386,15048,72,249,0,0,-1,18122,195,196,61497,281,151,14152,341,31,143406,107734
112345545,0,washamba_base_v1_fork.py,OPP:Odyssey,109612.0,102506.0,W,6,11,0,33,20,0,0,0,75,11,13651.0,6,11,0,33,25,0,0,0,75,11,43244.0,6,11,0,13,31,0,14,0,75,12,86726.0,346,299,42,5,7,5,44,188,12,281,2,179.0,29968,792,50,13211,430,671,0,0,-1,52158,267,386,15048,72,249,0,0,-1,32181,294,196,34096,301,151,14540,366,31,191202,133483
112345545,1,OPP:Odyssey,washamba_base_v1_fork.py,102506.0,109612.0,L,6,10,0,32,20,0,0,0,75,11,12535.0,6,10,0,32,25,0,0,0,75,11,40661.0,6,10,0,13,27,0,18,0,75,12,80302.0,469,392,77,0,7,5,62,189,12,282,2,133.0,40601,1067,51,13442,426,671,0,0,-1,61475,314,382,15114,72,250,0,0,-1,30647,301,197,46677,513,150,20023,506,31,227979,153913
112346666,0,washamba_base_v2.py,OPP:LingLingToshite,120501.0,118294.0,W,12,5,0,33,21,0,0,0,75,10,16105.0,12,5,0,33,25,0,0,0,75,11,48216.0,12,5,0,13,27,0,18,0,75,11,100153.0,326,311,11,4,7,5,71,188,12,267,2,138.0,17606,416,50,2672,93,674,0,0,-1,31401,275,383,15102,72,250,0,0,-1,56517,354,197,25273,143,150,16808,351,31,165379,128293
112346666,1,OPP:LingLingToshite,washamba_base_v2.py,118294.0,120501.0,L,9,5,3,33,21,0,0,0,75,10,15782.0,9,5,3,33,25,0,0,0,75,11,49308.0,9,5,3,13,27,0,18,0,75,11,97728.0,447,402,45,0,7,6,71,187,12,267,2,155.0,36023,856,3,11967,411,671,0,0,-1,32369,309,383,15102,72,250,5796,106,361,61904,423,197,33556,194,150,17234,397,31,213951,148727
112346747,0,washamba_base_v2.py,OPP:Farmula One,144964.0,135220.0,W,6,17,0,33,20,0,0,0,100,13,8164.0,6,17,0,33,25,0,0,0,100,13,45912.0,6,17,0,13,31,0,14,0,100,13,107400.0,298,289,5,4,7,5,60,188,13,304,3,138.0,13086,356,50,2509,85,674,0,0,-1,22404,254,386,15048,72,249,0,0,-1,29635,210,196,101252,422,151,13402,383,31,197336,168339
112346747,1,OPP:Farmula One,washamba_base_v2.py,135220.0,144964.0,L,6,11,0,33,20,0,0,0,75,11,15259.0,6,17,0,33,25,0,0,0,100,13,40519.0,6,17,0,13,27,0,18,0,100,13,105906.0,550,474,76,0,7,6,73,189,14,311,3,153.0,31404,871,3,12861,407,671,0,0,-1,27491,301,382,15114,72,250,0,0,-1,42379,313,197,183391,763,150,18273,626,31,330913,268375
112346760,0,washamba_base_v1_fork.py,OPP:shawnYiB,80861.0,79334.0,W,6,11,0,33,20,0,0,0,75,11,13896.0,6,11,0,33,25,0,0,0,75,11,42557.0,6,11,0,13,17,0,28,0,75,12,65776.0,354,304,46,4,7,5,47,193,12,283,2,145.0,26402,667,50,41157,681,578,0,0,-1,21265,289,386,15072,72,249,0,0,-1,11631,273,196,38898,292,151,14285,370,31,168710,86866
112346760,1,OPP:shawnYiB,washamba_base_v1_fork.py,79334.0,80861.0,L,4,11,2,33,17,0,0,0,75,11,13006.0,4,11,2,33,25,0,0,0,75,11,41167.0,3,11,2,13,27,0,19,0,75,12,63833.0,514,446,68,0,6,6,64,180,11,284,2,146.0,41825,1067,2,30838,510,667,0,0,-1,26201,348,382,15072,72,249,5904,100,339,8317,200,196,61763,579,150,20449,521,31,210369,117257
112347961,0,OPP:narihz,washamba_base_v1_fork.py,109085.0,110109.0,L,8,6,3,33,21,0,0,0,75,10,14198.0,8,6,3,33,25,0,0,0,75,11,35138.0,8,6,3,13,27,10,18,0,100,13,73784.0,457,416,41,0,7,6,77,188,12,286,3,155.0,36198,868,3,24380,454,671,15974,110,639,73469,321,383,15102,72,250,5567,105,361,22043,330,197,6164,122,150,16935,379,31,215832,138319
112347961,1,washamba_base_v1_fork.py,OPP:narihz,110109.0,109085.0,W,8,6,3,33,21,0,0,0,75,10,14788.0,8,6,3,33,25,0,0,0,75,11,35106.0,8,6,3,13,27,10,18,0,100,13,75206.0,458,415,39,4,7,5,77,190,12,286,3,138.0,36279,860,50,25274,472,671,15974,110,639,69241,301,383,15102,72,250,5817,110,361,22460,339,197,6111,123,150,16790,368,31,213048,134705
112347966,0,washamba_base_v2.py,OPP:Chiranjith,89918.0,87774.0,W,6,6,5,33,21,0,0,0,75,11,14005.0,6,6,5,33,25,0,0,0,75,11,33393.0,6,6,5,13,27,10,18,0,100,11,57961.0,347,337,6,4,7,5,72,191,13,283,3,138.0,17392,432,50,4032,91,674,12772,80,647,25420,283,383,15102,72,250,7578,156,265,29689,211,197,12260,150,150,16558,330,31,140803,102821
112347966,1,OPP:Chiranjith,washamba_base_v2.py,87774.0,89918.0,L,7,6,4,33,21,0,0,0,75,11,13299.0,7,6,4,33,25,0,0,0,75,11,33114.0,7,6,4,13,27,10,18,0,100,11,57015.0,448,413,35,0,7,6,70,190,13,287,3,155.0,29761,756,3,18128,407,671,16112,110,647,24643,279,383,15102,72,250,7792,166,270,49561,317,197,13951,180,150,17506,382,31,192556,127161
112349163,0,OPP:PursueML,washamba_base_v1_fork.py,141654.0,144029.0,L,9,5,3,33,21,0,0,0,75,10,14439.0,9,5,3,33,25,0,0,0,75,11,43234.0,9,5,3,13,27,0,18,0,75,11,105654.0,487,451,36,0,5,5,117,178,12,268,2,150.0,81930,2077,51,22156,440,671,0,0,-1,70616,332,383,15102,72,250,4220,96,361,100573,442,197,6056,110,150,17077,406,31,317730,196567
112349163,1,washamba_base_v1_fork.py,OPP:PursueML,144029.0,141654.0,W,9,5,3,33,21,0,0,0,75,10,16124.0,9,5,3,33,25,0,0,0,75,11,44496.0,9,5,3,13,27,0,18,0,75,11,108282.0,444,400,40,4,7,5,75,189,12,268,2,141.0,33007,867,50,26072,520,671,0,0,-1,66972,314,383,15102,72,250,4801,110,361,85486,372,197,6148,110,150,16734,386,31,254322,178509
112349175,0,washamba_base_v2.py,OPP:RB25det,90262.0,91099.0,L,6,11,0,33,20,0,0,0,75,11,13902.0,6,17,0,33,25,0,0,0,100,12,34054.0,6,17,0,13,31,0,14,0,100,13,80034.0,297,290,3,4,7,5,57,188,13,299,3,136.0,13191,361,50,2577,85,674,0,0,-1,13208,254,385,15048,72,249,0,0,-1,7158,174,196,73261,395,151,15725,379,31,140168,108675
112349175,1,OPP:RB25det,washamba_base_v2.py,91099.0,90262.0,W,4,12,1,17,24,0,0,2,75,10,12491.0,4,14,1,28,22,4,0,2,75,11,41477.0,4,11,1,15,35,3,6,0,75,11,77655.0,319,306,13,0,9,6,70,137,13,280,2,5.0,49159,1302,51,5902,198,689,2778,43,521,16268,405,390,44112,197,250,2527,38,403,7441,201,196,76081,412,151,18138,373,31,222406,149207
112350364,0,OPP:Tomas Escobar Rivera,washamba_base_v1_fork.py,96963.0,99521.0,L,8,6,3,33,21,0,0,0,75,10,13368.0,8,6,3,33,25,0,0,0,75,11,35580.0,8,6,3,13,27,10,18,0,100,13,69866.0,442,401,41,0,7,5,75,188,12,286,3,175.0,33127,851,51,21886,454,671,11244,110,639,64859,317,383,15432,72,250,6177,107,361,15103,303,197,6171,121,150,16929,379,31,190928,118986
112350364,1,washamba_base_v1_fork.py,OPP:Tomas Escobar Rivera,99521.0,96963.0,W,8,6,3,33,21,0,0,0,75,10,15276.0,8,6,3,33,25,0,0,0,75,11,37222.0,8,6,3,13,27,10,18,0,100,13,72744.0,479,433,41,5,7,5,75,189,12,286,3,196.0,34107,873,50,22687,472,671,11244,110,639,65280,314,383,15432,72,250,6340,110,361,15573,328,197,6134,122,150,16790,368,31,193587,120003
112350381,0,washamba_base_v2.py,OPP:Baiqing Wang,134189.0,131349.0,W,9,5,3,33,21,0,0,0,75,10,15941.0,9,5,3,33,25,0,0,0,75,11,43040.0,9,5,3,13,27,10,18,0,100,13,84930.0,350,336,9,5,7,5,76,189,12,284,3,179.0,16735,397,50,4060,96,674,22592,80,639,29715,286,383,15102,72,250,3988,91,361,58254,270,197,15821,124,150,16750,348,31,183017,145472
112350381,1,OPP:Baiqing Wang,washamba_base_v2.py,131349.0,134189.0,L,9,5,3,33,21,0,0,0,75,10,15095.0,9,5,3,33,25,0,0,0,75,11,42907.0,9,5,3,13,27,10,18,0,100,13,82983.0,451,405,46,0,7,5,77,188,12,286,3,133.0,31809,761,51,19600,454,671,29012,110,639,30230,333,383,15102,72,250,4594,105,361,82043,367,197,22859,171,150,17224,385,31,252473,183840
112350954,0,washamba_base_v2.py,OPP:ГИМНАЗИЯ14ЙОШКАРОЛА,111182.0,111035.0,W,6,6,5,33,21,0,0,0,75,10,13154.0,6,6,5,33,25,0,0,0,75,11,32955.0,6,6,5,13,27,0,18,0,75,11,83143.0,381,371,5,5,7,5,89,188,12,268,2,154.0,81829,1807,50,4481,97,674,0,0,-1,64569,264,383,15102,72,250,8849,163,265,13943,194,197,6103,99,150,16160,345,31,211036,108566
112350954,1,OPP:ГИМНАЗИЯ14ЙОШКАРОЛА,washamba_base_v2.py,111035.0,111182.0,L,6,6,5,33,21,0,0,0,75,10,12317.0,6,6,5,33,25,0,0,0,75,11,33369.0,6,6,5,13,27,0,18,0,75,11,82239.0,337,334,2,2,7,5,90,187,12,268,2,138.0,80163,1780,51,4358,94,674,0,0,-1,60949,249,383,15102,72,250,7837,144,313,12566,174,197,6156,94,150,16039,340,31,203170,102610
112351642,0,OPP:Khalid,washamba_base_v2.py,103398.0,90376.0,W,8,6,3,33,21,0,0,0,75,10,15557.0,8,6,3,33,25,0,0,0,75,11,41399.0,8,6,3,13,27,0,18,0,75,11,82323.0,445,402,43,0,7,5,72,187,12,264,2,164.0,28535,829,51,21078,454,671,0,0,-1,65782,321,383,15102,72,250,6957,107,361,20435,308,197,6274,124,150,19275,393,31,183438,114550
112351642,1,washamba_base_v2.py,OPP:Khalid,90376.0,103398.0,L,5,5,3,30,21,0,0,0,75,10,12971.0,5,5,3,30,25,0,0,0,75,11,34073.0,5,5,3,13,27,0,18,0,75,11,71185.0,357,333,20,4,7,5,70,187,12,264,2,51.0,17282,467,50,4689,103,674,0,0,-1,50290,244,383,15102,72,250,5857,92,361,12401,149,197,5937,91,150,15934,308,31,127492,89587
112351658,0,washamba_base_v1_fork.py,OPP:Konstantin Zhar,119157.0,116705.0,W,6,6,5,33,21,0,0,0,75,10,14140.0,6,6,5,33,25,0,0,0,75,11,35653.0,6,6,5,13,18,10,27,0,100,13,76015.0,472,422,46,4,7,5,69,184,12,288,3,138.0,49204,1164,50,36922,540,602,19652,110,643,68728,297,383,15102,72,250,8851,211,265,36686,339,197,6264,130,150,16253,356,31,257662,155283
112351658,1,OPP:Konstantin Zhar,washamba_base_v1_fork.py,116705.0,119157.0,L,6,6,5,33,21,0,0,0,75,10,13390.0,6,6,5,33,25,0,0,0,75,11,34997.0,6,6,5,13,27,10,18,0,100,13,74410.0,478,435,43,0,7,6,68,190,12,288,3,155.0,51134,1250,3,28141,411,671,19652,110,643,75743,330,383,15102,72,250,8710,208,265,35600,331,197,6266,130,150,16584,374,31,256932,161073
112351686,0,OPP:Xiangsong Tian,washamba_base_v2.py,112248.0,114176.0,L,8,6,3,33,21,0,0,0,75,10,15150.0,8,6,3,33,25,0,0,0,75,11,39800.0,8,6,3,13,27,0,18,0,75,11,84853.0,441,398,43,0,7,6,74,187,12,267,2,153.0,33479,862,3,19427,472,671,0,0,-1,56626,322,383,15102,72,250,5497,104,361,52374,347,197,13692,174,150,16792,394,31,212989,143291
112351686,1,washamba_base_v2.py,OPP:Xiangsong Tian,114176.0,112248.0,W,8,6,3,33,21,0,0,0,75,10,15712.0,8,6,3,33,25,0,0,0,75,11,39876.0,8,6,3,13,27,0,18,0,75,11,87071.0,356,343,9,4,7,5,74,188,12,267,2,138.0,16473,414,50,3895,97,674,0,0,-1,49611,276,383,15102,72,250,4694,89,361,37896,259,197,11376,131,150,16476,352,31,155523,118679
112352775,0,washamba_base_v1_fork.py,OPP:Deskbo,115346.0,112755.0,W,9,5,3,33,21,0,0,0,75,10,16755.0,9,5,3,33,25,0,0,0,75,11,44728.0,9,5,3,13,27,0,18,0,75,11,94719.0,475,429,41,5,7,5,86,188,12,267,2,196.0,76087,1843,50,20550,446,671,0,0,-1,62248,317,383,15432,72,250,5615,105,361,42882,422,197,6104,112,150,16742,378,31,245660,132281
112352775,1,OPP:Deskbo,washamba_base_v1_fork.py,112755.0,115346.0,L,9,5,3,33,21,0,0,0,75,10,14847.0,9,5,3,33,25,0,0,0,75,11,43126.0,9,5,3,13,27,0,18,0,75,11,92037.0,454,411,43,0,7,5,86,187,12,267,2,175.0,74201,1799,51,20371,441,671,0,0,-1,61187,315,383,15432,72,250,5623,105,361,37493,358,197,6112,112,150,16882,389,31,237301,125847
112352794,0,OPP:ElephtAI,washamba_base_v2.py,94946.0,86090.0,W,8,6,3,33,21,0,0,0,75,10,15434.0,8,6,3,33,25,0,0,0,75,11,40928.0,8,6,3,13,27,10,18,0,100,13,62852.0,468,422,46,0,7,5,74,188,12,284,3,164.0,30460,759,51,27261,457,671,23784,110,639,32997,330,383,15102,72,250,5571,107,361,20547,314,197,19180,201,150,19742,385,31,194644,117181
112352794,1,washamba_base_v2.py,OPP:ElephtAI,86090.0,94946.0,L,5,5,3,30,21,0,0,0,75,10,12887.0,5,5,3,30,25,0,0,0,75,11,33519.0,5,5,3,13,27,10,18,0,100,13,53412.0,352,326,22,4,7,5,72,187,12,282,3,49.0,17538,425,50,6788,116,674,18834,80,639,28013,244,383,15102,72,250,4715,91,361,12331,145,197,13204,134,150,16191,305,31,132716,92199
112353034,0,OPP:emreaydin,washamba_base_v1_fork.py,137958.0,137384.0,W,10,4,3,33,21,0,0,0,75,10,15382.0,10,4,3,33,25,0,0,0,75,11,46425.0,10,4,3,13,27,0,18,0,75,11,109221.0,450,389,61,0,6,6,73,189,12,266,2,146.0,27344,827,2,21780,472,671,0,0,-1,71903,310,383,15102,72,250,5296,106,361,89625,688,197,23216,148,150,16395,374,31,270661,205142
112353034,1,washamba_base_v1_fork.py,OPP:emreaydin,137384.0,137958.0,L,9,5,3,33,21,0,0,0,75,10,16367.0,9,5,3,33,25,0,0,0,75,11,46405.0,9,5,3,13,27,0,18,0,75,11,108359.0,457,412,41,4,7,5,74,189,12,266,2,145.0,26647,783,50,24424,536,671,0,0,-1,70100,301,383,15102,72,250,5678,113,361,54049,427,197,26711,178,150,16295,384,31,239006,171640
112354017,0,washamba_base_v1_fork.py,OPP:Nana Bast,75570.0,67533.0,W,8,9,0,33,21,0,0,0,75,10,15563.0,8,15,0,33,25,0,0,0,100,12,33539.0,8,15,0,13,27,0,18,0,100,12,58821.0,481,428,48,5,7,5,91,191,13,291,3,153.0,31812,775,50,30455,536,671,0,0,-1,8172,347,383,15432,72,250,0,0,-1,21843,347,197,50271,383,150,15197,447,31,173182,95718
112354017,1,OPP:Nana Bast,washamba_base_v1_fork.py,67533.0,75570.0,L,8,9,0,33,21,0,0,0,75,10,13158.0,8,15,0,33,25,0,0,0,100,13,28336.0,8,15,0,13,27,0,18,0,100,13,52542.0,533,469,57,7,7,5,92,187,13,301,3,258.0,32619,801,51,26077,454,671,0,0,-1,7887,324,383,14568,66,250,0,0,-1,19619,294,197,48568,368,150,15548,503,31,164886,90642
112354096,0,washamba_base_v2.py,OPP:AM,55381.0,53464.0,W,6,6,5,33,21,0,0,0,75,10,13527.0,6,6,5,33,25,0,0,0,75,11,26463.0,6,6,5,13,27,0,18,0,75,11,39437.0,368,353,11,4,7,5,71,188,12,267,2,138.0,17189,431,50,6233,121,674,0,0,-1,7298,288,383,15102,72,250,9618,158,265,5671,169,197,12078,133,150,16411,363,31,89600,49767
112354096,1,OPP:AM,washamba_base_v2.py,53464.0,55381.0,L,6,6,5,33,21,0,0,0,75,10,12882.0,6,6,5,33,25,0,0,0,75,11,26470.0,6,6,5,13,27,0,18,0,75,11,37730.0,465,424,41,0,7,6,71,187,12,267,2,155.0,33021,876,3,25058,472,671,0,0,-1,6848,314,383,15102,72,250,12341,199,358,6200,248,197,14432,175,150,16693,395,31,129695,54923
112354367,0,OPP:cherish_zhang,washamba_base_v1_fork.py,64553.0,66718.0,L,6,6,5,33,21,0,0,0,75,10,13156.0,6,6,5,33,25,0,0,0,75,11,31613.0,6,6,5,13,27,0,18,0,75,11,45535.0,382,371,11,0,7,6,108,189,12,268,2,153.0,160954,3692,3,6286,95,674,0,0,-1,14405,284,383,15102,72,250,7240,156,265,20121,231,197,6243,107,150,15805,341,31,246156,63111
112354367,1,washamba_base_v1_fork.py,OPP:cherish_zhang,66718.0,64553.0,W,6,6,5,33,21,0,0,0,75,10,13934.0,6,6,5,33,25,0,0,0,75,11,31101.0,6,6,5,13,18,0,27,0,75,11,45996.0,513,464,45,4,7,5,107,183,12,268,2,138.0,175544,4033,50,40577,609,530,0,0,-1,16594,351,383,15102,72,250,9506,208,265,30660,343,197,6271,129,150,16148,386,31,310402,78133
112355172,0,OPP:TeamNexus,washamba_base_v1_fork.py,119800.0,118461.0,W,6,17,0,33,20,0,0,0,100,13,7082.0,6,17,0,33,25,0,0,0,100,13,45453.0,6,17,0,13,31,0,14,0,100,13,92437.0,298,290,4,4,7,5,70,187,13,305,3,141.0,15570,389,50,6348,109,674,0,0,-1,15738,258,386,15072,72,249,0,0,-1,18877,189,196,92022,420,151,14022,403,31,177649,141709
112355172,1,washamba_base_v1_fork.py,OPP:TeamNexus,118461.0,119800.0,L,6,17,0,33,20,0,0,0,100,13,8064.0,6,17,0,33,25,0,0,0,100,13,45119.0,6,17,0,13,31,0,14,0,100,13,91445.0,405,348,53,4,7,5,61,190,13,305,3,141.0,28035,731,50,28503,480,671,0,0,-1,15674,301,386,15072,72,249,0,0,-1,25826,286,196,111899,539,151,14050,425,31,239059,168471
112355184,0,OPP:Dmitry Kozlov,washamba_base_v2.py,90151.0,95369.0,L,6,10,0,33,20,0,0,0,75,11,14249.0,6,10,0,33,25,0,0,0,75,11,39586.0,6,10,0,13,27,0,18,0,75,12,66926.0,504,423,81,0,7,6,56,189,12,284,2,153.0,41895,1115,3,29610,498,671,0,0,-1,35296,346,382,15114,72,250,0,0,-1,9976,277,197,86598,584,150,19737,506,31,238226,146984
112355184,1,washamba_base_v2.py,OPP:Dmitry Kozlov,95369.0,90151.0,W,6,11,0,33,20,0,0,0,75,11,13729.0,6,11,0,33,22,0,3,0,75,11,41901.0,6,11,0,13,22,0,23,0,75,12,71484.0,264,253,6,5,7,5,47,188,12,281,2,138.0,10618,281,50,12111,203,506,0,0,-1,25942,253,386,15048,72,249,0,0,-1,8944,190,196,47783,289,151,14355,344,31,134801,97717
112356363,0,OPP:Sarthak Sharma ,washamba_base_v1_fork.py,96080.0,98785.0,L,8,6,3,33,21,0,0,0,75,10,14252.0,8,6,3,33,25,0,0,0,75,11,34640.0,8,6,3,13,27,0,18,0,75,11,74438.0,362,349,13,0,7,6,74,187,12,267,2,155.0,16566,469,3,6402,99,674,0,0,-1,56863,276,383,15102,72,250,4619,84,361,11845,204,197,6166,104,150,16254,353,31,133817,94595
112356363,1,washamba_base_v1_fork.py,OPP:Sarthak Sharma ,98785.0,96080.0,W,8,6,3,33,21,0,0,0,75,10,14830.0,8,6,3,33,25,0,0,0,75,11,34658.0,8,6,3,13,18,0,27,0,75,11,75567.0,463,417,42,4,7,5,75,180,12,267,2,138.0,26022,747,50,42352,651,578,0,0,-1,62437,301,383,15102,72,250,5053,92,361,13305,316,197,6103,123,150,16555,398,31,186929,102000
112356384,0,washamba_base_v2.py,OPP:fumiya utsuno,68346.0,62423.0,W,8,6,3,33,21,0,0,0,75,10,14909.0,8,6,3,33,25,0,0,0,75,11,32760.0,8,6,3,13,18,0,27,0,75,11,48674.0,347,336,7,4,7,5,77,177,12,267,2,138.0,14216,381,50,16959,193,578,0,0,-1,20135,285,383,15102,72,250,4895,88,361,10315,195,197,6105,101,150,16423,371,31,104150,56552
112356384,1,OPP:fumiya utsuno,washamba_base_v2.py,62423.0,68346.0,L,8,6,3,33,21,0,0,0,75,10,14303.0,8,6,3,33,25,0,0,0,75,11,32671.0,8,6,3,13,27,0,18,0,75,11,46346.0,474,431,43,0,7,6,76,187,12,267,2,153.0,29916,878,3,45721,513,671,0,0,-1,19633,320,383,15102,72,250,5991,106,361,11140,280,197,6180,122,150,16556,394,31,150239,58046
112356507,0,washamba_base_v1_fork.py,OPP:underline12311,159206.0,160030.0,L,12,5,0,33,21,0,0,0,75,10,16257.0,12,5,0,33,25,0,0,0,75,11,46157.0,12,5,0,13,27,0,18,0,75,11,120885.0,408,367,37,4,7,5,76,188,12,266,2,136.0,29283,873,50,14160,486,671,0,0,-1,68181,314,383,15102,72,250,0,0,-1,108201,422,197,6104,110,150,16230,393,31,257261,197588
112356507,1,OPP:underline12311,washamba_base_v1_fork.py,160030.0,159206.0,W,12,5,0,33,21,0,0,0,75,10,16265.0,12,5,0,33,25,0,0,0,75,11,46165.0,12,5,0,13,27,0,18,0,75,11,121416.0,320,306,10,4,7,5,76,188,12,266,2,144.0,14468,409,50,2785,97,674,0,0,-1,61715,283,383,15102,72,250,0,0,-1,82176,326,197,6075,93,150,16109,354,31,198430,165068
112357620,0,washamba_base_v2.py,OPP:Yassine Chritt,109488.0,106582.0,W,8,6,3,33,21,0,0,0,75,10,15261.0,8,6,3,33,25,0,0,0,75,11,42764.0,8,6,3,13,27,10,18,0,100,13,80065.0,353,340,8,5,7,5,78,189,12,284,3,154.0,17373,410,50,4836,96,674,12634,80,639,48191,282,383,15102,72,250,3956,89,361,21404,253,197,20425,168,150,16676,344,31,160597,121712
112357620,1,OPP:Yassine Chritt,washamba_base_v2.py,106582.0,109488.0,L,8,6,3,33,21,0,0,0,75,10,14637.0,8,6,3,33,25,0,0,0,75,11,42884.0,8,6,3,13,27,10,18,0,100,13,77101.0,466,425,37,4,7,5,78,188,12,286,3,138.0,32904,776,51,23055,454,671,15974,110,639,52037,322,383,15102,72,250,4601,103,361,25098,317,197,20781,196,150,17169,380,31,206721,133593
112357630,0,washamba_base_v1_fork.py,OPP:Suzuki Yuto - W,104927.0,123546.0,L,9,4,0,30,21,0,0,0,75,10,12674.0,9,4,0,30,25,0,0,0,75,11,38368.0,9,4,0,13,27,0,18,0,75,11,79621.0,406,349,53,4,7,5,72,192,12,264,2,2.0,27725,760,50,28761,532,671,0,0,-1,11730,323,383,15102,72,250,0,0,-1,71086,343,197,38087,169,150,16601,344,31,209092,136005
112357630,1,OPP:Suzuki Yuto - W,washamba_base_v1_fork.py,123546.0,104927.0,W,9,5,3,33,21,0,0,0,75,10,16081.0,9,5,3,33,25,0,0,0,75,11,49676.0,9,5,3,13,27,0,18,0,75,11,95263.0,428,392,36,0,7,5,74,189,12,264,2,164.0,25762,741,51,24764,454,671,0,0,-1,12124,318,383,15102,72,250,4866,106,361,76622,369,197,43765,194,150,19148,391,31,222153,152479
112358822,0,OPP:XiaoXiaoJ,washamba_base_v2.py,64256.0,70500.0,L,6,6,5,33,21,0,0,0,75,10,13536.0,6,6,5,33,25,0,0,0,75,11,29314.0,6,6,5,13,20,10,25,0,100,13,36930.0,501,456,45,0,5,5,70,189,12,285,3,150.0,28605,742,51,46710,482,665,13588,110,639,10156,311,383,15102,72,250,8560,202,355,11563,269,197,18505,193,150,16561,384,31,169350,77474
112358822,1,washamba_base_v2.py,OPP:XiaoXiaoJ,70500.0,64256.0,W,6,6,5,33,21,0,0,0,75,10,14062.0,6,6,5,33,18,0,7,0,75,11,29198.0,6,6,5,13,10,10,35,0,100,13,40082.0,363,348,10,5,7,5,74,174,12,283,3,141.0,10829,284,50,22704,236,242,9828,75,639,10729,272,383,15102,72,250,6624,156,265,10223,195,197,15727,146,150,16123,352,31,117889,68233
112358825,0,washamba_base_v1_fork.py,OPP:Azamaro,132246.0,123132.0,W,12,5,0,33,21,0,0,0,75,10,16637.0,12,5,0,33,25,0,0,0,75,11,45621.0,12,5,0,13,27,0,18,0,75,11,105075.0,417,371,41,5,7,5,74,188,12,266,2,196.0,29404,843,50,20559,486,671,0,0,-1,50691,344,383,15432,72,250,0,0,-1,82272,422,197,12512,138,150,16260,394,31,227130,160907
112358825,1,OPP:Azamaro,washamba_base_v1_fork.py,123132.0,132246.0,L,9,5,3,33,21,0,0,0,75,10,15045.0,9,5,3,33,25,0,0,0,75,11,45319.0,9,5,3,13,27,0,18,0,75,11,98225.0,431,391,40,0,7,5,74,187,12,266,2,173.0,28533,825,51,20006,472,671,0,0,-1,46826,322,383,15432,72,250,5799,106,361,72185,372,197,12561,138,150,16303,394,31,217645,152803
112360049,0,washamba_base_v2.py,OPP:prairieee,158556.0,159260.0,L,12,5,0,33,21,0,0,0,75,10,16257.0,12,5,0,33,25,0,0,0,75,11,46386.0,12,5,0,13,27,0,18,0,75,11,119988.0,324,310,10,4,7,5,76,188,12,266,2,136.0,12546,371,50,4798,122,674,0,0,-1,58455,283,383,15102,72,250,0,0,-1,76151,326,197,16009,118,150,16187,372,31,199248,165717
112360049,1,OPP:prairieee,washamba_base_v2.py,159260.0,158556.0,W,12,5,0,33,21,0,0,0,75,10,16265.0,12,5,0,33,25,0,0,0,75,11,46394.0,12,5,0,13,27,0,18,0,75,11,120076.0,319,306,9,4,7,5,76,186,12,266,2,144.0,12546,371,50,4798,122,674,0,0,-1,58740,283,383,15102,72,250,0,0,-1,76270,326,197,16015,118,150,16187,372,31,199658,166127
112360055,0,washamba_base_v1_fork.py,OPP:Liquidus,77661.0,73604.0,W,6,4,7,33,21,0,0,0,75,10,13913.0,6,4,7,33,25,0,0,0,75,11,32012.0,6,4,7,13,27,0,18,0,75,12,60117.0,393,355,34,4,7,5,74,190,12,272,2,141.0,36854,880,50,19305,427,671,0,0,-1,33684,276,383,15102,72,250,17338,291,265,6081,210,197,6297,79,150,17232,368,31,151893,78502
112360055,1,OPP:Liquidus,washamba_base_v1_fork.py,73604.0,77661.0,L,8,4,5,33,21,0,0,0,75,10,12996.0,8,4,5,33,25,0,0,0,75,11,30595.0,8,4,5,13,27,0,18,0,75,12,57194.0,371,280,31,91,6,6,75,189,12,273,2,151.0,19456,460,32,3957,88,674,0,0,-1,30345,252,383,15102,72,250,8671,147,337,5889,180,197,6290,72,150,16966,341,31,106676,66297
112361332,0,OPP:Hanserong,washamba_base_v1_fork.py,69887.0,72818.0,L,8,6,3,33,21,0,0,0,75,10,14255.0,8,6,3,33,25,0,0,0,75,11,35345.0,8,6,3,13,27,0,18,0,75,11,55096.0,319,316,2,2,7,5,71,187,12,266,2,138.0,12057,382,51,6007,93,674,0,0,-1,19427,249,383,15102,72,250,4582,86,361,15706,206,197,14248,149,150,15737,332,31,102866,69065
112361332,1,washamba_base_v1_fork.py,OPP:Hanserong,72818.0,69887.0,W,8,6,3,33,21,0,0,0,75,10,14852.0,8,6,3,33,25,0,0,0,75,11,35842.0,8,6,3,13,18,0,27,0,75,11,56111.0,462,410,47,5,7,5,71,181,12,267,2,154.0,21566,771,50,37394,578,626,0,0,-1,24744,328,383,15102,72,250,5156,97,361,22824,350,197,18660,209,150,16668,398,31,162114,86486
112361337,0,OPP:Kunal Desale,washamba_base_v2.py,142121.0,153675.0,L,9,5,3,33,21,0,0,0,75,10,15819.0,9,5,3,33,25,0,0,0,75,11,46874.0,9,5,3,13,27,0,18,0,75,11,107960.0,345,330,15,0,7,6,71,187,12,267,2,155.0,15691,431,3,3788,95,674,0,0,-1,51867,273,383,15102,72,250,3758,81,361,78053,308,197,6098,92,150,16528,353,31,190885,154878
112361337,1,washamba_base_v2.py,OPP:Kunal Desale,153675.0,142121.0,W,12,5,0,33,21,0,0,0,75,10,16013.0,12,5,0,33,25,0,0,0,75,11,45625.0,12,5,0,13,27,0,18,0,75,11,116675.0,323,306,13,4,7,5,71,187,12,267,2,138.0,16136,432,50,3905,98,674,0,0,-1,51789,272,383,15102,72,250,0,0,-1,85773,338,197,6051,91,150,16541,354,31,195297,158715
112362546,0,OPP:Mahmoud Nasser,washamba_base_v2.py,103395.0,106815.0,L,8,6,3,33,21,0,0,0,75,10,14644.0,8,6,3,33,25,0,0,0,75,11,39478.0,8,6,3,13,27,0,18,0,75,11,80148.0,451,407,44,0,7,6,77,187,12,268,2,155.0,37293,941,3,36696,495,671,0,0,-1,66687,327,383,15102,72,250,4686,105,361,18667,305,197,6139,121,150,17010,394,31,202280,111281
112362546,1,washamba_base_v2.py,OPP:Mahmoud Nasser,106815.0,103395.0,W,8,6,3,33,21,0,0,0,75,10,15239.0,8,6,3,33,25,0,0,0,75,11,39224.0,8,6,3,13,18,0,27,0,75,11,82013.0,343,331,8,4,7,5,78,177,12,268,2,138.0,15487,378,50,14140,190,601,0,0,-1,57156,274,383,15102,72,250,3858,87,361,18050,238,197,6101,101,150,16843,372,31,146737,100267
112362549,0,OPP:Shun Liou,washamba_base_v1_fork.py,106055.0,111585.0,L,6,6,5,33,21,0,0,0,75,10,13028.0,6,6,5,33,25,0,0,0,75,11,30667.0,6,6,5,13,27,10,18,0,100,12,66587.0,451,412,39,0,7,5,72,190,12,284,3,136.0,32316,783,51,36464,418,671,14180,110,647,58078,298,383,15102,72,250,8066,196,361,13714,261,197,21932,167,150,16978,392,31,216830,131072
112362549,1,washamba_base_v1_fork.py,OPP:Shun Liou,111585.0,106055.0,W,4,6,7,33,21,0,0,0,75,10,13599.0,4,6,7,33,18,0,7,0,75,11,31521.0,4,6,7,13,18,10,27,0,100,12,69641.0,475,424,46,5,7,5,73,183,12,284,3,154.0,28320,685,50,48538,564,458,14180,110,647,56932,288,383,15102,72,250,13227,316,265,11768,210,197,22661,175,150,16427,371,31,227155,133870
112363781,0,washamba_base_v1_fork.py,OPP:BraydenPikachu,104815.0,100087.0,W,6,11,0,33,20,0,0,0,75,11,15844.0,6,11,0,33,25,0,0,0,75,11,51169.0,6,11,0,13,31,0,14,0,75,12,80374.0,350,302,43,5,7,5,46,188,12,283,2,157.0,33813,812,50,18273,439,671,0,0,-1,22625,294,386,15048,72,249,0,0,-1,58984,279,196,31922,280,151,14475,369,31,195140,128579
112363781,1,OPP:BraydenPikachu,washamba_base_v1_fork.py,100087.0,104815.0,L,6,11,0,33,20,0,0,0,75,11,15395.0,6,11,0,33,25,0,0,0,75,11,50912.0,6,11,0,13,27,0,18,0,75,12,78415.0,490,414,76,0,7,5,63,189,13,283,2,138.0,42402,1024,51,19295,459,671,0,0,-1,23666,316,382,15114,72,250,0,0,-1,65657,311,197,47289,556,150,21221,534,31,234644,151726
112363788,0,OPP:junfan shen,washamba_base_v2.py,130982.0,130231.0,W,9,5,3,33,21,0,0,0,75,10,15763.0,9,5,3,33,25,0,0,0,75,11,49049.0,9,5,3,13,27,0,18,0,75,11,105245.0,338,330,8,0,7,6,74,187,12,266,2,155.0,16376,405,3,3794,94,674,0,0,-1,54673,285,383,15102,72,250,3922,79,361,32435,261,197,30515,148,150,17035,354,31,173852,136647
112363788,1,washamba_base_v2.py,OPP:junfan shen,130231.0,130982.0,L,7,6,3,33,21,0,0,0,75,10,14490.0,7,6,3,33,25,0,0,0,75,11,45539.0,7,6,3,13,27,0,18,0,75,11,103619.0,347,331,12,4,7,5,72,188,12,266,2,42.0,16783,406,50,3895,97,674,0,0,-1,50793,262,383,15102,72,250,4418,90,361,27354,221,197,33446,162,150,16170,337,31,167961,131113
112364993,0,OPP:Luon may Man,washamba_base_v2.py,96813.0,82828.0,W,6,11,0,33,20,0,0,0,75,11,15705.0,6,11,0,33,25,0,0,0,75,11,50623.0,6,11,0,13,27,10,18,0,100,12,70265.0,475,397,78,0,7,5,58,190,13,294,3,164.0,34888,867,51,24843,407,671,12814,110,647,20808,304,382,15114,72,250,0,0,-1,58287,310,197,50944,538,150,23321,495,31,241019,157967
112364993,1,washamba_base_v2.py,OPP:Luon may Man,82828.0,96813.0,L,3,10,0,32,20,0,0,0,75,11,12649.0,3,10,0,32,25,0,0,0,75,11,40297.0,3,10,0,13,17,10,28,0,100,12,55447.0,246,229,13,4,7,5,41,191,12,292,3,46.0,13063,328,50,9435,154,626,10074,80,647,17149,230,386,15048,72,249,0,0,-1,22914,121,196,32394,240,151,13896,278,31,133973,97579
112365000,0,OPP:Konstantin Zhar,washamba_base_v1_fork.py,75584.0,79580.0,L,7,6,4,33,21,0,0,0,75,11,13314.0,7,6,4,33,25,0,0,0,75,11,30626.0,7,6,4,13,27,10,18,0,100,11,42937.0,478,441,37,0,7,6,70,190,13,287,3,155.0,31669,806,3,31180,407,671,27658,110,647,20788,297,383,15102,72,250,7566,166,270,17267,315,197,6305,129,150,17324,382,31,174859,94686
112365000,1,washamba_base_v1_fork.py,OPP:Konstantin Zhar,79580.0,75584.0,W,6,6,5,33,21,0,0,0,75,11,13987.0,6,6,5,33,25,0,0,0,75,11,31203.0,6,6,5,13,18,10,27,0,100,11,44423.0,487,443,40,4,7,5,71,184,13,287,3,138.0,29716,745,50,38722,509,578,27658,110,647,22773,333,383,15102,72,250,9339,202,265,17343,308,197,6226,128,150,17064,367,31,183943,98441
112366176,0,washamba_base_v2.py,OPP:PeterDreamHan,103104.0,103920.0,L,8,6,3,33,21,0,0,0,75,10,15726.0,8,6,3,33,25,0,0,0,75,11,37527.0,8,6,3,13,26,0,19,0,75,11,81172.0,340,327,9,4,7,5,74,180,12,266,2,140.0,13678,398,50,5707,127,674,0,0,-1,58305,272,383,15102,72,250,5306,91,361,16540,224,197,10999,126,150,16443,375,31,142080,106252
112366176,1,OPP:PeterDreamHan,washamba_base_v2.py,103920.0,103104.0,W,8,6,3,33,21,0,0,0,75,10,15726.0,8,6,3,33,25,0,0,0,75,11,37527.0,8,6,3,13,18,0,27,0,75,11,81307.0,344,331,9,4,7,5,74,178,12,266,2,140.0,13052,379,50,7740,164,626,0,0,-1,57721,268,383,15102,72,250,4888,84,361,16703,228,197,11394,127,150,16467,378,31,143067,105808
112366181,0,washamba_base_v1_fork.py,OPP:David Mensah-Gbekor,103813.0,101050.0,W,6,4,7,33,21,0,0,0,75,10,13904.0,6,4,7,33,25,0,0,0,75,11,32842.0,6,4,7,13,27,0,18,0,75,12,79541.0,391,354,33,4,7,5,74,190,12,272,2,138.0,34403,868,50,20958,427,671,0,0,-1,62196,276,383,15102,72,250,16805,293,265,6281,210,197,6295,83,150,17232,368,31,179272,106679
112366181,1,OPP:David Mensah-Gbekor,washamba_base_v1_fork.py,101050.0,103813.0,L,8,4,5,33,21,0,0,0,75,10,12999.0,8,4,5,33,25,0,0,0,75,11,31427.0,8,4,5,13,27,0,18,0,75,12,76828.0,381,347,34,0,7,6,76,189,12,273,2,155.0,36619,930,3,21115,429,671,0,0,-1,61425,273,383,15102,72,250,10161,177,337,6783,255,197,6297,83,150,17624,382,31,175126,99768
112366619,0,washamba_base_v1_fork.py,OPP:Jalen ShiAo,52777.0,51739.0,W,8,6,3,33,21,0,0,0,75,10,14909.0,8,6,3,33,25,0,0,0,75,11,28661.0,8,6,3,13,26,0,19,0,75,11,37933.0,472,422,46,4,7,5,77,182,12,268,2,138.0,29624,795,50,32710,594,671,0,0,-1,6365,353,383,15102,72,250,6616,109,361,20208,330,197,6130,126,150,16730,389,31,133485,54421
112366619,1,OPP:Jalen ShiAo,washamba_base_v1_fork.py,51739.0,52777.0,L,8,6,3,33,21,0,0,0,75,10,14303.0,8,6,3,33,25,0,0,0,75,11,28551.0,8,6,3,13,27,0,18,0,75,11,36506.0,464,422,42,0,7,6,76,187,12,267,2,153.0,32086,885,3,27839,499,671,0,0,-1,6448,325,383,15102,72,250,6322,104,361,19671,322,197,6176,122,150,16766,393,31,130410,53719
112366944,0,washamba_base_v2.py,OPP:MD. Nazmus Sakib Anik,98838.0,101130.0,L,6,11,0,33,20,0,0,0,75,11,13868.0,6,11,0,33,25,0,0,0,75,11,44380.0,6,11,0,13,31,0,14,0,75,12,82072.0,256,246,6,4,7,5,44,188,12,281,2,140.0,15739,404,50,3215,87,674,0,0,-1,40563,259,386,15072,72,249,0,0,-1,14942,198,196,37413,274,151,14433,327,31,141377,107990
112366944,1,OPP:MD. Nazmus Sakib Anik,washamba_base_v2.py,101130.0,98838.0,W,6,11,0,33,20,0,0,0,75,11,13868.0,6,11,0,33,25,0,0,0,75,11,44464.0,6,11,0,13,31,0,14,0,75,12,83226.0,254,247,3,4,7,5,43,188,12,281,2,140.0,15739,404,50,3215,87,674,0,0,-1,40269,246,386,15072,72,249,0,0,-1,15133,198,196,38178,262,151,14431,325,31,142037,108652
112367403,0,OPP:Lord Momo,washamba_base_v2.py,102730.0,108007.0,L,9,5,3,33,21,0,0,0,75,10,15869.0,9,5,3,33,25,0,0,0,75,11,44009.0,9,5,3,13,27,0,18,0,75,11,83050.0,467,424,43,0,7,6,77,187,12,267,2,153.0,22311,864,3,39566,519,671,0,0,-1,61109,327,383,15102,72,250,4662,105,361,27158,340,197,6132,118,150,16530,393,31,192570,114163
112367403,1,washamba_base_v2.py,OPP:Lord Momo,108007.0,102730.0,W,9,5,3,33,21,0,0,0,75,10,16444.0,9,5,3,33,24,0,1,0,75,11,43623.0,9,5,3,13,12,0,33,0,75,11,85312.0,348,333,11,4,7,5,77,176,12,267,2,138.0,9980,304,50,16206,211,506,0,0,-1,51126,265,383,15102,72,250,3930,89,361,26241,275,197,6054,94,150,16388,370,31,145027,102453
112367404,0,washamba_base_v1_fork.py,OPP:yukio,96238.0,109549.0,L,4,4,5,31,21,0,0,0,75,10,11667.0,4,4,5,31,25,0,0,0,75,11,29197.0,4,4,5,13,18,0,27,0,75,11,71440.0,514,433,77,4,7,5,104,184,12,265,2,5.0,171813,4014,50,34893,553,626,0,0,-1,62013,295,383,15102,72,250,11324,208,265,4866,174,197,17817,135,150,15879,340,31,333707,111122
112367404,1,OPP:yukio,washamba_base_v1_fork.py,109549.0,96238.0,W,6,6,5,33,21,0,0,0,75,10,13310.0,6,6,5,33,25,0,0,0,75,11,34973.0,6,6,5,13,27,0,18,0,75,11,82462.0,502,457,45,0,7,5,105,189,12,265,2,164.0,170544,4041,51,27696,438,671,0,0,-1,71387,341,383,15102,72,250,12080,222,265,8343,242,197,26321,200,150,18484,386,31,349957,133233
112368562,0,OPP:Aurora,washamba_base_v1_fork.py,101393.0,104185.0,L,8,6,3,33,21,0,0,0,75,10,13240.0,8,6,3,33,25,0,0,0,75,11,34207.0,8,5,3,13,27,0,18,0,75,11,77541.0,422,388,34,0,5,5,72,189,12,271,2,92.0,27063,872,51,37014,520,671,0,0,-1,58952,264,383,15102,72,250,5391,107,361,15572,312,197,6208,112,150,16983,393,31,182285,101225
112368562,1,washamba_base_v1_fork.py,OPP:Aurora,104185.0,101393.0,W,8,6,3,33,21,0,0,0,75,10,15044.0,8,6,3,33,25,0,0,0,75,11,35244.0,8,6,3,13,18,0,27,0,75,11,78888.0,464,421,39,4,7,5,76,180,12,268,2,141.0,24347,756,50,46016,648,601,0,0,-1,69573,314,383,15102,72,250,4723,93,361,16562,338,197,6159,123,150,16939,398,31,199421,112119
112368570,0,washamba_base_v2.py,OPP:Chiranjith,96402.0,90998.0,W,6,6,5,33,21,0,0,0,75,11,14005.0,6,6,5,33,25,0,0,0,75,11,32155.0,6,6,5,13,26,10,19,0,100,12,64123.0,344,334,6,4,7,5,73,183,13,284,3,138.0,18202,458,50,6659,113,674,14350,80,647,47993,268,383,15102,72,250,8356,158,265,8596,203,197,6218,112,150,16908,346,31,142384,100615
112368570,1,OPP:Chiranjith,washamba_base_v2.py,90998.0,96402.0,L,7,6,4,33,21,0,0,0,75,11,13316.0,7,6,4,33,25,0,0,0,75,11,31519.0,7,6,4,13,27,10,18,0,100,11,60866.0,467,430,37,0,7,6,70,190,13,287,3,155.0,31238,817,3,24324,407,671,18590,110,647,49965,288,383,15102,72,250,8688,166,270,10812,283,197,6293,129,150,17603,382,31,182615,109450
112369485,0,OPP:宣城市机械电子职业技术学院,w0_v15stack_control.py,22201.0,119171.0,L,6,3,0,12,1,0,0,9,50,8,136.0,8,5,0,31,4,0,0,0,75,11,4288.0,8,5,0,24,5,0,0,0,75,11,10640.0,162,162,0,0,1,1,50,32,8,240,2,0.0,17002,342,241,0,0,-1,0,0,-1,22687,104,433,9114,48,300,0,0,-1,7071,201,197,5180,126,169,7507,131,54,68561,44052
112369485,1,w0_v15stack_control.py,OPP:宣城市机械电子职业技术学院,119171.0,22201.0,W,6,4,7,33,21,0,0,0,75,10,18168.0,6,4,7,33,25,0,0,0,75,11,42211.0,6,4,7,13,27,0,18,0,75,12,91146.0,303,296,3,4,7,5,75,189,12,272,2,150.0,20928,425,50,4274,94,674,0,0,-1,56671,255,383,17928,72,250,13531,225,265,10724,165,197,6919,85,150,21944,333,31,152919,105773
112369803,0,washamba_base_v1_fork.py,OPP:RAVEN,115948.0,113193.0,W,9,5,3,33,21,0,0,0,75,10,16265.0,9,5,3,33,25,0,0,0,75,11,45137.0,9,5,3,13,27,0,18,0,75,11,91885.0,456,407,45,4,7,5,71,188,12,267,2,138.0,32571,866,50,17838,419,671,0,0,-1,44276,325,383,15102,72,250,5791,107,361,78226,441,197,12988,139,150,17126,382,31,223918,156383
112369803,1,OPP:RAVEN,washamba_base_v1_fork.py,113193.0,115948.0,L,9,5,3,33,21,0,0,0,75,10,15674.0,9,5,3,33,25,0,0,0,75,11,45071.0,9,5,3,13,27,0,18,0,75,11,89357.0,345,329,16,0,7,6,71,187,12,267,2,155.0,16712,435,3,3834,90,674,0,0,-1,38294,273,383,15102,72,250,4369,81,361,56612,308,197,9857,104,150,16919,354,31,161699,124234
112370245,0,OPP:stars_w,washamba_base_v1_fork.py,159209.0,165235.0,L,9,5,3,33,21,0,0,0,75,10,15860.0,9,5,3,33,25,0,0,0,75,11,50703.0,9,5,3,13,27,0,18,0,75,11,122992.0,439,399,40,0,7,6,74,187,12,267,2,155.0,32232,845,3,16302,472,671,0,0,-1,72199,325,383,15102,72,250,5211,102,361,73151,375,197,37467,194,150,16614,395,31,268278,203130
112370245,1,washamba_base_v1_fork.py,OPP:stars_w,165235.0,159209.0,W,12,5,0,33,21,0,0,0,75,10,16138.0,12,5,0,33,25,0,0,0,75,11,49471.0,12,5,0,13,27,0,18,0,75,11,127803.0,408,366,38,4,7,5,74,188,12,267,2,138.0,32301,838,50,16699,486,671,0,0,-1,70019,314,383,15102,72,250,0,0,-1,83532,425,197,37852,197,150,16528,393,31,272033,206505
112370719,0,w0_v15stack_control.py,OPP:Penn Lam,147934.0,81829.0,W,8,6,3,33,21,0,0,0,75,10,19162.0,8,6,3,33,25,0,0,0,75,11,46525.0,8,6,3,13,27,0,18,0,75,11,109011.0,354,338,12,4,7,5,73,187,12,266,2,147.0,18319,416,50,5895,97,674,0,0,-1,63239,270,383,17928,72,250,4696,93,361,51727,267,197,6245,112,150,19063,353,31,187112,143835
112370719,1,OPP:Penn Lam,w0_v15stack_control.py,81829.0,147934.0,L,3,3,2,22,0,0,0,7,50,8,13734.0,3,3,2,36,0,0,1,2,50,8,24716.0,3,3,2,32,0,0,0,0,50,8,58395.0,110,110,0,0,1,1,36,33,8,237,1,28.0,96,2,697,315,6,457,0,0,-1,49212,210,361,15486,90,265,4732,93,121,18234,96,217,5397,93,169,9957,163,49,103429,93061
112371070,0,OPP:Roman Svet,washamba_base_v1_fork.py,128392.0,130398.0,L,5,13,1,24,21,0,0,5,75,10,2235.0,5,16,1,25,13,0,0,14,75,11,28920.0,3,16,1,2,30,0,3,1,75,12,93354.0,166,158,8,0,2,2,15,45,10,266,2,601.0,16699,516,2,1701,54,98,0,0,-1,22455,191,354,14643,83,482,2949,54,122,7893,117,203,91657,376,179,12003,328,50,170000,139597
112371070,1,washamba_base_v1_fork.py,OPP:Roman Svet,130398.0,128392.0,W,6,17,0,32,20,0,0,0,100,13,9531.0,6,17,0,32,25,0,0,0,100,13,42472.0,6,17,0,13,31,0,14,0,100,13,94631.0,397,347,45,5,7,5,59,188,13,303,3,191.0,26425,736,50,12663,415,671,0,0,-1,19271,272,385,17652,72,249,0,0,-1,14850,274,196,128350,528,151,14855,423,31,234066,180123
112371819,0,OPP:SG4265,w0_v15stack_control.py,70371.0,106475.0,L,10,2,0,6,23,0,0,0,75,11,13223.0,10,2,0,6,42,6,0,0,75,11,28935.0,10,2,0,2,31,5,8,0,75,11,55353.0,213,213,0,0,1,1,29,28,5,282,4,1.0,32649,796,169,5477,90,601,3428,34,576,5134,48,423,14204,72,249,0,0,-1,62112,444,201,5257,67,150,11858,409,49,140119,90135
112371819,1,w0_v15stack_control.py,OPP:SG4265,106475.0,70371.0,W,9,5,3,33,21,0,0,0,75,10,17303.0,9,5,3,33,25,0,0,0,75,11,45406.0,9,5,3,13,18,0,27,0,75,11,80141.0,367,352,11,4,7,5,73,176,12,266,2,152.0,15043,371,50,9538,154,626,0,0,-1,30677,276,383,15552,72,250,4507,86,361,44737,293,197,6473,97,150,18249,365,31,144776,101946
112372220,0,washamba_base_v1_fork.py,OPP:芳村 愛支,102457.0,102014.0,W,9,5,3,33,21,0,0,0,75,10,15921.0,9,5,3,33,25,0,0,0,75,11,42082.0,9,5,3,13,27,10,18,0,100,13,63354.0,458,413,41,4,7,5,75,189,12,286,3,138.0,34639,825,50,23508,472,671,29012,110,639,13746,346,383,15102,72,250,6021,113,361,66748,388,197,6070,110,150,16770,366,31,211616,136699
112372220,1,OPP:芳村 愛支,washamba_base_v1_fork.py,102014.0,102457.0,L,9,5,3,33,21,0,0,0,75,10,15327.0,9,5,3,33,25,0,0,0,75,11,41984.0,9,5,3,13,27,10,18,0,100,13,62456.0,355,343,12,0,7,6,75,188,12,286,3,155.0,16813,403,3,4864,98,674,22592,80,639,12235,280,383,15102,72,250,4470,84,361,49625,277,197,6103,93,150,16579,348,31,148383,110127
112372398,0,washamba_base_v1_fork.py,OPP:Nadeem Kilani,82849.0,74246.0,W,6,17,0,33,20,0,0,0,100,13,6283.0,6,17,0,33,25,0,0,0,100,13,35807.0,6,17,0,13,28,0,17,0,100,13,67767.0,408,347,57,4,7,5,61,190,13,305,3,138.0,29067,711,50,29849,501,671,0,0,-1,8334,287,386,15072,72,249,0,0,-1,16705,278,196,74396,522,151,13514,425,31,186937,114507
112372398,1,OPP:Nadeem Kilani,washamba_base_v1_fork.py,74246.0,82849.0,L,6,11,0,33,17,0,0,0,75,11,13169.0,6,17,0,33,25,0,0,0,100,13,29003.0,6,17,0,13,26,0,19,0,100,13,60394.0,380,365,15,0,7,6,77,180,12,313,3,153.0,17091,436,3,6789,115,674,0,0,-1,9601,278,382,15072,72,249,0,0,-1,9923,171,196,73104,437,150,16157,498,31,147737,107700
112372983,0,OPP:Pavel Pakhmutov,w0_v15stack_control.py,111129.0,137295.0,L,8,4,0,36,13,0,0,12,75,10,6423.0,8,4,0,36,13,0,0,12,75,9,30137.0,8,4,0,16,46,0,0,0,75,12,85747.0,198,192,6,0,2,2,99,59,6,264,2,3.0,16155,465,2,0,0,-1,0,0,-1,41684,292,386,18289,124,253,0,0,-1,53047,268,234,22190,141,161,12381,271,49,163746,135210
112372983,1,w0_v15stack_control.py,OPP:Pavel Pakhmutov,137295.0,111129.0,W,8,9,0,33,21,0,0,0,75,10,18165.0,8,9,0,33,25,0,0,0,75,11,55291.0,8,9,0,13,27,0,18,0,75,11,110419.0,348,327,17,4,7,5,70,187,12,263,2,153.0,13246,360,50,3130,96,674,0,0,-1,40078,290,383,17412,72,250,0,0,-1,50506,254,197,35139,236,150,17650,351,31,177161,143135
112373433,0,washamba_base_v1_fork.py,OPP:Bohan Shao,83142.0,81390.0,W,8,6,3,33,21,0,0,0,75,10,15659.0,8,6,3,33,25,0,0,0,75,11,36903.0,8,6,3,13,18,0,27,0,75,11,64715.0,468,408,56,4,7,5,75,181,12,267,2,138.0,27058,684,50,42851,657,602,0,0,-1,36301,344,383,15102,72,250,4780,93,361,13830,288,197,17163,197,150,16787,396,31,173872,87176
112373433,1,OPP:Bohan Shao,washamba_base_v1_fork.py,81390.0,83142.0,L,8,6,3,33,21,0,0,0,75,10,15081.0,8,6,3,33,25,0,0,0,75,11,36896.0,8,6,3,13,27,0,18,0,75,11,64526.0,361,349,12,0,7,6,74,187,12,268,2,155.0,17620,451,3,6406,99,674,0,0,-1,32550,276,383,15102,72,250,4057,79,361,13244,198,197,14969,149,150,16462,353,31,120410,79922
112374191,0,w0_v15stack_control.py,OPP:VelloNChiru,117803.0,101483.0,W,9,5,3,33,21,0,0,0,75,10,16507.0,9,5,3,33,25,0,0,0,75,11,47337.0,9,5,3,13,27,0,18,0,75,11,96439.0,353,337,12,4,7,5,68,187,12,265,2,151.0,19073,419,50,3049,93,674,0,0,-1,43559,269,383,14826,72,250,5286,93,361,46838,314,197,6690,92,150,19346,345,31,158667,117199
112374191,1,OPP:VelloNChiru,w0_v15stack_control.py,101483.0,117803.0,L,12,2,0,31,21,0,0,0,75,12,13453.0,14,2,2,38,7,3,0,0,75,12,34557.0,14,2,2,15,32,0,0,0,75,11,80037.0,188,188,0,0,4,4,26,102,10,288,2,30.0,10825,236,2,0,0,-1,1694,21,554,42239,272,362,14964,72,248,2756,48,410,49338,324,197,4899,46,147,9871,163,30,136586,115890
112374673,0,OPP:Gorgulu Fried Chicken Wings,washamba_base_v1_fork.py,94113.0,96676.0,L,6,11,0,33,20,0,0,0,75,11,15213.0,6,11,0,33,25,0,0,0,75,11,49854.0,6,11,0,13,27,0,18,0,75,12,76125.0,321,306,15,0,7,6,62,189,13,282,2,138.0,17371,459,2,3739,97,674,0,0,-1,24380,287,382,15114,72,250,0,0,-1,35216,194,197,32532,289,150,16631,394,31,144983,107242
112374673,1,washamba_base_v1_fork.py,OPP:Gorgulu Fried Chicken Wings,96676.0,94113.0,W,6,11,0,33,20,0,0,0,75,11,15750.0,6,11,0,33,25,0,0,0,75,11,50058.0,6,11,0,13,31,0,14,0,75,12,76876.0,347,297,45,5,7,5,44,188,12,281,2,154.0,29445,785,50,16744,430,671,0,0,-1,20951,281,386,15048,72,249,0,0,-1,53441,288,196,31984,282,151,14227,371,31,181840,121424
112375384,0,w0_v15stack_control.py,OPP:Michael McGrain,108236.0,104885.0,W,8,6,3,33,21,0,0,0,75,10,15782.0,8,6,3,33,25,0,0,0,75,11,40318.0,8,6,3,13,27,0,18,0,75,11,85234.0,359,344,11,4,7,5,75,185,12,269,2,133.0,17513,446,50,6509,123,674,0,0,-1,59165,268,383,15102,72,250,4768,86,361,20458,250,197,6120,102,150,15816,374,31,145451,105613
112375384,1,OPP:Michael McGrain,w0_v15stack_control.py,104885.0,108236.0,L,8,6,3,33,21,0,0,0,75,10,14720.0,8,6,3,33,25,0,0,0,75,11,39473.0,8,5,3,13,27,0,18,0,75,10,82753.0,429,379,41,10,7,6,67,189,12,260,2,172.0,28386,758,2,22028,407,671,0,0,-1,59690,269,383,15102,72,250,5578,100,361,23340,327,197,6151,111,150,15782,379,31,176057,109861
112375915,0,washamba_base_v1_fork.py,OPP:Zhenghongshuang,85025.0,83195.0,W,6,11,0,33,20,0,0,0,75,11,13466.0,6,11,0,33,25,0,0,0,75,11,41593.0,6,11,0,13,31,0,14,0,75,12,69810.0,354,300,50,4,7,5,46,189,12,284,2,141.0,30673,776,50,31094,525,671,0,0,-1,37067,293,386,15072,72,249,0,0,-1,7338,238,196,33515,301,151,14537,367,31,169296,92992
112375915,1,OPP:Zhenghongshuang,washamba_base_v1_fork.py,83195.0,85025.0,L,6,11,0,33,20,0,0,0,75,11,13477.0,6,11,0,33,25,0,0,0,75,11,41910.0,6,11,0,13,31,0,14,0,75,12,69347.0,226,225,0,1,6,5,43,187,13,280,2,152.0,22188,554,51,5028,87,674,0,0,-1,34683,269,386,15072,72,249,0,0,-1,6281,150,196,28457,254,151,14675,342,31,126384,84493
112376532,0,w0_v15stack_control.py,OPP:trantrikien239,99964.0,89182.0,W,6,9,2,32,21,0,0,0,75,10,15615.0,6,9,2,32,25,0,0,0,75,11,44228.0,6,9,2,13,27,0,18,0,75,11,81194.0,386,373,9,4,7,5,104,189,12,264,2,137.0,146304,3664,50,3651,91,674,0,0,-1,42095,279,383,17472,72,250,4625,77,265,18409,243,197,23230,222,150,20917,332,31,276703,105831
112376532,1,OPP:trantrikien239,w0_v15stack_control.py,89182.0,99964.0,L,2,7,2,29,26,0,0,4,75,10,8589.0,2,8,3,29,29,1,0,0,75,10,38103.0,2,8,3,5,51,2,0,0,75,10,74381.0,238,238,0,0,9,9,21,182,7,259,2,4.0,21670,650,218,315,9,97,1057,13,626,36052,215,338,13028,78,251,6269,104,244,5859,66,198,21174,178,146,11160,187,27,116584,83439
112377083,0,washamba_base_v1_fork.py,OPP:Baligh,119699.0,118585.0,W,9,5,3,33,21,0,0,0,75,10,16316.0,9,5,3,33,25,0,0,0,75,11,44323.0,9,5,3,13,27,0,18,0,75,11,93444.0,460,409,47,4,7,5,75,190,12,267,2,138.0,23660,736,50,29412,594,671,0,0,-1,63245,314,383,15102,72,250,5980,113,361,30046,388,197,31894,176,150,16453,391,31,215792,146267
112377083,1,OPP:Baligh,washamba_base_v1_fork.py,118585.0,119699.0,L,9,5,3,33,21,0,0,0,75,10,15749.0,9,5,3,33,25,0,0,0,75,11,44249.0,9,5,3,13,27,0,18,0,75,11,92636.0,351,337,14,0,7,6,74,187,12,266,2,155.0,13494,398,3,5043,101,674,0,0,-1,55410,277,383,15102,72,250,4433,84,361,26889,255,197,21544,129,150,16244,353,31,158159,123378
112377715,0,OPP:Vernon Campbell,w0_v15stack_control.py,10486.0,123646.0,L,0,2,0,4,2,0,0,1,25,11,3186.0,0,2,0,5,1,1,0,0,25,11,4397.0,0,2,0,5,2,4,4,0,25,11,5381.0,3148,261,2887,0,487,16,34,226,18,307,3,0.0,13111,357,2,3840,60,516,2498,40,618,1086,42,491,7462,30,247,0,0,-1,0,0,-1,18817,81,149,6280,87,27,53094,29863
112377715,1,w0_v15stack_control.py,OPP:Vernon Campbell,123646.0,10486.0,W,6,11,0,33,20,0,0,0,75,11,17154.0,6,11,0,33,16,0,9,0,75,11,48746.0,6,11,0,13,30,0,15,0,75,11,92387.0,263,253,4,6,7,5,43,185,12,276,2,150.0,8568,235,50,11434,175,458,0,0,-1,14786,277,386,17064,72,249,0,0,-1,22556,222,196,68541,289,151,20861,337,31,163810,122947
112378290,0,OPP:Berat Erol ÇELİK,washamba_base_v1_fork.py,68597.0,71122.0,L,6,11,0,33,20,0,0,0,75,11,13393.0,6,11,0,33,16,0,9,0,75,11,36768.0,6,11,0,13,28,0,17,0,75,12,46530.0,362,310,47,5,7,5,47,190,12,286,2,151.0,23404,673,50,78071,662,410,0,0,-1,9165,298,385,15072,72,249,0,0,-1,18024,276,196,33381,302,151,14656,378,31,191773,75642
112378290,1,washamba_base_v1_fork.py,OPP:Berat Erol ÇELİK,71122.0,68597.0,W,6,11,0,33,20,0,0,0,75,11,13413.0,6,11,0,33,13,0,12,0,75,11,37078.0,6,11,0,13,20,0,25,0,75,12,47669.0,357,302,51,4,7,5,47,190,12,284,2,141.0,19185,553,50,84483,730,386,0,0,-1,9177,298,385,15072,72,249,0,0,-1,17824,274,196,32802,303,151,14647,380,31,193190,74875
112378890,0,OPP:Yusuke Hayashi,w0_v15stack_control.py,107117.0,127420.0,L,5,6,5,33,21,0,0,0,75,10,11427.0,5,6,5,33,25,0,0,0,75,11,38379.0,5,6,5,13,27,0,18,0,75,11,84645.0,455,406,49,0,8,6,86,187,12,264,2,134.0,92125,2074,2,28961,497,671,0,0,-1,67153,316,383,15102,72,250,10216,213,313,8368,239,197,24547,210,150,15889,363,31,262361,125386
112378890,1,w0_v15stack_control.py,OPP:Yusuke Hayashi,127420.0,107117.0,W,6,9,2,33,21,0,0,0,75,10,12835.0,6,9,2,33,25,0,0,0,75,11,42504.0,6,9,2,13,27,10,18,0,100,13,87973.0,386,373,8,5,7,5,88,188,12,283,3,173.0,79477,1765,50,6127,107,674,18238,80,639,57174,267,383,15102,72,250,3810,77,265,7863,176,197,30914,224,150,16280,346,31,234985,133101
112379498,0,OPP:KodamaSec,washamba_base_v1_fork.py,113372.0,113478.0,L,9,5,3,33,21,0,0,0,75,10,16207.0,9,5,3,33,25,0,0,0,75,11,44528.0,9,5,3,13,27,0,18,0,75,11,87155.0,469,417,47,5,7,5,86,187,12,267,2,152.0,73501,1783,50,20098,446,671,0,0,-1,34462,352,383,15102,72,250,5522,107,361,77340,385,197,16342,163,150,16871,378,31,259238,148768
112379498,1,washamba_base_v1_fork.py,OPP:KodamaSec,113478.0,113372.0,W,9,5,3,33,21,0,0,0,75,10,16313.0,9,5,3,33,25,0,0,0,75,11,44634.0,9,5,3,13,27,0,18,0,75,11,87261.0,469,418,47,4,7,5,86,188,12,267,2,141.0,73500,1783,50,20098,446,671,0,0,-1,34462,352,383,15102,72,250,5522,107,361,77340,385,197,16342,163,150,16871,378,31,259237,148768
112380066,0,w0_v15stack_control.py,OPP:Baran Akyıldız,120939.0,115129.0,W,9,5,3,33,21,0,0,0,75,10,16449.0,9,5,3,33,25,0,0,0,75,11,45492.0,9,5,3,13,27,0,18,0,75,11,95600.0,355,338,12,5,7,5,74,187,12,268,2,158.0,17685,436,50,3353,97,674,0,0,-1,38120,282,383,15102,72,250,4809,91,361,56619,273,197,6086,90,150,16614,349,31,158388,120736
112380066,1,OPP:Baran Akyıldız,w0_v15stack_control.py,115129.0,120939.0,L,8,6,3,33,21,0,0,0,75,10,15013.0,8,6,3,33,25,0,0,0,75,11,45170.0,8,6,3,13,27,0,18,0,75,11,90853.0,480,441,39,0,7,6,110,190,12,269,2,134.0,166164,3861,2,16946,478,578,0,0,-1,43348,334,383,15102,72,250,5817,110,361,77461,373,197,6405,195,150,16596,382,31,347839,148133
112380071,0,w0_v15stack_control.py,OPP:断罪の孤高の神・大宇宙草莓覇皇,84144.0,83901.0,W,8,6,3,33,21,0,0,0,75,10,14875.0,8,6,3,33,25,0,0,0,75,11,35604.0,8,6,3,13,18,0,27,0,75,11,63079.0,368,348,16,4,7,5,73,176,12,266,2,140.0,14147,367,50,9285,159,626,0,0,-1,26341,276,383,15102,72,250,4407,88,361,29832,284,197,9188,112,150,16392,368,31,124694,84870
112380071,1,OPP:断罪の孤高の神・大宇宙草莓覇皇,w0_v15stack_control.py,83901.0,84144.0,L,8,6,3,33,21,0,0,0,75,10,14877.0,8,6,3,33,25,0,0,0,75,11,35608.0,8,6,3,13,18,0,27,0,75,11,63008.0,361,348,9,4,7,5,74,177,12,266,2,140.0,13937,361,50,9593,165,626,0,0,-1,24451,263,383,15102,72,250,4395,88,361,27767,256,197,9157,113,150,16400,370,31,120802,80872
112380682,0,OPP:benhur0905,washamba_base_v1_fork.py,99030.0,98322.0,W,6,6,5,33,21,0,0,0,75,11,14020.0,6,6,5,33,25,0,0,0,75,11,36645.0,6,6,5,13,27,0,18,0,75,11,77721.0,346,336,6,4,7,5,73,189,13,270,2,141.0,18134,449,50,5173,110,674,0,0,-1,37479,272,383,15102,72,250,7748,158,265,11390,223,197,29751,157,150,17115,347,31,141892,101470
112380682,1,washamba_base_v1_fork.py,OPP:benhur0905,98322.0,99030.0,L,6,6,5,33,21,0,0,0,75,11,14009.0,6,6,5,33,25,0,0,0,75,11,36508.0,6,6,5,13,27,0,18,0,75,11,77407.0,468,423,41,4,7,5,73,190,13,270,2,141.0,34690,882,50,20829,433,671,0,0,-1,40752,324,383,15102,72,250,10652,224,265,12433,289,197,37958,197,150,17717,384,31,190133,116897
112381246,0,w0_v15stack_control.py,OPP:Colt,72731.0,71038.0,W,8,6,3,33,21,0,0,0,75,10,15633.0,8,6,3,33,25,0,0,0,75,11,35651.0,8,6,3,13,27,0,18,0,75,11,53610.0,368,352,11,5,7,5,74,187,12,268,2,163.0,18434,453,50,4880,97,674,0,0,-1,16578,283,383,15102,72,250,4872,86,361,27276,272,197,6123,101,150,16753,350,31,110018,69951
112381246,1,OPP:Colt,w0_v15stack_control.py,71038.0,72731.0,L,8,6,3,33,21,0,0,0,75,10,14897.0,8,6,3,33,25,0,0,0,75,11,35197.0,8,6,3,13,27,0,18,0,75,11,51588.0,450,411,39,0,7,5,77,187,12,268,2,141.0,35782,894,51,23931,472,671,0,0,-1,17554,315,383,15102,72,250,5908,103,361,36296,342,197,6146,122,150,17182,394,31,157901,81006
112381890,0,washamba_base_v1_fork.py,OPP:UtaAzu,83828.0,76864.0,W,6,11,0,33,20,0,0,0,75,11,14046.0,6,17,0,33,25,0,0,0,100,12,35475.0,6,17,0,13,31,0,14,0,100,13,66128.0,399,348,47,4,7,5,60,189,13,302,3,138.0,34102,807,50,25017,433,671,0,0,-1,15186,282,386,15048,72,249,0,0,-1,12146,265,196,70021,431,151,13430,407,31,184950,112401
112381890,1,OPP:UtaAzu,washamba_base_v1_fork.py,76864.0,83828.0,L,6,10,0,33,20,0,0,0,75,11,14638.0,6,16,0,33,25,0,0,0,100,13,32500.0,6,16,0,13,27,0,18,0,100,13,59884.0,372,361,11,0,7,6,68,189,13,313,3,155.0,18662,455,3,5513,95,674,0,0,-1,18786,312,382,15114,72,250,0,0,-1,9369,170,197,67444,410,150,16077,489,31,150965,110713
112382416,0,OPP:Stefano Blando,w0_v15stack_control.py,129086.0,130819.0,L,6,6,5,33,21,0,0,0,75,10,13504.0,6,6,5,33,25,0,0,0,75,11,32579.0,6,6,5,13,27,10,18,0,100,13,73158.0,446,391,50,5,7,5,69,190,12,288,3,152.0,52610,1190,50,29172,480,671,39704,110,643,69702,297,383,15102,72,250,9848,226,265,32337,316,197,6195,127,150,16502,356,31,271172,172888
112382416,1,w0_v15stack_control.py,OPP:Stefano Blando,130819.0,129086.0,W,6,6,5,33,21,0,0,0,75,10,13592.0,6,6,5,33,25,0,0,0,75,11,32856.0,6,6,5,13,27,10,18,0,100,13,74324.0,350,337,9,4,7,5,68,187,12,284,3,141.0,36484,816,50,6417,106,674,30364,80,643,67322,287,383,15102,72,250,7354,165,265,19464,228,197,6186,112,150,16308,341,31,205001,145792
112383075,0,OPP:Alessio Mezzina,washamba_base_v1_fork.py,74838.0,77894.0,L,8,6,3,33,21,0,0,0,75,10,13367.0,8,6,3,33,25,0,0,0,75,11,32740.0,8,6,3,13,27,0,18,0,75,11,53435.0,357,348,9,0,7,6,74,187,12,266,2,155.0,15066,420,3,5529,105,674,0,0,-1,4570,284,383,15102,72,250,4405,85,361,13152,226,197,36269,169,150,16395,353,31,110488,73498
112383075,1,washamba_base_v1_fork.py,OPP:Alessio Mezzina,77894.0,74838.0,W,6,6,5,33,21,0,0,0,75,10,13913.0,6,6,5,33,25,0,0,0,75,11,33223.0,6,6,5,13,27,0,18,0,75,11,56332.0,463,413,46,4,7,5,75,182,12,267,2,138.0,25061,708,50,31121,594,671,0,0,-1,4665,345,383,15102,72,250,11485,223,265,16655,290,197,45145,205,150,16558,392,31,165792,93052
112383587,0,w0_v15stack_control.py,OPP:enddl22,157065.0,147669.0,W,12,5,0,33,21,0,0,0,75,10,16245.0,12,5,0,33,25,0,0,0,75,11,46159.0,12,5,0,13,27,0,18,0,75,11,120423.0,325,308,13,4,7,5,75,187,12,266,2,138.0,14201,412,50,3092,97,674,0,0,-1,60098,276,383,15102,72,250,0,0,-1,80026,329,197,6059,93,150,16101,352,31,194679,161285
112383587,1,OPP:enddl22,w0_v15stack_control.py,147669.0,157065.0,L,9,5,3,33,21,0,0,0,75,10,16000.0,9,5,3,33,25,0,0,0,75,11,47344.0,9,5,3,13,27,0,18,0,75,11,113808.0,348,338,10,0,7,6,76,187,12,266,2,153.0,14244,421,3,2989,94,674,0,0,-1,62002,285,383,15102,72,250,4345,84,361,66877,276,197,6095,93,150,16105,353,31,187759,154421
112384138,0,washamba_base_v1_fork.py,OPP:デワンシュ,61999.0,63495.0,L,8,6,3,33,21,0,0,0,75,10,14897.0,8,6,3,33,25,0,0,0,75,11,30647.0,8,6,3,13,18,10,27,0,100,13,34777.0,473,426,43,4,7,5,77,181,12,286,3,140.0,29663,749,50,43054,597,530,18422,110,639,10006,344,383,15102,72,250,4791,96,361,15914,325,197,6239,123,150,16880,366,31,160071,70474
112384138,1,OPP:デワンシュ,washamba_base_v1_fork.py,63495.0,61999.0,W,8,6,3,33,21,0,0,0,75,10,14897.0,8,6,3,33,25,0,0,0,75,11,30707.0,8,6,3,13,18,10,27,0,100,13,35525.0,356,345,7,4,7,5,77,178,12,283,3,140.0,14379,366,50,13724,185,530,14182,80,639,9976,282,383,15102,72,250,4406,87,361,13648,228,197,6205,101,150,16755,354,31,108377,63519
112384252,0,OPP:Robson,washamba_base_v1_fork.py,95103.0,95212.0,L,9,5,3,33,21,0,0,0,75,10,16157.0,9,5,3,33,25,0,0,0,75,11,43799.0,9,5,3,13,27,10,18,0,100,13,69861.0,459,404,50,5,7,5,71,189,12,287,3,152.0,33522,807,50,28231,480,671,14112,110,643,31323,324,383,15102,72,250,5340,113,361,42767,390,197,13436,136,150,17042,368,31,200875,122080
112384252,1,washamba_base_v1_fork.py,OPP:Robson,95212.0,95103.0,W,9,5,3,33,21,0,0,0,75,10,16266.0,9,5,3,33,25,0,0,0,75,11,43908.0,9,5,3,13,27,10,18,0,100,13,69970.0,459,405,50,4,7,5,71,190,12,287,3,141.0,33521,807,50,28231,480,671,14112,110,643,31323,324,383,15102,72,250,5340,113,361,42767,390,197,13436,136,150,17042,368,31,200874,122080
112384785,0,w0_v15stack_control.py,OPP:Juan Leiva,99684.0,97790.0,W,9,5,3,33,21,0,0,0,75,10,16011.0,9,5,3,33,25,0,0,0,75,11,41815.0,9,5,3,13,27,0,18,0,75,11,78186.0,368,352,12,4,7,5,73,188,12,266,2,141.0,15765,406,50,5244,107,674,0,0,-1,33091,274,383,15102,72,250,4822,93,361,44219,314,197,6133,89,150,16298,361,31,140674,103367
112384785,1,OPP:Juan Leiva,w0_v15stack_control.py,97790.0,99684.0,L,9,5,3,33,21,0,0,0,75,10,15925.0,9,5,3,33,25,0,0,0,75,11,41662.0,9,5,3,13,27,0,18,0,75,11,76993.0,356,342,9,5,7,5,74,188,12,266,2,151.0,15547,399,50,5430,111,674,0,0,-1,31727,265,383,15102,72,250,4821,93,361,40113,286,197,6095,89,150,16221,355,31,135056,97858
112385420,0,OPP:kyosan,washamba_base_v1_fork.py,81673.0,80317.0,W,8,6,3,33,21,0,0,0,75,10,15507.0,8,6,3,33,25,0,0,0,75,11,38736.0,8,6,3,13,27,10,18,0,100,13,53543.0,374,357,12,5,7,5,75,187,12,285,3,152.0,16722,426,50,8314,144,674,11944,87,639,10602,274,383,15102,72,250,4638,89,361,15150,228,197,30757,168,150,16842,344,31,130071,88193
112385420,1,washamba_base_v1_fork.py,OPP:kyosan,80317.0,81673.0,L,8,6,3,33,21,0,0,0,75,10,15616.0,8,6,3,33,25,0,0,0,75,11,38761.0,8,6,3,13,27,10,18,0,100,13,52546.0,466,418,44,4,7,5,75,188,12,287,3,141.0,28388,761,50,31397,536,671,14234,110,639,12022,346,383,15102,72,250,5842,113,361,17032,314,197,37682,203,150,17218,368,31,178917,101914
112385960,0,w0_v15stack_control.py,OPP:Aaditya Verma,96396.0,97120.0,L,8,6,3,33,21,0,0,0,75,10,15693.0,8,6,3,33,25,0,0,0,75,11,39412.0,8,6,3,13,27,0,18,0,75,11,78130.0,365,352,9,4,7,5,73,185,12,266,2,136.0,13932,416,50,5005,116,674,0,0,-1,50061,268,383,15102,72,250,5609,95,361,22406,267,197,6151,101,150,16324,366,31,134590,99329
112385960,1,OPP:Aaditya Verma,w0_v15stack_control.py,97120.0,96396.0,W,8,6,3,33,21,0,0,0,75,10,15736.0,8,6,3,33,25,0,0,0,75,11,39537.0,8,6,3,13,27,0,18,0,75,11,78322.0,349,341,4,4,7,5,73,177,12,266,2,144.0,13719,407,50,5229,122,674,0,0,-1,49188,260,383,15102,72,250,5487,93,361,21997,249,197,6225,101,150,16356,367,31,133303,97999
112386620,0,washamba_base_v1_fork.py,OPP:Nironiro,64607.0,62295.0,W,6,6,5,33,21,0,0,0,75,10,14047.0,6,6,5,33,25,0,0,0,75,11,32000.0,6,6,5,13,18,0,27,0,75,11,46463.0,514,465,45,4,7,5,106,183,12,266,2,140.0,161911,4003,50,27240,566,601,0,0,-1,13421,345,383,15102,72,250,11854,210,265,16775,330,197,19954,178,150,15665,380,31,281922,77106
112386620,1,OPP:Nironiro,washamba_base_v1_fork.py,62295.0,64607.0,L,4,10,2,33,20,0,0,0,75,11,14633.0,4,10,2,33,25,0,0,0,75,11,29098.0,4,10,2,13,17,0,28,0,75,12,42421.0,303,292,7,4,7,5,52,194,12,280,2,140.0,15908,419,50,8570,173,601,0,0,-1,14633,303,382,15102,72,250,4122,74,266,9550,133,197,20914,203,150,16574,391,31,105373,64321
112387191,0,OPP:oQo,w0_v15stack_control.py,98273.0,98331.0,L,12,5,0,33,21,0,0,0,75,10,15638.0,12,5,0,33,25,0,0,0,75,11,43849.0,12,5,0,13,27,10,18,0,100,13,74914.0,341,330,11,0,7,6,75,189,12,283,3,153.0,14942,393,3,6238,118,674,11074,80,639,27690,291,383,15102,72,250,0,0,-1,47277,324,197,6141,93,150,16425,344,31,144889,107284
112387191,1,w0_v15stack_control.py,OPP:oQo,98331.0,98273.0,W,12,5,0,33,21,0,0,0,75,10,16175.0,12,5,0,33,25,0,0,0,75,11,43912.0,12,5,0,13,27,10,18,0,100,13,75832.0,357,339,14,4,7,5,74,186,12,283,3,138.0,15263,396,50,5948,112,674,11074,80,639,26691,290,383,15102,72,250,0,0,-1,48775,339,197,6010,90,150,16571,354,31,145434,107652
112387803,0,washamba_base_v1_fork.py,OPP:fog flower,98311.0,94435.0,W,6,6,5,33,21,0,0,0,75,10,13686.0,6,6,5,33,25,0,0,0,75,11,31907.0,6,6,5,13,12,10,33,0,100,13,62483.0,477,429,44,4,7,5,68,182,12,288,3,141.0,38979,933,50,60193,583,530,16754,110,643,56196,314,383,15102,72,250,9848,211,265,6545,272,197,6272,130,150,15495,356,31,225384,110717
112387803,1,OPP:fog flower,washamba_base_v1_fork.py,94435.0,98311.0,L,8,6,3,33,21,0,0,0,75,10,12499.0,8,6,3,33,25,0,0,0,75,11,30816.0,8,6,3,13,27,20,18,0,100,14,57397.0,308,307,0,1,6,5,63,192,13,292,3,152.0,19484,483,51,9995,104,674,23154,140,647,43617,250,383,15102,72,250,3652,78,361,5339,178,197,6283,105,150,15922,366,31,142548,97147
112388374,0,w0_v15stack_control.py,OPP:xaxipiruli,78973.0,77594.0,W,8,6,3,33,21,0,0,0,75,10,15331.0,8,6,3,33,25,0,0,0,75,11,38935.0,8,6,3,13,27,0,18,0,75,11,58916.0,364,346,14,4,7,5,76,177,12,267,2,139.0,14743,376,50,6534,121,674,0,0,-1,8296,291,383,15102,72,250,4212,93,361,34380,286,197,20912,167,150,16390,363,31,120569,82902
112388374,1,OPP:xaxipiruli,w0_v15stack_control.py,77594.0,78973.0,L,8,6,3,33,21,0,0,0,75,10,15299.0,8,6,3,33,25,0,0,0,75,11,38427.0,8,6,3,13,27,0,18,0,75,11,57921.0,342,328,10,4,8,6,77,181,12,267,2,199.0,14500,369,50,6882,128,674,0,0,-1,8389,283,383,15102,72,250,4145,93,361,33898,277,197,20044,167,150,16317,357,31,119277,81578
112388969,0,washamba_base_v1_fork.py,OPP:nofreewill42,60251.0,56134.0,W,6,6,5,33,21,0,0,0,75,10,13458.0,6,6,5,33,25,0,0,0,75,11,29083.0,6,6,5,13,18,0,27,0,75,11,44092.0,468,424,40,4,7,5,74,180,12,267,2,138.0,29151,726,50,41722,648,602,0,0,-1,17138,349,383,15102,72,250,11758,205,265,6229,255,197,6064,123,150,16654,398,31,143818,56291
112388969,1,OPP:nofreewill42,washamba_base_v1_fork.py,56134.0,60251.0,L,8,6,3,33,21,0,0,0,75,10,12914.0,8,6,3,33,25,0,0,0,75,11,28241.0,8,6,3,13,27,0,18,0,75,11,40520.0,471,421,50,0,7,6,73,187,12,267,2,155.0,37661,948,3,32160,499,671,0,0,-1,17024,338,383,15102,72,250,6155,107,361,7046,322,197,6338,122,150,16749,394,31,138235,51665
112389635,0,OPP:Mr.NoT_GaMeR,w0_v15stack_control.py,95619.0,95572.0,W,6,11,0,33,20,0,0,0,75,11,15685.0,6,11,0,33,25,0,0,0,75,11,45789.0,6,11,0,13,31,10,14,0,100,13,60734.0,239,232,1,6,8,6,45,189,12,295,3,141.0,16054,377,2,2442,80,674,17894,80,647,4146,246,386,15072,72,249,0,0,-1,40749,191,196,30549,259,151,14394,312,31,141300,108410
112389635,1,w0_v15stack_control.py,OPP:Mr.NoT_GaMeR,95572.0,95619.0,L,6,11,0,33,20,0,0,0,75,11,15743.0,6,11,0,33,25,0,0,0,75,11,45481.0,6,11,0,13,31,10,14,0,100,13,60693.0,261,250,7,4,7,5,44,189,12,295,3,141.0,16029,376,50,2587,85,674,18014,80,647,4597,273,386,15072,72,249,0,0,-1,44385,208,196,32288,276,151,14582,315,31,147554,114356
112390210,0,OPP:YUE WU,washamba_base_v1_fork.py,80464.0,80945.0,L,9,5,3,33,21,0,0,0,75,10,15406.0,9,5,3,33,25,0,0,0,75,11,39772.0,9,5,3,13,27,0,18,0,75,11,61002.0,347,334,13,0,7,6,75,192,12,267,2,155.0,14690,401,3,6946,121,674,0,0,-1,14362,278,383,15102,72,250,4078,84,361,41144,283,197,6106,92,150,16255,353,31,118683,80792
112390210,1,washamba_base_v1_fork.py,OPP:YUE WU,80945.0,80464.0,W,9,5,3,33,21,0,0,0,75,10,15970.0,9,5,3,33,25,0,0,0,75,11,39817.0,9,5,3,13,26,0,19,0,75,11,61777.0,462,409,49,4,7,5,75,182,12,267,2,138.0,26918,741,50,34820,598,671,0,0,-1,16327,356,383,15102,72,250,5483,115,361,56051,413,197,6086,110,150,16486,391,31,177273,99049
112390797,0,OPP:ln,w0_v15stack_control.py,88107.0,87851.0,W,8,6,3,33,21,0,0,0,75,10,15395.0,8,6,3,33,21,0,4,0,75,11,37581.0,8,6,3,13,20,10,25,0,100,13,59498.0,336,333,3,0,6,5,73,178,12,283,3,140.0,12478,330,50,11461,189,458,10258,80,639,27867,259,383,15102,72,250,3716,85,361,24910,246,197,13814,138,150,16729,354,31,136335,95667
112390797,1,w0_v15stack_control.py,OPP:ln,87851.0,88107.0,L,8,6,3,33,21,0,0,0,75,10,15379.0,8,6,3,33,21,0,4,0,75,11,37890.0,8,6,3,13,20,10,25,0,100,13,60093.0,373,354,15,4,7,5,74,177,12,283,3,140.0,12779,339,50,11133,183,458,10258,80,639,28861,282,383,15102,72,250,3782,85,361,25904,263,197,15030,146,150,16709,352,31,139558,98937
112391394,0,washamba_base_v1_fork.py,OPP:渡邊征央,120522.0,120509.0,W,8,6,3,33,21,0,0,0,75,10,15280.0,8,6,3,33,25,0,0,0,75,11,42010.0,8,6,3,13,27,0,18,0,75,11,94565.0,451,408,39,4,7,5,75,188,12,267,2,141.0,35772,891,50,14160,486,671,0,0,-1,67466,301,383,15102,72,250,6566,111,361,51595,393,197,6190,122,150,16837,383,31,213688,146919
112391394,1,OPP:渡邊征央,washamba_base_v1_fork.py,120509.0,120522.0,L,8,6,3,33,21,0,0,0,75,10,15174.0,8,6,3,33,25,0,0,0,75,11,41904.0,8,6,3,13,27,0,18,0,75,11,94459.0,356,346,6,4,8,6,75,187,12,267,2,152.0,35832,893,50,3691,130,674,0,0,-1,58675,261,383,15102,72,250,5495,94,361,36938,264,197,6172,104,150,16837,383,31,178742,122382
112392047,0,OPP:Ray Brothers,w0_v15stack_control.py,111546.0,113121.0,L,6,11,0,33,20,0,0,0,75,11,15172.0,6,11,0,33,25,0,0,0,75,11,47977.0,6,11,0,13,27,0,18,0,75,12,85924.0,348,314,34,0,5,5,60,183,13,282,2,141.0,14500,403,51,11783,231,674,0,0,-1,9208,284,382,15114,72,250,0,0,-1,43801,233,197,66341,356,150,16621,399,31,177368,134464
112392047,1,w0_v15stack_control.py,OPP:Ray Brothers,113121.0,111546.0,W,6,11,0,33,20,0,0,0,75,11,15728.0,6,11,0,33,25,0,0,0,75,11,48455.0,6,11,0,13,31,0,14,0,75,12,86884.0,257,248,5,4,7,5,44,178,12,282,2,141.0,12530,355,50,5271,102,674,0,0,-1,10875,267,386,15048,72,249,0,0,-1,39053,212,196,59507,297,151,14217,341,31,156501,124483
112392172,0,w0_v15stack_control.py,OPP:只因队,106776.0,108091.0,L,6,11,0,33,20,0,0,0,75,11,16008.0,6,11,0,33,25,0,0,0,75,11,51237.0,6,11,0,13,17,0,28,0,75,12,81986.0,252,243,5,4,7,5,44,187,12,282,2,140.0,10606,307,50,8818,158,626,0,0,-1,22923,260,386,15072,72,249,0,0,-1,41922,208,196,36658,269,151,14576,345,31,150575,116575
112392172,1,OPP:只因队,w0_v15stack_control.py,108091.0,106776.0,W,6,11,0,33,20,0,0,0,75,11,15838.0,6,11,0,33,25,0,0,0,75,11,51066.0,6,11,0,13,17,0,28,0,75,12,82713.0,255,247,4,4,7,5,46,190,12,282,2,140.0,10134,290,50,9755,178,218,0,0,-1,23676,265,386,15072,72,249,0,0,-1,41018,203,196,36115,261,151,14580,347,31,150350,115881
112392585,0,washamba_base_v1_fork.py,OPP:Pranav Arvind,95741.0,96110.0,L,8,6,3,33,21,0,0,0,75,10,15242.0,8,6,3,33,25,0,0,0,75,11,39454.0,8,6,3,13,27,0,18,0,75,11,77477.0,467,422,41,4,7,5,76,188,12,266,2,138.0,30977,844,50,22891,486,671,0,0,-1,50679,340,383,15102,72,250,6392,112,361,27529,370,197,18061,202,150,16397,383,31,188028,117763
112392585,1,OPP:Pranav Arvind,washamba_base_v1_fork.py,96110.0,95741.0,W,8,6,3,33,21,0,0,0,75,10,14664.0,8,6,3,33,25,0,0,0,75,11,39386.0,8,6,3,13,27,0,18,0,75,11,77017.0,342,331,11,0,7,6,76,187,12,266,2,155.0,15725,418,3,4511,97,674,0,0,-1,45381,283,383,15102,72,250,5121,90,361,21532,237,197,15382,151,150,16237,350,31,138991,102518
112393215,0,OPP:Linda Liu,w0_v15stack_control.py,80510.0,80631.0,L,8,6,3,33,21,0,0,0,75,10,14694.0,8,6,3,33,25,0,0,0,75,11,33358.0,8,6,3,13,27,0,18,0,75,11,63783.0,357,342,10,5,7,5,75,186,12,267,2,152.0,15724,409,50,6717,128,674,0,0,-1,34786,265,383,15102,72,250,5331,93,361,16256,242,197,6071,101,150,16288,357,31,116275,77546
112393215,1,w0_v15stack_control.py,OPP:Linda Liu,80631.0,80510.0,W,8,6,3,33,21,0,0,0,75,10,14775.0,8,6,3,33,25,0,0,0,75,11,33601.0,8,6,3,13,27,0,18,0,75,11,65012.0,374,356,14,4,7,5,73,183,12,266,2,141.0,15983,418,50,6079,115,674,0,0,-1,35325,276,383,15102,72,250,5217,91,361,17973,259,197,6206,102,150,16363,363,31,118248,79823
112393775,0,washamba_base_v1_fork.py,OPP:Ritwika Kancharla,97617.0,97262.0,W,8,6,3,33,21,0,0,0,75,10,14836.0,8,6,3,33,25,0,0,0,75,11,34596.0,8,6,3,13,18,0,27,0,75,11,74601.0,466,421,41,4,7,5,75,180,12,267,2,138.0,26469,748,50,45791,651,578,0,0,-1,62563,314,383,15102,72,250,4898,92,361,12501,299,197,6103,123,150,16619,398,31,190046,101167
112393775,1,OPP:Ritwika Kancharla,washamba_base_v1_fork.py,97262.0,97617.0,L,8,6,3,33,21,0,0,0,75,10,14272.0,8,6,3,33,25,0,0,0,75,11,34544.0,8,6,3,13,18,0,27,0,75,11,74156.0,346,334,12,0,7,6,75,180,12,267,2,155.0,14012,386,3,13946,196,578,0,0,-1,56689,283,383,15102,72,250,4486,84,361,11373,196,197,6170,104,150,16332,356,31,138110,93820
112393957,0,w0_v15stack_control.py,OPP:Jayden Y,83451.0,82782.0,W,6,11,0,33,20,0,0,0,75,11,13926.0,6,11,0,33,25,0,0,0,75,11,42879.0,6,11,0,13,31,0,14,0,75,12,67482.0,264,254,6,4,7,5,46,183,12,283,2,141.0,15260,391,50,5653,104,674,0,0,-1,21868,258,386,15072,72,249,0,0,-1,8536,183,196,45542,290,151,14533,337,31,126464,91018
112393957,1,OPP:Jayden Y,w0_v15stack_control.py,82782.0,83451.0,L,6,11,0,33,20,0,0,0,75,11,13849.0,6,11,0,33,25,0,0,0,75,11,42836.0,6,11,0,13,31,0,14,0,75,12,66340.0,235,228,1,6,8,6,48,188,12,283,2,151.0,15025,385,2,5739,106,674,0,0,-1,20778,245,386,15072,72,249,0,0,-1,8005,159,196,43048,271,151,14316,315,31,121983,86903
112394467,0,w0_v15stack_control.py,OPP:Takuto Inoue,65845.0,66066.0,L,6,6,5,33,21,0,0,0,75,10,13953.0,6,6,5,33,25,0,0,0,75,11,31423.0,6,6,5,13,26,0,19,0,75,11,49042.0,379,357,18,4,7,5,72,178,12,267,2,140.0,16297,410,50,7583,127,674,0,0,-1,17384,273,383,15102,72,250,9013,165,265,13576,208,197,6205,101,150,16489,362,31,101649,61280
112394467,1,OPP:Takuto Inoue,w0_v15stack_control.py,66066.0,65845.0,W,6,6,5,33,21,0,0,0,75,10,13916.0,6,6,5,33,25,0,0,0,75,11,30690.0,6,6,5,13,26,0,19,0,75,11,48527.0,357,338,15,4,8,6,73,182,12,267,2,200.0,15957,400,50,7973,134,674,0,0,-1,17951,275,383,15102,72,250,8966,165,265,13783,204,197,6187,101,150,16382,354,31,102301,61989
112395133,0,OPP:mhiro2,washamba_base_v1_fork.py,103178.0,104385.0,L,9,5,3,33,21,0,0,0,75,10,15455.0,9,5,3,33,25,0,0,0,75,11,41988.0,9,5,3,13,27,0,18,0,75,11,81106.0,351,339,12,0,7,6,73,187,12,266,2,153.0,14528,389,3,4824,98,674,0,0,-1,35375,290,383,15102,72,250,4394,84,361,40519,277,197,12932,117,150,16211,353,31,143885,108322
112395133,1,washamba_base_v1_fork.py,OPP:mhiro2,104385.0,103178.0,W,9,5,3,33,21,0,0,0,75,10,16017.0,9,5,3,33,25,0,0,0,75,11,42045.0,9,5,3,13,27,0,18,0,75,11,82013.0,468,420,44,4,7,5,75,189,12,267,2,138.0,29318,791,50,27590,558,671,0,0,-1,39619,338,383,15102,72,250,5916,114,361,57460,425,197,17623,160,150,16412,385,31,209040,135720
112395565,0,w0_v15stack_control.py,OPP:Takuto Inoue,100153.0,99743.0,W,4,9,4,33,21,0,0,0,75,10,13313.0,4,9,4,33,18,0,7,0,75,11,37553.0,4,9,4,13,8,10,37,0,100,13,65525.0,361,345,11,5,7,5,74,174,12,282,3,139.0,11331,300,50,26935,212,458,9854,80,647,28352,264,383,15102,72,250,6444,150,265,5294,135,197,30352,188,150,16594,356,31,150258,95398
112395565,1,OPP:Takuto Inoue,w0_v15stack_control.py,99743.0,100153.0,L,4,9,4,33,21,0,0,0,75,10,13281.0,4,9,4,33,18,0,7,0,75,11,37401.0,4,9,4,13,8,10,37,0,100,13,65030.0,342,329,8,5,8,6,76,178,12,283,3,199.0,10786,285,50,28201,224,458,9854,80,647,28172,257,383,15102,72,250,6444,150,265,5208,133,197,29554,187,150,16417,347,31,149738,94334
112396791,0,w0_v15stack_control.py,OPP:r2singh,106663.0,105607.0,W,8,6,3,33,21,0,0,0,75,10,15599.0,8,6,3,33,25,0,0,0,75,11,37516.0,8,6,3,13,27,0,18,0,75,11,81773.0,365,352,9,4,7,5,74,187,12,268,2,140.0,19799,474,50,4089,97,674,0,0,-1,57902,267,383,15102,72,250,5510,93,361,14801,214,197,9535,112,150,16745,349,31,143483,102850
112396791,1,OPP:r2singh,w0_v15stack_control.py,105607.0,106663.0,L,8,6,3,33,21,0,0,0,75,10,15562.0,8,6,3,33,25,0,0,0,75,11,37390.0,8,6,3,13,27,0,18,0,75,11,80748.0,360,347,9,4,8,6,75,188,12,268,2,200.0,19767,473,50,4089,97,674,0,0,-1,56168,259,383,15102,72,250,5448,92,361,14481,211,197,9472,114,150,16737,350,31,141264,100671
112398030,0,OPP:Adhiraj Jagtap,w0_v15stack_control.py,71252.0,71995.0,L,8,6,3,33,21,0,0,0,75,10,15237.0,8,6,3,33,25,0,0,0,75,11,37613.0,8,6,3,13,27,0,18,0,75,11,55174.0,348,334,10,4,7,5,77,188,12,268,2,147.0,16671,415,50,2785,97,674,0,0,-1,6605,273,383,15102,72,250,5016,89,361,28561,274,197,19702,166,150,16771,349,31,111213,74986
112398030,1,w0_v15stack_control.py,OPP:Adhiraj Jagtap,71995.0,71252.0,W,8,6,3,33,21,0,0,0,75,10,15230.0,8,6,3,33,25,0,0,0,75,11,37680.0,8,6,3,13,27,0,18,0,75,11,55850.0,370,352,14,4,7,5,76,187,12,268,2,135.0,16671,415,50,2785,97,674,0,0,-1,6451,280,383,15102,72,250,5018,89,361,28625,283,197,20530,166,150,16802,349,31,111984,75726
112399191,0,OPP:xaxipiruli,w0_v15stack_control.py,83115.0,86999.0,L,6,9,2,33,21,0,0,0,75,10,12856.0,6,9,2,33,25,0,0,0,75,11,39187.0,6,9,2,13,26,0,19,0,75,11,67906.0,374,361,9,4,8,6,107,184,12,268,2,200.0,161353,3674,50,7179,122,674,0,0,-1,36571,281,383,15102,72,250,4537,77,265,6142,184,197,25303,211,150,15986,340,31,272173,87655
112399191,1,w0_v15stack_control.py,OPP:xaxipiruli,86999.0,83115.0,W,6,9,2,33,21,0,0,0,75,10,12893.0,6,9,2,33,25,0,0,0,75,11,40667.0,6,9,2,13,26,0,19,0,75,11,71576.0,387,372,11,4,7,5,106,180,12,268,2,140.0,161983,3695,50,6847,116,674,0,0,-1,36693,283,383,15102,72,250,4537,77,265,6268,183,197,25994,211,150,16100,346,31,273524,88594
112400373,0,OPP:Djaafar Lecheheb DL,w0_v15stack_control.py,62018.0,62635.0,L,8,6,3,33,21,0,0,0,75,10,15626.0,8,6,3,33,25,0,0,0,75,11,32376.0,8,6,3,13,18,10,27,0,100,13,36300.0,345,335,6,4,7,5,76,178,12,284,3,141.0,16612,408,50,8751,151,650,14182,80,639,7524,270,383,15102,72,250,4680,84,361,16116,218,197,6188,102,150,17026,356,31,106181,63792
112400373,1,w0_v15stack_control.py,OPP:Djaafar Lecheheb DL,62635.0,62018.0,W,8,6,3,33,21,0,0,0,75,10,15605.0,8,6,3,33,25,0,0,0,75,11,32451.0,8,6,3,13,18,10,27,0,100,13,36864.0,379,362,13,4,7,5,75,177,12,284,3,141.0,16936,417,50,8439,145,650,14182,80,639,7753,285,383,15102,72,250,4735,85,361,16890,234,197,6220,100,150,16956,352,31,107213,64882
112401687,0,OPP:masb,w0_v15stack_control.py,59896.0,60301.0,L,6,11,0,33,20,0,0,0,75,11,13433.0,6,11,0,33,25,0,0,0,75,11,38080.0,6,11,0,13,19,0,26,0,75,12,46545.0,249,236,9,4,8,6,48,193,12,282,2,199.0,10980,293,50,13763,214,530,0,0,-1,8416,252,385,15072,72,249,0,0,-1,5677,175,196,32518,266,151,14284,341,31,100710,61683
112401687,1,w0_v15stack_control.py,OPP:masb,60301.0,59896.0,W,6,11,0,33,20,0,0,0,75,11,13464.0,6,11,0,33,25,0,0,0,75,11,38131.0,6,11,0,13,19,0,26,0,75,12,46804.0,257,245,8,4,7,5,47,187,12,282,2,139.0,11287,302,50,13350,207,530,0,0,-1,8535,259,385,15072,72,249,0,0,-1,5705,175,196,32668,266,151,14336,349,31,100953,61980
112402860,0,OPP:arumajiro,w0_v15stack_control.py,87940.0,88725.0,L,6,11,0,33,20,0,0,0,75,11,13751.0,6,11,0,33,25,0,0,0,75,11,43223.0,6,11,0,13,17,0,28,0,75,12,72905.0,253,246,7,0,6,5,47,191,12,281,2,140.0,11622,295,50,11956,205,218,0,0,-1,31569,261,385,15072,72,249,0,0,-1,7733,186,196,37665,274,151,14579,350,31,130196,92039
112402860,1,w0_v15stack_control.py,OPP:arumajiro,88725.0,87940.0,W,6,11,0,33,20,0,0,0,75,11,13922.0,6,11,0,33,25,0,0,0,75,11,43423.0,6,11,0,13,17,0,28,0,75,12,72759.0,257,245,8,4,7,5,45,187,12,283,2,140.0,13951,355,50,9553,162,625,0,0,-1,31667,261,385,15072,72,249,0,0,-1,7723,182,196,38443,274,151,14567,345,31,130976,92905
112403565,0,OPP:htsbrer,washamba_base_v1_fork.py,101136.0,101245.0,L,8,6,3,33,21,0,0,0,75,10,15507.0,8,6,3,33,25,0,0,0,75,11,36248.0,8,6,3,13,27,10,18,0,100,13,53903.0,469,422,42,5,7,5,75,188,12,286,3,152.0,34766,805,50,23895,472,671,44258,110,639,28823,356,383,15102,72,250,5580,111,361,33081,374,197,13640,176,150,16972,372,31,216117,140484
112403565,1,washamba_base_v1_fork.py,OPP:htsbrer,101245.0,101136.0,W,8,6,3,33,21,0,0,0,75,10,15616.0,8,6,3,33,25,0,0,0,75,11,36357.0,8,6,3,13,27,10,18,0,100,13,54012.0,469,423,42,4,7,5,75,189,12,286,3,141.0,34765,805,50,23895,472,671,44258,110,639,28823,356,383,15102,72,250,5580,111,361,33081,374,197,13640,176,150,16972,372,31,216116,140484
112404080,0,OPP:Matt,w0_v15stack_control.py,137317.0,138427.0,L,9,5,3,33,21,0,0,0,75,10,16011.0,9,5,3,33,25,0,0,0,75,11,43677.0,9,5,3,13,27,10,18,0,100,13,89043.0,351,338,9,4,7,5,75,189,12,283,3,140.0,15241,402,50,4057,96,674,22592,80,639,37854,288,383,15102,72,250,3964,91,361,61395,273,197,9381,101,150,16555,343,31,186141,150288
112404080,1,w0_v15stack_control.py,OPP:Matt,138427.0,137317.0,W,9,5,3,33,21,0,0,0,75,10,16013.0,9,5,3,33,25,0,0,0,75,11,44032.0,9,5,3,13,27,10,18,0,100,13,89487.0,359,340,15,4,7,5,74,188,12,283,3,140.0,15241,402,50,4057,96,674,22592,80,639,38791,292,383,15102,72,250,4030,91,361,61395,273,197,9571,101,150,16575,343,31,187354,151481
112405282,0,w0_v15stack_control.py,OPP:track,60000.0,59874.0,W,6,6,5,33,21,0,0,0,75,10,13509.0,6,6,5,33,25,0,0,0,75,11,29592.0,6,6,5,13,18,0,27,0,75,11,44213.0,385,369,12,4,7,5,105,178,12,266,2,140.0,158442,3652,50,8039,157,601,0,0,-1,13108,283,383,15102,72,250,8820,161,265,9542,191,197,12180,131,150,15471,346,31,240704,58752
112405282,1,OPP:track,w0_v15stack_control.py,59874.0,60000.0,L,6,6,5,33,21,0,0,0,75,10,13429.0,6,6,5,33,25,0,0,0,75,11,29737.0,6,6,5,13,18,0,27,0,75,11,44090.0,380,364,12,4,7,5,106,179,12,266,2,140.0,157734,3631,50,8303,163,601,0,0,-1,13263,283,383,15102,72,250,8820,161,265,9587,192,197,12204,131,150,15455,346,31,240468,58976
112406501,0,w0_v15stack_control.py,OPP:Nisshi888880,70214.0,68998.0,W,6,6,5,33,21,0,0,0,75,10,13495.0,6,6,5,33,18,0,7,0,75,11,32735.0,6,6,5,13,17,0,28,0,75,11,50755.0,390,372,14,4,7,5,73,176,12,268,2,140.0,11765,323,50,17230,216,418,0,0,-1,10605,278,383,15102,72,250,7388,162,265,8138,202,197,21268,158,150,16716,376,31,108212,62501
112406501,1,OPP:Nisshi888880,w0_v15stack_control.py,68998.0,70214.0,L,6,6,5,33,21,0,0,0,75,10,13671.0,6,6,5,33,18,0,7,0,75,11,32137.0,6,6,5,13,17,0,28,0,75,11,49496.0,363,345,14,4,7,5,74,177,12,268,2,140.0,11671,319,50,17681,222,434,0,0,-1,11133,278,383,15102,72,250,7076,158,265,7504,188,197,20254,155,150,16549,375,31,106970,61069
112407042,0,OPP:Ta_____ko,washamba_base_v1_fork.py,84211.0,84613.0,L,6,9,2,33,21,0,0,0,75,10,12981.0,6,9,2,33,25,0,0,0,75,11,39625.0,6,9,2,13,20,10,25,0,100,13,58790.0,484,426,53,5,7,5,68,183,12,288,3,152.0,48241,1150,50,34846,526,602,16028,110,643,36628,341,383,15102,72,250,6387,125,265,6904,271,197,29216,287,150,16264,358,31,209616,110265
112407042,1,washamba_base_v1_fork.py,OPP:Ta_____ko,84613.0,84211.0,W,6,9,2,33,21,0,0,0,75,10,13090.0,6,9,2,33,25,0,0,0,75,11,39734.0,6,9,2,13,18,10,27,0,100,13,59013.0,485,421,60,4,7,5,68,185,12,288,3,141.0,47674,1135,50,36323,548,578,16028,110,643,36628,341,383,15102,72,250,6387,125,265,6904,271,197,29216,287,150,16264,358,31,210526,110265
112407693,0,w0_v15stack_control.py,OPP:kawauso9n,112460.0,112590.0,L,6,6,5,33,21,0,0,0,75,10,13591.0,6,6,5,33,25,0,0,0,75,11,36414.0,6,6,5,13,18,10,27,0,100,13,72476.0,359,346,9,4,7,5,67,180,12,284,3,141.0,33044,763,50,12252,179,530,18906,80,643,57371,290,383,15102,72,250,6873,161,265,6983,191,197,21263,177,150,16291,341,31,188085,126498
112407693,1,OPP:kawauso9n,w0_v15stack_control.py,112590.0,112460.0,W,6,6,5,33,21,0,0,0,75,10,13612.0,6,6,5,33,25,0,0,0,75,11,36213.0,6,6,5,13,18,10,27,0,100,13,72214.0,344,332,8,4,7,5,68,181,12,284,3,141.0,31986,736,50,12624,185,530,18906,80,643,57547,290,383,15102,72,250,6861,161,265,7090,192,197,20606,169,150,16279,341,31,187001,126112
112408891,0,OPP:huaiyuyoung,w0_v15stack_control.py,62667.0,63541.0,L,8,6,3,33,21,0,0,0,75,10,15562.0,8,6,3,33,25,0,0,0,75,11,34551.0,8,6,3,13,27,10,18,0,100,13,41276.0,361,346,11,4,8,6,76,189,12,285,3,200.0,19663,475,50,4445,96,674,10947,77,639,13519,277,383,15102,72,250,5119,87,361,14603,217,197,6178,100,150,17071,343,31,106647,65468
112408891,1,w0_v15stack_control.py,OPP:huaiyuyoung,63541.0,62667.0,W,8,6,3,33,21,0,0,0,75,10,15599.0,8,6,3,33,25,0,0,0,75,11,34684.0,8,6,3,13,27,10,18,0,100,13,42075.0,375,360,11,4,7,5,75,188,12,285,3,140.0,19693,476,50,4445,96,674,10947,77,639,13824,285,383,15102,72,250,5182,88,361,15040,220,197,6212,100,150,17043,341,31,107488,66307
112410075,0,OPP:neibyr,w0_v15stack_control.py,132143.0,133269.0,L,6,11,0,33,20,0,0,0,75,11,15958.0,6,11,0,33,25,0,0,0,75,11,52910.0,6,11,0,13,31,0,14,0,75,12,104191.0,348,238,52,108,6,5,44,184,12,282,2,140.0,12541,371,50,4805,108,674,0,0,-1,47271,246,386,15072,72,249,0,0,-1,47737,200,196,29505,260,151,14513,336,31,171444,139585
112410075,1,w0_v15stack_control.py,OPP:neibyr,133269.0,132143.0,W,6,11,0,33,20,0,0,0,75,11,16020.0,6,11,0,33,25,0,0,0,75,11,52980.0,6,11,0,13,31,0,14,0,75,12,105249.0,254,246,4,4,7,5,44,183,12,282,2,140.0,12674,378,50,4557,102,674,0,0,-1,47271,246,386,15072,72,249,0,0,-1,48418,203,196,31846,281,151,14559,342,31,174397,142607
112411245,0,OPP:[HSE Lyceum ML] zaepupno,w0_v15stack_control.py,106910.0,108215.0,L,9,5,3,33,21,0,0,0,75,10,15814.0,9,5,3,33,25,0,0,0,75,11,43896.0,9,5,3,13,27,10,18,0,100,13,70662.0,356,340,11,5,7,5,76,188,12,284,3,152.0,16464,398,50,4781,96,674,18834,80,639,24290,283,383,15102,72,250,4047,91,361,33095,283,197,25451,145,150,16951,347,31,159015,120819
112411245,1,w0_v15stack_control.py,OPP:[HSE Lyceum ML] zaepupno,108215.0,106910.0,W,9,5,3,33,21,0,0,0,75,10,15902.0,9,5,3,33,25,0,0,0,75,11,44452.0,9,5,3,13,27,10,18,0,100,13,71879.0,366,350,12,4,7,5,75,188,12,284,3,141.0,16553,401,50,4781,96,674,18834,80,639,24385,286,383,15102,72,250,4110,91,361,34007,291,197,25952,145,150,16952,346,31,160676,122390
112411521,0,washamba_base_v1_fork.py,OPP:fufufukakaka,69570.0,77334.0,L,6,6,5,33,21,0,0,0,75,10,16854.0,6,6,5,33,18,0,7,0,75,11,28967.0,6,6,5,13,0,0,41,0,75,11,41191.0,455,415,35,5,7,5,76,176,12,267,2,139.0,17683,506,50,89958,683,217,0,0,-1,11261,290,383,17928,72,250,8743,204,265,8122,250,197,5390,133,150,17017,403,31,176102,51444
112411521,1,OPP:fufufukakaka,washamba_base_v1_fork.py,77334.0,69570.0,W,6,4,6,29,19,0,4,7,75,9,1853.0,6,4,6,32,20,7,5,14,100,12,16969.0,6,4,6,4,22,15,25,2,100,12,41359.0,312,312,0,0,8,8,19,68,6,288,3,22.0,12516,359,123,27248,228,289,7731,101,593,12063,214,277,15280,96,408,9609,214,285,5529,139,197,6401,88,151,14814,262,32,111191,56613
112412435,0,w0_v15stack_control.py,OPP:Tarang222,135357.0,131912.0,W,12,5,0,33,21,0,0,0,75,10,16082.0,12,5,0,33,25,0,0,0,75,11,48863.0,12,5,0,13,27,0,18,0,75,11,111852.0,348,332,12,4,7,5,74,187,12,268,2,141.0,17192,418,50,4696,97,674,0,0,-1,51739,276,383,15102,72,250,0,0,-1,45489,334,197,26325,147,150,16818,352,31,177361,138655
112412435,1,OPP:Tarang222,w0_v15stack_control.py,131912.0,135357.0,L,12,5,0,33,21,0,0,0,75,10,16084.0,12,5,0,33,25,0,0,0,75,11,48743.0,12,5,0,13,27,10,18,0,100,13,102805.0,340,326,10,4,7,5,76,189,12,284,3,141.0,16568,403,50,4653,96,674,8352,80,639,50237,268,383,15102,72,250,0,0,-1,44246,342,197,24368,139,150,16765,345,31,180291,142305
112413657,0,OPP:Matin Urdu,w0_v15stack_control.py,100431.0,96541.0,W,8,4,5,33,21,0,0,0,75,10,15803.0,8,4,5,33,25,0,0,0,75,11,38038.0,8,4,5,13,27,0,18,0,75,11,79462.0,343,332,7,4,7,5,94,190,12,271,2,141.0,68506,1555,50,4589,97,674,0,0,-1,53500,277,383,15102,72,250,8346,147,362,13977,213,197,6090,72,150,16734,343,31,186844,97015
112413657,1,w0_v15stack_control.py,OPP:Matin Urdu,96541.0,100431.0,L,8,6,3,33,21,0,0,0,75,10,15481.0,8,6,3,33,25,0,0,0,75,11,37196.0,8,6,3,13,27,0,18,0,75,11,76476.0,356,345,7,4,7,5,74,187,12,267,2,141.0,19562,466,50,4589,97,674,0,0,-1,50708,268,383,14778,72,250,5235,92,361,14704,230,197,6127,101,150,17038,349,31,132741,91552
112414832,0,w0_v15stack_control.py,OPP:Heisnotanimposter,119213.0,119093.0,W,6,6,5,33,21,0,0,0,75,10,14044.0,6,6,5,33,25,0,0,0,75,11,33863.0,6,6,5,13,18,10,27,0,100,13,73180.0,355,342,9,4,7,5,68,180,12,284,3,141.0,34272,775,50,11016,178,578,17568,80,643,59986,287,383,15102,72,250,6871,162,265,30793,238,197,6246,114,150,16306,341,31,198160,136566
112414832,1,OPP:Heisnotanimposter,w0_v15stack_control.py,119093.0,119213.0,L,6,6,5,33,21,0,0,0,75,10,14065.0,6,6,5,33,25,0,0,0,75,11,33796.0,6,6,5,13,18,10,27,0,100,13,72970.0,344,332,8,4,7,5,69,184,12,284,3,141.0,33141,748,50,11535,187,530,17568,80,643,60175,287,383,15102,72,250,6857,162,265,30718,238,197,6251,113,150,16187,335,31,197534,136671
112415277,0,OPP:julian andres viejo garrido,w0_v15stack_control.py,65071.0,67389.0,L,6,6,5,33,21,0,0,0,75,10,13507.0,6,6,5,33,25,0,0,0,75,11,30146.0,6,6,5,13,18,0,27,0,75,11,48868.0,380,368,8,4,7,5,107,183,12,267,2,140.0,159853,3621,50,10531,183,578,0,0,-1,23858,284,383,15102,72,250,8314,163,265,9477,196,197,6252,106,150,15764,341,31,249151,63003
112415277,1,w0_v15stack_control.py,OPP:julian andres viejo garrido,67389.0,65071.0,W,6,6,5,33,21,0,0,0,75,10,13516.0,6,6,5,33,25,0,0,0,75,11,31248.0,6,6,5,13,18,0,27,0,75,11,51062.0,390,376,10,4,7,5,106,179,12,267,2,140.0,160582,3640,50,10229,177,578,0,0,-1,23886,284,383,15102,72,250,8316,163,265,9495,196,197,6258,106,150,15866,348,31,249734,63057
112416020,0,w0_v15stack_control.py,OPP:satoooh,99368.0,100070.0,L,12,5,0,33,21,0,0,0,75,10,16184.0,12,5,0,33,25,0,0,0,75,11,44475.0,12,5,0,13,27,10,18,0,100,13,76215.0,353,335,14,4,7,5,74,189,12,283,3,140.0,16115,413,50,5153,105,674,12634,80,639,34372,283,383,15102,72,250,0,0,-1,40504,330,197,6122,90,150,16567,353,31,146569,108734
112416020,1,OPP:satoooh,w0_v15stack_control.py,100070.0,99368.0,W,12,5,0,33,21,0,0,0,75,10,16203.0,12,5,0,33,25,0,0,0,75,11,44499.0,12,5,0,13,27,10,18,0,100,13,76814.0,330,312,14,4,7,5,75,190,12,283,3,140.0,15586,397,50,5736,118,674,12634,80,639,33455,273,383,15102,72,250,0,0,-1,41491,326,197,6051,89,150,16501,349,31,146556,108733
112416220,0,w0_v15stack_control.py,OPP:Sheep Are All You need,106506.0,106405.0,W,8,6,3,33,21,0,0,0,75,10,14768.0,8,6,3,33,25,0,0,0,75,11,34425.0,8,6,3,13,27,0,18,0,75,11,80193.0,363,348,11,4,7,5,74,187,12,268,2,141.0,18719,454,50,3752,97,674,0,0,-1,54078,267,383,15102,72,250,5142,88,361,26672,263,197,6161,101,150,16738,349,31,146364,107155
112416220,1,OPP:Sheep Are All You need,w0_v15stack_control.py,106405.0,106506.0,L,8,6,3,33,21,0,0,0,75,10,14796.0,8,6,3,33,25,0,0,0,75,11,34311.0,8,6,3,13,27,0,18,0,75,11,80014.0,343,335,4,4,7,5,75,188,12,268,2,141.0,18629,451,50,3752,97,674,0,0,-1,51581,252,383,15102,72,250,5153,88,361,24629,250,197,6147,103,150,16782,352,31,141775,102612
112417197,0,w0_v15stack_control.py,OPP:Hibachi Fried Rice,89777.0,89954.0,L,6,9,2,33,21,0,0,0,75,10,12989.0,6,9,2,33,20,0,5,0,75,11,37068.0,6,9,2,13,18,0,27,0,75,11,64606.0,366,349,13,4,7,5,72,176,12,266,2,140.0,11451,325,50,13741,219,386,0,0,-1,10850,281,383,15102,72,250,3956,74,265,5195,195,197,48155,214,150,16094,372,31,124544,83258
112417197,1,OPP:Hibachi Fried Rice,w0_v15stack_control.py,89954.0,89777.0,W,6,9,2,33,21,0,0,0,75,10,12980.0,6,9,2,33,20,0,5,0,75,11,36946.0,6,9,2,13,18,0,27,0,75,11,64663.0,313,306,1,6,8,6,74,183,12,266,2,140.0,9110,259,2,14021,224,386,0,0,-1,9808,251,383,15102,72,250,3962,74,265,5066,148,197,48555,216,150,15230,331,31,120854,82493
112418232,0,OPP:Tom3,washamba_base_v1_fork.py,124279.0,122185.0,W,12,5,0,33,21,0,0,0,75,10,15635.0,12,5,0,33,25,0,0,0,75,11,44873.0,12,5,0,13,27,10,18,0,100,13,92314.0,332,324,4,4,8,6,77,197,12,284,3,200.0,55422,1304,50,4477,101,674,11732,80,643,55382,273,383,15102,72,250,0,0,-1,46602,322,197,6123,91,150,15682,317,31,210522,134941
112418232,1,washamba_base_v1_fork.py,OPP:Tom3,122185.0,124279.0,L,12,5,0,33,21,0,0,0,75,10,16148.0,12,5,0,33,25,0,0,0,75,11,44895.0,12,5,0,13,27,10,18,0,100,13,90943.0,436,391,41,4,7,5,86,189,12,287,3,140.0,73525,1800,50,18917,419,671,15032,110,643,62734,308,383,15102,72,250,0,0,-1,57098,484,197,6032,112,150,16852,361,31,265292,155998
112418339,0,washamba_base_v1_fork.py,OPP:Pand,87792.0,87735.0,W,6,11,0,33,20,0,0,0,75,11,13868.0,6,17,0,33,25,0,0,0,100,12,33869.0,6,17,0,13,31,0,14,0,100,13,70215.0,400,348,48,4,7,5,60,188,13,302,3,139.0,34766,824,50,21946,421,671,0,0,-1,16275,287,386,15072,72,249,0,0,-1,6890,241,196,77344,438,151,14041,410,31,186334,115581
112418339,1,OPP:Pand,washamba_base_v1_fork.py,87735.0,87792.0,L,6,11,0,33,20,0,0,0,75,11,13897.0,6,17,0,33,25,0,0,0,100,12,33812.0,6,17,0,13,31,0,14,0,100,13,70158.0,399,348,47,4,7,6,61,188,13,302,3,199.0,34742,824,50,21946,421,671,0,0,-1,16275,287,386,15072,72,249,0,0,-1,6890,241,196,77344,438,151,14041,410,31,186310,115581
112418414,0,OPP:elren,w0_v15stack_control.py,138687.0,139229.0,L,12,5,0,33,21,0,0,0,75,10,16021.0,12,5,0,33,25,0,0,0,75,11,44099.0,12,5,0,13,27,10,18,0,100,13,77000.0,341,322,15,4,7,5,78,191,12,284,3,141.0,16592,395,50,3551,96,674,41578,80,639,8038,297,383,15102,72,250,0,0,-1,60532,336,197,29069,153,150,16699,343,31,191161,154319
112418414,1,w0_v15stack_control.py,OPP:elren,139229.0,138687.0,W,12,5,0,33,21,0,0,0,75,10,16026.0,12,5,0,33,25,0,0,0,75,11,44118.0,12,5,0,13,27,10,18,0,100,13,76986.0,345,324,17,4,7,5,77,190,12,284,3,141.0,16592,395,50,3551,96,674,41578,80,639,8701,299,383,15102,72,250,0,0,-1,60741,336,197,28397,150,150,16698,342,31,191360,154519
112419429,0,washamba_base_v1_fork.py,OPP:Sam-wiz,125222.0,125273.0,L,6,6,5,33,21,0,0,0,75,10,13656.0,6,6,5,33,18,0,7,0,75,11,30081.0,6,6,5,13,15,10,30,0,100,13,66425.0,477,426,47,4,7,5,72,180,12,286,3,141.0,21510,514,50,56466,646,458,47406,110,639,64447,313,383,15102,72,250,8928,209,265,6163,266,197,6130,124,150,16826,362,31,242978,148176
112419429,1,OPP:Sam-wiz,washamba_base_v1_fork.py,125273.0,125222.0,W,6,6,5,33,21,0,0,0,75,10,13550.0,6,6,5,33,18,0,7,0,75,11,30406.0,6,6,5,13,15,10,30,0,100,13,66786.0,356,341,10,5,7,5,72,179,12,284,3,152.0,13041,317,50,19159,215,458,35206,79,639,56302,272,383,15102,72,250,6970,160,265,5370,177,197,6253,105,150,16624,350,31,174027,125203
112419644,0,w0_v15stack_control.py,OPP:Wills Cui,75806.0,73943.0,W,6,9,2,33,21,0,0,0,75,10,12977.0,6,9,2,33,25,0,0,0,75,11,36005.0,6,9,2,13,27,0,18,0,75,11,56769.0,363,342,17,4,7,5,71,187,12,266,2,141.0,15914,406,50,3228,97,674,0,0,-1,16515,279,383,15102,72,250,4376,74,265,21030,225,197,24931,221,150,16126,348,31,117222,81954
112419644,1,OPP:Wills Cui,w0_v15stack_control.py,73943.0,75806.0,L,6,9,2,33,21,0,0,0,75,10,12998.0,6,9,2,33,25,0,0,0,75,11,35168.0,6,9,2,13,27,0,18,0,75,11,55057.0,343,328,11,4,7,5,72,188,12,266,2,141.0,15824,403,50,3228,97,674,0,0,-1,16309,289,383,15102,72,250,4376,74,265,21135,225,197,23676,220,150,16134,350,31,115784,80598
112419679,0,OPP:Niloofar Y.,washamba_base_v1_fork.py,97742.0,94989.0,W,6,11,0,33,20,0,0,0,75,11,13935.0,6,11,0,33,25,0,0,0,75,11,43852.0,6,11,0,13,31,0,14,0,75,12,78242.0,251,242,5,4,7,5,44,188,12,281,2,141.0,16719,407,50,2647,87,674,0,0,-1,40573,259,386,15072,72,249,0,0,-1,19153,201,196,31885,271,151,14381,324,31,140430,106683
112419679,1,washamba_base_v1_fork.py,OPP:Niloofar Y.,94989.0,97742.0,L,6,11,0,33,20,0,0,0,75,11,13877.0,6,11,0,33,25,0,0,0,75,11,43654.0,6,11,0,13,31,0,14,0,75,12,76270.0,350,305,41,4,7,5,44,188,12,281,2,141.0,32058,795,50,13629,430,671,0,0,-1,43220,293,386,15072,72,249,0,0,-1,31878,288,196,29611,300,151,14451,368,31,179919,119781
112420863,0,OPP:Edwards Neuron,w0_v15stack_control.py,99474.0,100723.0,L,8,6,3,33,21,0,0,0,75,10,14771.0,8,6,3,33,25,0,0,0,75,11,35076.0,8,6,3,13,27,0,18,0,75,11,79203.0,353,340,9,4,7,5,75,188,12,268,2,144.0,18704,466,50,2785,97,674,0,0,-1,54792,255,383,15102,72,250,5649,88,361,14295,233,197,6153,103,150,16748,350,31,134228,95991
112420863,1,w0_v15stack_control.py,OPP:Edwards Neuron,100723.0,99474.0,W,8,6,3,33,21,0,0,0,75,10,14694.0,8,6,3,33,25,0,0,0,75,11,35013.0,8,6,3,13,27,0,18,0,75,11,80325.0,369,355,10,4,7,5,74,186,12,268,2,138.0,18710,466,50,2785,97,674,0,0,-1,57276,268,383,15102,72,250,5648,88,361,15589,248,197,6229,101,150,16728,348,31,138067,99844
112421724,0,OPP:Allen Chun,w1_v15stack_race44.py,20871.0,95040.0,L,1,0,0,11,0,0,0,2,25,5,889.0,4,0,1,6,0,0,5,2,25,6,5382.0,4,0,6,0,0,0,9,0,25,10,13577.0,258,258,0,0,2,2,251,21,7,185,0,200.0,30136,754,3,4560,75,505,0,0,-1,4209,44,265,5160,24,313,3292,56,529,10128,66,212,0,0,-1,5715,104,49,63200,22789
112421724,1,w1_v15stack_race44.py,OPP:Allen Chun,95040.0,20871.0,W,8,6,3,33,21,0,0,0,75,10,19307.0,8,6,3,33,25,0,0,0,75,11,45975.0,8,6,3,13,27,0,18,0,75,11,71205.0,377,363,10,4,7,5,72,182,12,263,2,150.0,15443,364,50,6948,110,674,0,0,-1,8036,279,383,17928,72,250,5226,91,361,45305,286,197,12411,132,150,22828,356,31,134125,88906
112422036,0,w0_v15stack_control.py,OPP:Дворкин Евгений Владимирович,75782.0,75451.0,W,6,11,0,33,20,0,0,0,75,11,13935.0,6,11,0,33,25,0,0,0,75,11,41514.0,6,11,0,13,31,0,14,0,75,12,56879.0,261,249,8,4,7,5,44,188,12,282,2,141.0,14843,389,50,4549,90,674,0,0,-1,7807,261,386,15072,72,249,0,0,-1,33265,230,196,32051,268,151,14581,340,31,122168,88195
112422036,1,OPP:Дворкин Евгений Владимирович,w0_v15stack_control.py,75451.0,75782.0,L,6,11,0,33,20,0,0,0,75,11,13877.0,6,11,0,33,25,0,0,0,75,11,41396.0,6,11,0,13,31,0,14,0,75,12,56510.0,260,250,6,4,7,5,44,188,12,282,2,141.0,14837,388,50,4549,90,674,0,0,-1,7793,265,386,15072,72,249,0,0,-1,33199,230,196,31750,268,151,14585,342,31,121785,87814
112422899,0,OPP:Dynamic_fire07,w1_v15stack_race44.py,82193.0,119833.0,L,8,6,0,27,6,0,0,6,75,12,3845.0,8,6,0,39,5,0,0,9,75,12,15673.0,8,6,0,27,0,0,0,3,75,12,57966.0,498,440,58,0,22,18,279,54,14,306,2,124.0,45626,1038,6,0,0,-1,0,0,-1,76590,425,360,17797,131,257,0,0,-1,31075,525,196,33352,248,159,17284,364,32,221724,158814
112422899,1,w1_v15stack_race44.py,OPP:Dynamic_fire07,119833.0,82193.0,W,8,6,3,33,21,0,0,0,75,10,18682.0,8,6,3,33,25,0,0,0,75,11,44247.0,8,6,3,13,27,0,18,0,75,11,92290.0,354,340,10,4,7,5,73,187,12,267,2,141.0,20449,439,50,5021,97,674,0,0,-1,54270,269,383,17580,72,250,5029,92,361,21328,269,197,16932,134,150,17795,349,31,158404,115139
112423200,0,OPP:HarshPandey-yt-auto,w0_v15stack_control.py,71105.0,69874.0,W,8,6,3,33,21,0,0,0,75,10,14905.0,8,6,3,33,25,0,0,0,75,11,32016.0,8,6,3,13,26,0,19,0,75,11,48282.0,317,310,1,6,8,6,78,182,12,268,2,140.0,15093,387,2,6898,128,674,0,0,-1,14237,255,383,15102,72,250,5036,92,361,25243,223,197,6215,99,150,16010,339,31,103834,65833
112423200,1,w0_v15stack_control.py,OPP:HarshPandey-yt-auto,69874.0,71105.0,L,8,6,3,33,21,0,0,0,75,10,14870.0,8,6,3,33,25,0,0,0,75,11,31881.0,8,6,3,13,26,0,19,0,75,11,47929.0,372,356,12,4,7,5,75,178,12,267,2,140.0,16374,420,50,6458,119,674,0,0,-1,13981,281,383,15102,72,250,4924,90,361,27189,257,197,6053,101,150,16715,363,31,106796,67249
112423214,0,OPP:SuzukiKazuma,w0_v15stack_control.py,63638.0,62355.0,W,8,6,3,33,21,0,0,0,75,10,14803.0,8,6,3,33,25,0,0,0,75,11,32478.0,8,6,3,13,18,0,27,0,75,11,46592.0,335,325,6,4,7,5,72,174,12,266,2,141.0,14688,379,50,9701,168,626,0,0,-1,16603,261,383,15102,72,250,4961,86,361,14549,214,197,6219,99,150,16064,350,31,97887,57434
112423214,1,w0_v15stack_control.py,OPP:SuzukiKazuma,62355.0,63638.0,L,8,6,3,33,21,0,0,0,75,10,14773.0,8,6,3,33,25,0,0,0,75,11,32356.0,8,6,3,13,18,0,27,0,75,11,46251.0,368,349,15,4,7,5,73,176,12,266,2,141.0,15468,401,50,9393,162,626,0,0,-1,16420,284,383,15102,72,250,4959,86,361,14823,231,197,6173,101,150,16364,370,31,98702,57477
112424003,0,w1_v15stack_race44.py,OPP:Jiajun HAN,104354.0,59379.0,W,4,9,4,33,21,0,0,0,75,10,16759.0,4,9,4,33,18,0,7,0,75,11,43228.0,4,9,4,13,18,0,27,0,75,11,78507.0,356,343,9,4,7,5,71,178,12,265,2,153.0,11113,336,50,13830,200,458,0,0,-1,22627,287,383,17412,72,250,6654,150,265,8362,142,197,43356,185,150,17783,367,31,141137,98411
112424003,1,OPP:Jiajun HAN,w1_v15stack_race44.py,59379.0,104354.0,L,8,4,0,34,12,0,0,12,75,10,5917.0,8,4,0,34,12,0,0,12,75,9,20782.0,8,4,0,16,45,0,0,0,75,12,46915.0,234,222,12,0,3,3,99,59,6,264,2,3.0,15259,520,2,0,0,-1,0,0,-1,19773,280,386,18379,124,253,0,0,-1,6024,245,230,30751,136,161,12729,267,47,102915,74927
112424360,0,w0_v15stack_control.py,OPP:GarbageOoze,65316.0,64574.0,W,8,6,3,33,21,0,0,0,75,10,15599.0,8,6,3,33,25,0,0,0,75,11,37072.0,8,6,3,13,27,0,18,0,75,11,50907.0,365,349,12,4,7,5,75,184,12,268,2,141.0,17368,441,50,6211,115,674,0,0,-1,10464,281,383,15102,72,250,4936,86,361,18666,240,197,11314,127,150,17055,365,31,101116,60482
112424360,1,OPP:GarbageOoze,w0_v15stack_control.py,64574.0,65316.0,L,8,6,3,33,21,0,0,0,75,10,15620.0,8,6,3,33,25,0,0,0,75,11,36958.0,8,6,3,13,27,0,18,0,75,11,50258.0,354,338,12,4,7,5,76,188,12,268,2,141.0,17049,431,50,6508,121,674,0,0,-1,10274,285,383,15102,72,250,4936,86,361,18408,237,197,11151,127,150,16980,360,31,100408,59871
112424734,0,OPP:KaitoKusumoto,w0_v15stack_control.py,116852.0,117372.0,L,9,5,3,33,21,0,0,0,75,10,16318.0,9,5,3,33,25,0,0,0,75,11,44637.0,9,5,3,13,27,0,18,0,75,11,92203.0,346,331,11,4,7,5,75,188,12,267,2,141.0,17454,440,50,4035,97,674,0,0,-1,58524,261,383,15102,72,250,5137,91,361,27174,281,197,9481,101,150,16548,350,31,153455,115418
112424734,1,w0_v15stack_control.py,OPP:KaitoKusumoto,117372.0,116852.0,W,9,5,3,33,21,0,0,0,75,10,16300.0,9,5,3,33,25,0,0,0,75,11,44562.0,9,5,3,13,27,0,18,0,75,11,92869.0,361,347,10,4,7,5,74,187,12,267,2,141.0,17544,443,50,4035,97,674,0,0,-1,59771,268,383,15102,72,250,5246,93,361,27286,275,197,9569,99,150,16576,350,31,155129,116974
112425137,0,OPP:rakumo,w1_v15stack_race44.py,96918.0,122886.0,L,8,4,0,36,13,0,0,12,75,10,5743.0,8,4,0,36,13,0,0,12,75,9,25764.0,8,4,0,16,46,0,0,0,75,12,77144.0,195,191,4,0,2,2,99,59,6,264,2,1.0,16090,465,2,0,0,-1,0,0,-1,32882,292,386,18289,124,253,0,0,-1,53926,268,234,14490,141,161,12899,271,49,148576,119587
112425137,1,w1_v15stack_race44.py,OPP:rakumo,122886.0,96918.0,W,9,5,3,33,21,0,0,0,75,10,19160.0,9,5,3,33,25,0,0,0,75,11,49029.0,9,5,3,13,27,0,18,0,75,11,98183.0,360,344,12,4,7,5,84,183,12,266,2,153.0,54239,1314,50,6865,111,674,0,0,-1,34093,282,383,17412,72,250,4582,91,361,57005,283,197,10735,114,150,18065,353,31,202996,123827
112425555,0,w0_v15stack_control.py,OPP:HongchenDai,110474.0,110474.0,T,6,11,0,33,20,0,0,0,75,11,13956.0,6,11,0,33,25,0,0,0,75,11,44055.0,6,11,0,13,31,0,14,0,75,12,87711.0,253,245,4,4,7,5,44,183,12,282,2,141.0,14744,393,50,5567,102,674,0,0,-1,49767,246,386,15072,72,249,0,0,-1,9712,192,196,43931,289,151,14552,339,31,153345,118482
112425555,1,OPP:HongchenDai,w0_v15stack_control.py,110474.0,110474.0,T,6,11,0,33,20,0,0,0,75,11,13956.0,6,11,0,33,25,0,0,0,75,11,44055.0,6,11,0,13,31,0,14,0,75,12,87711.0,253,245,4,4,7,5,44,183,12,282,2,141.0,14744,393,50,5567,102,674,0,0,-1,49767,246,386,15072,72,249,0,0,-1,9712,192,196,43931,289,151,14552,339,31,153345,118482
112426291,0,w1_v15stack_race44.py,OPP:Ali Esam,142877.0,107556.0,W,9,5,3,33,21,0,0,0,75,10,17871.0,9,5,3,33,25,0,0,0,75,11,46848.0,9,5,3,13,27,10,18,0,100,13,95698.0,355,338,13,4,7,5,74,188,12,283,3,152.0,17904,407,50,4994,96,674,20868,80,639,58818,272,383,16788,72,250,4580,91,361,43402,294,197,6441,103,150,17238,347,31,191033,150897
112426291,1,OPP:Ali Esam,w1_v15stack_race44.py,107556.0,142877.0,L,10,4,0,27,17,0,0,8,75,12,9603.0,10,4,0,33,24,0,0,0,75,12,28078.0,10,4,0,22,32,0,3,0,75,11,80290.0,496,496,0,0,2,2,71,108,9,277,2,18.0,51250,1131,2,796,15,601,0,0,-1,53894,254,381,15099,120,257,0,0,-1,42796,284,198,5545,129,149,65595,1662,43,234975,117334
112426727,0,OPP:kaitle,w0_v15stack_control.py,119342.0,119547.0,L,9,5,3,33,21,0,0,0,75,10,16035.0,9,5,3,33,25,0,0,0,75,11,44328.0,9,5,3,13,27,0,18,0,75,11,96634.0,337,329,4,4,7,5,74,188,12,267,2,140.0,16786,423,50,4511,97,674,0,0,-1,56127,256,383,15102,72,250,4946,92,361,36843,280,197,6085,89,150,16564,355,31,156964,119103
112426727,1,w0_v15stack_control.py,OPP:kaitle,119547.0,119342.0,W,9,5,3,33,21,0,0,0,75,10,16007.0,9,5,3,33,25,0,0,0,75,11,44299.0,9,5,3,13,27,0,18,0,75,11,96799.0,350,336,10,4,7,5,73,187,12,267,2,140.0,16873,426,50,4511,97,674,0,0,-1,56824,260,383,15102,72,250,4946,92,361,38113,294,197,6085,89,150,16520,352,31,158974,121070
112427441,0,w1_v15stack_race44.py,OPP:Aura Farming,61892.0,75913.0,L,5,4,3,33,21,0,0,0,75,10,12828.0,5,4,3,33,25,0,0,0,75,11,27780.0,5,4,3,13,27,0,18,0,75,11,42752.0,358,328,26,4,7,5,70,185,12,263,2,70.0,16946,436,50,5432,110,674,0,0,-1,7961,262,383,15102,72,250,5177,91,361,24514,174,197,6199,88,150,15536,294,31,96867,58953
112427441,1,OPP:Aura Farming,w1_v15stack_race44.py,75913.0,61892.0,W,8,6,3,33,21,0,0,0,75,10,15408.0,8,6,3,33,25,0,0,0,75,11,34616.0,8,6,3,13,27,0,18,0,75,11,52425.0,340,331,4,5,8,5,74,184,12,263,2,166.0,14238,366,50,5787,118,674,0,0,-1,9369,276,383,15102,72,250,5281,93,361,37444,268,197,6663,111,150,19138,356,31,113022,73859
112427890,0,OPP:Inzilbêth,w0_v15stack_control.py,91078.0,92320.0,L,6,11,0,33,20,0,0,0,75,11,13470.0,6,11,0,33,25,0,0,0,75,11,41126.0,6,11,0,13,31,10,14,0,100,13,60765.0,256,249,3,4,7,5,42,189,12,294,3,141.0,15708,390,50,4489,85,674,16736,80,647,28039,252,385,15072,72,249,0,0,-1,15620,189,196,30642,255,151,14348,323,31,140654,106109
112427890,1,w0_v15stack_control.py,OPP:Inzilbêth,92320.0,91078.0,W,6,11,0,33,20,0,0,0,75,11,13528.0,6,11,0,33,25,0,0,0,75,11,41104.0,6,11,0,13,31,10,14,0,100,13,60869.0,264,254,6,4,7,5,43,189,12,294,3,141.0,15716,391,50,4489,85,674,16736,80,647,29199,259,385,15072,72,249,0,0,-1,16404,195,196,31933,266,151,14348,323,31,143897,109344
112428643,0,OPP:Cary Jin,w1_v15stack_race44.py,77854.0,112022.0,L,8,9,0,33,20,0,0,0,75,11,10473.0,8,9,0,33,25,0,0,0,75,12,35628.0,8,9,0,13,39,0,6,0,75,11,59468.0,233,231,2,0,6,6,70,49,11,285,2,7.0,13788,354,2,764,16,675,0,0,-1,9742,265,382,14586,66,250,0,0,-1,4964,248,197,51369,217,151,14649,380,31,109862,80661
112428643,1,w1_v15stack_race44.py,OPP:Cary Jin,112022.0,77854.0,W,6,11,0,33,20,0,0,0,75,11,14566.0,6,17,0,33,25,0,0,0,100,12,34565.0,6,17,0,13,31,0,14,0,100,13,83925.0,302,290,7,5,7,5,59,188,13,301,3,154.0,16156,402,50,4089,86,674,0,0,-1,9907,253,386,15426,72,249,0,0,-1,5272,170,196,94144,398,151,14537,373,31,159531,124749
112429052,0,w0_v15stack_control.py,OPP:LoveB4Sunrise,102452.0,102285.0,W,8,6,3,33,21,0,0,0,75,10,15597.0,8,6,3,33,25,0,0,0,75,11,38120.0,8,6,3,13,27,0,18,0,75,11,81280.0,369,356,9,4,7,5,74,187,12,268,2,141.0,20278,484,50,4198,97,674,0,0,-1,55839,267,383,15102,72,250,5156,88,361,15555,241,197,6201,101,150,16824,350,31,139153,97853
112429052,1,OPP:LoveB4Sunrise,w0_v15stack_control.py,102285.0,102452.0,L,8,6,3,33,21,0,0,0,75,10,15625.0,8,6,3,33,25,0,0,0,75,11,38074.0,8,6,3,13,27,0,18,0,75,11,80762.0,351,340,7,4,7,5,75,188,12,268,2,141.0,20186,481,50,4198,97,674,0,0,-1,55926,266,383,15102,72,250,5400,92,361,14812,221,197,6168,104,150,16813,351,31,138605,97408
112429817,0,OPP:William Diment,w1_v15stack_race44.py,92111.0,131993.0,L,8,4,0,37,19,0,0,2,75,10,12708.0,8,4,0,37,24,0,0,2,75,12,30949.0,8,4,0,19,39,0,4,0,75,11,72055.0,522,505,17,0,16,16,256,49,8,293,2,18.0,25470,683,5,696,16,674,0,0,-1,43991,263,382,16555,85,250,0,0,-1,6531,263,196,28436,123,151,32349,709,29,154028,95513
112429817,1,w1_v15stack_race44.py,OPP:William Diment,131993.0,92111.0,W,6,11,0,33,20,0,0,0,75,11,14270.0,6,11,0,33,25,0,0,0,75,11,44700.0,6,11,0,13,31,0,14,0,75,12,103061.0,255,247,4,4,7,5,43,188,12,280,2,147.0,15136,392,50,3825,87,674,0,0,-1,42594,246,386,15048,72,249,0,0,-1,7331,176,196,66970,289,151,15293,323,31,166197,131943
112430240,0,w0_v15stack_control.py,OPP:tetsu2131,94774.0,95338.0,L,6,11,0,33,20,0,0,0,75,11,13922.0,6,11,0,33,25,0,0,0,75,11,43149.0,6,11,0,13,31,0,14,0,75,12,80208.0,260,247,9,4,7,5,44,188,12,281,2,140.0,16164,410,50,3129,87,674,0,0,-1,23860,261,385,15072,72,249,0,0,-1,5245,177,196,57084,294,151,14423,323,31,134977,101261
112430240,1,OPP:tetsu2131,w0_v15stack_control.py,95338.0,94774.0,W,6,11,0,33,20,0,0,0,75,11,13749.0,6,11,0,33,25,0,0,0,75,11,42975.0,6,11,0,13,31,0,14,0,75,12,79913.0,255,244,7,4,7,5,46,183,12,281,2,140.0,15946,403,50,3417,95,218,0,0,-1,24233,253,385,15072,72,249,0,0,-1,5218,172,196,57278,294,151,14425,325,31,135589,101801
112431026,0,OPP:housssaamos,w1_v15stack_race44.py,51511.0,97852.0,L,8,8,0,33,20,0,0,0,75,11,13357.0,8,8,0,33,25,0,0,0,75,12,31200.0,8,8,0,13,39,0,5,0,75,11,43163.0,292,275,17,0,16,16,75,43,13,287,2,0.0,12298,402,2,1977,9,674,0,0,-1,20770,294,382,15102,72,250,0,0,-1,15653,292,196,6085,217,151,17657,429,31,89542,57610
112431026,1,w1_v15stack_race44.py,OPP:housssaamos,97852.0,51511.0,W,8,6,3,33,21,0,0,0,75,10,15876.0,8,6,3,33,18,0,7,0,75,11,37015.0,8,6,3,13,3,0,38,0,75,11,59506.0,372,350,17,5,7,5,80,170,12,268,2,143.0,10691,324,50,47472,263,434,0,0,-1,22625,278,383,15102,72,250,4051,88,361,16564,242,197,6212,111,150,16179,367,31,138896,64554
112431316,0,OPP:arumajiro,w0_v15stack_control.py,125006.0,125798.0,L,6,11,0,33,20,0,0,0,75,11,15674.0,6,11,0,33,25,0,0,0,75,11,53634.0,6,11,0,13,17,0,28,0,75,11,104485.0,242,237,5,0,6,5,45,191,12,277,2,140.0,7279,242,50,7144,189,218,0,0,-1,40317,253,386,15072,72,249,0,0,-1,46142,208,196,39210,285,151,13999,347,31,169163,140741
112431316,1,w0_v15stack_control.py,OPP:arumajiro,125798.0,125006.0,W,6,11,0,33,20,0,0,0,75,11,15842.0,6,11,0,33,25,0,0,0,75,11,53738.0,6,11,0,13,17,0,28,0,75,11,104206.0,246,235,6,5,7,5,41,185,12,277,2,140.0,8189,274,50,5319,145,626,0,0,-1,40803,253,386,15072,72,249,0,0,-1,46121,208,196,39629,285,151,13995,343,31,169128,141625
112431367,0,OPP:tyson,w0_v15stack_control.py,73726.0,73543.0,W,6,11,0,33,20,0,0,0,75,11,13950.0,6,11,0,33,13,0,12,0,75,11,39081.0,6,11,0,13,27,0,18,0,75,11,55077.0,255,246,5,4,7,5,46,192,12,281,2,140.0,9116,256,50,18156,231,434,0,0,-1,8520,263,385,15072,72,249,0,0,-1,12964,185,196,39313,272,151,14256,347,31,117397,75869
112431367,1,w0_v15stack_control.py,OPP:tyson,73543.0,73726.0,L,6,11,0,33,20,0,0,0,75,11,14009.0,6,11,0,33,13,0,12,0,75,11,39083.0,6,11,0,13,27,0,18,0,75,11,55324.0,263,250,9,4,7,5,47,189,12,281,2,140.0,9321,265,50,17619,224,434,0,0,-1,8597,270,385,15072,72,249,0,0,-1,13673,195,196,39344,280,151,14256,347,31,117882,76686
112432205,0,OPP:faahh,w1_v15stack_race44.py,77322.0,91995.0,L,9,4,0,36,20,0,0,0,75,11,14741.0,9,5,0,36,23,0,0,0,75,12,40202.0,9,5,0,18,39,0,4,0,75,11,65383.0,279,279,0,0,15,15,73,45,10,290,2,3.0,16284,380,3,570,12,674,0,0,-1,18180,265,382,15168,72,250,0,0,-1,40551,270,196,5912,138,151,15155,330,31,111820,79811
112432205,1,w1_v15stack_race44.py,OPP:faahh,91995.0,77322.0,W,9,5,3,33,21,0,0,0,75,10,16259.0,9,5,3,33,25,0,0,0,75,11,44517.0,9,5,3,13,27,10,18,0,100,13,69303.0,360,347,9,4,7,5,76,190,12,283,3,142.0,17707,409,50,4513,96,674,10090,80,639,21106,295,383,15084,72,250,5143,91,361,41183,292,197,5996,89,150,16791,340,31,137613,98602
112432641,0,w0_v15stack_control.py,OPP:haodou092,109112.0,109977.0,L,12,5,0,33,21,0,0,0,75,10,16184.0,12,5,0,33,25,0,0,0,75,11,44556.0,12,5,0,13,27,0,18,0,75,11,89811.0,338,320,14,4,7,5,73,187,12,266,2,140.0,15918,412,50,4300,97,674,0,0,-1,32197,291,383,15102,72,250,0,0,-1,59313,332,197,6119,91,150,16088,352,31,149037,112731
112432641,1,OPP:haodou092,w0_v15stack_control.py,109977.0,109112.0,W,12,5,0,33,21,0,0,0,75,10,16203.0,12,5,0,33,25,0,0,0,75,11,44580.0,12,5,0,13,27,0,18,0,75,11,90433.0,309,299,6,4,7,5,74,188,12,266,2,140.0,15831,409,50,4300,97,674,0,0,-1,29810,265,383,15102,72,250,0,0,-1,60678,332,197,6048,90,150,16090,354,31,147859,111638
112432898,0,OPP:Juste Me (●'◡'●),w0_v15stack_control.py,108055.0,108055.0,T,8,6,3,33,21,0,0,0,75,10,14828.0,8,6,3,33,25,0,0,0,75,11,35417.0,8,6,3,13,27,0,18,0,75,11,84132.0,368,355,9,4,7,5,74,187,12,267,2,141.0,18405,470,50,4198,97,674,0,0,-1,65036,268,383,15102,72,250,5559,93,361,13969,231,197,6169,101,150,16512,350,31,144950,105835
112432898,1,w0_v15stack_control.py,OPP:Juste Me (●'◡'●),108055.0,108055.0,T,8,6,3,33,21,0,0,0,75,10,14828.0,8,6,3,33,25,0,0,0,75,11,35417.0,8,6,3,13,27,0,18,0,75,11,84132.0,368,355,9,4,7,5,74,187,12,267,2,141.0,18405,470,50,4198,97,674,0,0,-1,65036,268,383,15102,72,250,5559,93,361,13969,231,197,6169,101,150,16512,350,31,144950,105835
112433461,0,w1_v15stack_race44.py,OPP:Risha Apps,95209.0,58949.0,W,8,9,0,33,21,0,0,0,75,10,15599.0,8,9,0,33,25,0,0,0,75,11,45514.0,8,9,0,13,27,0,18,0,75,11,71526.0,336,319,12,5,9,7,75,187,12,266,2,166.0,17447,441,8,4819,97,674,0,0,-1,6095,287,383,15102,72,250,0,0,-1,19532,256,197,49879,227,150,18145,352,31,131019,90608
112433461,1,OPP:Risha Apps,w1_v15stack_race44.py,58949.0,95209.0,L,6,4,3,31,20,0,0,0,75,11,11768.0,6,4,3,31,25,0,0,0,75,11,30599.0,6,4,3,13,39,0,6,0,75,11,43197.0,311,258,53,0,18,18,74,56,13,280,2,0.0,19860,540,2,1085,22,674,0,0,-1,4639,283,386,15102,72,250,4804,80,362,15717,277,196,29854,137,151,15452,298,31,106513,70116
112433807,0,OPP:YuyaSuzuki,w0_v15stack_control.py,97514.0,98588.0,L,6,11,0,33,20,0,0,0,75,11,14169.0,6,11,0,33,25,0,0,0,75,11,47007.0,6,11,0,13,31,0,14,0,75,12,76771.0,256,247,5,4,7,5,46,183,12,281,2,140.0,14937,376,50,2886,95,218,0,0,-1,26182,261,386,15072,72,249,0,0,-1,31754,230,196,37557,276,151,14429,326,31,142817,110565
112433807,1,w0_v15stack_control.py,OPP:YuyaSuzuki,98588.0,97514.0,W,6,11,0,33,20,0,0,0,75,11,14341.0,6,11,0,33,25,0,0,0,75,11,47194.0,6,11,0,13,31,0,14,0,75,12,77639.0,255,244,7,4,7,5,44,188,12,281,2,140.0,15158,383,50,2598,87,674,0,0,-1,26913,261,386,15072,72,249,0,0,-1,31797,230,196,38684,276,151,14427,324,31,144649,112466
112434573,0,w1_v15stack_race44.py,OPP:cmasch,91391.0,89458.0,W,6,17,0,33,20,0,0,0,100,13,8582.0,6,17,0,33,25,0,0,0,100,13,39928.0,6,17,0,13,31,0,14,0,100,13,70500.0,298,287,6,5,7,5,62,188,13,306,3,162.0,18039,387,50,2891,87,674,0,0,-1,11200,249,386,16356,72,249,0,0,-1,26092,211,196,59673,415,151,12905,381,31,147156,113321
112434573,1,OPP:cmasch,w1_v15stack_race44.py,89458.0,91391.0,L,3,23,0,13,19,0,10,0,75,11,7616.0,3,24,0,13,20,5,0,0,75,10,33879.0,3,24,0,0,19,20,2,4,75,12,72056.0,614,613,1,0,7,6,30,40,16,259,2,26.0,7534,174,2,1709,51,265,10981,139,577,3747,100,360,15669,84,263,0,0,-1,11807,105,212,67747,535,165,14104,477,31,133298,109951
112434754,0,OPP:Taewoong Kim,w0_v15stack_control.py,108804.0,113398.0,L,6,17,0,33,20,0,0,0,100,13,6294.0,6,17,0,33,25,0,0,0,100,13,37753.0,6,17,0,13,17,0,28,0,100,13,83981.0,306,295,7,4,7,5,62,191,13,304,3,140.0,10680,277,50,9921,194,218,0,0,-1,16226,265,385,15072,72,249,0,0,-1,7627,175,196,91606,400,151,13889,396,31,165021,130531
112434754,1,w0_v15stack_control.py,OPP:Taewoong Kim,113398.0,108804.0,W,6,17,0,33,20,0,0,0,100,13,6461.0,6,17,0,33,25,0,0,0,100,13,37939.0,6,17,0,13,17,0,28,0,100,13,83537.0,305,293,8,4,7,5,60,186,13,304,3,140.0,12441,325,50,7376,144,627,0,0,-1,16604,272,385,15072,72,249,0,0,-1,8024,175,196,96462,425,151,13890,401,31,169869,136162
112434955,0,OPP:Almaz,w0_v15stack_control.py,82297.0,81838.0,W,6,11,0,33,20,0,0,0,75,11,13893.0,6,11,0,33,25,0,0,0,75,11,42962.0,6,11,0,13,23,0,22,0,75,12,61262.0,244,236,3,5,7,5,49,186,12,281,2,140.0,10995,287,50,8599,176,218,0,0,-1,15254,261,386,15072,72,249,0,0,-1,22274,210,196,42403,275,151,14244,333,31,128841,95003
112434955,1,w0_v15stack_control.py,OPP:Almaz,81838.0,82297.0,L,6,11,0,33,20,0,0,0,75,11,13858.0,6,11,0,33,25,0,0,0,75,11,42947.0,6,11,0,13,22,0,23,0,75,12,61998.0,252,240,7,5,7,5,46,185,12,280,2,140.0,11337,298,50,7796,160,578,0,0,-1,14866,265,386,15072,72,249,0,0,-1,22949,220,196,43968,285,151,14186,325,31,130174,96855
112435639,0,OPP:Egor Trushin,w1_v15stack_race44.py,81987.0,87232.0,L,6,11,0,33,20,0,0,0,75,11,14499.0,6,11,0,33,25,0,0,0,75,11,48285.0,6,11,0,13,27,0,18,0,75,11,74301.0,476,390,75,13,7,6,56,187,13,276,2,162.0,27878,812,2,19363,407,671,0,0,-1,25266,298,382,15114,72,250,0,0,-1,21528,304,196,59046,627,150,19268,520,31,187463,120954
112435639,1,w1_v15stack_race44.py,OPP:Egor Trushin,87232.0,81987.0,W,6,11,0,33,20,0,0,0,75,11,15459.0,6,11,0,33,25,0,0,0,75,11,49437.0,6,11,0,13,31,0,14,0,75,12,76190.0,257,247,6,4,7,5,44,188,12,281,2,133.0,13046,372,50,4060,87,674,0,0,-1,20787,257,386,15048,72,249,0,0,-1,20381,220,196,39225,269,151,13757,338,31,126304,95441
112436143,0,w0_v15stack_control.py,OPP:xxxxyt,65458.0,65349.0,W,6,6,5,33,21,0,0,0,75,10,13502.0,6,6,5,33,25,0,0,0,75,11,30121.0,6,6,5,13,27,0,18,0,75,11,50864.0,381,361,16,4,7,5,71,187,12,267,2,141.0,18234,454,50,5421,105,674,0,0,-1,20732,271,383,15102,72,250,9704,163,265,8806,197,197,6193,101,150,16731,360,31,100923,60537
112436143,1,OPP:xxxxyt,w0_v15stack_control.py,65349.0,65458.0,L,6,6,5,33,21,0,0,0,75,10,13523.0,6,6,5,33,25,0,0,0,75,11,29688.0,6,6,5,13,27,0,18,0,75,11,50749.0,371,355,12,4,7,5,72,185,12,267,2,141.0,18011,447,50,5619,109,674,0,0,-1,22464,286,383,15102,72,250,9596,161,265,8687,192,197,6179,101,150,16745,362,31,102403,62028
112437006,0,w1_v15stack_race44.py,OPP:SatoshiN04,109413.0,96403.0,W,9,5,3,33,21,0,0,0,75,10,18139.0,9,5,3,33,25,0,0,0,75,11,47548.0,9,5,3,13,27,0,18,0,75,11,89079.0,361,344,13,4,7,5,73,187,12,267,2,141.0,17273,418,50,4867,97,674,0,0,-1,31185,279,383,16500,72,250,4749,90,361,46522,293,197,9743,100,150,16350,349,31,147189,108699
112437006,1,OPP:SatoshiN04,w1_v15stack_race44.py,96403.0,109413.0,L,12,3,1,31,21,0,0,5,75,11,7446.0,12,3,1,33,20,0,0,5,75,11,38656.0,12,0,1,16,40,0,0,0,75,11,82242.0,323,323,0,0,4,4,101,80,8,292,2,30.0,18185,452,121,5739,117,694,0,0,-1,27762,251,374,15616,102,250,3193,61,386,51240,324,199,6089,58,147,13536,426,37,141360,103900
112437420,0,OPP:Congy,w0_v15stack_control.py,126304.0,131670.0,L,8,6,3,33,21,0,0,0,75,10,15180.0,8,6,3,33,25,0,0,0,75,11,41427.0,8,6,3,13,27,0,18,0,75,11,95262.0,351,339,8,4,8,6,75,188,12,268,2,200.0,18232,441,50,4724,100,674,0,0,-1,56453,268,383,15102,72,250,4257,91,361,46280,266,197,6055,107,150,17269,365,31,168372,128147
112437420,1,w0_v15stack_control.py,OPP:Congy,131670.0,126304.0,W,8,6,3,33,21,0,0,0,75,10,15133.0,8,6,3,33,25,0,0,0,75,11,41322.0,8,6,3,13,27,10,18,0,100,13,89734.0,349,336,9,4,7,5,75,187,12,284,3,140.0,17602,426,50,4548,96,674,14026,80,639,56845,270,383,15102,72,250,4298,91,361,47095,270,197,6130,108,150,16800,343,31,182446,143496
112438210,0,OPP:shane18,w1_v15stack_race44.py,117772.0,136906.0,L,6,3,13,31,13,5,0,4,75,10,9996.0,9,3,13,31,0,15,0,4,75,9,29233.0,9,6,13,5,21,0,21,0,75,12,80689.0,147,147,0,0,2,2,29,33,13,250,2,10.0,6357,152,150,9172,168,598,7416,105,505,31268,209,394,15702,78,250,11097,260,294,49458,250,217,19818,108,169,13814,337,36,164102,134759
112438210,1,w1_v15stack_race44.py,OPP:shane18,136906.0,117772.0,W,9,5,3,33,21,0,0,0,75,10,16784.0,9,5,3,33,25,0,0,0,75,11,47533.0,9,5,3,13,27,0,18,0,75,11,105183.0,352,332,16,4,7,5,73,187,12,268,2,140.0,16766,403,50,5253,100,674,0,0,-1,41543,280,383,15306,72,250,3770,90,361,53023,270,197,23941,146,150,16182,349,31,175784,137583
112438643,0,w0_v15stack_control.py,OPP:PUN,72261.0,70877.0,W,6,6,5,33,21,0,0,0,75,10,13502.0,6,6,5,33,25,0,0,0,75,11,29382.0,6,6,5,13,27,0,18,0,75,11,50632.0,374,353,17,4,7,5,72,187,12,267,2,141.0,17361,427,50,2785,97,674,0,0,-1,16802,273,383,15102,72,250,9904,167,265,21906,223,197,12222,129,150,16524,345,31,112606,75936
112438643,1,OPP:PUN,w0_v15stack_control.py,70877.0,72261.0,L,6,6,5,32,21,0,0,0,75,10,13523.0,6,6,5,32,25,0,0,0,75,11,28670.0,6,6,5,13,27,0,18,0,75,11,49350.0,361,343,14,4,7,5,72,187,12,267,2,141.0,17267,424,50,2785,97,674,0,0,-1,17736,286,383,15102,72,250,9686,163,265,21463,217,197,11989,129,150,16502,344,31,112530,75976
112439486,0,w1_v15stack_race44.py,OPP:kobayasi,124087.0,122833.0,W,9,5,3,33,21,0,0,0,75,10,16300.0,9,5,3,33,25,0,0,0,75,11,44941.0,9,5,3,13,27,0,18,0,75,11,99599.0,359,347,8,4,7,5,74,187,12,267,2,141.0,17167,424,50,3892,97,674,0,0,-1,58820,274,383,15102,72,250,4982,95,361,43369,309,197,6071,89,150,16555,350,31,165958,128344
112439486,1,OPP:kobayasi,w1_v15stack_race44.py,122833.0,124087.0,L,9,5,3,33,21,0,0,0,75,10,16318.0,9,5,3,33,25,0,0,0,75,11,44982.0,9,5,3,13,27,0,18,0,75,11,98468.0,338,331,3,4,7,5,75,188,12,267,2,141.0,17077,421,50,3892,97,674,0,0,-1,55860,260,383,15102,72,250,4873,93,361,39309,280,197,6089,91,150,16565,352,31,158767,121233
112439888,0,w0_v15stack_control.py,OPP:icelemon2004,109501.0,109501.0,T,9,5,3,33,21,0,0,0,75,10,16012.0,9,5,3,33,25,0,0,0,75,11,42310.0,9,5,3,13,27,0,18,0,75,11,87913.0,360,345,11,4,7,5,73,184,12,266,2,140.0,12396,373,50,5399,117,674,0,0,-1,42176,276,383,15102,72,250,4729,91,361,37618,296,197,18901,126,150,16450,372,31,152771,118526
112439888,1,OPP:icelemon2004,w0_v15stack_control.py,109501.0,109501.0,T,9,5,3,33,21,0,0,0,75,10,16012.0,9,5,3,33,25,0,0,0,75,11,42310.0,9,5,3,13,27,0,18,0,75,11,87913.0,360,345,11,4,7,5,73,184,12,266,2,140.0,12396,373,50,5399,117,674,0,0,-1,42176,276,383,15102,72,250,4729,91,361,37618,296,197,18901,126,150,16450,372,31,152771,118526
112440651,0,OPP:Ian Virchenko,w1_v15stack_race44.py,64521.0,75634.0,L,8,6,3,33,21,0,0,0,75,10,12048.0,8,6,3,33,25,0,0,0,75,11,28011.0,8,6,3,13,27,0,18,0,75,11,48133.0,444,410,34,0,7,6,72,187,12,266,2,144.0,32923,814,2,31705,454,671,0,0,-1,32179,317,383,15102,72,250,6309,106,361,5267,343,197,6005,200,150,16661,395,31,146151,64862
112440651,1,w1_v15stack_race44.py,OPP:Ian Virchenko,75634.0,64521.0,W,6,6,5,33,21,0,0,0,75,10,13532.0,6,6,5,33,25,0,0,0,75,11,31177.0,6,6,5,13,18,0,27,0,75,11,55842.0,350,333,12,5,7,5,68,179,12,269,2,160.0,33548,790,50,12465,178,601,0,0,-1,34670,293,383,15102,72,250,9232,159,265,4818,190,197,6678,113,150,15933,357,31,132446,70500
112441052,0,w0_v15stack_control.py,OPP:Naman Malik,124875.0,123852.0,W,9,5,3,33,21,0,0,0,75,10,16300.0,9,5,3,33,25,0,0,0,75,11,45296.0,9,5,3,13,27,0,18,0,75,11,99232.0,363,348,11,4,7,5,73,187,12,267,2,141.0,16283,411,50,2785,97,674,0,0,-1,61341,267,383,15102,72,250,5139,91,361,31835,290,197,17445,140,150,16477,348,31,166407,130862
112441052,1,OPP:Naman Malik,w0_v15stack_control.py,123852.0,124875.0,L,9,5,3,33,21,0,0,0,75,10,16318.0,9,5,3,33,25,0,0,0,75,11,45714.0,9,5,3,13,27,0,18,0,75,11,98094.0,345,331,10,4,7,5,73,187,12,267,2,141.0,16193,408,50,2785,97,674,0,0,-1,60347,262,383,15102,72,250,5146,91,361,32156,297,197,16538,140,150,16509,349,31,164776,129289
112441883,0,OPP:mkai1981,w1_v15stack_race44.py,84891.0,88015.0,L,8,6,3,33,21,0,0,0,75,10,15001.0,8,6,3,33,25,0,0,0,75,11,39135.0,8,6,3,13,27,0,18,0,75,11,69990.0,435,393,42,0,7,5,76,187,12,268,2,138.0,35988,912,51,23552,472,671,0,0,-1,41679,317,383,15102,72,250,6244,101,361,18941,300,197,6207,121,150,17191,394,31,164904,88173
112441883,1,w1_v15stack_race44.py,OPP:mkai1981,88015.0,84891.0,W,8,6,3,33,21,0,0,0,75,10,15617.0,8,6,3,33,25,0,0,0,75,11,39579.0,8,6,3,13,27,0,18,0,75,11,72737.0,366,350,11,5,7,5,74,187,12,268,2,154.0,19322,473,50,4800,97,674,0,0,-1,40164,281,383,15102,72,250,5248,87,361,18655,241,197,6083,101,150,16743,349,31,126117,85252
112442268,0,OPP:tamref,w0_v15stack_control.py,94638.0,94845.0,L,6,11,0,33,20,0,0,0,75,11,14293.0,6,11,0,33,25,0,0,0,75,11,45849.0,6,11,0,13,31,0,14,0,75,12,79657.0,253,244,5,4,7,5,44,188,12,281,2,140.0,15614,408,50,3756,87,674,0,0,-1,38801,254,386,15072,72,249,0,0,-1,10354,191,196,37716,274,151,14433,327,31,135746,101943
112442268,1,w0_v15stack_control.py,OPP:tamref,94845.0,94638.0,W,6,11,0,33,20,0,0,0,75,11,14354.0,6,11,0,33,25,0,0,0,75,11,45898.0,6,11,0,13,31,0,14,0,75,12,79874.0,255,245,6,4,7,5,44,188,12,281,2,140.0,15621,409,50,3756,87,674,0,0,-1,39361,261,386,15072,72,249,0,0,-1,10749,196,196,38470,274,151,14431,325,31,137460,103652
112443159,0,w1_v15stack_race44.py,OPP:Raggriculture,64039.0,60217.0,W,6,11,0,33,20,0,0,0,75,11,14418.0,6,11,0,33,25,0,0,0,75,11,39221.0,6,11,0,13,31,0,14,0,75,12,51231.0,265,254,6,5,7,5,46,184,12,283,2,196.0,15318,402,50,5917,106,674,0,0,-1,6154,266,386,15438,72,249,0,0,-1,7590,172,196,38259,274,151,14499,338,31,103175,67441
112443159,1,OPP:Raggriculture,w1_v15stack_race44.py,60217.0,64039.0,L,6,11,0,33,20,0,0,0,75,11,12960.0,6,11,0,33,25,0,0,0,75,11,37825.0,6,11,0,13,31,0,14,0,75,12,48401.0,328,287,41,0,7,5,47,187,12,282,2,173.0,27364,766,51,25323,441,671,0,0,-1,5676,266,386,15438,72,249,0,0,-1,8686,225,196,37729,290,151,14615,377,31,134831,67529
112443474,0,OPP:Himanshu Kumar,w0_v15stack_control.py,85771.0,85038.0,W,9,5,3,33,21,0,0,0,75,10,15925.0,9,5,3,33,25,0,0,0,75,11,40048.0,9,5,3,13,27,10,18,0,100,13,52690.0,355,342,9,4,7,5,76,189,12,284,3,141.0,17826,418,50,3968,95,674,18808,80,639,17535,282,383,15102,72,250,4769,90,361,25481,264,197,12196,114,150,16970,347,31,132655,93891
112443474,1,w0_v15stack_control.py,OPP:Himanshu Kumar,85038.0,85771.0,L,9,5,3,33,21,0,0,0,75,10,15904.0,9,5,3,33,25,0,0,0,75,11,40070.0,9,5,3,13,27,10,18,0,100,13,53404.0,365,349,12,4,7,5,75,188,12,284,3,141.0,17916,421,50,4036,96,674,18504,80,639,16233,286,383,15102,72,250,4770,90,361,26528,275,197,12422,114,150,16957,345,31,132468,93559
112444288,0,w1_v15stack_race44.py,OPP:Yi Lu,109633.0,105847.0,W,6,11,0,33,20,0,0,0,75,11,15486.0,6,11,0,33,25,0,0,0,75,11,50240.0,6,11,0,13,31,0,14,0,75,12,91037.0,261,250,6,5,7,5,44,183,12,282,2,160.0,12618,368,50,5315,102,674,0,0,-1,31921,255,386,15048,72,249,0,0,-1,33421,226,196,38470,258,151,14270,341,31,151063,118860
112444288,1,OPP:Yi Lu,w1_v15stack_race44.py,105847.0,109633.0,L,6,11,0,33,20,0,0,0,75,11,14469.0,6,11,0,33,25,0,0,0,75,11,48894.0,6,11,0,13,27,0,18,0,75,12,88029.0,438,389,49,0,7,6,63,187,13,283,2,132.0,30089,928,2,19559,358,671,0,0,-1,38939,319,382,15114,72,250,0,0,-1,41209,277,196,61468,547,150,20019,510,31,226397,156730
112444655,0,OPP:Asem Adnan,w0_v15stack_control.py,139368.0,141642.0,L,9,5,3,33,21,0,0,0,75,10,16217.0,9,5,3,33,25,0,0,0,75,11,45376.0,9,5,3,13,27,0,18,0,75,11,107282.0,356,341,10,5,7,5,83,187,12,265,2,152.0,53033,1332,50,3665,99,674,0,0,-1,54291,266,383,15102,72,250,4630,93,361,65411,285,197,6058,90,150,16175,342,31,218365,145492
112444655,1,w0_v15stack_control.py,OPP:Asem Adnan,141642.0,139368.0,W,9,5,3,33,21,0,0,0,75,10,16298.0,9,5,3,33,25,0,0,0,75,11,45452.0,9,5,3,13,27,0,18,0,75,11,108954.0,356,340,12,4,7,5,83,187,12,265,2,141.0,53059,1332,50,3523,95,674,0,0,-1,54516,267,383,15102,72,250,4634,93,361,65434,285,197,6159,91,150,16230,348,31,218657,145845
112445432,0,w1_v15stack_race44.py,OPP:gachichan,127144.0,126559.0,W,9,5,3,33,21,0,0,0,75,10,15933.0,9,5,3,33,25,0,0,0,75,11,44892.0,9,5,3,13,27,0,18,0,75,11,102718.0,361,347,9,5,7,5,74,187,12,268,2,154.0,19089,441,50,3092,97,674,0,0,-1,66664,273,383,15102,72,250,5363,93,361,36812,290,197,6055,89,150,16812,349,31,168989,129996
112445432,1,OPP:gachichan,w1_v15stack_race44.py,126559.0,127144.0,L,9,5,3,33,21,0,0,0,75,10,15285.0,9,5,3,33,25,0,0,0,75,11,44600.0,9,5,3,13,27,0,18,0,75,11,101323.0,444,403,41,0,7,5,76,187,12,268,2,138.0,39051,895,51,15578,472,671,0,0,-1,78374,321,383,15102,72,250,6246,106,361,37860,341,197,6138,110,150,17295,393,31,215644,143720
112445835,0,w0_v15stack_control.py,OPP:Boiled-Sweet-Potato,87917.0,88056.0,L,8,6,3,33,21,0,0,0,75,10,15762.0,8,6,3,33,25,0,0,0,75,11,38927.0,8,6,3,13,18,0,27,0,75,11,69467.0,369,351,14,4,7,5,73,176,12,266,2,140.0,14383,387,50,8347,156,626,0,0,-1,35423,276,383,15102,72,250,4714,88,361,26760,262,197,6213,101,150,16347,369,31,127289,88212
112445835,1,OPP:Boiled-Sweet-Potato,w0_v15stack_control.py,88056.0,87917.0,W,8,6,3,33,21,0,0,0,75,10,15778.0,8,6,3,33,25,0,0,0,75,11,38852.0,8,6,3,13,18,0,27,0,75,11,68971.0,339,328,7,4,7,5,74,177,12,266,2,140.0,14094,378,50,8625,162,626,0,0,-1,35549,260,383,15102,72,250,4719,88,361,25062,237,197,6157,99,150,16385,372,31,125693,86589
112446601,0,OPP:wanghaozhi,w1_v15stack_race44.py,81018.0,88044.0,L,8,6,3,33,21,0,0,0,75,10,14517.0,8,6,3,33,25,0,0,0,75,11,35951.0,8,6,3,13,27,0,18,0,75,12,63808.0,417,383,34,0,7,5,72,189,12,269,2,136.0,21640,804,51,23931,468,671,0,0,-1,35181,283,383,15102,72,250,5187,93,361,29195,336,197,13982,193,150,17162,421,31,161380,98647
112446601,1,w1_v15stack_race44.py,OPP:wanghaozhi,88044.0,81018.0,W,8,6,3,33,21,0,0,0,75,10,15892.0,8,6,3,33,25,0,0,0,75,11,37429.0,8,6,3,13,20,0,25,0,75,11,68959.0,378,359,14,5,7,5,73,176,12,266,2,154.0,12082,360,50,7647,149,626,0,0,-1,35905,282,383,15102,72,250,4864,88,361,22418,257,197,13669,157,150,16469,369,31,128156,91958
112447016,0,w0_v15stack_control.py,OPP:luyinn,135058.0,135698.0,L,12,5,0,33,21,0,0,0,75,10,16072.0,12,5,0,33,25,0,0,0,75,11,45393.0,12,5,0,13,27,0,18,0,75,11,108558.0,330,316,10,4,7,5,74,187,12,268,2,137.0,18615,436,50,3351,97,674,0,0,-1,57911,283,383,15102,72,250,0,0,-1,59391,326,197,6081,95,150,16766,354,31,177217,138485
112447016,1,OPP:luyinn,w0_v15stack_control.py,135698.0,135058.0,W,12,5,0,33,21,0,0,0,75,10,16108.0,12,5,0,33,25,0,0,0,75,11,45446.0,12,5,0,13,27,0,18,0,75,11,108571.0,322,308,10,4,7,5,75,188,12,268,2,145.0,18525,433,50,3351,97,674,0,0,-1,56498,275,383,15102,72,250,0,0,-1,59702,326,197,6066,94,150,16778,356,31,176022,137368
112447787,0,w1_v15stack_race44.py,OPP:morality0707,83996.0,79109.0,W,9,5,3,33,21,0,0,0,75,10,16258.0,9,5,3,33,25,0,0,0,75,11,42961.0,9,5,3,13,18,0,27,0,75,11,63045.0,364,342,17,5,7,5,70,177,12,268,2,154.0,13715,366,50,18163,187,601,0,0,-1,15906,284,383,15102,72,250,3784,86,361,28071,292,197,14419,135,150,16539,370,31,125699,77282
112447787,1,OPP:morality0707,w1_v15stack_race44.py,79109.0,83996.0,L,9,5,3,33,21,0,0,0,75,10,15689.0,9,5,3,33,25,0,0,0,75,11,42896.0,9,5,3,13,27,0,18,0,75,11,61047.0,460,422,38,0,8,5,77,185,12,266,2,138.0,27327,784,51,45952,460,674,0,0,-1,15713,283,383,15102,72,250,4921,113,361,28003,358,197,17519,181,150,16630,380,31,171167,81258
112448201,0,OPP:yamazaking,w0_v15stack_control.py,90413.0,91684.0,L,9,5,3,33,21,0,0,0,75,10,16314.0,9,5,3,33,25,0,0,0,75,11,45845.0,9,5,3,13,27,0,18,0,75,11,71496.0,350,333,13,4,7,5,86,190,12,267,2,141.0,53946,1307,50,5766,117,674,0,0,-1,14458,273,383,15102,72,250,4127,85,361,36012,298,197,25644,145,150,16518,346,31,171573,95343
112448201,1,w0_v15stack_control.py,OPP:yamazaking,91684.0,90413.0,W,9,5,3,33,21,0,0,0,75,10,16316.0,9,5,3,33,25,0,0,0,75,11,45915.0,9,5,3,13,27,0,18,0,75,11,72707.0,365,347,14,4,7,5,85,186,12,267,2,141.0,54235,1317,50,5494,111,674,0,0,-1,14667,281,383,15102,72,250,4151,85,361,37379,308,197,25245,141,150,16637,353,31,172910,96544
112448378,0,w0_v15stack_control.py,OPP:pengurei,88554.0,88102.0,W,8,6,3,33,21,0,0,0,75,10,14819.0,8,6,3,33,25,0,0,0,75,11,34273.0,8,6,3,13,27,0,18,0,75,11,70800.0,365,349,12,4,7,5,70,184,12,267,2,140.0,17502,464,50,6719,111,674,0,0,-1,47250,267,383,15102,72,250,4574,83,361,12691,224,197,6054,100,150,16760,368,31,126652,85671
112448378,1,OPP:pengurei,w0_v15stack_control.py,88102.0,88554.0,L,8,6,3,33,21,0,0,0,75,10,15334.0,8,6,3,33,25,0,0,0,75,11,34364.0,8,6,3,13,27,0,18,0,75,11,70536.0,478,425,49,4,7,6,73,188,12,268,2,200.0,30979,871,50,32786,538,671,0,0,-1,56307,327,383,15102,72,250,6083,110,361,15202,333,197,6198,124,150,17706,410,31,180363,98892
112448530,0,OPP:MOHAMMADJAFAR ZAMANI,w1_v15stack_race44.py,63590.0,68878.0,L,8,6,3,33,21,0,0,0,75,10,14768.0,8,6,3,33,25,0,0,0,75,11,34730.0,8,6,3,13,27,0,18,0,75,11,47534.0,456,408,48,0,7,5,77,187,12,268,2,133.0,29253,864,51,51125,513,671,0,0,-1,15334,326,383,15102,72,250,5416,107,361,16456,300,197,6175,123,150,17125,400,31,155986,58483
112448530,1,w1_v15stack_race44.py,OPP:MOHAMMADJAFAR ZAMANI,68878.0,63590.0,W,8,6,3,33,21,0,0,0,75,10,15633.0,8,6,3,33,25,0,0,0,75,11,35222.0,8,6,3,13,18,10,27,0,100,13,43144.0,370,358,7,5,7,5,74,178,12,283,3,179.0,14906,394,50,16441,172,601,10090,80,639,15601,291,383,15102,72,250,4302,84,361,14565,217,197,6092,102,150,16774,360,31,113873,65752
112448968,0,w1_v15stack_race44.py,OPP:물,102642.0,98564.0,W,6,11,0,33,20,0,0,0,75,11,14400.0,6,11,0,33,25,0,0,0,75,11,44433.0,6,11,0,13,31,0,14,0,75,12,84050.0,263,252,6,5,7,5,46,183,12,283,2,196.0,16065,403,50,6046,106,674,0,0,-1,45560,245,385,15438,72,249,0,0,-1,5410,168,196,38469,278,151,14487,340,31,141475,104877
112448968,1,OPP:물,w1_v15stack_race44.py,98564.0,102642.0,L,6,11,0,33,20,0,0,0,75,11,12946.0,6,11,0,33,25,0,0,0,75,11,42672.0,6,11,0,13,31,0,14,0,75,12,81251.0,329,288,41,0,7,5,47,187,12,282,2,173.0,29036,761,51,25792,441,671,0,0,-1,48677,266,386,15438,72,249,0,0,-1,5544,223,196,39031,288,151,14567,377,31,178085,108690
112449698,0,w0_v15stack_control.py,"OPP:GOAT   Mathieu ""ZywOo"" Herbaut",108414.0,108483.0,L,6,4,7,33,21,0,0,0,75,10,14351.0,6,4,7,33,25,0,0,0,75,11,36088.0,6,4,7,13,27,0,18,0,75,12,82023.0,303,294,5,4,7,5,75,189,12,272,2,141.0,16612,392,50,4465,94,674,0,0,-1,48804,255,383,15102,72,250,10425,227,265,17538,191,197,15592,100,150,16814,335,31,145352,107461
112449698,1,"OPP:GOAT   Mathieu ""ZywOo"" Herbaut",w0_v15stack_control.py,108483.0,108414.0,W,6,4,7,33,21,0,0,0,75,10,14296.0,6,4,7,33,25,0,0,0,75,11,36077.0,6,4,7,13,27,0,18,0,75,12,82055.0,297,290,3,4,6,5,76,189,12,272,2,141.0,16522,389,50,4285,90,674,0,0,-1,48804,255,383,15102,72,250,10425,227,265,17546,191,197,15590,100,150,16836,337,31,145110,107467
112450003,0,OPP:tkm7510,w1_v15stack_race44.py,96629.0,97576.0,L,6,6,5,33,21,0,0,0,75,10,13516.0,6,6,5,33,25,0,0,0,75,11,31595.0,6,6,5,13,27,0,18,0,75,11,73992.0,448,398,45,5,7,5,68,189,12,268,2,152.0,54113,1293,50,21217,446,671,0,0,-1,60779,297,383,15102,72,250,12868,221,265,13437,296,197,6268,130,150,16488,376,31,200272,108454
112450003,1,w1_v15stack_race44.py,OPP:tkm7510,97576.0,96629.0,W,6,6,5,33,21,0,0,0,75,10,13604.0,6,6,5,33,25,0,0,0,75,11,31713.0,6,6,5,13,27,0,18,0,75,11,74324.0,341,325,12,4,7,5,67,189,12,268,2,141.0,37260,855,50,4636,98,674,0,0,-1,58972,287,383,15102,72,250,9268,161,265,9569,201,197,6256,112,150,16090,338,31,157153,99167
112450138,0,w1_v15stack_race44.py,OPP:Claude Fable 5.1,68438.0,65951.0,W,8,6,3,33,21,0,0,0,75,10,15489.0,8,6,3,33,25,0,0,0,75,11,37060.0,8,6,3,13,26,0,19,0,75,11,52314.0,364,348,11,5,7,5,77,178,12,269,2,154.0,16693,417,50,7535,127,674,0,0,-1,11593,290,383,15102,72,250,4928,90,361,20073,259,197,13186,145,150,16525,365,31,105635,64882
112450138,1,OPP:Claude Fable 5.1,w1_v15stack_race44.py,65951.0,68438.0,L,8,6,3,33,19,0,0,2,75,10,12606.0,8,6,3,33,22,0,0,3,75,11,34441.0,8,6,3,13,27,0,18,0,75,12,49489.0,434,398,36,0,7,5,71,192,12,268,2,108.0,30320,801,27,28104,465,671,0,0,-1,11986,285,383,16860,90,250,6560,119,357,24168,342,197,16456,217,150,16850,388,31,151304,76030
112450771,0,w0_v15stack_control.py,OPP:Serendipity,119405.0,118130.0,W,6,6,5,33,21,0,0,0,75,10,13687.0,6,6,5,33,25,0,0,0,75,11,35545.0,6,6,5,13,27,0,18,0,75,11,90083.0,386,374,8,4,7,5,88,187,12,268,2,141.0,79654,1785,50,4210,97,674,0,0,-1,58915,261,383,15102,72,250,8334,166,265,11001,196,197,26078,158,150,16217,341,31,219511,119430
112450771,1,OPP:Serendipity,w0_v15stack_control.py,118130.0,119405.0,L,6,6,5,33,21,0,0,0,75,10,13589.0,6,6,5,33,25,0,0,0,75,11,34604.0,6,6,5,13,27,0,18,0,75,11,88838.0,379,368,7,4,7,5,89,186,12,268,2,141.0,79421,1777,50,4616,107,674,0,0,-1,59038,261,383,15102,72,250,8221,164,265,10408,187,197,26693,161,150,16389,355,31,219888,119462
112451315,0,w1_v15stack_race44.py,OPP:zeel vavliya,127311.0,126086.0,W,9,5,3,33,21,0,0,0,75,10,15915.0,9,5,3,33,25,0,0,0,75,11,42590.0,9,5,3,13,27,0,18,0,75,11,95329.0,350,336,10,4,7,5,74,187,12,268,2,136.0,18128,430,50,2785,97,674,0,0,-1,53797,282,383,15102,72,250,5324,95,361,50602,288,197,9562,103,150,16835,349,31,172135,134387
112451315,1,OPP:zeel vavliya,w1_v15stack_race44.py,126086.0,127311.0,L,9,5,3,33,21,0,0,0,75,10,15304.0,9,5,3,33,25,0,0,0,75,11,42286.0,9,5,3,13,27,0,18,0,75,11,93881.0,442,402,40,0,7,5,75,187,12,268,2,157.0,35543,851,51,13943,476,671,0,0,-1,60017,323,383,15102,72,250,5905,105,361,67841,372,197,12997,138,150,17299,395,31,228647,161862
112451675,0,OPP:Yunioshi,w0_v15stack_control.py,142674.0,142674.0,T,9,5,3,33,21,0,0,0,75,10,16307.0,9,5,3,33,25,0,0,0,75,11,45479.0,9,5,3,13,27,0,18,0,75,11,108765.0,359,343,12,4,7,5,84,187,12,266,2,141.0,55629,1325,50,3019,93,674,0,0,-1,48603,273,383,15102,72,250,4408,87,361,61331,285,197,20887,125,150,16338,338,31,225317,150331
112451675,1,w0_v15stack_control.py,OPP:Yunioshi,142674.0,142674.0,T,9,5,3,33,21,0,0,0,75,10,16307.0,9,5,3,33,25,0,0,0,75,11,45479.0,9,5,3,13,27,0,18,0,75,11,108765.0,359,343,12,4,7,5,84,187,12,266,2,141.0,55629,1325,50,3019,93,674,0,0,-1,48603,273,383,15102,72,250,4408,87,361,61331,285,197,20887,125,150,16338,338,31,225317,150331
112452476,0,w1_v15stack_race44.py,OPP:Dorararra,74772.0,71816.0,W,6,6,5,33,21,0,0,0,75,10,14133.0,6,6,5,33,25,0,0,0,75,11,32533.0,6,6,5,13,26,0,19,0,75,11,53616.0,353,337,12,4,7,5,69,181,12,269,2,138.0,35065,814,50,7705,121,674,0,0,-1,27467,295,383,15102,72,250,7641,161,265,20848,238,197,6254,110,150,16131,356,31,136213,77312
112452476,1,OPP:Dorararra,w1_v15stack_race44.py,71816.0,74772.0,L,6,6,5,33,21,0,0,0,75,10,13250.0,6,6,5,33,25,0,0,0,75,11,31508.0,6,6,5,13,27,0,18,0,75,11,51429.0,475,430,45,0,7,6,68,189,12,268,2,155.0,50602,1265,3,28521,442,671,0,0,-1,27805,327,383,15102,72,250,9287,203,265,29518,337,197,6278,130,150,16533,392,31,183646,87990
112453635,0,OPP:Under遊具,w1_v15stack_race44.py,68002.0,79559.0,L,6,6,5,33,21,0,0,0,75,10,12889.0,6,6,5,33,25,0,0,0,75,11,28952.0,6,6,5,13,27,0,18,0,75,11,48453.0,461,422,39,0,7,6,72,189,12,269,2,153.0,29182,861,3,57767,527,671,0,0,-1,27044,312,383,15102,72,250,8440,194,361,10538,258,197,6258,124,150,17222,403,31,171553,67382
112453635,1,w1_v15stack_race44.py,OPP:Under遊具,79559.0,68002.0,W,4,6,7,33,21,0,0,0,75,10,13895.0,4,6,7,33,18,0,7,0,75,11,30894.0,4,6,7,13,9,0,35,0,75,12,53556.0,360,346,9,5,7,5,76,175,12,272,2,138.0,11302,307,50,26418,247,410,0,0,-1,27179,262,383,15102,72,250,10434,233,265,7289,141,197,6206,100,150,16615,375,31,120545,66210
112454809,0,w1_v15stack_race44.py,OPP:Les 2 oies,135776.0,131751.0,W,6,6,5,33,21,0,0,0,75,10,14534.0,6,6,5,33,25,0,0,0,75,11,36440.0,6,6,5,13,18,10,27,0,100,13,81940.0,345,329,11,5,7,5,68,180,12,284,3,212.0,32899,774,50,8284,139,650,27046,80,643,65803,287,383,15432,72,250,6793,160,265,29942,249,197,12367,143,150,16289,340,31,214855,157383
112454809,1,OPP:Les 2 oies,w1_v15stack_race44.py,131751.0,135776.0,L,6,6,5,33,21,0,0,0,75,10,12460.0,6,6,5,33,25,0,0,0,75,11,34012.0,6,6,5,13,23,10,22,0,100,13,78758.0,469,421,43,5,7,6,69,181,12,288,3,166.0,49813,1220,2,27663,470,650,35296,110,643,67927,297,383,14568,66,250,9416,226,265,43022,355,197,14818,181,150,16507,356,31,279030,185047
112456041,0,OPP:Cristiano,w1_v15stack_race44.py,97869.0,106079.0,L,6,10,0,33,20,0,0,0,75,11,12654.0,6,16,0,33,25,0,0,0,100,13,31876.0,6,16,0,13,27,0,18,0,100,13,80772.0,372,358,14,0,7,6,73,189,13,312,3,155.0,18433,454,3,3917,88,674,0,0,-1,48307,286,382,15114,72,250,0,0,-1,6262,153,197,61312,393,150,15826,488,31,169171,130995
112456041,1,w1_v15stack_race44.py,OPP:Cristiano,106079.0,97869.0,W,6,17,0,33,20,0,0,0,100,13,6101.0,6,17,0,33,25,0,0,0,100,13,39437.0,6,17,0,13,31,0,14,0,100,13,88551.0,303,295,4,4,7,5,61,188,13,305,3,138.0,17238,412,50,3850,88,674,0,0,-1,41815,252,386,15048,72,249,0,0,-1,6676,164,196,66202,444,151,13658,384,31,164487,129741
112457207,0,w1_v15stack_race44.py,OPP:zoujustkidding,134656.0,132759.0,W,9,5,3,33,21,0,0,0,75,10,15919.0,9,5,3,33,25,0,0,0,75,11,40883.0,9,5,3,13,27,10,18,0,100,13,64843.0,371,354,12,5,7,5,75,188,12,284,3,154.0,19580,454,50,5699,100,674,55210,80,639,39538,284,383,15102,72,250,4178,89,361,21990,252,197,6051,89,150,16889,358,31,184237,142069
112457207,1,OPP:zoujustkidding,w1_v15stack_race44.py,132759.0,134656.0,L,9,5,3,33,21,0,0,0,75,10,15312.0,9,5,3,33,25,0,0,0,75,11,40871.0,9,5,3,13,27,10,18,0,100,13,63164.0,311,308,2,2,7,5,76,188,12,286,3,138.0,17162,398,51,5217,91,674,55210,80,639,35086,248,383,15102,72,250,3931,83,361,21528,226,197,6109,87,150,16195,339,31,175540,136966
112458373,0,OPP:Zhenghongshuang,w1_v15stack_race44.py,133402.0,135510.0,L,6,11,0,33,20,0,0,0,75,11,15307.0,6,11,0,33,25,0,0,0,75,11,50454.0,6,11,0,13,31,0,14,0,75,12,108354.0,227,226,0,1,6,5,42,187,13,278,2,150.0,18533,487,51,2828,79,674,0,0,-1,39280,269,386,15072,72,249,0,0,-1,20405,191,196,62827,281,151,14354,335,31,173299,137584
112458373,1,w1_v15stack_race44.py,OPP:Zhenghongshuang,135510.0,133402.0,W,6,11,0,33,20,0,0,0,75,11,15359.0,6,11,0,33,25,0,0,0,75,11,50714.0,6,11,0,13,31,0,14,0,75,12,110233.0,256,247,5,4,7,5,44,188,12,281,2,141.0,14087,367,50,3189,87,674,0,0,-1,39978,266,386,15072,72,249,0,0,-1,22625,214,196,65385,289,151,14306,325,31,174642,143060
112458973,0,w0_v15stack_control.py,OPP:Xiangjiang Zhou,132874.0,132743.0,W,12,5,0,33,21,0,0,0,75,10,16014.0,12,5,0,33,25,0,0,0,75,11,43185.0,12,5,0,13,27,10,18,0,100,13,79643.0,350,330,16,4,7,5,77,190,12,284,3,141.0,17644,420,50,4292,96,674,26908,80,639,13442,301,383,15102,72,250,0,0,-1,76621,323,197,6150,92,150,16706,343,31,176865,138223
112458973,1,OPP:Xiangjiang Zhou,w0_v15stack_control.py,132743.0,132874.0,L,12,5,0,33,21,0,0,0,75,10,16039.0,12,5,0,33,25,0,0,0,75,11,43215.0,12,5,0,13,27,10,18,0,100,13,79452.0,335,320,11,4,6,5,77,190,12,284,3,141.0,17554,417,50,4292,96,674,26908,80,639,12898,287,383,15102,72,250,0,0,-1,76698,323,197,6104,92,150,16706,343,31,176262,137710
112459559,0,w1_v15stack_race44.py,OPP:barbosi,91488.0,91173.0,W,6,4,7,33,21,0,0,0,75,10,13892.0,6,4,7,33,25,0,0,0,75,11,32579.0,6,4,7,13,18,0,27,0,75,12,71216.0,306,296,6,4,7,5,75,179,12,273,2,141.0,15189,377,50,11190,176,602,0,0,-1,45884,255,383,15102,72,250,11110,222,265,6500,154,197,6269,77,150,17247,356,31,128491,84865
112459559,1,OPP:barbosi,w1_v15stack_race44.py,91173.0,91488.0,L,6,4,7,33,21,0,0,0,75,10,13929.0,6,4,7,33,25,0,0,0,75,11,32609.0,6,4,7,13,18,0,27,0,75,12,71263.0,293,286,3,4,7,5,74,177,12,273,2,141.0,14231,352,50,11534,182,602,0,0,-1,45884,255,383,15102,72,250,11110,222,265,6502,154,197,6275,77,150,16902,339,31,127540,84873
112460759,0,w1_v15stack_race44.py,OPP:Zhenrui.Weng,120918.0,117948.0,W,6,11,0,33,20,0,0,0,75,11,15746.0,6,11,0,33,25,0,0,0,75,11,51200.0,6,11,0,13,23,0,22,0,75,12,96862.0,254,242,7,5,7,5,47,186,12,280,2,138.0,6768,244,50,11659,189,554,0,0,-1,22169,262,386,15048,72,249,0,0,-1,26311,220,196,64432,293,151,13802,347,31,160189,127960
112460759,1,OPP:Zhenrui.Weng,w1_v15stack_race44.py,117948.0,120918.0,L,6,11,0,33,20,0,0,0,75,11,15245.0,6,11,0,33,25,0,0,0,75,11,50824.0,6,11,0,13,27,0,18,0,75,11,95380.0,318,302,16,0,7,6,58,189,13,279,2,153.0,11623,392,3,6678,107,674,0,0,-1,26167,288,382,15114,72,250,0,0,-1,23827,194,197,72741,334,150,16125,396,31,172275,137849
112461951,0,OPP:pk210495,w1_v15stack_race44.py,78327.0,79321.0,L,8,9,0,33,21,0,0,0,75,10,13680.0,8,9,0,33,25,0,0,0,75,11,39554.0,8,9,0,13,27,0,18,0,75,11,65372.0,336,322,14,0,7,6,75,187,12,267,2,155.0,17108,464,3,4632,94,674,0,0,-1,28214,272,383,15102,72,250,0,0,-1,12251,209,197,24996,211,150,16531,348,31,118834,80563
112461951,1,w1_v15stack_race44.py,OPP:pk210495,79321.0,78327.0,W,8,9,0,33,21,0,0,0,75,10,14245.0,8,9,0,33,25,0,0,0,75,11,42026.0,8,9,0,13,27,0,18,0,75,11,66257.0,369,351,14,4,7,5,74,188,12,267,2,138.0,17033,447,50,5431,111,674,0,0,-1,28411,282,383,15102,72,250,0,0,-1,12047,223,197,23738,216,150,16677,365,31,118439,79298
112463118,0,w1_v15stack_race44.py,OPP:Arthurs Torres24,120826.0,118735.0,W,6,11,0,33,20,0,0,0,75,11,14351.0,6,11,0,33,25,0,0,0,75,11,47938.0,6,11,0,13,26,0,19,0,75,11,96028.0,255,246,5,4,7,5,44,185,12,282,2,141.0,11565,357,50,6591,119,674,0,0,-1,49421,246,386,15072,72,249,0,0,-1,27860,230,196,38650,285,151,14457,339,31,163616,131003
112463118,1,OPP:Arthurs Torres24,w1_v15stack_race44.py,118735.0,120826.0,L,6,11,0,33,20,0,0,0,75,11,14270.0,6,11,0,33,25,0,0,0,75,11,47744.0,6,11,0,13,28,0,17,0,75,11,94124.0,344,289,50,5,7,5,45,190,12,282,2,151.0,18840,690,50,30549,547,671,0,0,-1,53336,267,386,15072,72,249,0,0,-1,39229,297,196,37728,302,151,14536,372,31,209290,145365
112464328,0,w1_v15stack_race44.py,OPP:Narendra Sirvi,105491.0,97065.0,W,6,6,5,33,21,0,0,0,75,10,13667.0,6,6,5,33,24,0,1,0,75,11,36415.0,6,6,5,13,18,10,27,0,100,13,70533.0,364,350,10,4,7,5,67,180,12,284,3,138.0,32713,765,50,16566,182,506,12688,80,643,52798,290,383,15102,72,250,6906,162,265,6205,188,197,20976,180,150,16093,341,31,180047,114675
112464328,1,OPP:Narendra Sirvi,w1_v15stack_race44.py,97065.0,105491.0,L,6,6,5,33,21,0,0,0,75,10,12947.0,6,6,5,33,25,0,0,0,75,11,35062.0,6,6,5,13,27,10,18,0,100,13,65809.0,354,346,8,0,7,6,68,190,12,288,3,155.0,33281,810,3,8823,93,674,12688,80,643,50249,295,383,15102,72,250,6183,145,265,6194,191,197,19585,172,150,16132,340,31,168237,110001
112465485,0,w1_v15stack_race44.py,OPP:Jamie Nojek,100147.0,100308.0,L,8,6,3,33,21,0,0,0,75,10,15705.0,8,6,3,33,25,0,0,0,75,11,37833.0,8,6,3,13,27,0,18,0,75,11,79509.0,359,345,10,4,7,5,73,184,12,266,2,140.0,15728,433,50,6362,117,674,0,0,-1,58168,276,383,15102,72,250,5642,93,361,14609,211,197,6214,102,150,16416,373,31,138241,99735
112465485,1,OPP:Jamie Nojek,w1_v15stack_race44.py,100308.0,100147.0,W,8,6,3,33,21,0,0,0,75,10,15724.0,8,6,3,33,25,0,0,0,75,11,37760.0,8,6,3,13,26,0,19,0,75,11,79317.0,334,327,3,4,7,5,75,180,12,267,2,140.0,15378,418,50,7267,134,674,0,0,-1,55296,262,383,15102,72,250,5518,91,361,14307,201,197,6148,102,150,16411,374,31,135427,96371
112465984,0,w0_v15stack_control.py,OPP:lemon13418,104719.0,103300.0,W,12,5,0,33,21,0,0,0,75,10,16018.0,12,5,0,33,25,0,0,0,75,11,43484.0,12,5,0,13,27,10,18,0,100,13,69267.0,345,324,17,4,7,5,76,188,12,283,3,141.0,15322,392,50,6209,112,674,22592,80,639,20739,294,383,15102,72,250,0,0,-1,41440,327,197,16684,129,150,16399,351,31,154487,116557
112465984,1,OPP:lemon13418,w0_v15stack_control.py,103300.0,104719.0,L,12,5,0,33,21,0,0,0,75,10,16048.0,12,5,0,33,25,0,0,0,75,11,43514.0,12,5,0,13,27,10,18,0,100,13,67917.0,318,310,4,4,7,5,76,188,12,283,3,141.0,15034,383,50,6517,118,674,22592,80,639,18611,260,383,15102,72,250,0,0,-1,39537,314,197,16644,129,150,16399,351,31,150436,112486
112466665,0,OPP:Eesh saxena,w1_v15stack_race44.py,125761.0,129049.0,L,8,6,3,33,21,0,0,0,75,10,14752.0,8,6,3,33,25,0,0,0,75,11,41003.0,8,6,3,13,27,0,18,0,75,11,94046.0,345,336,9,0,7,5,77,187,12,269,2,158.0,19679,565,51,9361,149,674,0,0,-1,46542,266,383,15102,72,250,3565,81,361,49305,254,197,11375,132,150,16799,358,31,171728,125889
112466665,1,w1_v15stack_race44.py,OPP:Eesh saxena,129049.0,125761.0,W,8,6,3,33,21,0,0,0,75,10,15327.0,8,6,3,33,25,0,0,0,75,11,41608.0,8,6,3,13,20,0,25,0,75,11,95540.0,357,341,12,4,7,5,73,176,12,266,2,133.0,12620,345,50,11217,174,578,0,0,-1,51164,287,383,15102,72,250,3964,90,361,51069,265,197,12366,137,150,16970,368,31,174472,133665
112467215,0,OPP:beastars,w0_v15stack_control.py,83629.0,83538.0,W,8,6,3,33,21,0,0,0,75,10,15243.0,8,6,3,33,25,0,0,0,75,11,37964.0,8,6,3,13,23,10,22,0,100,13,51020.0,349,340,5,4,7,5,75,178,12,284,3,141.0,15206,379,50,7469,131,650,18834,80,639,17328,268,383,15102,72,250,4090,91,361,22089,244,197,15719,156,150,17004,352,31,132841,93162
112467215,1,w0_v15stack_control.py,OPP:beastars,83538.0,83629.0,L,8,6,3,33,21,0,0,0,75,10,15213.0,8,6,3,33,25,0,0,0,75,11,37934.0,8,6,3,13,23,10,22,0,100,13,51236.0,372,354,14,4,7,5,75,178,12,284,3,141.0,15506,388,50,7157,125,650,18834,80,639,17915,290,383,15102,72,250,4090,91,361,22938,259,197,15697,156,150,17004,352,31,134243,94576
112467805,0,w1_v15stack_race44.py,OPP:NineThree,60810.0,59411.0,W,6,6,5,33,21,0,0,0,75,10,13774.0,6,6,5,33,21,0,4,0,75,11,29521.0,6,6,5,13,18,0,27,0,75,11,43717.0,382,362,16,4,7,5,71,176,12,267,2,141.0,13592,369,50,15012,200,458,0,0,-1,14205,288,383,15102,72,250,9110,162,265,5562,182,197,6120,102,150,16483,365,31,95186,50099
112467805,1,OPP:NineThree,w1_v15stack_race44.py,59411.0,60810.0,L,6,6,5,33,21,0,0,0,75,10,13313.0,6,6,5,33,21,0,4,0,75,11,28381.0,6,6,5,13,24,0,21,0,75,11,42995.0,487,435,47,5,7,5,72,182,12,267,2,151.0,26176,729,50,47614,647,458,0,0,-1,15177,360,383,15102,72,250,12303,217,265,5706,254,197,6118,122,150,16688,391,31,144884,54406
112467829,0,OPP:lime0001,w1_v15stack_race44.py,77593.0,77473.0,W,8,6,3,33,21,0,0,0,75,10,14787.0,8,6,3,33,25,0,0,0,75,11,32964.0,8,6,3,13,27,10,18,0,100,13,47916.0,373,356,13,4,7,5,77,188,12,284,3,141.0,17967,424,50,3723,96,674,15300,80,639,19409,285,383,15102,72,250,5150,89,361,22027,263,197,11398,132,150,16852,342,31,126928,88386
112467829,1,w1_v15stack_race44.py,OPP:lime0001,77473.0,77593.0,L,8,6,3,33,21,0,0,0,75,10,14787.0,8,6,3,33,25,0,0,0,75,11,32964.0,8,6,3,13,27,10,18,0,100,13,47796.0,374,357,13,4,7,5,77,188,12,284,3,141.0,17967,424,50,3723,96,674,15300,80,639,20501,291,383,15102,72,250,5159,89,361,21934,263,197,11378,132,150,16845,342,31,127909,89374
112469002,0,OPP:Loren-wen,w1_v15stack_race44.py,119134.0,120344.0,L,9,5,3,33,21,0,0,0,75,10,15396.0,9,5,3,33,25,0,0,0,75,11,43838.0,9,5,3,13,27,0,18,0,75,11,90454.0,375,362,13,0,7,6,74,187,12,267,2,155.0,16053,427,3,6201,102,674,0,0,-1,34892,284,383,15102,72,250,3583,81,361,61617,287,197,6088,90,150,16420,354,31,159956,121282
112469002,1,w1_v15stack_race44.py,OPP:Loren-wen,120344.0,119134.0,W,9,5,3,33,21,0,0,0,75,10,15949.0,9,5,3,33,25,0,0,0,75,11,43897.0,9,5,3,13,20,0,25,0,75,11,91702.0,350,330,16,4,7,5,73,176,12,267,2,138.0,14772,382,50,8823,143,650,0,0,-1,35103,288,383,15102,72,250,3790,86,361,58809,273,197,6038,90,150,16589,370,31,159026,118842
112469884,0,OPP:Arman Tuganbaev,w0_v15stack_control.py,125225.0,99708.0,W,6,11,0,33,20,0,0,0,75,11,15814.0,6,11,0,33,25,0,0,0,75,11,52892.0,6,11,0,13,27,0,18,0,75,11,102887.0,317,297,15,5,9,6,62,190,13,268,2,216.0,13456,353,50,2961,95,674,0,0,-1,22504,283,383,15114,72,250,0,0,-1,46674,207,197,46585,273,150,17464,348,31,164758,130877
112469884,1,w0_v15stack_control.py,OPP:Arman Tuganbaev,99708.0,125225.0,L,3,10,0,33,20,0,0,0,75,11,12656.0,3,10,0,33,25,0,0,0,75,11,42256.0,3,10,0,13,31,0,14,0,75,12,80527.0,253,237,12,4,7,5,39,188,12,277,2,43.0,15605,406,50,2409,83,674,0,0,-1,19651,245,386,15048,72,249,0,0,-1,27316,121,196,49727,278,151,14029,276,31,143785,111742
112470154,0,OPP:儿子会种地,w1_v15stack_race44.py,117581.0,121160.0,L,12,5,0,33,21,0,0,0,75,10,16057.0,12,5,0,33,24,0,0,0,75,11,48588.0,12,5,0,13,27,0,18,0,75,11,100592.0,329,308,16,5,7,5,76,188,12,267,2,175.0,15615,400,50,2799,96,674,0,0,-1,42739,270,383,15102,72,250,0,0,-1,41490,330,197,26136,148,150,16327,354,31,160208,125467
112470154,1,w1_v15stack_race44.py,OPP:儿子会种地,121160.0,117581.0,W,12,5,0,33,21,0,0,0,75,10,16174.0,12,5,0,33,25,0,0,0,75,11,48735.0,12,5,0,13,27,0,18,0,75,11,103630.0,334,314,16,4,7,5,73,187,12,267,2,134.0,15943,410,50,2785,97,674,0,0,-1,43069,275,383,15102,72,250,0,0,-1,43486,330,197,25991,147,150,16295,351,31,162671,127648
112471301,0,OPP:Ansh Agarwal,w1_v15stack_race44.py,113440.0,115292.0,L,6,6,5,33,21,0,0,0,75,10,12812.0,6,6,5,33,25,0,0,0,75,11,38184.0,6,6,5,13,27,0,18,0,75,11,85790.0,375,366,9,0,7,6,89,187,12,268,2,155.0,79603,1789,3,4933,98,674,0,0,-1,61427,273,383,15102,72,250,6980,147,313,12649,175,197,18696,162,150,16429,351,31,215819,114854
112471301,1,w1_v15stack_race44.py,OPP:Ansh Agarwal,115292.0,113440.0,W,6,6,5,33,21,0,0,0,75,10,13673.0,6,6,5,33,25,0,0,0,75,11,39446.0,6,6,5,13,27,0,18,0,75,11,87734.0,387,375,8,4,7,5,88,187,12,268,2,138.0,80324,1787,50,4880,97,674,0,0,-1,61524,273,383,15102,72,250,7973,168,265,12927,184,197,18908,166,150,16153,342,31,217791,116434
112472477,0,w1_v15stack_race44.py,OPP:takumina,95865.0,95361.0,W,6,9,2,33,21,0,0,0,75,10,13087.0,6,9,2,33,25,0,0,0,75,11,39197.0,6,9,2,13,27,0,18,0,75,11,73319.0,362,347,11,4,7,5,72,187,12,266,2,140.0,16493,423,50,3373,97,674,0,0,-1,18917,287,383,15102,72,250,4634,74,265,5765,191,197,49937,221,150,16295,349,31,130516,94355
112472477,1,OPP:takumina,w1_v15stack_race44.py,95361.0,95865.0,L,6,9,2,33,21,0,0,0,75,10,13057.0,6,9,2,33,25,0,0,0,75,11,39194.0,6,9,2,13,27,0,18,0,75,11,73099.0,352,338,10,4,8,6,73,188,12,266,2,200.0,16463,422,50,3373,97,674,0,0,-1,18175,276,383,15102,72,250,4634,74,265,5529,183,197,49892,221,150,16313,352,31,129481,93332
112473680,0,OPP:HojunLee,w1_v15stack_race44.py,98709.0,102354.0,L,6,11,0,33,20,0,0,0,75,11,14261.0,6,11,0,33,25,0,0,0,75,11,46228.0,6,11,0,13,31,10,14,0,100,13,63443.0,320,280,40,0,7,6,45,188,12,293,3,158.0,27271,643,3,20002,391,671,29646,110,647,20043,268,386,15072,72,249,0,0,-1,28974,274,196,37697,290,151,14590,349,31,193295,131432
112473680,1,w1_v15stack_race44.py,OPP:HojunLee,102354.0,98709.0,W,6,11,0,33,20,0,0,0,75,11,14331.0,6,11,0,33,25,0,0,0,75,11,46633.0,6,11,0,13,31,10,14,0,100,13,66563.0,260,249,7,4,7,5,44,189,12,295,3,138.0,16122,376,50,4302,85,674,23226,80,647,20601,259,386,15072,72,249,0,0,-1,23797,228,196,38455,274,151,14445,315,31,156020,121151
112475042,0,w1_v15stack_race44.py,OPP:Omar Althobaiti,90779.0,92488.0,L,8,6,3,33,21,0,0,0,75,10,15202.0,8,6,3,33,25,0,0,0,75,11,39131.0,8,6,3,13,27,0,18,0,75,11,70762.0,373,358,11,4,7,5,73,187,12,266,2,135.0,16102,416,50,4761,101,674,0,0,-1,30530,278,383,15102,72,250,5095,93,361,36741,285,197,6049,101,150,16219,349,31,130599,93517
112475042,1,OPP:Omar Althobaiti,w1_v15stack_race44.py,92488.0,90779.0,W,8,6,3,33,21,0,0,0,75,10,14892.0,8,6,3,33,25,0,0,0,75,11,39453.0,8,6,3,13,27,0,18,0,75,11,71793.0,428,418,6,4,7,5,145,186,12,266,2,147.0,134527,3295,50,4939,105,674,0,0,-1,30419,267,383,15102,72,250,5098,93,361,36161,274,197,6217,101,150,24265,541,31,256728,92997
112476212,0,OPP:suteno,w1_v15stack_race44.py,92411.0,94158.0,L,6,11,0,33,20,0,0,0,75,11,15298.0,6,11,0,33,25,0,0,0,75,11,48750.0,6,11,0,13,25,0,20,0,75,12,72021.0,234,227,1,6,8,6,48,191,12,284,2,158.0,12304,335,2,9138,143,601,0,0,-1,14425,246,386,15072,72,249,0,0,-1,29857,191,196,35708,258,151,14178,316,31,130682,95062
112476212,1,w1_v15stack_race44.py,OPP:suteno,94158.0,92411.0,W,6,11,0,33,20,0,0,0,75,11,15367.0,6,11,0,33,25,0,0,0,75,11,48928.0,6,11,0,13,17,0,28,0,75,12,73594.0,252,242,6,4,7,5,45,187,12,281,2,136.0,10552,288,50,11932,184,601,0,0,-1,14933,267,386,15072,72,249,0,0,-1,34541,227,196,38218,275,151,14422,343,31,139670,102764
112476638,0,w0_v15stack_control.py,OPP:iring58,83774.0,83424.0,W,8,6,3,33,21,0,0,0,75,10,14818.0,8,6,3,33,25,0,0,0,75,11,34212.0,8,6,3,13,27,0,18,0,75,11,66999.0,370,354,12,4,7,5,73,185,12,266,2,141.0,16067,420,50,6023,115,674,0,0,-1,39767,276,383,15102,72,250,5379,93,361,17559,259,197,6197,101,150,16332,363,31,122426,84004
112476638,1,OPP:iring58,w0_v15stack_control.py,83424.0,83774.0,L,8,6,3,33,21,0,0,0,75,10,14845.0,8,6,3,33,25,0,0,0,75,11,34235.0,8,6,3,13,27,0,18,0,75,11,66484.0,352,342,6,4,7,5,75,186,12,267,2,141.0,15791,411,50,6660,128,674,0,0,-1,38968,265,383,15102,72,250,5388,93,361,16064,236,197,6201,101,150,16374,366,31,120548,81723
112477363,0,OPP:songling,w1_v15stack_race44.py,68951.0,70185.0,L,6,11,0,33,20,0,0,0,75,11,13909.0,6,17,0,33,25,0,0,0,100,12,31093.0,6,17,0,13,31,0,14,0,100,13,55737.0,406,346,55,5,7,5,61,188,13,302,3,151.0,30341,783,50,27767,467,671,0,0,-1,6529,301,385,15072,72,249,0,0,-1,5274,242,196,62859,431,151,14088,410,31,161930,89734
112477363,1,w1_v15stack_race44.py,OPP:songling,70185.0,68951.0,W,6,11,0,33,20,0,0,0,75,11,13988.0,6,17,0,33,25,0,0,0,100,12,31556.0,6,17,0,13,31,0,14,0,100,13,56468.0,308,297,7,4,7,5,60,183,13,302,3,141.0,16448,416,50,5657,96,674,0,0,-1,6742,261,385,15072,72,249,0,0,-1,5150,173,196,59646,389,151,14026,388,31,122741,86610
112477447,0,OPP:track,w0_v15stack_control.py,145928.0,125581.0,W,9,5,3,33,21,0,0,0,75,10,16364.0,9,5,3,33,25,0,0,0,75,11,47083.0,9,5,3,13,20,0,25,0,75,11,111665.0,354,329,20,5,7,5,72,177,12,263,2,156.0,10885,321,50,7655,165,601,0,0,-1,56910,288,383,15102,72,250,4258,90,361,58293,273,197,20395,148,150,17768,360,31,191266,154958
112477447,1,w0_v15stack_control.py,OPP:track,125581.0,145928.0,L,10,4,0,27,21,0,0,0,75,10,12842.0,10,4,0,27,25,0,0,0,75,11,35872.0,10,4,0,13,18,0,27,0,75,11,92826.0,335,296,35,4,7,5,68,176,12,263,2,3.0,12275,364,50,8229,174,578,0,0,-1,48281,247,383,15102,72,250,0,0,-1,57143,268,197,16852,122,150,15771,324,31,173653,137378
112478566,0,OPP:Timothy Adeyemi,w1_v15stack_race44.py,100947.0,101334.0,L,8,6,3,33,21,0,0,0,75,10,15019.0,8,6,3,33,25,0,0,0,75,11,40695.0,8,6,3,13,27,10,18,0,100,13,61596.0,343,333,10,0,7,6,75,188,12,286,3,155.0,16635,404,3,3863,96,674,19898,80,639,25810,283,383,15102,72,250,4588,88,361,25600,250,197,24193,165,150,16736,345,31,152425,115191
112478566,1,w1_v15stack_race44.py,OPP:Timothy Adeyemi,101334.0,100947.0,W,8,6,3,33,21,0,0,0,75,10,15600.0,8,6,3,33,25,0,0,0,75,11,40764.0,8,6,3,13,27,10,18,0,100,13,62488.0,374,359,11,4,7,5,75,188,12,284,3,138.0,17045,405,50,3863,96,674,19898,80,639,25070,281,383,15102,72,250,4741,91,361,26517,277,197,23066,167,150,16673,341,31,151975,114394
112479711,0,OPP:Daniel Guo,w1_v15stack_race44.py,112070.0,112721.0,L,9,5,3,33,21,0,0,0,75,10,16341.0,9,5,3,33,25,0,0,0,75,11,44059.0,9,5,3,13,20,0,25,0,75,11,87831.0,350,337,8,5,7,5,76,179,12,266,2,151.0,10827,336,50,10055,180,578,0,0,-1,48244,268,383,15102,72,250,4302,90,361,42343,296,197,6099,97,150,16321,362,31,153293,116090
112479711,1,w1_v15stack_race44.py,OPP:Daniel Guo,112721.0,112070.0,W,9,5,3,33,21,0,0,0,75,10,16423.0,9,5,3,33,25,0,0,0,75,11,44191.0,9,5,3,13,20,0,25,0,75,11,87751.0,365,348,13,4,7,5,75,176,12,266,2,141.0,11039,345,50,9759,174,578,0,0,-1,50126,274,383,15102,72,250,4325,90,361,43750,313,197,6117,97,150,16422,370,31,156640,119420
112480899,0,OPP:DLTLM,w1_v15stack_race44.py,92694.0,94803.0,L,6,11,0,33,20,0,0,0,75,11,15662.0,6,11,0,33,25,0,0,0,75,11,48534.0,6,11,0,13,23,0,22,0,75,12,74271.0,348,294,49,5,7,5,46,191,12,283,2,152.0,25567,717,50,32776,573,650,0,0,-1,37481,281,386,15072,72,249,0,0,-1,26895,305,196,30762,298,151,14768,377,31,183321,110210
112480899,1,w1_v15stack_race44.py,OPP:DLTLM,94803.0,92694.0,W,6,11,0,33,20,0,0,0,75,11,15741.0,6,11,0,33,25,0,0,0,75,11,48532.0,6,11,0,13,17,0,28,0,75,12,75318.0,251,239,8,4,7,5,45,186,12,283,2,141.0,12390,333,50,8748,151,650,0,0,-1,35089,252,386,15072,72,249,0,0,-1,20134,212,196,31596,269,151,14608,337,31,137637,101891
112481508,0,w1_v15stack_race44.py,OPP:coolin666,84942.0,85206.0,L,8,6,3,33,21,0,0,0,75,10,15595.0,8,6,3,33,25,0,0,0,75,11,36501.0,8,6,3,13,27,0,18,0,75,11,66415.0,364,345,15,4,7,5,73,185,12,267,2,138.0,16485,424,50,6042,115,674,0,0,-1,36724,279,383,15102,72,250,5139,92,361,19812,263,197,9279,112,150,16675,364,31,125258,86056
112481508,1,OPP:coolin666,w1_v15stack_race44.py,85206.0,84942.0,W,8,6,3,33,21,0,0,0,75,10,15636.0,8,6,3,33,25,0,0,0,75,11,36575.0,8,6,3,13,26,0,19,0,75,11,66138.0,354,336,14,4,7,5,74,179,12,267,2,144.0,15987,408,50,6564,125,674,0,0,-1,36324,273,383,15102,72,250,5137,92,361,19218,259,197,9194,112,150,16665,364,31,124191,84975
112482003,0,OPP:물,w1_v15stack_race44.py,61552.0,63843.0,L,6,11,0,33,20,0,0,0,75,11,13380.0,6,11,0,33,21,0,4,0,75,11,37832.0,6,11,0,13,30,0,15,0,75,12,47468.0,363,311,47,5,7,5,47,188,12,284,2,151.0,29182,764,50,38389,568,482,0,0,-1,11763,298,386,15072,72,249,0,0,-1,8463,248,196,31091,305,151,14506,374,31,148466,66389
112482003,1,w1_v15stack_race44.py,OPP:물,63843.0,61552.0,W,6,11,0,33,20,0,0,0,75,11,13459.0,6,11,0,33,21,0,4,0,75,11,38048.0,6,11,0,13,22,0,23,0,75,12,48922.0,261,250,6,5,7,5,48,185,12,282,2,141.0,11430,302,50,13732,204,482,0,0,-1,10716,262,385,15072,72,249,0,0,-1,7689,181,196,32738,270,151,14459,348,31,105836,66215
112482226,0,OPP:akmr,w0_v15stack_control.py,84662.0,82157.0,W,8,4,5,22,18,0,0,2,75,10,13923.0,8,4,5,34,17,5,0,2,75,11,31299.0,8,4,5,16,34,4,4,0,75,11,64339.0,271,268,3,0,9,7,45,140,12,278,2,1.0,23251,552,2,2387,58,688,3752,44,572,32483,326,390,16260,84,250,10622,188,289,21114,254,196,5978,59,151,12735,220,31,128582,90209
112482226,1,w0_v15stack_control.py,OPP:akmr,82157.0,84662.0,L,6,6,5,33,21,0,0,0,75,10,13817.0,6,6,5,33,25,0,0,0,75,11,34884.0,6,6,5,13,27,0,18,0,75,11,65986.0,390,376,9,5,7,5,104,189,12,265,2,151.0,166314,3690,50,3853,91,674,0,0,-1,32386,285,383,15102,72,250,8908,159,265,19854,239,197,6128,106,150,16940,328,31,269485,82378
112483255,0,OPP:benhur0905,w1_v15stack_race44.py,141370.0,141542.0,L,12,5,0,33,21,0,0,0,75,10,16262.0,12,5,0,33,25,0,0,0,75,11,45411.0,12,5,0,13,27,0,18,0,75,11,109050.0,319,305,10,4,7,5,76,188,12,266,2,140.0,15006,409,50,3373,97,674,0,0,-1,56639,283,383,15102,72,250,0,0,-1,68996,323,197,6093,95,150,16113,354,31,181322,146830
112483255,1,w1_v15stack_race44.py,OPP:benhur0905,141542.0,141370.0,W,12,5,0,33,21,0,0,0,75,10,16243.0,12,5,0,33,25,0,0,0,75,11,45387.0,12,5,0,13,27,0,18,0,75,11,109261.0,324,308,12,4,7,5,75,187,12,266,2,140.0,15093,412,50,3373,97,674,0,0,-1,56635,283,383,15102,72,250,0,0,-1,68936,323,197,6112,96,150,16109,352,31,181360,146785
112483652,0,w0_v15stack_control.py,OPP:lihaha.36,74205.0,90193.0,L,10,4,0,27,21,0,0,0,75,10,12940.0,10,4,0,27,21,0,4,0,75,11,34337.0,10,4,0,13,18,0,27,0,75,11,60815.0,356,321,31,4,7,5,70,176,12,265,2,6.0,12879,364,50,11622,195,458,0,0,-1,25363,236,383,15102,72,250,0,0,-1,26651,285,197,6000,83,150,16345,336,31,113962,73116
112483652,1,OPP:lihaha.36,w0_v15stack_control.py,90193.0,74205.0,W,9,5,3,33,21,0,0,0,75,10,16030.0,9,5,3,33,21,0,4,0,75,11,44314.0,9,5,3,13,20,0,25,0,75,11,75960.0,319,311,2,6,8,5,74,179,12,265,2,165.0,10304,291,50,10683,181,458,0,0,-1,30455,257,383,15102,72,250,4689,88,361,29516,258,197,6269,97,150,17407,336,31,124425,86031
112484419,0,OPP:Yangle Ma,w1_v15stack_race44.py,52120.0,55969.0,L,6,6,5,33,21,0,0,0,75,10,13415.0,6,6,5,33,21,0,4,0,75,11,26369.0,6,6,5,13,18,0,27,0,75,11,36621.0,520,468,47,5,7,5,105,182,12,266,2,151.0,173513,4076,50,33288,548,458,0,0,-1,8925,343,383,15102,72,250,11138,208,265,13481,296,197,6267,129,150,15621,380,31,277335,54913
112484419,1,w1_v15stack_race44.py,OPP:Yangle Ma,55969.0,52120.0,W,6,6,5,33,21,0,0,0,75,10,13532.0,6,6,5,33,21,0,4,0,75,11,27737.0,6,6,5,13,18,0,27,0,75,11,40059.0,393,377,12,4,7,5,104,179,12,267,2,141.0,156951,3637,50,12581,202,458,0,0,-1,8082,284,383,15102,72,250,8671,163,265,9268,192,197,6249,105,150,15548,357,31,232452,47372
112484782,0,w0_v15stack_control.py,OPP:马嘉蛋爱玩跳棋,105533.0,105966.0,L,9,5,3,33,21,0,0,0,75,10,16299.0,9,5,3,33,25,0,0,0,75,11,48556.0,9,5,3,13,27,0,18,0,75,11,85954.0,375,360,11,4,7,5,84,187,12,266,2,141.0,56203,1349,50,3153,93,674,0,0,-1,32062,273,383,15102,72,250,4523,85,361,27774,287,197,31870,146,150,16363,338,31,187050,111331
112484782,1,OPP:马嘉蛋爱玩跳棋,w0_v15stack_control.py,105966.0,105533.0,W,9,5,3,33,21,0,0,0,75,10,16213.0,9,5,3,33,25,0,0,0,75,11,48477.0,9,5,3,13,27,0,18,0,75,11,85760.0,324,317,1,6,8,6,85,187,12,266,2,152.0,54522,1309,2,3033,89,674,0,0,-1,30633,257,383,15102,72,250,4525,85,361,25717,237,197,30211,139,150,15735,319,31,179478,106188
112485579,0,w1_v15stack_race44.py,OPP:Meteor,82251.0,78677.0,W,8,6,3,33,21,0,0,0,75,10,14874.0,8,6,3,33,24,0,1,0,75,11,32759.0,8,6,3,13,18,10,27,0,100,13,51501.0,367,351,12,4,7,5,76,177,12,283,3,138.0,15049,379,50,12605,182,506,12634,80,639,34956,282,383,15102,72,250,4515,88,361,10893,204,197,6099,101,150,16675,352,31,128528,84199
112485579,1,OPP:Meteor,w1_v15stack_race44.py,78677.0,82251.0,L,8,6,3,33,21,0,0,0,75,10,14330.0,8,6,3,33,25,0,0,0,75,11,32912.0,8,6,3,13,27,10,18,0,100,13,49263.0,362,350,12,0,7,6,77,188,12,286,3,153.0,18297,468,3,6512,96,674,12634,80,639,34964,279,383,15102,72,250,4484,87,361,10897,192,197,6182,104,150,16555,344,31,125627,84263
112486754,0,w1_v15stack_race44.py,OPP:Guilherme Volpe,129241.0,126671.0,W,6,11,0,33,20,0,0,0,75,11,15946.0,6,11,0,33,25,0,0,0,75,11,52599.0,6,11,0,13,31,0,14,0,75,12,100525.0,251,241,6,4,7,5,44,188,12,281,2,141.0,14417,371,50,2647,87,674,0,0,-1,32836,261,386,15072,72,249,0,0,-1,46075,208,196,47078,292,151,14432,324,31,172557,141061
112486754,1,OPP:Guilherme Volpe,w1_v15stack_race44.py,126671.0,129241.0,L,6,11,0,33,20,0,0,0,75,11,15946.0,6,11,0,33,25,0,0,0,75,11,52716.0,6,11,0,13,31,0,14,0,75,12,97925.0,253,245,4,4,7,5,45,188,12,281,2,141.0,14252,367,50,2647,87,674,0,0,-1,31080,254,386,15072,72,249,0,0,-1,47933,216,196,46469,297,151,14436,326,31,171889,140554
112487833,0,w1_v15stack_race44.py,OPP:high frequency farming,116565.0,112993.0,W,6,6,5,33,21,0,0,0,75,10,13873.0,6,6,5,33,25,0,0,0,75,11,35481.0,6,6,5,13,27,0,18,0,75,11,87330.0,391,377,10,4,7,5,107,187,12,268,2,141.0,165418,3703,50,5913,112,674,0,0,-1,64831,279,383,15102,72,250,8820,163,265,8194,165,197,19791,148,150,15988,344,31,304057,116738
112487833,1,OPP:high frequency farming,w1_v15stack_race44.py,112993.0,116565.0,L,6,6,5,33,21,0,0,0,75,10,13785.0,6,6,5,33,25,0,0,0,75,11,34278.0,6,6,5,13,27,0,18,0,75,11,84315.0,515,457,53,5,7,5,108,190,12,268,2,152.0,178541,4090,50,27595,517,671,0,0,-1,71886,311,383,15102,72,250,11992,224,265,9052,235,197,28459,202,150,16351,373,31,358978,136491
112487914,0,OPP:Ali Eren Konak,w1_v15stack_race44.py,65015.0,67855.0,L,6,6,5,33,21,0,0,0,75,10,13320.0,6,6,5,33,21,0,4,0,75,11,29140.0,6,6,5,13,25,0,20,0,75,11,47184.0,486,429,52,5,7,5,73,181,12,267,2,151.0,24016,674,50,48188,631,458,0,0,-1,19575,367,383,15102,72,250,10430,224,265,7117,275,197,18288,211,150,16725,389,31,159441,70512
112487914,1,w1_v15stack_race44.py,OPP:Ali Eren Konak,67855.0,65015.0,W,6,6,5,33,21,0,0,0,75,10,13781.0,6,6,5,33,18,0,7,0,75,11,29813.0,6,6,5,13,20,0,25,0,75,11,49085.0,376,355,17,4,7,5,72,175,12,267,2,141.0,12365,338,50,15200,199,458,0,0,-1,16943,289,383,15102,72,250,7815,161,265,6617,189,197,15154,159,150,16518,364,31,105714,61631
112489090,0,w1_v15stack_race44.py,OPP:救赎之道，就在其中,113482.0,109358.0,W,6,6,5,33,21,0,0,0,75,10,13424.0,6,6,5,33,25,0,0,0,75,11,33698.0,6,6,5,13,27,0,18,0,75,11,84152.0,384,371,9,4,7,5,106,189,12,267,2,141.0,168653,3696,50,2710,93,674,0,0,-1,63065,279,383,15102,72,250,9534,161,265,26198,229,197,6247,107,150,15670,330,31,307179,120146
112489090,1,OPP:救赎之道，就在其中,w1_v15stack_race44.py,109358.0,113482.0,L,6,6,5,33,21,0,0,0,75,10,13208.0,6,6,5,33,25,0,0,0,75,11,32514.0,6,6,5,13,27,0,18,0,75,11,81033.0,503,455,43,5,7,5,108,189,12,267,2,152.0,186080,4173,50,12753,430,671,0,0,-1,70024,311,383,15102,72,250,12976,217,265,43368,333,197,6263,129,150,16118,373,31,362684,147733
112490257,0,w1_v15stack_race44.py,OPP:🔥🦫📿🗽,84967.0,82863.0,W,6,17,0,33,20,0,0,0,100,13,6354.0,6,17,0,33,25,0,0,0,100,13,38360.0,6,17,0,13,31,0,14,0,100,13,71592.0,311,300,7,4,7,5,61,188,13,305,3,139.0,16477,407,50,4028,88,674,0,0,-1,17463,261,385,15072,72,249,0,0,-1,6447,170,196,72689,438,151,13934,380,31,146110,111671
112490257,1,OPP:🔥🦫📿🗽,w1_v15stack_race44.py,82863.0,84967.0,L,6,17,0,33,20,0,0,0,100,13,6323.0,6,17,0,33,25,0,0,0,100,13,38240.0,6,17,0,13,31,0,14,0,100,13,69268.0,406,353,49,4,7,6,62,188,13,305,3,199.0,31845,806,50,20268,434,671,0,0,-1,18668,301,386,15072,72,249,0,0,-1,7881,253,196,78636,544,151,14085,425,31,186455,120257
112490972,0,OPP:hinemos,w1_v15stack_race44.py,110681.0,110704.0,L,12,5,0,33,21,0,0,0,75,10,16083.0,12,5,0,33,25,0,0,0,75,11,43904.0,12,5,0,13,27,10,18,0,100,13,72611.0,347,329,14,4,7,5,71,186,12,284,3,141.0,17141,416,50,6216,106,674,23986,80,643,23845,268,383,15102,72,250,0,0,-1,41432,332,197,16488,125,150,17003,348,31,161213,120853
112490972,1,w1_v15stack_race44.py,OPP:hinemos,110704.0,110681.0,W,12,5,0,33,21,0,0,0,75,10,16083.0,12,5,0,33,25,0,0,0,75,11,43904.0,12,5,0,13,27,10,18,0,100,13,72634.0,346,328,14,4,7,5,71,186,12,284,3,141.0,17141,416,50,6216,106,674,23986,80,643,23845,268,383,15102,72,250,0,0,-1,41346,332,197,16488,125,150,17003,348,31,161127,120767
112491441,0,OPP:Sophie555,w1_v15stack_race44.py,58774.0,61173.0,L,5,6,5,33,21,0,0,0,75,10,12702.0,5,6,5,33,25,0,0,0,75,11,28485.0,5,6,5,13,18,0,27,0,75,11,40657.0,520,455,60,5,7,5,105,183,12,266,2,151.0,175520,4052,50,35521,557,578,0,0,-1,13876,351,383,15102,72,250,11529,208,265,6263,218,197,12171,158,150,16871,365,31,286853,58941
112491441,1,w1_v15stack_race44.py,OPP:Sophie555,61173.0,58774.0,W,5,6,5,33,21,0,0,0,75,10,12467.0,5,6,5,33,25,0,0,0,75,11,29659.0,5,6,5,13,18,0,27,0,75,11,43081.0,391,371,16,4,7,5,104,179,12,266,2,45.0,159699,3645,50,11422,176,578,0,0,-1,12633,284,383,15102,72,250,8953,162,265,5838,162,197,9770,116,150,16045,325,31,239462,52296
112492607,0,OPP:Дворкин Евгений Владимирович,w1_v15stack_race44.py,107824.0,111658.0,L,6,6,5,33,21,0,0,0,75,10,13777.0,6,6,5,33,25,0,0,0,75,11,34349.0,6,6,5,13,27,0,18,0,75,11,82423.0,514,464,45,5,7,5,108,189,12,268,2,152.0,193440,4171,50,23593,455,671,0,0,-1,77734,324,383,15102,72,250,11944,219,265,15445,288,197,6267,129,150,16368,374,31,359893,126492
112492607,1,w1_v15stack_race44.py,OPP:Дворкин Евгений Владимирович,111658.0,107824.0,W,6,6,5,33,21,0,0,0,75,10,13865.0,6,6,5,33,25,0,0,0,75,11,35495.0,6,6,5,13,27,0,18,0,75,11,85236.0,386,373,9,4,7,5,107,189,12,268,2,141.0,173930,3708,50,5033,98,674,0,0,-1,68190,283,383,15102,72,250,8688,159,265,11102,181,197,6248,104,150,15784,329,31,304077,109330
112493815,0,OPP:weihao huang2004,w1_v15stack_race44.py,64381.0,64930.0,L,8,6,3,33,21,0,0,0,75,10,14746.0,8,6,3,33,25,0,0,0,75,11,32821.0,8,6,3,13,27,0,18,0,75,11,48310.0,472,425,43,4,7,6,77,188,12,268,2,200.0,35344,895,50,14160,486,671,0,0,-1,5565,353,383,15102,72,250,6832,109,361,14084,312,197,31139,220,150,17120,384,31,139346,72722
112493815,1,w1_v15stack_race44.py,OPP:weihao huang2004,64930.0,64381.0,W,8,6,3,33,21,0,0,0,75,10,14779.0,8,6,3,33,25,0,0,0,75,11,32800.0,8,6,3,13,27,0,18,0,75,11,48595.0,375,356,15,4,7,5,76,187,12,268,2,140.0,18483,456,50,2785,97,674,0,0,-1,6526,289,383,15102,72,250,5350,87,361,12022,219,197,24038,168,150,16764,348,31,101070,63038
112493943,0,w0_v15stack_control.py,OPP:benhur0905,132615.0,132374.0,W,9,5,3,33,21,0,0,0,75,10,16407.0,9,5,3,33,25,0,0,0,75,11,46142.0,9,5,3,13,27,0,18,0,75,11,103321.0,352,334,14,4,7,5,75,187,12,266,2,140.0,12611,374,50,4563,114,674,0,0,-1,48317,266,383,15102,72,250,4725,95,361,54651,273,197,17590,144,150,16295,362,31,173854,140385
112493943,1,OPP:benhur0905,w0_v15stack_control.py,132374.0,132615.0,L,9,5,3,33,21,0,0,0,75,10,16436.0,9,5,3,33,25,0,0,0,75,11,46190.0,9,5,3,13,27,0,18,0,75,11,102558.0,341,327,10,4,7,5,76,186,12,266,2,140.0,12398,365,50,4771,120,674,0,0,-1,48399,264,383,15102,72,250,4712,95,361,54742,273,197,17023,144,150,16333,365,31,173480,139978
112500836,0,w0_v15stack_control.py,OPP:Hamed Vakili,72919.0,73139.0,L,6,11,0,33,20,0,0,0,75,11,15473.0,6,11,0,33,25,0,0,0,75,11,46745.0,6,11,0,13,26,0,19,0,75,12,62478.0,261,251,6,4,7,5,44,185,12,281,2,136.0,11902,363,50,6031,117,674,0,0,-1,12621,254,386,15048,72,249,0,0,-1,13121,201,196,37878,270,151,14012,338,31,110613,78668
112500836,1,OPP:Hamed Vakili,w0_v15stack_control.py,73139.0,72919.0,W,6,11,0,33,20,0,0,0,75,11,14506.0,6,11,0,33,25,0,0,0,75,11,45278.0,6,11,0,13,19,0,26,0,75,12,61405.0,319,308,2,9,7,5,60,196,13,278,2,158.0,28273,919,50,6997,133,625,0,0,-1,12436,249,382,15114,72,250,0,0,-1,11891,167,196,34570,252,150,20080,508,31,129361,74011
112503155,0,OPP:YKuma,w1_v15stack_race44.py,89165.0,90897.0,L,8,6,3,33,21,0,0,0,75,10,14692.0,8,6,3,33,25,0,0,0,75,11,34061.0,8,6,3,13,27,0,18,0,75,11,69465.0,472,428,39,5,7,5,77,187,12,267,2,152.0,36844,917,50,23340,486,671,0,0,-1,49186,340,383,15102,72,250,6512,108,361,32115,370,197,6058,122,150,16769,386,31,185926,108973
112503155,1,w1_v15stack_race44.py,OPP:YKuma,90897.0,89165.0,W,8,6,3,33,21,0,0,0,75,10,14776.0,8,6,3,33,25,0,0,0,75,11,34128.0,8,6,3,13,27,0,18,0,75,11,70405.0,379,362,13,4,7,5,76,187,12,267,2,141.0,18596,456,50,4589,97,674,0,0,-1,43622,281,383,15102,72,250,5308,89,361,20495,249,197,6213,101,150,16521,350,31,130446,90740
112503883,0,OPP:GarbageOoze,w1_v15stack_race44.py,58800.0,59505.0,L,6,6,5,33,21,0,0,0,75,10,13678.0,6,6,5,33,25,0,0,0,75,11,25709.0,6,6,5,13,18,0,27,0,75,11,38021.0,347,334,9,4,7,5,73,181,12,266,2,141.0,13338,356,50,11401,187,578,0,0,-1,5153,282,383,15102,72,250,8624,162,265,7555,182,197,15829,129,150,16669,365,31,93671,52263
112503883,1,w1_v15stack_race44.py,OPP:GarbageOoze,59505.0,58800.0,W,6,6,5,33,21,0,0,0,75,10,13655.0,6,6,5,33,25,0,0,0,75,11,25749.0,6,6,5,13,18,0,27,0,75,11,38583.0,366,348,14,4,7,5,72,176,12,266,2,141.0,13612,365,50,11077,181,578,0,0,-1,4808,288,383,15102,72,250,8624,162,265,8462,196,197,16156,130,150,16693,366,31,94534,53152
112509671,0,OPP:tw1nstar,w1_v15stack_race44.py,92905.0,91649.0,W,6,6,5,33,21,0,0,0,75,10,13766.0,6,6,5,33,25,0,0,0,75,11,36018.0,6,6,5,13,27,0,18,0,75,11,72206.0,328,321,3,4,7,5,68,188,12,268,2,141.0,34491,811,50,6349,120,674,0,0,-1,46394,285,383,15102,72,250,8647,163,265,7380,176,197,21538,184,150,16241,350,31,156142,99061
112509671,1,w1_v15stack_race44.py,OPP:tw1nstar,91649.0,92905.0,L,6,6,5,33,21,0,0,0,75,10,13613.0,6,6,5,33,25,0,0,0,75,11,35711.0,6,6,5,13,27,0,18,0,75,11,71640.0,348,331,13,4,7,5,67,187,12,268,2,141.0,34649,817,50,5855,111,674,0,0,-1,47200,294,383,15102,72,250,8536,161,265,7678,194,197,21245,176,150,16255,349,31,156520,99761
112510341,0,OPP:Teddy Tennant,w0_v15stack_control.py,153788.0,153227.0,W,9,5,3,33,21,0,0,0,75,10,16276.0,9,5,3,33,25,0,0,0,75,11,46691.0,9,5,3,13,27,0,18,0,75,11,116174.0,333,323,6,4,7,5,73,187,12,267,2,141.0,15472,390,50,4044,101,674,0,0,-1,59939,264,383,15102,72,250,4182,95,361,59904,273,197,17426,142,150,16386,346,31,192455,156553
112510341,1,w0_v15stack_control.py,OPP:Teddy Tennant,153227.0,153788.0,L,9,5,3,33,21,0,0,0,75,10,16246.0,9,5,3,33,25,0,0,0,75,11,46630.0,9,5,3,13,27,0,18,0,75,11,115630.0,352,333,15,4,7,5,74,187,12,267,2,141.0,15810,399,50,3892,97,674,0,0,-1,63970,283,383,15102,72,250,4161,95,361,59910,273,197,16965,144,150,16547,349,31,196357,160108
