Rank,TeamId,TeamName,LastSubmissionDate,Score,SubmissionCount,TeamMemberUserNames
1,16732748,DSM,"2026-09-24 10:23:01",3139.4,2,"denden12,masspeaks,shimishige"
2,16623559,DECEM,"2026-09-24 08:56:30",3049.3,2,zy1343930734
3,16770421,"Vadim Vasilenko","2026-09-24 13:44:03",3017.3,2,vadimvasilenko
4,16718819,Majkel1337,"2026-09-23 21:43:22",2981.3,2,majkel1337
5,16730612,"Unknown Mother-Goose","2026-09-24 10:58:04",2980.7,2,linkinpony
6,16854176,吃白饭的大肥鱼,"2026-09-24 00:14:30",2978.5,2,"deepios,gengsr,tangdi24,tanpowasd"
7,16633132,"Kaggledew Valley 🏆","2026-09-23 01:10:56",2964.1,2,"jackvd,wscmisx,yanzhou06"
8,16730524,"THIRD FARM CLUB","2026-09-24 12:04:23",2943.1,2,"bowwowforeach,mooegi,shunrcn,simann"
9,16743356,"Azat Akhtyamov","2026-09-23 10:56:27",2938.9,2,azakhtyamov
10,16673205,"Arda Ceylan","2026-09-24 07:18:44",2930.9,2,ardacey
11,16758882,mtmr_s1,"2026-09-24 13:47:13",2926.7,2,mtmrs1
12,16887437,TheEggman,"2026-09-24 14:13:49",2910.6,2,ethanl67
13,16621799,"Artem The Farmer 🍅","2026-09-24 12:28:23",2902.8,2,veshkinartem
14,16862183,Smackaveli,"2026-09-24 09:48:33",2893.4,2,spoutop
15,16640510,SpaTaro,"2026-09-24 08:18:59",2885.0,2,tarosqrd2
16,16760569,"Otter Vibe","2026-09-24 11:20:25",2874.0,2,gyuminsong
17,16660137,Densike,"2026-09-24 06:51:57",2873.8,2,densike
18,16793083,"🐚seek inspiration🐚","2026-09-24 12:23:24",2873.2,2,kurupical
19,16863512,YumeNeko,"2026-09-22 14:45:10",2866.2,2,kashiwaba
20,16654697,KawattaTaido,"2026-09-21 05:13:15",2865.4,2,kawattataido
21,16864314,marwar22,"2026-09-24 00:21:57",2859.9,2,marwar22
22,16623716,"tetsuya & yuanzhe & guoqin","2026-09-24 13:43:28",2852.8,2,"guoqingu,tetsuya3510,yuanzhezhou"
23,16695046,"摆烂小分队 🏆","2026-09-24 09:15:57",2851.2,2,"aurax7,coolinlai,davidsarrat,pseree,zongzishuang"
24,16675778,"Orbital Terraformer","2026-09-22 14:33:40",2843.6,2,tubotubo
25,16690867,HowardLeeTW,"2026-09-22 12:00:11",2838.4,2,"binghua123,gisgisgis,howardleetw,william950615"
26,16671741,Excluding,"2026-09-24 15:56:10",2835.0,2,excluding
27,16760701,"Yannik Schiffner","2026-09-24 12:50:04",2834.6,2,yannikschiffner
28,16664246,"Sida Zuo","2026-09-24 01:35:19",2833.1,2,sidazuo
29,16622198,"THUNDER THUNDER","2026-09-21 07:08:52",2831.8,2,thunderthunder
30,16672709,"RS Turley","2026-09-23 04:04:12",2819.2,2,rturley
31,16728071,AI是我的豆包,"2026-09-24 13:45:42",2817.2,2,"blht2026,wocenmma,zzxhee"
32,16685950,"Planned Economy","2026-09-17 00:10:44",2816.2,2,alturutin
33,16743582,ShunkiKyoya,"2026-09-23 22:30:36",2808.2,2,shunkikyoya
34,16632327,midnq,"2026-09-24 13:17:22",2804.1,2,"behindkun,forrestxlz,konbu17,mechi22,midnqly"
35,16690763,chungkuangwen,"2026-09-24 00:28:20",2793.7,2,chungkuangwen
36,16926467,arutyunoff,"2026-09-24 13:38:37",2788.3,2,arutyunoff
37,16889691,"Evil Mango","2026-09-23 14:01:14",2786.5,2,"theevilpiggie,yangbai2026"
38,16632021,istinetz,"2026-09-24 12:04:57",2785.9,2,istinetz
39,16644287,"Ryo Hasegawa","2026-09-24 00:03:56",2780.4,2,ryohasegawa926
40,16663946,"Hello San Francisco","2026-09-24 14:00:00",2780.0,2,"circiumaru,dulgherustefan,radugoga"
41,16882725,Ebi,"2026-09-20 08:09:48",2779.1,2,ebinan92
42,16748733,"Driz Lo","2026-09-21 14:15:37",2778.1,2,"cieling,drizlo,kindinred"
43,16910633,Shawn404,"2026-09-24 12:33:53",2773.3,2,shawn404
44,16942123,dodsters,"2026-09-24 09:36:34",2769.0,2,"andreyakifev,friklez"
45,16658349,lingxiaojun,"2026-09-14 06:10:06",2768.2,2,lingxiaojun
46,16866398,feles99,"2026-09-22 06:45:47",2765.7,2,feles99
47,16922539,Gatswei,"2026-09-23 15:51:32",2765.5,2,gatswei
48,16667242,"Gleb Tumanov","2026-09-19 11:45:55",2763.4,2,crachton
49,16750416,QQ农场,"2026-09-24 01:31:22",2761.6,2,"dqfeng,gvione"
50,16693965,ra5anchor,"2026-09-23 17:28:41",2759.6,2,junmitsui
51,16641710,yjshyfy,"2026-09-24 07:05:03",2758.7,2,yjshyfy
52,16915014,Boey,"2026-09-24 12:57:23",2757.4,2,boeychenjun
53,16730676,ActiveMusyoku,"2026-09-24 10:51:12",2757.0,2,"daiki0381,kohei0okazaki,noriyukimori,ryonatori,seipon"
54,16732521,redblackbst,"2026-09-23 13:21:46",2756.7,2,redblackbst
55,16805699,"feel the agi","2026-09-24 13:55:35",2751.2,2,nulldata
56,16632783,chocolat,"2026-09-24 15:49:28",2750.9,2,chocolatnya999
57,16784164,Yaojinming,"2026-09-24 12:58:07",2750.7,2,yjm0905
58,16856022,"fasith 007","2026-09-24 04:41:47",2749.8,2,fasith007
59,16629685,mikelou1,"2026-09-21 14:47:03",2749.6,2,mikelou1
60,16622330,"hiroshi murakami","2026-09-24 11:43:11",2748.8,2,zabojeb
61,16706321,lumen,"2026-09-24 03:01:21",2747.1,2,lumenyuto
62,16823930,"Ghost Rule","2026-09-24 15:26:20",2746.8,2,yiyangxudmm
63,16748142,"Hikaru Umeda","2026-09-24 05:13:44",2745.0,2,hikarumeda1030
64,16798172,"Dmytro Maliarenko","2026-09-24 14:50:53",2744.4,2,arxitekton
65,16729280,"Ryoya Tsuruoka","2026-09-24 11:33:48",2743.2,2,"irohasorange,mrooto,rahaia"
66,16762319,"Shiji Zheng","2026-09-24 15:58:54",2741.6,2,"q20020006073,watcher996,zhengshiji"
67,16668783,Zyy7390,"2026-09-24 12:30:48",2739.7,2,"tigerrrrrr,zyy7390"
68,16707990,Snorlax,"2026-09-23 09:49:11",2738.5,2,pku1400010735
69,16711376,"Arman Tuganbaev","2026-09-24 10:22:45",2738.1,2,armantuganbaev
70,16923122,RangerSnow,"2026-09-23 03:58:57",2737.5,2,rangersnow
71,16752196,sekai013,"2026-09-23 03:38:03",2734.8,1,sekai013
72,16629972,"forever young","2026-09-24 13:19:32",2733.0,2,keisukeyokota0428
73,16857676,"Justin Yang","2026-09-24 15:48:12",2731.9,2,zake7749
74,16882022,URAD,"2026-09-24 13:46:50",2731.6,2,uradkr
75,16659679,Civitasmass,"2026-09-24 04:52:41",2729.6,2,godhand
76,16651244,"Knight of Favonius","2026-09-24 05:33:08",2729.5,2,ladyfaye
77,16712258,Yizhou,"2026-09-24 11:34:02",2729.1,2,yaphellee
78,16633950,"Matt Motoki","2026-09-24 11:00:37",2728.4,2,mmotoki
79,16736427,KouFu,"2026-09-22 11:04:16",2726.7,2,kouheif
80,16685763,"koren sabag","2026-09-24 13:21:16",2724.0,2,korensabag
81,16727266,Agricola,"2026-09-22 10:19:07",2718.3,2,ebisuya
82,16922956,Richard6969,"2026-09-24 05:21:14",2717.3,2,lucaluo925
83,16677337,"xi luo","2026-09-24 06:02:30",2716.9,2,xiluo00
84,16847812,tw1nstar,"2026-09-24 10:10:45",2716.4,2,"candaceward,supermanking,waekeee"
85,16665224,tyz123456,"2026-09-24 11:11:37",2713.8,2,tyz123456
86,16727171,yfy,"2026-09-23 17:08:40",2708.2,2,qwidndbdjss
87,16719758,pangzi233,"2026-09-23 16:41:46",2707.2,2,pangzi233
88,16625908,trantrikien239,"2026-09-24 16:00:14",2705.7,2,trantrikien239
89,16658044,"Roshan Singh","2026-09-22 21:43:31",2703.4,2,roshanavadheshsingh
90,16745006,UjjwalPardeshi,"2026-09-24 09:14:26",2703.2,2,ujjwalpardeshi
91,16656496,"Vaibhav Gupta","2026-09-24 04:02:35",2702.2,2,vaihero
92,16734580,shyjin,"2026-09-22 16:46:35",2701.9,2,shyjin
93,16730065,Blu3s,"2026-09-24 07:39:33",2701.5,2,"atteincueo,ausrine"
94,16892288,"Omar Althobaiti","2026-09-23 10:27:10",2699.4,2,omarahmedalthbite
95,16730946,"Bohann Wang","2026-09-23 08:45:35",2697.0,2,bohannnwang
96,16918460,cotton0025,"2026-09-23 16:37:25",2696.9,2,cotton0025
97,16934864,"Li Li","2026-09-22 17:29:22",2696.0,2,aikinogard
98,16685548,"Erfan Eshratifar","2026-09-24 13:48:14",2695.7,2,erfaneshrati
99,16790585,wzyxp_123,"2026-09-24 08:45:29",2693.4,2,cloudssdut
100,16662883,OceanMix,"2026-09-24 03:45:46",2692.8,2,"cggonzalezsc,fierus,liesvyvalladares"
101,16861362,我小栗帽要娶藤正进行曲！！！💍,"2026-09-24 11:23:37",2691.8,2,"praveensahukari,rubiakaslana"
102,16811948,"xiao xiongwei","2026-09-24 14:49:53",2689.1,2,"huyang111,lixuefeng2336,sherikavotta,xiaofangzhangxfz,xiaoxiongwei"
103,16693904,DeeperNet,"2026-09-24 07:35:31",2688.8,2,"deepernet,kkkggg,xblade"
104,16688159,"aildar &  slopernak & bobot","2026-09-24 01:37:14",2686.6,2,"eldarkhisamutdinov,mernak,vladimirbagmanov"
105,16870986,Taeyang,"2026-09-24 08:17:55",2684.5,2,"lucas040,taeyangg4,xox787,yw8837"
106,16941436,fshindo,"2026-09-24 01:58:07",2684.4,2,ffsscf
107,16623990,senkin13,"2026-09-24 14:07:23",2684.4,2,senkin13
108,16867799,"Chris Deotte","2026-09-24 01:58:31",2684.3,2,cdeotte
109,16700211,miya,"2026-09-23 10:32:51",2684.3,2,miyamuratakeki
110,16846677,涵哥,"2026-09-24 06:10:08",2683.2,2,jinfanhahaha1
111,16623697,yuto083,"2026-09-24 07:44:41",2681.0,2,yuto0712
112,16773144,"Mohamed Salah","2026-09-23 14:42:27",2679.8,2,mosalah7
113,16914744,哈基米南北路多,"2026-09-23 15:15:35",2679.7,2,"drlimingz,freakrk,liushunyao,perrinslutman,sayu1u"
114,16624893,"GURU Prasaatha S","2026-09-24 12:52:47",2679.4,2,guruprasaathas111
115,16634537,d_tree_love,"2026-09-24 11:23:24",2678.4,2,yuki11ii
116,16734901,Breaking1800,"2026-09-24 07:04:44",2676.6,2,breaking1800
117,16758767,NSK_54,"2026-09-24 12:07:13",2676.5,2,"leon7archer,suvalex"
118,16685634,"Syed Asad Ali","2026-09-24 11:58:26",2676.4,2,syed3000
119,16705390,"Subramanya N","2026-09-24 08:15:54",2676.0,2,subramanya1997
120,16623458,datnt114,"2026-09-24 07:43:29",2675.1,2,kingkong153
121,16739419,"misis biznessmenlb","2026-09-24 13:12:26",2674.8,2,"adilkhabibullin,bebra3222,daniilsergeevda,player77"
122,16889224,"Ishan Karnick","2026-09-23 23:23:07",2671.4,2,"ishankarnick,trinitynusca31"
123,16621590,Yaroslav,"2026-09-24 07:11:34",2669.9,2,yaroslavrogoza
124,16661118,"Sirui Zeng","2026-09-23 21:29:19",2668.8,2,siruizeng
125,16696999,"HD h Joratos","2026-09-24 12:53:50",2668.6,2,hdhjoratos
126,16879127,lihaoruolhr,"2026-09-23 15:40:18",2667.6,2,lihaoruolhr
127,16693534,HireMe,"2026-09-24 05:51:49",2666.5,2,junta1104
128,16878119,Aryan.Ahl,"2026-09-23 23:41:11",2665.5,2,aryanahl
129,16654783,quantara.cv,"2026-09-24 13:31:02",2665.0,2,goth55
130,16839530,"que la cuenten como quieran","2026-09-24 00:12:42",2664.9,2,germanjurado1
131,16759402,Capitaalgain,"2026-09-24 15:55:15",2664.8,2,capitaalgain
132,16929873,offhand,"2026-09-24 14:19:26",2663.6,2,offhand
133,16756764,"Alperen Aydın","2026-09-23 23:26:57",2663.4,2,alperen5252525
134,16941020,"Artur Markosyan","2026-09-24 12:57:16",2662.9,2,arturmarkosyan2
135,16878458,"Sho Saga","2026-09-24 02:51:44",2662.7,2,shosaga
136,16855492,"Matin Urdu","2026-09-22 23:55:03",2662.0,2,"amir314,arianurdu,benediktschink,matinurdu"
137,16794730,Fanch,"2026-09-24 13:57:04",2660.8,2,fanch123
138,16942819,Mositaku,"2026-09-24 06:02:47",2659.1,2,versavice
139,16741965,Ryuichi,"2026-09-24 01:08:45",2658.6,2,ryuichigt
140,16623466,len8487,"2026-09-24 14:04:12",2658.4,2,len8487
141,16867213,한밭대학교컴퓨터공학과정우민,"2026-09-23 15:03:52",2658.1,2,woominyo
142,16623637,kuro0315,"2026-09-23 22:14:12",2657.4,2,skuro0315
143,16631215,私立ホルスタイン学園,"2026-09-23 17:03:47",2657.1,2,hiranorm
144,16917732,qianqiuwushang,"2026-09-24 02:27:08",2656.9,2,qianqiuwushang
145,16762302,OxFFFs,"2026-09-24 12:10:14",2656.2,2,oxfffs
146,16763897,BackFiring,"2026-09-24 00:28:40",2656.2,2,backfiring
147,16669926,Jince,"2026-09-24 08:54:09",2655.5,2,jincesaju
148,16925367,codezzzsleep,"2026-09-23 06:39:18",2654.8,2,codezzzsleep
149,16821542,"Hıdır BozkurtT","2026-09-24 07:28:01",2653.5,2,hdrbozkurtt
150,16659870,"Tien N.","2026-09-24 02:27:46",2652.5,2,tientrum
151,16854935,일필휘지,"2026-09-24 09:34:51",2651.2,2,tenkojun
152,16625220,thisray,"2026-09-24 00:32:50",2650.5,2,thisray
153,16840447,"Suliman Tadros","2026-09-24 08:01:56",2650.3,2,sulimantadros
154,16921800,tmcoder,"2026-09-24 03:33:59",2649.6,2,tm0428
155,16622454,automatylicza,"2026-09-24 10:38:13",2649.4,2,automatylicza
156,16640048,"extra eclaire","2026-09-23 22:19:10",2648.5,2,"aeniminu,extraeclaire"
157,16790943,"Tashfik Salehin","2026-09-23 16:21:02",2647.8,2,tashfiksalehin
158,16876344,Hyunwoo_Park,"2026-09-24 03:40:17",2647.2,2,uts3125014010829
159,16660251,Yagawa,"2026-09-24 01:14:30",2646.0,2,yagawa
160,16850509,LS,"2026-09-24 15:28:40",2646.0,2,shannanl
161,16748382,shiiin9,"2026-09-24 10:48:18",2645.6,2,shiiin9
162,16705830,"Grim Reaper","2026-09-24 11:59:24",2643.3,2,fathomable
163,16773125,kuroko1t,"2026-09-24 16:09:54",2643.2,2,kuroko1t
164,16630825,"Black Mamba Farm","2026-09-24 02:13:14",2643.1,2,"asherjyd,frankyhz,qizhiran,yukundu231100"
165,16705523,"Brian Chua","2026-09-23 14:05:09",2642.3,2,chuazhengweibrian
166,16674508,"Giulio Ravasio","2026-09-20 15:51:54",2641.0,2,giuliorav
167,16630804,"Emre Cirak","2026-09-24 07:45:29",2640.4,2,"biohack44,merkiraz"
168,16730076,SJY321,"2026-09-24 13:53:01",2639.9,2,sjy321
169,16681744,team_fn,"2026-09-24 02:28:46",2639.1,2,fjklmn
170,16811036,"farmin time","2026-09-23 22:45:56",2638.5,2,jaydenszeto123
171,16718745,"Vishwamitra Mishra","2026-09-24 10:19:58",2638.2,2,vishwa007
172,16811917,"Dipam Chakraborty","2026-09-24 11:08:38",2638.0,1,dipamc77
173,16872275,"Maciek Kiryla","2026-09-24 06:07:38",2637.3,2,doktorkelp
174,16784561,"Rodrigo Ramón","2026-09-24 07:59:35",2635.2,2,rodrigoramn
175,16655277,GUAM,"2026-09-24 15:46:36",2634.3,2,"analyticaobscura,jeongminlee92,kmmmvs,wnmgrn"
176,16712714,MiMi,"2026-09-23 03:19:07",2634.1,2,"frank0921,rickytsou"
177,16753567,wangkxu,"2026-09-23 06:26:47",2634.1,2,davics
178,16653303,open5,"2026-09-24 02:22:34",2634.1,2,"chen2yoimiya,huaidezhang,hyt1nn,wahuwahuwahu,zrurfa"
179,16783642,base_camp_2002,"2026-09-24 07:50:49",2633.6,2,basecamp2002
180,16681369,GanadorPlusUltra,"2026-09-23 02:39:28",2632.8,2,ganadorplusultra
181,16644724,"Kaggriculture Agent","2026-09-24 13:42:55",2632.2,2,"jiweiliu,tonylica,yiheng"
182,16640785,"syouya tobita","2026-09-24 14:45:59",2631.3,2,syouyatobita
183,16754112,"rhythm master","2026-09-24 00:09:42",2631.2,2,"lukaswong,nairurga,vincent19543,zaynedong"
184,16693227,"Aniket Sharma","2026-09-24 09:31:04",2630.1,2,aniketsharma00411
185,16633552,Unkn0wn,"2026-09-24 11:57:28",2630.0,2,"harnadshilpa,nagendraadisesha"
186,16839986,"XIAO MA","2026-09-24 12:16:20",2629.4,2,linusm020311
187,16942378,"Cheese Burgers","2026-09-23 07:59:23",2628.6,2,"gaippi,mrkoolguy"
188,16789903,"Netanel Keidar","2026-09-24 13:51:03",2628.3,2,netanelkeidar
189,16847412,SuzukiKazuma,"2026-09-24 08:25:12",2627.5,2,suzukikazuma
190,16748765,"A. R. SEKKAT","2026-09-23 06:19:24",2626.4,2,arsekkat
191,16923256,Rio,"2026-09-24 12:06:45",2626.1,2,ryosukehada
192,16634952,"Igor Zharov","2026-09-24 11:47:34",2624.4,2,flexonafft
193,16752250,"Takahiro Katsumata (tkatsuma)","2026-09-24 15:24:15",2623.8,2,alextfkd
194,16683936,Cyrus,"2026-09-24 01:22:12",2623.1,2,jamalsaeedi
195,16843315,Talvenn,"2026-09-23 22:32:45",2621.3,2,talvenn
196,16667959,"Fourth Quadrant","2026-09-24 13:00:21",2621.2,2,flynnfei
197,16777359,"AI Dmitrii","2026-09-23 13:17:29",2620.1,2,dmitriyulybin
198,16670371,rkd,"2026-09-24 09:59:42",2620.1,2,ryookd
199,16658554,Pai,"2026-09-23 20:07:17",2620.0,2,rajathrpai
200,16717440,"farm pt","2026-09-24 03:02:11",2619.2,2,"gunianxue,marisyn,muran169633"
201,16885561,goodpjw2008,"2026-09-22 10:14:08",2618.2,2,goodpjw2008
202,16793600,mogura2.0,"2026-09-23 00:49:19",2616.9,2,mogura20
203,16870342,"CHEN Xiang","2026-09-24 14:56:13",2616.5,2,intoxicatinglips
204,16762208,CrazyML,"2026-09-23 08:19:07",2615.6,2,"janhvikhattri,sorcererbi,vedanshipathak"
205,16804863,JezzLynn,"2026-09-23 05:27:49",2614.8,2,"fresnellll,jezzlin,zemengzero"
206,16822071,"aisormo P.H","2026-09-24 00:38:23",2614.7,2,aisormoph
207,16709176,Efnutrrionpy,"2026-09-23 12:29:38",2614.5,2,efnutrrionpy
208,16708315,beeyan,"2026-09-24 12:51:14",2614.5,2,beeyan0821
209,16623520,asteriam,"2026-09-23 14:26:01",2614.0,2,masatakashiwagi
210,16641171,"Sadettin Şamil Verdil","2026-09-23 14:31:24",2612.6,2,sadettinamilverdil
211,16682494,Phi,"2026-09-24 08:19:01",2611.7,2,ajinomoto132
212,16740405,by,"2026-09-23 21:25:06",2611.4,2,ibyyue
213,16805949,Bigplanedoesnotflyfast,"2026-09-24 12:14:57",2611.3,2,ronav48902753425
214,16651332,"Le Viet","2026-09-23 12:53:55",2611.3,2,sleepyssr
215,16652710,Pilea55,"2026-09-24 06:39:17",2610.9,2,ryutogrrr
216,16762735,"Zenith Ye","2026-09-24 11:14:27",2610.8,2,zenithye
217,16847543,"Sankalp Wanjari","2026-09-24 12:05:02",2610.8,2,sankalpwanjari25
218,16784943,"Ian lin","2026-09-24 07:34:48",2610.2,2,ianlin310707
219,16700204,"ZHOU HONGYI","2026-09-24 13:06:10",2609.5,2,zhouhyz
220,16669911,"Batuhan Ustun","2026-09-24 12:21:32",2609.1,2,batustun
221,16806023,"Eesh saxena","2026-09-24 09:55:28",2609.0,2,eeshsaxena
222,16924480,Manasa.ai,"2026-09-24 04:52:52",2608.8,2,manasaai
223,16668430,"john inan","2026-09-24 13:48:02",2608.7,2,johninan
224,16781445,"𝕯𝖊𝖔𝖉𝖎𝖒𝖘 & 𝕮𝖔","2026-09-24 15:21:40",2608.6,2,odimdavidchukwuemeka
225,16672136,chupaletas,"2026-09-24 09:34:13",2608.3,2,urvesh
226,16689430,"Terry Luo","2026-09-23 02:59:10",2608.0,2,eimhluo1764
227,16623669,goonew,"2026-09-23 10:44:37",2607.7,2,goonew
228,16884244,UCAS_fish_wang,"2026-09-24 14:38:26",2606.8,2,yiliu15
229,16938111,barbosi,"2026-09-24 08:46:29",2606.2,2,"despairdr,tupperq"
230,16704247,WeAreFarmers,"2026-09-24 14:05:27",2605.6,2,gbmorris1
231,16640807,TS,"2026-09-24 14:18:41",2605.2,2,"macomacoo,milkcoffeen,takumi0220"
232,16867671,Abhinav0370,"2026-09-24 14:58:09",2604.6,2,abhinav0370
233,16741516,"Anh Tu","2026-09-24 14:13:08",2604.3,2,natcs98
234,16779564,oycr,"2026-09-24 12:52:31",2602.8,2,"oyxiaobai159,wdt124"
235,16633790,curiosity,"2026-09-24 16:00:59",2602.4,2,chmffwn1
236,16848956,"HadBoumoussa's Farm 🌾","2026-09-23 21:12:57",2602.2,2,hkassimi
237,16832316,"Tatu Helander","2026-09-24 07:05:05",2601.5,2,tatuhelander
238,16748173,pensukesan,"2026-09-23 16:03:38",2600.9,2,pensukesan
239,16870033,"wbcrypto abrams","2026-09-24 03:20:48",2600.7,2,wbcryptoabrams
240,16639871,"Aura Farming","2026-09-23 10:53:02",2600.7,2,"aghbalouanass,gauthieravite"
241,16923012,"michael duong","2026-09-24 10:05:14",2597.1,2,sellside
242,16735094,RngRng,"2026-09-23 14:46:15",2596.2,2,rngrng
243,16769059,Gabriel,"2026-09-21 22:52:34",2595.9,2,"shawsebastian,tvtdddd"
244,16712189,"Kostiantyn Isaienkov","2026-09-24 11:26:07",2595.9,2,isaienkov
245,16670229,Munshi-PremChand,"2026-09-24 12:25:56",2595.9,2,munshipremchand
246,16621481,"zero waste","2026-09-24 12:54:25",2594.7,2,chinnaphatkhun
247,16833141,yomogii,"2026-09-21 15:25:30",2594.6,2,yomogii
248,16892357,easygame,"2026-09-24 09:48:46",2594.5,2,"kangqinyao,xinjunc"
249,16819431,kkkk,"2026-09-24 10:27:03",2593.6,2,kkkk4649
250,16804022,monsaraida,"2026-09-24 04:33:29",2592.5,2,monsaraida
251,16799428,hatata,"2026-09-24 04:34:47",2592.4,2,hatata3737
252,16621497,"Victor @ Tufa Labs","2026-09-23 17:43:31",2592.3,2,vmerckle
253,16889791,JinboWang,"2026-09-24 06:26:31",2591.1,2,jinbowang1
254,16756411,"Maximo Uribarri","2026-09-23 16:01:15",2591.0,2,maximouribarri
255,16799045,qq牧场,"2026-09-24 08:10:01",2591.0,2,"goodchen145,sir2026,zhaosir2026"
256,16755650,"kazuki morikawa","2026-09-24 14:29:36",2590.6,2,kazukimorikawa
257,16687901,Khalid,"2026-09-24 13:29:43",2590.0,2,khalid000000
258,16622349,"Mengfei Li","2026-09-24 05:53:01",2589.8,2,meli19
259,16655129,"Morylov Yehor","2026-09-23 20:22:18",2588.3,2,morylov
260,16888885,"Rômulo Drumond","2026-09-23 20:15:53",2588.0,2,romulodrumond
261,16890669,"Fuchun Wang","2026-09-24 09:10:01",2587.8,2,wangfuchunag
262,16942014,"Raymond Parker","2026-09-24 12:35:07",2587.5,2,raymondparker
263,16908263,Paing,"2026-09-24 01:56:03",2587.4,2,painghtetsw
264,16764394,haseryooooo,"2026-09-24 03:56:01",2587.1,2,haseryooooo
265,16709837,Sophinator,"2026-09-22 23:21:11",2586.4,2,sophinator
266,16727182,FinalSunFlower,"2026-09-24 13:25:01",2586.4,2,"finalsunflower,wubingheng"
267,16665809,"Saravanan Jaichandaran","2026-09-24 03:08:50",2586.1,2,saranchandar
268,16671738,Exposed,"2026-09-23 21:16:52",2586.1,2,erickeller2
269,16677149,"Umataro Tenma","2026-09-24 14:26:54",2585.7,2,umatarotenma
270,16858464,Taisei_Tsuneki,"2026-09-24 10:16:37",2585.5,2,"ryoyaotsuki,taiseitsuneki"
271,16693050,Shoko,"2026-09-22 09:43:46",2585.3,2,abreyton
272,16730301,wonder777,"2026-09-24 02:52:10",2584.8,2,wonder777
273,16845367,kyy666,"2026-09-24 06:34:03",2583.8,2,"kyy666,robertmcwang"
274,16656337,"Prashant Kikani","2026-09-24 06:50:48",2583.3,2,prashantkikani
275,16654158,Hack2Publish,"2026-09-24 13:01:01",2582.8,2,"esfersami50,foysalemonshanto,hosen42,rokaiyasomapti"
276,16661607,choqui62,"2026-09-24 09:09:30",2581.4,2,choqui62
277,16644303,"kevin zhou","2026-09-24 04:25:41",2581.3,2,kevinzhou66
278,16846958,"Constantin Craciun","2026-09-24 14:47:16",2580.5,2,constantincraciun
279,16745761,mitomeat823,"2026-09-24 07:50:35",2579.4,2,mitomeat823
280,16741131,"Adarsh Balanolla","2026-09-24 06:56:49",2579.0,2,adarshreddyb
281,16689881,"yuki #2","2026-09-24 13:06:28",2578.6,2,hosikusa
282,16630779,Jimmer,"2026-09-24 11:08:48",2578.1,2,przemysawonr
283,16867734,SH11235,"2026-09-24 14:01:58",2576.6,2,sh11235
284,16806541,hidenov,"2026-09-24 11:50:21",2576.4,2,hidenov
285,16796682,LK30,"2026-09-24 13:20:31",2576.3,2,louisklasing
286,16743218,RYUSHI,"2026-09-24 13:01:16",2576.2,2,ryushisa
287,16658248,Aaweg,"2026-09-24 12:09:20",2575.7,2,aawegbhaladhare
288,16759699,"Mason Cao","2026-09-24 04:23:48",2574.8,2,mzcao7
289,16715235,l1aF,"2026-09-24 15:15:49",2574.4,2,hhhoang
290,16700767,tkpmnlms,"2026-09-24 15:06:49",2574.0,2,"emorgunov,mikhailkachalin,roniuhle"
291,16891058,Navier-stokes,"2026-09-24 10:40:57",2573.9,2,"nguyenkhanhvu,nhtlongcs"
292,16785523,Doranap,"2026-09-24 04:55:45",2572.3,2,doranap
293,16688787,Fih,"2026-09-24 14:48:15",2571.3,2,vencerlanz09
294,16793039,"Carson Rodrigues","2026-09-24 03:00:25",2571.1,2,carsonrodrigues
295,16688732,"sAIzeria Harness","2026-09-24 11:58:39",2570.4,2,"gnux1408,tanakaai24"
296,16918411,"Gautier Marti","2026-09-24 11:39:32",2570.2,2,gautiermarti
297,16803448,jiatu.l,"2026-09-24 14:25:19",2570.1,2,jiatul
298,16631978,"batuhan kalem","2026-09-22 19:02:41",2569.8,2,batuhankalem
299,16806141,rode1234,"2026-09-24 06:22:19",2568.5,2,rode1234
300,16707467,kay.liechtenstein,"2026-09-24 02:11:24",2568.2,2,kayliechtenstein
301,16716431,m&m,"2026-09-24 13:06:13",2567.8,2,ntrlmt
302,16932366,"Mehrdad Naderi","2026-09-24 08:49:16",2567.6,2,mehrdadnaderi
303,16863959,"Một hai ba bốn 5 sáu bảy tám 9","2026-09-24 15:18:11",2567.4,2,thangnm1
304,16783265,"Xiangjiang Zhou","2026-09-24 11:05:24",2567.0,2,"lilysmi,llccqq624,qqqqwqq,xiangjiangzhou"
305,16799266,"Kucing Garong","2026-09-24 09:36:50",2567.0,2,syaugialkaf
306,16750314,Captainuknow,"2026-09-23 21:13:02",2566.1,2,captainuknow
307,16861302,YieldCurve,"2026-09-24 11:43:31",2566.1,2,"gendaijin,haruna015"
308,16809263,"Bertan Pank","2026-09-24 07:36:53",2565.6,2,bertanpank
309,16697229,"Masashi Nishimoto","2026-09-23 06:52:01",2565.2,2,masashinishimoto
310,16864016,"Setu Chokshi","2026-09-24 15:06:01",2563.5,2,setuch
311,16738492,"Follow Me Gradient","2026-09-24 11:15:05",2563.3,2,farukece
312,16892314,"Akshay #3","2026-09-24 01:48:44",2562.9,2,akshay1301
313,16698366,Fateyongheng,"2026-09-24 13:43:31",2562.8,2,fateyongheng
314,16659295,snaykey,"2026-09-24 09:04:33",2562.6,2,snaykey
315,16632224,"Solo Roxy","2026-09-24 07:35:42",2562.5,2,yamakawanin
316,16894714,"PadroChill Farm","2026-09-23 14:37:39",2561.3,2,"gerbertradmirovich,kastv90"
317,16850683,cooked,"2026-09-21 13:02:20",2560.5,2,"jentopia,toasty3302,xenonminer"
318,16826465,linmumu009,"2026-09-24 07:11:11",2559.8,2,"linmumu009,renjunxiang"
319,16639550,data_gardening_club,"2026-09-24 14:23:09",2559.3,2,"hideyochiba,mitsuaccessjam"
320,16769491,"Ivan Ternovskiy","2026-09-24 10:32:47",2559.3,2,aristophanivan
321,16920069,"arar tawil","2026-09-21 20:07:38",2558.6,2,araraltawil
322,16696304,"Utkarsh #2","2026-09-24 14:05:08",2558.3,2,n0va007
323,16894895,Talented_Eggs,"2026-09-24 11:40:37",2558.2,2,"kangmingpeng,kinghuang123,qiandongxie666,yyhm666"
324,16813655,c_fxy,"2026-09-24 11:19:32",2557.8,2,cfxyai
325,16839983,hana87hana,"2026-09-24 12:49:31",2557.3,2,hana87hana
326,16645426,Jun_value,"2026-09-24 15:40:36",2556.9,2,junvalue
327,16707144,Kirderf,"2026-09-24 08:45:15",2556.7,2,kirderf
328,16748511,HarshPandey-yt-auto,"2026-09-22 22:02:12",2556.0,2,harshpandeyytauto
329,16742369,"Ömer Faruk Yüce","2026-09-24 14:28:03",2555.2,2,merfarukyce
330,16675863,"Habib ullah","2026-09-24 14:21:39",2555.0,2,habibullah123456789
331,16677810,"Maksim Borisov","2026-09-24 11:54:13",2553.9,2,ma4ypic4y
332,16883355,WebFarmers,"2026-09-23 22:01:31",2553.7,2,"axollo,dmitriiorel"
333,16904984,"Andrej Angelovski","2026-09-22 17:23:18",2553.6,2,cybertiger7
334,16688217,"The Grower","2026-09-23 15:42:44",2553.2,2,vigneshsankar1962
335,16909118,loxigicck,"2026-09-24 00:48:15",2552.6,2,loxigicck
336,16891965,artem3605,"2026-09-24 10:44:46",2552.4,2,artem3605
337,16676193,"Akira Hirohashi","2026-09-24 12:09:53",2552.3,2,akirahirohashi
338,16623974,Canon,"2026-09-24 02:54:46",2552.2,2,sotakurihara1
339,16945263,liyupengli,"2026-09-24 11:35:44",2550.7,2,"easonrao,huhuown,liyupengli,mikesun20110408"
340,16622459,"Munal Singh","2026-09-24 14:23:59",2549.3,2,munalsingh
341,16730761,ElephtAI,"2026-09-24 11:17:59",2549.3,2,yuchengj
342,16845258,Squirrel,"2026-09-24 00:40:49",2548.4,2,bunnykeeper
343,16866579,"Fighting Gold","2026-09-24 12:26:19",2548.2,2,sawada
344,16833013,"Tariq Alyami","2026-09-24 11:04:05",2547.4,2,tariqalyami
345,16740892,"yuki matsumori","2026-09-24 14:37:27",2547.2,2,yukimatsumori
346,16732210,tanadai,"2026-09-23 12:23:09",2546.9,2,da0516
347,16827290,"Dhruvik Chauhan","2026-09-24 15:01:22",2546.6,2,dangptdawg
348,16665829,Shadowfishes,"2026-09-24 13:21:51",2546.2,2,"boandme,ronitagarwal1,shauryasahdev2"
349,16732774,edchax,"2026-09-20 19:50:10",2545.5,2,"edchax,kevinkoza,slirche"
350,16854428,"Marwan Ashref","2026-09-24 13:02:51",2545.2,2,"abobakerabobaker,karimhamada,marwanashref"
351,16686583,techtech69,"2026-09-24 16:01:48",2545.0,2,techtech69
352,16942171,mhw,"2026-09-24 12:21:01",2544.7,2,"matelong,wuyujc,yanghanxin"
353,16748154,taiseiu,"2026-09-24 14:11:14",2544.6,2,taiseiu
354,16795798,"Refrain 1","2026-09-22 15:35:00",2544.6,2,"chisatoy,refrain1"
355,16701779,"Chaoqi Luo","2026-09-24 11:49:38",2544.6,2,chaoqiluo7
356,16660255,"Revanth Tambisetty","2026-09-24 03:43:43",2544.1,2,revanthtambisetty
357,16632138,kaggle_bbgg,"2026-09-24 12:47:33",2543.8,2,kagglebbgg
358,16664640,kaggricodex,"2026-09-24 08:11:54",2543.4,2,underestimated
359,16684994,"Katasonov Evgeny","2026-09-23 20:18:22",2543.1,2,"justnik77,katasonoveugene,romankatasonov,sergey140146659"
360,16659081,"JALKARNA GAUTAM","2026-09-24 11:28:09",2542.9,2,jalkarnagautam
361,16637546,Forrest,"2026-09-24 12:47:27",2542.3,2,yinxiaogang
362,16654091,webmaking,"2026-09-22 04:36:19",2540.6,2,webmaking
363,16809874,もたざる,"2026-09-24 09:59:57",2540.4,2,havenox
364,16803103,hugghngkai,"2026-09-24 11:56:42",2540.1,2,hugghngkai
365,16784401,east,"2026-09-23 16:54:23",2537.1,2,eastxe
366,16632291,"alex chilton","2026-09-24 08:14:35",2537.0,2,alexchilton
367,16670537,Silhouette,"2026-09-24 14:36:06",2536.3,2,jamessargsyan
368,16635406,ykuroka,"2026-09-24 09:09:18",2536.3,2,ykuroka
369,16806206,"Yuan Yongth","2026-09-24 10:43:35",2536.0,2,"sunnylzheng,yuanyongth"
370,16634580,akmr,"2026-09-24 15:09:25",2535.8,2,akimaru
371,16945684,watanabe_sengyo,"2026-09-24 11:56:45",2535.3,2,watanabesengyo
372,16726915,"인공저능연구소( Artificial Idiocy Lab )","2026-09-24 11:08:49",2535.1,2,megayak
373,16666566,"Rairo Mukamuri","2026-09-22 20:20:10",2535.1,2,thetraveller
374,16815132,"Duc-Anh Nguyen","2026-09-24 11:24:27",2535.1,2,valentinonguyen
375,16663387,Ju,"2026-09-24 13:29:42",2533.8,2,juziddd
376,16709967,Matsu,"2026-09-24 13:54:19",2532.4,2,matsuzawahayato
377,16895147,"DL Julius","2026-09-24 14:32:02",2531.8,2,dljulius
378,16665416,"zeyu lau","2026-09-22 12:23:19",2531.8,2,zeyulau
379,16731186,Naru041104,"2026-09-24 05:23:23",2531.5,2,naru041104
380,16883168,jojo,"2026-09-23 04:06:56",2531.3,2,jojojablon
381,16658343,aisamhottman,"2026-09-24 08:16:55",2531.3,2,heuingttiang
382,16746317,xingyun_byto,"2026-09-24 13:30:30",2530.8,2,xingyunbyto
383,16802322,HongchenDai,"2026-09-24 12:04:55",2530.8,2,hongchendai
384,16840509,"Iskander Yusupov","2026-09-24 13:25:56",2529.7,2,iskanderyusupov
385,16809820,"Pramit Das","2026-09-24 13:52:03",2529.2,2,pramitdas
386,16790660,suk1yak1,"2026-09-23 20:23:56",2528.2,2,suk1yak1
387,16936280,dev.asad67,"2026-09-24 13:41:29",2527.9,2,devasad67
388,16658946,theredbluepill,"2026-09-24 14:18:10",2527.8,2,poonszesen
389,16777134,Tom&Jerry,"2026-09-24 10:46:59",2526.9,2,tomjerry101
390,16670453,141,"2026-09-24 08:34:10",2526.5,2,"muhammadmustafaxo,siddiqshah"
391,16933848,"Lawrence Katongole","2026-09-23 12:47:55",2526.0,2,lawrencekatongole
392,16795070,"HKUST Random","2026-09-24 05:38:00",2525.9,2,siulungfan
393,16823626,Korokke3,"2026-09-24 11:37:48",2525.1,2,korokke3
394,16687294,"Madiyar Khamzanov","2026-09-22 21:14:29",2524.8,2,mkhamzanov
395,16810308,Congy,"2026-09-24 14:05:40",2524.7,2,congyingma
396,16811799,"Yuanchen Huang","2026-09-23 21:30:12",2524.6,2,geokocha
397,16732507,怒破餓鬼,"2026-09-24 11:49:28",2524.4,2,"alcoholcat,makishis,ryutokeshi,yuinokogawa"
398,16702975,RicardoLópez,"2026-09-24 07:14:45",2524.3,2,richi2489
399,16945969,"Rushil Desai","2026-09-24 00:09:25",2523.9,2,rushildesai
400,16704466,"QQ Farming","2026-09-24 09:06:05",2523.8,2,"dzjiann,hdhsjdjd,keithtyser,mitubant,ngyzly"
401,16662833,"umair zia","2026-09-24 07:01:23",2523.2,2,aimerscoding
402,16756153,"🪏Harvest Moon","2026-09-23 04:54:05",2523.2,2,"bbrage,bobmyersthesecond,wguesdon,yutomuroshima"
403,16867277,"Oriol Hinojo","2026-09-24 13:06:43",2521.9,2,oriolhinojocomellas
404,16746025,Hamachi,"2026-09-23 20:47:16",2521.6,2,hamatz
405,16651695,"Fried Chicken Lovers","2026-09-24 14:24:02",2520.1,2,"gwey1025,koushikrudra,kragglenote2forwork"
406,16757621,Kurokawa,"2026-09-22 05:58:40",2519.1,2,hiroshikurokawa
407,16624934,"Haramball forever!","2026-09-24 09:24:20",2519.0,2,envyy23120093
408,16666365,yiyu0716,"2026-09-24 15:42:14",2518.6,2,"lugent,yiyu0716"
409,16684202,Ignat,"2026-09-23 03:24:14",2518.2,2,ignatgotin
410,16931781,"shreyash kumar","2026-09-24 09:54:59",2517.7,2,shrreku
411,16687649,track,"2026-09-24 12:55:19",2517.7,2,"a2nt1as2n,ahmedberatozer,omerlleez"
412,16837554,Quickpanda,"2026-09-24 13:59:33",2517.5,2,quickpanda
413,16657316,只因队,"2026-09-24 04:49:44",2516.5,2,"jasonxusk,mingkangyan,no13ody,renmin517"
414,16682183,lihaha.36,"2026-09-24 06:19:47",2516.5,2,lihaha36
415,16735066,"Saber #2","2026-09-23 02:43:23",2515.3,2,yzheng21
416,16666805,Kaggs,"2026-09-24 12:47:25",2514.8,2,ayush21042004
417,16722378,waticson,"2026-09-23 14:55:18",2514.5,2,yutodennou
418,16735744,老乡,"2026-09-24 05:23:26",2514.1,2,"hboyang,junjiezhou5100"
419,16632097,PavelLiashkov,"2026-09-24 14:33:42",2514.0,2,bigbag1983
420,16712121,"Hai Dang","2026-09-24 12:33:55",2512.6,2,haidang2405
421,16747306,"Yasasvi Josyula","2026-09-24 10:20:44",2512.2,2,yasasvijosyula
422,16840617,RyotaroAbe,"2026-09-24 15:17:52",2512.0,2,ryotaro45123
423,16674949,"Lev Neganov","2026-09-24 00:02:52",2511.8,2,levoel
424,16944480,"Peihao Chen Caesar","2026-09-24 13:11:18",2511.6,2,peihaochencaesar
425,16626582,"Omer Faruk Merey","2026-09-24 14:56:12",2511.2,2,omerfarukmerey
426,16632612,Farmville,"2026-09-24 11:58:43",2510.4,2,rafaelfigueiredo13
427,16903770,UYHHHHYu,"2026-09-23 13:20:49",2510.4,2,yhhhhyu
428,16756891,T.Uehira,"2026-09-24 00:03:12",2510.2,2,tuehira
429,16751152,"Andrew Reed","2026-09-24 12:21:19",2510.1,2,andrewreed
430,16696743,"wennan cao","2026-09-24 02:31:27",2509.4,2,wennancao
431,16658474,you,"2026-09-24 13:19:52",2508.4,2,"huyimin517517,touyouzhaji,wumingshi2006,zxinzzzz"
432,16662041,"Sarah Ng","2026-09-23 10:18:01",2508.1,2,thunguyen1510
433,16639625,"Dr Chandrasen Pandey","2026-09-23 03:24:30",2507.4,2,devchandra
434,16946519,ShimonHori,"2026-09-24 08:35:38",2506.6,2,shimonhori
435,16845833,おかゆん,"2026-09-24 13:13:57",2505.7,2,okayun
436,16709712,iwa_hueai,"2026-09-24 07:18:10",2504.8,2,"sdcarson,yetanothercoder"
437,16633100,"Emile Andrieu","2026-09-19 23:36:43",2504.5,2,emileandrieu
438,16655826,KKY,"2026-09-24 13:49:40",2504.1,2,evilpsycho42
439,16778340,NayuNayu,"2026-09-23 06:45:53",2504.0,2,nayunayu1005
440,16727745,auouer,"2026-09-24 11:25:43",2503.6,2,"auouer,guriken,hkamna,insightfulthinking"
441,16764499,"Edwards Neuron","2026-09-23 23:44:30",2503.2,2,edwardsneuron
442,16927555,yaya__k,"2026-09-24 09:27:12",2502.9,2,yaya88k
443,16931354,snappi,"2026-09-23 17:17:49",2502.2,2,snappi
444,16843860,LH-and-FPGA,"2026-09-23 18:32:45",2502.1,2,lhandfpga
445,16723272,"Rimsha Kanwal","2026-09-23 18:18:16",2501.0,2,rimsha234
446,16832185,"MILANA STARR","2026-09-24 13:13:15",2500.5,2,andrewchist
447,16860129,sonny_01,"2026-09-24 15:40:05",2499.4,2,sonnymupfuni01
448,16750779,"Mao Nishino (mao1756)","2026-09-24 02:14:50",2499.3,2,maonishinomao1756
449,16667774,"Ziad EL ARARI","2026-09-24 08:47:25",2498.9,2,ziadelarari
450,16683288,HuaLQin,"2026-09-23 06:43:13",2498.8,2,hualqin
451,16671163,"Suyash Verma","2026-09-24 09:29:05",2497.3,2,suyashdiamond1
452,16632715,cmasch,"2026-09-24 12:07:11",2497.2,2,cmasch
453,16709101,"Djaafar Lecheheb DL","2026-09-23 18:37:12",2497.0,2,djaafarlechehebdl
454,16805918,"kaito ide 31","2026-09-24 13:40:45",2497.0,2,kaitoide31
455,16664360,"Rohan L","2026-09-24 13:38:10",2495.6,2,rohanlopes
456,16629624,"Sayandeep Ghosh","2026-09-24 11:47:55",2495.3,2,sayandeepghosh
457,16749342,crasal,"2026-09-24 14:18:49",2495.1,2,crasal
458,16839389,lizs,"2026-09-24 13:51:31",2494.8,2,chiila
459,16876126,1fan,"2026-09-24 14:51:37",2494.7,2,wurrfv
460,16672325,Ispagiytiy,"2026-09-23 22:56:51",2494.6,2,ispagiytiy
461,16713262,"Seyit kaan Gunes","2026-09-23 14:33:45",2494.4,2,seyitkaangunes
462,16805704,ShuHaya,"2026-09-24 12:58:06",2494.4,2,yfqqq088
463,16918430,"Huifeng Li","2026-09-24 08:20:31",2493.3,2,stevenli1
464,16879199,Back,"2026-09-24 16:03:41",2493.0,2,back2525
465,16690338,dvv_ram,"2026-09-23 23:03:40",2492.6,2,ddvram
466,16631752,"Junichiro Morita","2026-09-24 14:26:27",2492.1,2,junichiromorita
467,16936121,herens,"2026-09-24 10:13:21",2492.0,2,herens
468,16936876,ZeroGrain,"2026-09-22 02:25:31",2491.9,1,"fengwenxu,liuhongyi2026,liyayay,ruihuang999"
469,16668998,WarRusher,"2026-09-24 11:39:54",2491.7,2,warrusher
470,16637987,Xander,"2026-09-24 02:41:21",2491.6,2,"badboiriri,canqiang,xiuyang88"
471,16740996,ikevayansky,"2026-09-23 23:14:45",2490.9,2,ikevayansky
472,16823957,"kiki yi2","2026-09-24 11:25:36",2490.6,2,kikiyi2
473,16661050,Master_S1ave,"2026-09-23 22:00:28",2490.1,2,masters1ave
474,16888794,NonCaffeine,"2026-09-24 03:50:40",2490.0,2,noncaffeine
475,16669650,motono0223,"2026-09-21 15:42:07",2489.8,2,motono0223
476,16735252,LagrangianLocomotive,"2026-09-23 03:14:57",2489.5,2,lagrangianlocomotive
477,16864113,YYC3,"2026-09-23 10:47:51",2489.4,2,icongovo
478,16911212,zby_4240,"2026-09-24 12:45:39",2489.1,2,"panhiuting,zby4240"
479,16632593,skomuro,"2026-09-23 04:08:46",2488.4,2,skomuro
480,16746191,たがやす,"2026-09-24 11:34:09",2488.2,2,drktti
481,16707383,"codex is all you need","2026-09-24 14:46:16",2488.2,2,chizhu2018
482,16845907,yt0914,"2026-09-24 04:25:15",2486.8,2,yt0914
483,16913949,"Tejash Prakash","2026-09-23 08:35:20",2486.4,2,tejashxprakash
484,16816196,"Bianco Chiu","2026-09-24 07:23:04",2486.0,2,biancochiu
485,16732478,Ken_Ken_Pa,"2026-09-24 14:06:06",2485.6,2,kenkenpa
486,16744573,"Oleksandr Kovalchuk","2026-09-23 22:12:52",2485.4,2,oleksandrkovalchuk
487,16778417,"TANG BUDU 19SD195","2026-09-23 19:19:04",2484.5,2,tangbudu19sd195
488,16723379,local,"2026-09-23 07:32:48",2483.3,2,matteo123383iend
489,16774701,@Suzumaru_1666,"2026-09-24 12:11:21",2482.9,2,suzumaru1666
490,16869614,"Szymon Miłosz","2026-09-23 23:11:36",2482.6,2,szymonmiosz
491,16737650,sime_saba,"2026-09-22 06:26:56",2482.4,2,watarukawashima
492,16944851,Asuka0131_LFG,"2026-09-24 01:47:56",2480.6,2,whisperss
493,16699722,Dicere,"2026-09-23 09:23:48",2479.6,2,thedark735
494,16937871,"Rashid Khazeiynasab","2026-09-24 15:49:04",2478.8,2,rashidel1988
495,16807411,tamura_aicon,"2026-09-23 00:03:54",2478.5,2,hayatetaf
496,16918941,"E-Max AI","2026-09-24 03:12:27",2478.2,2,royalacecat
497,16891283,tofu1002,"2026-09-24 10:02:10",2477.9,2,tofu1002
498,16885261,sdy623,"2026-09-24 06:53:16",2477.9,2,jaxa623
499,16940889,Yoshiki_Nakamura,"2026-09-24 15:27:33",2477.6,2,yakizakana629
500,16769990,delai50,"2026-09-24 00:04:08",2477.0,2,delai50
501,16717665,"Christoffer Thimsen","2026-09-24 08:20:06",2476.8,2,lowasitgoes
502,16651157,StupidXie,"2026-09-21 18:11:53",2476.6,2,stupidxie
503,16840212,anngle,"2026-09-24 12:41:35",2476.6,2,anngle
504,16652175,"Lucas Boesen","2026-09-24 08:47:18",2476.0,2,lucasboesen
505,16641077,lucaskna,"2026-09-23 01:16:04",2475.0,2,lucaskna
506,16665357,XW,"2026-09-24 00:43:26",2474.3,2,xuewei
507,16854869,Ibar-Aki,"2026-09-23 07:48:08",2474.2,2,akicolor
508,16675684,washamba_bots,"2026-09-24 12:34:20",2473.7,2,"billygmwangi,futurecentaur,peterkibetspidey,stephanenjoki"
509,16926937,"Romuald Delene","2026-09-24 13:41:36",2473.4,2,romualddelene
510,16632240,Deepseek的恩情还不完,"2026-09-24 13:52:43",2472.9,2,"iwanys,pedianeko,realybin,theunforgiven7"
511,16842786,ScotLee08,"2026-09-24 11:07:13",2471.9,2,scotlee08
512,16933535,Binbin022,"2026-09-24 06:19:31",2471.2,2,binbin022
513,16635108,"cabbage corp","2026-09-24 05:37:16",2471.0,2,"kagglercs,phoenix0501"
514,16932757,yucho147,"2026-09-23 03:35:48",2470.6,2,yucho147
515,16686918,JustinLee,"2026-09-23 15:40:41",2470.1,2,justin2061
516,16808905,"Yusaku Muroya","2026-09-24 13:53:52",2470.0,2,ymuroya47
517,16716335,JamesJJJJJ,"2026-09-24 15:05:50",2470.0,2,jamesjjjjj
518,16634149,"Hozuma ITOBAYASHI","2026-09-23 04:23:37",2469.4,2,hozumaitobayashi
519,16654707,ManasviSharma,"2026-09-24 09:38:39",2467.6,2,manasvi821
520,16946542,"Siyuan Wang","2026-09-24 14:39:35",2467.5,2,merlynwang
521,16769595,Rudra,"2026-09-24 05:16:50",2467.5,2,rudrabhaskar
522,16638781,itsuki-data,"2026-09-24 12:25:04",2467.4,2,itsuki89
523,16926787,"Владислав Ковкін","2026-09-23 01:32:47",2465.8,2,vladyslavkovkin
524,16734966,kigasudayooo,"2026-09-24 00:04:32",2465.7,2,argon1215
525,16759578,Randy,"2026-09-23 19:10:24",2465.3,2,rvndyerwin
526,16635872,"Evgeniya Dmitrieva","2026-09-23 18:05:27",2464.9,2,evgeniyadm
527,16657931,t-enstar,"2026-09-23 03:26:29",2464.5,2,tstustatama
528,16804768,Chaos,"2026-09-23 16:28:48",2464.4,2,hcfighting
529,16919131,"Argyris Anastopoulos","2026-09-24 11:41:27",2463.3,2,argyrisanastopoulos
530,16859496,KTAcosmo,"2026-09-22 22:33:22",2463.1,2,ktacosmo2kag
531,16780455,wadigongren,"2026-09-24 14:19:32",2463.0,2,wadigongren
532,16759632,"Rifqi Haikal","2026-09-24 15:12:11",2462.4,2,rifqihaikal
533,16748476,sam_the_rice_cake,"2026-09-24 13:25:40",2462.1,2,"hash548,wliilamsam"
534,16926473,"Illia Dolenko","2026-09-22 00:32:26",2462.0,2,illiadolenko
535,16641116,"Варим сельский самогон","2026-09-24 12:28:14",2461.6,2,"andrey4522,asimandia,darksteeldragon,evgeniyveselkov,ispromashka"
536,16821967,"Nakul Maurya","2026-09-23 22:04:40",2461.5,2,nakulmaurya
537,16737944,ToastUz,"2026-09-24 03:32:37",2461.3,2,tatsuzoosawa
538,16671454,Shadow,"2026-09-23 16:27:35",2461.1,2,uziahmd
539,16677518,"Khor Yin Loon","2026-09-24 11:31:55",2460.9,2,khoryinloon
540,16876180,kk.sky.9k,"2026-09-24 15:27:05",2460.2,2,kksky9k
541,16632599,Shadowell888,"2026-09-24 16:00:43",2458.8,2,shadowell888
542,16731803,JYShane,"2026-09-24 04:38:19",2458.6,2,jyshane
543,16765807,"Win Suthar","2026-09-24 15:54:08",2458.3,2,ashwanidhukra
544,16811605,"Ryu Sonoda","2026-09-24 15:25:03",2458.1,2,ryusonoda
545,16736670,"Mark Astrid","2026-09-24 12:59:31",2457.4,2,markastrid
546,16919866,"Harvey Zhang","2026-09-24 16:07:56",2457.2,2,harveyel
547,16778640,Kilupy,"2026-09-24 04:53:00",2457.1,2,kilupy
548,16642662,CdeTilly,"2026-09-23 18:22:25",2457.1,2,cdetilly
549,16638994,wpl,"2026-09-24 10:45:11",2457.1,2,peilwang
550,16671424,cicen1139,"2026-09-24 12:36:36",2457.0,2,cicen1139
551,16945364,胜你不须第二剑,"2026-09-24 02:01:21",2456.6,2,abinyzl123
552,16639969,"Sheep Are All You need","2026-09-24 03:07:09",2456.3,2,aliyelbekov
553,16656452,Kudo,"2026-09-24 03:36:35",2455.7,2,nguyenchicuong
554,16823467,"Riki Uchida","2026-09-24 04:32:31",2455.1,2,rikiuchida
555,16632157,"福原 大知","2026-09-23 16:55:45",2455.0,2,fxxyfox
556,16655610,GPTatoes,"2026-09-23 11:41:15",2454.7,2,"angran,kaixuanosmas"
557,16624040,kumk,"2026-09-24 13:40:43",2454.2,2,kknagoya
558,16732714,Mforg,"2026-09-23 22:23:04",2454.1,2,mforg74911
559,16743165,"Chiachii Liang","2026-09-23 14:37:28",2452.8,2,chiachiiliang
560,16749071,snc5656,"2026-09-23 15:21:12",2452.7,2,jamm1412
561,16754882,vvs,"2026-09-24 05:24:18",2452.1,2,marvelworld
562,16794167,"Daniel Mineev","2026-09-23 20:05:50",2451.5,2,nilpotent1
563,16735539,"Joe Muller","2026-09-23 14:46:57",2451.3,2,joemuller
564,16899200,MauoXX,"2026-09-23 12:57:02",2450.8,2,mclster
565,16660988,"AI After Hours","2026-09-24 12:56:29",2449.9,2,"akshaythammana,mmehersaipreetam"
566,16878533,HayatoFujihara,"2026-09-24 13:01:48",2449.7,2,hayatofujihara
567,16633226,test_money,"2026-09-24 15:27:42",2449.4,2,michaelsemenoff
568,16796238,"Zhongyi Dai","2026-09-24 00:07:29",2448.4,2,zhongyidai
569,16645203,easonyanyan,"2026-09-24 00:54:42",2447.7,2,easonyanyan
570,16930633,micro,"2026-09-23 23:49:15",2447.6,2,brucewu1200
571,16744837,JuliaGastellu,"2026-09-23 18:24:09",2447.2,2,juliagastellu
572,16904289,"farmer zefeng","2026-09-24 10:48:49",2446.8,2,zefengai
573,16707453,"Kaan Dınız","2026-09-23 15:11:37",2446.4,2,kaandnz
574,16743033,Nagahama,"2026-09-24 05:18:50",2446.0,2,kazukinagahama
575,16812062,姜上（Integ）,"2026-09-24 15:16:55",2446.0,2,"borealis27,integjs"
576,16743240,yoshino,"2026-09-24 14:21:07",2445.6,2,shirayukiaya
577,16622032,"Raunak Dey","2026-09-24 14:30:55",2445.4,2,raunakdey07
578,16757635,"Sridip Basu","2026-09-24 05:28:37",2445.3,2,sridipbasu
579,16693092,"Sell wheat everyday💨","2026-09-24 09:12:27",2445.3,2,"dzisandy,e0xextazy,liderpartiii"
580,16920251,otouhu,"2026-09-24 12:38:30",2445.2,2,"minera,toroochi"
581,16860784,xxxx0314,"2026-09-23 19:40:53",2445.1,2,"kirklandsan,xxxx0314,yunfeiyang223"
582,16810587,"Avineesh Arora","2026-09-23 18:36:42",2444.8,2,avndope
583,16931893,IUT_BakeNekos【化け猫】,"2026-09-24 02:10:20",2444.2,2,"didhitinahid,farhanishraqq"
584,16687363,"elegantangel (628700)","2026-09-23 19:18:48",2444.1,2,elegantangel
585,16769411,Beyond,"2026-09-24 07:13:51",2443.3,2,themanysh
586,16696720,"JAZ COLD HORN","2026-09-24 03:54:02",2443.3,2,"evanmaksud,jazivxt,maulikgajera,niazmohaimanabtahi,victorhorn"
587,16624080,yuuuki1111,"2026-09-24 12:13:06",2443.1,2,yuuuki1111
588,16674385,"qr farm","2026-09-24 13:17:00",2443.0,2,qrz1201
589,16688896,"JianYuan Deng","2026-09-24 01:57:07",2442.2,2,"jiahewangggg,jianyuandeng"
590,16641348,wata,"2026-09-24 10:00:15",2442.1,2,iwatahiroki
591,16933836,arumajiro,"2026-09-24 14:06:20",2442.0,2,excellentarumajiro
592,16931907,"Nokubonga Ngema","2026-09-22 20:13:20",2441.7,2,nokubongangema
593,16654589,"Rishant Sharma","2026-09-24 11:21:48",2441.7,2,trishtan99
594,16757809,dasfds,"2026-09-24 12:58:53",2441.6,2,dasfds
595,16694110,"Team Amboss","2026-09-23 16:09:25",2440.8,2,alexphilippi
596,16664760,SN,"2026-09-24 14:09:29",2440.6,2,spirosnianiaras
597,16905685,小娃娃是娃娃里较小的娃娃,"2026-09-23 17:54:00",2440.4,2,xiewenwei29
598,16792661,итмоняяя,"2026-09-24 09:48:23",2440.3,2,"naladwepo,tickflag"
599,16634088,Jet,"2026-09-23 21:38:00",2440.0,2,drkongvis
600,16911850,Farmerjay,"2026-09-23 16:46:16",2439.5,2,officeghost
601,16659464,"Héctor Valverde","2026-09-24 09:20:57",2439.2,2,hvpareja
602,16655477,Aurora,"2026-09-24 06:49:52",2438.5,2,"niteshranjansingh,themeghajoshi"
603,16724298,Orig_lab,"2026-09-24 10:30:26",2438.3,2,chengxixixi
604,16671361,"Hangyu Yu","2026-09-23 10:36:47",2438.3,2,"cqupthangyuyu,leoethan,wxgisspider"
605,16634179,daoviet,"2026-09-24 10:01:30",2437.8,2,daoviet
606,16776505,"Duck Typing","2026-09-23 20:17:42",2436.9,2,ahmadamindw
607,16927831,Baimakanov,"2026-09-24 12:22:46",2436.5,2,baimakanov
608,16936082,"H IMedit","2026-09-23 05:27:06",2436.5,2,himedit
609,16661558,안녕하세요이세입니다잘부탁드립니다,"2026-09-24 11:39:46",2436.2,2,"moonswalk,municef1"
610,16865424,"clove instalocker","2026-09-24 15:11:05",2436.2,2,fluorescencexe
611,16901814,pengurei,"2026-09-24 04:28:48",2435.9,2,pengurei
612,16628897,"Kyoungwon Jeong","2026-09-24 16:08:05",2435.2,2,kyoungwonjeong
613,16633944,Toru59er,"2026-09-24 05:21:02",2434.9,2,toru59er
614,16751140,onick_man,"2026-09-24 06:44:51",2434.9,2,ftakahas
615,16820794,"Yuxuan Ba","2026-09-24 07:56:11",2434.7,2,"cynthiaaaaa06,hyt9797,lynndai67,yuxuanba"
616,16814417,"Jane Street Farmers","2026-09-24 14:30:53",2434.6,2,"akamasterpiece,gianghiango,paramizodicrominique,phnhnnguyn,sebastiancooper116"
617,16704580,"Yunho Hwang","2026-09-24 00:15:31",2434.6,2,yunhohwang
618,16633173,"Saulo Quiñones Góngora","2026-09-23 15:08:46",2434.5,2,sauloquionesgngora
619,16713457,"Poor farmer","2026-09-24 09:05:27",2434.2,2,trnhip
620,16763706,断罪の孤高の神・大宇宙草莓覇皇,"2026-09-24 06:17:24",2433.9,2,"lordofichigo,qilejiang76"
621,16625060,"Subin An","2026-09-23 22:09:24",2433.8,2,subinium
622,16675063,"King Tian","2026-09-23 13:13:23",2433.7,2,"serven1,tianwang1210"
623,16885832,"Soshi Uejima","2026-09-24 14:09:29",2433.5,2,assdafa1223
624,16671292,Yuyajk,"2026-09-24 05:39:41",2432.5,2,yuyajk
625,16811224,yuya,"2026-09-24 12:24:45",2432.3,2,yuomori
626,16831965,"Ray Roberts","2026-09-24 01:04:13",2432.0,2,rayroberts
627,16726461,mocatti,"2026-09-23 07:06:53",2430.9,2,mocatti
628,16848479,nilochan,"2026-09-24 06:18:35",2430.8,2,nilochan
629,16775125,weimean,"2026-09-24 14:26:01",2430.7,2,gtwm98
630,16663513,DLTLM,"2026-09-23 13:12:06",2430.5,2,"debayank2024,laveshjadon,laxmikantaroy,moumitaaaaaa,tarunraii"
631,16637597,venks,"2026-09-23 22:44:15",2430.5,2,vterli
632,16794207,AlekseiProvorov,"2026-09-23 21:28:24",2430.4,2,leoprovorov
633,16628664,"Anton Tikhonov","2026-09-24 15:20:42",2430.4,2,itwastony
634,16677423,songling,"2026-09-24 02:14:12",2430.3,2,"lvbingrong,oralia"
635,16872754,kitano0104,"2026-09-24 14:35:12",2429.9,2,"kitano0104,ryyymy"
636,16660220,tomo11111,"2026-09-23 17:04:13",2429.6,2,tomo11111
637,16810595,dauriel,"2026-09-23 14:46:41",2429.6,2,"dauriel,theakshay"
638,16738349,Suna-D,"2026-09-24 11:33:43",2429.4,2,sunad0630
639,16722487,Zotar,"2026-09-24 12:17:34",2429.4,2,chunhinma
640,16942314,"Seva Gusev","2026-09-24 00:15:37",2429.2,2,seva1232
641,16838538,"rz cao","2026-09-23 09:54:03",2429.0,2,"caoruizhe,luckybara"
642,16805370,"Gaiar Baimuratov","2026-09-24 08:31:48",2428.6,2,baimuratov
643,16760244,"Alex Paul","2026-09-23 20:55:42",2428.6,2,alexazander
644,16622319,"Roman Tamrazov 52","2026-09-24 14:36:41",2427.7,2,romantamrazov
645,16641524,AkiraIshikawa,"2026-09-24 07:26:39",2427.4,2,akiraishikawa
646,16741639,kirito83,"2026-09-23 17:58:48",2427.4,2,lishsh83
647,16798974,huangbin,"2026-09-24 03:56:50",2427.2,2,huangbin1
648,16742139,ALLAI,"2026-09-24 01:38:05",2427.2,2,glorysing
649,16644643,today,"2026-09-24 12:43:40",2427.1,2,today55
650,16851664,koucha,"2026-09-24 14:18:12",2427.0,2,momotakaaoki
651,16679214,alban,"2026-09-23 20:33:57",2426.8,2,albantiacoh
652,16626332,"MD. Nazmus Sakib Anik","2026-09-24 12:42:36",2426.8,2,beyondlogic
653,16663632,Seho.Connect,"2026-09-24 11:39:55",2426.7,2,sehoconnect
654,16743136,unhappy,"2026-09-23 23:21:39",2426.0,2,chenyahui123
655,16641751,Hikari_30,"2026-09-24 14:57:35",2425.7,2,hikari30
656,16865335,"Hire me! 🤗 [Viktor Cikojevic]","2026-09-20 13:38:52",2425.4,2,viktorcikojevic
657,16740361,"Suba S","2026-09-24 02:25:08",2425.0,2,jupiter79
658,16811900,"Brejesh Balakrishnan","2026-09-23 06:38:14",2424.5,2,brejeshbalakrishnan
659,16732763,"Raihan Ramadistra","2026-09-23 14:02:52",2424.1,2,raihanramadistra
660,16749272,giraffeneck,"2026-09-23 15:49:56",2424.0,2,yamajin
661,16944396,Monruho,"2026-09-23 18:24:03",2423.2,2,monruho
662,16945907,"yuki ogata","2026-09-24 15:42:21",2422.6,2,yyogata
663,16805244,nari,"2026-09-24 14:46:59",2422.4,2,shoheiyoshinari
664,16808396,Dr_F,"2026-09-24 14:04:10",2422.2,2,algebraictopology
665,16654196,"Aryaman Chokhani","2026-09-24 08:41:08",2420.3,2,"aryamanchokhani,pranrocky"
666,16842242,"Scott Kirila","2026-09-23 23:28:00",2419.8,2,scottkirila
667,16663867,"Stephen Schott","2026-09-22 12:00:59",2419.3,2,steve421471
668,16770979,"Paulo Martins","2026-09-24 02:44:55",2418.4,2,paulomartins87
669,16732690,なーでぃー牧場,"2026-09-24 09:29:45",2417.9,2,nadyresearcher
670,16798602,uns.t,"2026-09-24 04:31:01",2416.4,2,franksunp
671,16817518,Dresden,"2026-09-24 05:56:03",2415.3,2,dresdeng
672,16702590,"Aashka Kapadia","2026-09-24 07:56:02",2415.0,2,aashka
673,16784608,shawenher,"2026-09-23 17:45:03",2414.8,2,shawenher
674,16634462,"Yash Marathe","2026-09-23 13:27:14",2414.6,2,maratheyash
675,16638918,"Nawap Bastola","2026-09-24 13:27:14",2414.4,2,nawapbastola
676,16705417,fuxi,"2026-09-23 13:20:03",2413.7,2,"padyue,pytorch5009asd"
677,16906666,"selam ya","2026-09-24 05:48:13",2413.3,2,selamya
678,16655686,Kyle,"2026-09-24 04:31:20",2412.9,2,kylezhouzhou
679,16773098,Apa,"2026-09-24 08:32:41",2412.1,2,yasso1
680,16673109,"Surya Bhattiprol","2026-09-23 19:53:35",2412.0,2,suryabhattiprol01
681,16810299,spencersi123,"2026-09-23 17:44:52",2411.6,2,spencersi123
682,16842747,314?,"2026-09-24 08:51:31",2411.4,2,elshahed
683,16690019,Around30,"2026-09-24 07:24:46",2411.2,2,"cyanspring,masahiromatsuda,sutesute000012"
684,16724806,rin2401,"2026-09-23 19:45:09",2410.9,2,rin2401
685,16916611,Infinity,"2026-09-23 19:50:06",2410.5,2,"maaz101,syedtahahassan"
686,16637031,"and more","2026-09-24 14:50:06",2410.4,2,kym2022
687,16734914,bharat,"2026-09-24 00:07:18",2409.9,2,bharatmohan
688,16731415,BOB,"2026-09-24 13:23:13",2408.0,2,hotpotbro
689,16888752,"edward john washins","2026-09-24 08:18:47",2407.2,2,edwardjohnwashins
690,16622338,github/shepsci/kaggle-skill,"2026-09-24 01:56:09",2406.9,2,shepscientific
691,16794090,Euphor_M,"2026-09-24 11:44:03",2406.2,2,euphor
692,16748866,masayoshi,"2026-09-24 02:07:25",2405.8,2,masayoshi64
693,16751061,L1a0JH,"2026-09-23 16:34:37",2405.7,2,coolkid14122
694,16791943,tamref,"2026-09-24 11:37:33",2404.9,2,tamreff3290
695,16806882,"Friedhelm Winter","2026-09-24 13:48:56",2404.9,2,friedhelmwinter
696,16844233,y3uanm,"2026-09-24 12:24:36",2404.4,2,"delta47x,lunpaixo,y3uanm"
697,16622567,"Georgy Mamarin","2026-09-23 20:47:58",2404.4,2,georgymamarin
698,16724801,Noir,"2026-09-24 03:48:34",2402.6,2,nuitnoir
699,16623390,KodamaSec,"2026-09-24 09:47:37",2402.2,2,dfhgfdghfdhg
700,16668737,"Abish Pius","2026-09-24 11:47:59",2402.0,2,abishpius
701,16665746,Chiranjieev,"2026-09-24 08:47:42",2401.8,2,"abhirajhiwale,amitambhore27,himanshu2605"
702,16689741,shinamonmon,"2026-09-24 07:38:25",2401.5,2,shinamonmon
703,16809194,Ajanraj,"2026-09-23 17:48:10",2401.0,2,ajanraj25
704,16667080,King-damon,"2026-09-24 14:27:25",2401.0,2,kingdamon
705,16732445,ГИМНАЗИЯ14ЙОШКАРОЛА,"2026-09-24 10:24:15",2400.3,2,"domager72,fylgde,kolyaflexcu"
706,16863350,"Horatio Eversfield","2026-09-23 22:21:44",2400.2,2,horatioeversfield
707,16658732,Olympus,"2026-09-24 09:38:08",2400.0,2,"jiseungwoo,peppersaltman"
708,16668167,sottnik,"2026-09-24 09:26:13",2399.8,2,sottnik
709,16896998,YehHua001,"2026-09-24 06:04:42",2399.2,2,yehhua001
710,16709435,"Artyom Lyan","2026-09-24 09:36:10",2399.2,2,arli2016
711,16806862,JudyWatermelon,"2026-09-23 16:59:26",2399.1,2,judywatermelon
712,16773026,アルモンド,"2026-09-24 12:02:24",2398.2,2,almondman0707
713,16768236,Baligh,"2026-09-24 11:57:29",2397.8,2,balighmehrez
714,16730323,fufufukakaka,"2026-09-23 06:47:50",2397.5,2,fufufukakaka
715,16722399,"Meta learners","2026-09-23 18:02:05",2397.3,2,aditya2909rb
716,16652631,"Panagiotis Anagnostou","2026-09-24 06:47:26",2396.7,2,panosanag
717,16947730,"青葉 涼風","2026-09-24 04:43:09",2395.6,2,suzukaze
718,16768449,"Dmitry Volovikov","2026-09-24 13:46:26",2395.6,2,dmitryvolovikov
719,16699741,Tom3,"2026-09-24 12:20:09",2394.7,2,tomohiroaz
720,16743836,"Auto Fermers","2026-09-24 11:08:38",2394.6,2,"arsgorynich,artemboltaev,dmitriigluzdov"
721,16623616,nasubiman,"2026-09-23 11:27:18",2393.8,2,yousukenakamura
722,16714474,"Glenn Dalbey","2026-09-23 00:15:27",2392.8,2,glenndalbey
723,16685982,Snorf,"2026-09-24 03:58:03",2392.8,2,snorfyang
724,16636079,"Pawan Rama Mali","2026-09-24 13:18:43",2392.0,2,pawanmali
725,16917270,kaibaur,"2026-09-24 10:12:07",2391.3,2,kaibaur
726,16730223,Ojaswy,"2026-09-24 13:51:57",2391.0,2,ojaswy
727,16793474,"Liu Classmate","2026-09-24 09:53:07",2390.6,2,"lilya98,liuclassmate,yuxuanzhao1203"
728,16671017,"Pablo César Ruíz","2026-09-23 20:04:40",2390.3,2,pcruiher08
729,16683529,"Yanis Belami","2026-09-24 15:14:35",2390.2,2,yanisbelami
730,16633190,Gigrise,"2026-09-24 11:47:57",2389.9,2,gigrais
731,16911681,nena,"2026-09-24 09:39:55",2389.8,2,nena0undefined
732,16779977,sue124,"2026-09-24 03:14:36",2389.4,2,ryotasueyoshi
733,16657877,zigiella,"2026-09-24 06:42:00",2388.9,2,zigiella
734,16938955,何时成为宗师,"2026-09-23 16:09:32",2388.5,2,wowandanle
735,16623128,AdamJonesJohnson,"2026-09-24 07:23:36",2388.3,2,adamjonesjohnson
736,16896203,Qx_qingxi,"2026-09-24 16:06:18",2388.3,2,yongqiangtian
737,16938431,"ADRIANO ALMEIDA","2026-09-24 00:03:40",2387.7,2,adrianoalmeidaa
738,16883907,lll,"2026-09-24 04:11:11",2387.6,2,lghlgh001
739,16927774,shuto,"2026-09-23 06:30:58",2387.3,2,shutohorie
740,16761693,nhatvo,"2026-09-23 01:07:47",2387.2,2,nhatvo
741,16765135,neuro168,"2026-09-23 11:11:29",2387.2,2,lordmc
742,16630752,motemen,"2026-09-24 04:15:56",2386.4,2,motemen
743,16732666,"Stefano Blando","2026-09-23 14:01:43",2386.1,2,stefanoblando
744,16838479,"Sufi Afifi","2026-09-24 07:41:01",2385.2,2,emrys21
745,16810275,Adam,"2026-09-24 03:46:37",2384.7,2,potonglantie93
746,16738759,YJR,"2026-09-24 02:28:20",2384.6,2,misakamikoto66
747,16670032,Kenjo1209,"2026-09-23 16:46:49",2384.0,2,kenjo1209
748,16850995,"KOSUKE MATSUDA","2026-09-23 02:09:30",2384.0,2,kosukematsuda
749,16897489,"East Kowloon","2026-09-23 16:16:34",2383.7,2,"haydenmlh,veron0611"
750,16715933,Scomics,"2026-09-24 05:25:58",2383.6,2,"bruceche7797,dongyiqun,jyxxxx"
751,16936827,"Weixuan Liu","2026-09-23 13:22:51",2383.5,2,flyfish666
752,16732496,kanno,"2026-09-24 04:44:42",2383.4,2,kannomasaki
753,16884028,"Jayden Y","2026-09-22 02:44:45",2383.2,2,jy0810
754,16746599,Borrun,"2026-09-22 05:23:12",2383.1,2,borrun
755,16858303,马嘉蛋爱玩跳棋,"2026-09-22 05:52:02",2383.1,2,"jamalzzj,jlw123456"
756,16767360,"Sinh Nguyễn Đức","2026-09-23 17:39:10",2382.2,2,sinhnguync
757,16736474,"Håkon Kjelseth","2026-09-23 09:18:48",2382.2,2,hkon2k
758,16847247,月之光面,"2026-09-24 02:35:20",2382.0,2,cxcxcxcx
759,16941777,"Ziming Wu","2026-09-23 08:55:56",2382.0,2,zimingwu
760,16688979,"Dhayaney Vijayan","2026-09-21 18:04:43",2381.9,2,dhayaneyvijayan
761,16811868,luyinn,"2026-09-23 12:43:52",2381.8,2,luyinn
762,16865317,"sunil kumar","2026-09-24 12:16:26",2381.7,2,sunil123kumar
763,16918263,Ascent,"2026-09-24 05:45:40",2381.0,2,ishaangangwani
764,16797457,Aamod06,"2026-09-24 15:02:49",2380.9,2,aamod06
765,16763829,"Shane Thivaharraja","2026-09-24 02:49:24",2380.0,2,shanethivaharraja
766,16775350,"Sourabh Nirwanevht","2026-09-24 04:07:52",2379.9,2,"sourabhnirwanevht,yanggod"
767,16756972,"Đức Hải Hà","2026-09-23 14:37:20",2379.8,2,tankinguyen
768,16698308,"Gemini IS ALL YOU NEED","2026-09-23 01:40:52",2379.5,2,"jacqueszhelinzhang,yuan800"
769,16623746,Juyong,"2026-09-24 11:16:51",2379.0,2,kimdoong
770,16653385,"Vasilii Buzmakov","2026-09-24 12:40:36",2378.1,2,vasiliibuzmakov
771,16768104,"Ivan Aleksandrov","2026-09-24 13:28:08",2378.0,2,ivanblch
772,16647192,"Sailor Ren","2026-09-24 08:27:39",2377.9,2,"dongdongjiaqi,sailorren"
773,16719733,CleoCantCompete,"2026-09-24 08:08:30",2377.8,2,cleocantcompete
774,16946558,Kamilek,"2026-09-24 11:05:42",2377.7,2,kamillek
775,16938473,bansalis,"2026-09-23 09:07:21",2377.2,2,ishanbansal1
776,16783721,lc今天刷了吗,"2026-09-23 03:24:33",2376.7,2,"alkaidchen,limufeng"
777,16699165,lime0001,"2026-09-24 10:26:58",2376.7,2,lime0001
778,16655505,Debmalya,"2026-09-24 14:58:58",2375.9,2,debmalya84
779,16930374,扣扣农场,"2026-09-24 10:43:48",2375.0,2,tsjzkzyzz
780,16926921,"Ruslan Kovychev","2026-09-24 10:48:23",2374.4,2,ruslankovychev
781,16659555,"Joseph Adamski","2026-09-24 14:47:37",2374.3,2,josephadamski91
782,16879636,aaaaLiu123,"2026-09-23 12:35:04",2373.9,2,aaaaliu123
783,16806000,wyz0210,"2026-09-24 04:09:48",2372.5,2,weiyouzhen
784,16744979,"Ahmed Alhassan","2026-09-13 21:51:58",2372.3,2,ahmed55
785,16689183,Hawksartelier,"2026-09-23 20:22:32",2372.3,2,satyapb2002
786,16627796,tizawa3,"2026-09-23 08:04:49",2371.2,2,tizawa
787,16624919,"Juste Me (●'◡'●)","2026-09-24 13:00:40",2371.2,2,degnonguidi
788,16664788,rian,"2026-09-24 15:36:29",2371.1,2,rian55
789,16875984,cccyou,"2026-09-23 07:34:18",2370.9,2,cccyou
790,16935560,南山3G战神,"2026-09-21 11:29:04",2370.8,2,"dongxinwan,jyo5200,linkenfaqiu8290,vincent8491,wxh20031103"
791,16624056,Raggriculture,"2026-09-23 14:36:50",2370.7,2,ravi123a321at
792,16769116,qiuqiu,"2026-09-24 06:00:34",2369.2,2,qiuqiuh
793,16689154,CrossEngineered,"2026-09-24 08:06:46",2369.2,2,"danyalsahin1,gkenurk"
794,16635663,"Pascal Pfeiffer","2026-09-24 15:16:47",2368.6,2,ilu000
795,16678534,"Filip Strzałka","2026-09-24 02:14:00",2368.3,2,snufkin77
796,16731940,xxxxyt,"2026-09-24 04:29:54",2368.2,2,"shengqinxi,xmxgxcs,xxxxyt"
797,16658962,"Fabian Friedland","2026-09-24 11:26:40",2368.0,2,fabotelli
798,16906728,"Konstantin Zhar","2026-09-24 14:04:16",2367.7,2,zharkd
799,16676885,"Riva Kajangu","2026-09-22 23:02:44",2367.6,2,rivakajangu
800,16655379,Ikeda0516,"2026-09-24 11:12:19",2367.4,2,ikeda0516
801,16713048,"liqin fei 2005","2026-09-24 10:06:42",2367.1,2,liqinfei2005
802,16789946,"Oriol Pi Morell","2026-09-24 11:52:48",2367.1,2,oriolpi
803,16732578,nao.kwmr,"2026-09-24 12:38:53",2365.4,2,naokwmr
804,16743858,kawauso9n,"2026-09-24 15:27:30",2365.3,2,kawauso9n
805,16765884,洛希边际,"2026-09-24 13:30:12",2365.3,2,"bxz2003,mingyue12318,thethirdsight"
806,16684748,"nailong alpha","2026-09-24 07:27:47",2364.9,2,"dejavucry,weiyun22021,yizhewong,yoruet,zekenos"
807,16621153,"Addison Howard (ineligible)","2026-09-24 14:08:15",2364.8,2,addisonhoward
808,16859815,alcanta,"2026-09-24 14:00:20",2364.6,2,ccotiuga
809,16746010,"Khoi Tuan Nguyen","2026-09-23 15:06:41",2364.5,2,khoingt
810,16941047,"RUSHMANTH NALLURI","2026-09-24 00:07:09",2364.0,2,rushmanthnalluri
811,16665331,winstonton,"2026-09-24 10:06:34",2363.9,2,winstonton
812,16692956,VanKoha,"2026-09-22 15:28:57",2363.6,2,kohasama
813,16732129,"payne yam","2026-09-23 01:46:06",2363.1,2,payneyam
814,16895106,linchuhan,"2026-09-24 10:25:09",2362.1,2,linchuhan
815,16942011,"Öylesine Yarışıyoruz","2026-09-24 09:07:03",2361.7,2,"burakemrepolat,muhammedfurkanata"
816,16854477,"Marc Maldonado Lorca","2026-09-23 08:04:16",2361.3,2,marcmaldonado
817,16698136,"David Estevez","2026-09-24 14:47:34",2360.2,2,destbreso
818,16631115,prvsiyan,"2026-09-24 10:51:35",2359.9,2,prvsiyan
819,16940453,"HIbiki Awai","2026-09-22 13:57:50",2359.8,2,hibikiawai
820,16654881,Freddy,"2026-09-24 00:21:53",2359.4,2,twoxding
821,16895464,WilsonPzx,"2026-09-24 06:43:42",2359.4,2,"lirongkun,wilsonpzx"
822,16889296,"Takauchi Suguru","2026-09-24 15:47:24",2359.4,2,gurusut
823,16882868,"Yash Mohan","2026-09-24 08:11:51",2358.9,2,yashm917
824,16756591,"Hamed Vakili","2026-09-22 03:00:11",2358.6,2,"hamedvakilit0,maryam7713"
825,16793656,王子铖,"2026-09-23 15:27:55",2358.5,2,aurantium
826,16633688,Ryo,"2026-09-24 15:47:11",2358.3,2,ryosukekurakami
827,16751999,"Poorna Sai Dumpa","2026-09-24 07:44:12",2357.5,2,poornasaidumpa
828,16675671,Marlubie,"2026-09-24 11:46:39",2357.3,2,kchuang
829,16792681,"loss volos","2026-09-24 14:23:27",2357.2,2,"bryxosmmm,mors1337"
830,16695567,tera358,"2026-09-23 10:06:29",2356.5,2,tera358
831,16750268,"Harris Bashir","2026-09-24 09:55:37",2356.4,2,harrisbashir
832,16626191,"kevin park","2026-09-23 15:52:23",2355.9,2,k3v1npark
833,16634873,shin0000,"2026-09-24 03:07:22",2355.6,2,shin0000
834,16697767,"Teddy Tennant","2026-09-23 04:18:59",2355.1,2,thtennant
835,16932323,Matt,"2026-09-24 03:27:36",2355.0,2,mclouter
836,16836787,KSKBL,"2026-09-24 06:12:44",2354.1,2,"length1001,trafalgar1234"
837,16771394,"ZHIRUI ZHAO","2026-09-23 14:17:48",2353.6,2,"harr23,zhiruizhao"
838,16727404,Yichi,"2026-09-24 12:15:42",2353.3,2,"liyulin666,yichi02"
839,16640467,Catalyst,"2026-09-23 09:25:57",2352.4,2,vibekaggler
840,16936225,Holeon,"2026-09-23 10:59:32",2352.1,2,holeon
841,16736124,GIN,"2026-09-23 06:57:33",2351.6,2,runjinzhang
842,16811685,benhur0905,"2026-09-23 23:38:35",2351.3,2,benhur0905
843,16784217,MMN0222,"2026-09-24 11:23:56",2350.9,2,mmn0222
844,16710464,ns0329,"2026-09-23 02:18:10",2350.0,2,ns0329
845,16675866,DanilChil,"2026-09-23 16:30:03",2350.0,2,danilchil
846,16819030,sunyuxiang136,"2026-09-24 06:10:03",2349.5,2,"hqy0619,orangetailfish,sunyuxiang136,tshen12"
847,16919615,AcidicBlaster,"2026-09-21 10:37:49",2348.5,2,adityamurugesh
848,16936328,JerryChen,"2026-09-24 00:04:44",2347.5,2,horse602
849,16949661,Shs123,"2026-09-24 12:05:03",2347.2,1,shs123
850,16935521,闰土和‌猹‌,"2026-09-24 13:15:12",2347.0,2,"fenghanxiang,zzh13332470923"
851,16719563,"GPT-5.6 Sol🏆","2026-09-24 12:40:31",2346.9,2,"ctfxiao,gaoruihua,otherworldly777,wennaliu2007,xgentle"
852,16903852,maoxin123,"2026-09-24 11:44:10",2346.8,2,maoxin123
853,16672456,hangglider5,"2026-09-24 07:49:26",2346.7,2,hangglider5
854,16848063,"Yuan Weijun","2026-09-23 14:26:32",2346.2,2,yuanweijun
855,16709905,Rospel,"2026-09-24 04:28:57",2346.1,2,rospel
856,16665864,kavipavi19,"2026-09-22 10:37:14",2345.9,2,kavipavi19
857,16668152,ksew364,"2026-09-24 09:24:05",2345.8,2,ksew364
858,16666434,"JOSHNA ACSHA S 21CS","2026-09-24 15:23:02",2345.8,2,joshnaacshas21cs
859,16930688,"Solo Leveling","2026-09-24 08:54:59",2344.5,2,lingyuzhi
860,16762248,KongKongDe,"2026-09-24 11:25:21",2344.2,2,kongkongde
861,16851474,"HY ISHI","2026-09-24 12:17:03",2344.2,2,hyugaishioka
862,16658038,Khanh,"2026-09-24 03:47:52",2343.3,2,khanhp142
863,16942567,MatveyVarfolomeev,"2026-09-23 11:57:16",2343.2,2,matveyvarfolomeev
864,16940533,shikaikaikaikai,"2026-09-24 09:53:06",2342.5,2,shikaikaikaikai
865,16906651,Izumi_LP,"2026-09-24 08:17:44",2341.8,2,amememe
866,16764228,"Kaixi Zha","2026-09-24 15:08:58",2341.7,2,"huadutry,kaixizha"
867,16626814,"Vu Tran Hoang","2026-09-24 07:16:22",2341.5,2,hoangvux
868,16798317,"Baran Akyıldız","2026-09-24 11:33:37",2341.0,2,baranakyldz
869,16696762,SOSyuki,"2026-09-22 01:32:23",2340.8,2,sosyuki
870,16747408,すずき,"2026-09-24 12:35:16",2340.8,2,shumpeace
871,16794536,HirokiTaniai,"2026-09-24 11:59:11",2340.7,2,nyokinyoki
872,16921163,"Sam StSt","2026-09-22 06:30:05",2339.6,2,samstst
873,16730720,broccoli,"2026-09-24 09:10:53",2339.4,2,norihori0917
874,16905517,Marti,"2026-09-24 01:00:51",2338.3,2,marticn
875,16716263,"Ugnė Miklovaitė","2026-09-24 06:17:07",2338.2,2,ugnmiklovait
876,16752740,BorisV,"2026-09-24 01:30:07",2338.1,2,bvoskresenskii
877,16920891,"Renfei Wang","2026-09-24 13:00:59",2337.1,2,renfei123456
878,16764459,在高速上逆行是危险的,"2026-09-24 14:28:49",2336.7,2,"chaojiwudiwujie,qianxiang123"
879,16749435,SGY2512,"2026-09-23 07:37:58",2336.2,2,sgy2512
880,16666784,"Michał Łapiński","2026-09-24 13:49:01",2335.6,2,michaapiski
881,16865168,"Maksym Bilychenko","2026-09-23 07:39:15",2335.5,2,mbilichenko
882,16716317,yzyhello,"2026-09-23 03:05:32",2335.2,2,"dalll77,yzyhello"
883,16942240,儿子会种地,"2026-09-24 11:21:31",2334.7,2,"cheng2246,tangyangpu284,upczbw,xinyinghu7123"
884,16731911,"liu bo","2026-09-24 05:14:50",2334.6,2,liuboo45586
885,16665134,edteoh,"2026-09-24 01:48:18",2334.5,2,edteoh
886,16639565,yasu,"2026-09-23 12:31:03",2334.3,2,yasutakababa
887,16702547,Dean0016,"2026-09-23 13:56:31",2333.7,2,"ddcchh,dean0016,zureaaa"
888,16663247,Ak,"2026-09-22 11:37:01",2332.9,2,abisheksrivastav
889,16891008,"Golubev Alexander","2026-09-24 15:11:37",2332.7,2,"golubevalexander,nikitadgolubev"
890,16832555,"Yanxi Teng","2026-09-24 00:17:25",2332.5,2,yanxiteng
891,16813899,blueshine,"2026-09-23 07:28:55",2332.4,2,minagawateru
892,16632119,nickyl,"2026-09-24 14:29:32",2331.4,2,nickyjliang
893,16639155,"Arturo Gutiérrez Aguilar","2026-09-24 14:52:55",2331.3,2,jarturo
894,16898049,"Alua Аkhmetkali","2026-09-23 01:53:15",2331.2,2,alua01
895,16670967,"Ne ML Clan","2026-09-24 14:09:42",2330.4,2,"al55522me,egoregors,sirgauda,vladmazeev"
896,16853805,yefenfei,"2026-09-24 15:05:30",2330.3,2,"stargazer7c,yefenfei,yuchenzhanlulu,zhengweibin1026"
897,16865470,J.Moriuchi,"2026-09-22 22:49:47",2330.1,2,hesoponyo
898,16739925,nofreewill42,"2026-09-24 10:18:53",2329.5,2,nofreewill
899,16667951,KoRo2_JP,"2026-09-23 06:54:56",2329.2,2,koro2jp
900,16827571,"BNBU Astra","2026-09-23 10:27:02",2328.9,2,"andycooper747,austindengkaggle,BNBUDINGSHANLee21,yuxiang328"
901,16669123,"Alex #2","2026-09-24 12:40:04",2328.3,2,alxdfy
902,16946367,dwinging,"2026-09-23 14:07:09",2328.3,2,dwinging
903,16874388,"Shuqi Zhang","2026-09-24 06:55:25",2328.2,2,"giadungho,sasalisa"
904,16665402,PrasadChopade213,"2026-09-24 08:50:47",2327.0,2,prasadchopade213
905,16925892,野獸先輩,"2026-09-22 17:10:48",2327.0,2,rayyen216
906,16894950,csly666,"2026-09-21 15:34:28",2326.4,2,csly666
907,16944151,kkogai,"2026-09-24 02:44:24",2326.3,2,kkogai
908,16741932,"Michael Chen","2026-09-23 01:27:57",2325.1,2,fuqiangchen
909,16904371,Makhmudov_1602,"2026-09-22 10:40:41",2324.8,2,makhmudov1602
910,16876865,LR.AIML,"2026-09-23 18:18:29",2324.3,2,"lucasgroot,robkraseu"
911,16912988,"Roy Zhu","2026-09-22 03:55:22",2324.2,2,roy0zhu0
912,16818313,"haonan zhengh","2026-09-23 02:56:58",2324.0,2,haonanzhengh
913,16868759,Pand,"2026-09-24 15:07:05",2322.9,2,pand999
914,16943126,"Aaditya Verma","2026-09-24 13:35:56",2322.7,2,tensura911
915,16639507,Homii_N,"2026-09-23 00:41:19",2322.5,2,homeshwarrao
916,16931127,taipen,"2026-09-23 01:28:43",2321.8,2,pankhuri001
917,16632262,Milkomeda,"2026-09-23 10:48:11",2320.8,2,milkomeda74583
918,16666571,"Zhengxu Yu","2026-09-24 09:26:27",2320.7,2,zhengxuyu
919,16655520,"kaggle Osaka","2026-09-23 21:54:43",2319.9,2,toshiyukitanaka
920,16669490,hinemos,"2026-09-24 08:19:24",2319.7,2,hinemos
921,16662492,"Lester Leong","2026-09-24 11:28:48",2318.6,2,lesterleong
922,16793396,...,"2026-09-23 13:22:43",2318.5,2,shackles6966
923,16771200,DeeSaa,"2026-09-24 12:56:50",2318.4,2,deesaa
924,16924499,Matterhorn3838,"2026-09-22 22:56:07",2318.3,2,matterhorn3838
925,16640388,SANNNNN,"2026-09-24 12:09:16",2318.0,2,zuhairsan
926,16899084,"Asan Ashirov","2026-09-22 16:32:11",2317.6,2,asanashirov
927,16865949,bhaskar9221,"2026-09-24 03:10:29",2317.5,2,bhaskarkumar11
928,16823319,eviltsundera,"2026-09-24 10:15:22",2317.5,2,eviltsundera
929,16633507,"Ivan Vorfolomeev","2026-09-24 06:33:23",2317.4,2,"alexesn,c0ldzy,ivanvorfolomeev,semyonepanov"
930,16623400,Less,"2026-09-23 04:33:03",2317.3,2,jiaoyouzhang
931,16852383,"Ahmed Mostafa #2","2026-09-24 00:27:28",2316.2,2,republic966
932,16888260,"Ndabenhle Ngema","2026-09-23 15:42:03",2315.8,2,ndabenhlengema
933,16767215,keiz,"2026-09-24 00:01:27",2315.4,2,keizkeiz
934,16931975,loki005,"2026-09-24 12:22:22",2314.9,2,loki005
935,16729413,KharinTymofii,"2026-09-24 15:54:07",2314.6,2,kharintymofii
936,16942000,tyson,"2026-09-23 05:43:39",2314.2,2,tysonwashere
937,16741527,meiyoun,"2026-09-23 14:51:46",2313.8,2,"guetsg,meiyoun,miraclehat"
938,16771785,"Mencius silverio MENSAH","2026-09-24 13:04:01",2313.4,2,menciussilverio
939,16634704,M.,"2026-09-23 07:22:18",2312.9,2,mahamhc
940,16671092,"tomohito shimura","2026-09-24 01:34:27",2312.7,2,tomohitoshimura
941,16923064,ryomac1,"2026-09-24 14:02:13",2312.5,2,ry1729
942,16763767,"Carson Zhang","2026-09-22 22:21:32",2311.3,2,zmcddn
943,16758982,Boredom,"2026-09-22 17:34:35",2311.3,2,"baodewen,cudacoding,elektromagnetizm,j12345673,mikeyu2026"
944,16760523,"Joseph Ayanda","2026-09-24 14:38:59",2310.8,2,josephayanda
945,16623836,awarse,"2026-09-24 16:07:45",2310.8,2,awarse
946,16924271,kitton,"2026-09-24 14:37:52",2310.1,2,kitton20250606
947,16872211,"Artem Bakalinskiy","2026-09-24 06:30:36",2310.0,2,artembakalinskiy
948,16914006,Stefano,"2026-09-24 12:27:53",2309.9,2,stefanojp
949,16644229,"Amy Yuan","2026-09-24 13:28:13",2309.8,2,cozytato
950,16947886,"Rufeng Toxins","2026-09-23 14:01:48",2309.3,2,rufengtoxins
951,16855214,"Kazumi Sakamaki","2026-09-24 00:26:27",2309.2,2,hatimitusiropp
952,16888303,Satuker,"2026-09-24 00:16:03",2309.1,2,filipgaliski
953,16938980,24110231_pyongjoo,"2026-09-24 15:51:18",2309.0,2,assistonia
954,16701258,ln,"2026-09-24 15:23:30",2308.5,2,"flentz,nazarov"
955,16668215,renta.k,"2026-09-24 04:49:29",2308.3,2,renta0426
956,16939767,"Elias William","2026-09-24 15:03:25",2308.0,2,eliaswilliam
957,16946062,Dlyra,"2026-09-24 16:00:52",2307.1,2,tyronnaidoo
958,16737237,"Ayodeji Adesegun","2026-09-23 15:43:09",2307.0,2,ayodejiadesegun
959,16799235,K.Piro,"2026-09-24 10:56:03",2306.8,2,agares02
960,16810171,kta_jpn,"2026-09-24 12:10:13",2306.4,2,ktajpn
961,16635745,DataRockstar,"2026-09-23 18:33:49",2306.2,2,"amaropeter,jvlegend"
962,16622420,RuiFSPinto,"2026-09-24 09:52:16",2305.6,2,ruifspinto
963,16841434,soraemon,"2026-09-24 00:01:20",2305.3,2,soraemon
964,16924604,"Dzmitry Pihulski","2026-09-24 00:01:31",2305.0,2,dzmitrypihulski
965,16927409,ReD_MooN_rise,"2026-09-24 15:23:56",2304.7,2,"redmoonrise,yug0616"
966,16897501,"I'm Fine.","2026-09-23 09:20:38",2303.8,2,zkheart
967,16775473,LuanHengYu,"2026-09-24 12:36:39",2302.2,2,apexml
968,16763669,cm391,"2026-09-24 07:56:45",2301.6,2,mccocoful
969,16623071,"Santiago Maniches","2026-09-22 13:44:33",2301.4,2,santmani
970,16853540,WUZB,"2026-09-23 03:14:03",2300.5,2,wzhengbiao
971,16693431,"Yi Wang","2026-09-24 11:43:20",2300.3,2,jone520
972,16842300,fanmili,"2026-09-24 15:27:22",2300.1,2,fanmili
973,16714057,"T0m0t0m0 W","2026-09-23 06:46:51",2299.2,2,t0m0t0m0w
974,16629308,Sutee,"2026-09-22 17:50:42",2298.9,2,lszlst
975,16824664,wozijishuode,"2026-09-24 03:43:16",2298.8,2,jamsubmarines
976,16801457,"Anthropic Banned My Account","2026-09-23 06:52:31",2298.6,2,subaru486
977,16943709,ser5kovskiy,"2026-09-23 15:49:40",2298.6,2,sergeypyatkovskiy
978,16843203,"Liyi xin jie","2026-09-22 08:38:59",2298.1,2,liyixinjie
979,16706410,lixiaoxin25,"2026-09-22 09:00:16",2297.9,2,lixiaoxin25
980,16829239,tomfng,"2026-09-22 19:36:31",2297.9,2,tomfng
981,16676455,"Sarthak Sharma ","2026-09-24 13:12:46",2297.7,2,sarthaksharma14
982,16763274,vinceybb,"2026-09-22 10:06:37",2296.9,2,vinceybb
983,16744842,juisajdiasd,"2026-09-24 13:54:36",2296.8,2,juisajdiasd
984,16657785,"Himanshu Kumar","2026-09-23 18:29:06",2296.8,2,himanshujha2812
985,16793427,wuwuwu,"2026-09-23 10:35:31",2296.7,2,wu1570
986,16660152,LIH.YUN,"2026-09-23 14:01:50",2296.4,2,fxlcee
987,16655922,kusui26,"2026-09-24 03:40:48",2296.3,2,kusui26
988,16623635,HiroyukiSasaki,"2026-09-23 22:48:41",2295.9,2,hiroyukisasaki815
989,16857766,OmerZalman,"2026-09-24 00:02:18",2295.8,2,omerzalman
990,16632423,goh,"2026-09-23 08:49:23",2295.5,2,bungohatayama
991,16846010,muelsyse111,"2026-09-24 04:31:33",2295.5,2,"muelsyse111,zltrqn"
992,16757064,"coke lu","2026-09-24 08:51:05",2295.2,2,cokelu
993,16675493,"Ryotaro Minato","2026-09-23 12:04:37",2295.1,2,ryotarominato
994,16839422,Serendipity,"2026-09-23 15:07:14",2294.6,2,stringyixuxi
995,16908403,"Stepan Ivanov","2026-09-24 10:01:27",2293.6,2,stepanivanov233
996,16738424,Yunioshi,"2026-09-23 12:51:22",2292.9,2,yunioshi
997,16658300,"Thành Toàn Vương","2026-09-23 11:25:19",2291.5,2,thnhtonvng
998,16894110,寒月千逸,"2026-09-23 01:52:00",2291.2,2,"hanyueqianyi,leeyang1,sakurahg"
999,16914287,"Vinzi Leo","2026-09-23 02:31:46",2291.2,2,vinzileo
1000,16638386,"Md Boktiar Mahbub Murad","2026-09-24 15:36:42",2291.1,2,mbmmurad
1001,16659715,masb,"2026-09-23 08:14:28",2291.0,2,affansaied
1002,16779304,"Ari Nakos","2026-09-24 14:25:25",2291.0,2,aristides
1003,16665129,Doom,"2026-09-22 18:51:12",2290.9,2,"mr6436,sanskaarundale"
1004,16677847,ShiviWhivi,"2026-09-22 02:15:51",2290.7,2,blackpearls1
1005,16676336,lemon13418,"2026-09-23 00:05:09",2290.6,2,lemon13418
1006,16659550,"Sai Syam","2026-09-24 09:02:08",2288.0,2,saisyam
1007,16907326,"julien gaza","2026-09-24 06:45:54",2287.5,2,juliengaza
1008,16851186,kaerururu,"2026-09-24 11:52:26",2287.5,2,kaerunantoka
1009,16927276,"julian andres viejo garrido","2026-09-24 08:14:44",2287.0,2,salmaviejo
1010,16623533,xthixsl_ml,"2026-09-24 05:06:51",2286.8,2,xthistle999
1011,16731834,Kamma,"2026-09-24 07:07:54",2286.4,2,"cheliu0307,makerfly,vonlanvonlan233"
1012,16923115,"Takamasa Ueno","2026-09-24 09:19:36",2286.0,2,uentsz
1013,16623371,MoZayed,"2026-09-24 12:10:08",2285.6,2,mohamedzayedahmed
1014,16623799,"Akhilesh godugu","2026-09-24 06:37:23",2284.8,2,"akhileshgodugu,ashokgodugu"
1015,16730462,XTang,"2026-09-23 04:47:53",2282.9,2,flyonthewater
1016,16621625,YBEJlKA,"2026-09-24 10:07:13",2282.9,2,alexanderchesnokov
1017,16782203,"rui xiong","2026-09-24 02:53:17",2281.8,2,xiongruihumingyu
1018,16624645,"Closed Loop","2026-09-24 01:42:33",2281.6,2,hobbisttech
1019,16884121,Radiant,"2026-09-24 10:01:33",2281.5,2,"dnpkkk,xxxxxx6x,y4matt"
1020,16833095,"ADARSH DWIVEDI","2026-09-24 07:07:27",2281.4,2,adarshcod
1021,16882140,"jiang luo1021","2026-09-22 04:38:28",2281.3,2,"jiangluo1021,shangzhongxia"
1022,16774712,icelemon2004,"2026-09-23 18:07:47",2279.7,2,"guanghuchen,icelemon2004,mustard64"
1023,16624309,jjamppongmandu,"2026-09-24 15:22:22",2279.4,2,"beckspeca,hihiimj,jjamppongmandu"
1024,16624484,"Tomoki Hirose","2026-09-24 15:50:38",2279.3,2,tomokihirose
1025,16663271,"Malyshev Danil","2026-09-24 14:57:19",2277.9,2,"corgisamoyed,malyshevdanil"
1026,16848217,"Yang Bai","2026-09-23 11:23:39",2277.7,2,jackelysia
1027,16923217,kou,"2026-09-20 20:09:04",2276.8,2,yuu111111111
1028,16755203,TY0912,"2026-09-24 14:18:59",2276.3,2,samejimatink0
1029,16734551,"junseok lee","2026-09-21 21:25:20",2276.2,2,jaslee2
1030,16937798,"Semih Temiz","2026-09-24 13:18:29",2275.5,2,semhtemiz
1031,16734803,guoziyi123456,"2026-09-23 00:17:46",2275.4,2,"ax1lec,guoziyi123456,linhexlu,xuanzhechen"
1032,16936688,"avinash singh","2026-09-24 10:48:54",2275.3,2,avszoom
1033,16861903,iwa,"2026-09-23 09:53:06",2275.3,2,ichiko
1034,16671088,jasonstillchasin,"2026-09-24 08:31:09",2274.5,2,jasonstillchasin
1035,16664217,Shushantw,"2026-09-23 14:34:39",2274.4,2,shushantw
1036,16662051,"Salem Ali","2026-09-24 14:53:13",2274.0,2,salemali7
1037,16939679,tokawa2997,"2026-09-23 00:00:33",2273.3,2,tokawa2997
1038,16684620,kobayasi,"2026-09-24 00:01:51",2271.9,2,"boomvector,tatsuokoshida"
1039,16663264,Adarsh,"2026-09-24 08:44:26",2271.2,2,madarshbb
1040,16623451,Ueddy,"2026-09-22 05:42:52",2270.7,2,ku0807
1041,16671150,Mc10nys0n,"2026-09-24 14:56:54",2270.5,2,rattanunt
1042,16761434,t07_noma,"2026-09-24 14:15:23",2270.4,2,t07noma
1043,16671012,"Sean Zhang","2026-09-24 01:00:58",2269.6,2,seanzhang2445
1044,16730673,"John Doge","2026-09-21 13:27:58",2269.3,2,spacedoge
1045,16785483,xiongrui666,"2026-09-23 01:45:19",2268.9,2,xiongrui666
1046,16701728,"katya barzova","2026-09-24 08:13:03",2268.5,2,"harlenka,nipah1,sigmaborov"
1047,16892682,"Yasuhiro Manai","2026-09-24 09:39:27",2268.4,2,yasu01
1048,16917382,"Anand Singh","2026-09-24 15:32:39",2268.3,2,anandsingh8687
1049,16913723,azamat1ch,"2026-09-22 02:28:19",2267.9,2,azamat1ch
1050,16628951,"Hiro Nomo","2026-09-21 08:03:31",2267.9,2,morinokuma3
1051,16627148,"HUNGRED XYIS","2026-09-24 11:44:00",2267.8,2,"gleny48,makarrogovik,wooler1"
1052,16664836,"Adnan Zaman","2026-09-24 15:44:39",2265.9,2,adnanzamanniloy
1053,16684128,NIklitaCheporev,"2026-09-24 15:51:38",2265.4,2,niklitacheporev
1054,16742183,alessandrozonta,"2026-09-23 07:46:51",2265.0,2,azonta
1055,16635351,AAAMIKASA,"2026-09-22 15:04:54",2264.9,2,aaamikasa
1056,16699082,Sakthei,"2026-09-20 13:41:34",2264.4,2,sakthei
1057,16848588,"vibe coders","2026-09-21 13:42:56",2264.1,2,"caando,sheryllynntan"
1058,16637255,"leave you","2026-09-24 03:58:57",2263.4,2,superallen001
1059,16936396,olHwHlo,"2026-09-24 05:54:32",2262.8,2,olhwhlo
1060,16775803,Robson,"2026-09-24 04:12:50",2262.8,2,robsonsan
1061,16723893,iring58,"2026-09-22 04:03:15",2262.1,2,iring58
1062,16727350,"T Hansda","2026-09-22 13:49:10",2261.7,2,hansda
1063,16946537,"Roustoum Abdel Moula","2026-09-23 09:34:04",2261.5,1,roustoumabdelmoula
1064,16849053,z7777,"2026-09-24 11:51:34",2261.4,2,songqizhou
1065,16630251,"Handry Novianto","2026-09-24 08:49:02",2261.3,2,handrynovianto
1066,16802505,daviondk,"2026-09-22 20:51:02",2261.1,2,daviondk
1067,16706897,"Akshay Mathur","2026-09-24 12:52:47",2261.0,2,akshaymathur777
1068,16696997,coolin666,"2026-09-23 13:12:15",2260.8,2,coolin666
1069,16871381,huaiyuyoung,"2026-09-23 12:11:00",2258.8,2,"huaiyuyoung,mushancui,nuoyixu,sdsnorth,yuantoby"
1070,16845713,"qweq asd","2026-09-24 08:12:48",2258.5,2,qweqasd
1071,16665237,"Ad Space Available","2026-09-23 12:02:10",2258.3,2,"liyouran0820,rainchen0411,richardsilence,tongyuexiao"
1072,16651402,"Mille Initiate","2026-09-24 09:07:29",2257.0,2,milleinitiate
1073,16655423,"Roland Luethy","2026-09-24 13:13:14",2256.7,2,rluethy
1074,16683755,"Meng Di","2026-09-24 02:10:46",2255.4,2,hughshaoqz
1075,16742684,Inzilbêth,"2026-09-24 06:24:15",2255.1,2,inzilbth
1076,16844004,"Takahiro Saito","2026-09-24 06:45:13",2254.0,2,takahiro3110
1077,16853054,saberzky,"2026-09-24 13:16:06",2253.0,2,saberzky
1078,16693045,"Huseyin Battal","2026-09-24 03:56:10",2252.6,2,huseyinbattal
1079,16768702,"Crop It Like It's Hot","2026-09-24 02:33:53",2251.8,2,"davidben10,rachel79"
1080,16872203,"Mikael Kerimov","2026-09-23 12:54:29",2251.6,2,"mikaelkerimov,mperminiov"
1081,16811571,"Daniel Guo","2026-09-23 22:48:24",2251.1,2,denialguo
1082,16838312,macaron,"2026-09-24 05:32:31",2250.3,2,hayatotech
1083,16885498,farmhouse,"2026-09-20 01:52:59",2250.1,2,tomoyayanagi
1084,16670384,"Gordeev Max","2026-09-24 08:44:56",2249.8,2,gordeevmax
1085,16839458,"Agent 0","2026-09-22 20:06:21",2249.4,2,agent0
1086,16730728,"Le Trong Hieu","2026-09-24 04:06:34",2248.5,2,backtracking
1087,16761744,"Daiki Takahashi","2026-09-23 08:45:23",2248.2,2,daikitakahashi
1088,16664359,Nightingale,"2026-09-24 15:07:05",2248.1,2,apilkhadka
1089,16738487,"Andrey Shpigar","2026-09-23 18:18:09",2248.1,2,andreyshpigar
1090,16865070,carlos-tagosaku,"2026-09-24 09:26:34",2247.9,2,sousugiyama
1091,16942573,Almaz,"2026-09-24 14:50:22",2247.9,2,almazsakhapov
1092,16658365,OnlyFarms,"2026-09-24 00:21:16",2247.3,2,hoowoo
1093,16664266,"Ian Chung","2026-09-23 22:02:19",2247.0,2,iannnnn012345
1094,16745059,mekduy,"2026-09-24 08:46:43",2246.0,2,mekduy
1095,16784725,prairieee,"2026-09-24 04:25:26",2245.7,2,"haideptry,prairieee"
1096,16623643,LiXingtao,"2026-09-23 16:58:58",2245.3,2,lixingtao123
1097,16632294,"Rajan Nagarajan","2026-09-23 20:38:35",2244.3,2,narajan
1098,16630380,JM,"2026-09-24 15:42:52",2244.3,2,julianmukaj
1099,16674932,kokinnwakashuu,"2026-09-24 11:00:03",2243.1,2,kokinnwakashuu
1100,16796901,hanhan761,"2026-09-24 03:05:34",2243.1,2,"hanhan761,kiivii,noice12138,xiaobai0417"
1101,16632201,neurlog,"2026-09-24 15:43:35",2241.7,2,neurlog
1102,16727998,hidsaito,"2026-09-24 12:25:49",2240.0,2,hidsaito
1103,16752104,WYSSR1225,"2026-09-23 01:19:20",2239.3,2,wyssr1225
1104,16656143,"Debanshu Mallick","2026-09-22 10:58:42",2239.0,2,debanshumallickiisc
1105,16737482,Lindicaphxag,"2026-09-24 04:07:45",2238.8,2,oblivicore
1106,16634432,KARGI,"2026-09-24 05:34:03",2237.7,2,learningkin
1107,16621154,Zain96,"2026-09-24 07:31:45",2236.9,2,zain96
1108,16774075,"Mohammad Yaser Hussain","2026-09-24 11:10:55",2235.5,2,mohammadyaserhussain
1109,16672251,"Kavinkumar M","2026-09-24 08:55:49",2234.6,2,kavinkumarrkm
1110,16858207,"David Wang","2026-09-23 02:44:56",2234.4,2,renew66
1111,16679688,"Sathwik Chinthakayala","2026-09-24 02:40:58",2233.7,2,sathwikchinthakayala
1112,16622422,ss,"2026-09-23 06:37:19",2233.5,2,forest2026
1113,16764850,"cy zhang","2026-09-24 07:14:20",2231.6,2,zcy20051117
1114,16664969,subsubsubagent,"2026-09-23 09:09:55",2231.6,2,"estrellasss,kingsley31,smithshine,wuliaoluis,xuteli"
1115,16652536,Satoshi_SsSs,"2026-09-24 15:40:05",2231.1,2,satoshissss
1116,16623381,cocoaAI,"2026-09-24 07:21:36",2230.9,2,cocoaai
1117,16924593,"Aarav Bajya","2026-09-24 13:14:15",2230.9,2,aaravbajya
1118,16859963,LINXI,"2026-09-24 09:48:11",2230.3,2,linxii012
1119,16655478,Bruce,"2026-09-24 13:31:06",2229.8,2,bruceqdu
1120,16723318,グレイラットルーデウス,"2026-09-22 07:27:17",2228.9,2,rudeus666
1121,16628765,"Kota Iizuka","2026-09-23 05:26:15",2228.7,2,kotaiizuka
1122,16644565,Suda,"2026-09-24 14:42:22",2228.2,2,"chaneyma,deryawang"
1123,16860071,TOSS,"2026-09-22 20:52:48",2227.8,2,toshikawa80
1124,16841663,"Ryosei Hara","2026-09-23 00:52:05",2227.0,2,ryhara
1125,16725996,MatheusPSorancoDeCarvalho,"2026-09-22 19:22:51",2227.0,2,matheussoranco
1126,16871584,xder,"2026-09-24 07:25:22",2226.7,2,xderyeke393
1127,16851133,"Bryan Pauze","2026-09-24 15:04:27",2226.2,2,bryanpauze
1128,16732156,"Ца-ри-ца по-лей, ку-ку-ру-за!","2026-09-23 18:23:49",2225.3,2,samvelkoch
1129,16810078,Sam-wiz,"2026-09-23 13:55:48",2225.1,2,samwiz
1130,16664459,gngnher,"2026-09-24 04:43:46",2224.8,2,ryanshunsuke
1131,16814409,YuyaSuzuki,"2026-09-24 07:56:23",2224.8,2,yututapp
1132,16923373,"kouhei mori","2026-09-23 13:22:14",2223.5,2,kouheimori
1133,16731605,datatuu,"2026-09-24 04:29:35",2223.5,2,yaoguang516
1134,16699947,HKmgikao,"2026-09-24 14:39:08",2223.4,2,hitoshikmgai
1135,16640472,"Vsevolod Rakita","2026-09-22 05:31:51",2223.4,2,vsevolodrakita
1136,16643453,Haumea,"2026-09-24 12:21:06",2222.9,2,chaitanyagullapalli
1137,16657091,raw2clean,"2026-09-22 03:24:17",2222.6,2,raw2clean
1138,16811467,Raster0x2a,"2026-09-21 20:48:58",2221.1,2,raster0x2a
1139,16742439,"Shangshang Zhang","2026-09-24 15:08:34",2221.0,2,msvzss
1140,16634312,"Linh Le","2026-09-24 13:10:47",2220.7,2,linhlethuy
1141,16674831,"nk for work","2026-09-24 13:34:35",2220.6,2,nkforwork
1142,16751820,yy,"2026-09-24 07:41:09",2220.5,2,hirokiyamazaki
1143,16778946,yuki0731,"2026-09-24 14:12:01",2219.7,2,yuki0731
1144,16655199,"Alexander Ulrich","2026-09-24 05:32:03",2219.7,2,alexanderulrich01
1145,16728114,yu9824,"2026-09-24 04:03:32",2219.7,2,yu9824
1146,16891718,"Me & myself","2026-09-23 16:16:16",2219.4,2,fannasankh
1147,16623691,KevlarZanderChi,"2026-09-24 06:07:17",2219.1,2,kevlarzanderchi
1148,16728863,Irabala,"2026-09-23 18:30:33",2218.8,2,irabala1
1149,16745138,yok,"2026-09-22 14:48:59",2218.7,2,yokoinaba
1150,16625921,JinchengZhang1,"2026-09-24 03:12:13",2218.2,2,jinchengzhang1
1151,16681927,"Dariush Afshar","2026-09-22 18:57:49",2218.1,2,dariushafshar
1152,16667767,t3l3kin3sis,"2026-09-23 02:50:13",2217.6,2,"daffafariq,hashmatzamaryali,malsabbagh05"
1153,16774141,Radiance,"2026-09-21 14:11:32",2216.8,2,"evelyn3976,wangyi01"
1154,16755654,oQo,"2026-09-23 20:02:51",2216.8,2,oqoxodk6
1155,16676114,Gekkotron,"2026-09-24 13:32:38",2216.6,2,gekkotron
1156,16656340,MAGMA,"2026-09-22 02:48:15",2216.2,2,infiheart
1157,16640873,"Takumu Hata","2026-09-24 14:09:38",2214.7,2,takumuhata
1158,16621671,Chellick,"2026-09-24 07:53:42",2214.7,2,matweyisupov
1159,16623515,"Apple Joy","2026-09-23 05:27:00",2214.3,2,"cqput640,fishcat37,sdq2237"
1160,16790527,Yuta,"2026-09-22 08:17:45",2214.3,2,yutaecon
1161,16944065,"Wael El Ghazzawi","2026-09-22 23:05:10",2213.8,1,waelelghazzawi
1162,16745995,"Guido Tapia","2026-09-24 08:41:21",2213.7,2,guidotapia
1163,16624571,"Baidalin Adilzhan [dsml.kz]","2026-09-22 05:58:52",2213.3,2,"baidalinadilzhan,qasminumber,zelza0"
1164,16709126,"Jamie Nojek","2026-09-24 13:06:40",2212.5,2,jamienojek
1165,16684093,"fog flower","2026-09-24 14:06:32",2211.3,2,"fogflower,gdz007,kitchs,xuesongyin"
1166,16793080,"Lonan Syayf","2026-09-24 06:40:02",2210.7,2,lonansyayf
1167,16914676,"Luon may Man","2026-09-24 03:53:04",2210.4,2,luonmayman
1168,16936848,spy007,"2026-09-24 11:46:46",2210.2,2,"py1603300133,syhsyh123"
1169,16922094,Shiv28,"2026-09-21 19:59:35",2209.9,2,shiv28
1170,16693215,"Izzoudine Mohamed KANTA","2026-09-24 14:16:09",2208.4,2,izzoudeenkanta
1171,16944349,m_meles,"2026-09-23 16:04:45",2208.1,2,mmeles
1172,16655912,sssskilo,"2026-09-23 08:27:03",2208.1,2,wellkilo
1173,16792410,"Taewoong Kim","2026-09-24 05:13:38",2208.0,2,aleaiest
1174,16731971,s_a_ai_engineer,"2026-09-24 13:47:34",2207.6,2,saaienginner
1175,16663213,"Takahiro Someya","2026-09-23 05:28:26",2207.5,2,takahirosomeya
1176,16778707,momohuhu_kkkkkarrot,"2026-09-24 01:25:18",2207.3,2,kjy666
1177,16763375,Makus,"2026-09-22 13:33:25",2206.9,2,alexmartinez75
1178,16845965,Oldplaykid,"2026-09-24 12:37:52",2206.6,2,"tonf3195,zerethon"
1179,16898204,"MAHESH ISHRAN","2026-09-24 10:29:29",2206.5,2,iitm21f1003346
1180,16925842,Naoya,"2026-09-23 22:41:25",2206.0,2,takashimanaoya
1181,16674451,NycteacoBa,"2026-09-21 23:59:10",2205.8,2,nycteaowl
1182,16735232,"Johnson Chishimba","2026-09-22 05:41:07",2204.7,2,johnsonchishimba
1183,16678521,"techno coven","2026-09-24 14:55:56",2204.6,2,"blancaplanca,nevolinaa"
1184,16655128,"Somasundar V","2026-09-23 17:17:44",2204.0,2,somasundarv
1185,16622376,fmind,"2026-09-24 15:24:31",2203.5,2,freaxmind
1186,16733766,Paarthpowa,"2026-09-24 07:43:45",2203.3,2,paarthpowa
1187,16928213,橋本真旺,"2026-09-22 16:37:33",2202.9,2,mao925
1188,16717289,JackChenghao,"2026-09-24 13:51:57",2202.7,2,jackchenghao
1189,16696421,"Koyashiki Mao","2026-09-22 11:55:10",2202.2,2,koyashikimao
1190,16861805,farmer-kuni,"2026-09-23 07:28:14",2201.7,2,kuni05
1191,16936542,"Lee Velon","2026-09-23 05:30:12",2201.5,2,leevelon
1192,16627888,atl132,"2026-09-20 14:28:01",2200.3,2,atl132
1193,16778835,kiyoc,"2026-09-24 14:01:38",2200.0,2,kiyoshiohno
1194,16846857,"Tomohiro Nagai","2026-09-24 14:34:30",2199.3,2,tomohironagai
1195,16693342,takemo,"2026-09-24 11:18:24",2199.2,2,takemoriyuto
1196,16917149,beastars,"2026-09-24 02:26:38",2197.2,2,"doorknob881,ohyabuddy,vickylinvicky"
1197,16886640,holyholy,"2026-09-24 09:31:24",2197.2,2,holy5contents
1198,16769234,"Akshar #2","2026-09-23 17:16:50",2197.0,2,"aksharzala,therishitaggarwal"
1199,16769836,weense,"2026-09-24 13:52:13",2196.6,2,weense
1200,16761652,"Dhruv #2","2026-09-23 15:49:52",2195.0,2,dhruvrama
1201,16690353,b13902103_yuhung94,"2026-09-22 02:00:14",2194.0,2,yuhung94
1202,16658499,Grifun,"2026-09-24 08:35:27",2193.8,2,msingatullin
1203,16852049,Tremble,"2026-09-22 02:07:51",2193.6,2,"aimeechen1,haoxuanwang12366,junsongzhang,qiyaoxu,yifuandonlyyifu"
1204,16701768,darasty,"2026-09-24 16:09:53",2193.2,2,darasty
1205,16811307,elmo,"2026-09-24 12:37:26",2193.2,2,mktakizawa
1206,16726547,"Ezra Kho","2026-09-24 00:28:10",2192.0,2,ezrakho
1207,16932996,"Francisco Angulo de Lafuente","2026-09-24 00:31:11",2192.0,2,franciscoangulo
1208,16886627,caintly,"2026-09-24 15:24:25",2191.2,2,eyesad
1209,16705659,"srijan k.r keshri","2026-09-24 07:41:32",2191.0,2,srijankrkeshri
1210,16908623,42,"2026-09-24 08:00:40",2191.0,2,"ffy208,kefeiyan,yirenw11"
1211,16920678,qinsuikang,"2026-09-23 10:12:09",2190.8,2,"qinsuikang,tudousisi"
1212,16878026,yamazaking,"2026-09-23 13:12:11",2190.4,2,zacky21
1213,16671515,ziheng,"2026-09-24 14:20:27",2190.4,2,zihengedie
1214,16657728,"T Soo","2026-09-24 07:43:09",2190.2,2,ttgrcgrc
1215,16634803,hongzhouzhou,"2026-09-23 14:38:34",2190.2,2,afterrain42
1216,16644480,"Umut Keltek","2026-09-23 19:23:59",2189.1,2,umutkeltek
1217,16653828,Boltuzamaki,"2026-09-21 09:13:57",2188.6,2,boltuzamaki
1218,16738822,shakedamo0w0,"2026-09-22 09:54:35",2188.0,2,shakedamo0w0
1219,16930996,"ROGER REN","2026-09-23 08:01:24",2187.9,2,rogerrenruben
1220,16849801,tq1d,"2026-09-24 13:34:13",2187.9,2,haya03010
1221,16806346,"Mike chen666","2026-09-22 03:28:59",2187.8,2,"mikechen666,tiffanyjade"
1222,16678693,"Maher el Ouahabi","2026-09-23 14:00:03",2187.1,2,maherelouahabi
1223,16664577,a14iiiii,"2026-09-24 08:47:56",2186.9,2,a14iiiii
1224,16670569,Ezzzzzekki,"2026-09-20 11:11:00",2186.7,2,abdullahelzeki
1225,16668610,Sian,"2026-09-24 10:26:01",2186.0,2,arki13
1226,16930858,LIUDIZHU,"2026-09-23 14:30:39",2185.6,2,liudizhu
1227,16652079,Infill,"2026-09-24 02:55:30",2185.4,2,infill
1228,16640067,"minghao mei","2026-09-24 01:03:41",2184.8,2,minghaomei
1229,16732292,takaygiiiiiiii,"2026-09-23 22:40:06",2184.6,2,takaygiiiiiiii
1230,16789950,"Zachary Zhang","2026-09-24 07:42:17",2184.5,2,zacharyzhang16
1231,16890118,chiikavyshy,"2026-09-22 08:05:07",2184.1,2,"marynaborovska,yuriygreben"
1232,16775378,TK256,"2026-09-24 02:15:21",2183.7,2,tk256ailab
1233,16802535,"To be happy","2026-09-24 13:16:39",2183.7,2,yaokaixinya123
1234,16857505,"DL Loz","2026-09-22 01:46:50",2182.4,2,"dllogic,hanleileo,lawjkj,mragentrrr"
1235,16773064,"Sonu Yadav","2026-09-23 15:17:10",2182.4,2,sonuyadav710
1236,16735341,Ryui68925,"2026-09-22 11:40:23",2182.1,2,"ryui68925,uki706"
1237,16641138,"Bharath Varma","2026-09-24 07:38:56",2182.1,2,bharath111l
1238,16786595,"dbvz sbsbs","2026-09-24 10:35:13",2182.1,2,dbvzsbsbs
1239,16662946,uzair,"2026-09-23 14:34:59",2181.2,2,quantumcurator
1240,16660483,TIM,"2026-09-24 00:08:55",2180.9,2,daynoryamil
1241,16876706,"zijun zhang","2026-09-23 16:15:50",2180.8,2,kongmu0503
1242,16685743,"Alex Oranov","2026-09-24 12:34:06",2180.7,2,aoranov
1243,16786102,"Anay Garodia","2026-09-24 03:58:21",2180.3,2,anaygarodia
1244,16712863,ominteam,"2026-09-23 10:42:59",2180.0,2,"luantony,suruikk"
1245,16658665,ChandramouliNagasundaram,"2026-09-24 13:23:59",2180.0,2,"enginegeneral,mouliindian"
1246,16768603,Kinance,"2026-09-24 15:55:24",2180.0,2,kinance
1247,16799832,"Maman Salto","2026-09-24 10:10:18",2180.0,2,saddamaditya
1248,16892118,DsLiner,"2026-09-23 03:54:41",2179.9,2,dsliner
1249,16736931,"Sergei Fironov","2026-09-22 05:46:17",2179.6,2,sergeifironov
1250,16848929,"Nikoo Yu","2026-09-24 02:47:23",2179.5,2,nikooyu
1251,16867067,jiazepin,"2026-09-22 07:25:00",2177.8,2,jiazepin
1252,16867370,jasonyoung,"2026-09-23 02:42:54",2177.0,2,jasonyoung66
1253,16656500,"七月七月晴 忽然下起了大雪 不敢张开眼 希望是我的幻觉","2026-09-24 14:33:31",2177.0,2,"a982295350,bertmacutata,blencanierice,dangzhiyuan,imoxzm"
1254,16842183,"Sumukh M G","2026-09-22 05:04:17",2176.9,2,sumukhmg35
1255,16674526,"Imdadul hasan hamim","2026-09-22 08:06:03",2176.3,2,imdadulhasanhamim
1256,16823251,"Khaled Yousef","2026-09-23 16:37:15",2175.9,2,recochet96
1257,16658700,"szlachetny snieg","2026-09-24 14:24:13",2175.9,2,takayukiimoto
1258,16655704,heinado,"2026-09-22 12:43:47",2175.3,2,heinado
1259,16720056,"Heads or Tails","2026-09-24 04:59:11",2174.6,2,headsortails
1260,16690500,Mr.NoT_GaMeR,"2026-09-24 05:13:11",2173.6,2,joshdilipkumarpatel
1261,16703045,ReCurSiON,"2026-09-24 15:21:36",2172.5,2,ashok205
1262,16657100,"Jacky Chan","2026-09-23 23:58:25",2171.7,2,jhkchan
1263,16704818,probably6767,"2026-09-24 08:31:15",2171.5,2,probably6767
1264,16714166,"Naman Malik","2026-09-23 00:11:25",2170.8,2,"adenijielijah,anapau11,marydata,namanmalik81714"
1265,16835029,先过我的Gemini,"2026-09-24 14:29:10",2170.8,2,"gutssss,hangzheng1,ppsshh123"
1266,16758895,daphne,"2026-09-24 11:48:00",2170.8,2,daphne4sg
1267,16943306,liminhai,"2026-09-24 11:48:51",2170.2,2,"hungry1728,liminhai,mars086,yeukwanvickyli,yuchuanzhang1202"
1268,16738852,ZJUwlm,"2026-09-24 13:43:51",2169.8,2,"oonumberone,zjuwlm"
1269,16848208,"Takuto Inoue","2026-09-23 11:20:03",2169.4,2,takutoinoue
1270,16730334,"Have a nice trip in USST","2026-09-23 17:59:02",2169.3,2,"eugeneyeung,grace7523,sztszt0726,tuskig,wzh20050212"
1271,16642036,enddl22,"2026-09-22 00:21:17",2169.1,2,enddl22
1272,16809332,"ansheng jhang","2026-09-23 08:52:27",2169.0,2,anshengjhang
1273,16768047,アメリカ農業研究会,"2026-09-21 20:12:15",2168.6,2,flnkhome
1274,16772204,"Hamam Ahmed","2026-09-24 01:24:39",2167.4,2,hamamelsanousi
1275,16724847,辽大之光,"2026-09-24 14:52:05",2167.2,2,guangchenlu
1276,16841826,抵扣豆浆,"2026-09-21 03:20:47",2166.8,2,tootough
1277,16767052,KaitoKusumoto,"2026-09-22 03:29:32",2166.6,2,kaitokusumoto
1278,16858208,linhaiy,"2026-09-23 06:54:36",2166.3,2,linhaiy
1279,16786126,"Max Bloom","2026-09-23 19:37:19",2166.2,2,maxbloom
1280,16907393,Logus,"2026-09-24 08:15:27",2166.1,2,logus4704
1281,16730881,hank0123,"2026-09-24 08:03:42",2166.0,2,hank0123
1282,16851853,tryagain123,"2026-09-24 16:06:12",2165.2,2,lanqingsong123
1283,16668406,"VAP RF5","2026-09-24 14:14:31",2165.1,2,vaprf5
1284,16717114,uninhibited-scholar,"2026-09-24 15:19:19",2164.9,2,uninhibitedscholar
1285,16811251,poijio,"2026-09-24 15:20:21",2164.7,2,poijio
1286,16925699,"YOUNG CHOW","2026-09-24 09:00:48",2164.2,2,youngchow
1287,16677855,Mehrdad_LU,"2026-09-22 20:50:28",2163.5,2,mehrdadal2023
1288,16657152,"K S VIJAYARAAGHAVAN","2026-09-24 07:30:18",2162.8,2,"blackscythe123,ksvijayaraaghavan"
1289,16676904,researchstudio.site,"2026-09-23 10:12:32",2162.7,2,fistyee
1290,16627600,"NiA Farms","2026-09-24 10:48:01",2162.5,2,"adriaft,natliablascoandreo"
1291,16924283,GeHaohua,"2026-09-23 07:34:41",2162.3,2,gehaohua
1292,16758316,"Roy Lo TW","2026-09-24 02:32:11",2161.7,2,roylotw
1293,16693557,"Ifeoluwa Adewumi","2026-09-22 12:16:36",2161.2,2,ifeadewumi
1294,16698688,JeremiahMannings,"2026-09-24 04:03:51",2160.8,2,jmannings
1295,16731275,carbonapi,"2026-09-22 00:18:28",2160.4,2,nonempty
1296,16750448,"Ansh Agarwal","2026-09-23 17:35:35",2160.2,2,anshagarwal2616
1297,16859757,"Nathan Jacob","2026-09-24 03:34:00",2159.9,2,nathanjacob
1298,16846963,成吉思汗,"2026-09-24 02:52:08",2159.9,2,jddhhdh
1299,16877834,playboicarti,"2026-09-23 23:20:35",2159.5,2,playb0icarti
1300,16728708,"Rishi Jain","2026-09-23 17:00:56",2159.4,2,rishijain07
1301,16756510,tongmian1314,"2026-09-23 20:43:28",2158.4,2,tongmian1314
1302,16843864,IkeKodd,"2026-09-22 12:16:03",2157.7,2,"ikekodd,pinluk"
1303,16915663,Wlemalin,"2026-09-23 15:16:20",2157.7,2,wlemalin
1304,16804827,"Bala Baskar","2026-09-24 09:57:04",2157.6,2,balabaskar
1305,16875653,xuzenkun,"2026-09-22 03:42:07",2157.1,2,xuzenkun
1306,16938859,Adequate_Echo,"2026-09-24 11:43:51",2157.0,2,adequateecho
1307,16845736,Gio,"2026-09-23 20:23:43",2156.6,2,giovanizanfra
1308,16891911,N_noa21,"2026-09-24 11:49:18",2156.4,2,nnoa21
1309,16671306,Yeswanthperni,"2026-09-24 14:26:40",2155.4,2,"tanvicaaa,yeswanthperni"
1310,16740815,Remielle,"2026-09-24 14:21:05",2155.0,2,remielle
1311,16681848,Haraguchi-T,"2026-09-23 15:07:53",2154.8,2,haraguchit
1312,16640683,Jason-Oh,"2026-09-24 12:14:21",2154.8,2,dossantoss
1313,16886856,爱上帝的小熊猫,"2026-09-23 04:30:55",2154.3,2,xuefengxie
1314,16689844,IchikaHoshino,"2026-09-24 12:51:31",2154.1,2,htunkhi
1315,16796937,Alan,"2026-09-24 00:44:47",2153.4,2,amunsentom
1316,16663963,M0h4m3d-Byte,"2026-09-24 12:55:16",2153.4,2,dev3mohamed
1317,16809211,"Aleix López","2026-09-23 10:46:41",2153.2,2,aleixlopez
1318,16621294,dpquoc,"2026-09-24 04:40:59",2152.8,2,dpquoc
1319,16785321,HaoChi,"2026-09-24 03:44:57",2152.8,2,"lishi321,moxi21"
1320,16848396,ColorGram,"2026-09-24 14:41:30",2152.4,2,"colorgram,hagiwarashigechika,himihimi,s1300200"
1321,16660046,"Ikki Katsuyama","2026-09-22 15:47:02",2152.4,2,kacchanwriting
1322,16639705,"Yuta Tomimasu","2026-09-24 01:04:27",2152.4,2,yutatomimasu
1323,16631460,Kosuke.T,"2026-09-23 12:26:46",2152.2,2,kosuke1992
1324,16795853,GaoKui,"2026-09-22 03:21:52",2151.3,2,gaokui
1325,16768650,ifarm,"2026-09-23 08:48:33",2150.4,2,sericsheon
1326,16632304,"Masataka Suzuki","2026-09-23 23:12:47",2149.9,2,masatakasuzuki
1327,16908425,"Tagir Eminov","2026-09-24 14:28:30",2149.6,2,"tagireminov,timmass2"
1328,16791369,dataix,"2026-09-22 08:13:10",2149.4,2,codymachody
1329,16661708,"Stanley Honkpehedji","2026-09-24 06:03:20",2149.3,2,stanleyhonkpehedji
1330,16671588,"Keisuke & rererenore & Kifine","2026-09-24 15:08:28",2149.1,2,"keisukeueda,liaoyingxi,rererenore"
1331,16932335,"Dom Bavuso","2026-09-24 00:24:43",2148.9,2,dombavuso
1332,16668532,"Nir Aberman","2026-09-24 06:32:20",2148.3,2,niraberman
1333,16947057,jfhjfgjhfj,"2026-09-24 11:56:33",2148.3,2,jigsawpuzzle
1334,16762289,NineThree,"2026-09-24 12:20:47",2148.1,2,xiaoazuzong
1335,16660395,ljx59141421,"2026-09-22 13:47:32",2148.0,2,ljx59141421
1336,16842093,aether74,"2026-09-24 02:23:54",2147.4,2,aether74
1337,16656011,"Jiashun Tan","2026-09-24 01:40:53",2147.2,2,jiashuntan
1338,16803032,"varshitha kolupuri","2026-09-22 09:21:04",2147.1,2,varshithakolupuri
1339,16664239,VK_Kaggriculture..StartCompet,"2026-09-24 13:28:59",2145.6,2,venkatkumar001
1340,16776793,"Guilherme Raiuga","2026-09-24 14:12:43",2145.0,2,guilhermeraiuga
1341,16680690,MYOUCER,"2026-09-24 01:40:19",2145.0,2,myoucer
1342,16740161,r2singh,"2026-09-24 14:18:27",2144.2,2,ratnaraj
1343,16730578,BostonKaggle,"2026-09-24 15:48:15",2143.3,2,"isthereanycode,lynnkim0"
1344,16639263,Yam,"2026-09-24 14:52:29",2143.2,2,minyam
1345,16719451,"Syed Toubur","2026-09-23 07:12:40",2142.9,2,syedtoubur
1346,16775686,"Max Podd","2026-09-24 12:27:54",2142.9,2,maxpodd
1347,16854552,ShionMatsuoka,"2026-09-24 14:24:48",2142.0,2,shionmatsuoka
1348,16889597," Master Bob111","2026-09-23 04:32:14",2140.8,2,masterbob111
1349,16718480,PLReddy23,"2026-09-21 22:57:40",2140.7,2,plreddy23
1350,16707547,Lin,"2026-09-24 07:52:17",2140.4,2,linjianrong
1351,16781166,Ant,"2026-09-24 14:21:01",2139.9,2,anthonytrevino
1352,16778178,kyosan,"2026-09-23 07:48:18",2139.6,2,"azizbekxasanov,dilyorbek"
1353,16741113,kaitle,"2026-09-24 04:39:00",2139.6,2,kaitle
1354,16858986,kam,"2026-09-24 07:21:27",2139.5,2,kotakambayashi
1355,16664487,houlidai-jiekiulai,"2026-09-24 09:40:16",2139.1,2,houlidaijiekiulai
1356,16789546,"lsm jii","2026-09-22 04:42:26",2138.8,2,lsmjii
1357,16671607,"Chanhyuk Han","2026-09-23 08:38:04",2138.3,2,chanhyukhan
1358,16634716,Eusebius,"2026-09-21 19:30:14",2137.8,2,protuberanzen2000
1359,16765233,Shun,"2026-09-24 04:56:58",2137.4,2,shunchan0677
1360,16790432,"Field General","2026-09-24 09:34:45",2137.3,2,kevinarvai
1361,16734409,"Yuta Yamazaki","2026-09-24 07:22:04",2136.3,2,yamayuu18
1362,16667020,SCLim2022080004,"2026-09-22 03:18:23",2135.9,2,sclim2022080004
1363,16632245,u,"2026-09-24 12:06:25",2133.4,2,"apostoloskontarinis,curbotron13,halzweiman,josephmcgonaglebrown,shreyanshpoddar"
1364,16623459,"Peng Wang","2026-09-24 15:55:57",2133.4,2,pengwang91
1365,16825002,RAVEN,"2026-09-24 06:05:12",2133.2,2,silverlxt
1366,16933749,ctree4113,"2026-09-24 15:48:39",2133.1,2,yitree
1367,16773448,"Qamar usman","2026-09-23 16:22:20",2132.9,2,qamarmath
1368,16733176,Yakouu,"2026-09-24 15:55:25",2132.9,2,yakouu
1369,16801171,"Asterios Terzis","2026-09-24 07:11:57",2132.7,2,asteriosterzis
1370,16661665,"Leonardo Viola10","2026-09-24 15:10:36",2132.2,2,leonardoviola10
1371,16760990,naren_v,"2026-09-23 18:53:43",2130.2,2,varuthakari
1372,16848297,chacha260,"2026-09-23 02:18:18",2130.1,2,chacha260
1373,16705790,clora,"2026-09-24 14:53:31",2129.8,2,clora16
1374,16700634,"Alperen Söylen","2026-09-24 14:15:45",2127.7,2,alperensylen
1375,16762195,eliasruntime,"2026-09-22 08:21:20",2127.3,2,eliasruntime
1376,16673870,"Yuxiao Wang","2026-09-24 09:49:43",2126.5,2,yuxiaowangx
1377,16798694,물,"2026-09-24 14:13:08",2126.3,2,nintendojoa
1378,16935983,"Anas Zewail","2026-09-22 16:30:50",2126.1,2,anashanyzewail
1379,16880830,Piyorin,"2026-09-23 13:35:18",2125.6,2,mystakhs
1380,16881681,失忆的海_,"2026-09-22 07:53:59",2125.3,2,shiyidehai
1381,16936346,"Han Zhou","2026-09-22 00:51:30",2125.0,2,hanzhou445
1382,16823942,"jiajun chi","2026-09-24 06:33:16",2124.7,2,jiajunchi
1383,16669269,"yash bhaskar","2026-09-24 12:17:39",2124.6,2,yash9439
1384,16682210,Boiled-Sweet-Potato,"2026-09-24 06:16:00",2124.5,2,boiledsweetpotato
1385,16906012,GarbageOoze,"2026-09-24 09:10:48",2124.4,2,"garbageooze,luoruihan12"
1386,16629033,"Igor V","2026-09-24 07:59:28",2124.2,2,rostigor
1387,16806328,"The Fly🪰","2026-09-24 12:24:27",2123.0,2,takamichitoda
1388,16783740,ZiYiMing,"2026-09-24 11:53:34",2122.0,2,"kaibozhou,ziyiming"
1389,16638557,"Araik Tamazian","2026-09-22 06:57:10",2120.6,2,atamazian
1390,16783870,malaxg,"2026-09-23 08:04:19",2120.1,2,guoyixian2
1391,16655796,"dijia zhang735","2026-09-24 15:21:35",2120.1,2,dijiazhang735
1392,16887476,"Memory Engineer","2026-09-21 22:35:33",2119.4,2,salazarslytherin
1393,16863329,"Alvaro Mendizabal","2026-09-24 04:31:28",2118.9,2,alvaromendizabal
1394,16794753,"Yan #2","2026-09-24 11:51:03",2118.6,2,diskya
1395,16919030,"wenzhi liu","2026-09-23 03:25:11",2118.0,2,liuwenzhi
1396,16935319,"Adrian Phillips","2026-09-23 06:52:14",2117.9,2,adrianphillips00
1397,16839427,kooooozh,"2026-09-22 19:04:19",2117.8,2,grigoriykozhemyakin
1398,16696703,Farmer,"2026-09-23 14:53:03",2117.6,2,alekseic
1399,16664132,kojingbo,"2026-09-22 04:09:21",2117.3,2,kojingbo
1400,16855295,zhudong1949,"2026-09-24 15:21:27",2116.8,2,zhudong1949
1401,16886400,Nisshi888880,"2026-09-23 02:45:13",2116.7,2,nisshi888880
1402,16671767,Kaileh57,"2026-09-24 15:27:08",2116.6,2,kaileh57
1403,16682885,风沙星辰,"2026-09-21 20:40:04",2116.0,2,"duoliya,linyeping,sereinovov,wangying2026"
1404,16735794,宗宗没有英文名,"2026-09-24 03:17:37",2116.0,2,iver666
1405,16772808,lucataco,"2026-09-24 13:22:53",2115.9,2,lucataco
1406,16768385,neibyr,"2026-09-21 17:37:47",2115.7,2,neibyr
1407,16778012,俺是耕田哩,"2026-09-24 06:56:35",2115.6,2,tianzhenggao
1408,16802486,SHICHIES,"2026-09-24 13:21:41",2115.5,2,shichies
1409,16887631,"Wills Cui","2026-09-22 05:47:39",2114.8,2,willscui
1410,16655150,"Benjamin H Pepper","2026-09-24 11:34:27",2114.2,2,bhpepper
1411,16728492,ほのぼの牧場,"2026-09-24 13:51:39",2113.3,2,masatoshitaniguchi
1412,16655567,Heisnotanimposter,"2026-09-22 04:52:39",2112.7,2,test013
1413,16761293,cha7ura,"2026-09-24 08:45:11",2112.6,2,cha7ura
1414,16784691,"Here i come","2026-09-24 14:22:20",2112.3,2,emrekuruba
1415,16768143,KingDellaFarm,"2026-09-23 17:55:42",2112.1,2,"alessandrodestasi,disteroas"
1416,16762926,"Ricky RTG","2026-09-24 02:48:42",2111.9,2,rickyrtg
1417,16929642,"lyre lin","2026-09-24 15:51:07",2111.8,2,lyrelingg
1418,16909485,SatoGo,"2026-09-24 12:23:50",2111.5,2,satogo
1419,16765834,Oakzen,"2026-09-24 11:49:54",2111.3,2,gyx517120273
1420,16655789,"wen chong yu","2026-09-24 13:02:42",2111.1,2,wenchongyu
1421,16621163,john,"2026-09-24 15:37:34",2110.8,2,jaejohn
1422,16855992,"Vanshika #2","2026-09-22 05:15:19",2110.6,2,crystalbaby
1423,16723967,dk2lone,"2026-09-22 00:40:18",2108.4,2,dk2lone
1424,16931056,zhangsan1224789,"2026-09-23 14:05:54",2108.4,2,zhangsan1224789
1425,16861768,koala_bear,"2026-09-23 14:30:20",2107.7,2,jpkoalabear
1426,16905426,futabato,"2026-09-24 12:09:32",2107.5,2,futabato
1427,16749257,rsraki,"2026-09-24 13:16:39",2107.3,2,rsraki
1428,16647324,GG-bond,"2026-09-24 09:36:10",2106.8,2,wyhwyh123
1429,16759037,Yuyannnn,"2026-09-24 14:30:49",2106.4,2,yuyannnn
1430,16654076,"Son Pham","2026-09-23 13:18:01",2106.0,2,sonphamorg
1431,16806219,"Yiwei Pu","2026-09-22 01:59:54",2105.9,2,"lvyihan1210,raven20010261,yiweipu"
1432,16763505,"Sai Reddy Pothireddy","2026-09-23 08:15:25",2105.7,2,saireddypothireddy
1433,16887107,"Crazy Spirits","2026-09-21 00:08:43",2105.6,2,latents
1434,16786357,guoyihui,"2026-09-23 06:12:19",2105.5,2,guoyihui
1435,16664573,AdhithyaRokhith,"2026-09-23 16:17:54",2105.2,2,adhithyarokhith
1436,16657277,"Dude and Destroy","2026-09-24 03:39:44",2105.0,2,raymondbrookman
1437,16721248,"Raef Guizani","2026-09-22 08:25:43",2103.4,2,raefguizani
1438,16710140,Lynxx,"2026-09-24 14:46:44",2103.4,2,lynnsakurai
1439,16658909,"evolve faster!","2026-09-24 05:54:05",2102.9,2,junesdata
1440,16758905,"Iwa Iwa","2026-09-22 21:17:35",2102.7,2,iwaiwa
1441,16919139,SynthReaper,"2026-09-21 19:58:21",2102.7,2,synthreaper
1442,16843082,"Mohmed Hafez","2026-09-23 12:34:12",2102.0,2,mohmedatya
1443,16730719,Xiaowenhao404,"2026-09-24 15:43:22",2100.4,2,xiaowenhao404
1444,16765668,shun_johnny,"2026-09-20 16:26:43",2100.2,2,shunjohnny
1445,16681986,"Chirantan Bhardwaj","2026-09-24 13:04:52",2100.0,2,chirantanbhardwaj
1446,16625219,MJVinay,"2026-09-23 19:39:44",2098.8,2,mallajayanthvinay
1447,16885735,keith,"2026-09-23 13:21:25",2098.7,2,kamatt
1448,16623897,satoooh,"2026-09-22 07:30:07",2097.7,2,satoooh
1449,16917715,Jacker_Du,"2026-09-24 02:28:54",2096.7,2,"jackerdu,pinjiewang,sunjiadong12,sunruiwang"
1450,16876853,PUN,"2026-09-23 19:49:33",2096.2,2,pshikk
1451,16697266,"Top 1 🏆","2026-09-24 09:22:59",2096.1,2,"fahankaudeer,solirus,syntaxprnv,udhaykumarsujeebun"
1452,16639971,"qi yun","2026-09-24 15:26:35",2096.0,2,qiyun280
1453,16741500,weichy7,"2026-09-24 02:00:37",2095.7,2,weichy7
1454,16654841,"ABHIRUP DAS","2026-09-22 16:25:05",2095.6,2,abhirupdas10
1455,16675873,"Zhu Liang","2026-09-24 06:15:48",2095.5,2,paradite
1456,16938244,"Yeashu Semwal","2026-09-24 03:55:05",2094.9,2,yeashusemwal
1457,16673336,honjousetuna,"2026-09-23 04:30:36",2094.8,2,honjousetuna
1458,16867120,"DaoHe Liu","2026-09-23 02:34:35",2094.8,2,daoheliu
1459,16927137,"Hibachi Fried Rice","2026-09-23 18:54:58",2093.9,2,samvalladares
1460,16838956,"Michael Brown","2026-09-23 06:14:16",2093.6,2,michaelbrown4343
1461,16755229,theearthcheng,"2026-09-22 02:20:25",2092.9,2,theearthcheng
1462,16653093,"willam wu","2026-09-23 07:14:24",2092.5,2,biaaib
1463,16841335,abondrn,"2026-09-24 06:54:04",2091.9,2,abondrn
1464,16730045,渡邊征央,"2026-09-24 13:57:21",2091.5,2,undertaker3409
1465,16765327,master_ssx,"2026-09-22 03:19:56",2091.2,2,masterssx
1466,16743647,bono,"2026-09-24 08:14:02",2091.2,2,kjoonha
1467,16900489,Machine_e1,"2026-09-22 13:01:47",2091.1,2,"arcanee1,machinee1,mymilk"
1468,16712560,"Max vrstpan1","2026-09-21 04:36:26",2090.2,2,wdjy123456
1469,16632867,"Rayk Kretzschmar","2026-09-24 13:02:26",2090.2,2,raykkretzschmar
1470,16796370,Z-A,"2026-09-24 07:13:44",2089.4,2,"dfgtde,yuyizhu"
1471,16657775,"Raagav & Pieter","2026-09-23 18:58:18",2088.7,2,"peetapit,raagavanand"
1472,16772678,SuppliLion,"2026-09-21 23:06:52",2088.4,2,supplilion
1473,16863383,HanFish,"2026-09-24 11:32:18",2087.9,2,hananfish
1474,16790005,"Rohit Kumar Sahoo","2026-09-23 07:57:47",2086.7,2,rohit4118
1475,16809323,"Naoki Yamada","2026-09-23 14:17:01",2086.2,1,naokiyamada1106
1476,16682753,"Cam-Luan Truong","2026-09-22 11:11:54",2085.8,2,luantruong
1477,16848970,massi0411,"2026-09-24 08:35:37",2085.4,2,massi0411
1478,16792586,dodoshark,"2026-09-21 16:20:40",2085.3,2,dodoshark
1479,16683808,RuggedBones,"2026-09-22 17:38:06",2084.5,2,ruggedbones
1480,16749061,"Wang H2O","2026-09-23 03:58:50",2083.9,2,wangh2o
1481,16621500,"Reinforcement Larping","2026-09-24 07:17:06",2083.4,2,"egortkachenko,timzagrebelny"
1482,16722705,我的AI是豆包,"2026-09-24 05:33:34",2083.4,2,"carrotliang,haoxuanjng,kaoqiangzhang,rainhuang0220"
1483,16890988,"Aleksandrov Andrey Alekseevich","2026-09-24 13:47:09",2083.3,2,abbeleve
1484,16732746,MSG_Encrypted,"2026-09-21 22:00:03",2083.2,2,msghais
1485,16661073,PyJa,"2026-09-21 22:26:27",2083.0,2,pixiux
1486,16623530,khursani,"2026-09-22 02:26:34",2082.2,2,khursani8
1487,16692845,"Yassine Ben Zekri","2026-09-22 21:24:39",2082.0,2,yassinebenzekri
1488,16623399,Kendamarron,"2026-09-21 07:06:28",2081.5,2,kazuhirokuriyama
1489,16822602,haru0707,"2026-09-20 10:06:04",2080.5,2,"haru0707,kiduna"
1490,16822519,Lunospital,"2026-09-22 04:47:48",2080.4,2,lunospital
1491,16668056,"Quantum Farm","2026-09-21 16:05:52",2079.6,2,"anselem7,divineokwueze,nnanyereuzoma"
1492,16862155,"Kydyrbek Kozykorpesh","2026-09-22 01:42:23",2078.9,2,kozykappa
1493,16838362,"Yixuan Yang","2026-09-21 18:31:24",2078.6,2,easoney
1494,16752082,"Tian hao Qing Nano7ko","2026-09-24 08:44:08",2078.1,2,tianhaoqingnano7ko
1495,16883863,qhapaq49,"2026-09-24 05:46:37",2077.8,2,qhapaq49
1496,16843838,"Alapati Ramakrishna","2026-09-24 07:29:43",2077.7,2,alapatiramakrishna
1497,16784416,tatt:)ch,"2026-09-24 14:57:52",2076.9,2,"awewrasdffetfe,jay051012,tattch,yjy10086"
1498,16758381,"Yang Kuang Ou","2026-09-22 01:18:30",2076.7,2,yangkuangou
1499,16880694,yuxian6666,"2026-09-23 13:00:16",2076.7,2,yuxian6666
1500,16893006,"Duvor Richard","2026-09-24 02:33:16",2075.5,2,duvorrichard
1501,16779388,"Mohammad Alnajdawi","2026-09-23 11:40:29",2074.4,2,mohammadalnajdawi
1502,16807538,Asterope,"2026-09-23 08:04:06",2072.9,2,jianlee0
1503,16731966,ねねね,"2026-09-23 09:50:16",2072.8,2,napier1550
1504,16848992,"Lee Shit Hoo","2026-09-23 11:19:47",2072.5,2,leeshithoo
1505,16664392,AdamHsieh,"2026-09-24 02:51:37",2072.3,2,adamhsieh
1506,16882746,yuiop!,"2026-09-24 13:28:44",2072.1,2,yuiopy
1507,16674839,"hongqian miao","2026-09-20 14:22:50",2071.6,2,hongqianmiao
1508,16728571,hasibirok0,"2026-09-24 11:37:11",2071.0,2,hasibirok0
1509,16723955,chunsuri,"2026-09-24 13:55:17",2071.0,2,chunsuri
1510,16766498,HNUST,"2026-09-22 03:12:58",2070.9,2,"aloemoon,castianhans"
1511,16644530,"Busya PRIME","2026-09-21 11:20:07",2070.4,2,busyaprime
1512,16701024,pig7selene,"2026-09-24 15:47:00",2069.8,2,"ejlthomas,gaoeeee"
1513,16682843,underline12311,"2026-09-23 04:27:15",2069.4,2,underline12311
1514,16669935,"Roman Svet","2026-09-24 15:31:00",2069.0,2,romansvet
1515,16732530,可抽奖的冰棒,"2026-09-24 04:54:05",2068.6,2,daniel1547
1516,16668262,spbforce,"2026-09-24 01:48:03",2068.6,2,spbforce
1517,16794527,linyifangzhenshuai,"2026-09-24 07:14:26",2068.5,2,linyifangzhenshuai
1518,16859316,LP,"2026-09-22 02:09:53",2068.0,2,lihu6666
1519,16870247,mxt1022,"2026-09-22 04:37:53",2067.7,2,unlome
1520,16779598,RiverStead,"2026-09-24 14:28:38",2067.6,2,riverstead
1521,16849330,"Ian Wang","2026-09-23 12:15:26",2067.4,2,ianwang1204
1522,16692185,"Xu Suyi","2026-09-24 11:16:50",2067.4,2,xuyuhaosuyi
1523,16912574,好运连连,"2026-09-23 10:46:09",2067.1,2,"jiangxinyuan616,xiaoranx,xigemalyk"
1524,16934931,erica,"2026-09-23 21:40:27",2066.8,1,duanyong049
1525,16789561,"Rohan Kishibe","2026-09-22 14:43:18",2066.5,2,anbianluban1
1526,16884467,jiangnanxn,"2026-09-23 18:43:49",2065.1,2,jiangnanxn
1527,16796241,"pavan rajr","2026-09-24 15:33:56",2065.0,2,pavanrajr
1528,16679393,"Anvith Pothula","2026-09-23 20:56:53",2064.9,2,anvithpothula
1529,16668227,Yusuraume,"2026-09-24 12:49:36",2064.9,2,sugitatomohiko
1530,16793895,"Moh Notif","2026-09-23 20:47:13",2063.7,2,mohnotif
1531,16823116,一路向北,"2026-09-24 04:57:58",2063.2,2,chronoscop
1532,16653927,"Fernando GH H","2026-09-24 14:51:37",2062.9,2,fernandoghh2
1533,16931054,"Asakusa Agricultural Co., Ltd","2026-09-24 05:23:08",2062.7,2,daeyoungahn
1534,16669256,Shivam_2212,"2026-09-24 03:44:54",2062.7,2,shivam2212
1535,16640394,"MOHAMMADJAFAR ZAMANI","2026-09-24 14:14:25",2062.6,2,mohammadjafarzamani
1536,16658677,大山,"2026-09-24 02:51:50",2062.4,2,mapodoufu
1537,16673881,"Sebastian Johansson","2026-09-24 15:36:56",2062.4,2,sebbejohansson
1538,16777767,"Miyanogawa Yuya","2026-09-23 07:08:23",2062.0,2,veritalogos
1539,16691038,"animal crossing","2026-09-20 02:26:02",2060.9,2,hoonchoonc
1540,16655632,"Dmitry Kozlov","2026-09-22 05:26:12",2060.9,2,dkozlov
1541,16647438,"Aderian Setiawan","2026-09-24 14:07:06",2060.1,2,aderiannovito
1542,16663603,xsong2020,"2026-09-22 23:37:28",2060.1,2,xstargate
1543,16741672,张菠,"2026-09-22 03:23:37",2059.7,2,ysqdababa
1544,16841190,dp23334,"2026-09-22 10:42:21",2059.0,2,dp23334
1545,16919599,yygg2026,"2026-09-24 02:57:47",2058.8,2,yygg2026
1546,16681116,Kagamihara,"2026-09-24 09:17:36",2058.0,2,kagamihara
1547,16941692,twotodevnull,"2026-09-24 15:14:32",2057.8,2,twotodevnull
1548,16663999,"Colton Martin","2026-09-22 22:02:15",2057.5,2,coltonmartinnn
1549,16660485,tablecables,"2026-09-24 03:00:26",2057.1,2,colingaffney1
1550,16729130,KoshinM,"2026-09-23 05:01:43",2057.1,2,koshinm
1551,16633341,Hak,"2026-09-21 21:45:05",2056.7,2,hakdevelopment
1552,16638804,"Anhad Mahajan","2026-09-24 10:43:20",2056.4,2,anhadmahajan06
1553,16672033,"Mohan Prasath P","2026-09-21 13:48:43",2055.1,2,mohanprasath21
1554,16714457,"Crop Dustas","2026-09-24 16:00:32",2054.9,2,"peikopon,rishigottumukkala"
1555,16943033,BobChuckyJoe,"2026-09-24 05:07:19",2054.1,2,bobchuckyjoe
1556,16881512,"Asem Adnan","2026-09-24 10:30:05",2054.0,2,asemadnan
1557,16758556,bpbpbpbpb,"2026-09-24 15:40:41",2053.5,2,bpbpbpbpb
1558,16922832,"Zhang Feifan","2026-09-23 15:26:18",2052.8,2,zhangfeifan
1559,16662176,"jorge fabian avila","2026-09-23 22:20:02",2049.5,2,jorgefabianavila
1560,16848633,umizora,"2026-09-23 13:37:53",2048.0,2,yoiisohira
1561,16797543,Tarang222,"2026-09-21 03:38:32",2047.4,2,tarang222
1562,16789990,SA,"2026-09-24 09:11:10",2046.8,2,soheiarisaka
1563,16862614,"Andrew Bunn","2026-09-22 00:14:18",2046.8,2,andrewbunn
1564,16762019,yukino,"2026-09-23 16:14:23",2046.5,2,"jifengjianhao666,mqingcs"
1565,16936749,statma,"2026-09-24 13:14:15",2046.3,2,"fractalbyte,marshjff,statma,valqeth"
1566,16748941,"We Forgot To Water","2026-09-24 12:31:35",2046.3,2,"dearkarl,shuangxue"
1567,16626093,"Pilkwang Kim","2026-09-23 21:06:56",2046.2,2,pilkwang
1568,16843042,"Frost Cerberus","2026-09-22 07:23:44",2045.9,2,frostcerberus
1569,16779451,kibuna,"2026-09-23 12:31:08",2044.1,2,kibuna
1570,16764386,Troy_xx,"2026-09-21 11:21:37",2044.0,2,troyxx
1571,16712134,cf696666,"2026-09-24 15:00:12",2043.8,2,cf33333
1572,16632113,"Any Things","2026-09-23 09:29:17",2042.6,2,anythingsj3fare767
1573,16657229,"Adam Plow","2026-09-22 09:40:21",2041.8,2,lizhiiii
1574,16942875,Vikram,"2026-09-24 03:42:14",2041.3,2,vikramreddy2001
1575,16682867,sneaky6767,"2026-09-24 08:31:20",2041.2,2,sneaky6767
1576,16935813,MINGHUN,"2026-09-24 09:45:12",2039.3,2,"aiwuhui,jiyuhao1213"
1577,16842828,"Smiley Flour","2026-09-24 15:28:51",2037.2,2,"ddlinh212,nguyenvlm"
1578,16662121,One-For-All,"2026-09-21 14:51:54",2035.6,2,"akankshatiwari2803,indarkarhana"
1579,16679389,"JOMIN URK21CS1077","2026-09-24 08:42:45",2035.4,2,jominurk21cs1077
1580,16759058,Miz,"2026-09-23 11:22:01",2035.2,2,ryota040
1581,16670210,"Ali Alghaithi","2026-09-24 05:11:42",2034.8,2,alioman
1582,16762101,"Kazama Yusuke","2026-09-24 09:26:42",2034.1,2,kazamayusuke
1583,16692895,Manuf,"2026-09-23 06:47:18",2033.4,2,manuelferromorales
1584,16656399,CROW,"2026-09-24 15:41:05",2033.3,2,"aaayangxh,hanifnoerrofiq"
1585,16880792,dre,"2026-09-22 17:25:08",2033.3,2,ahmedelfazouan
1586,16635818,F.A.Nina,"2026-09-23 14:58:35",2032.8,2,nina2025
1587,16734715,史永刚,"2026-09-24 01:58:08",2032.6,2,shizehao
1588,16898651,Kitsune0o,"2026-09-24 13:29:44",2032.4,2,theodaimones888
1589,16727103,sword3522,"2026-09-24 15:46:26",2031.9,2,"qinyanqiu,sword3522"
1590,16729192,1m0ke,"2026-09-24 03:06:22",2028.9,2,smokelate
1591,16746395,Levin,"2026-09-21 05:17:25",2028.5,2,"sophiexs,zhengliwen"
1592,16921670,giyogoioが相手の農地を燃やします,"2026-09-23 17:30:47",2027.7,2,"giyogoiohlrlqll,k256net"
1593,16858087,"Mohd Aasim Ansari","2026-09-21 07:35:49",2027.5,2,aasim2003
1594,16642128,"MAC SAHO","2026-09-22 12:13:10",2027.1,2,macsaho
1595,16778656,Aacceeo,"2026-09-24 14:30:49",2027.0,2,aacceeo
1596,16847478,tokitamago,"2026-09-24 13:04:16",2026.2,2,tokitamago
1597,16840550,henriquejsza,"2026-09-21 05:07:28",2026.2,2,henriquejsza
1598,16717536,c0nrad,"2026-09-23 23:17:01",2025.8,2,stuartlarsen
1599,16772723,"Zhou Haonan","2026-09-21 13:37:50",2025.4,2,hatsuseizuna
1600,16658203,Lan_Sky,"2026-09-24 08:05:48",2024.9,2,lansky6
1601,16725856,"Abhi Datta","2026-09-23 12:26:24",2023.7,2,abhidatta87
1602,16623805,"Howon Kang","2026-09-24 09:08:57",2023.6,2,howonkang
1603,16790765,Aristotle.Chen,"2026-09-24 08:49:27",2023.5,2,aristotlechen
1604,16674312,yuxuan,"2026-09-21 15:17:37",2023.4,2,yuxuan1221
1605,16842482,Litvin,"2026-09-24 15:52:45",2022.4,2,wodo888
1606,16879253,Bldr2,"2026-09-24 07:52:30",2022.1,2,alphalin2010
1607,16718033,TheMightiestMan,"2026-09-24 14:46:38",2021.9,2,themightiestman
1608,16784420,renyxin,"2026-09-24 09:39:46",2021.7,2,renyxin
1609,16635969,"Omkar Kadam","2026-09-21 15:36:09",2021.3,2,"itzzomkar,khanayanayub,princypaonam"
1610,16741178,guruguru000,"2026-09-21 13:29:41",2020.5,2,guruguru000
1611,16779110,markastra,"2026-09-22 22:25:11",2020.0,2,markastra
1612,16852141,"Zhou Hengyu","2026-09-24 07:22:56",2019.9,2,zhouhengyuu
1613,16792568,李秉叡（ntumlnoob）,"2026-09-24 10:44:14",2019.6,2,ntumlnoob
1614,16629787,FlameZywoo,"2026-09-24 01:55:15",2018.7,2,zgdllt
1615,16928466,"Diogenes's cask","2026-09-24 10:56:29",2017.9,2,diogenesscask
1616,16904732,Weifenhuan,"2026-09-23 15:13:27",2017.4,2,schwa6
1617,16929850,"XINGYUAN  ZHOU","2026-09-22 14:12:26",2016.6,2,n05199
1618,16642139,"Arnav Goel","2026-09-21 18:15:56",2016.5,2,arnavgoel17
1619,16745419,elren,"2026-09-21 15:48:47",2016.1,2,elrensmin
1620,16740419,IamDiganta.7,"2026-09-24 01:21:47",2015.9,2,iamdiganta7
1621,16801351,デワンシュ,"2026-09-24 07:29:52",2015.8,2,shade012
1622,16754823,"tiki tiki tiki","2026-09-23 22:48:33",2014.8,2,slangitup
1623,16932743,"Chris Chia","2026-09-22 02:24:46",2014.6,2,cchia3
1624,16690805,"Alejandro Ayestaran","2026-09-24 00:55:13",2013.7,2,alejandroayestaran
1625,16772391,"Jinhan Gao","2026-09-22 19:06:07",2013.5,2,jinhangao
1626,16757034,"Hanxiang Li","2026-09-21 03:43:45",2012.9,2,hanxiangjames
1627,16630331,"Mohamed El-Nageeb","2026-09-22 23:09:22",2012.7,2,thelastsmilodon
1628,16740644,Terence0914,"2026-09-24 02:54:43",2012.1,2,terence0914
1629,16663818,"Mike Mordetsky","2026-09-24 13:20:53",2011.2,2,mikemordetsky
1630,16852728,"Ryuto Yoda","2026-09-20 09:08:44",2011.2,2,ryutoyoda
1631,16808111,"Oliver #2","2026-09-21 10:29:39",2010.6,2,wangzn0410
1632,16640264,DhanaLakshmiMalla,"2026-09-22 20:29:36",2010.5,2,dhanalakshmimalla
1633,16659730,"Zhang Yingluo","2026-09-22 14:08:04",2010.4,2,zhangyingluo
1634,16730015,suzu10,"2026-09-24 12:57:57",2010.2,2,suzu10
1635,16927521,wadia,"2026-09-24 05:18:12",2009.9,2,"sihuanian777,yeshawang"
1636,16904867,wahaka,"2026-09-21 03:56:15",2009.6,2,wahaka
1637,16847706,takumina,"2026-09-23 22:03:25",2008.4,2,takuminakamatsu
1638,16770785,Brahim,"2026-09-21 11:26:46",2008.0,2,brahimdriss
1639,16622482,"Veniamin Nelin","2026-09-21 10:44:20",2007.7,2,veniaminnelin
1640,16657094,irynavs,"2026-09-23 14:18:45",2007.1,2,irynavs
1641,16888254,CaliforniaDog,"2026-09-24 04:55:58",2006.5,2,californiadog
1642,16654669,"Jordi Corbilla","2026-09-23 20:10:47",2005.9,2,jordicorbilla
1643,16623463,porply,"2026-09-21 13:32:47",2005.1,2,porply
1644,16775076,hiros,"2026-09-24 13:44:59",2005.0,2,hiroshige1
1645,16673303,"Samuel Sundararaman ","2026-09-23 21:19:39",2004.1,2,neopok919
1646,16767709,"Mike Anderson","2026-09-24 13:51:50",2003.5,2,manderson240
1647,16655758,patience,"2026-09-22 14:48:16",2002.7,2,"weirdocurry,wenjunkai124"
1648,16730854,src,"2026-09-24 05:48:08",2002.7,2,skthtu
1649,16777710,"Clement Lau","2026-09-24 12:59:16",2001.4,2,clementlau
1650,16746632,tingyu516,"2026-09-21 09:08:24",2001.4,2,tingyu516
1651,16891740,quwon_000,"2026-09-24 14:58:55",2001.2,2,quwon000
1652,16941364,anto,"2026-09-24 16:08:54",2000.7,2,"yeohzhonghanervin,yueyaozzz"
1653,16878968,"Dale Zhong","2026-09-24 09:15:02",1999.7,2,dalezhong
1654,16624276,MKGA,"2026-09-23 04:21:32",1999.6,2,"horizen12,zejunfool"
1655,16941779,"Michael Jordan","2026-09-24 07:34:04",1999.5,2,m1chaeljordan
1656,16723620,3정훈,"2026-09-24 13:38:43",1998.4,2,az05192000gmailcom
1657,16935893,lixusb,"2026-09-21 11:31:19",1997.8,2,lixusb
1658,16934847,yuuri,"2026-09-24 14:59:26",1997.5,2,yuuuuuuuuri
1659,16939190,夏絵,"2026-09-24 12:26:54",1997.4,2,natsue
1660,16806195,unreal,"2026-09-22 00:08:40",1996.7,2,gauravgs1007
1661,16948431,t.me/anpilovetg,"2026-09-24 14:22:20",1996.4,2,anpilovkirill
1662,16762769,"Jacques Buis","2026-09-22 09:58:09",1995.7,2,jacquesbuis
1663,16747982,"Affriza Wildan Fauzan","2026-09-24 12:35:48",1995.6,2,affrizawildanfauzan
1664,16630274,yutoAb,"2026-09-22 04:48:03",1995.5,2,yutoab
1665,16817923,"Adhiraj Jagtap","2026-09-23 19:44:00",1994.8,2,adhirajjagtap
1666,16802867,matcha110,"2026-09-21 15:26:45",1994.1,2,matcha110
1667,16659920,vkhydras,"2026-09-24 14:42:46",1993.2,2,vickimar
1668,16752444,zama,"2026-09-21 06:56:28",1992.1,2,zamami
1669,16932991,"Gabriel Stoms","2026-09-22 15:15:38",1992.1,2,gabrielstoms
1670,16857607,inny,"2026-09-23 04:12:13",1992.0,2,innycc
1671,16795134,"jiawei li","2026-09-21 13:10:30",1991.5,2,jiaweiaaa
1672,16770282,colt,"2026-09-21 17:56:20",1990.9,2,"logicalgenius1,mindmaniac,mindpioneer,thinkinglogic2,xiaomaguo"
1673,16838560,Aphrodite,"2026-09-24 05:04:21",1990.7,2,aphrodite874
1674,16641536,"Michael Timbs","2026-09-24 12:33:04",1990.1,2,michaeltimbs
1675,16732878,modelcollapse,"2026-09-21 10:09:15",1990.0,2,modelcollapse
1676,16823938,InSociEUP,"2026-09-24 14:38:59",1989.7,2,santanubanerjee9
1677,16673013,TTT,"2026-09-23 08:59:54",1989.5,2,tadahiroasami
1678,16776738,"Kundan Bhaskar","2026-09-24 05:18:11",1988.1,2,kundan007
1679,16743055,栗ご飯,"2026-09-23 00:04:52",1987.8,2,criticalpath1903
1680,16793287,"Kim Jinseo","2026-09-21 13:26:31",1987.8,2,kimjinseo1
1681,16895472,codeWS,"2026-09-24 04:07:22",1986.2,2,codews
1682,16897821,bjthomas,"2026-09-20 17:39:05",1986.1,2,bjthomas
1683,16644690,Dubnium,"2026-09-24 12:37:26",1985.3,2,ahmetyasin1
1684,16740659,haodou092,"2026-09-24 09:18:35",1984.4,2,haodou092
1685,16842194,threnox,"2026-09-23 14:17:29",1983.3,2,threnox
1686,16857491,cherish_zhang,"2026-09-23 07:18:03",1983.0,2,cherishzhang
1687,16946853,"BAHUMANYA R G","2026-09-24 08:10:10",1982.9,2,bahumanyarg
1688,16661533,wangyuou,"2026-09-21 06:49:13",1982.5,2,wangyuou
1689,16937431,ekkkcz,"2026-09-24 15:41:27",1982.2,2,ekkkcz
1690,16731839,mamematcha,"2026-09-21 08:38:30",1982.2,2,mamematcha
1691,16655631,"Djamila Benchikh","2026-09-23 17:04:45",1982.2,2,djamilabenchikh
1692,16662910,"shoryakumar mishra","2026-09-24 06:34:37",1981.4,2,shoryakumarmishra
1693,16660601,"Rabbiya affan","2026-09-24 11:22:23",1981.1,2,rabbiyaaffan
1694,16671412,Xman,"2026-09-24 15:19:07",1981.1,2,xuanzhang001
1695,16671376,Lebxgue.,"2026-09-24 10:58:38",1980.8,2,yukieja
1696,16795086,Leroll,"2026-09-20 15:54:30",1980.6,2,leroll
1697,16693488,HarvestZero,"2026-09-23 07:28:03",1980.5,2,bernardboatey
1698,16934170,"Krish Shah","2026-09-23 05:49:34",1978.7,2,krshs90
1699,16623450,S.Aoki,"2026-09-21 04:27:13",1978.6,2,soyaoki
1700,16808526,iheng88,"2026-09-24 08:37:42",1978.0,2,iheng88
1701,16631536,kglctf,"2026-09-24 10:45:25",1976.8,2,kglctf
1702,16623524,"Marcus Vinicius","2026-09-24 11:14:28",1976.8,2,marcux777
1703,16658109,edward1503,"2026-09-21 09:31:07",1976.7,2,nguynnc
1704,16854074,yudai_000111,"2026-09-24 12:02:57",1976.2,2,yudai000111
1705,16660215,"YoungDSML [dsml.kz]","2026-09-21 05:22:59",1976.0,2,"mazgas,nurikw3"
1706,16806840,"Tavuk Master","2026-09-21 09:52:18",1974.9,2,mkrimenurgm
1707,16744983,Gappy,"2026-09-21 12:02:19",1973.4,2,takahirohigasa
1708,16862096,"Saksham Gupta","2026-09-21 14:16:36",1972.1,2,mashug
1709,16930569,MarqueeMoon19770208,"2026-09-24 10:15:15",1972.1,2,marqueemoon19770208
1710,16771623,kekuru,"2026-09-20 17:40:46",1971.8,2,soyaishihara
1711,16678370,Wangles,"2026-09-22 11:10:59",1971.7,2,wangles
1712,16827224,"[HSE Lyceum ML] zaepupno","2026-09-23 19:40:57",1971.4,2,daniilgoryushin
1713,16931481,"Дмитрий Томилов","2026-09-22 02:12:22",1971.1,2,floyed
1714,16749079,mraz1006,"2026-09-21 05:41:40",1970.6,2,mraz1006
1715,16657657,ArnabKarmakar,"2026-09-22 00:05:12",1970.4,2,arnabkarmakar
1716,16760241,"Collin Christensen","2026-09-21 18:10:12",1969.9,2,cchristens
1717,16641169,boatlee,"2026-09-20 09:49:47",1969.2,2,boatlee
1718,16732051,Jeryos,"2026-09-24 13:37:49",1969.0,2,joulskaf
1719,16806018,トゲアリトゲナシトゲトゲ,"2026-09-24 01:06:22",1968.4,2,togearitogenasi
1720,16713797,CrazyDave111,"2026-09-21 11:53:52",1967.8,2,crazydave111
1721,16756062,"Thomas #2","2026-09-22 17:48:58",1966.9,2,tommurakami
1722,16845531,"Suzuki Yuto - W","2026-09-24 06:15:04",1966.7,2,hoshinoyumemi
1723,16804757,MAT,"2026-09-24 07:48:51",1966.6,2,mehmetanltays
1724,16935420,"zicong pan","2026-09-24 09:34:45",1965.4,2,zicongpan
1725,16768100,Nathael,"2026-09-21 00:41:59",1965.3,2,nathaeldias
1726,16661702,"Chattso-GPT (Yasuhito Yanagisawa)","2026-09-21 01:08:51",1965.0,2,yasuhitoyanagisawa
1727,16921085,Keerthana,"2026-09-23 16:30:06",1964.7,2,k33rthanaa
1728,16805906,FENGYESHAN,"2026-09-24 11:44:21",1961.2,2,fengyeshan
1729,16632006,"Adwait Tagalpallewar","2026-09-20 11:40:04",1960.9,2,adwaittagalpallewar
1730,16886298,amosokello451,"2026-09-21 13:54:06",1960.5,2,amosokello451
1731,16864870,JR,"2026-09-22 14:20:57",1960.2,2,jurijsruko
1732,16916938,MC1127,"2026-09-24 13:08:50",1959.3,2,mc1127
1733,16717901,"Ahmed Hazem Abdeltawab","2026-09-23 21:31:39",1959.1,2,ahmedhazem23
1734,16766640,watana,"2026-09-24 13:39:25",1958.6,2,yukiwat
1735,16696593,bplyc15,"2026-09-23 15:07:03",1957.4,2,bplyc15
1736,16795844,Azamaro,"2026-09-24 08:46:06",1957.4,2,azamaro
1737,16625214,Malla,"2026-09-21 14:31:15",1956.8,2,mallaphalguni
1738,16718937,62326368,"2026-09-20 20:15:07",1956.5,2,mooniim
1739,16701685,shawloong,"2026-09-21 01:34:53",1956.0,2,shawloong
1740,16761875,"Eugen Nekhai","2026-09-23 13:12:49",1956.0,2,eugennekhai
1741,16643319,Jules,"2026-09-24 10:43:40",1954.8,2,julesvanligtenberg
1742,16937269,"Egg D. Kernel","2026-09-22 01:53:27",1954.6,2,eggdkernel
1743,16725177,misaka12435,"2026-09-24 14:43:35",1954.0,2,misaka12435
1744,16662684,"Harshini Reddy","2026-09-20 20:34:51",1953.4,2,luffyh04
1745,16665077,"Mohit Babel","2026-09-20 20:35:23",1953.3,2,mohitbabel
1746,16657941,"Nick Styles","2026-09-21 08:48:12",1952.9,2,styles
1747,16792109,rogerrogerroger3r,"2026-09-24 09:14:12",1952.7,2,rogerrogerroger3r
1748,16941479,karttikjangid05,"2026-09-24 09:11:14",1952.7,2,karttikjangid05
1749,16747069,l'rug,"2026-09-23 10:02:33",1951.2,2,sdfsfsfsdf
1750,16659540,"Goua Henri","2026-09-24 07:27:58",1949.6,2,gouahenri
1751,16716566,"Junliang Ye","2026-09-24 15:35:57",1949.1,2,junliangye
1752,16749576,heralces,"2026-09-21 15:38:45",1948.9,2,heralces
1753,16670524,"Nat Bel ML Fun","2026-09-20 18:16:27",1948.1,2,natbel4ml
1754,16922907,萤火2018,"2026-09-20 09:48:37",1947.9,2,aiwody
1755,16901894,"Michael Reid","2026-09-23 17:10:41",1947.8,2,michaelreid2025
1756,16651804,"Bocen Li","2026-09-21 07:31:53",1946.6,2,bocenli
1757,16817077,"Dinesh kumar Thiyagarajan","2026-09-20 21:01:23",1945.9,2,dineshkumar0705
1758,16840439,"God Se7en","2026-09-23 16:42:10",1945.7,2,godseven7
1759,16770715,"Vicens Gaitan","2026-09-20 17:06:04",1945.5,2,vicensgaitan
1760,16624047,GUOHAOYANG,"2026-09-21 06:13:29",1944.2,2,pkuszboi
1761,16709492,abozten,"2026-09-24 12:15:33",1944.1,2,abozten
1762,16765601,"Dinesh Makireddy 7389","2026-09-24 11:22:42",1942.1,2,dineshmakireddy7389
1763,16699586,"Linda Liu","2026-09-22 03:43:59",1941.9,2,lpoint
1764,16768239,Oshbocker,"2026-09-20 14:49:36",1940.2,2,oshbocker
1765,16807038,mitsuki,"2026-09-24 10:16:05",1939.8,2,mk00000
1766,16662191,Danieler,"2026-09-22 18:46:56",1939.5,2,danielerufo
1767,16806053,hisatarosu,"2026-09-24 00:42:41",1939.3,2,tomako4390
1768,16810408,"Bohdan Boklah","2026-09-23 17:19:50",1938.5,2,bohdanbb2000
1769,16727110,yemaoye,"2026-09-20 15:26:31",1938.3,2,"luckyappley,yemaoye"
1770,16847609,"Aura Farmers","2026-09-23 21:03:10",1937.7,2,"adriana0022,ayrnpn,shengkaizhu"
1771,16654710,"Ray Brothers","2026-09-22 19:25:11",1937.1,2,"madhurjyaray,vibekodr"
1772,16891115,tkm7510,"2026-09-23 11:32:45",1937.1,2,tkm7510
1773,16646318,TeamNexus,"2026-09-24 14:00:23",1936.7,2,chrisopherjoshy
1774,16927660,abraxas417,"2026-09-20 13:44:26",1935.2,2,abraxas417
1775,16769967,"Bill Fan","2026-09-24 02:04:23",1934.5,2,billfan88
1776,16849780,"Juan Leiva","2026-09-20 14:08:59",1934.1,2,juank333
1777,16899004,Antonoof,"2026-09-20 08:51:31",1934.0,2,antonoof
1778,16860559,"Sara Lark","2026-09-22 02:44:20",1933.9,2,saralark
1779,16752277,YKuma,"2026-09-21 06:49:13",1933.8,2,ykumazaki
1780,16657576,"SUBHASH B","2026-09-22 04:13:12",1932.8,2,"rishikrish1,subhashb21022"
1781,16698661,"Albert Wang","2026-09-21 01:40:02",1932.5,2,mianwang1024
1782,16859034,wayg9odysseus,"2026-09-23 17:13:19",1932.4,2,wayg9odysseus
1783,16688568,Sophie555,"2026-09-23 11:43:07",1931.9,2,sophie555
1784,16653728,"Iswar Patra","2026-09-21 12:32:51",1930.9,2,iswarpatra
1785,16766401,"Gobi Elangovan","2026-09-20 11:00:23",1930.5,2,gobielangovan
1786,16709468,"Andrey Chankin","2026-09-24 11:58:31",1929.8,2,bluepill
1787,16930459,Ela,"2026-09-20 12:04:21",1929.7,1,pentol
1788,16908829,Trafun,"2026-09-23 21:03:27",1928.4,2,alfredoachondo
1789,16770832,"Harish Yadav","2026-09-24 11:57:04",1927.7,2,harishyadav0506
1790,16930465,"Xuanhao Wang","2026-09-20 12:05:45",1925.2,2,xuanhao666
1791,16780062,Kousuke55,"2026-09-20 11:06:08",1924.2,2,kousuke555
1792,16841708,toku,"2026-09-23 15:31:55",1923.4,2,tokurr
1793,16654585,"David Pedersen","2026-09-23 00:00:09",1922.8,2,semalytics
1794,16663403,matthewwh,"2026-09-20 03:47:30",1922.3,2,matthewwh
1795,16730634,Priestess,"2026-09-21 05:34:51",1922.3,2,kalypheus
1796,16865693,Eda,"2026-09-20 11:51:41",1922.1,2,edagram
1797,16809677,"Phong Khổng Hoàng","2026-09-24 02:38:43",1921.8,2,phongkhonghong
1798,16892313,zszdl0530,"2026-09-19 16:32:10",1921.2,2,zszdl0530
1799,16924344,trigo,"2026-09-21 07:41:11",1920.7,2,trigoani
1800,16706227,"Wise Fancy","2026-09-20 10:09:34",1920.0,2,wisefancy
1801,16907973,Mainafly,"2026-09-23 06:07:12",1919.8,2,ishakuyusufmaina
1802,16778627,LXZ538,"2026-09-24 07:27:22",1919.6,2,lxz538
1803,16632493,"oni chan arigato","2026-09-20 10:55:22",1919.4,2,"kindasomethin,nabidnur"
1804,16880278,Kaggria,"2026-09-24 13:10:55",1919.3,2,"andyzhenlee,jiayi2627,mingyuechu,zhaoliangyuan"
1805,16717572,kiyomiya-k,"2026-09-20 11:37:44",1919.2,2,kiyomiyak
1806,16798724,"junfan shen","2026-09-23 08:25:25",1919.1,2,junfanshen
1807,16891396,易思言ysy,"2026-09-17 15:02:45",1918.3,2,ysykevin
1808,16795062,"Satoshi Nguyen","2026-09-20 08:34:55",1918.0,2,satoshinguyenai
1809,16880664,"Nodir Xamdamov","2026-09-24 13:46:39",1917.9,2,nodirxamdamov
1810,16880437,doublek,"2026-09-23 04:41:37",1917.3,2,doublek
1811,16757727,"Sohshi Nakamura","2026-09-23 12:09:49",1917.3,2,sohshinakamura
1812,16904651,chenpengyu603,"2026-09-24 05:41:51",1917.1,2,chenpengyu603
1813,16675344,PP_Azalearn,"2026-09-24 09:57:42",1916.9,2,"androidss,keitookamoto,pptakehirokawada"
1814,16920189,"Son Hoang","2026-09-23 12:57:59",1915.7,2,sonhoang82
1815,16679098,"KIRTAN RUPESHBHAI BHOJANI","2026-09-24 06:02:25",1913.6,2,kitran17
1816,16880773,最强扫地僧,"2026-09-21 05:14:26",1913.2,2,yyx466005036
1817,16751358,Cristiano,"2026-09-20 13:34:35",1912.8,2,zhuangbility
1818,16655190,"Will Rice","2026-09-24 15:00:03",1912.5,2,willrice
1819,16930280,greyhound,"2026-09-23 07:24:56",1911.8,2,tapaskd123
1820,16822002,shiokoh,"2026-09-20 13:10:34",1911.6,2,shiokoh
1821,16948957,KIT0,"2026-09-24 11:45:00",1910.7,2,kit024
1822,16641183,"Team Name Pending","2026-09-20 14:32:46",1910.6,2,"abdaathaillahhadyan,oliverspiby"
1823,16935499,"Smarter Decision🏆","2026-09-23 13:37:52",1910.1,2,yunkuns
1824,16730142,static,"2026-09-20 11:56:45",1909.7,2,huangshunhao
1825,16914801,milkdragon,"2026-09-20 12:35:04",1909.6,2,hhhhhhyc
1826,16663175,Anaconda,"2026-09-24 14:27:06",1908.6,2,anaconda
1827,16918063,"Dante Lok","2026-09-24 15:34:06",1908.0,2,dantelok
1828,16701074,"One Policy to Rule Them All","2026-09-20 17:04:35",1907.9,2,qujiahui
1829,16743528,shfyyds12138,"2026-09-20 02:46:07",1907.9,2,"chrisshi123,junwenzhu1314"
1830,16656432,"CornHub Premium","2026-09-24 13:04:19",1907.9,2,nihilisticneuralnet
1831,16771558,"Vitalie Cervinschi","2026-09-22 15:57:58",1907.2,2,vitaliecervinschi
1832,16669148,"Syed Muhammad Gillani","2026-09-20 23:33:36",1907.0,2,syedmuhammadgillani
1833,16653199,Koba,"2026-09-24 06:01:44",1906.4,2,zone0906
1834,16732055,DASH村,"2026-09-24 11:49:15",1905.8,2,sobameshi
1835,16624969,tf,"2026-09-24 14:25:03",1905.2,2,tfukuhara
1836,16881235,"Konstantin Zorin","2026-09-23 12:11:47",1904.7,2,zokost
1837,16870440,GOSS,"2026-09-23 14:50:01",1904.5,2,gossan
1838,16719123,"Thomas Tschinkel","2026-09-23 02:43:20",1904.3,2,thomastschinkel
1839,16949818,MachineLearner,"2026-09-24 15:25:37",1902.5,2,anesabbad
1840,16746380,JKong,"2026-09-24 00:00:30",1902.1,2,kmt2001
1841,16738503,dddmd,"2026-09-24 15:11:18",1902.1,2,dddmdd
1842,16632735,"No Free Lunch, Only Melons","2026-09-24 14:02:17",1902.0,2,kawaharataishi
1843,16743988,"Akhilesh Vinnakota","2026-09-24 08:51:32",1901.5,2,akhileshvinnakota
1844,16621595,"Farmers From Punjab","2026-09-20 11:23:55",1899.9,2,alisalmanrana
1845,16674919,yukiZ,"2026-09-24 12:11:44",1899.6,2,hideyukizushi
1846,16659103,Arin,"2026-09-24 14:33:50",1898.5,2,skarin
1847,16755328,"yang zhang","2026-09-24 13:49:18",1897.0,2,zhang1221ai
1848,16626732,islet,"2026-09-24 16:03:30",1896.8,2,kojimar
1849,16691512,"Hongxin Su","2026-09-22 12:33:58",1896.6,2,hongxinsu
1850,16716531,tebenia,"2026-09-20 08:51:40",1896.4,2,tebenia
1851,16763761,mkai1981,"2026-09-22 05:43:59",1896.2,2,mkai1981
1852,16668260,"Yangle Ma","2026-09-22 21:00:01",1896.2,2,yanglema
1853,16858228,doubao,"2026-09-20 07:37:46",1895.1,2,"erhankangyan,yuanlili123321"
1854,16853132,masa0219,"2026-09-23 11:05:52",1893.1,2,masa0219
1855,16734498,kazuhiro3381,"2026-09-24 15:14:35",1891.2,2,kazuhiro3381
1856,16805952,hatakazu93,"2026-09-20 23:00:27",1890.5,2,hatakazu93
1857,16714159,Lonnie,"2026-09-22 16:13:10",1890.2,2,lonnieqin
1858,16885090,higuuu,"2026-09-21 04:24:44",1890.1,2,higuuu
1859,16937817,Yuki_ARL,"2026-09-21 17:58:56",1889.5,1,yukiarl
1860,16638651,Emre,"2026-09-24 09:37:22",1886.7,2,emre690
1861,16702754,"Запрети мне брать H100","2026-09-24 10:30:43",1886.5,2,"amocualg,borismatsakov,kirya1,vladimirlovtsov18"
1862,16668123,B0RN2BL0W0UT,"2026-09-19 19:30:24",1886.4,2,kadenmansur
1863,16641884,Blacklions.,"2026-09-24 14:18:24",1885.8,2,"blacklions,llllllc666"
1864,16779067,fishwg,"2026-09-23 10:42:11",1885.6,2,fishwg
1865,16917535,"Edric Zhou","2026-09-21 08:05:07",1885.0,2,edriczhou
1866,16906626,JY,"2026-09-20 13:07:00",1884.9,2,junyihjy
1867,16943490,"green algeria","2026-09-22 19:12:48",1884.8,2,greenalgeria
1868,16634128,ZechHuang,"2026-09-24 13:53:38",1884.6,2,zechhuang
1869,16807108,dongdongunique2,"2026-09-23 22:01:23",1884.5,2,yinzhaoren
1870,16665084,"Wei Han","2026-09-20 06:30:13",1884.2,2,weihan87
1871,16871409,"Aleksandr Isakov","2026-09-24 07:37:46",1884.2,2,aleksandrisakov
1872,16863501,ATC,"2026-09-20 09:24:46",1883.1,2,t6ccc2
1873,16797699,"Dylan Moraes","2026-09-20 10:38:18",1882.8,2,dylanmoraes
1874,16839638,keeplooking,"2026-09-23 19:17:02",1881.9,2,keeplooking
1875,16880558,"Georgi Kanev","2026-09-22 07:40:24",1881.5,2,georgikanev
1876,16778744,"Shunsuke Hayashi","2026-09-23 23:42:17",1881.4,2,shunsukehayashi1993
1877,16879166,NoDash,"2026-09-20 04:20:16",1881.2,2,nodash
1878,16669632,"Kenneth Alonso","2026-09-19 20:27:16",1881.2,2,kennethalonso
1879,16924529,dacheah,"2026-09-24 12:40:10",1880.1,2,dacheah
1880,16713743,oliver,"2026-09-23 17:57:56",1880.1,2,ollibolli
1881,16847096,Jackylw,"2026-09-20 15:53:08",1879.9,2,jackylw
1882,16786517,"Kagdew Valley_HeNU","2026-09-23 09:14:42",1879.5,2,"hongtongyi,hoshiiabc,lizhe125,ypeng1234"
1883,16848850,Lazyman,"2026-09-21 18:42:12",1879.2,2,lazyman
1884,16925409,GEHAOHUA,"2026-09-20 09:31:42",1878.3,2,gshy2028
1885,16749520,"Andrey Tikhomirov","2026-09-23 22:52:46",1876.9,2,andreytikhomirov
1886,16777394,antadam127,"2026-09-19 23:03:20",1876.6,2,antadam127
1887,16797045,"Carl Pang","2026-09-20 01:57:09",1876.5,2,carlpang
1888,16887858,"Oleg Zholobov","2026-09-21 14:06:59",1876.5,2,olegzholobov
1889,16634426,ertu,"2026-09-20 16:42:44",1876.2,2,ozertuu
1890,16926297,brave-心勇-heart,"2026-09-22 10:33:15",1876.2,2,braveheart
1891,16727893,mmwstudy,"2026-09-19 14:33:15",1875.7,2,mmwstudy
1892,16742267,chandora,"2026-09-23 09:37:25",1874.6,2,chandora
1893,16755911,"Paarth Patel","2026-09-20 04:34:50",1874.0,2,martis10
1894,16855857,tchufers,"2026-09-24 13:12:33",1872.5,2,viniciusraupp
1895,16848622,"KUO JEN WEI","2026-09-22 15:53:43",1872.5,2,"kuojenwei,kuyiting"
1896,16658777,"Jiarui (Jerry) Cao","2026-09-20 06:23:25",1872.3,2,jiaruicao7
1897,16762935,"ibr mo sal","2026-09-20 09:50:43",1872.2,2,ibrmosal
1898,16697893,"YWehbe / ADIA Lab","2026-09-24 08:08:00",1871.7,2,youssefwehbe
1899,16916418,Lukas,"2026-09-23 13:02:38",1870.3,2,lukasbuck
1900,16770089,ouga,"2026-09-24 15:54:51",1870.1,2,ouga1shizawa
1901,16724242,"Romash Koirala","2026-09-20 05:08:45",1869.9,2,romashkoirala
1902,16774475,LoveB4Sunrise,"2026-09-24 14:48:32",1869.8,2,demacia1314
1903,16799934,auhulu,"2026-09-20 05:46:15",1869.4,2,auhulu
1904,16779171,Xunden,"2026-09-22 12:52:02",1869.3,2,xunden
1905,16668688,"Nezihe Sözen","2026-09-22 15:27:00",1869.2,2,nezihesozen
1906,16690820,"Alan C52","2026-09-22 15:05:03",1869.1,2,alanc52
1907,16773244,"Yudai Ueno","2026-09-20 01:13:36",1868.8,2,yudaiueno
1908,16871053,Ni123456&,"2026-09-22 01:33:35",1868.8,2,bingdongni
1909,16621075,"Octavi Grau","2026-09-22 16:25:47",1868.6,2,octaviograu
1910,16749251,HawkOsm,"2026-09-23 05:17:19",1867.9,2,hawkosm
1911,16923238,Jaga,"2026-09-19 10:01:43",1867.7,2,skntbass
1912,16630545,"GAURAV PARKHEDKAR","2026-09-22 17:51:26",1867.0,2,gauravparkhedkar
1913,16763230,flg,"2026-09-21 19:41:14",1866.9,2,ferdinandlimburg
1914,16713543,"Rustam Bazarbayev","2026-09-20 07:35:55",1865.4,2,rustambazarbayev
1915,16863974,suteno,"2026-09-20 10:13:34",1864.9,2,sutekikano
1916,16841061,"Artin yzn","2026-09-24 12:37:34",1864.6,2,artinyzn
1917,16896774,EPHEMORIA,"2026-09-24 12:49:29",1864.1,2,ephemoria
1918,16875659,あかつき,"2026-09-20 04:31:55",1864.0,2,akatuki25
1919,16924825,"Steven Feng","2026-09-24 09:46:32",1863.1,2,stevenkaiyi
1920,16678061,"Sushanth Tiruvaipati","2026-09-24 15:19:20",1862.4,2,sushanthtiruvaipati
1921,16843582,isk54_34,"2026-09-20 08:57:52",1861.5,2,isk5434
1922,16905243,ka4869,"2026-09-24 12:17:16",1861.3,2,ka4869
1923,16881005,"Donald Trump","2026-09-22 01:00:34",1861.3,2,"seanmtk,sinfonia8838"
1924,16793452,"Ghazaros Ghazaros","2026-09-24 15:02:07",1860.1,2,ghazarosghazaros
1925,16741096,"Yohanes Lengkong","2026-09-22 18:27:06",1859.7,2,yohanesfc
1926,16927279,santa9150,"2026-09-23 14:46:47",1858.8,2,santa9150
1927,16860164,Ry_Sa,"2026-09-22 13:02:38",1858.1,2,ryqsaq
1928,16677565,"Avish Sinha","2026-09-19 20:31:50",1857.8,2,avish006
1929,16801855,KooDol,"2026-09-22 19:32:13",1857.5,2,koodol
1930,16623812,"SeshuRaju 🧘‍♂️","2026-09-24 09:44:57",1857.1,2,seshurajup
1931,16627799,"navazsh fathi","2026-09-22 15:31:34",1856.6,2,navazshfathi
1932,16811313,Ta_____ko,"2026-09-24 07:55:12",1856.0,2,tako1249
1933,16880296,"CT in CS","2026-09-24 15:07:38",1855.6,2,"anhphamtranminh,nguyenvietdat,nnvietha,toanleducanh"
1934,16849814,"Mr. Architect","2026-09-20 08:06:03",1855.6,2,vietnguyen130593
1935,16668798,"Ayush Shukla","2026-09-21 10:19:42",1854.9,2,ayushivy
1936,16661575,skw1990,"2026-09-20 23:43:37",1853.9,2,skw1990
1937,16926712,lostargon,"2026-09-21 21:44:55",1853.4,2,vadimpryakhin
1938,16919647,moo_&yuu1,"2026-09-23 02:21:58",1852.5,2,"a91zjy,mooyuu"
1939,16684954,Rogues,"2026-09-20 19:18:18",1852.4,2,"saikushal185,suneethreddy"
1940,16806014,"weihao huang2004","2026-09-20 02:51:37",1852.2,2,weihaohuang2004
1941,16859473,wakaka,"2026-09-24 01:34:03",1851.9,2,bernicerobinson
1942,16627032,"Kaito Fukami","2026-09-20 15:05:52",1850.9,2,kaitofukami
1943,16723096,Shabuuu,"2026-09-21 16:04:15",1849.7,2,shabuuu
1944,16652214,Zhenrui.Weng,"2026-09-20 04:23:41",1849.7,2,zhenruiweng
1945,16876869,MAGGR,"2026-09-22 03:54:08",1849.5,2,manojmandal
1946,16696960,pi-500.phys,"2026-09-22 19:46:47",1848.2,2,pi500phys
1947,16910680,colum2131,"2026-09-24 15:26:07",1848.2,2,columbia2131
1948,16886344,魏杨康,"2026-09-22 10:51:32",1846.8,2,weiiyangkang
1949,16767929,Timbydude,"2026-09-24 15:30:58",1846.7,2,timbydude
1950,16856778,"Johnathan King","2026-09-23 19:59:09",1846.2,2,johnathanking1278
1951,16666977,"Tagir Analyzes","2026-09-24 16:00:09",1845.6,2,tagirkhairutdinov
1952,16630315,janson,"2026-09-22 15:28:31",1845.6,2,johnjanson
1953,16732879,daulettoibazar,"2026-09-20 07:11:56",1844.3,2,daulettoibazar
1954,16644578,"Team Name","2026-09-22 18:28:38",1843.9,2,baytree1238
1955,16663759,🔥🦫📿🗽,"2026-09-21 17:30:40",1843.6,2,datafad
1956,16928640,Kenj,"2026-09-20 08:01:59",1843.5,1,kiritoooooooo
1957,16929902,Daijun_zju,"2026-09-21 07:23:03",1843.0,2,daijunzju
1958,16782520,Durian,"2026-09-20 08:09:06",1842.8,2,rainyjin
1959,16674102,没落者,"2026-09-22 10:25:08",1842.1,2,needless090
1960,16700919,Anubisyy,"2026-09-20 04:46:18",1841.6,2,anubisyy
1961,16898500,"M Noxon","2026-09-18 21:46:34",1840.8,2,mnoxon
1962,16831179,"Andrey Baranov","2026-09-23 16:19:45",1840.5,2,baranov
1963,16854939,nusrati,"2026-09-20 04:10:54",1839.4,2,nusrati
1964,16920843,"Hou JH-71","2026-09-20 13:09:46",1839.3,2,houjihao
1965,16941720,Abdellatif,"2026-09-22 13:35:50",1838.7,2,moussaid
1966,16868304,"Aaron amacadu","2026-09-19 20:18:38",1836.7,2,aaronamacadu
1967,16838914,kikikukikii,"2026-09-20 11:03:49",1836.7,2,kikikukikii
1968,16654914,Nozprod,"2026-09-20 18:40:20",1836.4,2,nozprod
1969,16631640,7day-enough,"2026-09-24 13:59:58",1836.3,2,"caoyupeng,diandianzi,lingyu07,lixin73,xiaoxiaohuazong"
1970,16920912,wxxbest,"2026-09-23 13:36:08",1836.2,2,w20260801
1971,16623440,"JB Bryant","2026-09-22 19:26:37",1836.0,2,jbbryant
1972,16623877,Chikuwabu,"2026-09-20 13:49:05",1836.0,2,prgckwb
1973,16806568,"Mumtaz Ahmad Maitla","2026-09-21 07:45:28",1836.0,2,mumtazahmadmaitla
1974,16700207,"S. Mujtaba Hussain","2026-09-23 08:49:23",1835.4,2,smujtabahussain
1975,16790652,救赎之道，就在其中,"2026-09-20 01:08:29",1834.1,2,"mengyihu,pengchaozheng"
1976,16762957,邪悪な暁山瑞希、ジャガイモを量産してフライドポテト市場を独占,"2026-09-23 15:09:37",1834.0,2,yinzimike
1977,16811072,Rafael,"2026-09-19 17:19:25",1833.1,2,rafaeldsjhkas
1978,16709809,RiyaSoni20,"2026-09-24 03:16:11",1831.9,2,"riyasoni20,rudraamin06"
1979,16632476,"Назар Коваль","2026-09-23 07:44:59",1828.6,2,miickey
1980,16811920,"MINGXI LIU","2026-09-18 04:59:30",1828.3,2,wang5630900
1981,16682514,"Pavel Pavlov","2026-09-19 17:44:11",1828.3,2,akakii
1982,16851399,"Ali Eren Konak","2026-09-19 17:16:43",1827.9,2,alierenkonak
1983,16726545,whm8016,"2026-09-23 16:17:05",1827.5,2,whm8016
1984,16670948,wally0593,"2026-09-24 06:51:42",1827.4,2,wally0593
1985,16844518,"Haroon Rasheed","2026-09-24 04:47:28",1827.4,2,haroonnsgb
1986,16757987,maverick_ss_26,"2026-09-22 13:19:24",1825.6,2,maverickss26
1987,16866996,"Marina Afanas'eva","2026-09-20 22:23:21",1825.3,2,proamari
1988,16919736,elda27,"2026-09-22 01:32:59",1825.3,2,elda27
1989,16926545,"Rintaro Washio","2026-09-19 19:02:47",1824.7,1,rintarowashio
1990,16939292,Cunriman,"2026-09-24 12:59:54",1824.6,2,cunriman
1991,16691572,"Lord Momo","2026-09-19 14:12:55",1824.3,2,stevenleehans
1992,16854216,Rita-1021,"2026-09-23 04:36:49",1824.2,2,rita1021
1993,16757392,Winter01,"2026-09-21 20:02:07",1823.5,2,wei111111
1994,16710428,"Mansi Aggarwal","2026-09-24 15:36:25",1821.9,2,mansiaggarwal88
1995,16898309,"Mohammad Albaddawi","2026-09-19 14:27:45",1821.8,2,m7mdalbaddawi
1996,16630964,LEEKANG,"2026-09-19 08:43:02",1821.7,2,poby7722
1997,16736198,JetJetGo,"2026-09-19 14:10:00",1821.4,2,psykrishna
1998,16854072,r13721,"2026-09-19 15:19:42",1821.2,2,r13721
1999,16799304,"Rlug mb","2026-09-23 11:11:30",1821.2,2,"hongxinzhang111,minhtrph,rlugmb"
2000,16691451,Nakano,"2026-09-20 00:33:55",1820.8,2,spicatom0914
2001,16731270,"Arthurs Torres24","2026-09-24 15:05:22",1820.8,2,arthurstorres24
2002,16848394,Polaris,"2026-09-19 12:40:07",1820.8,2,zhanglei226
2003,16791248,"Ioannis Tzachristas","2026-09-19 06:15:43",1820.6,2,"ioannistzachristas,lilishyxf"
2004,16654379,"Sebastian Mateus","2026-09-20 00:48:16",1820.5,2,"brenorb,sebastianmateus"
2005,16645431,Amin,"2026-09-19 09:06:06",1820.3,2,aminvafaei
2006,16866458,lalal2006,"2026-09-23 14:26:28",1820.2,2,lalal2006
2007,16663827,magoemu,"2026-09-24 13:06:26",1819.6,2,magoemu
2008,16697461,Agricroporation,"2026-09-19 09:25:16",1819.1,2,"algionightly,kroissant7,officialabhinavsingh"
2009,16944820,Nikouo,"2026-09-24 05:59:11",1818.5,2,nikouo
2010,16705139,gogogo,"2026-09-24 06:37:59",1817.5,2,huzech
2011,16885137,"Manjunadh Padarthi","2026-09-20 19:06:40",1817.3,2,manjunadhpadarthi
2012,16678080,"Timothy Adeyemi","2026-09-19 16:58:52",1816.6,2,timothyadeyemi
2013,16630797,"Seok, Jeongeum","2026-09-24 00:49:01",1815.7,2,seokjeongeum
2014,16761267,"Pranav Arvind","2026-09-19 13:28:32",1815.7,2,pranavarvind
2015,16655519,CurveCowboy,"2026-09-19 20:47:30",1815.5,2,curvecowboy
2016,16944358,Kobamiyannnn,"2026-09-23 02:50:24",1814.8,2,kobamiyannnn
2017,16780097,"wei chang","2026-09-24 12:20:21",1814.4,2,wayne0404
2018,16630740,"Ramazan Turan","2026-09-19 08:51:11",1813.3,2,ramazanturann
2019,16725899,Zhenghongshuang,"2026-09-23 05:52:33",1812.5,2,zhenghongshuang
2020,16623988,"Charismatic Pizza Party🍕","2026-09-19 12:22:20",1811.2,2,debugendless
2021,16635600,"Divyansh Kumar","2026-09-21 05:17:57",1810.9,2,"divyanshkumar3,vivekjeetpatel"
2022,16658221,"Roshan Roy","2026-09-20 07:05:01",1810.4,2,"adhilvt,mohamedarifj,roshanroy333"
2023,16939044,pioneerqaz,"2026-09-24 15:12:07",1809.7,2,pioneerqaz
2024,16926301,"Максим Бортник","2026-09-19 16:50:17",1809.2,1,maxim2512
2025,16860288,"VIKASH YADAV","2026-09-22 16:52:30",1809.0,2,vikashyadav05
2026,16755495,"Leo Udah","2026-09-24 06:03:33",1808.8,2,leoudah
2027,16663626,"yvn kaggriculture","2026-09-20 10:41:05",1808.7,2,"garnikdavtyan,mikayelgr"
2028,16659942,"Abdoulaye DIAW","2026-09-22 09:46:49",1808.0,2,abdoulayediaw25
2029,16709068,Vib,"2026-09-19 20:39:06",1807.8,2,viblal
2030,16623920,"Kazuta MIZUTA","2026-09-21 00:27:46",1807.5,2,kazutamizuta
2031,16732670,minoneru,"2026-09-21 10:26:25",1807.4,2,kotaminoshima
2032,16704924,jdx,"2026-09-24 03:48:41",1807.2,2,jdsemrau
2033,16775474,ERS,"2026-09-19 06:16:01",1806.3,2,shingo257
2034,16657623,Restart:),"2026-09-19 16:26:31",1806.2,2,wayne127
2035,16893046,ClaudiCulture,"2026-09-22 21:41:06",1805.5,2,ortimusprime
2036,16789745,LoveLetter,"2026-09-24 03:50:44",1805.1,2,arthasmenethil
2037,16654681,htech5,"2026-09-24 11:43:10",1804.7,2,htech5
2038,16735741,"Фермеры чист","2026-09-22 17:23:30",1803.9,2,"gdreallygoodman,maksonch1k"
2039,16741819,"Paritosh Kumar Tripathi","2026-09-24 15:49:30",1803.7,2,paritoshtripathi5
2040,16623449,"Ryo Takaki","2026-09-24 15:22:31",1803.4,2,ryotakaki
2041,16898760,"Berat Erol ÇELİK","2026-09-20 15:48:48",1803.1,2,beraterolelk
2042,16855885,"Shinonome Seiga","2026-09-24 14:46:34",1802.9,2,shinonomeseiga
2043,16632377,"Legend Brothers","2026-09-23 14:10:44",1802.8,2,"holeguma,shunhirota"
2044,16690065,JiangWenfeng1,"2026-09-20 05:21:03",1802.3,2,jiangwenfeng1
2045,16862461,"Guilherme Volpe","2026-09-23 00:38:39",1801.9,2,guivolpe
2046,16656382,Aevion-Labs,"2026-09-23 14:23:35",1801.5,2,aevionlabs
2047,16769849,"Shuwen(Shawn) Ge","2026-09-19 19:21:10",1801.3,2,shuwenshawnge
2048,16847222,charmq,"2026-09-18 07:30:26",1801.1,2,charmq
2049,16764089,UtaAzu,"2026-09-19 02:54:10",1800.5,2,utaazu
2050,16866689,snehitha,"2026-09-23 13:47:34",1800.0,2,andapallysnehitha
2051,16632743,"Krizsó Gergely","2026-09-24 08:58:24",1799.5,2,lucifer19
2052,16866014,htsbrer,"2026-09-20 00:09:51",1799.1,2,ht5brer
2053,16942821,PabloKim,"2026-09-24 06:32:09",1799.1,2,pablodevkim
2054,16732126,iwashi,"2026-09-19 21:31:56",1799.0,2,iwashi
2055,16656213,"Mehdi Boumiza","2026-09-24 03:56:40",1798.5,2,mehdiboumiza
2056,16944157,"Aly Dhedhi","2026-09-23 00:53:42",1797.8,2,alydhedhi
2057,16937599,"Tanampa Ampun","2026-09-24 00:59:05",1797.6,2,fathurachmadhanafi
2058,16872204,"Nguyễn Trần Thanh Bình","2026-09-24 12:21:13",1797.6,2,nguyntrnthanhbnh
2059,16667880,DOPEなNOUFU耕すHOPE👨‍🌾,"2026-09-24 03:58:44",1797.5,2,"shin9915,syamoji141chan"
2060,16621315,"Reyhan Ksatria","2026-09-19 11:26:15",1797.5,2,reyhanksatria
2061,16926016,"[KGZ] Aruke Sulaimanova","2026-09-19 15:15:47",1797.2,2,arukesulaimanova1
2062,16806475,sohma,"2026-09-24 04:29:25",1797.1,2,hi210278
2063,16635067,"Berat Egemen Gök","2026-09-23 19:09:42",1796.7,2,berategemengk
2064,16682254,"Jeffery Jerome Harris","2026-09-23 08:26:39",1796.0,2,jefferyjeromeharris
2065,16657093,"sixer srinath","2026-09-23 13:13:31",1795.5,2,srinath2495
2066,16743546,"Simon Dorcas","2026-09-19 17:05:32",1794.5,2,simondorcas
2067,16723241,TrinhDung16,"2026-09-19 04:29:59",1794.3,2,trinhdung16
2068,16875601,forwardidear,"2026-09-19 08:49:41",1793.7,2,forwardidear
2069,16924407,"Laxmi Khilnani","2026-09-24 09:07:34",1793.4,2,laxmikhilnani2004
2070,16755808,"Van-Phuc Huynh","2026-09-22 07:21:40",1792.9,2,hvanphucs112
2071,16675960,"Audric LOKO","2026-09-24 12:41:34",1792.2,2,audricloko
2072,16852208,"LONG NT123","2026-09-19 08:30:22",1792.2,2,longnt123
2073,16852826,Phoenix750,"2026-09-21 18:20:21",1792.1,2,richardmaddox
2074,16927087,"Arun #2","2026-09-19 21:10:10",1791.6,1,arun8ovfjfdr6
2075,16658830,"Farhat Pachisa","2026-09-19 11:43:06",1791.4,2,farhatpachisa
2076,16739537,"Bina Salama","2026-09-24 10:00:16",1791.2,2,binasalama
2077,16722619,vlavlalva,"2026-09-20 13:44:47",1789.6,2,cppcph
2078,16622034,"Aryan Yadav","2026-09-19 05:51:25",1788.4,2,simplexcomplex
2079,16768065,"Gradient Grazing","2026-09-20 17:24:58",1787.8,2,adamhusein
2080,16731776,ASH,"2026-09-24 09:17:40",1786.9,2,pentannnn
2081,16802752,hako22,"2026-09-22 01:31:31",1786.8,2,hako22
2082,16689926,3MnRho,"2026-09-19 06:59:04",1786.5,2,yongxiangzhao
2083,16663851,"Harshith revuru","2026-09-19 19:18:24",1786.0,2,harshithrevuru
2084,16759501,BaconT,"2026-09-22 15:56:11",1785.3,2,bacont
2085,16884858,HojunLee,"2026-09-24 13:00:20",1785.0,2,hojuna
2086,16688294,"high frequency farming","2026-09-24 07:02:40",1784.6,2,"gunhcolab,hweowe,markslavin"
2087,16660477,SeaGoat,"2026-09-24 13:57:28",1783.0,2,vbandaru
2088,16840857,Meteor,"2026-09-24 07:28:32",1782.9,2,meteorkid
2089,16694138,Alex,"2026-09-19 09:36:52",1782.6,2,alex789
2090,16822706,"YUE WU","2026-09-21 00:34:02",1782.0,2,yuewuacademic
2091,16947082,"Alex  Redna","2026-09-24 11:25:33",1781.7,2,alexredna
2092,16885933,"Nadeem Kilani","2026-09-23 03:32:45",1780.9,2,fifthway
2093,16633178,"Cow Boy","2026-09-24 15:15:07",1780.7,2,shanzhong8
2094,16736435,Dieter,"2026-09-24 14:19:37",1779.6,2,"arc144,christofhenkel,crodoc"
2095,16734435,Economist,"2026-09-24 14:22:25",1779.5,2,jtheyogi
2096,16843522,clouds111,"2026-09-24 13:40:53",1779.1,2,clouds111
2097,16726287,BBaRRel.,"2026-09-19 09:34:23",1779.0,2,yujinkk0609
2098,16863212,"Jayanth Koppala","2026-09-21 19:38:51",1778.7,2,jayanthkoppala
2099,16661994,"Suvrat Rai","2026-09-19 06:44:10",1777.8,2,suvrat11rai
2100,16747273,红烧肉,"2026-09-18 09:24:59",1777.6,2,ra1nac1d
2101,16863551,"Fady Mohammed","2026-09-23 16:47:01",1776.6,2,fadymagdy
2102,16851343,"Ritwika Kancharla","2026-09-19 12:00:55",1776.6,2,ritwikakancharla
2103,16728996,autowin,"2026-09-20 06:57:56",1776.1,2,atharvjairath
2104,16633179,infamemconculcemus,"2026-09-24 14:26:30",1775.0,2,jcgweb
2105,16685014,"Vishal Kishore","2026-09-20 11:55:12",1773.7,2,kishorevishal
2106,16701697,Pelican,"2026-09-24 14:11:36",1773.0,2,chetanagrawall
2107,16663649,"Akhil Chinta","2026-09-19 18:31:45",1770.7,2,akhilchinta1505
2108,16921850,"Leon Sakakibara","2026-09-21 02:05:50",1769.3,2,leonsakakibara
2109,16832192,"No Name #2","2026-09-24 06:48:36",1768.1,2,ivanj0
2110,16924209,AmirabbasBF2027,"2026-09-24 08:20:42",1767.1,2,amirabbasbf2027
2111,16793385,"Rishav Utkarsh","2026-09-19 18:07:24",1765.9,2,rishavutkarsh
2112,16700068,"My Little Pony","2026-09-19 14:55:48",1765.2,2,"buxiangzaoqi66,juliezhang131,yaoyilv"
2113,16882280,K_daisuke,"2026-09-18 16:07:55",1765.1,2,kawakamidaisuke
2114,16640552,"rupsa roy","2026-09-19 06:11:54",1765.0,2,rupsarroy
2115,16888648,"MAOSEN ","2026-09-21 10:40:03",1764.9,2,maosen
2116,16881928,"Saad Khan","2026-09-24 08:44:48",1764.4,2,saadlohani
2117,16743639,Hanserong,"2026-09-18 06:20:56",1763.5,2,"ronghedragon,rufus666"
2118,16621628,pupen_o,"2026-09-23 17:16:53",1762.7,2,pupeno
2119,16754022,Pico,"2026-09-24 15:50:23",1761.5,2,charithgr
2120,16903793,"Zhongkai Shangguan","2026-09-24 04:33:52",1760.8,2,leonshangguan
2121,16924069,levshaazz,"2026-09-24 12:49:12",1760.5,2,levshaazz
2122,16911021,spark328,"2026-09-19 10:30:15",1760.0,2,spark328
2123,16653044,"Claudex - An","2026-09-18 09:35:31",1760.0,2,"binhdth,buphmquc,hainguyenthien,pntan17"
2124,16914950,"Alessio Mezzina","2026-09-22 07:11:58",1759.5,2,alessiomezzinaaa
2125,16806376,pardival,"2026-09-24 12:30:36",1759.2,2,pardival
2126,16890772,tcipin-egor,"2026-09-19 01:12:37",1758.4,2,egorich51
2127,16736874,mhiro2,"2026-09-18 03:46:40",1758.0,2,mhiro2
2128,16875763,"芳村 愛支","2026-09-20 03:21:14",1757.6,2,shin1012
2129,16631421,cg,"2026-09-22 14:31:09",1757.1,2,chaitanyagarg2
2130,16710459,Nironiro,"2026-09-24 09:03:17",1756.7,2,nironiro
2131,16658895,kunihiro,"2026-09-17 16:57:05",1756.3,2,kunihiro
2132,16915888,"Steve T","2026-09-20 05:28:41",1756.2,2,jamesfitxroi
2133,16623263,ASHML,"2026-09-19 20:19:53",1756.0,2,ashml
2134,16940950,"Camarillo Kull","2026-09-24 14:09:04",1755.9,2,camarillokull
2135,16732727,brightest66,"2026-09-24 08:18:29",1755.8,2,"brightest66,laplacenvmv"
2136,16659412,yesterdays_rebel,"2026-09-22 17:23:00",1755.5,2,irfanparaniya
2137,16730446,photunix,"2026-09-21 08:41:42",1755.0,2,photunix
2138,16672315,CemBas,"2026-09-19 06:25:14",1753.9,2,cembas
2139,16733839,"Fabian Ruiz","2026-09-19 21:47:07",1751.4,2,fabianruiz3
2140,16687159,Max64738CB,"2026-09-23 17:43:48",1751.3,2,max64738cb
2141,16715828,samg,"2026-09-24 11:25:06",1751.3,2,samgreen2046
2142,16677938,"Hajime Tamura","2026-09-19 14:56:37",1751.1,2,thajime
2143,16879879,wulawulacong,"2026-09-18 03:56:01",1749.6,2,wulawulacong
2144,16884417,"malcolm tan","2026-09-18 18:24:39",1748.9,2,malcolmtan
2145,16817750,"Baiqing Wang","2026-09-18 08:46:19",1748.7,2,wangbqbqbq
2146,16623875,"Pavlo Ivanin","2026-09-18 22:01:21",1748.1,2,pavloivanin
2147,16885430,zoujustkidding,"2026-09-18 08:42:04",1747.4,2,chenxianshen123
2148,16921161,"earl naranja","2026-09-18 14:29:46",1746.4,1,earlnaranja
2149,16682032,"Satkar sarvankar","2026-09-24 07:48:51",1746.0,2,satkar003
2150,16635280,"Narendra Sirvi","2026-09-24 04:12:37",1745.1,2,narendras78
2151,16729488,"Bala vighnesh Reddy","2026-09-20 11:38:40",1743.7,2,balavighneshreddy
2152,16930535,wind,"2026-09-21 15:36:18",1743.7,2,"sfkmzy,windbyluck"
2153,16668761,"Lorenzo Regalado","2026-09-18 11:09:06",1742.6,2,lregaladohdez
2154,16635910,K3V1NM,"2026-09-18 13:33:33",1741.7,2,k3v1nm
2155,16810954,BayramAnnakov,"2026-09-19 11:14:29",1740.7,2,bayramannakov
2156,16891703,"Rasmus Hulthe","2026-09-24 11:51:41",1739.9,2,zazmuz
2157,16861885,"Олег Бабков","2026-09-18 21:19:22",1738.7,2,jabberwock78
2158,16826555,AioRaito,"2026-09-18 16:49:58",1738.4,2,aioraito
2159,16897955,Diganta,"2026-09-18 15:58:46",1738.4,2,digantabhattacharya
2160,16865261,"Kamal Kadakara","2026-09-24 14:16:33",1738.1,2,kamalkadakara
2161,16711752,"Atakan Aldemir","2026-09-21 12:41:01",1738.0,2,atakanaldemir
2162,16746275,LittleScottyy,"2026-09-19 11:11:39",1737.3,2,fongwaiyong
2163,16672371,Loren-wen,"2026-09-19 02:08:45",1736.9,2,wofusituerte
2164,16668370,"Matthew Labrador","2026-09-17 14:07:15",1736.6,2,m4tyuuu
2165,16655766,前衛,"2026-09-18 16:22:25",1736.1,2,"atharvranjan,shreyasgandhe,siddharth9077"
2166,16658290,rrishavrraj,"2026-09-24 10:31:23",1734.7,2,"rrishavrraj,shubhamkumar9812"
2167,16658840,sanju25,"2026-09-18 14:32:41",1734.5,2,sanju25
2168,16922609,rofa2,"2026-09-18 23:05:58",1734.0,2,"gaoyuanjun,zhdmath"
2169,16866933,tech-Mira,"2026-09-18 14:19:35",1734.0,2,itsukiito
2170,16743852,"Giovanni Giorgio","2026-09-18 14:57:23",1733.2,2,"alexandermlad,erikpymay"
2171,16917982,"Haitao56 ","2026-09-19 14:38:52",1732.8,2,haotao56
2172,16920623,yeqinxin,"2026-09-24 13:06:27",1732.4,2,yqx123456
2173,16810306,"Asy Mortenson","2026-09-24 11:54:56",1731.7,2,asymortenson
2174,16664751,"Cindy Meng90","2026-09-21 08:37:53",1731.0,2,cindymeng90
2175,16886174,还没想好冥,"2026-09-18 14:45:39",1730.9,2,"fufustory,hashak,linjunren1016,mushroom1763,yamaer"
2176,16692432,"Les 2 oies","2026-09-23 17:45:57",1730.4,2,"sanarceate,youyoucrf"
2177,16921557,"Terry Duan","2026-09-18 16:12:41",1730.4,2,xueyueicu
2178,16905679,xaxipiruli,"2026-09-24 00:50:03",1730.4,2,xaxipirulazo
2179,16934238,"Yujin Cha","2026-09-23 04:29:01",1730.1,2,ckdbwlsdlfkdn
2180,16652630,stars_w,"2026-09-18 06:57:00",1729.6,2,starsw
2181,16903912,樱花冷月,"2026-09-18 06:28:43",1729.3,2,yinghualengyue
2182,16935669,"Timon Wendland","2026-09-23 19:58:41",1728.6,2,timonwendland
2183,16921300,tamakawa,"2026-09-24 16:07:05",1728.2,2,tantantama1192
2184,16826999,donaldxu,"2026-09-18 05:33:59",1727.9,2,abc1705
2185,16669089,YujieXing10,"2026-09-22 18:01:14",1727.8,2,yujiexing10
2186,16855111,PixelPuff,"2026-09-18 20:24:00",1727.7,2,krishpatel290895
2187,16838589,iCO,"2026-09-21 16:48:44",1727.6,2,takashimaeda
2188,16927981,narihz,"2026-09-22 12:25:06",1727.5,2,xiaochaizhen
2189,16775010,"Alexey Kuznetsov","2026-09-19 14:26:40",1727.4,2,legtarrr
2190,16818060,bnfan,"2026-09-20 00:55:31",1727.1,2,simonfan7
2191,16888261,"Andreas meling","2026-09-19 22:03:28",1726.7,2,andreasmeling
2192,16910041,"Gorgulu Fried Chicken Wings","2026-09-19 22:00:21",1725.2,2,"jingshixu,ooorangecatt"
2193,16622509,Ali,"2026-09-18 19:48:19",1725.1,2,asalhi
2194,16935391,"cs duals","2026-09-24 14:27:46",1724.9,2,kostopr4v
2195,16795448,ultimatum_game,"2026-09-16 12:21:31",1724.8,2,"ultimatumgame,walrushero"
2196,16663214,"Mathieu W","2026-09-23 19:27:31",1724.5,2,mathieuw
2197,16764868,y129besan,"2026-09-19 02:30:37",1723.9,2,y129besan
2198,16659961,faahh,"2026-09-24 08:36:54",1723.9,2,shivam98saini
2199,16667604,L7n,"2026-09-17 08:29:55",1723.7,2,znwe342
2200,16635314,"Aurora wy","2026-09-18 15:14:20",1721.2,2,aurorawy
2201,16796223,"Bohan Shao","2026-09-18 11:27:52",1720.5,2,bohanshao
2202,16623708,"Chekhlov Dmitrii","2026-09-18 13:45:33",1720.1,2,zoli800
2203,16663485,"Jacob Alstrup","2026-09-18 17:30:37",1720.0,2,jacobalstrup
2204,16681125,"M & M & P & Q","2026-09-24 15:16:10",1719.8,2,"morimo,msd0110,piiiiiiiii,qistripute"
2205,16870780,"John Gates","2026-09-21 11:59:23",1719.8,2,johngates
2206,16721259,Qsj,"2026-09-24 01:31:34",1719.2,2,qiaoshiji
2207,16907595,"Eric Zhang63","2026-09-18 18:15:50",1719.0,1,"ericzhang63,szqg666"
2208,16636756,"K.THARUN KUMAR","2026-09-24 11:58:54",1718.4,2,tharunkumar369
2209,16708296,LUCKY2,"2026-09-24 13:08:28",1718.3,2,carolezountangni
2210,16915895,Shaylynn,"2026-09-17 15:58:29",1717.6,1,shittttttt
2211,16880856,jinxingweilai,"2026-09-17 03:05:31",1717.6,2,jinxingweilai
2212,16842384,"Muhammad Mirza Darma Putra","2026-09-24 15:14:01",1717.2,2,mirzadarma
2213,16880975,"Shenyu Ma","2026-09-18 15:19:11",1717.0,2,shenyuma
2214,16743427,Under遊具,"2026-09-18 06:00:32",1716.8,2,andayougui
2215,16888126,Iminabo,"2026-09-17 16:21:33",1716.0,2,iminabo
2216,16790091,ChengxuGu,"2026-09-23 14:47:14",1715.0,2,chengxugu
2217,16653078,pk210495,"2026-09-21 12:11:20",1714.7,2,pk210495
2218,16740010,"[Deleted] 3d43f904-9731-4807-b835-0ae07351a8c7","2026-09-20 18:57:10",1714.3,2,del=230950f98ee5f235
2219,16682879,"Ace Team","2026-09-24 00:02:06",1713.7,2,drpatrickchan
2220,16839580,"Søren Ravn Andersen","2026-09-16 13:57:31",1713.2,2,sorenravn
2221,16843555,sol12378,"2026-09-22 05:46:50",1713.0,2,sol12378
2222,16736632,Leo,"2026-09-24 13:49:44",1712.7,2,huangkx666
2223,16913591,fly,"2026-09-18 07:06:04",1712.7,2,"azh1sdad,linjingmax,rong414,w1ll1am10,yuhanleo"
2224,16652451,JackGong,"2026-09-17 14:15:38",1712.6,2,jackgong
2225,16798989,"Harvest Sun","2026-09-17 06:18:22",1712.0,2,zaoooo29
2226,16875968,"Dias Bakhtiyarov","2026-09-16 19:41:15",1711.6,2,diasbakhtiyarov
2227,16806635,digimagi,"2026-09-22 08:18:35",1710.9,2,digimagi
2228,16896240,mexlora,"2026-09-23 08:23:06",1710.8,2,"mexlora,nolzixo,qizlona"
2229,16807373,"junxing peng","2026-09-17 07:28:50",1710.7,2,junxingpeng
2230,16637919,NoOneAhead,"2026-09-19 03:24:29",1710.3,2,jerrlu
2231,16698560,"Seungjun Lee","2026-09-18 17:11:22",1709.6,2,seungjunleeofficial
2232,16623749,Tejas,"2026-09-17 09:53:36",1709.3,2,tejuuss
2233,16846856,BladeRunner,"2026-09-24 16:04:23",1707.8,2,bladerunner2022
2234,16823981,"mou mou","2026-09-21 13:30:48",1707.8,2,moumou6322
2235,16644808,"Rotation Theory","2026-09-18 15:36:20",1707.5,2,mikhsank
2236,16841940,"Hakkı Besim Bardakçı","2026-09-20 22:56:02",1705.0,2,xdebron
2237,16764901,"Han Chen","2026-09-22 09:05:16",1704.7,2,puffohan
2238,16898165,"Mahmoud Nasser","2026-09-21 20:18:26",1704.0,2,lomnafsk
2239,16739018,"Zhou Songyu","2026-09-18 05:52:48",1703.9,2,zhousongyu
2240,16802575,saeNeko,"2026-09-17 07:47:44",1702.6,2,sae20gorilla
2241,16860907,kuengo,"2026-09-24 13:39:33",1702.6,2,"haojunwei,kuengo,leonstew,ruoguxu"
2242,16660313,Ctrl+Code,"2026-09-18 17:40:10",1701.5,2,"jayashankar369085,parnikasm"
2243,16653982,"Arul Prasad S P","2026-09-24 15:23:28",1701.5,2,arulprasadsp
2244,16661039,Abracadabra,"2026-09-24 14:05:44",1701.2,2,giovannicr
2245,16779519,"Xiangsong Tian","2026-09-21 13:16:45",1701.0,2,xiangsongtian25
2246,16870621,BobtheBot369,"2026-09-21 01:55:12",1701.0,2,bobthebot369
2247,16781279,zhyphirus,"2026-09-16 11:08:51",1701.0,2,zhyphirus
2248,16830526,"Raghav Agrawal","2026-09-23 17:42:54",1700.8,2,raghagra
2249,16897519,SShota-box,"2026-09-18 05:12:20",1700.5,2,sshotabox
2250,16666442,"SHALWIN SANJU","2026-09-24 15:23:37",1700.1,2,shalwinsanju
2251,16849125,"OBSTACLE DEVELOPER","2026-09-24 13:18:30",1699.7,2,obstacledeveloper
2252,16799769,manyuA,"2026-09-22 04:52:29",1698.6,2,"forheuristiclifeksh,manyua,realhonest"
2253,16791977,JeremyLIU858,"2026-09-20 18:00:23",1697.2,2,jeremyliu1997
2254,16891588,Krtecek,"2026-09-20 11:16:13",1696.9,2,krtecek
2255,16753974,"David Goldrajch","2026-09-17 21:14:34",1696.8,2,elie2003
2256,16662318,"Bardia Bahadori","2026-09-18 15:21:53",1696.8,2,bardiabahadori
2257,16854776,aruuu,"2026-09-24 03:30:09",1696.2,2,arruuu
2258,16706395,"Kunal Desale","2026-09-18 04:08:03",1695.0,2,kunaldesale2408
2259,16759626,"Ghazaros Barseghyan","2026-09-24 14:10:36",1693.7,2,ghazarosbarseghyan91
2260,16690447,Supermercado,"2026-09-24 14:32:50",1693.5,2,ryotaaaaaa
2261,16907699,"zhirong ye","2026-09-18 16:25:01",1692.6,2,zhirongye
2262,16680144,AM,"2026-09-17 15:52:11",1692.3,2,adammekky
2263,16860811,XiaoXiaoJ,"2026-09-17 19:38:39",1690.6,2,xiaoxiaoj
2264,16897870,妮选择遗忘的,"2026-09-17 13:59:51",1689.6,2,yk120951
2265,16756492,satokato,"2026-09-18 23:36:11",1689.3,2,satokato
2266,16726616,9Hash,"2026-09-17 04:43:20",1687.0,2,hashimrazi
2267,16856629,Methematics,"2026-09-17 15:14:04",1686.8,1,pavelvasilevskiy
2268,16749466,"The Wolf of Wheat Street","2026-09-16 23:35:18",1686.6,2,"lijuantang19,yuemengzheng01"
2269,16772109,Yashvs56,"2026-09-19 11:04:41",1686.6,2,"vivaancyber,yashvs56"
2270,16709930,llRX,"2026-09-23 07:11:17",1683.9,2,"bankkobe,leojeel,ruikaihong"
2271,16834038,"Akio Furutsuka","2026-09-17 18:27:22",1683.2,2,akiofurutsuka
2272,16733851,tangaii,"2026-09-24 15:20:22",1682.9,2,tangai1
2273,16654373,thwaitsusa2,"2026-09-21 21:45:21",1682.4,2,thwaitsusa2
2274,16912371,Dorararra,"2026-09-23 03:37:28",1681.7,2,dorafairy661
2275,16940722,"Jalen ShiAo","2026-09-22 08:39:38",1681.0,1,jalenshi
2276,16669711,"Anton Shaniuk","2026-09-18 18:08:55",1680.9,2,antonshaniuk
2277,16643693,"Kerem çelik","2026-09-23 07:50:21",1680.7,2,keremelik
2278,16804859,DevashishSoni123,"2026-09-23 04:47:03",1680.0,2,devashishsoni123
2279,16676063,"Kembang Melon","2026-09-22 01:54:48",1679.4,2,wajawaja
2280,16861616,"Gagan Deep","2026-09-20 14:50:30",1679.3,2,gagandeep1
2281,16861198,Eggplanck,"2026-09-23 02:06:32",1679.2,2,gyozzza
2282,16659160,"Dmitry Bardonov","2026-09-18 18:20:26",1679.1,2,bdesim
2283,16654704,mandgeee,"2026-09-24 12:05:42",1678.9,2,mandgeee
2284,16805778,"Dương Đức Anh","2026-09-17 14:52:22",1678.5,2,"dda2k6,trungdttik55"
2285,16849282,ancientLuck,"2026-09-20 13:04:14",1677.2,2,ancientluck
2286,16897094,Ryota-Di,"2026-09-23 01:49:48",1677.1,2,ryota6230
2287,16751899,peggy,"2026-09-24 09:58:05",1676.1,2,refrigerator21
2288,16900902,"Younes Chafi","2026-09-23 12:36:44",1675.6,2,youneschafi
2289,16655654,Cacinie,"2026-09-17 15:36:29",1674.6,2,cacinie
2290,16899300,"Yassine Chritt","2026-09-17 06:31:14",1671.2,2,yassinechritt
2291,16644452,Durlabh_Jha,"2026-09-24 01:41:55",1668.7,2,durlabhjha
2292,16830678,Voodoo_m88,"2026-09-24 09:46:53",1668.6,2,voodoom88
2293,16876520,OpenModelMap,"2026-09-18 15:05:55",1667.7,2,openmodelmap
2294,16859157,"David Mensah-Gbekor","2026-09-17 22:03:56",1667.3,2,ravdave
2295,16912052,"Nana Bast","2026-09-18 16:29:38",1667.2,2,"fontainedefurina,nanabast"
2296,16673131,"Arfin Mustofa","2026-09-17 01:40:55",1667.0,2,arfinmustofa
2297,16814375,"Yuta Eiki","2026-09-18 02:27:16",1667.0,2,wildauk
2298,16770842,yatakeuc,"2026-09-24 03:50:40",1666.1,2,yatakeuc
2299,16664111,"John Park","2026-09-21 14:31:23",1665.9,2,sigint
2300,16894196,"Qiank Chen","2026-09-24 06:46:27",1664.9,2,qiankchen
2301,16853849,emreaydin,"2026-09-24 15:33:46",1664.3,2,aydinemre
2302,16809842,"zg l1218","2026-09-24 15:45:51",1663.8,2,"dkttttt,zgl1218"
2303,16910590,Hubillionaire,"2026-09-17 06:56:01",1662.8,2,hubillionaire
2304,16777138,"Anna Pakhaliuk","2026-09-23 14:23:22",1661.1,2,annapakhaliuk
2305,16894457,kento2002,"2026-09-17 16:44:18",1661.0,2,kento2002
2306,16621616,insuperabilehart,"2026-09-24 15:18:01",1660.8,2,insuperabile
2307,16773170,"yy li","2026-09-24 03:40:48",1660.7,2,yangyili11
2308,16632757,taopy2,"2026-09-17 03:19:26",1660.4,2,taopy2
2309,16866549,"Roman Nesterov","2026-09-17 12:40:36",1659.6,2,romanest
2310,16786341,"Farmula One","2026-09-24 13:57:19",1658.2,2,"joesland,mer4yyy,ricaaaovo,zhangxingzhe"
2311,16698999,Odyssey,"2026-09-23 18:10:27",1657.7,2,a1spirit
2312,16698294,"John Doe","2026-09-24 04:13:50",1657.7,2,johndoe90843
2313,16791862,"Emmanuel Mireku","2026-09-24 14:58:28",1657.0,2,eldermireku
2314,16739019,quzhihang,"2026-09-23 08:28:40",1656.9,2,quzhihang
2315,16743172,moonzfxs,"2026-09-23 15:34:29",1654.3,2,moonzfxs
2316,16707994,"Ayush Gupta #2","2026-09-17 22:21:54",1654.1,2,desmond6101
2317,16909973,"Tri Tuc Cao","2026-09-17 09:59:28",1653.4,1,tricao
2318,16726769,"Ci Zhu","2026-09-20 00:00:29",1653.2,2,zhuci1993
2319,16839902,"Sōsuke Aizen","2026-09-16 19:50:03",1652.8,2,"soukeaizenz,souvikdbiswas"
2320,16915300,wanhty,"2026-09-18 13:43:54",1652.7,1,wanhty
2321,16663614,Nevska,"2026-09-24 11:55:34",1651.4,2,nevska
2322,16754567,"Ashraf 1232","2026-09-21 22:14:18",1650.5,2,ashraf1232
2323,16621610,NMarkS,"2026-09-21 12:03:36",1650.1,2,nmarks
2324,16899240,"Abel Mendez","2026-09-24 05:00:42",1649.3,2,abelmendez
2325,16891851,kamranahmmed,"2026-09-23 12:49:22",1648.9,2,kamranahmmed
2326,16847370,"Suleyman Yollyyev","2026-09-17 15:23:12",1648.8,2,suleyman71
2327,16681893,morality0707,"2026-09-22 07:33:35",1648.4,2,morality0707
2328,16825340,xiaoBOSS97,"2026-09-21 15:18:33",1648.1,2,xiaoboss97
2329,16651806,shawnYiB,"2026-09-24 14:34:14",1648.1,2,"mike17cui,shawnyib"
2330,16914244,Poemcourt,"2026-09-17 11:14:15",1648.0,1,poemcourt
2331,16926797,aurnik,"2026-09-24 06:22:08",1647.4,2,aurnik
2332,16936777,tagokoro,"2026-09-24 05:14:27",1647.1,2,tagokoro
2333,16681100,Chiranjith,"2026-09-17 11:37:34",1647.1,2,chiranjithdharma
2334,16909097,"Yaoxiang Li","2026-09-22 19:20:01",1646.5,2,lzyacht
2335,16721384,Hackoholics,"2026-09-16 05:57:18",1645.4,2,"limyenhui,richierx"
2336,16809294,Cherie01,"2026-09-16 19:50:07",1643.9,2,cherie01
2337,16881395,nikotin55,"2026-09-24 11:53:40",1642.7,2,"isaevsemyon,nikotin55,remihrf"
2338,16644481,Liquidus,"2026-09-16 02:57:18",1642.5,2,liquidus
2339,16641548,"Indium AI Labs","2026-09-17 08:19:29",1641.9,2,"devaanshpa,wolframbopp"
2340,16636536,tetsu2131,"2026-09-24 16:08:35",1641.1,2,tetsutani
2341,16904028,BraydenPikachu,"2026-09-17 04:56:21",1641.1,2,braydenpikachu
2342,16854472,Taimo,"2026-09-16 14:56:55",1640.8,2,taikimori
2343,16714134,"Raul Tinajero","2026-09-17 19:57:39",1640.5,2,raultinajeroo
2344,16786109,"Thomas Deng","2026-09-15 12:06:46",1639.1,2,tdeng24
2345,16738534,"Sakito Horie","2026-09-16 14:14:19",1638.9,2,sakitohorie
2346,16677342,Fedor,"2026-09-24 15:23:58",1638.7,2,fedorchuprakov
2347,16915374,"Muaz Husaini","2026-09-21 06:18:49",1638.2,2,muazhus
2348,16842246,montplusa,"2026-09-17 00:59:05",1638.0,2,montplusa
2349,16743656,Deskbo,"2026-09-16 13:45:12",1637.3,2,deskbo
2350,16898547,"[Deleted] 56e880dc-015c-4899-9c1b-85d9958ef4af","2026-09-15 18:25:34",1637.1,2,del=84798c2d77df7d9d
2351,16676034,"Songyot P","2026-09-18 06:33:06",1636.3,2,songyotpi
2352,16892796,FunLegendGaming,"2026-09-17 16:27:04",1636.3,2,funlegendgaming
2353,16888204,"yunus yalman","2026-09-21 18:35:05",1635.9,2,yunusyalman
2354,16866968,HXS-CF13,"2026-09-20 00:49:11",1635.9,2,hxscf13
2355,16791873,Sanjay,"2026-09-22 02:31:20",1635.1,2,"sanjay6727,thefool00"
2356,16806249,CLJY,"2026-09-24 03:05:08",1634.2,2,cljy2026
2357,16758954,shenjj02,"2026-09-17 02:30:08",1632.9,2,shenjj26
2358,16853125,"BEIKE YAN","2026-09-21 02:10:30",1632.3,2,craigsid
2359,16687479,kowalskii,"2026-09-17 08:52:42",1631.6,2,anirudhkumaraheer
2360,16871967,"Md Arafat #2","2026-09-24 13:57:43",1630.5,2,arafat362
2361,16717255,Ryuuga89,"2026-09-13 16:31:48",1630.0,2,ryuuga89
2362,16903970,qorlin,"2026-09-16 03:12:00",1629.8,2,qorlin
2363,16623577,"Jiayi Tang","2026-09-24 11:24:41",1629.0,2,mannguo
2364,16681464,Amyel21,"2026-09-17 18:28:33",1629.0,2,amyel21
2365,16857404,gachichan,"2026-09-16 23:58:47",1628.9,2,gachichan
2366,16897719,"Muhammad Aashir Irshad","2026-09-21 14:44:03",1628.9,2,muhammadaashirirshad
2367,16855477,SiriusStarRally,"2026-09-16 09:32:59",1628.5,2,siriusstarrally
2368,16736985,Colt,"2026-09-17 01:14:29",1628.4,2,nht1990
2369,16697139,Stocks152,"2026-09-20 04:10:05",1628.1,2,stocks152
2370,16685358,"Nuno Ferreira","2026-09-23 14:27:18",1627.8,2,ngcferreira
2371,16693549,別班,"2026-09-24 00:26:44",1627.6,2,"kusurizuke,pepushi,tomokiaki"
2372,16908116,"Kabir Potdar","2026-09-16 18:40:56",1627.6,2,kabir01010
2373,16676762,"Tomas Escobar Rivera","2026-09-16 01:46:24",1627.5,2,tomasescobarrivera
2374,16621683,Shivangoudaa,"2026-09-16 16:04:07",1627.4,2,ishivapatil
2375,16796544,"Xiaonan FU","2026-09-16 01:44:11",1627.0,2,xiaonanfu999
2376,16905157,Moonyk,"2026-09-16 08:16:37",1626.6,1,moonyk
2377,16892318,"fumiya utsuno","2026-09-17 14:31:58",1626.2,2,"fumiya326,kuboken,rikutokuwayama"
2378,16791999,"Dashi Tsybikzhapov","2026-09-22 09:40:23",1626.1,2,dashitsybikzhapov
2379,16633212,goosehaaan,"2026-09-16 15:20:59",1626.0,2,goosehaaan
2380,16838625,kyohei2106,"2026-09-17 22:37:42",1625.8,2,kyohei2106
2381,16655682,"Azamat Sadikov","2026-09-16 23:07:23",1625.4,2,azamatsadikov
2382,16651257,PursueML,"2026-09-22 16:24:27",1623.4,2,"cuijohn,pursueml"
2383,16881600,"Yoshihiro Hatakeyama","2026-09-21 03:41:49",1622.7,2,yoshihiro1909
2384,16738408,kujitama,"2026-09-17 12:13:20",1621.8,2,tyamujin
2385,16626203,"Manish Kumar Maurya","2026-09-19 19:39:02",1621.4,2,manishkumarmaurya11
2386,16688460,lllleeeo,"2026-09-16 17:38:13",1621.1,2,lllleeeo
2387,16655263,rishavsaigal,"2026-09-24 08:27:02",1620.5,2,rishavsaigal
2388,16865570,"Kedar Kale","2026-09-22 14:32:10",1619.4,2,kedarkale
2389,16907222,"Harshith Kumar","2026-09-16 17:13:57",1619.0,2,harshith1212a
2390,16690401,Skyspace,"2026-09-16 11:02:11",1618.6,2,empireblue
2391,16716012,LaiCxm,"2026-09-24 11:50:02",1618.0,2,laicxm
2392,16820607,PeriwinkleBlueOvO,"2026-09-23 12:08:16",1617.0,2,"PeriwinkleBlueOvO,wenqiangao1"
2393,16774699,"Rio Nakamura","2026-09-16 09:25:16",1616.9,2,rionakamura10
2394,16639844,MaxChen303,"2026-09-20 03:12:58",1616.5,2,maxchen303
2395,16726816,"Games Jadley","2026-09-18 05:07:18",1616.5,2,gamesjadley
2396,16701948,"Shaokai Zhang","2026-09-19 10:58:04",1616.1,1,shaokaizhang
2397,16907576,"Dat Nguyen Viet","2026-09-16 16:39:59",1615.3,2,datnguyenviet
2398,16761324,WLYYYo,"2026-09-22 14:15:28",1614.6,2,wlyyyo
2399,16850078,"Safwan Amin","2026-09-16 16:53:04",1614.5,2,bracu23101281
2400,16653068,"Shuichi Fushimi","2026-09-15 11:47:34",1614.4,2,shuichifushimi
2401,16692711,Deniz,"2026-09-16 14:51:14",1614.2,2,denizeryilmaz
2402,16791828,Ling,"2026-09-14 21:50:30",1614.1,2,lingbia
2403,16682667,"zeel vavliya","2026-09-24 07:18:29",1613.8,2,zeelvavliya
2404,16913081,"Danil Bashkirov","2026-09-18 08:37:53",1613.7,2,chieph
2405,16697249,"Sudharsana Rajasekaran","2026-09-24 01:19:07",1613.4,2,sudhan03
2406,16824010,yuxingyizhou,"2026-09-18 03:29:21",1613.0,2,yuxingyizhou
2407,16657796,"parv goyal2","2026-09-24 03:55:44",1612.5,2,parvgoyal2
2408,16885548,"Anand Kumar 369o","2026-09-16 15:24:25",1612.1,2,anandkumar369o
2409,16728135,sukirman,"2026-09-16 03:25:01",1611.4,2,rakbidb
2410,16763551,"PRASHANT SHUKLA91","2026-09-23 11:57:04",1611.3,2,prashantshukla91
2411,16630713,"Grzegorz Sionkowski","2026-09-16 11:44:56",1610.6,2,sionek
2412,16661622,"Ergin Akın","2026-09-21 17:19:04",1609.5,2,erginakin
2413,16867924,PeaBrain,"2026-09-16 01:22:29",1609.1,2,abiruekanayaka1
2414,16826719,"Dennis HT","2026-09-18 09:43:32",1608.8,2,dennisht
2415,16634765,democatXamer,"2026-09-16 21:53:52",1607.8,2,w1326627677
2416,16908832,"ranya marwan","2026-09-18 20:46:58",1607.3,2,ranymarwan286
2417,16710466,"Charles Backman on LinkedIn","2026-09-14 14:14:42",1607.1,2,charlesbackman
2418,16746372,"Meerub Atiq","2026-09-18 13:00:49",1606.6,2,meerubatiq
2419,16875986,"k hori ","2026-09-15 16:45:11",1605.9,2,khori7
2420,16847620,york1to,"2026-09-15 19:10:35",1605.9,2,yorkkang
2421,16924959,"Shun Liou","2026-09-24 03:35:42",1605.7,2,shunliou
2422,16663783,WBF_USA_NYC,"2026-09-15 04:29:07",1604.8,2,wbfranci
2423,16685342,"Kanth Da","2026-09-21 04:15:12",1604.7,2,"kanthda,riteeshreddybysani"
2424,16768543,caas_sicca,"2026-09-19 07:56:21",1604.6,2,caassicca
2425,16662914,"Apollo's cattles","2026-09-17 17:10:52",1604.2,2,"icr007,kennethlie16,romanrozen"
2426,16864919,ujimaa,"2026-09-24 15:27:41",1604.0,2,ujimaa
2427,16662681,"Vernon Campbell","2026-09-18 01:51:57",1603.9,2,vernoncampbell
2428,16623199,"Jesse Ferguson","2026-09-19 03:01:58",1603.7,2,jesseferguson
2429,16904006,vorlian,"2026-09-16 03:18:09",1603.2,2,vorlian
2430,16862967,Unicorns,"2026-09-15 17:50:14",1602.2,2,"isaacjiang,ryokitano"
2431,16624339,"Дворкин Евгений Владимирович","2026-09-24 12:49:31",1602.2,2,evgendvorkin
2432,16662380,"Brandon Calderon-Morales","2026-09-16 03:44:42",1601.5,2,bmoe640
2433,16719869,"Swamy Gadila","2026-09-24 15:28:31",1601.3,2,testfridaycore2
2434,16895014,trying_out,"2026-09-15 20:03:10",1601.2,2,"samiatisha,vickysynapsev"
2435,16847311,WangYilin_henuAI,"2026-09-21 03:46:35",1601.0,2,"hyhyyh,violin1,xiaoming1238952"
2436,16670933,Pat,"2026-09-15 05:34:10",1600.9,2,junseia
2437,16748738,Shymohn,"2026-09-17 07:01:37",1600.4,2,shymohn
2438,16849328,"Gaurav #2","2026-09-17 13:14:38",1598.8,2,genesis96839
2439,16889522,nyayassist,"2026-09-24 16:11:29",1598.5,2,"gauravnagotanekar,raneyash"
2440,16827097,"Bình Trần Thanh","2026-09-16 03:47:00",1598.2,2,dsdadasda
2441,16732735,MMMMMMMMMMMM,"2026-09-16 14:57:27",1598.0,2,hyh273279
2442,16933118,wkdbskwsm,"2026-09-24 08:54:21",1597.7,2,wkdbskwsm
2443,16697185,"Prince Special","2026-09-24 02:05:21",1597.5,2,temitayogbolahan
2444,16775684,ketterking,"2026-09-24 15:19:59",1597.5,2,"ketterwang,wwppyywwww"
2445,16630729,"american gothic","2026-09-24 15:24:36",1597.1,2,grennwolf
2446,16711398,"Claude Fable 5.1","2026-09-19 05:09:10",1597.0,2,chenxizhao21
2447,16794542,ysd1110,"2026-09-15 15:36:07",1596.5,2,ysd1110
2448,16841026,"Max Power","2026-09-24 15:08:15",1595.6,2,markbarney
2449,16632172,Ayodeji,"2026-09-24 11:58:21",1595.6,2,ayodejiibrahimlateef
2450,16731983,Gracie,"2026-09-14 14:40:35",1595.6,2,gracie428
2451,16702275,Joyal,"2026-09-16 09:41:16",1595.5,2,joyalseejo
2452,16793553,hoon0303,"2026-09-16 12:38:01",1595.4,2,hoon0303
2453,16640540,QYQ1693,"2026-09-16 03:29:19",1594.9,2,qyq1693
2454,16653127,"Talim Aushakhman","2026-09-15 17:29:46",1594.5,2,talimaushakhman
2455,16864125,culture,"2026-09-15 12:50:09",1593.8,2,shkurak
2456,16848060,juliencst,"2026-09-15 22:41:27",1593.4,2,juliencst
2457,16840576,kfsky,"2026-09-19 11:16:48",1591.8,2,kengofujii
2458,16947583,Koranil,"2026-09-24 16:04:50",1591.6,2,koranil
2459,16881248,Veerakrishna,"2026-09-17 16:30:12",1590.3,2,veerukhannan
2460,16625082,真的懒,"2026-09-19 06:14:56",1590.0,2,gtccc9
2461,16891902,Farmcore,"2026-09-23 04:57:56",1589.8,2,"betmyex,doifgoox,garifullintimur,naviniklag"
2462,16752019,"Kaipeng Zheng","2026-09-20 08:37:16",1589.7,2,kaipengzheng
2463,16716078,H&E,"2026-09-24 02:00:13",1589.1,2,"jenzenhuang,luwyeb,wafflebear,wenjiewangdev"
2464,16720316,"Hưng Trần","2026-09-16 10:27:05",1588.5,2,hungtrabiz
2465,16887661,magic101,"2026-09-14 22:48:26",1588.4,2,magicbuttons
2466,16729102,"Bruce Zheng","2026-09-16 06:58:02",1588.4,2,brucezheng666
2467,16640780,"drezna ultra","2026-09-18 14:14:35",1586.6,2,notakes
2468,16807380,"D × MirAI","2026-09-23 10:40:30",1586.3,2,kmnkmn
2469,16751603,xxxzzz123312123321,"2026-09-24 02:40:01",1585.9,2,xxxzzz123312123321
2470,16949503,"Nikita Makarov","2026-09-24 07:14:24",1585.4,2,nikimakarov
2471,16896033,omnifluxor,"2026-09-15 09:40:03",1585.3,2,omnifluxor
2472,16832209,enduejdu,"2026-09-24 15:26:26",1585.2,2,"cliff376,enduejdu,vvennie,yuwenyue"
2473,16692923,"Pavel Kazlou","2026-09-15 07:03:42",1585.1,2,paulik
2474,16750931,"Antonio Rotundo","2026-09-19 12:04:18",1584.8,2,antoniorotundo2
2475,16731799,"Ansh The Farmer 👩‍🌾","2026-09-15 19:05:59",1583.9,2,affection
2476,16725947,SamarthRawat18,"2026-09-23 05:17:34",1582.8,2,samarthrawat18
2477,16896572,latentm,"2026-09-16 02:34:09",1582.6,2,"latentm,quannt9,xanvior,xeloria"
2478,16878353,"Hongbin Gu","2026-09-16 02:18:10",1582.3,2,guhongbin
2479,16886193,"Xiaoyong Zhu","2026-09-15 01:23:47",1582.2,2,xiaoyzhu
2480,16655582,"Yang Jinneng","2026-09-17 03:53:59",1581.2,2,adurey
2481,16630675,"Lucien de Rubempre","2026-09-13 14:14:21",1580.4,2,lucienderubempre
2482,16662314,"Hanh Tran","2026-09-16 09:57:42",1580.4,2,honghanhhh
2483,16682306,岸本湧士郎,"2026-09-15 05:27:08",1580.2,2,yushiro20021111
2484,16797029,phospholipid,"2026-09-20 23:17:05",1579.8,2,phospholipid0614
2485,16742159,mimi！,"2026-09-16 05:57:58",1578.5,2,"morongzhu,we111135"
2486,16851147,Saifuddin,"2026-09-24 05:22:34",1578.3,2,syehsyoh
2487,16745959,_demo,"2026-09-15 03:21:32",1578.0,2,fortunaterookie
2488,16671504,Agentmaster,"2026-09-16 15:21:27",1577.7,2,"kinjaza,shawnno"
2489,16891432,porzlck,"2026-09-17 10:07:44",1577.2,2,orzlck
2490,16710499,sukeke,"2026-09-15 04:28:10",1576.7,2,sukeke
2491,16665637,Luvsh81,"2026-09-15 14:36:39",1576.5,2,luvsh81
2492,16668736,bhundreds,"2026-09-19 04:19:27",1576.2,2,hundreds1103
2493,16785753,"Mizero Lucky Gall","2026-09-23 15:03:38",1575.5,2,mizeroluckygall
2494,16896886,"hemloock ","2026-09-15 12:35:43",1574.6,2,hemloock
2495,16835641,baojidehuangmao,"2026-09-17 10:38:44",1574.1,2,"brittneylewis2,innocentdzzz"
2496,16852766,MCZK,"2026-09-15 00:49:38",1574.0,2,hitoshimochizuki
2497,16635418,ocean240812,"2026-09-23 10:27:41",1573.8,2,ocean240812
2498,16662628,AbhiniveshSharma5354,"2026-09-15 06:38:39",1573.3,2,abhiniveshsharma5354
2499,16854521,koumiyata,"2026-09-20 12:57:23",1573.1,2,koumiyata
2500,16893291,"We Want... A Shrubbery!","2026-09-17 21:55:10",1572.0,2,timlongii
2501,16891562,"Weverton Guedes","2026-09-19 18:53:48",1571.5,2,owevertonguedes
2502,16647607,pumpkin,"2026-09-15 02:47:17",1570.4,2,gealachpumpkin
2503,16754838,"Berkay Özkan","2026-09-15 09:55:49",1570.2,2,berkayzkan
2504,16938872,ゴロ・イ,"2026-09-22 20:29:08",1569.9,2,gorubachohu
2505,16719884,ykhnkf,"2026-09-24 15:30:58",1569.7,2,ykhnkf
2506,16679004,"Kevin Zhao","2026-09-22 07:36:22",1568.8,2,kevinzhao666
2507,16634493,xixi,"2026-09-15 16:40:52",1568.7,2,huangcarry26
2508,16895927,logicorix,"2026-09-15 09:30:21",1567.0,2,logicorix
2509,16896854,photonova,"2026-09-15 12:29:25",1566.7,2,photonova
2510,16640600,"Giord Frank","2026-09-24 00:22:29",1566.7,2,"fggggg12345,tangerinedog"
2511,16904305,"YICHEN PAN","2026-09-16 18:39:53",1565.3,2,sakanamango
2512,16866971,imriad,"2026-09-23 04:26:59",1564.1,2,riadhhossain
2513,16895926,Zengr1,"2026-09-17 09:58:50",1564.1,2,zengr1
2514,16877685,"Felipe Figueiredo","2026-09-24 02:47:56",1563.8,2,felipefigueiredo02
2515,16660209,"Whyme Labs","2026-09-24 15:37:02",1563.6,2,whymelabs
2516,16679245,"Krzysztof Gonia","2026-09-24 10:10:20",1563.4,2,krzysztofgonia
2517,16924679,"Vandan Sharma","2026-09-20 09:50:10",1561.2,2,vanam56
2518,16637973,StephenNedumpally,"2026-09-15 07:50:55",1560.9,2,stephennedumpally
2519,16774250,"C R Suthikshn Kumar","2026-09-21 11:59:21",1560.2,2,crsuthikshnkumar
2520,16709950,"Ryan Myers","2026-09-23 09:13:46",1559.2,2,ryanmyers03
2521,16777137,Bernardus,"2026-09-22 07:16:29",1558.9,2,bernubritz
2522,16936519,Found,"2026-09-23 07:28:34",1557.9,2,seventeennine
2523,16889004,SkOnTheRocks,"2026-09-15 11:43:43",1557.8,2,skontherocks
2524,16864346,"Yanwei Lu","2026-09-15 19:27:35",1557.3,2,yanweilu
2525,16836633,Yukino487,"2026-09-24 15:28:51",1555.8,2,"xingyulll,yukino487"
2526,16731678,ShadowT_T,"2026-09-24 14:42:25",1554.9,2,shadowtt
2527,16676278,"Om Sangwan","2026-09-23 15:04:01",1554.6,2,omsangwan
2528,16927550,User1114,"2026-09-24 03:04:44",1554.2,2,lyboihh
2529,16670504,Shirabe,"2026-09-17 03:00:23",1553.7,2,carlmakt
2530,16706892,Ko,"2026-09-13 08:01:21",1553.5,2,syurenuko
2531,16755099,"Aleksandr Ulianin","2026-09-14 12:05:33",1552.3,2,aleksandrulianin
2532,16694346,ywwywww,"2026-09-14 07:52:56",1552.2,2,ywywww
2533,16744342,"glupez ","2026-09-23 16:52:06",1551.5,2,glupez
2534,16893208,hongan,"2026-09-15 21:49:30",1550.7,2,honganzhu
2535,16673370,JeovaAnderson,"2026-09-24 15:45:12",1550.5,2,jeovaanderson
2536,16862582,StephaneB7899,"2026-09-14 02:34:17",1550.3,2,stephaneb7899
2537,16868001,"Young MacDonald","2026-09-18 15:16:22",1550.0,2,natert
2538,16879185,"xuhang ren","2026-09-24 07:51:57",1548.2,2,xuhangren
2539,16690923,"Maqsoud Tawaliou","2026-09-20 12:06:04",1547.7,2,maqsoudtawaliou
2540,16761418,"Piggy Piggy","2026-09-14 23:37:49",1546.8,2,txgg123
2541,16767960,"Yuvraj Bhati","2026-09-14 23:24:32",1546.4,2,avioon
2542,16724366,"YASH JAIN","2026-09-23 15:58:40",1545.8,2,yashjain911
2543,16622531,"musya lyusya team","2026-09-15 17:44:15",1545.2,2,vswz2nqp
2544,16931121,Caocao,"2026-09-24 12:27:11",1544.6,2,caocaoIvy
2545,16849778,"Kim Minh","2026-09-22 03:21:00",1544.0,2,hanming14
2546,16751828,"E. Honda","2026-09-23 00:49:00",1543.7,2,toseihatori
2547,16891791,judy12345.0316,"2026-09-15 05:38:38",1543.6,2,judy123450316
2548,16639642,c-number,"2026-09-13 03:29:40",1543.2,2,cnumber
2549,16796574,cununn,"2026-09-22 12:49:57",1543.0,2,w007425y
2550,16872207,"Tèo Búng","2026-09-18 08:06:06",1542.5,2,teobung
2551,16739181,yamu_duck,"2026-09-18 12:14:10",1542.5,2,crazyleg11
2552,16840921,evolved,"2026-09-15 05:03:46",1541.5,2,algunion
2553,16806728,"Neural Knight","2026-09-17 18:28:35",1541.0,2,"chinmaymnaik,sivasainath06"
2554,16693439,"Ankit Hemant Lade","2026-09-24 13:19:15",1540.7,2,"ankitlade12,jsaikrishna"
2555,16764546,Thirst,"2026-09-15 13:07:32",1540.6,2,wahidakram
2556,16896267,HendraDanuSaputraChauwito,"2026-09-16 12:37:41",1540.5,2,usilisme
2557,16887142,backsider,"2026-09-16 09:34:44",1540.3,2,backsider
2558,16706576,王一凡,"2026-09-23 01:33:57",1540.2,2,"liuziyang1016,mikakohinata68"
2559,16622898,"sbol ball","2026-09-24 15:54:26",1539.5,2,"linearbasis,maksimkostritsya"
2560,16757253,ZEE,"2026-09-24 14:37:43",1539.5,2,randyzhang666
2561,16770229,"shivam kanojia","2026-09-14 04:50:37",1539.2,1,shivamkanojia1
2562,16730713,"Michael Mueller","2026-09-20 19:57:03",1539.2,2,michaelmueller26
2563,16829053,BigAngel,"2026-09-14 16:24:46",1536.7,2,kevin8093
2564,16845023,zhtmgxr,"2026-09-17 04:53:03",1536.5,2,zhtmgxr
2565,16828191,wanghongwei111,"2026-09-14 13:07:32",1536.4,2,wanghongwei111
2566,16845020,AGI,"2026-09-17 18:19:05",1536.3,2,"guusadema,tgroen3"
2567,16835851,ruizhichen,"2026-09-22 16:59:50",1536.1,2,ruizhichen
2568,16701051,"Komi ShouKo","2026-09-24 11:06:41",1536.1,2,asdwswdxd
2569,16674353,"Lakshmanan R","2026-09-24 06:18:55",1536.0,2,lakshmanankumar02
2570,16757320,Jingxiang,"2026-09-12 22:11:32",1535.4,2,jingxiango
2571,16744914,"El Mehdi EL JAIR","2026-09-21 07:56:02",1535.2,2,elmehdieljair
2572,16653311,"Stanislav Tsepa","2026-09-23 03:59:09",1535.1,2,mrtsepa
2573,16845695,"Nam Lê Phương","2026-09-14 06:56:08",1534.0,2,pearpn25
2574,16731577,RYnerv,"2026-09-14 11:33:32",1533.8,2,rynerv
2575,16758817,Ruwawa,"2026-09-15 14:26:15",1533.5,2,ruwawa
2576,16723427,"Nikita Biryukov","2026-09-14 07:00:48",1532.7,2,bnikita
2577,16783021,"TAN TIANYE","2026-09-13 03:04:35",1532.7,2,tantianye
2578,16659771,DieByTheSword,"2026-09-16 08:53:03",1532.6,2,przemysawstroiws
2579,16709236,rick11224,"2026-09-13 16:37:58",1532.2,2,rick11224
2580,16903902,wanghaozhi,"2026-09-20 02:00:08",1532.2,2,wanghaozhi
2581,16764301,"Quýt đây đừng sợ","2026-09-20 15:19:28",1532.1,2,ponschannel
2582,16646970,juewang1p,"2026-09-21 13:00:11",1532.0,2,juewang1p
2583,16891334,"Ruslan Akhmetov","2026-09-14 12:21:55",1531.4,1,ecolla999
2584,16630129,"Yi Lu","2026-09-16 01:54:33",1531.0,2,liqiu0224
2585,16674295,"Nguyễn Minh Hiếu","2026-09-19 07:44:18",1531.0,2,endermage
2586,16630784,"🚜 Sub-Par Seedlings","2026-09-15 16:54:05",1530.5,2,"dwellement0baser,michaellist,oneupkiwi,wilhelmberghammer"
2587,16802442,"Rabia Eda Yılmaz","2026-09-15 19:10:02",1530.1,2,truthisneverlinear
2588,16716558,"Evan Tobias","2026-09-17 17:19:57",1529.8,2,evantobias
2589,16791254,player123,"2026-09-21 15:21:23",1529.2,2,prashantbhattarai093
2590,16843303,inori315,"2026-09-14 13:31:27",1529.0,2,inori315
2591,16881882,Fl,"2026-09-14 21:42:24",1528.7,2,flagon
2592,16641372,ShoaibSSM,"2026-09-14 11:41:29",1528.0,2,"naveenlx111249971939,shoaibssm"
2593,16750575,Gronk,"2026-09-24 05:37:06",1528.0,2,jianyicai
2594,16679827,Juanky_too,"2026-09-23 16:40:06",1527.9,2,juankytoo
2595,16845382,Alpha_Ashwin007,"2026-09-23 20:31:55",1527.9,2,alphaashwin007
2596,16733016,Quillbolt,"2026-09-18 00:33:45",1527.5,2,tunminhhunh
2597,16662749,Jordan,"2026-09-24 10:21:10",1527.5,2,extergeist
2598,16621355,Raiden.B,"2026-09-22 16:08:44",1527.3,2,raidenb
2599,16630312,beijijun,"2026-09-14 12:04:11",1527.0,2,beijijun
2600,16802843,Dream,"2026-09-16 02:45:24",1526.7,2,"jamesl8,tzeweilim"
2601,16654742,"Aastik Rajan15","2026-09-14 11:58:25",1525.8,2,aastikrajan15
2602,16905643,yngd99,"2026-09-16 12:32:42",1525.6,1,yngd99
2603,16697898,"Yin Li","2026-09-13 12:57:24",1524.9,2,kevin250304
2604,16841440,CornFormer,"2026-09-17 03:03:35",1524.1,2,linyangtian
2605,16654322,"Debatreya Biswas","2026-09-24 14:55:19",1524.0,2,debatreyabiswas
2606,16936434,joshuag99,"2026-09-21 22:33:29",1523.9,2,joshuag99
2607,16684704,LIQUIDHORSE,"2026-09-14 17:57:58",1523.0,1,liquidhorse
2608,16669441,"Chirag Desai","2026-09-18 15:03:16",1522.9,2,cid007
2609,16644877,lu_fish,"2026-09-21 02:47:53",1522.6,2,thefish114514
2610,16862912,"Nicolas Krusche","2026-09-15 00:03:10",1522.5,2,nicolaskrusche
2611,16861256,lizh2025,"2026-09-16 15:02:06",1522.1,2,lizh2025
2612,16709504,U023,"2026-09-14 16:44:14",1521.7,2,ryutek
2613,16924916,Teraya,"2026-09-24 15:34:23",1521.5,2,yuyaterasawa
2614,16634246,just_calculate,"2026-09-19 07:28:38",1520.9,2,justcalculate
2615,16654027,shiv,"2026-09-14 15:18:51",1520.7,2,shivaurora
2616,16846069,"Bryce Muhlnickel","2026-09-14 03:27:19",1519.0,2,tokenjunkielabs
2617,16760515,"Kazuo Watanabe","2026-09-14 12:06:35",1518.8,2,watanabekazuo
2618,16629873,UncleWKTK,"2026-09-13 05:24:28",1518.5,2,unclewktk
2619,16942429,"yangjian zhu","2026-09-24 12:16:37",1518.5,1,yangjianzhu
2620,16623034,"Vlad Kochetov","2026-09-24 14:00:58",1518.2,2,vladkochetov07
2621,16884753,God111,"2026-09-24 15:10:41",1517.8,2,god111
2622,16885455,"Ali Azizi","2026-09-19 12:36:06",1517.7,2,aliazizi1
2623,16791924,magu1234,"2026-09-14 08:15:32",1516.9,2,magu1234
2624,16735353,我是刘大聪,"2026-09-14 16:55:50",1516.6,2,smartorz
2625,16661539,"Ilia Mironov","2026-09-23 22:03:44",1516.6,2,millcool
2626,16671133,Kazeneko,"2026-09-14 22:39:30",1516.4,2,kazeneko77
2627,16722295,"Yuya Shintani","2026-09-20 16:06:02",1516.1,2,uplus26e7
2628,16886979,"Ivan Toropin","2026-09-13 21:21:17",1515.2,2,ivantoropin
2629,16735628,RB25det,"2026-09-24 08:43:11",1515.2,2,"perrodawn,rb25det,shinzotakayama,toranosukenoda"
2630,16890503,KevinYongxin,"2026-09-14 08:52:18",1515.2,1,yongxinkwan
2631,16624109,"Nguyễn Thế Minh Đức","2026-09-15 01:01:29",1515.0,2,nguynthminhc
2632,16649314,"Yuka,Ota","2026-09-14 08:17:18",1515.0,2,yukaika
2633,16796133,NoMoreThan20Words,"2026-09-15 00:19:25",1514.9,2,nomorethan20words
2634,16713335,"Muhammad Imran","2026-09-14 09:42:21",1514.3,2,muhammadimranchitral
2635,16693942,"Lisan al-Gaib","2026-09-19 17:10:43",1513.9,2,azrihasin
2636,16730495,joinus,"2026-09-15 08:34:22",1513.7,2,joinus2003
2637,16695685,"kwon yong deuk","2026-09-24 15:52:43",1513.4,2,kwonyongdeuk
2638,16635504,"Datta Dhebe","2026-09-12 22:41:11",1512.5,2,dattadhebe
2639,16841799,珍珠,"2026-09-14 16:49:56",1512.4,2,luochen6
2640,16674174,"Ramesh Arvind","2026-09-24 06:37:42",1512.3,2,rameshln
2641,16684641,t.me/aetheranime,"2026-09-13 10:22:28",1512.1,2,yfrite
2642,16706222,"Xiangyu Liu","2026-09-24 15:41:35",1511.8,2,xiangyuliu007
2643,16672448,"Crisis Liu","2026-09-23 05:47:19",1511.4,2,crisisliu
2644,16884892,AQiDA19,"2026-09-14 02:32:26",1511.4,2,aqida19
2645,16659395,HyperX,"2026-09-15 11:53:22",1511.3,2,"diversedharun,harishinkaggle"
2646,16728321,Rohitt_94,"2026-09-14 11:49:40",1510.0,1,rohitt94
2647,16667766,vasujain7,"2026-09-14 17:44:19",1509.5,2,vasujain7
2648,16674586,"Stanislav Ilin","2026-09-15 13:33:30",1509.1,2,stanislavilin2026ai
2649,16881350,xwl_tree,"2026-09-18 10:40:29",1508.7,2,xwltree
2650,16681405,"Yusuke Hayashi","2026-09-14 10:10:00",1508.7,2,yhay81
2651,16840588,Q.Ai,"2026-09-13 19:36:27",1508.5,2,"alperennbaran,hseyinemre134"
2652,16698206,"Bark at the Barnyard","2026-09-14 15:22:45",1508.4,2,mming0430
2653,16802410,"Aleksandr  Larko","2026-09-14 02:42:42",1507.7,2,alexxanderlarko
2654,16769435,"Nguyễn Mạnh","2026-09-21 04:23:56",1507.7,2,nguyenmanh97
2655,16881755,MudassarPAPI,"2026-09-14 08:59:06",1507.4,2,mudassarpapi
2656,16731074,UmutUygurr,"2026-09-24 09:57:32",1507.3,2,"dilahbaheci,umuttuygurr"
2657,16854842,ijiiok,"2026-09-21 11:46:42",1507.3,2,ijiiok
2658,16865554,"parker tan","2026-09-18 10:42:33",1507.1,2,parkertan
2659,16672121,"Tiger bonbon","2026-09-14 03:41:59",1507.0,2,fujiwarayuto
2660,16892272,"Leo #3","2026-09-14 15:44:18",1506.3,1,leo123321
2661,16641816,"Toshiki Honda","2026-09-16 15:03:37",1506.3,2,toshikihonda
2662,16753925,"Tyler Durden","2026-09-15 08:06:49",1506.3,2,jeedimetlacharan213
2663,16777836,キムチ納豆,"2026-09-13 07:07:18",1506.3,1,ccchikuwa
2664,16893402,tedo,"2026-09-15 00:05:46",1506.2,2,takuroedo
2665,16810030,fukumayo,"2026-09-23 05:07:59",1505.4,2,fukumayouta
2666,16691670,wangbin.dev,"2026-09-17 16:58:12",1505.2,2,wangbindev
2667,16697411,VynoDePal,"2026-09-20 23:47:47",1504.9,2,kvynodjo
2668,16925604,"Fritz Cremer","2026-09-23 22:45:28",1504.7,2,fritzcremer
2669,16863335,"Bright Choice AI","2026-09-24 11:18:12",1504.7,2,brightchoiceai
2670,16728160,Ozi,"2026-09-14 18:37:07",1504.6,2,muhammaduzair21
2671,16691001,"Mahmoud Abdelshafy","2026-09-14 20:08:03",1504.6,2,mahmoudabdshafy
2672,16674948,habe.sq,"2026-09-15 13:31:54",1503.8,2,habesq
2673,16793755,"Juank Suarez","2026-09-20 02:45:18",1503.8,2,juanksuarez
2674,16875464,tllswelp,"2026-09-13 11:07:16",1503.8,2,tllswelp
2675,16658382,vladee,"2026-09-22 15:31:10",1503.3,2,vladee
2676,16630803,"Mirza Milan Farabi","2026-09-13 21:59:25",1502.7,2,mirzamilanfarabi
2677,16740431,yuikag,"2026-09-16 02:50:40",1502.6,2,yuikag
2678,16679987,"Said Mohamed Omary","2026-09-21 11:31:47",1502.5,2,saidmohamedomary
2679,16716533,wiffany,"2026-09-13 11:23:08",1501.8,2,wiffany
2680,16736265,"Marko Rupnik","2026-09-12 21:03:29",1501.6,2,markorupnik
2681,16707303,meTeam,"2026-09-24 15:12:00",1501.4,2,aaronzribi
2682,16697540,"Jared Floersch","2026-09-24 12:24:14",1501.4,2,jaredfloersch
2683,16806146,"Factual Explorer","2026-09-12 20:05:48",1501.0,2,factualexplorer
2684,16659286,shane18,"2026-09-24 05:22:04",1500.7,2,shane18
2685,16810141,"Sijie Ma","2026-09-13 14:22:49",1500.0,2,"dimashitong112,sijiema"
2686,16622788,Fitzcarraldo,"2026-09-24 11:48:24",1499.5,2,ivankuc
2687,16780995,"Silver Surfer","2026-09-13 15:19:13",1499.2,2,hausch11
2688,16707865,"bb aa","2026-09-20 09:47:41",1498.6,2,bbaa233
2689,16796235,"Keside Onyeocha","2026-09-20 01:25:05",1497.7,2,kesideonyeocha
2690,16669604,"Abhijit Pise","2026-09-13 21:25:57",1497.3,2,abhijitpise
2691,16884368,LaManbo,"2026-09-13 10:51:44",1496.7,2,encizhang
2692,16845165,Tanuki_boosting,"2026-09-13 12:41:51",1496.5,2,miyamotodaiya
2693,16756698,savoelh,"2026-09-23 17:33:18",1496.0,2,savoelh
2694,16662984,"Mark Schatza","2026-09-17 18:27:19",1495.9,2,markschatza
2695,16772460,"Дмитрий Онин","2026-09-14 05:22:31",1495.6,2,rejo1ce
2696,16870577,"Kenan Zhang9","2026-09-21 02:18:25",1494.2,2,kenanzhang9
2697,16655844,MAFIN,"2026-09-14 12:37:15",1494.1,2,moneyman91
2698,16884861,Sky,"2026-09-13 07:20:40",1493.9,2,dhaksheshwarm
2699,16751411,"lamb Liu","2026-09-18 12:58:26",1493.6,2,liuxiaohua72
2700,16845112,"Robert Baburin","2026-09-20 18:23:29",1493.3,2,robertbaburin
2701,16652272,"nadhir hasan","2026-09-13 14:07:09",1492.6,2,nadhirhasan
2702,16861637,薄荷喵呜,"2026-09-12 09:39:16",1492.5,2,bohemiao
2703,16780279,"N Divij","2026-09-12 18:30:06",1491.8,2,divijio
2704,16809200,v0m0v,"2026-09-13 12:09:18",1491.7,2,maguchiya
2705,16715066,akahane,"2026-09-16 21:06:58",1490.6,2,shuheiakahane
2706,16918568,"Penn Lam","2026-09-24 09:56:43",1490.4,2,pennlam
2707,16866868,mr_children_0617,"2026-09-14 13:01:56",1489.9,2,mrchildren0617
2708,16703315,"Ryan Triplett","2026-09-23 23:26:48",1489.8,2,ryantriplett
2709,16668564,"Rikito Kanda","2026-09-14 13:01:57",1489.7,2,rikitokanda
2710,16847725,SOLUCIENCE,"2026-09-22 14:41:42",1489.4,2,solucience
2711,16715216,Colin,"2026-09-15 12:36:41",1489.4,2,umcolin
2712,16743342,"Артём Свинобоев","2026-09-13 11:38:29",1489.0,2,ssstelmah
2713,16674878,KirillKlem,"2026-09-13 18:19:27",1488.8,2,kirillklem
2714,16658426,RIVEN23,"2026-09-15 04:02:51",1488.7,2,riven5
2715,16716867,"Kevin Gemilang","2026-09-19 04:52:17",1488.6,2,kevingemilang
2716,16794630,"Yuchuan Ding","2026-09-14 04:55:24",1488.2,2,yuchuanding
2717,16761593,Azathoth,"2026-09-24 07:18:31",1487.9,2,stsaasts
2718,16718649,"Zakaria Aala","2026-09-22 22:55:40",1487.1,2,zlordgrim
2719,16885704,tavrico,"2026-09-13 09:52:55",1487.0,2,tavrico
2720,16942273,"Sravanthi Kovvuri","2026-09-23 12:14:18",1486.9,2,sravanthikovvuri
2721,16815017,Humanitis,"2026-09-24 16:07:34",1486.9,2,humanitis
2722,16884902,yovrini,"2026-09-13 05:49:06",1486.9,2,yovrini
2723,16881121,Annsatz,"2026-09-14 14:59:00",1486.6,2,ansatzkong
2724,16885734,zylvento,"2026-09-13 10:02:37",1486.1,2,"lorvexa,zylvento"
2725,16622820,"Sergey Nefedov","2026-09-13 18:00:39",1485.9,2,sergionefedov
2726,16725287,NoahRyan,"2026-09-13 10:37:32",1485.8,2,beginner080
2727,16731501,"Shiv Satyam","2026-09-13 22:14:15",1485.1,2,shivsatyam
2728,16669594,euorrl,"2026-09-19 22:06:36",1484.9,2,euorrl
2729,16659419,"Chahat Mehra","2026-09-22 08:47:25",1484.8,2,chahatmehra
2730,16855071,Janvi_ch,"2026-09-13 18:22:18",1484.0,2,janvich
2731,16731630,SatoshiN04,"2026-09-23 14:12:49",1483.5,2,satoshinakamura04
2732,16792799,Kohecchi,"2026-09-15 16:17:53",1483.3,1,kohecchi
2733,16863498,Jackmama-nolfwin,"2026-09-13 04:36:37",1482.7,2,nolfwin
2734,16898090,"Zbigniew Kirchner","2026-09-24 15:52:26",1482.3,2,zbigniewkirchner
2735,16657587,PxlPau,"2026-09-13 00:34:27",1482.3,2,studybeetutoring
2736,16797154,"Elvern Neylmav Tanny","2026-09-13 23:37:07",1481.7,2,elvernneylmavtanny
2737,16875849,"Yaotong Niu","2026-09-15 13:37:34",1481.0,2,yaotongniu
2738,16637898,"Marek Nurzynski","2026-09-23 15:03:13",1480.4,2,marek3000
2739,16870485,agentic,"2026-09-16 19:21:30",1479.7,2,"audiuphile,mark5221,sidchevvan"
2740,16655098,"Brotron Carbide","2026-09-13 03:38:35",1479.7,2,brotroncarbide
2741,16775242,"Timothee Henry","2026-09-24 15:20:06",1479.1,2,timhenry
2742,16644818,chudddc,"2026-09-24 14:43:09",1478.8,2,chudddc
2743,16885807,S3unburst,"2026-09-13 10:25:40",1478.1,2,s3unburst
2744,16807802,嘴爷,"2026-09-14 02:14:43",1477.5,2,zui0711
2745,16686155,梁圣的恩情还不完,"2026-09-14 14:08:46",1477.4,2,yyyyhhhhwww
2746,16706004,Divyansh,"2026-09-23 19:47:12",1477.2,2,sehgaldivyansh
2747,16879614,"Razvan Stancioiu","2026-09-22 20:24:54",1476.4,2,razvanstancioiu
2748,16811949,PeterDreamHan,"2026-09-24 16:07:47",1476.3,2,"niuwh1004,peterdreamhan"
2749,16946333,KIT,"2026-09-23 09:13:30",1474.9,2,ray6767
2750,16732945,"Aru Ohta","2026-09-22 14:21:41",1474.6,2,aruohta
2751,16875618,"Joel P. Joseph","2026-09-16 13:33:52",1474.4,2,joelpjoseph
2752,16871327,"Anh Bui","2026-09-18 04:29:28",1473.6,2,bibanh
2753,16643554,"Arnie Jimenez","2026-09-16 16:50:18",1473.4,2,arniejimenez
2754,16766796,panda__MB__maximus,"2026-09-24 05:55:53",1473.2,2,tanishmohokar09
2755,16633773,copasta,"2026-09-13 06:16:43",1472.8,2,copasta
2756,16847763,MartinZiserman,"2026-09-11 23:53:37",1472.7,2,zarmii
2757,16858523,"Taivanbat Bayarsaikhan","2026-09-24 08:03:28",1472.5,2,taivnaaiwnl
2758,16630418,butterchicken,"2026-09-13 12:29:23",1472.3,2,"ritanshuprasad,sriramlingavel01"
2759,16723988,yuyinghuang,"2026-09-13 07:00:33",1471.9,2,yuyinghuang
2760,16657887,"Yermak Petro","2026-09-24 11:43:50",1471.2,2,yermakpetro
2761,16657265,"Hemant Kumar","2026-09-18 13:53:47",1468.6,2,hemantrajputt
2762,16639168,Sergey,"2026-09-13 08:22:45",1468.4,2,sergeymikhailovn
2763,16865854,lancerhim,"2026-09-14 04:18:21",1468.2,2,lancerhim
2764,16761167,"Tejasteju M P","2026-09-24 04:29:56",1467.2,2,tejastejump
2765,16855088,Re:dorf,"2026-09-15 12:44:10",1466.9,2,reydorf
2766,16854439,"Yosef Zoabi","2026-09-13 21:05:15",1466.3,2,yosefzoabi
2767,16632527,"GIVE ME A JOB","2026-09-10 09:35:11",1466.3,2,tarokogawa
2768,16665841,"Mohit Rao","2026-09-14 05:22:15",1465.0,2,vmohitrao
2769,16884822,reziavon,"2026-09-13 05:38:11",1464.7,2,reziavon
2770,16881631,"Arjun Sharma","2026-09-12 14:47:32",1463.7,2,arjundsharma
2771,16623603,"Renji Starfall","2026-09-13 14:14:01",1463.1,2,renjistarfall
2772,16711317,"yf D","2026-09-24 03:30:04",1463.1,2,dengvitruviano
2773,16654109,"Mohamed Amine Aichaoui","2026-09-22 21:38:11",1463.0,2,mohamedamineaichaoui
2774,16798152,"A secretive person","2026-09-18 14:09:57",1462.8,2,asecretiveperson
2775,16882077,telep,"2026-09-22 15:21:34",1462.5,2,vitaliypyvovar1
2776,16877997,Mirlan,"2026-09-13 07:44:53",1461.7,2,zmtrxq
2777,16705318,arminhej96,"2026-09-22 05:17:55",1461.7,2,arminhej96
2778,16708546,"Blue Rain","2026-09-12 04:15:32",1460.2,2,bluefeather386
2779,16681049,"SiLin “Can SiLin” Can","2026-09-13 05:44:26",1460.1,2,"k3rn3l,silincansilincan"
2780,16855156,"Lior Toledano","2026-09-15 18:15:51",1459.1,2,liortoledano
2781,16885770,"Rahul Jangra","2026-09-13 10:13:19",1458.9,1,leonado10000
2782,16904440,"Orion on earth","2026-09-24 15:43:34",1458.7,2,oriononearth
2783,16717787,Bull,"2026-09-24 14:55:13",1458.5,2,welshonionman
2784,16879027,XMHHHH,"2026-09-24 15:03:15",1458.3,2,jkkhhoo
2785,16839489,Q1du,"2026-09-12 10:12:02",1458.3,2,zjecust
2786,16941958,"Justin Anderson","2026-09-24 12:47:15",1458.1,2,justanderson
2787,16864988,"jiangling wang","2026-09-13 10:59:00",1458.1,1,jianglingwang
2788,16737041,presucc,"2026-09-13 04:13:37",1458.0,2,presucc
2789,16733748,"Ashutosh Agarwal","2026-09-15 07:49:32",1458.0,2,ashutoshagarwal088
2790,16689748,cheesytoasts,"2026-09-24 02:08:47",1457.9,2,cheesinnn
2791,16905838,lin_,"2026-09-24 12:41:31",1457.7,2,linabohachuk
2792,16884932,torvile,"2026-09-13 05:54:14",1457.6,2,torvile
2793,16885599,Suiban,"2026-09-22 12:19:22",1457.3,2,suiban410219
2794,16809721,siren2345,"2026-09-22 14:35:50",1456.4,2,siren2345
2795,16622245,"Vlas Veles","2026-09-19 15:15:11",1455.9,2,vlasveles
2796,16822395,"Vladimir Galatenko","2026-09-24 02:41:17",1455.9,2,vladimirgalatenko
2797,16689863,yukichi0403,"2026-09-15 12:39:45",1455.3,2,yukitake93
2798,16747161,wqlun06,"2026-09-24 11:57:40",1454.8,2,wqlun06
2799,16947863,"Minato Namikaze","2026-09-24 15:07:13",1454.1,2,arunklenin
2800,16749352,"Ian Virchenko","2026-09-14 10:23:15",1453.7,2,yvainr
2801,16748559,GodofThunder2407,"2026-09-13 06:18:15",1453.2,2,godofthunder2407
2802,16660041,"Hoàng Quốc Việt ","2026-09-13 04:56:59",1452.4,2,viethwang3i
2803,16635233,"Szymon Kłapiński","2026-09-12 10:11:30",1452.4,2,szymonkapiski
2804,16731926,"Pardheev Krishna","2026-09-12 12:08:13",1452.2,2,"anandkumar0901,ayushjiwatramani,nidhibsh,nitindatanylatics,pardheev"
2805,16682892,"Alvaro Llamojha","2026-09-24 06:44:17",1452.0,2,alvarollamojha
2806,16671596,Sibato,"2026-09-22 00:41:44",1451.9,2,sibato
2807,16881613,refluxor,"2026-09-12 14:44:46",1451.6,2,refluxor
2808,16867375,YUXUCH,"2026-09-18 13:21:43",1451.5,1,yuxuch
2809,16862084,weiooocnnnnnn,"2026-09-15 11:52:22",1451.2,2,weiooocn
2810,16862944,Luchsus,"2026-09-14 23:29:16",1450.6,2,jansteindlstarlinger
2811,16729765,"Caio Ruiz","2026-09-24 06:47:45",1450.2,2,chvruiz
2812,16886066,latentb,"2026-09-13 11:55:55",1449.1,2,latentb
2813,16696099,moss,"2026-09-13 09:31:52",1448.8,2,kenyashimizu
2814,16662618,"Soledad Santiago","2026-09-20 21:45:56",1447.9,2,soledadsantiago
2815,16881237,"Chunlai Li","2026-09-12 13:58:51",1447.0,2,lichunlai123
2816,16882304,"Lokesh Prajapat","2026-09-12 18:20:47",1446.9,1,lokesh0252
2817,16673230,saitamad,"2026-09-21 06:08:04",1446.9,2,saitamad
2818,16635340,"zhuo wamg","2026-09-24 15:34:10",1445.9,2,zhuowamg
2819,16783173,"Michael Shihong Zhang","2026-09-13 05:39:27",1445.9,2,"excelexx,festyve"
2820,16712751,haruo_tensai,"2026-09-24 13:44:32",1445.5,2,haruotensai
2821,16842293,"WANG HONGXIANG","2026-09-20 15:33:21",1445.2,2,wanghongxiang
2822,16818194,sugiharahara,"2026-09-24 15:33:48",1444.6,1,sugiharahara
2823,16709463,MKhlystun,"2026-09-23 03:57:42",1444.0,2,mkhlystun
2824,16783537,JustinybGao,"2026-09-20 15:51:23",1443.7,2,justinybgao
2825,16861278,"Michael Pershin","2026-09-24 08:34:42",1442.9,2,michaelpershin
2826,16862806,kitsada,"2026-09-19 09:59:59",1442.6,2,wangwaen
2827,16806556,KyryloBakumenko,"2026-09-19 04:10:00",1442.5,2,kyrylobakumenko
2828,16869555,"Karthik Nambiar","2026-09-15 07:13:16",1442.5,2,karthiknambiar387239
2829,16881267,"juu meng","2026-09-13 07:07:40",1442.0,2,juumeng
2830,16881521,Juniperss,"2026-09-12 14:16:09",1442.0,2,juniperss
2831,16948046,"Jeroen Cottaar","2026-09-23 14:38:47",1440.2,2,jeroencottaar
2832,16635973,"Code by Nadiia","2026-09-24 11:05:35",1439.8,2,codebynadiia
2833,16746689,"Harm Buisman","2026-09-22 17:34:46",1439.8,2,harmbuisman
2834,16781506,un0o7,"2026-09-11 13:10:36",1437.7,2,hjhsdsdww
2835,16832226,"DI27 RF","2026-09-13 02:34:01",1437.5,2,di27rf
2836,16749034,digitalChaos,"2026-09-12 18:15:34",1436.9,2,digitalchaos666
2837,16875733,Fronta,"2026-09-13 06:47:59",1436.8,2,mirichima
2838,16859690,Molood,"2026-09-10 20:30:43",1436.6,2,molooda
2839,16881783,novasync88,"2026-09-12 15:27:48",1436.5,2,novasync88
2840,16668789,qaq7864,"2026-09-12 10:01:49",1436.5,1,qaq7864
2841,16845314,ryvhii,"2026-09-21 06:51:36",1436.5,2,ryvhii
2842,16717756,Dominick,"2026-09-21 03:04:42",1435.7,2,kcinimod
2843,16857987,fujia,"2026-09-19 05:16:43",1434.7,2,fujiasama
2844,16684402,vn1111,"2026-09-11 16:22:10",1433.8,2,vn1111
2845,16949344,M1R0OFFICIAL,"2026-09-24 00:09:03",1433.7,1,m1r0official
2846,16878707,"Shiva Somasundaram Balaji","2026-09-13 05:58:09",1433.1,2,shivasomasundaramb
2847,16639731,williamrawling,"2026-09-23 00:10:22",1432.9,2,williamrawling
2848,16698726,加油,"2026-09-14 12:25:38",1431.8,2,honeeyl
2849,16744503,"Jun AKita","2026-09-12 04:12:19",1430.2,2,junakita
2850,16730357,"My second life","2026-09-24 15:29:23",1430.0,2,"giovannibaldon,jjinho,pavelsavchenkov,ttyn4519"
2851,16771703,"Moomin and his farm","2026-09-12 07:03:58",1429.7,2,ataraxyyeah
2852,16881818,gradfield21,"2026-09-12 15:44:29",1429.2,2,gradfield21
2853,16928266,"Arun Khatua","2026-09-24 05:25:15",1429.1,2,arunkhatua
2854,16830984,lizhengui,"2026-09-13 06:34:44",1428.7,2,lizhengui
2855,16795698,ml_gg,"2026-09-24 15:34:43",1428.6,2,ramnarayanchoudhary
2856,16712329,"Andrej Carpenter","2026-09-22 07:36:56",1428.4,2,andrejcarpenter
2857,16692725,"Zhen Li","2026-09-12 10:05:10",1428.0,2,zhenlisak
2858,16862390,huytngo,"2026-09-13 02:44:09",1427.4,2,huytngo
2859,16765151,htnhtn,"2026-09-23 11:56:32",1427.4,2,htnhtn
2860,16881585,Venqira,"2026-09-12 14:31:19",1426.7,2,venqira
2861,16684401,WQAAAA,"2026-09-12 03:28:35",1425.6,2,wqaaaa
2862,16855665,"Yash Yadav","2026-09-13 06:58:11",1425.1,2,yash2072005
2863,16756965,gchauhan,"2026-09-15 06:57:02",1424.9,2,gchauhan
2864,16839754,"Lauresowe 3D","2026-09-12 10:00:06",1424.1,2,lauresowe3d
2865,16849377,try,"2026-09-12 20:23:11",1424.1,2,weishanshan033
2866,16669038,"Nabeel Shar","2026-09-13 09:17:32",1423.7,2,nabeelshar
2867,16878308,Pjchauhan,"2026-09-24 12:14:13",1423.3,2,pjchauhan
2868,16657276,"Пётр П","2026-09-22 17:14:18",1422.0,2,petrinvest
2869,16641309,klog,"2026-09-12 04:48:32",1421.9,2,mhrzmmhrzm
2870,16825815,linchenge,"2026-09-15 13:09:57",1421.6,2,linchenge
2871,16689186,NCK,"2026-09-12 04:31:04",1420.5,2,drnchaitanyakumar
2872,16814701,e0970145,"2026-09-10 11:43:21",1420.4,2,maxxtucker
2873,16791163,woldy,"2026-09-24 05:12:34",1420.3,2,woldywei
2874,16731194,"Neglected Turtle","2026-09-14 10:40:18",1420.1,2,pleaselike
2875,16790931,100rabh,"2026-09-12 16:42:27",1420.1,2,saurabhkumar234
2876,16664761,"Udit Jain #2","2026-09-12 00:14:14",1418.2,2,iamudit
2877,16713281,SirShifu,"2026-09-10 22:19:52",1417.8,2,sirshifu
2878,16688587,yamashu,"2026-09-21 01:17:33",1417.8,2,yamashuuu
2879,16663929,"Erman Man","2026-09-12 02:05:39",1417.8,2,ermanman
2880,16659957,LeFarmers,"2026-09-17 02:17:07",1417.6,2,"jaydonjp,kuantumknight"
2881,16660250,Moshel,"2026-09-12 23:06:43",1416.9,2,moshel
2882,16734447,"Ali Bauyrzhan","2026-09-22 14:48:32",1416.8,2,alibauyrzhan
2883,16756765,DharmParmar,"2026-09-23 01:19:56",1416.6,2,dharmparmar
2884,16728084,iwance,"2026-09-13 10:55:14",1416.5,2,iwance
2885,16772119,Workybara.ai,"2026-09-12 03:16:14",1416.1,2,workybaraai
2886,16775571,Gaurav06520,"2026-09-15 12:38:42",1415.8,2,gaurav06520
2887,16858414,wantOchange,"2026-09-13 01:00:32",1414.9,2,wantochange
2888,16677568,yarneo,"2026-09-16 10:07:53",1414.4,2,yarneo
2889,16867601,tadashikato,"2026-09-24 13:31:33",1413.8,2,tadashikato
2890,16662735,"Kurian George","2026-09-11 17:16:25",1413.1,2,kuriangeorge
2891,16708791,atsu0905,"2026-09-23 06:09:29",1412.8,2,atsu0905
2892,16669461,"suzy su","2026-09-12 12:38:38",1412.7,2,suzysu997
2893,16857624,flatton,"2026-09-16 23:02:27",1412.1,2,tomokifujihara
2894,16717794,souldrive,"2026-09-13 13:18:14",1411.4,2,souldrive
2895,16728262,wakawakayu,"2026-09-14 12:00:12",1410.2,2,wakawakayu
2896,16628875,TakahiroHon,"2026-09-17 02:59:51",1409.9,2,takahirohon
2897,16621515,"Alexander Gremyakov","2026-09-11 17:04:25",1409.7,2,alexandergremyakov
2898,16630142,zawawannko,"2026-09-11 08:03:32",1409.6,2,zawawannko
2899,16665641,"Alexander Shahramanyan","2026-09-16 06:55:41",1408.9,2,alexshah
2900,16880960,Kiriesh,"2026-09-16 18:45:37",1408.5,2,kiriesh
2901,16707915,MGöksu,"2026-09-12 16:05:38",1408.3,2,mgoksu
2902,16784992,Prasad.tgs,"2026-09-17 13:11:20",1408.3,2,sivaprasadnaidu
2903,16797105,"Rahul vats","2026-09-16 15:22:04",1406.4,2,rahulvats20
2904,16868685,"Kotaro Simizu","2026-09-11 20:39:54",1405.5,2,"kotarosimizu,mahiro1214"
2905,16841108,"Sean Peppers","2026-09-15 14:38:35",1405.3,2,gagepeppers
2906,16879360,"Neural Subscribed Operator","2026-09-12 06:55:46",1405.0,1,nacl3084
2907,16888282,Sheeesh---,"2026-09-21 18:08:35",1404.9,1,hamzaaitmohamed
2908,16755049,gamesu7107,"2026-09-12 18:24:15",1404.6,2,gamesu7107
2909,16728076,uuu,"2026-09-13 09:12:31",1404.3,2,vovafinogenov
2910,16623385,yurunougyou!,"2026-09-10 12:25:26",1403.2,2,isakatsuyoshi
2911,16697395,darktetradgod,"2026-09-14 15:35:29",1402.8,2,darktetradgod
2912,16848765,XJHya233,"2026-09-13 11:56:26",1402.7,2,xjhya233
2913,16881857,Pheonix,"2026-09-17 11:51:43",1401.9,2,vikasg1711
2914,16848952,tubotu,"2026-09-11 14:47:08",1401.6,2,tubotu
2915,16730810,mgoto51004,"2026-09-12 16:07:18",1401.3,2,mgoto51004
2916,16678609,quantcrypto3,"2026-09-19 01:51:13",1401.2,2,quantcrypto3
2917,16850105,Pantheon,"2026-09-14 07:40:15",1401.0,2,skyenxt
2918,16661462,"Dania Amer","2026-09-24 01:19:39",1400.6,2,dania35
2919,16862840,"Ammar Aziz","2026-09-12 11:11:53",1400.2,2,cabtainamamr
2920,16793340,bee_lx_xl,"2026-09-24 15:42:01",1399.7,2,beelxxl
2921,16669843,"hikaru kitagawa","2026-09-21 04:20:12",1399.4,2,hikarukitagawa
2922,16735837,yaki-imo,"2026-09-11 04:35:42",1399.4,2,taichiakiyama
2923,16828050,stephenlau,"2026-09-24 08:48:17",1398.6,2,stephenlu0422
2924,16719364,Yeh!AIGame,"2026-09-23 14:42:08",1398.5,2,"luluyeh,yehshibang"
2925,16741321,"S. B.","2026-09-20 10:58:00",1398.4,2,aughra
2926,16665233,"Akash Deep","2026-09-22 12:18:40",1398.4,2,akashdeepo
2927,16663808,"Fae Gaze","2026-09-10 20:30:29",1397.8,2,achievement
2928,16699455,vijaikm,"2026-09-22 11:56:07",1397.8,2,vijaikm
2929,16865564,Manat,"2026-09-15 14:42:11",1397.8,2,manatoshoji03
2930,16875671,"Nikolay Shaulsky","2026-09-18 17:31:07",1396.5,2,nikolayshaulsky
2931,16671659,Jiang,"2026-09-11 08:12:46",1396.5,2,jncq2006
2932,16781550,Lumberjacks,"2026-09-19 16:21:59",1396.2,2,jamesmcgarryiv
2933,16658185,"Juwon Kweon","2026-09-22 01:35:01",1395.7,2,juwonkwon
2934,16885509,HAL,"2026-09-14 07:58:55",1394.8,1,"asunalin,ljimmy2005007"
2935,16858157,osteo,"2026-09-11 01:33:23",1394.1,2,logstwo
2936,16654511,"Syed Shayan Ali Shah","2026-09-14 06:59:51",1392.7,2,dsshayan
2937,16860566,黄旭伟aaaabbs,"2026-09-10 02:08:34",1392.4,2,aaaabbs
2938,16700510,"Shadow Recon","2026-09-24 12:11:39",1392.4,2,gaurav065
2939,16775781,"I am GroOth","2026-09-17 09:54:27",1392.2,2,gideonoba
2940,16661667,"Wufang Hong","2026-09-10 07:14:27",1391.9,2,wufanghong
2941,16799598,RameshG888,"2026-09-11 08:42:57",1391.9,2,ramesh888
2942,16802578,Yuuki4543,"2026-09-11 06:18:16",1389.3,2,yuuki4543
2943,16629699,radiant-allomancer,"2026-09-11 00:50:02",1389.2,2,radiantallomancer
2944,16682318,Bibek,"2026-09-13 20:49:12",1389.0,2,bibek777
2945,16728910,Thai,"2026-09-23 11:19:46",1388.9,2,hnthai
2946,16784516,pejipej,"2026-09-21 18:08:57",1387.2,2,pejmaneghbali
2947,16886357,"Sun Jaden","2026-09-13 21:34:56",1386.9,2,sunjaden
2948,16671520,sci-shi,"2026-09-22 14:17:14",1386.9,2,scishi
2949,16696738,rekhasri,"2026-09-18 17:25:22",1386.9,2,rekhasri
2950,16880407,kimuraaa,"2026-09-21 07:58:10",1386.8,2,kimuraaa
2951,16722849,"Dhruv Bansal","2026-09-10 22:03:08",1386.8,2,dhruvb2028
2952,16797847,"levski shampion","2026-09-12 23:19:08",1386.7,2,mariomalev
2953,16847304,"eryue shisi","2026-09-14 02:41:20",1386.4,2,eryueshisi
2954,16688313,"Gnosys Labs","2026-09-18 00:56:10",1385.4,2,gnosyslabs
2955,16672128,Cliffton,"2026-09-24 07:38:29",1384.9,2,rieltzx
2956,16722888,GarrieD,"2026-09-12 14:53:50",1384.8,2,garried
2957,16758232,mech_39,"2026-09-10 21:20:57",1384.8,2,mech39
2958,16740034,BSCode,"2026-09-14 02:27:32",1384.6,2,bscode
2959,16876040,hgh404,"2026-09-22 20:49:08",1383.6,2,"gamejoker,hgh1024"
2960,16808020,"Pulkit Arora 🇮🇳","2026-09-11 09:15:58",1383.5,2,pulkittarora
2961,16867005,cryptvector2,"2026-09-11 13:22:09",1383.3,2,cryptvector2
2962,16843892,luxinyayaya,"2026-09-15 03:23:21",1381.3,2,luxinyayaya
2963,16722818,"Mukesh R","2026-09-14 09:13:30",1380.8,2,mukeshr06
2964,16670715,i3,"2026-09-24 08:33:45",1380.6,2,ishijima
2965,16858196,"Cường Dược Sĩ","2026-09-22 19:12:00",1380.1,2,cngdcs
2966,16871705,Bertholdt,"2026-09-24 11:10:06",1379.4,2,bertholdt
2967,16867641,YK,"2026-09-10 17:17:04",1378.9,2,yukitashiro
2968,16907406,herok0809,"2026-09-16 16:49:09",1378.7,2,herok0809
2969,16728238,ubcict232,"2026-09-10 16:19:32",1378.5,2,ubcict232
2970,16701612,Kiki,"2026-09-11 06:43:31",1377.3,2,rouiou
2971,16860293,kobq,"2026-09-24 15:40:08",1376.6,2,kooobq
2972,16748487,Hiters,"2026-09-11 00:54:16",1376.3,2,mikehongsz
2973,16859745,111,"2026-09-17 16:23:00",1376.3,2,guoz112
2974,16655411,フナコシ,"2026-09-22 18:24:58",1376.2,2,kokifunakoshi
2975,16764349,Solo,"2026-09-12 22:58:37",1374.9,2,solosolo
2976,16658801,"Thuc Nguyen Dang 111","2026-09-13 05:21:36",1374.8,2,thucnguyendang111
2977,16864072,"Matvey Skovordin","2026-09-10 04:24:07",1374.6,1,kickassnumberone
2978,16802745,"Fuat Çakıcı","2026-09-23 22:46:36",1374.5,2,fuatcakiicii
2979,16883478,Aggri_goon,"2026-09-16 10:48:29",1374.5,2,ryonagakubo
2980,16660735,"Bassel Elbahnasy","2026-09-24 16:01:12",1373.7,2,basselashraf
2981,16668622,"Michael McGrain","2026-09-10 10:38:27",1373.7,2,michaelmcgrain
2982,16772090,"SHIVAJI SHAIK","2026-09-20 07:13:54",1373.7,2,shivajishaik
2983,16843617,Jenny124685,"2026-09-24 05:14:36",1373.7,2,jenny124685
2984,16866424,"gmmm mmod2","2026-09-11 07:38:54",1373.5,2,gmmmmmod2
2985,16865917,"Yihao Wei","2026-09-13 10:07:46",1372.8,2,yihaowei
2986,16730675,Platycerium,"2026-09-11 17:27:51",1372.2,2,soutasakurai
2987,16792013,"Alec Polansky","2026-09-10 01:58:49",1371.7,2,alecpolansky
2988,16659328,"Muhammed Ashiq Abdul Khader","2026-09-22 08:39:40",1371.5,2,ashiqabdulkhader
2989,16810111,"Saket Singh","2026-09-16 09:03:37",1371.1,2,saketsingh9728
2990,16843384,"Anatoly Lyutov","2026-09-11 11:54:44",1370.1,2,anatolylyutov
2991,16621063,Broskis,"2026-09-11 03:19:55",1369.8,2,"aikyatansinha,r1cksync,vamshikrishnaemmadi"
2992,16676085,"Giordano Dolenz","2026-09-11 17:20:50",1369.8,2,giordanodolenz
2993,16867327,Zorvella,"2026-09-11 03:16:36",1369.2,2,zorvella
2994,16691270,"Piyal Chowdhury","2026-09-21 18:53:53",1368.2,2,piyalchowdhury
2995,16720797,"Vibe Farmer","2026-09-11 02:14:27",1367.6,2,pulakkantibhowmick
2996,16779957,养了一群扫福瑞,"2026-09-09 12:13:36",1367.4,2,whq0q7
2997,16808822,-lingluo-,"2026-09-22 04:22:20",1367.4,2,lingluoo
2998,16861723,"Landon Hershberger","2026-09-15 22:04:40",1367.3,2,landonhershberger
2999,16854815,marching_zzz,"2026-09-24 15:54:28",1367.1,2,marchingzzz
3000,16854573,"这是 AI 的胜利","2026-09-10 09:15:16",1367.1,2,iaptainmy
3001,16710469,Qimra1729,"2026-09-11 08:09:04",1367.0,2,qimra1729
3002,16627194,GzmCR632,"2026-09-11 07:01:14",1366.7,2,gzmcr632
3003,16890052,Code4life,"2026-09-15 16:46:33",1366.5,2,"huylngcgia,taovietducofficial"
3004,16898290,"Ryan Jonathan Valencia","2026-09-17 17:33:18",1365.8,2,ryanjonathanvalencia
3005,16630984,TakamaruEX,"2026-09-14 08:20:46",1364.1,2,takamaruex
3006,16630015,星之海,"2026-09-24 12:47:04",1363.4,2,web3cainiao
3007,16841595,Jaso1024,"2026-09-10 01:44:10",1363.2,2,jaso1024
3008,16624073,SoftRL,"2026-09-22 13:34:39",1363.0,2,"maruichi01,ppocharl,puws06,tatsukisato,unikina"
3009,16676739,"Jonathan Zheng Jiahao","2026-09-10 02:53:21",1362.8,2,jonathanzhengjiahao
3010,16770055,"san yin26","2026-09-15 08:14:39",1362.7,2,"amadeusan,sanyin26"
3011,16857861,Satua,"2026-09-11 06:36:26",1361.7,2,satyasrinivasanandh
3012,16623980,Nikita,"2026-09-14 10:05:57",1361.4,2,ivanovnikitawork
3013,16746796,kaguramena,"2026-09-10 07:13:17",1360.4,2,kaguramena
3014,16635062,DL,"2026-09-10 04:16:38",1360.2,2,distiller
3015,16641956,SixGODD,"2026-09-20 01:06:51",1359.0,2,sixgodd
3016,16623309,zyvren,"2026-09-11 15:14:31",1358.6,2,"nusratahmmedmaisha,sharif485"
3017,16652764,hikahika,"2026-09-11 13:31:34",1358.0,2,naganohikaru
3018,16739578,"Pietro Valocchi","2026-09-15 06:34:30",1356.7,2,pietrovalocchi
3019,16692678,Nerozud,"2026-09-23 18:24:54",1353.9,2,"lorerubiano22,nerozud"
3020,16811496,Marie,"2026-09-23 05:17:53",1353.5,2,mariashatrova
3021,16691084,"Ke Ma Ke","2026-09-13 09:01:36",1353.3,2,kemake
3022,16709501,Galaxantic,"2026-09-09 06:02:29",1353.3,2,neel21yt
3023,16866567,Variiiiiii,"2026-09-11 10:09:24",1352.4,2,variiiiiii
3024,16632708,__Taichicchi__,"2026-09-24 13:47:42",1350.9,2,hutch1221
3025,16759508,george-nigmatulin,"2026-09-23 20:56:18",1350.0,2,georgenigmatulin
3026,16769885,kurushun,"2026-09-10 02:10:21",1349.6,2,kurushun
3027,16881694,Novardion,"2026-09-13 11:28:43",1349.3,2,novardion
3028,16849766,"Uncle Scooge","2026-09-11 13:27:24",1349.2,2,"guzzbr,pascalcoimbra"
3029,16743392,tellurium_rrr,"2026-09-23 14:52:25",1349.0,2,telluriumrrr
3030,16622835,"Max Manushin","2026-09-11 01:04:29",1348.0,2,innerf1re
3031,16857932,"Ahmed Ansari","2026-09-16 11:57:46",1347.9,2,ahmed1ansari
3032,16685047,Yvonne.,"2026-09-21 08:34:31",1346.8,2,zdawer250
3033,16640991,sometimeafter,"2026-09-09 17:35:05",1346.4,2,xinyeee
3034,16855868,PapaSoda,"2026-09-10 17:45:16",1345.8,2,papasoda
3035,16670276,"Egor Trushin","2026-09-10 08:19:32",1345.7,2,egortrushin
3036,16860251,"Fabian Henning","2026-09-09 11:37:30",1345.1,1,crustacean
3037,16858418,"Nguyễn Công Tuấn","2026-09-17 11:35:08",1344.8,2,nctuan
3038,16801797,Tv,"2026-09-13 03:11:19",1344.7,2,linyeah
3039,16634519,"Darshan Makwana","2026-09-10 10:17:03",1344.3,2,ellipticaloranges
3040,16715205,GCarnovale,"2026-09-24 01:40:57",1344.2,2,gcarno
3041,16805144,heliosli,"2026-09-21 13:29:51",1343.3,1,heliosli
3042,16729186,Virtute,"2026-09-16 06:25:56",1341.5,2,nameless001
3043,16657671,CyberRacoon,"2026-09-15 10:38:45",1341.1,2,racoontw
3044,16641230,"An V1","2026-09-12 01:03:30",1341.0,2,barakuga
3045,16758244,yumizu,"2026-09-24 01:38:48",1341.0,2,yumizzzz
3046,16712796,"Kumar Saurabh","2026-09-17 08:13:59",1340.6,2,bakakaka
3047,16832866,bgaoi2,"2026-09-09 15:09:29",1340.3,2,bgaoi2
3048,16702674,"Varun S G","2026-09-18 05:49:16",1340.2,2,warun7
3049,16634104,FarmGoose,"2026-09-10 09:10:47",1339.9,2,yizhanglou
3050,16867407,Lanqira,"2026-09-11 03:08:56",1339.5,2,lanqira
3051,16778334,"Onkar Belure","2026-09-09 16:22:19",1339.4,2,onkarbelure
3052,16844456,Touk00,"2026-09-13 04:20:04",1338.9,2,touk00
3053,16673524,"Zikai Chen","2026-09-24 09:00:01",1338.9,2,"auroraxxiiaa,kyrie1102kai"
3054,16857977,namopanda,"2026-09-09 15:41:49",1338.6,2,namopanda
3055,16623298,Mikhail_Komkin,"2026-09-09 21:21:30",1338.5,2,mikhailkomkin
3056,16814378,"Jay Prrajapati","2026-09-09 13:53:13",1337.5,2,jayprrajapati
3057,16717549,"Adejumo Boluwatife","2026-09-11 19:09:23",1337.3,2,adejumoboluwatife
3058,16672997,"Francesco Montone","2026-09-11 10:56:31",1336.3,2,francescomontone
3059,16782708,lcx666,"2026-09-10 12:33:05",1336.3,1,chengxinliang
3060,16669686,"Mert Bayraktar","2026-09-23 01:38:48",1336.1,2,mertbayraktar
3061,16811247,"Luca Mussino","2026-09-10 20:53:58",1335.6,2,lucamussino
3062,16939133,wang,"2026-09-24 02:52:12",1335.5,2,tombryant
3063,16857939,"Le Duy Dong","2026-09-10 16:11:23",1335.4,1,lduynglduyng
3064,16627581,AidenSong123,"2026-09-12 14:15:30",1335.0,2,aidensong123
3065,16660987,AdrianWang2003,"2026-09-09 09:32:53",1335.0,2,"adrianwang2003,benlou04"
3066,16730735,YUK,"2026-09-14 18:00:10",1334.4,2,yu0307
3067,16866946,truxivan,"2026-09-10 13:46:58",1333.7,1,truxivan
3068,16677596,Sere1n,"2026-09-11 15:08:02",1333.3,2,chacc0
3069,16809445,takusemba,"2026-09-09 14:50:14",1333.0,2,takusembba
3070,16773964,trung,"2026-09-24 13:47:55",1332.9,2,trung2006
3071,16656312,"retiring to farm","2026-09-10 15:50:14",1332.7,2,"avnermlim,belati,hilariusjeremy,matthewpramana,nicholasarditirta"
3072,16859585,momo,"2026-09-10 03:06:37",1332.5,2,fyenneyenn
3073,16689488,"Ming Fong","2026-09-10 02:48:20",1332.2,2,evilpegasus
3074,16852910,omoch1,"2026-09-17 09:42:00",1331.6,2,agecom
3075,16739633,kwa,"2026-09-24 15:40:56",1331.2,2,ikaroskaggle
3076,16669826,Jesse,"2026-09-12 07:51:27",1330.2,2,jesneuman
3077,16633793,adakoda,"2026-09-09 11:55:49",1330.0,2,adakoda
3078,16861998,bobodict,"2026-09-09 17:26:50",1329.9,2,bobodict
3079,16870600,"Huayu Wen","2026-09-11 14:17:55",1329.8,2,huayuwen
3080,16712007,"Dipin Kothavoor","2026-09-14 13:54:52",1329.6,2,dipinkothavoor
3081,16839834,nouvya,"2026-09-10 15:48:43",1329.4,2,nouvya
3082,16859804,seele,"2026-09-09 10:20:41",1329.2,1,seele1917
3083,16918530,lingsio,"2026-09-22 06:17:59",1329.2,2,shinshengchiou
3084,16720696,Ankit0017,"2026-09-09 14:57:00",1329.0,2,ankit0017
3085,16758893,"Sercan Yeşilöz","2026-09-09 12:34:34",1328.7,2,sercanyesiloz
3086,16896283,"WENBO ZHANG","2026-09-24 00:48:40",1328.4,2,wenbozhang2026
3087,16698134,Hossein,"2026-09-11 02:29:53",1328.4,2,tomi85
3088,16843047,liyuting,"2026-09-10 07:27:21",1327.4,2,lytqwq
3089,16732696,naniwazu,"2026-09-09 17:15:52",1327.3,2,naniwazu
3090,16786496,"Lê Quang Cảnh","2026-09-12 05:44:25",1326.6,2,zhincez
3091,16625798,grifth,"2026-09-23 06:10:26",1326.3,2,grifth
3092,16736838,アナコンダ,"2026-09-09 13:48:32",1325.7,2,"ei1333,unosss"
3093,16861083,Shoto,"2026-09-09 15:14:42",1325.5,1,bloodymonday
3094,16762494,西松大祐,"2026-09-24 14:28:07",1325.3,2,wep212
3095,16654403,"Skibidi Six Seven","2026-09-08 14:20:24",1324.7,2,iam4722202468
3096,16860160,"Kohei #2","2026-09-09 11:20:08",1324.1,1,confirm
3097,16741542,"let cats farm","2026-09-19 22:33:26",1323.8,2,amonkizawa
3098,16674961,"Ilya & Yurnero","2026-09-09 10:20:15",1323.5,2,"samson8,test7845"
3099,16659670,MeeMee,"2026-09-10 07:07:22",1323.5,2,yagi46
3100,16678930,"Just a moroccan","2026-09-24 09:51:08",1322.5,2,zbidaamine
3101,16844845,"Dinesh Amalathasan","2026-09-15 19:55:18",1322.1,2,amaldinesh
3102,16743648,Hei_shao,"2026-09-12 18:48:52",1321.5,2,heishao
3103,16771337,titako0000,"2026-09-10 09:00:19",1320.9,2,titako0000
3104,16750843,jammings,"2026-09-09 13:11:04",1320.5,2,jammings
3105,16663252,"MD Concepcion","2026-09-23 18:57:04",1320.3,2,mikedconcepcion
3106,16860708,"Nav N","2026-09-10 07:47:42",1319.3,2,navidata
3107,16756477,Ender,"2026-09-10 11:10:27",1319.3,2,eamonnkashyap
3108,16724755,K.nosaka,"2026-09-10 12:07:13",1318.9,2,kenseinosaka
3109,16734667,sadanamaru,"2026-09-10 12:22:11",1317.7,2,sadanamaru
3110,16795704,haodada001,"2026-09-10 01:49:03",1317.7,2,haodada001
3111,16683488,"Ripudaman Parmar","2026-09-19 12:56:14",1317.6,2,"ktkgpt,ripudamanparmar"
3112,16784485,betterme,"2026-09-09 15:54:54",1316.7,2,betterme12345
3113,16860118,Hironobukawaguchi,"2026-09-09 11:53:30",1316.4,2,hironobukawaguchi
3114,16661846,"Jeffrey Pike","2026-09-09 16:05:56",1316.3,2,jeffreypikeai
3115,16670020,nanare,"2026-09-16 16:43:03",1316.1,2,nanaresudo
3116,16908326,"Cristiano M Martins","2026-09-20 05:35:29",1316.0,2,cristianommartins
3117,16677217,Panos,"2026-09-15 12:44:36",1316.0,2,panosc
3118,16854090,"Kaichi Morimoto","2026-09-09 11:22:01",1315.8,2,kaichimorimoto
3119,16640701,momoon,"2026-09-24 12:05:09",1315.8,2,nomuraryota
3120,16862056,konchu2,"2026-09-10 11:32:13",1314.8,2,konchu2
3121,16916104,"Dayi Zhang","2026-09-22 15:27:26",1314.7,2,dayizhang
3122,16732409,kawhi0.0,"2026-09-10 03:44:50",1314.7,2,kawhi00
3123,16661701,premjampuram,"2026-09-09 11:13:52",1314.5,2,"aasthasinha9,anji2705,premjampuram,sheetallodhi"
3124,16839821,"Stepan Pankratov","2026-09-09 14:47:50",1313.5,2,infam62
3125,16870461,Fumi,"2026-09-19 01:48:11",1311.7,2,cheersbeer
3126,16870447,"louie lau","2026-09-11 08:22:30",1311.5,1,louielau
3127,16841565,"dar Zaa","2026-09-08 18:04:18",1311.5,2,darzaa
3128,16757123,"Sripad Modali","2026-09-16 14:48:11",1311.2,2,sripadmodali
3129,16774823,fan2goa1,"2026-09-09 07:23:33",1310.9,2,zfun0926
3130,16644702,cracker_1_war,"2026-09-10 07:18:48",1310.3,2,cracker1war
3131,16624303,seven,"2026-09-09 09:18:12",1310.1,2,morikawatakeshi
3132,16808840,Devansh3007,"2026-09-10 05:02:13",1309.8,2,devansh3007
3133,16670879,"old macdonald","2026-09-07 16:11:15",1309.5,2,djschmit
3134,16789509,"Yang Wei Hao","2026-09-09 13:02:55",1309.1,2,aichangeworld
3135,16630833,"Savan Javia","2026-09-10 10:01:49",1309.0,2,savanjaviya
3136,16763418,overwhelmer,"2026-09-16 17:39:13",1308.9,2,overwhelmer
3137,16721382,"Milan Leonard","2026-09-12 07:20:12",1308.6,2,milanleonard
3138,16731836,"Theo Venturian","2026-09-11 18:03:45",1306.3,2,theodorraulventurian
3139,16806879,tetsuro731,"2026-09-09 11:46:20",1306.2,2,tetsuro731
3140,16891040,"Nasri Siwar","2026-09-18 18:05:16",1305.8,2,sassounasri
3141,16679694,"Yaro Perventsev","2026-09-20 16:16:29",1305.4,2,yaroslavperventsev
3142,16810813,Scorn100,"2026-09-09 17:11:13",1305.1,2,scorn100
3143,16709872,"Tim McGarvey","2026-09-24 07:26:10",1304.6,2,timmcgarvey
3144,16768016,JohnBlake,"2026-09-24 14:37:50",1304.3,2,jaybeeja
3145,16634082,"Mikey Marszewski","2026-09-11 02:26:39",1303.8,2,mikeymarszewski
3146,16858113,wli889661,"2026-09-09 13:38:01",1303.3,2,wli889661
3147,16623608,"Dmitry Larko","2026-09-08 23:05:52",1303.2,2,dmitrylarko
3148,16862298,"Varadaraj Borkar","2026-09-13 13:12:11",1303.1,2,varadarajborkar
3149,16661648,"Vân Nguyễn","2026-09-15 14:45:09",1302.7,2,vunnguyen
3150,16774884,assssstnuar,"2026-09-21 10:18:41",1301.9,2,assssstnuar
3151,16897610,"in blue","2026-09-24 15:37:37",1301.7,2,bhatiji
3152,16758709,dk07dk,"2026-09-12 07:13:48",1301.4,2,dk07dk
3153,16653085,"haoran huang430","2026-09-24 15:26:41",1300.3,2,haoranhuang430
3154,16667346,Artwenty-six,"2026-09-24 01:32:34",1299.5,2,rezakautsarinsani
3155,16814716,edder0798,"2026-09-12 07:57:25",1299.4,2,"edder0798,wangxi608"
3156,16756592,"Abdalrahman Eissa","2026-09-24 15:07:29",1297.9,2,abdalrahmaneissa
3157,16700846,"Vaibhav Patel","2026-09-16 08:09:33",1297.7,2,vaibhavpatel
3158,16832971,"Scott Willis","2026-09-07 17:02:44",1297.5,2,scottgwillis
3159,16909962,"Peter Shu","2026-09-17 02:29:52",1297.4,2,petershuikun
3160,16854541,yangyiqing6,"2026-09-15 06:14:21",1297.3,2,yangyiqing6
3161,16661325,"Max Fofanov","2026-09-16 14:48:43",1297.1,2,maxfofanov
3162,16863538,e-toppo,"2026-09-10 01:15:27",1297.1,1,masatomatsui
3163,16808631,ALkkGame,"2026-09-14 15:16:47",1296.2,2,alkkgame
3164,16806006,2,"2026-09-23 08:45:53",1296.0,2,smallvv
3165,16848095,"Risha Apps","2026-09-08 15:41:31",1295.4,2,rishaapps
3166,16858828,BlueSky_sora,"2026-09-23 09:44:19",1294.6,2,blueskysora
3167,16655474,Focus,"2026-09-09 12:04:51",1294.4,2,overvalueawareness
3168,16769277,卡心农场,"2026-09-18 17:14:44",1294.3,2,"hkd2333,hsiaosuan"
3169,16656806,"Arshad Shemil k","2026-09-09 08:33:09",1294.1,2,arshadshemilk
3170,16736120,"Ricky #2","2026-09-08 02:47:36",1294.0,2,rickyds97
3171,16730473,Kyohei,"2026-09-08 00:42:18",1293.9,2,kyohei3
3172,16706265,questiondlmarks,"2026-09-10 06:09:35",1293.4,2,questiondlmarks
3173,16665294,"Thái Văn Tài","2026-09-23 08:01:51",1293.1,2,thivnti
3174,16688130,"Lujia Liang","2026-09-16 21:00:32",1293.1,2,lujialiang123
3175,16829834,Luxuer,"2026-09-09 08:54:11",1292.6,1,luxuer
3176,16766128,"Oleksandr Parfionov","2026-09-24 15:51:10",1292.6,2,parfyon
3177,16786139,Trezerg,"2026-09-09 03:22:46",1292.6,2,progtrollwarrior16
3178,16623938,flashthunder,"2026-09-24 14:39:21",1292.2,2,thunderflash
3179,16841077,melowdramtic,"2026-09-10 02:31:53",1292.1,2,melowdramtic
3180,16888093,"Alejandro Izaguirre","2026-09-21 17:19:33",1291.7,2,alejandroizag
3181,16715729,Ajay_Rao_43,"2026-09-09 05:25:11",1291.7,2,ajayrao43
3182,16635209,4eta,"2026-09-23 16:25:06",1291.3,2,bio4eta
3183,16840862,HaoKwok,"2026-09-09 03:50:41",1290.6,2,haokwok2002
3184,16758629,karinkaito,"2026-09-16 01:08:30",1289.7,2,karinkaito
3185,16664619,"Trupen Patel","2026-09-08 15:52:17",1289.1,2,trupenpatel
3186,16633445,Wal8800,"2026-09-10 06:30:12",1289.0,2,wal8800
3187,16786092,Shiru2,"2026-09-09 19:34:32",1288.8,2,shiru2
3188,16923006,"Nguyen Cat Luong","2026-09-19 21:12:51",1288.5,2,nguyencatluong
3189,16657341,raccoonForest,"2026-09-08 06:45:18",1288.5,2,gkanamoto
3190,16841960,WessonZ,"2026-09-10 02:11:20",1288.4,2,wessonz
3191,16710546,"Russlan Ramdowar","2026-09-09 05:03:58",1287.9,2,russlan
3192,16841097,"Arsonist Duck","2026-09-17 20:21:55",1287.6,2,herbertthebird
3193,16774941,Samvrcai,"2026-09-16 22:56:19",1286.6,2,samvrcai
3194,16698287,"Reinforcement Forgetting","2026-09-20 21:47:24",1286.5,2,ethanjschauder
3195,16659843,"Amer Alkhalili","2026-09-14 14:16:24",1286.0,2,ameralkhalili
3196,16815985,leemc95,"2026-09-08 21:31:33",1285.8,2,leemc95
3197,16884338,"Emmet Banker","2026-09-24 01:53:27",1285.3,2,emmetbanker
3198,16621687,ropeadope,"2026-09-23 10:47:05",1284.7,2,silkross
3199,16653805,mohsen2050,"2026-09-14 18:25:43",1284.6,2,mohsen2050
3200,16765484,smsxgz,"2026-09-08 19:09:03",1283.2,2,smsxgz
3201,16859409,wia'ma,"2026-09-09 09:08:21",1283.0,1,wangyiqicy
3202,16791712,"xiang W","2026-09-08 14:24:56",1283.0,2,"dekonsu,xiangwaaaaa"
3203,16634156,"Hiroyasu Okuno","2026-09-13 07:32:33",1282.7,2,hiroyasuokuno
3204,16663748,Calmracer,"2026-09-08 16:17:56",1282.6,2,ethanhall123
3205,16846391,"here we go","2026-09-09 05:28:41",1282.4,2,j1aliangx
3206,16777961,qiwaki,"2026-09-07 15:23:00",1281.9,2,resonayu
3207,16854616,"Dd National","2026-09-12 13:29:04",1281.6,2,ddnational
3208,16663498,"Braxton Dyer","2026-09-23 14:23:54",1280.6,2,braxtondyer
3209,16840564,starlovelmj,"2026-09-09 02:16:02",1280.1,2,starlovelmj
3210,16635747,"Jeki Wan Taufik","2026-09-08 15:14:33",1280.1,2,jek1wantaufik
3211,16845280,"Samuel Watson","2026-09-11 07:06:59",1279.6,2,scwatson
3212,16687716,"Joshua Fernando","2026-09-16 12:51:45",1279.4,2,joshuafernandoj
3213,16766171,Jonaid,"2026-09-10 22:22:27",1279.4,2,jonaidshianifar
3214,16652446,"tine.sh agent","2026-09-23 23:52:30",1278.1,2,sidcodegg
3215,16852605,VTH,"2026-09-08 06:35:01",1278.0,2,storm2501
3216,16639570,"Vishesh Banna","2026-09-08 13:07:51",1277.5,2,visheshbanna
3217,16652173,"Shardul Gharat","2026-09-22 03:52:12",1277.0,2,shardulgharat
3218,16672241,dupakdungking,"2026-09-15 13:32:04",1276.6,2,primarizki
3219,16857973,guochangZhang,"2026-09-09 04:24:41",1276.4,1,guochangzhang
3220,16738298,tomo0608,"2026-09-06 10:46:22",1276.2,2,tomo0608
3221,16855035,"rock paper scissors","2026-09-08 15:03:00",1276.2,1,downbythesallygarden
3222,16905027,"xiaomeng lin","2026-09-20 14:10:35",1274.8,2,xiaomenglin
3223,16852377,"Zhong Lyu","2026-09-08 05:20:05",1274.5,2,zhonglyu
3224,16838766,"Justin Gao","2026-09-08 08:27:29",1274.4,2,justingao
3225,16656776,ShaoCharles,"2026-09-09 14:16:17",1274.2,2,shaocharles
3226,16641713,"ronsen sun","2026-09-11 08:01:06",1274.1,2,ronsensun
3227,16718823,"Rafael Molina Castaño","2026-09-12 20:45:02",1273.8,2,rafaelmolinacastano
3228,16656810,IskanderAkhmetov,"2026-09-23 18:27:07",1272.9,2,iskander2017
3229,16741563,"Paul Pawletta","2026-09-15 09:16:16",1272.7,2,paulpawletta
3230,16733111,qihuaz,"2026-09-13 06:35:14",1272.7,2,qihuaz
3231,16844672,"sleeping king","2026-09-09 02:11:59",1271.9,2,sleepingking
3232,16794871,IMosia,"2026-09-21 08:03:49",1271.6,2,ivanmosiagin
3233,16668647,"THIRUPATHI KANNAN K","2026-09-07 14:59:51",1271.5,2,thirupathikannank
3234,16809097,volumatic,"2026-09-10 11:00:51",1270.8,2,"kkeevviinn666,volumatic"
3235,16796014,keith70,"2026-09-08 07:18:36",1270.6,2,keith70
3236,16848686,"xiang156 xu","2026-09-08 03:23:16",1270.5,2,xiang156xu
3237,16771010,42X,"2026-09-09 13:43:36",1269.8,2,infcyx
3238,16740851,Zefirrr,"2026-09-19 14:48:39",1269.4,2,zefirrrr
3239,16855268,"Jiayi Du","2026-09-08 16:10:56",1269.0,2,jahyee
3240,16660020,"Gaddam Shiva Teja","2026-09-21 12:19:24",1268.8,2,shivateja005
3241,16790472,"Manurupan M","2026-09-20 07:09:36",1268.5,2,manurupanm
3242,16659465,AravindLochan,"2026-09-08 10:00:39",1267.5,2,aravindlochan
3243,16688450,SpiralTip,"2026-09-14 04:11:41",1267.0,2,spiraltip
3244,16664609,Re2lawd,"2026-09-24 09:51:49",1266.8,2,re2lawd
3245,16699246,"Labh Khatke","2026-09-11 15:53:22",1266.4,2,labhkhatke
3246,16842645,zard599,"2026-09-08 16:17:52",1265.7,2,zard599
3247,16671425,"Gajenddra Raj","2026-09-11 01:18:29",1265.5,2,gajenddra
3248,16695242,"Utkarsh Prakash Srivastava","2026-09-08 15:55:37",1265.3,2,utkarshps
3249,16842044,StackOverflowed512,"2026-09-07 17:53:32",1265.3,2,stackoverflowed512
3250,16842066,Atomo333,"2026-09-08 10:35:55",1265.2,2,atomo333
3251,16679810,"Patrick Joël MAIRLOT-MBEZELE","2026-09-10 17:54:50",1265.2,2,pigenesis75
3252,16753710,tax_free,"2026-09-10 17:08:47",1265.1,2,taxfreepython
3253,16672858,Lyesterday,"2026-09-07 10:14:39",1265.1,2,ilyas93
3254,16759849,kkanayj,"2026-09-23 23:45:33",1264.6,2,kkanayj
3255,16665191,JoJa,"2026-09-22 04:49:21",1264.3,2,"mojyou,noahzx"
3256,16630111,jannchie,"2026-09-23 09:27:46",1263.9,2,jannchie
3257,16847189,lonelygolem,"2026-09-09 21:03:51",1263.2,2,rocinantt
3258,16840536,"Philip Snyder","2026-09-08 05:18:07",1262.8,2,darkhorsecodes
3259,16841313,"Daniel Harkin","2026-09-09 18:24:13",1262.7,2,danielharkin
3260,16844132,Tamasaki217,"2026-09-07 14:15:02",1262.7,2,tamadesu217
3261,16916142,aryandongare27,"2026-09-18 10:34:00",1262.7,2,aryandongare27
3262,16650824,Orsted_hitogmi,"2026-09-16 07:59:15",1262.6,2,orstedhitogmi
3263,16680290,prospers,"2026-09-08 05:37:42",1261.6,2,prospers
3264,16765488,chenyinheng30,"2026-09-24 04:38:39",1260.7,2,chenyinheng30
3265,16794758,wppepi,"2026-09-09 03:06:09",1260.1,2,"foxsuzuran,malossov,wppepi"
3266,16763001,Eb3lss,"2026-09-09 11:08:19",1260.0,2,eb3lss
3267,16843635,"Просто Человек","2026-09-08 18:03:16",1258.9,2,gomunkul
3268,16732352,ORiginators,"2026-09-09 10:47:23",1257.8,2,"sachinpandey721,sunritpal"
3269,16764476,daviddnd,"2026-09-15 07:40:48",1257.0,2,daviddnd
3270,16823782,yuyutech(Genuine),"2026-09-08 04:32:19",1256.3,2,yuyutechgenuine
3271,16728109,"Sidharth Hulyalkar","2026-09-11 06:16:26",1256.0,2,sidharthhulyalkar21
3272,16786158,"Yi-Chia Chen","2026-09-22 06:48:34",1254.3,2,threerabbits
3273,16856437,"Roshan S. Chauhan","2026-09-14 09:33:55",1254.1,2,vrosenta
3274,16777406,"Toheeb Ogunade","2026-09-08 22:46:05",1253.8,2,toheebogunade
3275,16763200,"Alexander Nord","2026-09-07 18:04:42",1253.7,2,"alexandernord123,pizza987"
3276,16717253,Sybery_AI,"2026-09-13 19:51:41",1253.5,2,syberyai
3277,16840338,"Shoma Arakawa","2026-09-12 08:55:21",1252.7,2,shomaarakawa
3278,16768043,"Cropy and Paste","2026-09-13 17:56:08",1252.6,2,tfriedel
3279,16736542,YuRuiZe,"2026-09-06 10:16:45",1252.6,2,ruoyuruize
3280,16680524,Nealdarkdarkdark,"2026-09-08 04:36:02",1252.1,2,wklyb1
3281,16728959,"no pain no gain","2026-09-11 09:19:44",1252.1,2,ilyayurov2000
3282,16621165,"xisheng feng","2026-09-23 14:40:42",1251.6,2,xishengfeng
3283,16771080,"Ricky Shao","2026-09-07 17:16:14",1251.0,2,rickyshao
3284,16725851,hetspookjee,"2026-09-07 21:54:39",1250.9,2,hetspookjee
3285,16637241,M4nd4l0r14n,"2026-09-07 21:50:19",1250.7,2,thiagobcunha
3286,16668157,"vineet dairashri","2026-09-24 08:11:02",1250.2,2,vineetdairashri
3287,16810104,HemanthRaju311,"2026-09-09 13:07:35",1249.7,2,hemanthraju311
3288,16725564,NoPlanB,"2026-09-23 18:01:29",1249.7,2,kduncanrobertson
3289,16843221,refine123,"2026-09-08 08:06:29",1249.3,2,refine123
3290,16841113,Andy,"2026-09-07 01:22:11",1249.1,2,andrewmedran0
3291,16684250,"Alexander Sokolov","2026-09-06 12:33:49",1248.8,2,cheeec0
3292,16805940,Foxure,"2026-09-12 01:51:33",1248.6,2,foxure
3293,16699045,"Abu Kayyisah Basyid","2026-09-20 04:08:50",1248.6,2,abukayyisahbasyid
3294,16672549,"ReinFARMent Learning?","2026-09-11 03:38:53",1248.4,2,arksey
3295,16655109,"Tia He","2026-09-10 00:54:40",1247.3,2,altheahe
3296,16799362,"James Weatherhead","2026-09-06 21:45:45",1246.1,2,jamesweatherhead
3297,16693272,ush,"2026-09-10 07:22:13",1245.8,2,kusuha
3298,16845083,"Restu Anggoro Kasih","2026-09-07 12:44:58",1245.4,1,restuanggorokasih
3299,16736404,¡olé!,"2026-09-08 04:30:34",1244.9,2,hjx1024
3300,16854416,"Artemiy Shirokov","2026-09-08 12:53:33",1244.6,1,tema7707
3301,16840819,clammpon,"2026-09-23 12:14:33",1244.1,2,clammpon
3302,16832556,"Harshit Raj #2","2026-09-10 16:45:16",1244.0,2,harshitraj2123221
3303,16759913,"Peter Cnudde","2026-09-07 20:08:25",1243.7,2,petercnudde
3304,16727536,lelelove1225,"2026-09-06 12:58:48",1243.5,2,lelelove1225
3305,16707561,"Nick Rom111","2026-09-21 14:55:55",1243.1,2,nickrom111
3306,16644160,"Saravana Rajan B","2026-09-07 15:04:38",1243.0,2,saravanarajanb
3307,16683952,"Maksimov Evgeniy","2026-09-04 01:23:59",1242.5,2,maxevg
3308,16850198,"Daiki Yasui","2026-09-09 17:54:55",1242.0,1,daikiyasui
3309,16838807,"tony boakye","2026-09-08 11:41:30",1241.6,2,tonyboakye
3310,16719090,CHSTO,"2026-09-12 21:35:49",1241.6,2,haotianqi
3311,16715358,wuy1hao,"2026-09-07 10:23:01",1241.6,2,wuy1hao
3312,16918646,MsMarch.7,"2026-09-18 09:12:24",1241.3,2,msmarch7
3313,16750726,prince22466,"2026-09-21 07:15:35",1241.1,2,prince22466
3314,16841542,Smmyth,"2026-09-06 22:18:52",1240.8,2,smmyth
3315,16842967,yoshiki116,"2026-09-11 05:05:19",1239.7,2,yoshiki116
3316,16665352,"Paul Nassiri","2026-09-22 12:01:10",1238.5,2,laszlolevray
3317,16655501,Savko,"2026-09-21 06:02:04",1238.3,2,savchenko
3318,16715383,"Leo Lilley","2026-09-09 03:36:39",1238.1,2,leolilley
3319,16777107,Pipiripipap,"2026-09-09 10:03:38",1238.1,2,yohalf
3320,16696231,"Oleg Smirnov","2026-09-08 07:17:12",1238.1,2,smirnolegov
3321,16669666,RhoenSprudel,"2026-09-11 19:08:43",1238.1,2,rhoensprudel
3322,16754974,BurntPotato,"2026-09-09 00:06:54",1237.9,2,burntpotato
3323,16678618,"Manu Nicholas Jacob","2026-09-24 13:25:50",1237.9,2,manunicholasjacob
3324,16898040,王ruizhe,"2026-09-19 07:56:03",1237.4,2,ruizhe28
3325,16832231,lst1923,"2026-09-11 16:06:58",1237.0,2,lst1923
3326,16944414,Aguacates,"2026-09-24 00:33:14",1236.7,2,"carolinemercedes,joshdankworth"
3327,16731822,Senn88,"2026-09-08 13:54:19",1235.3,2,senn88
3328,16668748,"Harrison Interactive","2026-09-24 12:07:26",1234.9,2,nosiru
3329,16765207,Cathy,"2026-09-10 01:48:38",1234.9,2,cathyyou
3330,16854744,"Rostislav Epifanov","2026-09-10 12:14:58",1234.4,2,rostepifanov
3331,16842187,"rongkai bao","2026-09-06 05:34:57",1233.9,2,rongkaibao
3332,16843986,"Young Jim","2026-09-07 00:05:04",1233.8,2,youngjim
3333,16675897,"KANG ZHIPENG","2026-09-16 01:26:34",1233.7,2,kangzhipeng
3334,16661570,"sissoko cheick","2026-09-24 09:19:04",1233.4,2,sissokocheick
3335,16893007,thegoatman7,"2026-09-18 04:04:52",1233.3,2,thegoatman7
3336,16849883,"Rifa Tamanna","2026-09-07 22:07:04",1233.0,2,rifatamanna1109
3337,16741997,hikarinosenshi,"2026-09-08 00:50:58",1232.9,2,hikarinosensh1
3338,16814637,random_numb,"2026-09-24 06:23:11",1232.4,2,randomnumb
3339,16726431,Manav,"2026-09-07 14:42:18",1231.7,2,manavsangwan
3340,16641099,sieru-copan,"2026-09-05 16:17:32",1231.4,2,sierucopan
3341,16686444,"Syakirin Pahimi","2026-09-06 16:21:15",1231.4,2,syakirinpahimi
3342,16681007,AkiraOnojp,"2026-09-08 18:48:33",1231.2,2,akiraonojp
3343,16824014,"Kotaro Kikuchi","2026-09-07 10:57:06",1230.5,2,kotaro1129
3344,16844769,phi,"2026-09-09 18:19:54",1230.4,2,fahisplr
3345,16695664,Bantam,"2026-09-24 09:32:24",1230.0,2,bantam
3346,16740464,"Jorrawar Grewal","2026-09-08 00:43:17",1229.9,2,jorrawargrewal
3347,16797251,"Nguyễn Mạnh Niên","2026-09-06 11:29:31",1229.8,2,jacobrichard312
3348,16802719,uta_ccc,"2026-09-06 07:15:44",1229.6,2,utaccc
3349,16779254,MaxZhuCHN,"2026-09-23 04:58:22",1229.4,2,maxzhuchn
3350,16845193,Kaan111,"2026-09-17 15:37:21",1228.8,2,kaan111
3351,16728229,twomoon,"2026-09-08 05:22:46",1228.8,2,twomoon036
3352,16924472,Rajusah,"2026-09-24 13:27:43",1228.7,2,rajucode
3353,16748527,Tsubasa_00,"2026-09-10 00:22:27",1228.5,2,tsubasa00
3354,16849295,"Israa Saede","2026-09-07 17:30:03",1227.7,1,esraaalsaeede
3355,16661743,"Sergey Kutepov","2026-09-24 15:55:01",1227.3,2,natsyst
3356,16797036,tksfjn,"2026-09-12 04:06:53",1226.4,2,tks3210
3357,16666393,saikyo,"2026-09-07 02:04:55",1226.4,2,kyosaikyo
3358,16893831,"Sasan Nazari","2026-09-16 00:07:26",1226.3,2,sasannazari
3359,16838898,"Minh Trịnh","2026-09-06 13:38:05",1225.7,2,minhtrinh2002
3360,16645596,Kosakunin,"2026-09-07 15:14:03",1225.5,2,yugoawawa
3361,16774700,たたたた,"2026-09-19 06:50:31",1224.8,2,tatatata1111
3362,16724993,Bonkoturyu,"2026-09-10 07:59:12",1224.0,2,bonkoturyu
3363,16707562,Snipine,"2026-09-08 01:17:09",1224.0,2,boluosnow
3364,16866086,"Table Feng","2026-09-15 15:22:21",1223.7,2,tablefeng
3365,16845510,bugkeeper,"2026-09-08 06:24:57",1223.6,2,bugkeeper
3366,16661970,"BOB'S ROOM","2026-09-09 12:30:24",1223.5,2,"bobpop123447,datasutudent"
3367,16853941,"Baha Enes Ören","2026-09-08 14:52:10",1223.5,2,bahaenesren
3368,16623378,"nvidia fan","2026-09-17 06:46:19",1222.6,2,outwrest
3369,16738145,綿鍋だよん,"2026-09-18 14:42:56",1222.6,2,potrue
3370,16697891,KuziJA,"2026-09-24 16:00:41",1222.3,2,kuzija
3371,16654463,Mark,"2026-09-04 19:38:01",1222.1,2,robotmf
3372,16730247,DOM-VASCONCELOS,"2026-09-23 09:45:05",1221.9,2,domcreator
3373,16661768,"Lợi Trần Bảo","2026-09-13 19:43:53",1221.6,2,litrnbo
3374,16627906,"Tergel Munkhbat","2026-09-17 07:04:41",1221.6,2,tergelmunkhbat
3375,16743484,"薄和叶 Lv.INF","2026-09-03 14:24:47",1221.4,2,lumine01
3376,16937692,"Sergio D","2026-09-24 05:52:43",1221.2,2,ser8147
3377,16707057,tamo,"2026-09-06 07:44:38",1221.1,2,ryotakasuya
3378,16792123,coder2403,"2026-09-12 17:08:38",1220.7,1,coder2403
3379,16853894,"Ilya Usmanov","2026-09-23 20:35:16",1220.5,2,"ilyausmanov,kolesnikovia,makskhan"
3380,16758839,"Yusuf Murtaza","2026-09-06 10:23:21",1220.1,2,yusufmurtaza01
3381,16700501,Konno,"2026-09-08 02:40:46",1219.7,2,nearfield1234
3382,16838588,"Nadeem Ishikawa","2026-09-08 23:04:10",1219.6,2,nadeemishikawa
3383,16810490,katlun,"2026-09-13 03:25:31",1218.9,2,"hoyin1212,katlun"
3384,16838953,HHHyyds,"2026-09-05 12:31:34",1218.4,2,hhhyyds
3385,16764342,malone001,"2026-09-11 08:18:49",1218.3,2,malone001
3386,16824564,"piu ATI","2026-09-06 10:02:27",1218.3,2,piuati
3387,16657547,"Pranav Thota","2026-09-23 05:00:32",1218.2,2,pranavthota
3388,16686424,"Thần Thoại","2026-09-08 16:58:05",1218.2,2,thanthoai
3389,16842273,2424,"2026-09-08 14:29:16",1217.0,2,takutonishi
3390,16697205,"Gould Research","2026-09-08 17:19:28",1216.5,2,"georgeking1,gouldh,gradybos,shanemullahy"
3391,16663681,Kometa,"2026-09-20 06:03:24",1216.5,2,petarknezevic1
3392,16896006,jrw208,"2026-09-22 21:27:28",1216.3,2,jrw208
3393,16667998,Speril,"2026-09-11 03:51:03",1216.1,2,speril
3394,16639800,"Yong Ming-Jia","2026-09-15 06:14:00",1215.7,2,ymingj
3395,16654068,"Renoir Vieira","2026-09-05 17:42:47",1215.4,2,renoirvieira0
3396,16782564,"Chris Tu","2026-09-04 05:14:36",1214.9,2,christu831004
3397,16726559,william,"2026-09-05 02:03:48",1214.1,2,hiricodev
3398,16689366,"Cuong Le","2026-09-06 15:24:57",1213.9,2,ad1999
3399,16839343,"SAURABH VISHWAKARMA","2026-09-15 17:13:31",1213.5,2,surabhv21
3400,16623806,黒田彩人,"2026-09-07 21:37:20",1213.0,2,ayato0705
3401,16870585,ba,"2026-09-11 08:25:46",1212.6,2,yusukebaba
3402,16667922,JungHwan,"2026-09-06 00:05:59",1212.6,2,najunghwan
3403,16738820,"Ying Li","2026-09-14 15:06:54",1212.1,2,lyee919
3404,16631400,JZ,"2026-09-20 23:44:22",1211.9,2,zhoujiachen
3405,16803592,"Bishal Lamichhane","2026-09-16 13:33:25",1211.7,2,bishallamichhane44
3406,16677107,gagacrow,"2026-09-07 16:11:58",1211.1,2,gagacrow
3407,16792927,EnricRovira,"2026-09-23 22:27:44",1209.9,2,enric1296
3408,16806809,air,"2026-09-06 09:54:14",1208.7,2,air041001
3409,16805509,"Adel Zebiche","2026-09-06 17:28:28",1207.8,2,adelzebiche
3410,16818508,"Napster Y","2026-09-06 08:55:35",1207.5,2,napstery
3411,16845426,"Erlik Khan","2026-09-13 23:03:03",1207.3,2,erlikkhan
3412,16708880,yotsutose,"2026-09-10 10:18:49",1207.1,2,yotsutose
3413,16669715,housssaamos,"2026-09-06 19:42:41",1206.2,2,housssaamos
3414,16783328,AggriTrader,"2026-09-15 13:56:09",1205.5,2,leoluo
3415,16869870,"Electric Weasle","2026-09-13 15:27:16",1204.8,2,electricweasle
3416,16783517,"dongdong zhang","2026-09-07 03:22:34",1203.3,2,mcdongdongzhang
3417,16885684,LiYiTingTom,"2026-09-21 15:53:41",1202.8,2,liyitingtom
3418,16830390,"Hajime Kumami","2026-09-07 00:06:54",1202.5,2,hajimekumami
3419,16661034,"Devesh Mehta","2026-09-23 14:54:58",1201.9,2,deveshmehtaaie
3420,16662204,SM_30,"2026-09-05 15:45:06",1201.6,2,sagarmane104
3421,16726889,stnick,"2026-09-05 19:13:36",1200.9,2,stnick
3422,16862895,"Quinn Brighton","2026-09-12 00:01:22",1198.5,2,quinnbrighton
3423,16730375,Floth,"2026-09-07 15:14:58",1198.4,2,suwat513
3424,16644255,Rister,"2026-09-04 00:05:35",1197.6,2,"rister101,stharundhatri"
3425,16640878,"Krishna Yadu","2026-09-06 08:18:51",1197.3,1,krishnayadav456wrsty
3426,16674720,"Prathmesh Lagdive","2026-09-09 10:44:33",1197.3,2,"aglavevaibhav,prathmeshlagdive,shriyashkurud"
3427,16779942,"YueKai Yu","2026-09-07 01:12:38",1197.3,2,yuekaiyu
3428,16800076,xinwang,"2026-09-07 05:13:34",1197.2,2,xxxtetantion
3429,16654490,"Furious Monk","2026-09-20 18:43:58",1197.1,2,furiousmonk
3430,16841276,EmmaL09,"2026-09-09 22:09:29",1196.8,2,emmal09
3431,16839429,"Igor Aranovsky","2026-09-08 08:55:51",1196.7,2,igoraranovsky
3432,16840452,pan6628,"2026-09-10 04:38:21",1196.7,2,pan6628
3433,16795131,XuanxuChem,"2026-09-11 13:18:00",1195.4,2,zhaonoah
3434,16673328,"Preetham Prasanna","2026-09-23 13:19:14",1195.3,2,preethamprasanna
3435,16732433,syuuuuu,"2026-09-06 12:53:05",1195.3,2,syuuuuukun
3436,16779321,HarryP12,"2026-09-11 16:45:35",1195.3,2,harryp12
3437,16796600,skyShenzi5822,"2026-09-08 08:06:25",1194.6,2,skyshenzi
3438,16725081,ZhouYongqi,"2026-09-06 14:55:06",1194.1,2,xy0v0zhang
3439,16683435,CoorDi,"2026-09-08 02:13:42",1194.0,2,bxy0125
3440,16843173,"Hansen Zhong","2026-09-06 15:51:46",1193.3,2,onegameonedream
3441,16697877,"Sky kun","2026-09-13 22:36:13",1193.1,2,skykun
3442,16842817,darcy132,"2026-09-06 13:16:34",1193.0,2,darcy132
3443,16857923,Haruki.O,"2026-09-12 08:23:32",1192.9,2,ho0707
3444,16730484,Esperanza,"2026-09-10 00:42:17",1192.8,2,deanpixton
3445,16657646,mountainbob,"2026-09-21 14:12:49",1192.7,2,shongpakmanoon
3446,16777894,"Matthew Neba","2026-09-06 21:37:08",1192.7,2,matthewneba
3447,16652750,"Bahadir Selim Bakla ","2026-09-15 14:37:30",1192.1,2,bahadirselimbakla
3448,16803141,"Verdant Meridian","2026-09-08 14:13:17",1191.8,2,xinweizhang003
3449,16730326,atsushi11o7,"2026-09-24 12:25:05",1191.7,2,atsushi11o7
3450,16702430,"ZeLong Leo","2026-09-24 02:45:37",1191.5,2,zelongleo
3451,16811433,"Bx LLLLLLLL","2026-09-05 21:54:10",1191.4,2,bxllllllll
3452,16839548,"Александр Прохоров","2026-09-08 12:30:54",1190.9,2,obbwd12
3453,16676321,"tao wu11","2026-09-06 08:52:36",1190.7,2,"taowu11,xujchill"
3454,16821420,Sight,"2026-09-18 12:38:51",1190.4,2,"cai12341234,crimsurfer,jingwenxu85,sakurasss,yuankunzou3"
3455,16810472,YuanKing77,"2026-09-06 03:11:18",1189.9,2,yuanking77
3456,16802039,"Anna Currie","2026-09-04 10:24:33",1189.9,2,hcnfgxsghvbkhbty
3457,16822414,Yassinovich,"2026-09-06 12:50:02",1189.7,2,yassinovich
3458,16830000,"Danilo Lapegna","2026-09-21 06:52:23",1189.4,2,danilolapegna
3459,16836457,Andrew9603,"2026-09-06 12:28:37",1189.2,2,benxvyan
3460,16810060,galileo680,"2026-09-05 23:45:08",1188.9,2,keter333
3461,16802630,takotakosan,"2026-09-09 03:10:10",1188.8,2,takotakosan
3462,16848220,ggmljs,"2026-09-10 05:10:42",1188.8,2,ggmljs
3463,16806535,"zhangzhuang li","2026-09-03 18:31:12",1188.8,2,zhangzhuangli
3464,16736079,Maxy5illion,"2026-09-19 10:35:55",1188.3,2,maxy5illion
3465,16657637,"Ronnie Atuhaire","2026-09-15 14:11:38",1188.0,2,ronnieatuhaire
3466,16707639,Fujinawa,"2026-09-15 12:14:48",1187.9,2,wasshoiwasshoi
3467,16634336,"Arko Bera","2026-09-08 19:08:41",1187.0,2,cartoonistbeard
3468,16719578,blueblue222,"2026-09-11 04:36:53",1186.1,2,blueblue222
3469,16704613,alexbstl,"2026-09-14 01:43:31",1184.9,2,alexbstl
3470,16659711,williams,"2026-09-06 23:23:25",1184.9,2,williams
3471,16654791,"Dev Rath","2026-09-10 16:32:18",1184.2,2,devbratrath
3472,16660281,"xiy lin","2026-09-08 12:05:25",1183.9,2,xiylin
3473,16745949,"Miaohua Zhang","2026-09-24 02:33:38",1183.8,2,miaohuazhang
3474,16801995,"XD tsui","2026-09-03 20:41:03",1183.7,2,xdtsui
3475,16664518,senxichong,"2026-09-18 08:01:00",1183.4,2,senxichong
3476,16730049,"r2d2 Dasari","2026-09-20 20:15:24",1182.9,2,r2d2dasari
3477,16815841,"Sunshine through fog","2026-09-15 05:48:01",1182.6,2,sunshinethroughfog
3478,16624253,DTrieu,"2026-09-23 09:27:45",1182.4,2,hodinhtrieu
3479,16688281,"Luke Stafford","2026-09-22 15:43:55",1182.3,2,luketstafford
3480,16781110,yqz,"2026-09-04 17:57:19",1182.0,2,yuqizheng
3481,16845063,"Gaston Zarate","2026-09-22 05:36:22",1181.8,2,gastonz195
3482,16727147,"Alan Smith","2026-09-09 11:26:14",1181.7,2,acorncupcake
3483,16826561,"ANJAN B","2026-09-13 15:34:02",1181.5,2,anjan4646
3484,16765763,latter0206,"2026-09-06 07:00:54",1180.8,2,shoheiyamanaka
3485,16838305,"Zhiyan Chen","2026-09-05 09:20:32",1180.7,2,zenosga
3486,16860587,"Mayo Mafia","2026-09-14 12:41:03",1179.6,2,vasujain12344
3487,16845366,cdaden,"2026-09-08 06:00:19",1179.4,2,cdaden
3488,16796840,ezalbxx,"2026-09-10 04:09:31",1179.0,2,ezalbxx
3489,16683199,"Filippo Gombac","2026-09-02 17:16:47",1178.9,2,filippogombac
3490,16822109,Meticulousss,"2026-09-10 16:32:31",1178.8,2,meticulousss
3491,16664293,"Adam Lloyd","2026-09-05 07:12:04",1178.1,2,alloyd256
3492,16851444,"Vũ Tuấn","2026-09-16 04:05:20",1177.4,2,vtunksdlvnj6
3493,16654266,古德拜吃,"2026-09-03 11:26:52",1176.8,2,nosaewang
3494,16633850,Pascal,"2026-09-05 04:01:56",1176.8,2,pascalledesma
3495,16750364,Tangruichen,"2026-09-23 19:19:29",1176.1,2,device666kunkun
3496,16793478,noisyislands,"2026-09-24 11:32:02",1176.0,2,noisyislands
3497,16918151,"Hidenori Sasaki","2026-09-19 02:52:24",1175.9,2,hidenorisasaki
3498,16666296,A.P.R.I.L,"2026-09-12 16:42:30",1175.7,2,puneeth333
3499,16771397,its_mrz,"2026-09-07 17:48:52",1174.7,2,itsmrz
3500,16718138,Haalandspring,"2026-09-04 22:46:54",1174.6,2,haalandspring
3501,16624026,"Russell Kirk","2026-09-24 15:38:52",1174.0,2,russcore
3502,16775506,"lin qiy","2026-09-05 13:32:19",1173.9,2,linqiy
3503,16654752,Agrofitting,"2026-09-12 18:17:22",1173.8,2,"evvfebruary,vinch97"
3504,16780141,"One Zero001","2026-09-03 08:43:16",1173.8,2,onezero001
3505,16838520,"Niu Yuanfang","2026-09-07 07:50:24",1172.8,2,niuyuanfang
3506,16630548,"YJ Wee 2807","2026-09-08 08:37:02",1172.3,2,yjwee2807
3507,16657395,"Uchechukwu Ajuzieogu","2026-09-03 14:10:11",1172.1,2,uchechukwuajuzieogu
3508,16839209,yuuuu.T,"2026-09-06 02:01:37",1172.0,2,yuuuut
3509,16635065,T88,"2026-09-07 09:02:57",1171.7,2,t88take
3510,16811890,Bobbbbbbbbx,"2026-09-03 15:25:01",1171.7,2,bobbbbbbbbx
3511,16707702,"anton leyn","2026-09-08 16:30:11",1171.4,2,antonleyn
3512,16790359,"laoma fighting","2026-09-07 05:30:45",1171.2,2,laomafighting
3513,16622934,"Ümit Anık","2026-09-05 13:54:40",1171.1,2,mitank
3514,16623480,xmaster6y,"2026-09-08 18:26:54",1170.7,2,xmaster6y
3515,16638551,"GOAT   Mathieu ""ZywOo"" Herbaut","2026-09-24 15:50:36",1170.6,2,ryosketchbook2007
3516,16659210,HASHP100D,"2026-09-05 11:23:41",1170.6,2,hashp100d
3517,16741683,"Lance Wu","2026-09-05 02:17:10",1169.3,2,lancewu722
3518,16811637,mohui666,"2026-09-03 09:21:41",1169.3,2,mohui666
3519,16695931,"Kers Aoyagi","2026-09-05 19:24:41",1168.7,2,kersaoyagi
3520,16659430,"John Keith Weber","2026-09-06 16:32:54",1168.1,2,johnkeithweber
3521,16725195,易研学社,"2026-09-06 07:27:43",1168.1,2,"chency17,fengwann,mingyingxin,sjojasdq,tbtbbb"
3522,16809249,Moro,"2026-09-06 02:48:13",1167.2,2,moromoromoro
3523,16808178,qianyuatkaggle,"2026-09-08 00:37:32",1167.0,2,qianyuatkaggle
3524,16816445,"Danila Lebedev","2026-09-08 13:54:33",1166.7,2,danilalebedev
3525,16858618,NaokaK,"2026-09-09 06:58:14",1166.6,1,naokak
3526,16713540,Anruan,"2026-09-05 16:45:53",1165.9,2,xiaowanshen
3527,16654332,"Borys Tymchenko","2026-09-06 13:18:48",1165.6,2,spsancti
3528,16797393,lingmingzi,"2026-09-05 04:36:26",1164.6,2,lingmingzi
3529,16854250,"Jenil Emp","2026-09-21 13:06:46",1164.1,2,jenilemp
3530,16773069,Grant,"2026-09-05 10:49:32",1163.5,2,leolin05
3531,16786255,OceFFFF,"2026-09-23 06:46:43",1163.0,2,oceanfujimoto
3532,16927297,galaxy2025,"2026-09-20 01:15:33",1162.4,1,galaxy2025
3533,16679812,"Xiang Li","2026-09-07 00:00:24",1161.9,2,xianglipee
3534,16824101,"Bala Murugan AIML","2026-09-04 02:20:12",1161.6,1,balamuruganaiml
3535,16808433,thenokol,"2026-09-07 12:26:33",1161.5,2,thenokol
3536,16662810,HarshitSama,"2026-09-19 10:23:32",1161.2,2,harshitsama
3537,16810859,"Michael Silverblatt","2026-09-06 12:39:49",1161.0,2,msilverblatt
3538,16717186,"Roumak Das","2026-09-04 03:41:55",1160.9,2,roumak77
3539,16734290,CodeAMANSA,"2026-09-09 14:52:52",1160.9,2,bcollazo
3540,16657228,"Vladimir Babin","2026-09-21 06:07:32",1160.7,2,vovababin
3541,16725793,Krilin,"2026-09-03 18:41:48",1160.5,2,krilin
3542,16667964,Shuiys,"2026-09-05 18:41:46",1160.5,2,ysshui
3543,16645703,madmax0404,"2026-09-23 08:17:11",1159.1,1,max6296
3544,16734813,"Johan BONILLA MENDIETA","2026-09-05 15:23:38",1158.3,2,johanbonillamendieta
3545,16626462,mango,"2026-09-04 01:11:13",1158.1,2,mango789
3546,16730834,TomoyaM,"2026-09-10 00:00:39",1157.9,2,tomoyamiyaake
3547,16697923,"Vincent Debout","2026-09-12 22:24:00",1157.8,2,vdebout
3548,16753646,"[Deleted] 7d100524-25e6-4751-98db-b4fdce26a5ee","2026-09-02 14:22:45",1157.6,2,del=effabded1aa6d176
3549,16732221,ringbearer,"2026-09-03 21:56:31",1157.5,2,mehmetbarankrat
3550,16825772,liujieyou,"2026-09-14 12:01:35",1157.4,2,liujieyou
3551,16804549,Feidudu,"2026-09-04 15:51:54",1156.5,2,zenanshao
3552,16773607,sky1,"2026-09-04 13:54:00",1156.5,2,skyk1jn
3553,16803930,"Farrukh Ismoilov","2026-09-02 11:30:29",1156.4,2,fismoilo
3554,16774727,"Dannya AbdulHadi","2026-09-04 11:48:50",1156.4,2,dannyaabdulhadi
3555,16659776,"Ben Hamilton","2026-09-08 23:36:18",1156.1,2,kineticaxisstudio
3556,16682932,"Iulian Curte","2026-09-13 10:07:59",1155.9,2,iuliancurte
3557,16820988,人畜无害,"2026-09-24 09:01:58",1155.7,2,slowmo19
3558,16682283,"RL is all you need","2026-09-08 13:59:11",1154.5,2,"bpmf577,junzhejiao,jwj1342,liaodid,mrschang"
3559,16695556,"Prajwal Dongre","2026-09-20 05:45:05",1154.4,2,prajwaldongre
3560,16742470,AK,"2026-09-06 07:57:50",1154.3,2,aman1391
3561,16657904,xfhdh1,"2026-09-06 09:51:45",1154.1,2,xfhdh1
3562,16783521,xiannaix,"2026-09-04 09:28:00",1154.0,2,xiannaix
3563,16851712,VelloNChiru,"2026-09-24 04:30:11",1153.6,2,janelawrence
3564,16672040,"Tom Yim","2026-09-07 04:31:34",1152.1,2,tomyim
3565,16820116,cotora2121,"2026-09-05 17:42:49",1152.1,2,cotora2121
3566,16851959,Darren0724,"2026-09-11 12:15:26",1151.7,2,darren0724
3567,16686827,Kronki,"2026-09-05 12:24:58",1151.3,2,kronki
3568,16773039,zyiqun,"2026-09-04 06:12:36",1151.2,2,zyiqun
3569,16778388,"straw hats","2026-09-20 14:26:24",1151.0,2,rushikeshgaonkar
3570,16797063,Nianhua1,"2026-09-05 03:35:11",1150.3,2,nianhua1
3571,16721805,kavunidze,"2026-09-03 11:04:48",1149.6,2,kartu72
3572,16639746,"Kyle Wang","2026-09-04 15:12:00",1149.6,2,ky1ewan9
3573,16783124,Logorhythms,"2026-09-24 12:31:20",1149.6,2,mohammadsaidulislam
3574,16824069,"Phương Nguyễn Việt","2026-09-04 03:52:08",1149.0,1,phngnguynvit
3575,16678462,"Eric Han Wang","2026-09-22 22:39:00",1148.6,2,ericwang03
3576,16639369,"Kyuhwan Cho","2026-09-18 23:24:42",1148.5,2,octoarden
3577,16623630,noobanot,"2026-09-03 12:05:20",1147.4,2,noobanot
3578,16806587,"Dear Shark","2026-09-17 07:12:32",1146.4,2,dearshark
3579,16798174,"Jan Bartos","2026-09-07 22:28:55",1145.4,2,janbartos
3580,16743788,"Emmanuel Lo","2026-09-04 13:07:50",1145.0,2,emmanuello
3581,16743191,"Ryoya Kochiyma","2026-09-05 13:28:19",1144.5,2,"kazutotakekuma,ryoyakochiyma"
3582,16782954,"Team Dajiang","2026-09-19 13:02:19",1144.4,2,"jihuaye,toolazyhhh123"
3583,16721688,"Hi Im Ryo","2026-09-04 15:05:22",1144.3,2,loto610
3584,16658287,ArturoSirvent,"2026-09-12 05:20:34",1144.3,2,arturosirvent
3585,16899030,CardPilotLab,"2026-09-17 00:32:05",1143.8,2,EldieEnfiel
3586,16682195,celefefwefwe1,"2026-09-02 16:48:52",1143.5,2,celefefwefwe1
3587,16702429,iamlonely,"2026-09-08 16:27:53",1142.6,2,iamlonely
3588,16822745,Jetpack,"2026-09-18 17:14:08",1142.1,2,"m1ngch1,victorye04"
3589,16657825,MilanJoshi,"2026-09-01 12:04:31",1141.7,2,mlnjsh
3590,16796484,"Ryutaro Tsujii","2026-09-04 00:07:32",1141.6,2,ryutarotsujii
3591,16756902,"Matt Palmer","2026-09-06 04:17:51",1141.4,2,palmsey
3592,16695229,X1a0Ch3n,"2026-09-04 16:14:07",1141.1,2,xiaochen20236673
3593,16790542,shiba-inu,"2026-09-21 14:06:32",1140.8,2,npinpi
3594,16805882,nmdcddwzml,"2026-09-10 11:46:04",1140.8,2,mujian63
3595,16728103,Immutable,"2026-09-06 21:33:16",1140.6,1,dishcleaner
3596,16745351,ChrisXie,"2026-09-08 02:14:19",1140.5,2,chrisstan
3597,16841667,Zwxiang123,"2026-09-06 01:27:21",1140.5,1,zwxiang123
3598,16722995,July,"2026-09-10 10:42:05",1140.3,2,julyzseven
3599,16673250,Prashant,"2026-09-04 16:46:37",1139.7,2,"kajalsinghrajpoot,prashantxo"
3600,16694016,"Prajwal M","2026-09-02 16:15:52",1139.6,2,estrick
3601,16655311,"Plant City Planter","2026-09-02 19:03:12",1139.1,2,michaellombard
3602,16810802,"Musa Khan","2026-09-03 16:40:12",1138.8,1,lazer999
3603,16660121,10pi,"2026-09-02 01:21:07",1138.6,2,meredith10pi
3604,16730707,"James Michael","2026-09-04 14:12:29",1138.4,2,ingenio
3605,16688642,"Natalia Mawyin","2026-09-05 11:08:38",1138.3,2,nmawyin
3606,16716475,"dong & shen","2026-09-03 04:47:45",1138.3,2,"dongcookies,muyouqian4"
3607,16735253,银龙,"2026-09-07 07:00:02",1138.2,2,boyanyanbo
3608,16790658,lxymmd,"2026-09-10 07:59:16",1137.6,2,lxymmd
3609,16747577,"Nolan BONHOMME","2026-09-03 13:22:05",1137.5,2,nolanbonhomme
3610,16775286,DanilAbdullin,"2026-09-02 05:42:51",1137.2,2,danilabdullin
3611,16639520,"Cary Jin","2026-09-05 22:54:44",1135.9,2,strigiformes
3612,16738810,mararaa,"2026-09-04 10:21:18",1135.0,2,mararaa
3613,16799554,dengddd,"2026-09-03 15:30:23",1134.8,2,dengdgq
3614,16794696,"Paul Bryan Elefante","2026-09-08 00:39:10",1134.3,2,heuljax
3615,16755414,Danzzzl,"2026-09-05 16:14:12",1133.9,2,okunevda
3616,16846525,Dwaslaop,"2026-09-13 13:24:30",1133.5,2,"dwaslaop,haorunjia"
3617,16783459,LKQ669,"2026-09-02 14:33:50",1133.2,2,lkq669
3618,16750273,"Nil Lic","2026-09-14 16:44:57",1132.8,2,nillic
3619,16675739,"Jithendra Maddala","2026-09-12 05:12:26",1132.3,2,jithendramaddala
3620,16732484,tanzaku,"2026-09-06 07:58:50",1131.6,2,tanzaku
3621,16623646,"Minal kharat123","2026-09-24 06:06:35",1131.3,2,minalkharat123
3622,16734979,NiuLAI,"2026-09-24 07:23:38",1131.1,2,"chunsingyu,chunyinhui,jaminmei"
3623,16771605,Psyrax,"2026-09-17 16:00:11",1131.0,2,psyrax012
3624,16662568,RaghavMundhra1,"2026-09-23 22:44:35",1129.7,2,raghavmundhra1
3625,16632214,roomer,"2026-09-05 03:55:23",1129.7,2,"matsuphy,mqme526,yasunamiura"
3626,16721237,phoenixai0,"2026-09-08 14:15:57",1129.6,2,phoenixultra
3627,16665311,"huayang sun","2026-09-05 06:20:01",1129.5,2,okami001
3628,16706442,tipstar0125,"2026-09-05 11:50:46",1129.4,2,dragonty
3629,16838821,小等等,"2026-09-16 07:41:23",1129.2,2,atwelve
3630,16794740,"Alexander R Luz","2026-09-11 16:15:45",1128.9,2,alexanderrluz
3631,16795982,Vordax,"2026-09-03 18:17:12",1128.3,2,vordax
3632,16632231,"Samrish B","2026-09-05 18:17:55",1128.2,2,samrishb
3633,16771457,"HK Fama","2026-09-05 17:51:47",1128.0,2,kenho211
3634,16828244,AGSaturn,"2026-09-06 19:42:52",1127.8,2,polyuhst
3635,16717113,"Dovydas Ruokis","2026-09-11 19:58:21",1127.4,2,dovydasruokis
3636,16890654,"Niloofar Y.","2026-09-24 15:56:32",1127.4,2,niloofaryoonesi
3637,16736050,SuperZero11,"2026-09-10 07:44:19",1127.1,2,anandaverma
3638,16756633,TheDanKing,"2026-08-31 05:49:23",1127.1,2,thedanking
3639,16719083,"Justin Mai 16","2026-09-07 22:30:10",1126.9,2,justinmai16
3640,16686513,Vipul_Kumar75476,"2026-09-22 00:05:05",1126.2,2,vipulkumar75476
3641,16839975,AlexHan,"2026-09-05 13:16:50",1125.5,1,gksgusrb1212
3642,16639771,"DK Armada","2026-09-06 06:33:12",1125.1,2,dkarmada
3643,16749205,"Wish Coding Guy","2026-09-02 10:33:15",1124.6,2,tommycyd
3644,16693382,Sandrone,"2026-09-07 15:57:25",1124.0,2,luvgoelo
3645,16675351,-Beterraba,"2026-09-05 18:45:27",1123.8,2,"afonsoo,miguelottoni"
3646,16658409,AlexMasip,"2026-09-03 15:37:32",1123.7,2,alexmasip
3647,16656659,"James Y","2026-08-31 09:51:47",1123.2,2,redoctopusk
3648,16806394,Flowers,"2026-09-02 04:03:16",1123.1,1,"guyueyuan,oliver34,wu12138test"
3649,16628456,kiro,"2026-09-08 06:39:53",1123.1,2,kirosamurai
3650,16771456,"Tianrun Liao","2026-09-14 16:08:41",1123.0,2,tianrunliao1
3651,16760490,"nir afek","2026-08-30 21:08:22",1122.8,2,nirafek
3652,16654995,"Artem Voronov","2026-09-14 11:14:51",1122.2,2,artemyvoronov
3653,16818589,"Rachmat S. Haryadi","2026-09-10 16:48:09",1121.9,2,rachmatsharyadi
3654,16651792,LX,"2026-09-02 10:29:49",1121.5,2,sunnylx
3655,16747036,Illusion,"2026-09-04 13:34:36",1120.2,2,briankimtaikab
3656,16761641,Diavolo,"2026-09-05 09:31:08",1120.1,2,jeanmarcbah
3657,16764068,"Chika Komari","2026-09-02 11:18:48",1119.8,2,gothamjocker
3658,16665700,张广麒,"2026-08-31 08:41:33",1119.6,2,zzggqq
3659,16694186,souju00,"2026-09-14 10:52:51",1118.4,2,souju00
3660,16768323,thuvuduy16,"2026-08-31 18:59:54",1116.7,2,thuvuduy16
3661,16795041,"Denis Revenko","2026-09-01 13:02:36",1116.6,2,denizzko
3662,16626979,"An - Claudex","2026-09-24 10:28:30",1116.1,2,myotterspace
3663,16621831,"Tsung-Yeh, Hsieh","2026-09-09 18:31:09",1114.3,2,"tsungyehhsieh,xinyuloong"
3664,16848645,"Chee Keong Sim","2026-09-10 14:59:11",1114.0,2,cheekeongsim
3665,16877958,"Igor Buinyi","2026-09-11 23:06:07",1114.0,1,buinyi
3666,16654715,"Aqib Raza","2026-09-02 19:21:26",1113.4,2,aqibrazadev
3667,16655169,Musliadi,"2026-08-31 05:51:39",1113.0,2,timscientia
3668,16811502,"Avi Porath","2026-09-14 04:33:01",1112.8,2,aviporath
3669,16663166,Rey4Dan,"2026-09-23 16:28:42",1112.2,2,rey4dan
3670,16634239,"Radhakrishnan Guhan","2026-09-05 19:54:20",1112.0,2,rmsgrk
3671,16677252,カワシギ,"2026-09-22 22:10:03",1111.9,2,kawashigi
3672,16657594,"Wojciech Krasowski","2026-09-02 20:37:04",1111.6,2,ci3l4k
3673,16721980,pend_ts19,"2026-09-03 03:03:36",1111.4,2,pendts19
3674,16727544,"Mostafa H","2026-09-01 10:03:53",1111.2,2,mostafahaghiri68
3675,16935594,"wenya hao","2026-09-24 07:45:24",1111.1,2,wenyahao
3676,16742825,"Ritwik Raha","2026-09-05 00:03:10",1110.8,2,ritzraha
3677,16791752,bayachay,"2026-09-13 02:26:18",1110.8,2,bayachay
3678,16734225,"Vijay athithya ","2026-09-02 07:06:29",1110.4,2,vijay09
3679,16730705,chris,"2026-09-24 14:23:12",1109.5,2,chris62
3680,16887947,"Blips and Chitz","2026-09-23 23:10:46",1109.4,2,michaelriedl
3681,16734894,"MP Gamimg","2026-09-23 12:00:49",1109.4,2,okadahiroshi
3682,16725410,LE4VES,"2026-09-08 09:27:15",1109.3,2,le4ves
3683,16748187,"Violet Notes","2026-09-09 13:20:38",1109.2,2,dominicjamil
3684,16760158,"apple farmer","2026-08-30 01:15:01",1109.1,2,gustavoknudsen
3685,16779652,cheezyp,"2026-08-31 06:26:25",1108.9,2,cheezyp
3686,16798544,esprit,"2026-08-31 23:47:56",1105.9,1,takuji
3687,16729092,"ayman elamin","2026-09-22 13:36:51",1105.3,2,aymanelamin
3688,16793344,zyichi,"2026-09-02 06:41:30",1104.9,2,zyichi
3689,16757384,straw_Yu,"2026-09-09 01:41:11",1104.0,2,strawyu
3690,16778792,"Karthik #2","2026-09-02 17:15:47",1103.5,2,karg14
3691,16738895,SangGold,"2026-09-13 09:18:56",1102.9,2,sanggold
3692,16785924,Abhinav_26104,"2026-08-31 15:17:41",1102.4,2,abhinav26104
3693,16622919,Waffle,"2026-09-23 23:19:28",1101.9,2,waffle3z
3694,16677399,lyts,"2026-09-24 12:58:29",1101.8,2,lytsyyds
3695,16854059,"Gökmen KÜÇÜKAYDIN","2026-09-24 15:46:11",1101.7,2,gkmenkkaydin
3696,16737937,xamad,"2026-09-01 13:19:27",1101.6,2,giannicerrato
3697,16757418,Janus,"2026-09-20 02:21:48",1100.9,2,khaled1alhasan
3698,16669810,CREART,"2026-08-29 16:06:18",1100.5,2,gustardust
3699,16779831,地里偷偷尿尿,"2026-09-06 14:21:55",1100.1,2,jjsdfd22
3700,16795391,MECHINE,"2026-09-01 03:05:47",1100.0,2,nainglinwai
3701,16773320,kaka,"2026-09-17 08:53:18",1099.5,2,kakawin
3702,16806048,duck_raccooon,"2026-09-02 15:03:04",1099.4,2,duckraccooon
3703,16860049,Himanshu,"2026-09-15 12:12:33",1098.4,2,himanshuffbfujbf
3704,16852043,"pig da","2026-09-08 05:32:31",1098.0,2,qijunjie
3705,16623890,"rapika rosalia","2026-09-01 17:40:24",1097.6,2,rapikarosalia
3706,16670527,"Balram Gupta","2026-09-18 05:06:28",1097.3,2,"akankshaparab,bg28898"
3707,16805609,Gleb,"2026-09-01 22:11:48",1097.3,1,korelin
3708,16657750,"Just A game on your lips","2026-09-24 06:53:26",1096.6,2,proptiter
3709,16741551,"Vedant Tiwari","2026-09-02 20:48:05",1096.0,2,vedant7312
3710,16843970,dharana77,"2026-09-24 08:27:42",1093.3,2,ylee4574
3711,16677774,"Abdulatif Mahgoub","2026-09-24 05:40:25",1093.2,2,abdulatifmahgoub
3712,16732813,Soomana1z,"2026-09-08 17:20:16",1093.1,2,soshionodera
3713,16641982,ZotAZaw3,"2026-08-28 09:43:47",1093.0,2,zotazaw3
3714,16667147,"Daksh Bhalala","2026-08-26 06:41:04",1091.9,2,dakshbhalala
3715,16718956,hassan,"2026-09-01 16:14:25",1091.8,2,hasankhhan
3716,16729906,"Krzysztof Madziar","2026-08-28 05:05:13",1091.2,2,krzysztofmadziar
3717,16794841,thisArmin,"2026-08-31 04:29:30",1090.8,1,thisarmin
3718,16734199,Iliamna,"2026-09-06 20:44:33",1090.6,2,decotoj
3719,16871907,"Junya _318","2026-09-14 04:15:18",1090.4,2,junya318
3720,16655381,"Varshith K","2026-09-10 22:42:07",1090.3,2,var3604
3721,16639979,naphthalene,"2026-09-01 10:40:26",1090.0,2,"aaa0342,leehyungjoon,minjek,trv449"
3722,16695521,"Chen Ken","2026-09-19 11:39:00",1089.9,2,nutastray
3723,16689266,"Oleksandr Dudnev","2026-09-09 06:14:10",1088.7,2,dantist
3724,16760656,CharTFboy,"2026-08-24 09:19:37",1088.4,2,chartfboy
3725,16838843,"qiu ji123","2026-09-12 02:58:46",1088.3,2,qiuji123
3726,16762139,AltriaE,"2026-08-25 15:27:52",1088.1,2,altriae
3727,16948826,"Viswesh Suri","2026-09-24 06:43:33",1087.5,2,visweshsuri
3728,16623856,aowhite,"2026-09-03 06:12:31",1087.3,2,brandnewyork
3729,16734699,PangMinShih,"2026-08-28 08:39:27",1087.2,2,shihbonbon
3730,16770927,kaptaan45,"2026-08-28 08:06:32",1086.3,2,kaptaan45
3731,16654526,"Jin Niu","2026-08-26 18:25:33",1086.2,2,gufanmingmie
3732,16661304,"Jonathan Roy","2026-09-14 17:05:57",1086.2,2,jonathanroy7
3733,16667872,"Pralay Ghosh","2026-09-24 05:03:49",1085.3,2,pralayghosh83
3734,16661393,"razab Bawa","2026-09-06 12:43:30",1085.0,2,razabbawa
3735,16844343,"Gotovtsev Artyom","2026-09-18 20:30:04",1084.7,2,artemgotovtsev
3736,16756630,Shreyas,"2026-08-30 09:58:08",1084.6,2,shreyasdongre25
3737,16770299,"أحمد فهد الربيش","2026-08-25 09:55:13",1084.1,2,ghr111
3738,16784829,"Masahiro Yamagata","2026-09-22 08:52:31",1082.8,2,masahiroyamagata
3739,16667724,"Masashi Onda","2026-09-02 12:43:58",1082.5,2,masashionda
3740,16722731,"E&M Pioneer","2026-08-30 11:18:55",1081.5,2,hzq2004
3741,16783630,"fan yanbing","2026-08-30 11:33:12",1081.2,2,jackpudding
3742,16793106,"Пал Лаич","2026-08-30 12:45:34",1080.7,1,skypunkaudiowalker
3743,16716613,Arvin,"2026-09-08 01:18:15",1079.4,2,chesterx
3744,16664537,"Lenin Goud","2026-08-27 01:07:37",1078.6,2,leningoud
3745,16689697,Kmart0112,"2026-09-21 17:38:23",1078.4,2,kmart0112
3746,16778019,Mr.Frundles,"2026-09-03 02:21:58",1078.2,2,watehell
3747,16659467,AlexMoura2026,"2026-09-16 20:32:34",1077.9,2,alexmoura2023
3748,16692038,CodeHacker,"2026-09-15 14:53:16",1077.8,2,junhanzangai
3749,16759250,"Harsh Jain","2026-08-28 06:55:29",1077.5,2,harshjain123
3750,16653260,"Kadouci Abdelhak","2026-08-29 00:16:50",1077.0,2,kadouciabdelhak
3751,16765154,dreamcxy,"2026-08-31 03:54:16",1076.5,2,dreamcxy
3752,16655633,johnny,"2026-08-31 04:55:56",1076.4,2,jonykarki
3753,16752733,zjukop1,"2026-08-25 03:29:28",1076.3,2,zjukop1
3754,16654042,B.Pushpanjali,"2026-09-23 07:50:41",1076.3,2,"bpushpanjali,vinithwade"
3755,16761788,"Corenthin Buffard","2026-08-26 13:16:28",1075.5,2,cbuffard
3756,16745416,yamato035073,"2026-08-30 22:24:34",1075.0,2,yamato035073
3757,16733708,RyanHo,"2026-08-29 03:59:12",1074.9,2,ryanrx
3758,16770998,ket,"2026-08-31 22:14:53",1074.1,2,kentken
3759,16764431,"William Diment","2026-09-14 07:50:42",1073.5,2,williamdiment
3760,16727214,"Jaivardhan Raahi","2026-09-24 04:34:53",1073.4,2,jaivardhanraahi
3761,16883641,"Benedek Brandschott","2026-09-24 12:10:05",1073.1,2,benedekbrandschott
3762,16626655,"Surya milenial","2026-08-30 08:21:22",1072.8,2,suryamilenial
3763,16796980,ChenyuBaii,"2026-09-11 09:56:01",1072.7,2,chenyubaii
3764,16753515,"Yosif EL-Rammaal","2026-08-25 16:57:09",1072.3,2,yosifelrammaal
3765,16844154,シュークリーム,"2026-09-07 03:31:45",1072.2,2,syucream
3766,16766941,"S Kim","2026-09-10 22:16:57",1071.8,2,sunnyk92
3767,16755244,SZU蓝心,"2026-09-01 11:50:45",1070.7,2,jiazhanliu
3768,16738626,李BCDEFGA,"2026-08-25 06:55:39",1070.5,2,"bcdefga,fengzhaofan,quzehao12"
3769,16802775," SonSheungmin","2026-09-03 06:55:03",1070.5,2,sonsheungmin
3770,16782193,nal_nh906,"2026-09-02 01:42:32",1070.4,2,hhan09
3771,16758279,"GO HIROSHIMA 2","2026-08-29 02:51:47",1070.4,2,gohiroshima2
3772,16662222,MinerUNLEASHED,"2026-08-24 16:28:40",1070.2,2,minerunleashed
3773,16672468,ComposeMage,"2026-09-08 01:51:40",1069.8,2,composemage
3774,16892727,Pi,"2026-09-24 15:27:08",1069.7,2,liemdt
3775,16748907,EdwardHwang@123,"2026-08-24 15:32:00",1069.6,2,edwardhwang123
3776,16659215,"Zhizhou Sha","2026-08-31 12:43:52",1069.5,2,zhizhousha
3777,16669403,mrgrishninsb,"2026-09-13 13:22:10",1069.5,2,mrgrishninsb
3778,16623488,"Kevin E R MILLE","2026-09-24 15:52:35",1069.3,2,kevinermille
3779,16637458,OlivierS,"2026-09-09 03:41:58",1069.2,2,oliviers
3780,16641130,LitvinKA,"2026-09-24 04:29:12",1068.9,2,litvinka
3781,16847289,"Hengxiang Yu","2026-09-21 07:24:59",1068.3,2,hengxiangyu
3782,16791549,"Eugenio Schiavoni","2026-08-31 19:14:40",1068.1,2,eugeniokukes
3783,16738279,zhangshuosc,"2026-08-26 05:11:57",1068.0,2,zhangshuosc
3784,16692744,"VAIBHAV RASTOGI 90","2026-09-03 23:43:33",1068.0,2,vaibhavrastogi90
3785,16668756,"Clark Kitchen","2026-09-09 00:54:50",1067.9,2,clarkkitchen
3786,16757704,Faustine,"2026-09-23 00:54:18",1067.6,2,faustine649
3787,16780317,jrcjrcjrc,"2026-09-04 06:03:51",1067.6,2,jrcjrcjrc
3788,16771843,"Surekha Ramireddy","2026-09-01 15:34:18",1067.6,2,surekharamireddy
3789,16758791,"qw yi123","2026-09-22 13:41:44",1067.4,2,qwyi123
3790,16782227,"chen yue li","2026-09-03 01:34:30",1067.3,2,yueelc
3791,16691247,"Aneesh Rao","2026-08-27 17:11:07",1066.8,2,sidrao2006
3792,16748000,"Rohit Raj Singh","2026-09-15 13:50:22",1066.5,2,rohitrajsingh555
3793,16685450,Nadeem,"2026-08-25 09:21:14",1065.4,2,nadeembinshajahan
3794,16689569,JovanaLab,"2026-08-27 22:43:51",1065.3,2,"choonesenlu,joxitsai"
3795,16670883,G*Sim,"2026-09-24 15:51:35",1065.3,2,guillaumesimiand
3796,16742232,"Prema Ananda","2026-09-18 15:40:40",1065.1,2,premaananda108
3797,16630516,"Seb (allegedly)","2026-09-09 09:22:48",1065.0,2,sebmallia
3798,16752121,adhsdrtjh,"2026-08-23 15:02:25",1064.8,2,adhsdrtjh
3799,16652912,"Kyle Ellard","2026-09-04 11:51:13",1064.8,2,kyleellard
3800,16848207,vlad,"2026-09-15 11:56:09",1064.6,2,khizanov
3801,16666195,"Yihan Guo","2026-08-28 08:44:06",1064.1,2,yihanguo
3802,16627472,CloverFarm,"2026-09-08 13:23:55",1063.6,2,ljs2546
3803,16853131,"Awesome Egg","2026-09-10 07:27:41",1063.1,2,newegg
3804,16807054,"JSU xiaopoche","2026-09-03 06:35:02",1062.9,1,xhmuvw
3805,16770397,Ryu,"2026-09-03 20:15:16",1062.9,2,bexultanashenov
3806,16748647,"Adar Cohen","2026-08-24 21:27:43",1062.1,2,adarcohen
3807,16775443,NoName,"2026-09-04 23:49:43",1062.0,2,thesonalsingh
3808,16638019,Randynho,"2026-09-15 16:13:30",1062.0,2,randynho
3809,16736111,hexingwei33,"2026-09-23 15:12:47",1061.9,2,hexingwei33
3810,16662696,"Cengizhan Tümer","2026-08-31 20:54:21",1061.5,2,cengizhantmer
3811,16764206,yanjixiang,"2026-08-25 11:37:34",1061.4,2,yanjixiang
3812,16689274,Anyeson,"2026-09-18 12:04:00",1061.3,2,anyeson
3813,16790233,"prateek chandra","2026-08-30 15:55:55",1060.4,2,prateekchandra7005
3814,16753194,"Saicharan Ramineni","2026-08-26 19:33:02",1060.3,2,godlydonuts
3815,16793261,Von_Feynman,"2026-08-30 13:35:43",1059.6,1,terrenceluo1017
3816,16838736,"kauan cassiano","2026-09-05 06:42:48",1059.0,1,kauancassiano
3817,16730288,matsurih,"2026-09-24 11:10:16",1058.9,2,matsurihime
3818,16771361,"It's Ratcha","2026-09-07 18:59:25",1058.6,2,itsratcha
3819,16658280,"Hemanth Reddy Katta","2026-09-14 22:15:43",1058.4,2,hemanthreddykatta
3820,16842071,buddyY26,"2026-09-07 13:06:08",1058.2,2,buddyy26
3821,16729554,"JingSong Yang","2026-08-28 05:33:55",1058.2,2,jingsongyang
3822,16753125,"Rudransh Singh Rathore","2026-08-26 03:10:23",1057.6,2,rudranshsinghrathore
3823,16760509,"gnanadeepika karanam","2026-09-18 15:53:30",1057.1,2,gnanadeepikakaranam
3824,16716549,notoverkil,"2026-08-28 08:16:38",1057.0,2,notoverkil
3825,16635029,"Oleg Melnik","2026-09-17 16:28:52",1056.6,2,olegmelnik
3826,16782984,crinoid,"2026-09-02 10:59:06",1056.6,2,takemi
3827,16767625,"Saurabh Yadav","2026-08-24 17:56:22",1055.4,1,saurabhyadav1305
3828,16775771,"Ewia Tng","2026-09-09 04:57:46",1054.8,2,ewiatng
3829,16778489,dataWr3cker,"2026-08-28 20:40:52",1054.8,2,gourabr0y555
3830,16634153,AnpAn_Men,"2026-08-29 19:47:31",1054.2,2,anpanmen
3831,16662651,CoatiAI,"2026-09-16 11:06:40",1054.1,2,gjhordan
3832,16704603,Tmaxxer,"2026-08-28 14:45:38",1054.0,2,tmaxxer
3833,16665753,"Mansour A. S. Ataa","2026-08-26 10:28:34",1053.3,2,profmansoor
3834,16766320,vp_mass,"2026-08-25 20:19:08",1052.6,2,vpmass
3835,16893654,"Arhaan Aggarwal","2026-09-24 01:14:00",1052.3,2,arhaanaggarwal2
3836,16763437,"⸻AgentZZ ⸻","2026-08-23 20:47:44",1052.3,1,agentzz
3837,16677577,"Harsha Vardhan Konisa","2026-09-13 17:33:53",1052.2,2,harshavardhankonisa
3838,16675777,"Ml BOY","2026-09-07 18:15:38",1052.1,2,mlboy1
3839,16667731,"Agent 33","2026-09-24 14:08:07",1052.0,2,agent33
3840,16774410,"Rishabh Roy","2026-08-26 09:01:38",1051.6,1,rishabhr0y
3841,16740392,"Amey Thakur","2026-08-25 12:01:41",1051.3,2,ameythakur20
3842,16674310,"Ayaz Ahmed Kazi","2026-08-29 18:49:13",1050.3,2,ayazahmedkazi
3843,16729225,"Aayush Sigdel","2026-09-03 15:47:50",1050.2,2,aayushsigdel
3844,16698340,"Yanxi Jiang","2026-08-26 03:24:55",1050.0,2,yanxijiang
3845,16828844,"SHOUHEI IKEDA","2026-09-06 23:29:56",1050.0,2,shouheiikeda
3846,16712432,hengck23,"2026-08-25 17:58:30",1049.6,2,hengck23
3847,16624506,zhongtian,"2026-09-24 08:50:43",1049.4,2,kmtbang
3848,16692443,xmkevin2004,"2026-09-08 15:10:46",1049.0,2,"deersirz,qiuzaooppo,xmkevin2004"
3849,16759813,tyf_scu,"2026-08-23 17:11:18",1048.5,2,tyfscu
3850,16864558,"Henghan Dong","2026-09-23 23:44:15",1048.2,2,henghandong
3851,16845582,"Julio Cesar Filho","2026-09-08 06:10:03",1047.8,2,juliocesarfilho
3852,16655255,MalelizarazoP,"2026-08-26 13:34:53",1047.6,2,malelizarazop
3853,16664683,"Halapeño Farms","2026-09-14 00:35:12",1047.6,2,haladaj
3854,16769028,"Rishabh Yadav","2026-09-17 01:59:59",1047.2,2,riishabhhh
3855,16778358,"Lê Nguyễn Việt Cường","2026-08-28 03:46:51",1047.1,2,lengvietcuong
3856,16856449,Sting,"2026-09-16 17:12:20",1047.0,2,sarlnovax
3857,16630323,kaggricultureomnidimensionalut,"2026-08-28 10:51:28",1046.6,2,kumarandatascientist
3858,16800775,SunSeeker染汐,"2026-09-01 16:47:33",1046.6,2,sunseekerrx
3859,16693193,"Efrain Garay","2026-09-04 20:55:13",1046.3,2,efraingaray7
3860,16762537,Controlvector,"2026-08-25 08:28:11",1045.8,2,"controlvector,yxdu01"
3861,16764738,Lucasty,"2026-08-25 07:04:36",1045.6,2,lucaswty
3862,16863344,masat,"2026-09-09 23:46:30",1045.6,1,masatttt
3863,16790391,"Kevin Cao","2026-08-29 13:38:03",1044.8,1,kevincao2
3864,16778808,"Candace Dudleson","2026-08-31 23:19:12",1044.8,2,candacedudleson
3865,16660492,"Deven Bagul","2026-08-29 11:56:30",1044.7,2,devenbagul
3866,16742228,"bangqun ZHAO","2026-08-27 05:20:56",1044.3,2,bangqunzhao
3867,16805870,"Ngo Trung","2026-09-12 17:12:53",1044.0,2,trungngotdt
3868,16630711,"Aleks Lviv","2026-08-30 11:46:50",1043.7,2,alekslviv
3869,16779007,"Teoh jia sheng","2026-09-24 14:29:31",1043.6,2,"nathanael19,teohjiasheng"
3870,16768676,Doit,"2026-08-25 02:09:47",1043.2,1,aifccnb
3871,16672202,HealthStone,"2026-08-29 21:04:07",1043.1,2,healthstone
3872,16741826,StackKnight,"2026-08-28 02:12:12",1042.7,2,stackknight
3873,16709115,"PARK HYUNSIK","2026-08-26 01:51:31",1042.5,2,hyunsikpark
3874,16902856,"Laura Vanegas Torres","2026-09-24 02:49:12",1041.7,2,lauravanegastorres
3875,16879133,xiepengo,"2026-09-13 14:05:18",1041.6,2,xiepengo
3876,16728774,あなまか,"2026-09-12 13:08:44",1041.5,2,arakish
3877,16635681,"Shubham Phapale","2026-09-05 12:46:36",1041.3,2,shubhamphapale
3878,16732857,Rojiomote,"2026-09-24 15:53:58",1041.0,2,rojiomote
3879,16894622,"Matthew B","2026-09-23 08:29:26",1039.4,2,mcb68945
3880,16666468,"J Penman","2026-09-09 07:04:10",1039.3,2,jpenman
3881,16748933,Lixrixy,"2026-08-26 06:11:03",1039.0,2,lixrixy
3882,16769082,"Little Xi","2026-08-26 03:31:32",1038.6,2,littlexi0
3883,16784611,sardarkhanyadav,"2026-08-28 16:45:33",1038.6,2,sardarkhanyadav
3884,16658245,ziliangCok,"2026-08-28 16:08:13",1038.4,2,ziliangcok
3885,16861578,Markura,"2026-09-19 04:56:28",1037.5,2,markura
3886,16662819,THeLAB,"2026-08-17 18:55:16",1037.4,2,feuorme
3887,16623736,Garigariyong,"2026-09-01 04:31:17",1037.2,2,garigariyong
3888,16733932,"Jasper Turnidge","2026-08-24 06:36:23",1036.9,2,jasperturnidge
3889,16768955,Hunedjekdsfkd,"2026-08-25 03:56:30",1035.6,1,hunedjekdsfkd
3890,16761019,"yiwen hou","2026-08-25 14:48:43",1035.4,2,hevenhina
3891,16738657,Mactorr,"2026-09-02 22:44:15",1034.0,2,mactorr
3892,16690567,"Falih Kaleel","2026-09-21 13:46:09",1034.0,2,alphajet185
3893,16755921,"Natnael Yerga","2026-08-24 16:43:22",1033.9,2,natnaelyerga
3894,16664379,N_Matsumoto24,"2026-09-24 08:32:13",1032.5,2,nmatsumoto24
3895,16744905,"Nator X","2026-08-26 22:15:29",1032.0,2,natorx
3896,16724747,"Md.Mahfujul Karim","2026-09-24 03:25:34",1032.0,2,mdmahfujulkarim
3897,16774129,"Chen Audrey","2026-09-04 13:38:19",1031.8,2,chenaudrey
3898,16727784,Baen,"2026-08-24 06:44:33",1031.6,2,cairh22
3899,16871894,sx2154,"2026-09-20 14:56:27",1031.0,2,sx2154
3900,16693663,"YoungCheol Son","2026-08-27 00:51:34",1030.4,2,sonyc5720
3901,16665337,BHackers,"2026-08-26 17:13:11",1030.3,2,clarencepagaduan
3902,16933477,curlybaboon,"2026-09-21 12:52:19",1028.4,2,curlybaboon
3903,16716930,"Direc M","2026-08-31 04:54:06",1028.3,2,direcm
3904,16763444,"crazy achiever","2026-08-28 18:51:13",1028.3,2,crazyachiever
3905,16794205,"kiwi apple","2026-09-01 18:56:25",1027.7,2,kiwiapple
3906,16688907,青烟,"2026-08-24 12:39:28",1027.6,2,"imagine4391,mortal4416"
3907,16738745,"Anh Quân","2026-08-24 13:41:30",1027.4,2,qunanh
3908,16764545,ArX,"2026-08-24 09:44:45",1027.2,2,arx1993
3909,16758634,Ernnnn4u,"2026-08-24 17:00:46",1026.6,2,ernnnn4u
3910,16793229,"Waseem Mushtaq","2026-08-30 13:38:14",1026.5,1,waseemmushtaq045
3911,16876214,Yunfei_Z,"2026-09-17 16:32:21",1026.4,1,zhaoyunfei
3912,16639796,rmizuta,"2026-08-28 15:07:43",1026.1,2,rmizuta
3913,16659627,"Lam Dang","2026-09-24 16:01:36",1025.9,2,lamdang
3914,16753831,zhangjiaweii,"2026-09-04 07:26:21",1025.8,2,zhangjiaweii
3915,16708965,"Witold Dziurdz","2026-08-23 16:33:47",1025.6,2,witolddziurdz
3916,16750457,"Adrian Ricardo da Silva","2026-08-25 11:21:43",1025.6,2,adrianricardodasilva
3917,16706185,"Bab Kek","2026-08-25 21:04:53",1025.6,2,babkek
3918,16746112,"Jonathan Martschinke","2026-08-24 08:52:51",1025.0,2,jonathanmartschinke
3919,16675655,TrebolNoir_,"2026-09-01 12:59:42",1024.3,2,trebolnoir
3920,16724228,LSS0334,"2026-08-26 00:15:54",1024.2,2,lss0334
3921,16712185,"Vishal Khomane","2026-09-02 15:32:38",1023.2,2,vishal567
3922,16691506,Dipak_ISM,"2026-08-29 13:07:18",1023.2,2,dipakism
3923,16844770,Richard,"2026-09-22 05:48:05",1023.1,2,richardwg
3924,16759075,"Michael Day","2026-08-24 10:38:52",1022.7,2,michaelday99
3925,16737057,Wiz,"2026-08-24 03:15:13",1022.7,2,williamzhou001
3926,16707749,Yuzu,"2026-09-04 10:22:41",1022.1,2,yuzuoctopus
3927,16624979,"Mohamed abdelrazik","2026-09-24 14:28:17",1021.9,2,mohamed3abdelrazik
3928,16690308,"Fatima Sarhan","2026-09-19 14:01:01",1021.7,2,fatimasarhan
3929,16726994,bird,"2026-08-23 05:00:19",1021.7,2,whitebird
3930,16692272,Ddere008,"2026-08-21 18:43:56",1021.4,2,ddere008
3931,16840001,agheieff,"2026-09-05 13:16:29",1021.2,1,agheieff
3932,16762940,"Davide Andreolli","2026-09-06 09:20:28",1020.6,2,davideandreolli
3933,16664002,"Guilherme Zanini de Sá","2026-09-22 21:01:28",1020.6,2,guilhermezaninides
3934,16771994,"Jaden Tang","2026-09-15 09:28:23",1020.0,2,"aayanshah,jadentang17"
3935,16732851,chenry2003,"2026-08-24 02:27:53",1019.8,2,chenry2003
3936,16755071,"Varun Rao","2026-08-26 18:46:59",1019.7,2,varunraosfanlkan
3937,16659972,"Pelamovic ","2026-08-25 18:03:34",1019.4,2,pelamovic
3938,16738721,"Luan Kunyu","2026-09-04 07:05:21",1019.3,2,luankunyu
3939,16736138,Anand,"2026-08-21 06:00:12",1019.0,2,gazzal
3940,16832186,"Noah Öksüz","2026-09-15 13:38:56",1018.8,2,noahksz
3941,16754552,Touyu,"2026-09-24 15:45:32",1018.7,2,yutoaoki
3942,16716081,"dunky su","2026-08-23 06:36:50",1018.2,2,dunkysu
3943,16730320,Rosebuddychomp,"2026-09-12 07:54:11",1017.9,2,rishabhshetye
3944,16713007,"Jerry Hwa","2026-09-23 11:52:48",1017.9,2,"jerryhwa,richarrdyu"
3945,16778410,"uriel villegas govea","2026-08-28 00:25:47",1017.6,2,urielvillegasgovea
3946,16870771,wangxt1,"2026-09-11 06:19:14",1017.6,2,wangxt1
3947,16759705,2nod,"2026-09-19 02:17:04",1017.6,2,tsunoten
3948,16740159,CY,"2026-09-05 09:33:08",1017.5,2,aimeny
3949,16625339,kazusw,"2026-09-23 06:28:56",1017.3,2,kazusw
3950,16904612,"Naveen Reddie","2026-09-18 04:19:28",1017.0,2,naveenreddie
3951,16758152,MiguelLFCG,"2026-08-30 11:20:49",1016.7,2,miguellfcg
3952,16719262,sadjeen00,"2026-08-14 02:15:50",1016.6,1,sadjeen00
3953,16664566,"Lormann ","2026-08-23 06:24:29",1016.4,2,lormann
3954,16660233,ko9ma,"2026-09-08 08:42:33",1015.6,2,kohojung
3955,16709824,pizzahut,"2026-09-19 20:23:22",1015.5,2,csalazoltntams
3956,16844277,"Akash Chanran","2026-09-09 16:48:32",1015.0,2,"akashchanran,shruti9345"
3957,16670659,saumyagupta12,"2026-09-07 11:24:23",1014.8,2,saumyagupta12
3958,16675610,"Srikar Medisetti","2026-08-30 12:06:25",1014.2,2,deathaunter
3959,16667843,"durgesh dere","2026-08-21 16:10:13",1013.9,2,durgeshdere08
3960,16886319,novacryptic,"2026-09-13 12:37:51",1013.8,2,novacryptic
3961,16716697,"Habil Tobi","2026-08-28 20:57:52",1013.0,2,habiltobi
3962,16727529,윤영일,"2026-09-22 10:15:57",1012.7,2,iongil
3963,16732446,"Nuri DUDAK","2026-08-29 09:00:59",1012.6,2,nuridudak
3964,16779780,SiVitr2fDrXS.2N,"2026-08-30 15:06:17",1012.2,2,sivitr2fdrxs2n
3965,16658983,"Titi Huang","2026-09-19 03:19:15",1011.5,2,titihuang
3966,16663767,"Tommy Mancino","2026-08-31 23:03:57",1011.4,2,tommymancino
3967,16743790,"yuji y","2026-08-28 10:53:06",1011.1,2,yujiyyy
3968,16725304,"Alexandru A","2026-08-29 07:34:25",1011.0,2,alexandrua01
3969,16730706,flaty,"2026-09-06 07:05:52",1011.0,2,flat831
3970,16658618,"philip georgiev","2026-09-23 13:07:35",1010.9,2,philipgeorgiev
3971,16725441,lemon1219,"2026-08-21 15:37:35",1010.4,2,lemon1219
3972,16711608,"Thomas Greissler","2026-08-24 00:01:46",1010.3,2,thomasg22202020
3973,16904320,"Flying Duck","2026-09-24 05:15:07",1010.0,2,dreame1
3974,16780130,与君作田,"2026-08-29 14:01:35",1009.3,2,zhaoxi1244
3975,16848720,嘎达嘎达,"2026-09-08 07:39:07",1009.3,1,eggyeggygggy
3976,16830753,"youyi li","2026-09-06 02:50:01",1009.2,2,liyouyi
3977,16665214,Epiphany_Thu,"2026-08-21 12:06:53",1009.2,2,epiphanythu
3978,16664232,"Eddy Despradel","2026-09-01 23:58:35",1009.1,2,eddydespradel
3979,16657553,graceyunliu,"2026-09-16 02:43:23",1009.0,2,graceyunliu
3980,16666165,ChrisLeiteScha,"2026-08-24 15:20:36",1008.9,2,chrisleitescha
3981,16745312,"Alexie Huynh","2026-08-22 08:27:27",1008.3,1,alexiehuynh
3982,16630839,steubk,"2026-09-24 15:39:31",1008.2,2,steubk
3983,16707193,"radji kraim","2026-08-26 11:53:17",1008.2,2,radjikraim
3984,16756750,Charu,"2026-08-22 00:45:03",1007.9,2,charu13a
3985,16675704,reeemii,"2026-08-26 08:51:15",1007.3,2,reeemii
3986,16765313,Hosuke,"2026-09-01 04:19:31",1007.0,1,hosuke
3987,16779275,XuetingWang,"2026-09-01 08:50:53",1006.7,2,snoopy262
3988,16844148,Ethereal49,"2026-09-11 04:17:57",1006.6,2,ethereal49
3989,16691154,UnknownRobi,"2026-08-31 22:50:27",1006.4,2,canrobichaud
3990,16720720,道海孤舟,"2026-08-21 06:59:41",1006.3,2,unseenanch
3991,16723991,"James Holland","2026-08-17 01:40:17",1005.6,2,jkhollandjr
3992,16769795,"Edi Marian","2026-08-25 11:01:09",1005.3,2,edimarian
3993,16739363,kulukkuluu,"2026-09-23 19:41:04",1005.0,2,kulukkuluu
3994,16668700,"Pranshu Ghori","2026-08-17 22:02:35",1004.8,2,pranshughori
3995,16945082,"Colin's COK and Friends","2026-09-23 05:41:01",1004.8,1,"emartinez22,genericcname,sammchargue"
3996,16809168,"Shaun the Sheep ","2026-09-24 14:26:29",1004.5,2,badlandsram
3997,16736250,Yizhi,"2026-08-31 06:03:48",1004.4,2,yizhitao
3998,16634093,gezi,"2026-09-09 08:07:03",1004.3,2,goldenlock
3999,16670297,"Gebreab K. Zewdie","2026-08-26 00:22:15",1004.2,2,gzewdie
4000,16918095,Free-joint,"2026-09-24 02:01:32",1004.2,1,"huangzehua,percivallin"
4001,16697922,TingyuanLi277,"2026-08-21 03:39:03",1003.8,2,tingyuanli277
4002,16654662,"2/3 rounded to two decimals","2026-08-22 00:36:50",1003.7,2,rnold2
4003,16841536,"Berkay Hasret","2026-09-07 00:29:45",1003.4,2,berkayhasret
4004,16765215,"arlenjim ","2026-08-24 19:32:48",1002.9,2,arlenjim
4005,16712535,"Benjamin Beaujard","2026-08-18 11:03:03",1002.8,2,benjaminbeaujard
4006,16743216,xerkey,"2026-09-08 13:52:41",1002.6,2,xerkey
4007,16739898,"solo levelling","2026-08-18 21:08:16",1002.6,2,munibmemon
4008,16725342,little_d1d1,"2026-08-16 04:24:39",1002.4,2,littled1d1
4009,16727842,"Iadh Jarray","2026-08-17 13:45:11",1002.2,2,iadhjarray
4010,16661772,R3ddrag0n,"2026-09-02 19:43:09",1002.1,2,r3ddrag0n
4011,16634172,"Mario Cicala","2026-09-05 03:06:37",1001.7,2,mariocicala
4012,16728914,d0gied,"2026-08-17 15:12:08",1001.6,2,d0gied
4013,16745499,"lurs lurs","2026-08-29 02:02:15",1001.5,2,lurslurs
4014,16782196,"jingyang tu","2026-09-01 01:49:08",1001.5,2,jingyangtu
4015,16724452,Jay,"2026-08-20 00:34:34",1001.3,2,jayshimada
4016,16744127,Faiz,"2026-08-21 20:33:33",1001.2,2,souraditya26
4017,16712943,"Cesar Marcondes","2026-09-04 13:20:02",1000.3,2,cmarcond
4018,16660268,"Sébastien Mametz (Pixs)","2026-08-14 09:08:39",1000.0,2,sbastienmametzpixs
4019,16709203,Ayush_Patel,"2026-08-25 03:34:12",999.9,2,ayushpatel1305
4020,16655195,Pirhosseinlou,"2026-08-24 18:17:43",999.8,2,pirhosseinlou
4021,16839557,Superspork,"2026-09-08 03:25:46",999.5,1,superspork
4022,16666578,STRAF,"2026-08-23 23:07:25",999.5,2,nikosstraf
4023,16729640,"Наталья Скляр","2026-08-21 18:11:07",999.4,2,natsklyar
4024,16784133,"HASNAIN HAIDER","2026-09-01 17:02:27",999.3,2,techzero
4025,16680065,Vishodhan,"2026-08-14 23:46:15",999.2,2,vishodhan
4026,16925475,AdrianValerio,"2026-09-20 04:21:19",999.0,2,adrianvalerio
4027,16721070,LiuChen1350,"2026-08-26 05:30:30",998.8,2,liuchen1350
4028,16691946,"Hassan Algizani","2026-08-13 20:20:09",998.8,2,hassanalgizani
4029,16771277,zhaowenyi7,"2026-08-31 09:18:04",998.5,2,zhaowenyi7
4030,16714498,Zubekanov,"2026-08-18 01:14:49",998.3,2,zubekanov
4031,16701633,"Jacob Davis","2026-08-23 15:06:50",997.9,2,jacobtdavis
4032,16683193,Paami,"2026-08-24 01:21:00",997.5,2,coldpaami
4033,16733576,"Ojas Aklecha","2026-08-17 18:34:02",997.1,2,ojasaklecha
4034,16664477,"The T-MAN","2026-08-26 18:51:40",996.7,2,otmaneelmahda
4035,16625856,takai380,"2026-09-01 02:34:05",996.4,2,takai380
4036,16875537,HeIIo.Darkness,"2026-09-13 23:22:12",996.3,2,heiiodarkness
4037,16726011,"Dawid Fleischer","2026-08-25 18:37:25",996.2,2,dawidfleischer
4038,16741243,"Yasin Mert Şahin","2026-09-23 14:33:55",996.0,2,ymertsahin
4039,16871483,carnivore,"2026-09-24 14:14:05",995.9,2,prapproved
4040,16655718,eveyxy,"2026-09-05 08:58:28",995.5,2,eveyxy
4041,16734492,Orynx,"2026-08-19 08:01:33",995.4,2,"inderj1,jayveersingh6"
4042,16841296,Flesymevoli,"2026-09-06 08:49:58",995.1,2,flesymevoli
4043,16724353,PrathamGupta,"2026-08-17 02:04:38",995.0,2,prathamguptaaaaaaa
4044,16699772,MrAnalyst,"2026-09-05 10:43:49",994.9,2,mranalyst
4045,16743016,"MD Zeeshan","2026-08-20 18:13:32",994.8,2,makrovh
4046,16726281,rperez04,"2026-08-22 23:15:13",994.6,2,rperez04
4047,16736685,kentaro_kato,"2026-09-12 13:34:11",994.6,2,kentarokato
4048,16632777,"Alexandrine Cakpo","2026-08-20 10:20:22",994.4,2,alexandrinecakpo
4049,16714365,meryol,"2026-09-22 07:12:04",994.4,2,meryol
4050,16738278,yansf677,"2026-09-01 12:24:29",994.2,2,yansf677
4051,16725346,sokoranohimazin,"2026-08-18 19:39:07",993.8,2,sokoranohimazin
4052,16738899,Grayden_Lee,"2026-08-21 11:42:07",993.2,2,haozelii
4053,16696098,Valmorlee,"2026-08-23 19:40:07",992.9,2,valmorlee
4054,16713127,Felis,"2026-09-18 13:00:27",992.5,2,ilyaafanasenko
4055,16743904,minamoto,"2026-08-25 16:53:16",992.0,2,usermina
4056,16771677,"hedy huangyuheng","2026-08-27 02:13:28",992.0,2,hedyhuangyuheng
4057,16622627,"Erik van de Ven","2026-09-23 14:18:28",991.9,2,erikvdven
4058,16632164,"Tim Shini","2026-08-30 18:04:29",991.6,2,timshini
4059,16754086,Beenvvv,"2026-08-25 05:57:29",991.5,2,beenvvv
4060,16713267,"yq l68135","2026-08-21 21:35:52",991.2,2,yql68135
4061,16666054,Ani,"2026-09-04 21:33:20",991.0,2,anirudhk333
4062,16675905,HydFarms,"2026-08-30 11:22:11",990.7,2,"kumaramar,ronithjaju,shiveshcgatech,vidhishah115"
4063,16665927,"bhavya shah","2026-08-17 11:06:22",990.7,2,bhavyashah007
4064,16629403,Galza98,"2026-09-20 06:26:24",990.7,2,galza98
4065,16732104,sizumita,"2026-09-12 01:21:14",990.7,2,sizumita
4066,16721453,"Random Mambo","2026-09-01 09:41:19",990.1,2,beaten67
4067,16675807,cubreto,"2026-08-26 15:00:34",989.8,2,cubreto
4068,16638177,stpete_ishii,"2026-08-30 05:35:41",989.7,2,stpeteishii
4069,16743124,"Leo's Demiurge","2026-09-08 15:06:04",989.5,2,jelurge
4070,16623152,"agentic warriors","2026-09-24 13:08:28",989.4,2,"ibadia,isabellawoo01"
4071,16740399,"Lynn Pigott","2026-08-24 03:32:08",989.4,2,lynnpigott
4072,16662949,"Will English","2026-08-18 17:13:22",989.4,2,dubascudes
4073,16675486,"SALAH ELDIN ELNABARAWY","2026-08-18 21:17:22",989.3,2,salaheldinelnabarawy
4074,16890232,"Yihan Guo #2","2026-09-18 02:40:07",989.2,2,kagglebushswill
4075,16737843,"Muhammad Shoaib Memon","2026-08-23 19:52:52",988.8,2,muhammadshoaibmemon
4076,16726064,"sana slama","2026-08-15 17:01:13",988.3,1,sanaslamamm
4077,16728067,"Chenzhao Li","2026-08-18 08:04:21",988.1,2,heartquest
4078,16677592,keniii,"2026-08-25 00:29:31",988.0,2,kartheeswaran28
4079,16621741,"Andrey Naymushin","2026-08-24 09:46:41",987.8,2,andrewsokolovsky
4080,16936191,WDK777,"2026-09-23 16:12:36",987.5,2,wdk777
4081,16769769,"Artur Shafiev","2026-08-29 05:29:31",987.5,2,arturshafiev
4082,16732654,Goated_Farmers,"2026-08-23 17:09:50",987.2,2,"mugundhjb,srinathduvvuri"
4083,16654021,"Swachhith B","2026-08-24 08:40:04",986.9,2,swachhithb
4084,16639250,"Hamed Seyed-allaei","2026-08-21 19:11:09",986.7,2,pinocchio
4085,16764422,"ong bee","2026-09-09 02:25:57",986.3,2,ongbee
4086,16656394,"Pushkar K.G","2026-08-18 09:29:08",986.3,2,dejokz
4087,16732792,amaotone,"2026-08-20 14:27:36",985.7,2,amaotone
4088,16856021,PSI,"2026-09-08 19:26:40",985.6,1,vinayak121
4089,16623470,rurumi,"2026-09-02 05:21:15",985.6,2,rurururumi
4090,16661352,"Porch Goose","2026-08-21 02:52:24",985.6,2,jaclyndeem
4091,16692639,"Bharat Kumar0925","2026-09-04 19:52:25",985.5,2,bharatkumar0925
4092,16709246,"Tariku Mehdi","2026-09-03 00:25:56",985.5,2,tarikumehdi
4093,16765953,"Muhammad Ahmed","2026-08-26 13:46:48",985.4,2,muhammad4hmed
4094,16719414,SahilKumarTolani,"2026-09-10 16:16:07",985.3,2,sahilkumartolani
4095,16670118,"Álvaro Benítez","2026-08-29 15:46:04",985.0,2,lvarobentezlvarez
4096,16672003,carlscamt,"2026-08-14 17:19:42",984.7,2,carlscamt
4097,16752018,三浦桂基,"2026-08-30 04:00:30",984.5,2,keikipc
4098,16720841,liuhc1017,"2026-09-14 12:24:08",984.4,2,liuhc1017
4099,16846297,"Zihan Ni","2026-09-07 08:06:53",984.0,2,lunangai
4100,16733297,sohasoha42,"2026-08-18 17:50:51",983.9,2,sohasoha42
4101,16759625,gkg223,"2026-09-03 19:17:02",983.9,2,gkg223
4102,16637329,Rucbic,"2026-08-19 17:32:21",983.9,2,rucbic
4103,16822583,"TA ME CHEM","2026-09-13 09:26:11",983.8,1,tamechem
4104,16753618,mushichou4,"2026-08-22 10:20:51",983.8,2,mushichou4
4105,16754560,Kam,"2026-08-21 14:02:39",983.6,1,kamting
4106,16668721,"Efe Can Celiksoy","2026-08-13 22:00:41",983.1,2,efecnc
4107,16715579,Uvais,"2026-08-24 00:58:56",983.0,2,joshuaedwinjacobv24f
4108,16823751,"Tyler Knecht","2026-09-24 03:03:38",982.9,2,tknecht
4109,16671694,evananann,"2026-08-19 07:46:36",982.6,2,evananann
4110,16719536,"Mandy Lin","2026-08-14 03:18:29",982.5,2,ydnamlin
4111,16680967,Tyooughtul,"2026-08-16 00:58:06",982.2,2,yooughtul
4112,16736969,"york li13","2026-08-19 01:07:02",981.6,2,yorkli13
4113,16688893,CCG,"2026-09-24 09:55:43",981.4,2,"hirokenn,nagomenk"
4114,16666665,Team-Veraxion,"2026-08-31 08:24:24",980.9,2,"anuragvelekat,ayushiitomar,faizmemon,hariharigandikota"
4115,16729691,YinuoChen271,"2026-08-17 15:42:51",980.8,2,yinuochen271
4116,16786013,sakarush,"2026-09-02 13:17:42",980.4,2,sakarush
4117,16643125,"CARLOS CAADA ROSTRO","2026-08-21 19:23:34",980.3,2,carloscaadarostro
4118,16870431,"Adam Brink","2026-09-11 11:09:17",980.2,2,adambrink
4119,16724351,"Luxshan Thavarasa","2026-08-24 09:58:38",980.1,2,luxluxshan
4120,16729273,"Munib Ur Rehman Memon","2026-08-24 20:48:08",980.1,2,muniburrehmanmemon
4121,16690970,"Raoul Biagioni","2026-08-22 06:37:40",979.9,2,raoulbiagioni
4122,16760295,"Luke Hurt","2026-08-24 01:03:42",979.9,2,lukehurt
4123,16673234,MACvengers,"2026-08-19 16:34:04",979.8,2,"astrojaswanthkumar,ikpikp"
4124,16685160,Yura,"2026-08-17 07:27:50",979.6,2,yuratrubitsyn
4125,16727191,"Alexander Kokshenin","2026-08-20 02:08:15",979.6,2,kokshenin
4126,16841647,patitod,"2026-09-06 01:22:09",979.4,2,anasofaescobar
4127,16701868,AJ,"2026-09-09 20:53:34",978.9,2,abduljabbarcalica
4128,16759652,Fnoa,"2026-08-23 12:26:39",978.8,2,trasibulo
4129,16623370,kenmatsu4,"2026-08-14 09:03:08",978.5,2,kenmatsu4
4130,16701362,"Papa Annan","2026-08-20 21:26:39",978.5,2,papaannan
4131,16721947,groots,"2026-08-16 06:32:40",978.2,2,muhammadismail433
4132,16729054,"Shantanu Kesarkar","2026-08-27 05:50:23",978.2,2,shantanukesarkar
4133,16694710,ponsuk,"2026-08-17 19:01:09",978.1,2,ponsuk
4134,16725432,Ezra,"2026-09-10 21:42:30",977.9,2,ezberch
4135,16709295,"Isaac Owomugisha","2026-08-20 16:22:52",977.3,2,cmplxxyttmt
4136,16636094,Hax2456,"2026-08-15 10:05:01",977.2,2,hax2456
4137,16774237,"Dennis SH Lai","2026-08-30 17:21:31",976.9,2,dshihlai
4138,16725335,"Chris #2","2026-08-29 15:32:47",976.8,2,kagglecompetechris
4139,16651088,ych~sun,"2026-09-11 13:06:05",976.5,2,ychsun
4140,16665543,"Charan Manthena","2026-09-06 08:59:20",976.5,2,charanmanthena
4141,16715244,uri_kkyhr,"2026-08-15 04:53:37",976.3,2,urikkyhr
4142,16735582,"Tumaini Makena","2026-08-18 06:01:09",976.2,1,tumainimakena
4143,16790548,"Francesco Del Sesto","2026-08-31 10:47:27",976.2,2,francescodelsesto
4144,16727019,uitsnf,"2026-08-23 15:45:22",976.1,2,uitsnf
4145,16685074,"Emir Can","2026-08-30 20:16:36",976.1,2,aerospacer
4146,16732381,Raphdraft,"2026-09-03 01:11:34",976.0,2,raphdraft
4147,16654548,DataSluts,"2026-08-28 07:00:12",975.9,2,"rahulmedida,siddarthnayak50,sivasu07"
4148,16646679,tong00,"2026-08-17 12:02:11",975.8,2,tong00
4149,16664128,"Michael Todd Overdorf","2026-08-17 00:32:51",975.7,2,michaeltoddoverdorf
4150,16724584,"Jinx JK","2026-08-18 09:08:26",975.3,2,jinxjk
4151,16756557,"Marius Heuser","2026-08-24 21:41:31",975.3,2,mariusheuser
4152,16726660,"Prime Leo","2026-08-23 14:21:53",975.2,2,primeleo
4153,16757903,"Om Singh","2026-08-27 07:05:06",975.0,1,spoilyfrog
4154,16710389,GuerillaMoon,"2026-08-19 22:33:46",974.7,2,guerillamoon
4155,16719006,bouiboui,"2026-08-20 18:55:02",974.7,2,bouiboui
4156,16675503,"Jeff Marc E. Cadet","2026-08-30 17:56:07",974.6,2,jeffmarcecadet
4157,16709529,alhlbx5,"2026-09-03 22:48:54",974.4,2,alhlbx5
4158,16683813,WangQrkkk,"2026-09-23 15:58:31",974.0,2,wangqrkkk
4159,16635668,"Mirza Yasir Abdullah Baig","2026-08-21 14:13:17",974.0,2,myab07
4160,16739298,"ricardo assaad","2026-08-18 19:03:22",974.0,2,ricardoassaad
4161,16634166,Yuki.O,"2026-08-19 01:38:42",973.7,2,yukiohkawa
4162,16715506,"Moo Point","2026-08-17 21:44:26",973.6,2,"gnarlycow,tianmeiwang"
4163,16841344,"Abdoul Ahad Diop","2026-09-10 20:22:54",973.5,2,abdoulahaddiop
4164,16742048,SuperGiantLam,"2026-08-25 02:08:17",973.4,2,zptpsz
4165,16682471,Soumya2003,"2026-09-17 09:22:26",973.2,2,soumya2003uyvv755
4166,16666057,StopPlantingStartGameTheorying,"2026-09-08 07:53:27",973.0,2,mymelodyenjoyer
4167,16725403,tabetai28,"2026-08-18 14:38:57",972.9,2,taichiabewaseda
4168,16744355,"Sameera T","2026-08-22 10:13:47",972.8,2,sameeramaq
4169,16744043,Take,"2026-08-23 14:17:27",972.5,2,takeuchidaisuke2001
4170,16690612,"Mina Gayid","2026-08-16 12:59:16",972.4,2,minagayid
4171,16695615,Celinao,"2026-08-14 08:02:47",972.2,2,celinao
4172,16699745,"Norbert Szolnoki","2026-08-18 11:39:55",971.9,2,norbertszolnoki
4173,16698223,"Feng Jiahui","2026-08-18 08:35:04",971.8,2,junipersky
4174,16730688,zy,"2026-08-27 07:25:40",971.7,2,justforwin
4175,16635317,"KAKA Minishijie","2026-08-26 04:36:55",971.7,2,kakaminishijie
4176,16770884,VegetabledogNeo,"2026-08-31 01:23:25",971.6,2,vegetabledogneo
4177,16631595,CuteClaw,"2026-08-14 01:25:52",971.1,2,bloodmoonwq
4178,16738461,monnosuke,"2026-09-24 12:26:19",970.9,2,shiomi1012
4179,16802892,YUYA,"2026-09-06 08:34:05",969.9,2,yuyaizumikawa
4180,16659763,clarkzhang1031,"2026-08-13 12:27:10",969.7,2,"clarkzhang1031,huafeihuang"
4181,16666939,20237208_黄奕恺,"2026-08-22 12:53:27",969.7,2,mrhuangyy
4182,16687068,digiliwigili,"2026-08-22 12:49:07",969.6,2,kukchyievervin
4183,16670791,Hugelidus,"2026-08-25 03:43:18",969.5,2,hugelidus
4184,16738235,tenfish,"2026-09-22 15:26:05",969.2,2,"oygdri,takatoyoshikawa"
4185,16622242,"Robert Koval","2026-08-15 07:02:17",969.0,2,robertkoval
4186,16731432,sieradni,"2026-09-01 06:12:00",968.8,2,sieradni
4187,16632444,"Issac “Izreal” Davis","2026-08-13 20:42:03",968.3,2,issacizrealdavis
4188,16689601,"Prathmesh Adsod","2026-08-18 03:55:13",968.2,2,prathmeshadsod
4189,16727090,"Deep Blue Pasture","2026-08-17 02:28:34",968.2,2,shamanah
4190,16677945,"Quân Trần","2026-08-25 06:43:39",968.0,2,wuntrn
4191,16667324,"Muhammed selim Bilic","2026-08-26 17:02:17",967.9,2,muhammedselimbilic
4192,16661784,"XU XUXIANG","2026-08-27 12:57:06",967.8,2,"mikeaaaa14,xuxuxiang"
4193,16727379,"Nicholas Chua","2026-08-20 16:28:44",967.7,2,nickckb
4194,16663445,"ali dzaki","2026-09-13 14:59:25",967.4,2,alidzaki
4195,16658150,Gravity-x73d,"2026-08-17 09:16:29",967.3,2,gravityx73d
4196,16663240,"Rilen T. L.","2026-08-18 13:45:46",966.9,2,"jairosilvabastos,rilentl"
4197,16663590,"Jakub Dolének","2026-08-13 13:08:32",966.2,2,dolenek
4198,16715319,ocha_heaven,"2026-08-19 13:10:14",966.2,2,ochaheaven
4199,16723941,teraSurfer40141,"2026-08-16 01:16:49",966.1,2,r00tt00r
4200,16712459,松原琉喜,"2026-08-14 14:54:47",966.0,2,ryuki12kyo
4201,16633222,maxingkong733,"2026-08-18 23:32:58",965.8,2,maxingkong733
4202,16665336,"maoyuan ma","2026-08-18 11:41:09",965.7,2,maoyuanma
4203,16705907,Adrià,"2026-09-11 10:14:39",965.6,2,adriamb3
4204,16641893,"Kashyapsinh gohil","2026-09-23 14:53:12",965.5,2,kashyapsinhgohil
4205,16664759,OrGanAIc,"2026-08-14 22:58:18",965.4,2,arghyaranjandas
4206,16805171,Mario,"2026-09-24 13:55:59",965.0,2,mwalkiew
4207,16943744,"Quinn Cossette","2026-09-23 20:34:13",964.9,2,quinncossette
4208,16730344,lvisdd,"2026-09-24 15:56:53",964.9,2,lvisdd
4209,16656584,Spintronic,"2026-08-19 15:24:17",964.8,2,spintronic
4210,16705499,byncpy,"2026-08-17 17:18:47",964.7,1,jinliangbi
4211,16708185,XiaoYan12,"2026-09-13 17:57:28",964.6,2,xiaoyan12
4212,16664120,SaiDuttaAbhishekDash,"2026-08-21 20:30:01",964.6,2,saiduttaabhishekdash
4213,16708226,asi1024,"2026-08-16 13:14:53",964.5,2,asi1024
4214,16925900,"Marco Papotti","2026-09-19 19:51:41",964.2,2,marcopapotti
4215,16698884,VVVoyager,"2026-08-14 03:55:10",963.8,2,"haoxuanshan,hengnui"
4216,16728901,dqvide,"2026-08-17 19:53:39",963.8,2,dqvide
4217,16720088,"Oiti Roy","2026-08-14 06:26:04",963.8,1,oitiroy
4218,16724947,teacherli0,"2026-08-16 03:09:09",963.7,2,teacherli0
4219,16732685,Tanmay,"2026-08-23 18:16:07",963.6,2,blankkz
4220,16674684,next-best-agent,"2026-08-17 15:28:53",963.5,2,"minhduy13ly,tdtu981"
4221,16658081,ando,"2026-08-20 01:52:23",963.5,2,andoshunsuke
4222,16653379,"Asakawa Ruriko","2026-08-30 00:31:08",963.5,2,asakawaruriko
4223,16708624,"Aboubacar HEMA","2026-08-19 14:24:02",963.3,2,"aboubacarhema,marcmare,wilfredkouadjo"
4224,16675161,iVl44d,"2026-09-24 11:18:03",963.2,2,ivl44d
4225,16665125,"David Schindler15","2026-08-14 04:58:39",963.2,2,"davidschindler15,mz3207"
4226,16721383,"Emon xu","2026-08-21 16:14:05",963.1,2,emon0xuyym
4227,16781170,"Ulugbek Salohiddinov","2026-08-28 02:38:15",962.9,2,ulugbeksalohiddinov
4228,16722319,"༺ANIS YT༻","2026-08-19 13:08:47",962.5,2,anisyt
4229,16698576,monnu,"2026-08-19 05:55:01",962.1,1,fuumin621
4230,16709214,"Ariel Suntasig","2026-08-17 19:46:09",961.9,2,arielsuntasig2001
4231,16716991,XristosFilip,"2026-08-18 16:43:34",961.8,2,xristosfilip
4232,16722303,JohannPongratz,"2026-09-10 08:07:38",961.6,2,johannpongratz
4233,16668069,jackhsia,"2026-08-23 15:56:13",961.5,2,jackhsia
4234,16710128,"KeHao Liu","2026-08-14 01:52:29",961.2,2,kehaoliu
4235,16724795,yangqi1234,"2026-08-23 08:26:23",960.7,2,yangqi1234
4236,16691987,0xalgos,"2026-08-17 09:35:28",960.6,2,anandvashishtha5362
4237,16739488,Restodecoca,"2026-08-19 16:42:34",960.4,2,restodecoca
4238,16722120,nekoha,"2026-08-15 15:01:16",959.9,2,nekoha
4239,16655877,"Harish K","2026-08-25 19:09:49",959.5,2,harishk2209
4240,16737561,"Raj Aryan Singh","2026-08-18 11:50:54",959.2,2,kratos14raj
4241,16672199,Vachan,"2026-08-20 07:33:48",958.5,2,vachanpadival
4242,16679560,LEET,"2026-08-15 00:45:52",958.4,2,soufianelasfar
4243,16683865,Shin7jp,"2026-08-14 09:51:13",958.4,2,shin7jp
4244,16638375,"Tran H Hoang","2026-08-14 17:01:27",958.3,2,tranhhoang
4245,16662940,"The Coder Geek Squad Leader","2026-08-17 09:23:58",958.0,2,soulemaneisissifou
4246,16735075,"Ronchen Luo","2026-08-18 04:29:47",958.0,2,ronchenluo
4247,16726071,"PDF ULTRA","2026-08-20 19:36:33",957.5,2,"alengevorgyan,gab0yan"
4248,16718572,MLarpers,"2026-08-22 14:06:48",957.5,2,"koteikachannel,mrhornetik"
4249,16651672,"Xiaolei Lian","2026-08-19 03:18:04",957.3,2,xiaoleilian
4250,16697936,"Sami Cakiral","2026-08-15 19:43:40",957.2,2,samicakiral
4251,16757566,"Ankit Kumar","2026-08-23 12:03:53",957.1,2,imankit57
4252,16664762,"John Marinton","2026-09-22 13:52:40",956.7,2,marintonjohn
4253,16678346,"Farhan Abid","2026-08-16 08:41:15",956.6,2,farhanabidtech786
4254,16719002,Astraeus,"2026-09-14 15:53:57",956.4,2,astraeusdotdev
4255,16621219,"Inna Campo","2026-08-15 09:08:23",956.0,2,innacampo
4256,16691012,"Sanzhar Almasuly","2026-08-29 07:28:34",955.6,2,sanzharalmasuly
4257,16653890,YUKRUB,"2026-09-11 08:55:14",955.3,2,yukrub
4258,16691976,"Harini Panigrahi","2026-08-14 16:57:32",953.9,1,harinipanigrahi
4259,16667787,"Daryl Brach","2026-08-17 09:41:51",953.8,2,dbrach
4260,16639732,"Junbeom Lee23","2026-08-15 02:45:23",953.7,2,junbeomlee23
4261,16691524,"Martim Nascimento","2026-09-05 15:54:47",953.6,2,martimnascimento
4262,16667734,SuroRitch,"2026-08-15 16:23:52",953.6,2,suroritch
4263,16634143,"manual player","2026-08-14 00:41:13",953.5,2,prospal
4264,16698930,MrKiwi,"2026-08-19 09:34:31",953.2,2,mrkiwi
4265,16748246,"Eric S","2026-08-26 12:50:54",953.0,2,ericsangberg
4266,16740320,NguyenAn27,"2026-08-20 00:46:32",952.9,2,nguyenan27
4267,16625241,"Mutoy Choi","2026-09-01 07:42:20",952.6,2,mutoy1
4268,16697458,"Lissandra Kruse Fuganti","2026-09-01 15:19:00",952.4,2,lissandrakruse
4269,16719238,"Rômulo Siqueira","2026-08-20 00:15:16",952.2,2,romulosiqueira
4270,16678872,ibrahim,"2026-08-17 19:30:32",952.1,2,skyfish77
4271,16622367,mg,"2026-08-23 17:49:21",951.8,2,"egorkashpar,sashaboriskin,smooky"
4272,16659123,sd,"2026-08-18 17:46:56",951.3,2,siddharthadevkota
4273,16724060,"Mạnh Linh Hoàng","2026-08-15 15:54:52",951.3,2,manhlinh1501
4274,16644145,"Mehdi Azouz","2026-09-07 11:22:07",951.2,2,mehdiazouz
4275,16721079,"six seven swag","2026-08-23 09:08:28",950.8,2,polinababiichuk
4276,16666946,pwxc00,"2026-09-23 23:58:14",950.4,2,alert04
4277,16657803,"Arya Mazloomi","2026-08-14 00:17:11",950.4,2,aryamazloomi
4278,16698214,Juandix,"2026-08-18 03:35:51",950.4,2,juandix
4279,16653129,"Prashanth Reddy Biyyani","2026-08-20 13:53:37",950.3,2,"prashanthbiyyani,shivagurrala,sumu1526"
4280,16674479,"Alan Rosston","2026-08-14 08:20:49",950.0,2,alanrosston
4281,16710094,winwinwin,"2026-09-03 13:22:51",950.0,2,"ouyangruize,teecemackenieo"
4282,16701897,"Alejandro Lavandeira Casais","2026-08-14 12:56:12",948.9,2,alejandrolavandeira
4283,16634691,bot-farmer,"2026-08-19 06:16:19",948.6,2,shauryam25
4284,16724262,"Obu obu","2026-08-15 10:48:05",948.0,2,obuobu
4285,16651833,"Hồ Khánh Duy","2026-08-14 17:52:23",947.9,2,hkhnhduy
4286,16729421,Oblivix,"2026-09-02 04:16:25",947.8,2,"aradhyatiwariii,oblivix"
4287,16729372,"Gaspard Plt","2026-08-17 21:58:55",947.6,2,gaspardplt
4288,16710141,htatsumi,"2026-08-15 01:07:11",946.4,1,tatsumihasebe
4289,16661509,JSON_Voorhees,"2026-09-03 00:14:35",945.9,2,michaelgreenhut
4290,16638823,YDDDDDD999,"2026-09-06 18:22:40",945.4,2,ydddddd999
4291,16745294,"Ahmed Ehab Fathi","2026-09-05 01:27:13",945.4,2,ahmedehabfathi
4292,16724109,"small fry in the underworld","2026-09-11 05:51:16",945.0,2,wwwwhitley
4293,16726232,"sayed rafi","2026-08-18 21:13:00",944.8,2,sayedrafi
4294,16722986,"Abhiram 9803","2026-08-15 18:43:09",944.7,2,abhiram9803
4295,16694091,"Nan Leng","2026-08-23 07:41:41",944.6,2,nleng66ca
4296,16763978,"Swayam Gode","2026-09-07 16:15:33",943.3,2,swayamgode2
4297,16692851,ichnixhelle,"2026-08-12 22:20:24",942.9,2,ichnixhelle
4298,16687596,AjPrem,"2026-09-14 02:49:09",942.6,2,"ajprem,jefferysingh,neelcasula"
4299,16658931,"somewhere after","2026-08-19 08:16:29",942.3,2,amaterasuuuuu
4300,16622939,"Kamal Das","2026-08-27 12:47:13",942.1,2,kmldas
4301,16669191,"Mohammed Nomaan","2026-09-19 19:48:47",942.0,2,nomaanz
4302,16674447,"Nathan Thor","2026-09-18 11:07:56",941.8,2,devofpie
4303,16685626,"Livingstone Selassie","2026-08-16 00:26:50",941.6,2,"hackerx019,livingstoneselassie"
4304,16707598,Kamazarashi,"2026-08-18 05:40:15",941.6,2,kamazarashi
4305,16679443,albu,"2026-08-15 19:22:12",941.4,2,albuslaev
4306,16661132,"Jia Chen","2026-09-24 13:39:53",941.1,2,jiachenjasper
4307,16672530,GUGUGAGA,"2026-08-14 04:33:54",940.9,2,"ruiyangzhang23,taoguo079"
4308,16722330,"Jean-Louis Roy","2026-08-31 07:44:08",940.7,2,jeanjean111
4309,16692548,"Rockstar Farmer","2026-08-19 05:15:37",940.7,2,yuhaili
4310,16685850,K,"2026-08-14 06:37:41",940.5,2,kolci017
4311,16659614,"Heikki Leskelä","2026-08-22 16:35:42",940.3,2,heikkileskela
4312,16713178,Funno,"2026-08-19 17:32:54",940.2,2,yes711
4313,16677832,"Maryam Tahir","2026-08-25 15:07:42",939.9,2,maryamtahir09
4314,16714980,Chenaters,"2026-08-16 08:41:10",938.8,2,chenaters
4315,16713155,AdarshAleti,"2026-08-18 05:39:57",938.4,2,adarsh1077
4316,16655335,Justus,"2026-08-19 14:18:38",938.3,2,justus0
4317,16623791,rakumo,"2026-08-19 23:46:04",938.2,2,sirakumo
4318,16851557,SunaoCool,"2026-09-11 04:15:13",938.2,2,yoshikinishita
4319,16695093,"Ryota Murai","2026-08-27 15:28:04",938.0,2,rmuraix
4320,16750477,"Tapabrata Biswas","2026-08-25 13:11:13",937.9,2,"dumbakaash,ishanhira"
4321,16750344,Vaasu0501,"2026-08-28 16:49:39",937.9,2,vaasu0501
4322,16649313,"Jiajun HAN","2026-08-14 07:13:57",937.8,2,jiajun1
4323,16840694,"cory cozy","2026-09-06 11:48:38",937.0,2,corycozy
4324,16744658,Shree85,"2026-09-22 21:05:43",936.8,2,shree85
4325,16664860,ANUJPUROHIT18,"2026-09-01 05:03:07",936.2,2,anujpurohit05
4326,16704589,"Lobato MBA IA Big Data","2026-09-24 04:50:23",935.4,2,lobatombaiabigdata
4327,16715628,Dian,"2026-08-17 01:57:33",934.9,2,clas233
4328,16628295,qwertykeypadapple,"2026-08-13 19:05:04",934.8,2,qwertykeypadapple
4329,16709339,"Mohammad Javad Dianat","2026-09-08 12:14:33",934.8,2,dianatofficial
4330,16688368,"Lam Vo","2026-08-15 16:39:23",934.7,2,nhatlam
4331,16775412,"moo moo","2026-09-08 15:54:28",934.3,2,"amrof122,yassinamr11"
4332,16821267,1417,"2026-09-11 13:14:32",934.1,2,"dongyuhao,liuyihang026,yejialin"
4333,16622251,"Moroz Roman","2026-08-20 06:22:05",933.5,2,crissyro
4334,16732754,ikeuchy,"2026-08-29 04:10:41",932.9,2,ikeuchy
4335,16719100,"Abhiraj Singh","2026-08-14 12:02:33",932.7,2,cyberdrago
4336,16695695,"Siva Kumar","2026-09-24 13:26:04",931.9,2,sivapnlr80
4337,16640368,"Nkosi Ndwandwe","2026-09-06 05:03:26",931.7,2,nkosindwandwe
4338,16717792,han10086,"2026-08-13 15:05:21",931.6,2,han10086
4339,16675088,"Andrei Chulkov","2026-08-15 19:43:12",931.0,2,andreichulkov
4340,16663584,"Deployable LLMs","2026-09-23 01:13:44",930.9,2,"lucasveronese,planetoidleser,sinhakprat"
4341,16655368,"Mohammed Maqsood L","2026-08-19 10:40:17",930.8,2,mohammedmaqsoodl
4342,16665596,chunhu666,"2026-08-30 07:05:40",930.1,2,chunhu666
4343,16656519,"Chris Laska","2026-08-25 19:45:39",930.1,2,chrislaska
4344,16678172,"Eishkaran Singh","2026-08-19 19:12:02",929.4,2,eishkaran
4345,16655305,"Junior Sohou","2026-08-14 00:15:42",929.1,2,juniorsohou
4346,16735238,DHKim0324,"2026-08-25 08:49:34",928.7,2,dhkim0324
4347,16672243,"Fazil Putra","2026-08-14 01:24:17",928.7,2,fazilputra
4348,16693934,evnchn,"2026-08-23 15:41:50",928.7,2,evnchn
4349,16749618,Fon1as,"2026-08-21 09:36:42",928.6,2,fon1as
4350,16623226,"Hafida Belayd","2026-09-05 17:12:33",928.5,2,hafidabelayd
4351,16726115,helloworld311,"2026-08-17 05:52:20",928.2,2,helloworld311
4352,16665050,"Praneeth Palugula","2026-08-14 06:28:56",927.7,2,praneethpalugula
4353,16705176,"Ruslan Raupov","2026-08-20 09:10:24",927.7,2,ruslanraupoff
4354,16664164,"Elzandi Irfan Zikra","2026-08-15 15:53:21",927.6,2,"dyahayuretnoningsih2,zangetsufuin"
4355,16696887,kt-Kitayama,"2026-09-01 13:23:49",927.4,2,ktkitayama
4356,16785505,"Rishiraj Acharya","2026-09-08 04:26:42",927.1,2,rishirajacharya
4357,16941390,yukikotani,"2026-09-24 09:41:32",926.4,2,yukikotani2231
4358,16623445,"Hasin Raihan Dhrubo","2026-08-16 09:28:12",926.2,1,hasinraihandhrubo
4359,16710421,SZ_00_zyz,"2026-08-20 02:54:53",925.9,2,sz00zyz
4360,16748421,lulzx,"2026-08-20 17:52:11",925.6,2,lulzxy
4361,16710587,durgasai,"2026-09-01 13:14:36",925.0,2,dsainvg
4362,16624896,"Akmal Azzam o'g'li","2026-08-18 06:03:51",924.8,1,akmalmir
4363,16756415,"Mihai Balan","2026-08-31 06:39:25",924.7,2,mihaibalan
4364,16740700,"Vyas Senthilkumar","2026-08-19 04:26:42",924.7,2,vyassenthilkumar
4365,16727219,"Chukka Venugopalam","2026-09-23 17:57:26",924.4,2,chukkavenugopalam
4366,16945973,e3k,"2026-09-24 12:34:32",924.4,2,ekleezhya
4367,16765526,"Kotala Kishan Reddy","2026-08-24 08:56:22",924.4,1,kotalakishanreddy
4368,16803651,gyujinst,"2026-09-05 01:44:38",924.3,2,gyujinst
4369,16693962,"Changyuan Chen","2026-08-17 14:18:21",924.3,2,changyuanchenmit
4370,16655688,"Ryan Shan","2026-08-13 02:43:38",924.2,2,codegold
4371,16669897,"Tahsan Ferdous","2026-08-14 19:30:09",923.7,2,tahsanferdous
4372,16743741,Arooran,"2026-08-24 13:37:47",923.7,2,arooransivakarunai
4373,16761849,viber3221,"2026-08-24 13:38:59",923.6,2,viber3221
4374,16680931,"Rattan Singh","2026-08-16 04:23:37",923.2,2,rattans
4375,16766840,"Andrey ","2026-08-24 14:27:38",923.1,1,anti1111
4376,16633709,"kitory Yeah やきとり","2026-08-15 22:30:08",922.9,2,kitoryyeah
4377,16749347,Shibungi,"2026-09-01 06:52:21",922.5,2,shibungi
4378,16696631,"saya akan lawan!","2026-08-21 18:42:23",922.5,2,nurhadibudhy
4379,16633096,anvai_agents,"2026-08-20 05:50:45",922.2,2,"anandgaikwad7781,vaidehidhamnikar"
4380,16786603,"Shutong Hou","2026-09-23 08:46:53",922.0,2,praxel123
4381,16661362,BEETRiX🦋,"2026-08-11 14:42:28",922.0,2,johannaleighdeley
4382,16668788,ConnieCodes,"2026-08-17 13:40:25",921.5,2,conniecodes
4383,16738825,RishabhSpark,"2026-08-28 05:11:27",921.5,2,rishabhspark
4384,16682557,"Soumalya Mandal","2026-08-14 14:57:29",921.2,2,mrcyberhunter
4385,16709462,"KK #2","2026-08-14 09:06:37",921.0,2,kk2909
4386,16651623,"Sarvesh Talele","2026-08-28 05:18:58",920.9,2,sarveshtalele
4387,16663229,kakuteki,"2026-08-28 04:08:43",920.9,2,kakuteki
4388,16763813,Sydney,"2026-09-24 03:37:01",920.9,2,n3yan7
4389,16714902,HunterBlue,"2026-08-13 18:54:47",920.8,2,marianacodebase
4390,16731751,"Nikita Pudovkin","2026-08-17 09:15:54",920.8,1,nickpudovkin
4391,16674683,"Ali Esam","2026-09-11 17:00:03",920.5,2,zyxsu0
4392,16691702,kss,"2026-08-13 19:30:20",920.0,2,l0glikelihood
4393,16660444,"Сергей Мизин","2026-09-24 08:09:35",919.8,2,seeergo
4394,16691830,"Nikita Lugovoy","2026-08-15 03:39:17",919.2,2,nikital7
4395,16715187,maker2026,"2026-09-09 00:38:59",919.2,2,maker2026
4396,16634650,UnfriendlyAI,"2026-08-24 11:44:47",919.2,2,unfriendlyai
4397,16725642,"Arav Sharma","2026-08-17 03:51:14",919.2,2,aravsharma26
4398,16755278,Kaz,"2026-09-04 15:27:28",918.5,2,kazuyago
4399,16661754,edwinis,"2026-09-24 13:41:18",917.5,2,edwinis
4400,16670755,"Amine zeDDouk","2026-08-18 09:37:41",917.4,2,aminezeddouk
4401,16690020,shantaitichu,"2026-08-17 09:40:30",916.9,2,shantaitichu
4402,16756399,"old Ryne Mac had a farm","2026-08-21 19:44:11",916.4,1,rynemac
4403,16732462,"Aji Samudra","2026-08-24 09:05:21",916.3,2,ajisamudra
4404,16657610,"H Bharath","2026-08-31 18:54:57",915.9,2,hbharath
4405,16729874,"Shane Schisler","2026-09-15 20:11:48",915.9,2,seschis
4406,16665838,wenbodai,"2026-09-01 12:41:51",915.7,2,wenbodai
4407,16728723,"Ronith Rashmikara","2026-08-18 03:28:52",915.7,2,ronithrr
4408,16808914,slfmmm,"2026-09-02 11:50:26",915.6,1,slfmmm
4409,16634238,SoWwe,"2026-08-29 18:17:46",915.4,2,sowwe4
4410,16732428,"Darren Amadeus Martin","2026-08-19 00:48:02",915.4,2,darrenamadeusmartin
4411,16723132,Bridgeport,"2026-08-21 20:25:32",915.4,2,bridgeport
4412,16672653,Cultuurstelsel,"2026-08-13 16:59:47",915.3,2,ryuorlandotamin
4413,16700995,"Maram Ali","2026-08-15 09:13:15",915.0,2,msama01
4414,16733547,"Mark Grayson","2026-08-17 18:53:21",914.7,2,flyingsinclair
4415,16809122,"federico battello","2026-09-10 15:05:02",914.4,2,federicobattello
4416,16698069,k_4821,"2026-09-08 15:11:16",914.4,2,edgarondoodevilclub
4417,16633580,Vinymo,"2026-08-23 15:32:23",913.7,2,vinymo
4418,16665919,"Labmem Tang","2026-08-31 03:06:37",913.6,2,labmemtang
4419,16671821,donglee,"2026-08-13 09:13:09",913.1,1,dongleeovo
4420,16894541,"Deepak Mahajan","2026-09-17 05:27:59",913.0,2,xdipzz
4421,16634824,yuki16,"2026-08-27 02:55:04",912.5,2,yuki16
4422,16655179,"I Need an Internship","2026-08-15 02:39:23",912.4,2,dimasibnumuthi
4423,16703300,"Fahd EL ANSARI","2026-08-15 23:47:17",912.2,2,fahdelansari
4424,16691714,"Wesley Juraschek","2026-08-19 06:07:37",912.2,2,wesleyjuraschek1
4425,16700737,HechtJP,"2026-08-13 11:12:06",912.2,2,hechtjp
4426,16729828,spunkrock,"2026-08-16 20:08:06",912.0,1,spunkrock
4427,16696983,"JKM Ventures","2026-08-17 22:58:03",911.6,2,jeffreydrew
4428,16709793,"Victor Hotz","2026-08-13 18:48:06",911.5,2,victorhotz
4429,16656990,"NALLA SUMANG","2026-08-30 03:15:46",911.2,2,sumangnalla
4430,16889392,Prit_44421,"2026-09-14 11:29:09",910.7,2,prit44421
4431,16773559,"Abhishek Mahto","2026-08-26 06:40:07",910.5,1,abhishek3115
4432,16650372,Greed,"2026-08-12 17:18:47",909.8,2,greedshen
4433,16860813,hirayuki,"2026-09-19 18:25:31",909.8,2,hirayukis
4434,16750317,"ELhamdaoui AM","2026-08-30 19:29:43",909.6,2,elhamdaouiabdelmajid
4435,16735102,"Zhiqi Liu","2026-08-31 02:57:12",909.4,2,crazyqiqi
4436,16768022,"Miles Oberting","2026-08-31 23:48:39",909.4,2,milesoberting
4437,16715024,"Ömer Özbek","2026-08-22 13:50:34",909.3,2,omerozb
4438,16663694,"Dimitri ZABRE","2026-09-18 22:22:32",909.0,2,dimitrizabre
4439,16633853,"funny farm","2026-09-24 15:31:01",908.9,2,"alannasibullin,alexandrutkov"
4440,16649108,"Steve AVOMO","2026-08-17 03:12:41",908.7,2,aurelsteve77
4441,16663284,"Aman Prakash","2026-08-12 20:58:28",908.4,2,amanprakash777
4442,16697689,"Pavel Pakhmutov","2026-08-12 23:11:23",908.1,2,pavelpakhmutov
4443,16624651,"Zihao Zeng","2026-09-04 12:46:45",908.0,2,zihaozeng0021
4444,16693058,"Yuvraj singh","2026-09-18 11:41:37",908.0,2,yuvrajsingh789
4445,16767528,"Umut Toygar Göz","2026-08-30 13:01:54",907.9,2,umuttoygargoz
4446,16701969,旧楚狂人,"2026-08-15 14:20:59",907.6,2,jiuchukuangren
4447,16711910,"Artem Zapara","2026-08-18 16:48:51",907.4,2,artemzapara
4448,16662615,"Anurag irawit","2026-09-01 14:16:49",907.1,2,anuragirawit
4449,16713771,bndang,"2026-09-19 21:22:11",907.0,2,bndang
4450,16656931,pns,"2026-08-15 09:45:46",907.0,2,"nikhilkasyap07,premsivasai,saranboddu"
4451,16695691,neural-canvas,"2026-08-12 20:46:37",906.9,2,mrsanap
4452,16766905,Antigone_duckduck,"2026-08-24 16:38:37",906.8,2,antigonexzh
4453,16698256,Mint,"2026-08-17 18:39:08",906.7,2,rorandangerous
4454,16698439,"Pournami Prakash","2026-09-12 20:17:14",906.4,2,pprakas
4455,16778206,yuanlao153,"2026-08-28 15:00:04",906.2,2,yuanlao153
4456,16658803,"Rahul Jiwane","2026-08-21 06:19:57",906.0,2,rahuljiwane
4457,16690113,m0chi1216,"2026-08-16 15:07:24",905.7,2,m0chi1216
4458,16786382,hylexi,"2026-09-24 01:44:32",905.6,2,hylexi
4459,16927988,"Ravi Ramakrishnan","2026-09-20 05:22:13",905.5,1,ravi20076
4460,16743737,"Joanna C.","2026-08-20 23:07:09",905.2,2,joannaciesielski
4461,16641288,nakagawaren0805,"2026-09-12 10:35:10",905.2,2,nakagawaren0805
4462,16662023,"Vikas Kumar","2026-09-08 17:17:57",905.1,2,vikshit104
4463,16725354,"Swaroop piduguralla","2026-08-19 14:23:28",905.0,2,pnsaimanitejaswaroop
4464,16770648,"Yoshitaka Nozaki","2026-08-26 00:38:06",904.3,1,yoshitakanozaki
4465,16728272,"Daris Dzakwan Hoesien","2026-08-16 10:48:22",903.9,1,darisdzakwanhoesien2
4466,16624682,FrederikZ,"2026-09-02 10:17:51",903.7,1,zkirederf
4467,16775386,kaggler,"2026-08-31 09:29:41",903.1,1,deepkim
4468,16667839,Viet-Tien,"2026-08-22 19:46:21",903.1,2,tiena2cva
4469,16728460,oh-Artistburger-AHA-TastyMeat!,"2026-08-16 11:54:46",903.0,1,akikukeo1
4470,16623753,HZM,"2026-09-11 04:34:07",902.7,2,leehann
4471,16664334,"Satishvaran Ragu","2026-08-28 03:07:19",902.7,2,satishvaranragu
4472,16663992,小陈同学,"2026-08-18 07:26:54",902.2,1,czastu
4473,16712888,Vux,"2026-08-20 14:32:16",902.1,2,weiyu85
4474,16769866,"Suzuki Riki","2026-08-25 12:11:09",902.0,2,suzukiriki
4475,16842806,"Yan Tao Tang","2026-09-07 10:41:41",901.7,2,yantaotang
4476,16632788,"Bright O.H.","2026-08-23 03:45:36",901.3,2,brightoh
4477,16880393,flower_s,"2026-09-24 15:36:13",901.2,2,flower244140625
4478,16666884,"Antonio Stanciu","2026-08-15 14:33:52",901.2,2,stanciuantonio
4479,16696561,"Ali Ramazanov","2026-09-22 07:46:58",900.9,2,aliramazanov
4480,16770952,"Satyajeet Kumar","2026-08-25 20:42:40",900.7,2,m4rcuseryx
4481,16839110,0x3f,"2026-09-16 12:47:20",900.4,2,zhangbowen1005
4482,16716949,ligaydima,"2026-09-22 07:02:19",900.3,2,ligaidima
4483,16766982,"Sir Dona ","2026-08-25 15:54:46",900.1,2,sirdona
4484,16726512,shash,"2026-08-15 19:41:18",899.9,1,zshashz
4485,16689447,"Ivan Berrutto","2026-08-13 04:14:38",899.3,2,ivanberrutto
4486,16765065,"Rohith T R","2026-08-26 13:28:38",899.2,2,rohithtrgod
4487,16718947,"Dani Ortega","2026-08-25 07:07:35",898.8,2,daniortega99
4488,16748330,Okan,"2026-08-21 11:15:17",898.8,2,okanzkaya
4489,16655559,"Fajri Yanuar Shiddiq Juanda","2026-08-13 01:40:20",898.5,2,fajriyanuar
4490,16636909,"wking edewd","2026-08-21 11:21:57",898.3,1,wkingedewd
4491,16773266,newbyy,"2026-08-26 05:21:47",898.2,1,newbyy
4492,16725242,chinchilla,"2026-08-19 10:53:07",897.7,2,tgwstr
4493,16697223,"Azizii Gill","2026-09-09 21:27:12",897.2,2,aziziigill
4494,16668049,"Masayoshi Kurihara","2026-08-14 06:20:21",896.9,2,masayoshikurihara
4495,16714058,"Ahmet Erdem Pamuk","2026-08-12 18:59:18",896.9,2,ahmeterdempamuk
4496,16729484,"Sankalp Nagineni","2026-08-16 17:35:31",896.8,2,sankalpnagineni
4497,16668162,AlejandroAlvarez,"2026-09-20 19:14:28",896.8,2,theworm
4498,16751267,Guojun1,"2026-08-21 01:57:23",896.6,1,guojun1
4499,16774228,"Anggit Maulana Abdi","2026-08-28 14:37:01",896.2,2,anggitmaulanaabdi
4500,16663313,onlysmrtsumx,"2026-08-12 01:29:30",896.2,2,onlysmrtsumx
4501,16710661,"Pengyi Peng1","2026-09-03 05:48:27",896.2,2,pengyipeng1
4502,16714059,Yentür,"2026-08-12 18:47:44",896.1,1,meryentr
4503,16633414,"sagar tripathy","2026-08-13 15:57:56",896.0,2,sagar8trip
4504,16753985,"Narenthira Balaji","2026-08-21 10:54:17",895.0,1,narenthirabalaji
4505,16665702,"Aman Gupta","2026-09-08 16:26:19",894.6,2,amangupta0014
4506,16759864,exaucedossou,"2026-08-22 17:56:40",894.6,2,exaucdossou
4507,16717630,Amer,"2026-08-13 21:23:41",893.6,2,amerhu
4508,16772450,"Muneeba Badar","2026-08-25 21:19:13",893.4,2,muneebabadar
4509,16629292,"Syed Saad Hasan Emad","2026-08-17 06:14:38",893.3,1,syedsaadhasanemad
4510,16656948,"alexander kern","2026-08-24 18:02:17",893.1,2,alexanderkern
4511,16666853,"Bisola Olasehinde","2026-08-31 13:08:21",893.1,1,bizzyvinci
4512,16803913,"SUJIB BARMAN","2026-09-01 16:42:07",892.7,1,cardata
4513,16730903,noynkmr,"2026-08-25 05:47:01",892.7,1,noynkmr
4514,16781516,"Hongbin Guokaggle","2026-08-29 04:16:00",892.6,2,hongbinguokaggle
4515,16654381,"Dmitry Belan","2026-08-30 17:16:29",892.2,2,dimong4
4516,16659314,Sandeep063,"2026-08-25 12:44:22",892.2,2,sandeep063
4517,16697024,"Jiri Prudky","2026-09-06 06:00:57",892.0,2,jiprud
4518,16656807,Yoganjaneyulu,"2026-08-13 09:20:17",891.7,2,yoganjaneyulu
4519,16763120,"Shivam Singh #2","2026-08-23 16:56:35",891.1,1,shivamsingh17072001
4520,16675831,"Thayaparan Kumarakuru","2026-09-15 09:17:55",891.0,2,"kavishkasubashana,mrkala,thayaparankumarakuru"
4521,16724533,"Yusei Ito","2026-08-22 19:18:19",890.7,2,yuseiito
4522,16748524,TongY26,"2026-08-21 08:33:16",890.4,2,tongy26
4523,16735125,mtskggle,"2026-08-22 04:50:43",890.2,2,matsusakaggle
4524,16768647,vaultguard,"2026-09-14 21:08:32",890.2,2,vaultguard
4525,16803602,ihiratch,"2026-09-06 15:57:56",889.7,2,ihiratch
4526,16920916,"wiki Alexander","2026-09-23 06:11:41",889.7,2,wikialexander
4527,16657494,Trex,"2026-08-12 14:00:14",889.6,2,trexzone
4528,16772993,"dirty farmers","2026-08-26 06:33:12",889.6,2,jamesgui2007
4529,16658500,"abhinav rai1","2026-09-20 07:54:04",889.3,2,abhinavrai1
4530,16729227,Marjao,"2026-08-16 16:49:12",888.8,2,muniburrehman2020
4531,16651052,lty,"2026-08-18 02:33:01",888.8,2,linwei9
4532,16623020,Muhandro,"2026-08-20 16:29:57",888.3,2,muhandro
4533,16841176,"Bruce Cole","2026-09-09 00:39:28",888.1,2,brucecole
4534,16745092,zakihiro,"2026-08-21 07:59:39",888.0,2,zakihiro
4535,16667729,"Daniel Wu","2026-08-15 14:35:27",887.0,2,danielwuu
4536,16756925,"Dread Development","2026-09-05 11:38:51",886.8,2,"dreaddevelopment,seanornberg"
4537,16699610,"Sneha ","2026-08-17 01:00:34",886.8,2,kharya3
4538,16789587,"José Luis","2026-09-08 06:49:13",886.5,2,joseluissz
4539,16625611,"Karl Smile","2026-08-28 16:42:46",886.0,2,karlsmile
4540,16734450,"Ian Teigen","2026-08-18 00:04:38",885.5,2,ianteigen
4541,16785100,5386,"2026-09-10 11:08:04",884.3,2,"ismktkaggle,rairai314,satosis"
4542,16621735,VN-Orion,"2026-08-21 11:42:27",883.4,2,fastthanh78
4543,16731243,"[Deleted] dab36be1-9992-4710-95f4-39a9f7a2cd3c","2026-08-24 15:13:27",883.4,2,del=fd92954ed0c92f1a
4544,16689952,"Lazarus Ogero","2026-08-11 16:44:08",883.3,2,lazarusogero
4545,16749153,"Arnav Mishra","2026-09-12 05:10:43",882.8,2,arnavmishra02
4546,16726870,"Svanik Kolli","2026-08-16 00:11:14",882.8,1,svanikkolli
4547,16688153,"Panchajanya Banerjee (Pancham)","2026-08-16 20:28:27",882.4,2,delayedkarma
4548,16830837,"Damilare Olayemi","2026-09-08 08:35:23",882.4,2,damilareolayemi
4549,16653955,"tanmay singhal","2026-08-29 12:00:53",881.9,2,anexperiencedidiot
4550,16699659,"Dimas Pasha Akrilian","2026-09-01 01:59:59",881.9,2,dimaspashaakrilian
4551,16681275,"CUG HeQiao","2026-08-12 09:06:14",880.3,2,cugheqiao
4552,16771780,Trichoderma,"2026-09-06 04:58:38",879.9,2,brunoescalhao
4553,16661423,"Rishavendra Sharma","2026-08-31 08:38:23",879.7,2,rishavendrasharma
4554,16738467,EnriFermi,"2026-08-26 23:51:18",879.7,2,enrifermi
4555,16632146,Haker_Sam,"2026-08-27 10:45:31",878.2,1,hakersam
4556,16722902,"Grigorii IU","2026-08-22 01:54:09",878.2,2,grigorii220
4557,16634654,unknown,"2026-08-13 02:11:22",878.1,2,abdullahshafi2021
4558,16676356,"Wander waal","2026-08-11 02:48:56",877.9,2,wanderwaal
4559,16831372,"Hazel caviar","2026-09-05 08:07:40",877.3,2,hazelcaviar
4560,16635055,chch,"2026-09-24 04:04:12",877.2,2,chchentw
4561,16692138,"Bishwa Thakur","2026-09-05 09:15:47",877.0,2,bishwathakur
4562,16692090,sans,"2026-08-12 03:14:55",876.8,2,sans6262q
4563,16624824,GoofyGenius,"2026-09-09 16:05:59",876.8,2,goofygenius
4564,16663352,"Avnish Sharma","2026-08-31 14:42:23",876.4,2,kewlaz
4565,16645712,"Changye Li","2026-08-24 06:23:33",876.3,2,antoinegg1
4566,16709300,炫酷的小克里斯,"2026-08-19 15:54:28",876.2,2,tinfufans
4567,16740103,Adjakou,"2026-08-24 07:31:02",875.6,2,adjakou
4568,16734578,"Pascal Andreas","2026-08-26 17:42:14",875.4,2,pascalandreas
4569,16748717,mt,"2026-08-20 13:09:12",875.1,1,mtanakaslgfreak
4570,16663241,"Kris Adamatzky","2026-08-13 09:49:19",874.9,2,krisadamatzky
4571,16692110,"Ahmed Khudair","2026-08-11 22:33:06",874.8,1,ahmedkhudair121
4572,16805763,"Masaya Kawamata","2026-09-04 03:39:48",874.6,2,masayakawamata
4573,16639230,Rylan,"2026-08-15 13:15:45",874.4,2,"liuruihan333,wangxiaodundun"
4574,16930655,"Abdalrahman mohamed","2026-09-23 14:42:21",874.1,2,abdalrahmanmohamed3
4575,16658097,Sujay,"2026-09-17 06:08:01",873.5,2,sujayprodduturi
4576,16697675,"Isaac Grossman","2026-08-30 23:21:35",873.4,2,kingisaac
4577,16793535,Pink,"2026-09-15 08:44:32",872.9,2,farjanaafrinswarna
4578,16674649,寿!,"2026-08-12 06:45:37",872.8,1,taka3776toshi
4579,16770302,stardxx,"2026-08-26 02:21:35",872.3,2,stardxx
4580,16738653,"Julien Trocmé","2026-09-24 14:49:39",872.1,2,julientrocm
4581,16659692,"Hùng Nguyễn Huy (Hiirooo)","2026-08-11 03:47:45",872.0,2,hngnguynhuy
4582,16761728,"Vybhav Nath C A","2026-08-30 12:19:48",871.8,2,shadowfax2000
4583,16701759,xycai,"2026-08-14 17:23:35",871.5,2,xycaipku
4584,16695608,"Elie Elias","2026-09-12 11:11:33",871.4,2,elieelias
4585,16708333,"Phạm Vương","2026-08-11 16:17:10",870.7,2,vuongphamqq
4586,16660678,"Chaitanya Sonaje","2026-09-23 04:35:17",870.5,2,chaitanya205
4587,16682936,"Latifa Riziki","2026-08-12 09:38:13",870.1,2,latifariziki
4588,16694149,maxout,"2026-09-21 06:18:06",870.1,2,"aadijoshi19,kavyabhand"
4589,16705441,CooperJiang,"2026-08-13 06:57:44",869.4,2,gingersna
4590,16802598,zxcqqe,"2026-09-24 12:21:58",869.2,2,anonimniygeniy
4591,16724233,"Rafal Porwol","2026-09-16 16:48:33",868.6,2,rafalporwol
4592,16656731,"Muhammad Ali","2026-08-14 06:47:06",868.1,2,sardaralimaqsood
4593,16729650,"Tapiwa Makandigona - Zimbabwe21","2026-08-31 11:36:48",867.8,2,mukanya1994
4594,16689770,"Abdillah Sagif","2026-08-11 10:11:23",867.5,2,abdillahsagif
4595,16683441,Eura73,"2026-08-21 08:07:47",866.8,2,eura73
4596,16811576,Zi,"2026-09-03 01:52:15",866.5,1,kaigaokaigao
4597,16681749,"rohith vinice","2026-08-11 23:55:16",865.8,2,rohithvinice
4598,16793134,sawasawasawa,"2026-09-07 09:06:57",865.2,2,yukisawamura
4599,16767164,"yuhan wu","2026-08-26 09:37:53",865.1,2,yuhanwu487
4600,16669494,"Abdullah Razi","2026-09-03 18:39:36",865.1,2,abdullahroninrazi
4601,16660371,"José Luis Gómez","2026-08-13 01:37:42",865.0,2,josluisgmezz
4602,16738705,"Atilla Y","2026-09-12 06:51:34",864.9,2,atillay
4603,16700116,Goldian,"2026-08-21 16:13:40",864.7,2,goldian
4604,16657857,hust_xll,"2026-08-12 05:38:12",864.5,2,hustxll
4605,16684163,MohamedFD,"2026-08-13 12:32:47",864.4,2,mohamedfd
4606,16763383,"Alexandru Sitaru","2026-08-25 07:05:06",864.3,2,sitaru
4607,16889423,ShinChua,"2026-09-14 12:50:22",864.1,1,shinchua
4608,16688808,"Niranjan Nakkala","2026-08-11 12:26:14",863.8,1,niranjanmudhiraj
4609,16688136,"Armanzhan Ayan","2026-08-11 16:49:36",863.1,2,armanzhanayan
4610,16627995,"Fire Bird","2026-08-11 20:36:45",862.8,2,xuanleekaggle
4611,16692103,HaniJezo,"2026-08-11 20:32:40",862.8,1,hanijezo
4612,16672374,"kelly waldeck","2026-08-11 21:07:30",862.7,2,kellywaldeck
4613,16662653,"Jordan Schaeffer","2026-09-09 01:49:11",862.0,2,jordanmschaeffer
4614,16697021,Vaishnavi22052006,"2026-08-11 18:43:08",861.9,2,vaishnavi22052006
4615,16703099,GansPiro,"2026-08-13 18:34:26",861.4,2,ganspiro
4616,16679767,Salut!,"2026-08-12 21:56:55",860.9,2,denismekhanikov
4617,16650485,nasu726,"2026-08-13 13:51:20",860.7,2,nasu726
4618,16635509,simmons1025,"2026-09-24 00:57:55",860.3,2,simmons1025
4619,16693159,"Zonglin Han","2026-08-13 17:10:08",860.2,2,zonglinhan
4620,16698942,"PRADHAN RS","2026-08-13 18:06:58",859.6,2,pradhanrs
4621,16655952,"Tianfu Wang (王天夫)","2026-08-12 15:08:12",859.3,2,wangtf96
4622,16701573,"Haggai Musoda","2026-08-17 20:04:00",859.2,2,haggismusoda
4623,16693886,spellstriker,"2026-08-12 22:03:20",859.1,2,spellstriker
4624,16709069,"James Mcquay","2026-08-14 18:05:40",858.9,2,jamesmcquay
4625,16695964,"JiMing Feng","2026-08-17 10:56:45",858.4,2,jimingfeng
4626,16695376,Garv88,"2026-08-13 12:19:20",858.1,2,garv88
4627,16705584,"Adil Munawar","2026-08-29 21:18:33",858.1,2,adilmunawar
4628,16692164,Abdulrahman.su10,"2026-08-11 20:35:39",857.9,1,abdulrahmansu10
4629,16704622,ray,"2026-08-11 16:30:13",857.3,2,rayenezanned
4630,16632579,ZZfancy,"2026-08-11 12:04:42",857.3,2,zzfancy
4631,16709744,"Emre Bayram","2026-08-14 09:04:57",857.2,2,emrebayram
4632,16700630,apoyusiken,"2026-08-12 06:10:52",857.2,2,umutarpay
4633,16772803,"Linneu Holanda","2026-09-19 23:19:30",855.8,2,linneuholanda
4634,16696769,"maximo lorenzo y losada","2026-08-12 13:07:35",855.0,2,maximolorenzoylosada
4635,16688436,Zuu3scode,"2026-08-12 15:19:16",854.7,2,zuu3scode
4636,16665058,"Llin Ding","2026-09-01 05:38:32",854.5,2,"greatneuro,llinding"
4637,16687724,Yijue1,"2026-08-11 02:15:05",854.2,2,yijue1
4638,16716468,"Sakhawat Hossen","2026-08-15 03:28:07",854.0,2,sakhawathossen
4639,16732586,Juniex,"2026-09-22 13:52:52",853.6,2,"juniex,shirleyshirleyye"
4640,16627400,"Krasnov Daniil","2026-08-11 06:04:48",853.2,2,daniilkrasnovvv
4641,16660711,ricardo,"2026-08-15 22:34:26",853.1,2,magania
4642,16695137,"Samantha Nicole Bracamonte","2026-08-12 00:35:56",853.1,2,snrbracamonte
4643,16705370,TS2333,"2026-08-11 03:40:40",852.3,2,ts2333
4644,16684012,ceh,"2026-08-16 04:58:18",851.9,2,emilhessman
4645,16710672,"Yasemin Koç","2026-08-14 05:52:52",851.3,2,yaseminmkoc
4646,16708573,Benser,"2026-08-15 14:41:24",850.4,2,benser
4647,16707993,"Sangita Bannore","2026-08-11 14:33:47",850.3,1,sangitabannore
4648,16623444,"sary sary","2026-09-22 20:50:21",850.2,2,sarysary
4649,16640058,"Justin CH123","2026-08-11 09:15:28",849.6,2,justinch123
4650,16682303,"Kapadiya Nirav Kumar","2026-08-18 06:24:30",849.4,2,kapadiyaniravkumar
4651,16671666,showtree,"2026-09-02 01:53:55",849.4,2,showtree
4652,16940838,"Dean Wuu","2026-09-23 02:06:11",849.3,2,deanwuu
4653,16659803,nRuaif,"2026-08-22 02:47:10",848.2,2,phngdoan
4654,16656316,"Richard Tang","2026-08-11 01:09:34",848.0,2,richardgtang
4655,16681620,wanwanuil,"2026-08-13 12:43:19",847.8,2,wanwanuil
4656,16676043,"Tejash Rai","2026-08-14 07:16:01",847.7,2,tejashrai
4657,16670433,"Mohammad Osamah Atif","2026-08-19 08:46:32",847.6,2,osamatif
4658,16662166,duy,"2026-08-31 08:50:51",847.1,2,hduynguyen
4659,16691591,"Dheeraj Kumar #3","2026-08-12 04:05:32",846.8,2,kdheeraz
4660,16660653,kanchana's,"2026-09-21 17:23:31",846.8,2,"saikanchana,yuvarajkanchana"
4661,16700314,Giallar,"2026-08-14 16:45:53",846.7,2,andreykrotkikh
4662,16625615,"Mobeen Fatima","2026-09-24 10:19:55",846.6,2,mobeenfatimah
4663,16737113,"Sergei Myshianov","2026-08-20 03:24:23",846.5,2,sergeimyshianov
4664,16850522,WayneCheng,"2026-09-08 08:07:59",846.5,2,taffy1883
4665,16806886,dreamtear,"2026-09-02 05:55:56",846.2,1,mohanzeng
4666,16673110,"Sri Jayavel K","2026-08-20 08:18:31",845.9,2,srijayavelk
4667,16675305,"Justin Sabu Sebastian","2026-08-22 23:19:57",845.8,2,justinsabusebastian
4668,16706283,haogood666,"2026-08-11 08:25:40",845.7,1,haogood666
4669,16660331,A.K.NITHIN,"2026-08-12 12:07:32",845.3,2,aknithin
4670,16875777,YinboLiu,"2026-09-17 11:11:46",845.1,2,yinboliu
4671,16673097,"Sonu Kushwaha","2026-09-01 11:10:15",844.8,2,sonukushwaha124
4672,16659890,"Cu Spoon","2026-08-25 22:02:11",844.6,2,cuspoon
4673,16702774,FilipJ,"2026-08-16 18:34:05",844.4,2,filipjarmua
4674,16830784,栀蓝thy,"2026-09-15 10:03:44",843.3,2,tianhaoyuan86
4675,16724779,"Gavin Cao","2026-08-16 09:00:53",843.2,2,gavinxgcao
4676,16672579,"Udbhaw Anand","2026-08-22 13:15:18",843.1,2,udbhawanand
4677,16676154,"Tuan Tran","2026-08-10 16:29:40",842.8,2,thtuan
4678,16667052,"Dandan Li","2026-08-15 18:07:17",842.8,2,clcll532x
4679,16726422,"Praveen Kumar","2026-08-29 11:25:55",842.7,2,pankajrepswal
4680,16633886,mudesteven,"2026-08-16 02:54:25",842.1,2,fastlight2007
4681,16666733,"Alberto MV","2026-08-10 23:06:33",842.1,2,albertomv
4682,16687824,"André Dkw","2026-08-10 17:17:25",842.1,2,andrdkw
4683,16679371,ΛYMΞNRH,"2026-08-11 06:43:55",841.7,2,aymnrh
4684,16684075,"Tianfang Li","2026-09-24 05:44:47",841.6,2,tianfangli1
4685,16661983,"Victor's Team","2026-08-12 12:05:19",841.1,2,"dlordsjustified,jezrealmomoh,joludare,victorokpe"
4686,16624088,Pomiro,"2026-08-11 04:41:24",841.0,2,pomiro
4687,16656691,"Sahaj Deep Singh","2026-08-12 01:39:36",840.8,2,sahajdeepsingh9877
4688,16706825,"Niranjana Vincent ","2026-09-23 01:06:38",840.4,2,nj54425
4689,16725680,henri66,"2026-08-15 21:09:47",840.3,2,henri665
4690,16770777,"Oscar Legoupil","2026-09-09 15:43:18",839.6,2,oscarlegoupil
4691,16701221,"Othman Istaiteh","2026-08-10 13:25:38",839.6,2,istatieh
4692,16719551,JamesYip7,"2026-08-20 10:24:50",839.3,2,jamesyip7
4693,16823736,"Logan Seitz","2026-09-09 15:07:29",838.9,2,loganseitz26
4694,16669778,UknesIruka,"2026-09-18 18:30:56",838.9,2,uknesiruka
4695,16706315,"Desert Fox88","2026-08-11 12:02:03",838.8,2,desertfox88
4696,16660037,shehai.lrs,"2026-08-11 13:37:32",838.7,2,shehailrs
4697,16707584,sadatch,"2026-08-13 05:18:28",838.6,2,sadatch
4698,16912040,YUYAN457,"2026-09-18 08:13:27",838.4,2,yuyan457
4699,16702482,"Carlos Navarro","2026-08-14 05:26:26",837.9,2,navarr0
4700,16660594,XIAODOUZI,"2026-08-17 12:06:50",837.9,2,xiaodouzi666
4701,16857894,"Ludwig Agurto Contador","2026-09-12 22:35:55",837.5,2,ludwigagurtocontador
4702,16657429,"xiao cat q","2026-08-12 01:41:13",837.1,2,xiaocatq
4703,16640869,taijunhao,"2026-08-12 10:26:30",836.9,2,taijunhao
4704,16636004,"Ragunath Ravi","2026-08-11 10:59:07",836.3,2,ragunathravi
4705,16696608,beanbamboozled,"2026-08-10 10:45:19",836.3,2,beanbamboozled
4706,16667233,EdGy2k,"2026-08-10 10:41:12",835.8,2,edgy2k
4707,16830531,"Nikos Chatzinikolaou","2026-09-24 14:53:07",834.8,2,nikoschatzinikolaou
4708,16712651,riicon,"2026-09-21 14:13:50",834.4,2,risakashiwabara
4709,16881964,"Vipeen Kumar","2026-09-21 06:20:46",833.7,2,vipeen
4710,16656181,Vishwa,"2026-08-11 05:46:58",833.6,2,rv1922
4711,16663919,hnhyhj,"2026-08-13 04:05:56",833.6,2,hnhyhj
4712,16696208,"kazwzn S","2026-09-22 12:06:22",833.2,2,kazwzns
4713,16808116,WWAWW,"2026-09-15 03:47:37",833.1,2,masatowaragai
4714,16631777,KiKi,"2026-09-03 04:27:02",832.9,2,kingkiller2164
4715,16804961,explise,"2026-09-02 08:13:03",832.7,2,explise
4716,16728955,"Chris Murphy","2026-09-07 23:33:26",832.5,2,mur418
4717,16692457,t2better,"2026-08-12 11:56:41",832.4,2,t2better
4718,16695501,brocade,"2026-08-15 00:01:12",832.1,2,brocade
4719,16701466,"HELIOS reasonning","2026-08-11 22:38:55",831.8,2,heliosreasonning
4720,16655693,DePie,"2026-09-24 02:35:28",831.7,2,phucthaiv02
4721,16688265,"Kyle #2","2026-08-11 01:51:35",831.3,2,georgeturbo
4722,16780967,"black hole sun","2026-09-01 02:25:21",831.1,2,danielefiorino
4723,16660479,"Lakhindar Pal","2026-08-31 13:26:49",831.1,1,lakhindarpal
4724,16711204,"harden james","2026-08-12 08:00:14",830.8,1,ffusername
4725,16695903,cerensukaramese,"2026-08-14 09:18:05",830.6,2,cerensukaramese
4726,16652904,TonightIsOver,"2026-09-07 04:41:27",830.4,2,tonightisover
4727,16784719,"Ayush Shekhar","2026-09-07 13:23:45",830.2,2,ayushshekhar56
4728,16695176,"Zakaria Settar","2026-08-16 21:52:31",830.2,2,zakariasettar
4729,16786082,"Noberto Frota","2026-08-29 00:40:42",830.1,1,nobertofrota
4730,16779063,"Yendrew Y","2026-09-24 15:17:03",829.9,2,yendrewy
4731,16632675,"Baran Kucuk","2026-08-11 15:09:58",829.8,2,barankucuk
4732,16790115,Starumi,"2026-08-31 00:39:22",829.8,2,starumi
4733,16817309,"TeddyDog Lovely","2026-09-03 10:44:15",829.5,2,teddydoglovely
4734,16696644,"Franklin T","2026-09-13 07:17:43",829.0,2,franklin0410
4735,16729863,Monkeyzl,"2026-08-22 20:02:21",828.7,2,monkeyzl
4736,16666410,"Binil George","2026-08-12 10:40:43",828.0,2,binilg
4737,16661093,"INDRAJIT SWAIN","2026-08-15 13:23:37",827.9,2,indrajitswain
4738,16668334,Suavemango,"2026-08-12 05:18:03",827.7,2,suavemango
4739,16730449,"Shinichiro Yoshida","2026-09-23 13:20:25",827.4,2,sysd00
4740,16684947,Hoaquason,"2026-09-04 08:54:54",827.3,2,"datnguyen0102,mibombaclat"
4741,16654122,"Peter Thompson","2026-08-10 17:59:36",827.2,2,mightytreefolk
4742,16697142,Kujaomega,"2026-08-10 22:13:02",827.1,1,kujaomega
4743,16848998,yiweigan,"2026-09-22 13:17:52",827.0,2,yiweigan
4744,16633006,Kaiser,"2026-09-01 06:36:38",826.4,1,kaiserm
4745,16678638,Loshtradz,"2026-08-26 18:40:35",826.1,2,loshtradz
4746,16675582,DavidX,"2026-08-11 06:05:18",825.8,2,davidasx
4747,16809277,"Shuntaro Tanaka","2026-09-11 01:01:20",825.1,2,shuntarotanaka
4748,16660333,"Deanos Crew","2026-08-11 13:10:19",824.9,2,jamescole0101
4749,16714162,MarvinTMB,"2026-09-23 05:38:16",824.7,2,marvintmb
4750,16793275,"Biao Cao","2026-08-30 13:44:48",824.5,1,biaocao398
4751,16662846,"Kerem Ercin","2026-09-24 09:12:41",824.1,2,keremercin
4752,16687594,"Andrew Markley","2026-08-13 01:19:04",823.8,2,andrewmarkley1
4753,16839972,"Yusuf Lee","2026-09-05 15:16:20",823.6,1,yusuflee
4754,16780558,hxrdxk,"2026-08-29 18:36:48",823.2,2,hxrdxk
4755,16653153,Gbining,"2026-09-23 15:25:35",822.9,2,gbining
4756,16692490,"Enes Coşkun","2026-08-11 05:37:38",822.8,2,enscskn
4757,16655715,Chin,"2026-08-12 06:20:32",822.7,2,qinyukun
4758,16857458,HIIHIH,"2026-09-23 20:37:29",822.6,2,hiihih
4759,16651331,"Mohamed Saeed","2026-08-11 18:58:08",822.3,2,m0sm71
4760,16705192,"John Ogah","2026-08-16 03:54:21",822.0,2,johnogah
4761,16915820,CjzmFeng,"2026-09-24 12:36:45",821.9,2,cjzmfeng
4762,16676275,Scorpi,"2026-08-12 01:34:25",821.7,2,scorpi
4763,16761975,lixiuqixiaoke,"2026-08-26 09:59:11",821.6,2,lixiuqixiaoke
4764,16760247,kriskur123,"2026-09-15 14:23:38",821.6,2,kriskur123
4765,16658487,radozaprazny,"2026-09-12 14:09:06",821.5,2,radozaprazny
4766,16639476,耶✌,"2026-08-30 19:52:36",821.3,1,qifeihhh666
4767,16624625,"Harsha Vardhan","2026-08-10 07:33:35",821.3,2,harshacode101
4768,16652849,Hejunhui,"2026-08-16 14:15:29",820.6,2,website98
4769,16807134,"Chaowei Liang","2026-09-09 01:53:25",820.4,2,chaoweiliang
4770,16643233,"Marco DG","2026-08-11 06:20:14",819.8,2,marcodg
4771,16652741,"Sergi Bas","2026-09-23 16:29:27",818.8,2,sergibas
4772,16667124,"Chaotic Era","2026-08-12 01:26:13",818.6,2,sani84
4773,16845420,"Terrance Luangrath","2026-09-08 05:41:53",818.3,2,tksluangrath
4774,16660911,"Animesh Ratna","2026-08-23 22:01:35",817.4,2,animeshratna
4775,16689471,wenjinyang,"2026-08-11 13:32:09",817.3,2,wenjinyang
4776,16729800,"Alchemical Retard.","2026-08-20 07:28:07",816.9,2,alchemicalretard
4777,16767431,Nine1Eight,"2026-08-24 16:51:12",816.4,1,wethepeople918
4778,16768644,Momoko,"2026-08-25 03:22:50",816.1,1,yangmengyuanmomoko
4779,16904681,yzhaolabs,"2026-09-20 10:26:40",815.8,2,zhaoyuanzhen
4780,16655323,roma,"2026-08-09 19:49:51",815.1,2,mnroma
4781,16635238,"Tai Tien Ta","2026-09-03 03:25:55",815.1,2,tittin
4782,16732403,ymg_aq,"2026-09-24 15:56:05",815.1,2,ymgpalaqs
4783,16709473,"Selahattin Günter","2026-08-23 14:07:42",815.0,2,selahattingnter
4784,16828106,AG,"2026-09-20 00:12:01",814.2,2,lacroix7771
4785,16927351,"Bryan Yahir Hernandez","2026-09-24 05:39:40",814.2,2,bryanhernandez
4786,16660488,tehyoni,"2026-09-24 06:39:28",813.9,2,"gooberdambi,sidcat,suaeng,tehyoni"
4787,16691275,"Muhiminul Islam   Mahim","2026-08-12 10:04:35",813.8,2,muhiminulislammahim
4788,16762837,Nagamatsur,"2026-09-17 12:24:55",813.1,2,rihitonagamatsu
4789,16672660,"Straw Hat","2026-08-11 06:14:47",812.5,2,"anuragugargol,tanishafagare114"
4790,16659662,MOHSIN525,"2026-09-01 15:43:49",812.3,2,mohsin525
4791,16726173,"Aman Bihari","2026-08-23 12:51:05",812.2,2,amanbihari
4792,16667994,"Zhian Wei","2026-09-11 06:57:54",812.0,2,zh1anwe1
4793,16939076,"camron sanders","2026-09-23 21:33:40",811.7,2,camronsanders
4794,16679519,"Петьо Лазаров","2026-08-10 22:30:35",811.5,2,pesosz
4795,16663820,taka,"2026-09-16 22:06:10",811.5,2,takaakiishi
4796,16644891,yankang_XZK,"2026-09-02 18:29:53",811.4,2,yankang233
4797,16694065,zhangwei02,"2026-08-30 09:29:12",810.8,2,zhangwei02
4798,16733121,saturnliu,"2026-09-10 17:20:24",810.3,2,saturnliu
4799,16760101,"Big Moo","2026-08-25 00:52:06",809.9,2,abdullahramadan1
4800,16659618,"Jeevan Jolly","2026-08-13 13:51:52",809.5,2,jeevanjolly
4801,16737702,"kaneko takafumi","2026-09-22 08:08:17",808.7,2,kanekotakafumi
4802,16639236,"Dhavan Shah","2026-08-12 18:20:38",808.5,2,dhavanshah99
4803,16694744,XiaoZhiren,"2026-08-10 13:03:56",807.5,2,"ruikangan,xiaozhiren"
4804,16683909,"Krzysztof ""Chris"" Karaszewski","2026-08-14 08:41:11",807.1,2,futureofworkchannel
4805,16731924,CuddleYokai,"2026-08-19 10:57:11",806.7,2,cuddleyokai
4806,16662213,"Yang Zong-Yu phD","2026-09-24 03:00:14",806.1,2,yangzongyuphd
4807,16664481,"Siddhu Jaykay","2026-08-12 14:02:29",805.9,2,siddhujaykay
4808,16666282,"Bang sion","2026-08-22 10:06:06",804.8,2,bangsioni
4809,16657598,"Arun Mallikarjuna","2026-08-10 04:29:14",804.5,2,arunmallikarjuna
4810,16672980,"Thomas Prinz","2026-08-09 13:57:51",804.3,2,xardiphotography
4811,16669643,"Athenix Kaggriculture","2026-08-24 18:23:54",803.6,2,sdafdsfsdfgdsg
4812,16684852,後藤将斗,"2026-08-24 14:51:20",803.6,2,masato09
4813,16674744,"Burhan Ul Tayyab","2026-08-10 10:55:43",803.5,2,babychick
4814,16672247,"Movie Watch2022","2026-08-18 19:48:12",803.1,2,moviewatch2022
4815,16806003,"Hazqeel Afyq","2026-09-20 08:53:15",802.8,2,hazqeelafyqathaillah
4816,16732140,Miaa1526,"2026-08-24 08:58:42",802.5,2,miaa1526
4817,16722500,"Mike Murunov","2026-08-16 15:18:17",802.4,2,mikhailmurunov
4818,16672075,"Kameron Green","2026-08-11 05:49:32",802.3,2,hgenix20
4819,16653984,"Howard Lyu","2026-08-08 18:35:00",802.1,2,howardlyu
4820,16631101,"Muneeb ul Hassan","2026-08-10 09:56:41",801.8,2,muneeb2405
4821,16925552,JacobQIQI,"2026-09-22 13:58:21",801.6,1,jacobqiqi
4822,16698735,Larfii,"2026-08-21 18:01:02",801.1,2,larfii
4823,16729859,wintermute,"2026-09-24 07:44:41",800.7,2,siraev
4824,16675752,"Simon Rüba","2026-08-10 14:23:16",800.2,2,simonrba
4825,16654491,"Amedeo Biolatti","2026-09-23 11:47:15",800.1,2,abiolatti
4826,16679347,"Youssef EL MSIYAH","2026-08-09 12:07:55",799.9,2,youssefelmsiyah
4827,16658875,"Noah Bishop","2026-08-10 09:56:34",799.7,2,noahbishop1
4828,16676025,"Csaba József","2026-08-31 19:31:00",799.6,2,"jcsaba,peterkiss4"
4829,16635330,tekatoncat,"2026-08-16 23:42:10",799.3,2,tekatoncat
4830,16644150,"J.M.Mubasshir Rahman","2026-08-09 17:15:01",798.6,2,jmmubasshirrahman
4831,16870350,praneethb7,"2026-09-11 08:50:53",798.0,1,praneethbudati
4832,16746592,Harvester,"2026-08-21 13:57:05",798.0,2,yudhis16
4833,16642570,"Mathurin Ache","2026-09-24 07:33:33",797.4,2,mathurinache
4834,16696852,MYGEMER,"2026-08-09 15:43:13",797.2,1,mygemer
4835,16658278,"Malcolm Durosaye","2026-09-17 12:31:05",797.0,2,malcolm95
4836,16622487,"Sam kramer_1028","2026-08-18 09:40:58",796.7,2,samkramer1028
4837,16910441,"Guanchao Sun","2026-09-20 11:27:09",796.6,2,"guanchaosun,lh123463,yitao111"
4838,16658746,marinxbt,"2026-09-11 14:18:24",795.8,2,marinxbt
4839,16671174,Alexandre008,"2026-08-09 12:29:49",795.1,2,alexandre008
4840,16748462,"Jiwon Lee","2026-09-24 01:52:08",795.1,2,jibong7600
4841,16749776,DataLover,"2026-08-20 16:34:37",794.8,1,paulknidler
4842,16736429,Rudra278,"2026-08-18 12:07:42",794.7,1,rudra278
4843,16920167,"Jack Deng","2026-09-21 02:33:40",794.5,2,"alexanderzhiyuanliu,duyutong6,jackdeng123,lgz666"
4844,16644378,"hicham bedrani","2026-08-28 11:33:17",794.3,2,hichambedrani
4845,16736816,LLE,"2026-08-22 16:50:40",794.0,2,"rajaditya01,saiash"
4846,16704027,"Alan Cai","2026-08-10 22:36:40",793.5,1,alancai27
4847,16789865,AgroByte-dev,"2026-09-02 14:39:25",793.2,2,ylyasyylkybayev
4848,16661899,AAI,"2026-08-09 14:23:08",792.9,2,aiolapo
4849,16676038,"Adyanth M","2026-08-09 05:12:40",792.2,2,adyanthm
4850,16693374,"Henfry De Los Santos","2026-08-12 11:43:51",792.1,2,henfrydelossantos
4851,16681226,"tingting shen","2026-08-10 09:24:23",792.0,2,tingtingshen99
4852,16732679,argon,"2026-08-19 08:32:47",792.0,2,argonlabs
4853,16680646,Naym0425,"2026-08-14 04:20:36",791.8,2,naym0425
4854,16660101,Zarathustra,"2026-08-12 02:48:18",791.5,2,rezkyadytama
4855,16666632,to1_10i,"2026-08-19 20:27:42",791.4,2,to110i
4856,16639496,"Sai Teja Bandaru","2026-08-11 14:51:49",790.7,2,saitejabandaruin
4857,16663928,Auxileon,"2026-08-09 16:20:13",790.3,2,auxileon
4858,16857621,"yunwen shen","2026-09-12 01:24:42",790.2,2,"cudastack,dlbyte,dsbeta"
4859,16677723,"Trip Meiners","2026-09-22 14:40:41",789.9,2,tripmeiners
4860,16695182,"Ali Haydar Özdağ","2026-08-10 14:29:59",789.0,2,ahoirg
4861,16665976,"Daksh Goyal","2026-08-08 20:36:06",787.8,2,dakshgoyal387
4862,16692970,LakoMoor,"2026-08-09 17:43:25",787.8,2,lakomoor
4863,16904566,Athnnna,"2026-09-20 10:42:53",787.6,2,"athnnna,fanglong,fengzq777"
4864,16680075,I_luv_magick,"2026-08-07 09:50:30",787.4,2,iluvmagick
4865,16914530,"zhaorui chen","2026-09-18 02:30:07",787.3,2,"hanyazhang,kanny912,zhaoruichen"
4866,16818689,Takashi,"2026-09-24 11:35:16",787.1,2,takashi1
4867,16623461,MightyK,"2026-08-09 05:36:23",786.3,2,anhhkhoi
4868,16724895,russ,"2026-08-19 08:55:30",786.1,2,mdevian
4869,16670406,"jessica jennifer","2026-08-20 15:55:41",785.9,2,jessicajennifer
4870,16713031,"Nahid Hossain Redom","2026-08-13 15:38:30",785.9,2,nahidhossainredom
4871,16792989,ALKRIS,"2026-08-31 14:35:26",785.8,2,wasimjbuh
4872,16641535,Tutti,"2026-09-06 15:16:23",785.6,2,malk271828
4873,16661707,"Rudolf HOUNLETE","2026-08-09 11:41:08",785.5,2,queystanle
4874,16664242,"Alex Lee","2026-08-11 03:43:12",785.5,2,aiexanderr
4875,16655497,cszf_first,"2026-08-09 02:06:46",785.3,2,cszffirst
4876,16630524,"Omprakash Patra","2026-09-20 08:13:46",784.8,2,omprakashpy
4877,16663668,"╰┈➤ˎˊ˗ www.sleepyai.org","2026-08-08 23:49:32",784.8,2,tahsinarafat
4878,16905921,关注塔菲喵,"2026-09-16 16:11:46",784.2,2,zuberi05
4879,16685828,Ztr0,"2026-08-09 05:53:10",783.7,2,y1amadeus
4880,16926195,koutwiring,"2026-09-22 15:57:04",783.7,2,koutwiring
4881,16661739,"Spandan Mhapsekar","2026-08-08 10:39:41",783.5,2,spandanmhapsekar
4882,16662712,"Roman Stupin","2026-08-27 23:52:01",783.2,2,rcnegby
4883,16698467,"Ra'uf Fauzan Rambe","2026-08-10 04:29:13",783.1,2,rauffauzanrambe
4884,16634468,"Kun Zhang","2026-09-01 11:38:47",782.9,2,beicicc
4885,16625472,"luna is free！","2026-08-29 16:39:51",782.5,2,simingtan
4886,16664179,animelonerboy,"2026-08-09 15:52:55",782.5,2,adambasa5
4887,16808352,Rheinmetall,"2026-09-24 13:43:29",782.5,2,rheinmetall
4888,16668758,"Aman Vishwakarma","2026-08-09 17:33:00",782.3,2,amanvishwakarma01
4889,16670545,"Mouad AIT HA","2026-08-18 20:03:55",782.2,2,mo0103
4890,16889300,"Chris McCarthy","2026-09-23 08:20:29",782.0,1,chrismccarthy
4891,16655210,Amon,"2026-08-16 06:09:04",781.9,2,kingaemon
4892,16670202,"Elizabeth Park","2026-08-09 20:33:17",781.6,2,elizabethpark
4893,16702909,SG4265,"2026-09-07 21:14:54",781.5,2,sg4265
4894,16910408,Yuumi080911,"2026-09-20 09:42:09",781.4,2,"haiyunzhang,yuumi080911"
4895,16699784,nianyu,"2026-08-10 09:46:32",781.3,2,nianyuc
4896,16919136,"Xinye Li","2026-09-19 13:15:58",781.2,2,"chengxuanyang,dongshangyu,lxinye09,pengwenlong"
4897,16662592,"Vladislav Yushkevich","2026-08-09 14:54:24",781.1,2,"crazyflyingsheep,vladislavyushkevich"
4898,16653262,"tianwen zhang1","2026-08-08 16:21:18",780.4,2,tianwenzhang1
4899,16659585,"Anas Riaz","2026-08-08 20:20:23",780.1,2,anasriaz
4900,16623189,"Aditya Mishra","2026-08-09 03:42:06",779.9,2,adityamishranika
4901,16680408,mochogo,"2026-08-07 05:42:33",779.5,1,mochogo
4902,16690829,JeremyH43,"2026-08-16 00:06:30",779.5,2,jeremyh43
4903,16671314,"Robot Farm","2026-08-29 16:54:23",779.3,2,codearranger
4904,16683982,Kenny,"2026-08-16 19:43:13",779.2,2,kmonar
4905,16811703,KaggricultureX,"2026-09-20 02:45:19",779.2,2,"hanwang666,huanghaoyu7280,lannuo,liangzixiabc"
4906,16698071,nixotrix,"2026-09-07 21:16:50",778.6,2,nixotrix
4907,16679683,Aberrchan,"2026-08-08 17:44:32",778.5,2,aberrchan
4908,16664409,"Kathi Munishwar","2026-08-09 03:37:05",778.2,1,kathimunishwar
4909,16692883,coolguy,"2026-08-08 20:56:21",778.2,1,vihangpagare334
4910,16686843,"Juraj Zelman","2026-08-09 08:40:09",777.9,2,jurajzelman
4911,16758431,"Mathews Jere","2026-08-26 18:10:25",777.6,2,mathewjere
4912,16815105,"Saurav Chaudhari","2026-09-03 08:46:53",777.2,2,saur3x
4913,16684639,Bru3ll,"2026-08-09 15:50:45",776.9,2,bru3ll
4914,16655383,MtN,"2026-09-24 15:27:45",776.4,2,mariotrsn
4915,16711725,meatori-nu,"2026-09-05 13:40:48",776.2,2,meatorinu
4916,16665500,"Madan kumar","2026-08-13 17:31:57",776.2,2,winklemad
4917,16660259,Marcus,"2026-08-08 17:23:34",776.1,2,marcuseno
4918,16846968,kfous,"2026-09-23 06:50:16",776.1,2,kfousekis
4919,16671837,"Ronald K Wilson ","2026-09-21 14:14:14",775.7,2,ronaldkwilson
4920,16634174,phibkro,"2026-08-07 03:10:52",775.6,2,phibkro
4921,16633276,"Nolan Liang","2026-08-09 03:26:47",775.6,2,iamlkn
4922,16904592,YuanQinYi,"2026-09-21 14:23:16",775.5,2,"haoyangdaviddong,mingsiguo,risottoolive,yuanqinyi"
4923,16624003,weedfarmer,"2026-08-08 05:34:16",775.3,2,aleksanderhan
4924,16665935,eternitywinner,"2026-08-08 14:41:53",775.0,2,eternitywinner
4925,16929367,边大同,"2026-09-22 15:40:49",774.7,2,"biandatong,fan41786,taomarktao,ycc13688881999"
4926,16670807,mannogun,"2026-09-04 23:15:49",774.7,2,arcanejumper
4927,16670361,"Saud Saudesen","2026-08-15 22:16:42",774.6,2,saudsaudesen
4928,16694751,im_justmatthew,"2026-08-10 11:27:00",774.5,2,imjustmatthew
4929,16880045,"Underground Farmers","2026-09-13 13:04:19",774.4,2,xavierwi
4930,16857685,"waves wang","2026-09-13 02:25:51",774.4,2,"cliwave,cyberpsi,hyperacc"
4931,16736559,"Team Rot-Weiß","2026-08-19 13:22:35",774.3,2,moritzpaal
4932,16679237,"Danilo Sepúlveda","2026-08-06 21:26:28",774.0,1,daniloseplveda
4933,16667219,"Komil Parmar","2026-08-08 10:00:55",773.5,2,komilparmar
4934,16671372,"Meet Sabhaya","2026-08-08 06:02:13",773.1,2,meetsabhaya
4935,16857636,"Adura Sia","2026-09-13 02:24:43",773.0,2,"bitsmini,corebase,llmrun,opsneo"
4936,16867132,"Dilara Adıgüzel","2026-09-24 16:01:13",773.0,2,dilaraadgzel
4937,16869317,Pikachuexeallen,"2026-09-12 19:46:36",772.9,2,pikachuexeallen
4938,16830079,"Quan Vu","2026-09-04 11:35:57",772.5,2,quan0095
4939,16662718,xlnt,"2026-08-22 12:37:49",772.5,2,"princebisht,xlnt404"
4940,16683036,"Ritesh Thawkar","2026-08-14 08:34:08",772.3,2,riteshthawkar
4941,16664666,"Rheal Thomas","2026-08-21 19:29:44",772.2,2,rhealthomas
4942,16857723,"Denise Mo","2026-09-13 02:30:07",772.0,2,"clipcode,daskrank,maskgen,nnmerge,opscfg"
4943,16671403,"Alex Karpowicz","2026-08-08 18:36:52",771.9,2,alexkarpowicz
4944,16659610,gareeb,"2026-08-10 15:46:50",771.7,2,"arjund29,saqlainsqx,yashawl194"
4945,16661100,"Muhammad Junaid","2026-09-06 21:24:50",771.6,2,junaid512
4946,16666625,"Nguyen Ngoc Thien","2026-08-07 16:12:04",771.6,2,ngocthienai
4947,16663780,"Hamza Kanice","2026-08-09 00:08:11",771.3,2,hamzakanice
4948,16667091,"Nico Feiler","2026-08-07 14:27:47",771.1,2,nicofeiler
4949,16660385,"Jose Santiago Echevarria","2026-08-25 12:02:45",771.0,2,jmsechevarria
4950,16907268,"Ilya Fedorov","2026-09-19 16:29:53",770.9,2,sorrow321
4951,16713590,"Александр Арутюнян","2026-08-13 05:20:18",770.2,2,alexarut17
4952,16692469,neoistheone,"2026-08-08 18:38:13",770.2,1,neoistheone
4953,16697736,"Daniel Correa","2026-09-22 18:58:39",770.0,2,dcorrea1
4954,16843755,oguzok,"2026-09-22 20:09:38",769.8,2,oguzok
4955,16654623,"Asher Goldstein","2026-08-09 17:54:27",769.7,2,ashergoldsteincd21
4956,16630372,Q.qlmmm,"2026-08-24 18:25:02",769.6,2,qlammi
4957,16751992,Coding4Fun07,"2026-09-24 07:03:05",769.1,2,coding4fun07
4958,16866155,gomamonaka,"2026-09-12 10:10:10",768.8,2,gomamonaka
4959,16630441,"yjhv buddies","2026-08-07 09:50:05",767.9,2,bender1123123
4960,16676911,"Michał Ścibak","2026-09-23 20:35:12",767.9,2,michacibak
4961,16728633,draven,"2026-09-12 07:35:01",767.7,2,ustchx
4962,16847300,"Lam PayGi","2026-09-08 02:02:17",767.6,2,lampaygi
4963,16654832,mohit,"2026-08-07 00:01:08",767.4,2,mohitvarred
4964,16645078,"A Aswanth Raj","2026-08-09 08:57:36",767.3,2,aaswanthraj
4965,16652827,"Rob C","2026-08-14 03:04:30",767.0,2,robertcheah
4966,16857762,zetaex,"2026-09-13 02:32:06",767.0,2,"cvcost,fluxdev,lossvis,zetaex"
4967,16928267,"lin miaohan","2026-09-21 12:24:15",766.5,2,"dorags,linmiaohan,zhiruizheng111"
4968,16917996,huzhenyi,"2026-09-22 09:28:26",766.5,2,"ericchen001,huzhenyi,sylvia47,thx123456121"
4969,16884751,PSTE,"2026-09-16 04:26:04",766.4,2,"idcode,pychat,regularl2,tokenrank"
4970,16694317,"PRITIKA SA","2026-08-09 07:17:19",766.0,2,pritikasa
4971,16638998,"khalid harouach","2026-09-17 13:32:02",765.9,2,khalidharouach
4972,16679848,Nikola010,"2026-08-13 16:29:19",765.8,2,nikola010
4973,16878695,"Yang Lv","2026-09-19 13:50:07",765.6,2,lvyang199888
4974,16667479,"Leon Christians","2026-09-13 17:12:37",765.6,2,leonchristians
4975,16639125,"Caio Coelho","2026-08-09 15:38:12",765.4,2,caio41
4976,16923114,Pruthvij08#,"2026-09-19 06:44:33",764.9,2,pruthvij08
4977,16742442,"Anton Dugin","2026-08-21 09:51:07",764.8,2,antondugin
4978,16688579,"Long Hu","2026-08-09 09:41:04",764.6,1,longhul
4979,16675753,Khafidin,"2026-08-12 05:16:26",764.5,2,khafidin
4980,16655156,"Pranjal Ranjan","2026-08-06 23:58:43",764.1,2,pranjalranjan299
4981,16835621,"Atharv Santosh","2026-09-05 02:49:27",764.0,1,atharvsantosh
4982,16642579,"Desyat IO","2026-08-09 17:31:59",763.7,2,desyatio
4983,16674977,BarbateP,"2026-09-20 10:57:34",763.5,2,barbatep
4984,16681480,"Kevin Nguyen","2026-08-14 18:16:29",763.5,2,haidangnguyen1802
4985,16690897,"Ashok Kumar Garain","2026-08-08 13:26:11",763.2,1,ashokkumargarain
4986,16669273,Parag,"2026-08-07 02:10:29",763.2,2,paragkale
4987,16698489,"JIUZHOU CHAN","2026-09-22 18:50:06",763.1,2,jiuzhouchan
4988,16705242,"Chonghao Peng","2026-09-04 21:45:52",762.9,2,chonghaopeng
4989,16696607,"Manish modak","2026-09-24 00:14:53",762.7,2,manishmodak
4990,16854347,"Arul Gandhi","2026-09-12 10:19:13",762.2,2,arulgandhi
4991,16857488,THFuller,"2026-09-23 04:59:23",762.0,2,"lachesism,neoist,wangtianyi8,zhihaoweng"
4992,16663457,Furqan102102,"2026-08-09 12:02:35",762.0,2,furqan102102
4993,16692677,"Ashish Dubey","2026-08-10 06:17:34",761.8,2,ashish124536
4994,16664283,"Nguyễn Hữu Công","2026-08-07 05:24:48",761.8,2,nguynhucng
4995,16670040,galaxyhunter,"2026-08-17 19:22:06",761.7,2,pkharkwal
4996,16833052,"we lose some 🏆","2026-09-10 16:11:54",761.7,2,sayangoswami
4997,16671844,I2nfinit3y,"2026-08-07 02:27:10",761.4,2,i2nfinit3y
4998,16634078,"yoho kumedayo","2026-08-15 12:48:29",761.3,2,dorachinyastyle
4999,16884814,"Stcey Cong","2026-09-16 04:30:33",761.1,2,"loopide,mapmicro,modelkit"
5000,16678288,"Speedrun retirement","2026-08-30 18:59:23",760.9,2,"josephkimanikamau,nanducode"
5001,16731259,"Manvik singh rathore","2026-08-30 17:18:55",760.8,2,manviksinghrathore
5002,16633043,"Ryan Adams","2026-09-08 23:48:54",760.7,2,ryanadamsai
5003,16925327,danmleo,"2026-09-21 13:01:01",760.5,2,danmleo
5004,16670117,"Raj Aryan","2026-08-07 18:15:04",760.1,2,rajaryan2503
5005,16660613,今日洗澡明日香,"2026-08-07 09:58:49",759.9,2,"jasperkag,ryjiang,timmengzh,yningc"
5006,16635518,"ROFIQUL ALAM SHEHAB","2026-08-09 11:49:00",759.8,2,rofiqulalamshehab
5007,16720234,Aditya109,"2026-09-08 05:20:00",759.7,2,"aditya109,tathagattyger"
5008,16653208,FabienDaniel,"2026-08-07 10:17:38",759.7,2,fabiendaniel
5009,16672520,"Nah I'd win","2026-08-07 08:09:12",759.5,2,asutriy
5010,16654486,alijs,"2026-08-06 14:27:22",759.2,2,alijs1
5011,16670058,"Dahoui Alex Armel ","2026-08-07 01:02:07",758.8,2,dahouialexarmel
5012,16624485,"Nishant Dahal","2026-08-10 02:24:42",758.7,2,nishantdahal
5013,16669608,"Jesy Lu","2026-08-13 16:21:53",758.7,2,jesylu
5014,16732008,"Phoebe Lin","2026-09-05 01:05:06",758.5,2,phoebe0511
5015,16734490,Tomeiser,"2026-09-24 11:23:16",758.4,2,tomeiser
5016,16661249,Yaohui,"2026-08-26 14:59:02",758.2,2,yaohui85
5017,16670065,"Artyom Sayapin","2026-09-22 16:26:22",758.2,2,spielmeister
5018,16684568,"[ODS] waniz","2026-08-08 11:04:42",758.2,1,wanizz
5019,16659727,shuaiqiyang,"2026-09-16 01:16:36",758.2,2,shuaiqiyang
5020,16640332,"ning gu","2026-08-21 00:01:22",758.2,2,morninggu
5021,16668029,Timbo615,"2026-08-07 11:56:21",758.0,2,timbo615
5022,16656347,OctahedronBB,"2026-08-07 00:52:27",757.5,2,octahedronbb
5023,16683852,"Abhiram Anil","2026-08-08 06:26:11",757.2,2,abhiramanil
5024,16630249,"Aymar Avohoueme","2026-08-20 10:22:33",757.1,2,aymaravohoueme
5025,16668668,"George Byne","2026-08-25 10:10:36",757.1,2,georgebyne
5026,16660840,"An Garcia","2026-09-24 09:46:27",757.1,2,angarcia
5027,16745264,wpang,"2026-09-23 22:17:01",757.0,2,wangshu
5028,16666826,"Simone di costanzo","2026-08-07 19:38:11",756.7,2,simonedicostanzo
5029,16683439,Goober,"2026-08-10 19:46:41",756.7,2,kongzhisyuen
5030,16729165,コーラ,"2026-08-23 07:30:40",756.6,2,cola0912
5031,16667245,"KAIWALYA RAUT","2026-08-09 09:04:25",756.4,2,kaiwalyaatulraut
5032,16784731,Alfred,"2026-09-20 21:54:16",756.3,2,holleyalfred
5033,16658173,Tamizharuvi,"2026-09-19 08:42:47",756.1,2,tamizh1
5034,16657957,"Mounika Kommireddy","2026-08-08 07:57:32",756.1,2,mounikakommireddy
5035,16656296,Fususu,"2026-09-05 04:32:44",755.8,2,phuongncn
5036,16660537,Furina,"2026-08-08 13:52:01",755.8,2,cjlcjlcjl
5037,16655763,"Diogo Sena","2026-08-22 17:08:45",755.6,2,diogodmsena
5038,16623932,"Axel Ahmer","2026-09-19 16:55:30",755.5,2,blondie1
5039,16657989,"vishnu gopal P","2026-08-08 12:27:56",755.2,2,vishnugp
5040,16666358,"GAYATHRI SALINI","2026-08-07 07:55:26",755.1,2,gayathrisalini09
5041,16687463,"Manolo Chow","2026-08-09 22:56:20",755.0,2,manolochow
5042,16753820,sbite0138,"2026-09-10 14:12:17",753.9,2,sbite0138
5043,16755091,Charlie,"2026-09-24 01:54:36",753.7,2,zephyrlennox
5044,16847456,waHAHA,"2026-09-07 09:53:07",753.6,1,wangshen1994
5045,16657861,"Liao Zixu","2026-08-25 04:28:34",753.6,2,liaozixu
5046,16930968,"Harvey Zheng","2026-09-24 04:34:49",753.2,2,harveyzheng07
5047,16665529,Venneth,"2026-08-08 12:32:20",753.0,2,venneth
5048,16656118,Mutte1904,"2026-08-07 05:03:56",752.9,2,mutte1904
5049,16643193,"Shoroogh Ahmadi","2026-08-13 10:36:43",752.5,2,shorooghahmadi
5050,16680172,TTANE,"2026-09-24 00:12:26",752.3,2,otmaneelmahdaouy
5051,16669930,"Ilya Klimanov","2026-08-25 13:30:13",752.2,2,ilyaklimanov
5052,16659820,Accayo14,"2026-08-06 14:20:30",751.9,2,accayo14
5053,16732667,Doug,"2026-08-26 23:26:49",751.8,2,dougsgrott
5054,16795676,cold_star,"2026-09-04 03:54:22",751.7,1,a406161167
5055,16668034,ggggalaxy,"2026-08-28 04:56:40",751.6,2,ggggalaxy
5056,16639606,Peach2587,"2026-08-12 03:19:13",751.3,2,momokayoshioka
5057,16658213,"Ahmet Abdullah Gültekin","2026-09-23 21:20:03",750.5,2,abdullahgultekin
5058,16665561,LuoXingda,"2026-08-07 08:22:42",750.3,2,luoxingda
5059,16744809,"Ruben Romero Fernández-Monge","2026-08-25 18:00:39",750.3,2,salieri7
5060,16662730,Operator-X,"2026-08-08 10:06:04",750.1,2,"jpexee,lavlinjaisonme23b250"
5061,16660430,"Hassaan Ibrahim","2026-08-10 12:45:55",749.8,2,hassaanibrahim
5062,16631665,"jatan sanghvi","2026-09-07 14:03:17",749.7,2,jatansanghvi
5063,16674367,"zongze Yan","2026-09-22 05:31:47",749.6,2,aaayan
5064,16742239,"Benny Joseph","2026-09-17 13:06:06",749.5,2,pbennyjoseph
5065,16658789,Zhanpeng.W,"2026-08-08 10:05:26",749.4,2,zhanpengw
5066,16764419,"Leo #2","2026-08-30 08:17:12",749.2,1,nanlihao
5067,16667606,Manifolds1,"2026-08-06 16:36:46",749.1,2,ptrakuldit
5068,16681065,SYC,"2026-08-07 03:22:25",749.0,1,yichengs
5069,16665898,chengsongtao,"2026-08-23 00:12:59",748.5,2,cheng618
5070,16827859,"Ishraq Tanvir","2026-09-04 08:38:08",748.3,2,ishraqtanvir
5071,16678506,SireeshLimbu,"2026-08-08 08:39:43",747.9,2,sireesh
5072,16654626,bgsszsa,"2026-08-07 12:01:33",747.8,2,bgsszsa
5073,16674550,"Jebastin Nadar","2026-08-06 10:09:16",747.7,2,samfc10
5074,16654743,"Jaume Batlle i Ferrer","2026-09-24 10:49:35",747.7,2,jaumebatlleiferrer
5075,16663369,csteeve,"2026-08-07 18:44:37",747.4,2,csteeve
5076,16688898,"Sanskar Omar","2026-08-09 11:10:44",747.2,2,sanskaromar7
5077,16676283,jnurik,"2026-08-07 17:24:01",747.1,2,nurdauletmoldik
5078,16666147,"Khalid Bin Hethlain","2026-09-15 20:43:36",746.7,2,khalidbinhethlain
5079,16665230,"Jack Burley","2026-09-04 21:01:15",746.6,2,jackburley
5080,16639645,RamenBoy,"2026-09-08 14:38:35",746.6,2,ramenboyjapan
5081,16896810,Xcution,"2026-09-16 18:23:35",746.5,2,gghhjjkk
5082,16682336,"Çınar Efe Yetişen (Student)","2026-08-19 08:29:20",746.0,2,narefeyetienstudent
5083,16665353,Sakshamm2587,"2026-08-17 16:50:43",745.8,2,sakshamm2587
5084,16623485,XtraLearning,"2026-08-09 17:10:36",745.8,2,xcessivesmash
5085,16702509,KošičanSVK,"2026-08-17 18:04:22",745.4,2,ryanstoner
5086,16663052,gh,"2026-09-13 21:30:08",745.4,2,grzegorz
5087,16673604,"Jiman Kwon","2026-08-21 17:23:47",745.3,2,jimankwon
5088,16847548,"Abhinav Sai Podugu","2026-09-10 06:59:09",745.3,2,abhinavsaipodugu
5089,16627751,lzeee,"2026-09-24 08:23:42",745.3,2,shzgong
5090,16753850,"Ahmad Ali","2026-09-09 17:58:10",744.9,2,ahmadali1243534
5091,16949339,Kuriboh,"2026-09-24 15:50:17",744.7,1,cauchyeix
5092,16847578,"Tim Chernov","2026-09-24 11:15:03",744.7,2,saffff
5093,16655076,"Tita Kongolo","2026-08-08 09:08:57",744.4,2,titakongolo
5094,16673002,xubenzheng,"2026-08-07 15:40:31",744.3,2,xubenzheng
5095,16662161,"Touhidul Alam Seyam","2026-08-10 12:39:51",744.3,2,seyamalam
5096,16675981,"Luca R","2026-09-23 21:08:49",744.3,2,luck058
5097,16665015,"laiba razzaq10","2026-08-07 14:21:49",743.9,2,laibarazzaq10
5098,16669971,"Luka Philip","2026-08-08 16:09:32",743.7,2,lukaphilip
5099,16670221,fle3n,"2026-08-08 19:48:37",743.0,2,fleongg
5100,16667503,Yuzuki,"2026-08-05 12:19:45",742.4,1,yuzukiohya
5101,16659958,brainpick,"2026-08-24 21:54:50",741.8,2,prathvirajpalekar
5102,16675203,HK,"2026-08-06 11:38:05",741.6,1,hizurukonishi
5103,16663569,XYZ,"2026-09-06 00:11:35",741.6,2,h249748fkv7lyhik897
5104,16945978,"Grigor Sargsyan","2026-09-24 07:28:19",741.5,2,grigorsargsyan
5105,16640582,Attension_Seeker,"2026-08-10 06:57:51",741.4,2,aisipu
5106,16729472,"Boris Pletenev","2026-08-16 17:23:56",741.1,1,borispletenev
5107,16685990,VictorAndrew,"2026-09-05 22:20:04",741.1,2,vicktvr
5108,16664827,"Jose Miguel Diez de la Lastra","2026-08-07 16:08:49",741.0,2,josemigueldiez
5109,16653939,"Amr Yasser","2026-08-06 17:56:07",740.9,2,amryasswe
5110,16684762,X-xuhui,"2026-08-08 10:07:58",740.6,2,xxuhui
5111,16658723,"Waleed Alkhateeb","2026-08-05 13:31:44",740.4,2,waleedalkhateeb
5112,16659000,xjlgg123,"2026-08-08 12:35:10",740.4,2,xjlgg123
5113,16668545,Ronty00,"2026-08-06 08:24:07",740.3,2,ronty00
5114,16762722,"Bruno Romero García","2026-08-31 20:24:32",740.2,2,brunoromerogarca
5115,16665169,"Rahul Barakoti ITM","2026-08-07 10:58:30",740.1,2,rahulbarakotiitm
5116,16669542,Agzam,"2026-08-06 05:09:43",740.0,2,mazgag
5117,16660091,bcTiann,"2026-08-06 05:55:54",739.9,2,bctiann
5118,16621802,fgwiebfaoish,"2026-08-13 12:21:54",739.8,2,fgwiebfaoish
5119,16659761,cheng-han,"2026-08-06 08:16:10",739.7,2,neoshie
5120,16660555,"Nguyễn Nhật Thanh","2026-08-07 03:45:29",739.3,2,nguynnhtthanhhhhh
5121,16657942,"Gokul Prasath","2026-08-04 23:38:18",739.2,2,beastgokul
5122,16782792,"[Deleted] bdc3c175-811b-438f-9c3a-c2d9c80c106a","2026-08-29 07:16:45",739.2,2,del=e8b93c44cf962f9e
5123,16652986,"Justin Kimlim","2026-08-26 03:12:37",738.8,2,justinkimlim
5124,16935054,"jae young ji","2026-09-24 03:16:17",738.7,2,sayul0102
5125,16644552,Keanan,"2026-08-08 11:35:17",738.4,2,citerne
5126,16653117,"li jiaqi77","2026-08-07 05:32:06",738.3,2,lijiaqi77
5127,16639043,"saroj bono","2026-08-28 18:42:55",738.0,2,sarojbono197
5128,16672629,"Alex Boyd","2026-09-06 15:37:19",737.9,2,alexrayboyd
5129,16718916,"ROBERT SSEBAMBULIDDE","2026-08-14 19:21:24",737.9,2,robertssebambulidde
5130,16658025,"Dennis Gioche","2026-08-06 09:08:34",737.8,2,dennisgioche
5131,16666301,"James Felipe","2026-09-03 05:42:24",737.8,2,jamesfelipe
5132,16742806,"Oğuz Karabulut","2026-09-11 07:47:41",737.6,2,ouzkarabulut
5133,16635679,WUHAOZHE618,"2026-08-15 04:08:45",737.4,2,wuhaozhe618
5134,16893333,Chista,"2026-09-17 23:10:55",737.4,2,"amirelite,asimir"
5135,16665256,zhoujqi,"2026-08-06 18:31:31",737.0,2,zhoujqi
5136,16732722,Kusanagi,"2026-08-24 21:52:54",736.7,1,kusanagiap
5137,16665431,"Monojit Nandy","2026-08-06 11:50:38",736.6,2,vedarthmn
5138,16690889,"B A S E L #","2026-08-08 14:47:22",736.6,2,basselll
5139,16639583,typeIIIfairy,"2026-09-10 10:11:22",736.1,2,typeiiifairy
5140,16664368,"Ujjwal Reddy","2026-08-10 19:43:26",735.7,2,ujjwalreddyks
5141,16838800,"LEE Dailun","2026-09-09 13:59:27",735.4,2,peterccll
5142,16673155,"Babar Khilji","2026-08-06 15:55:26",735.1,2,babarkhilji
5143,16635781,wacata,"2026-08-19 14:53:05",735.1,2,wacata
5144,16668995,"MD.Firoj Khondokar","2026-08-06 11:05:13",735.0,2,mdfirojkhondokar
5145,16641093,"Satish ","2026-08-20 04:18:42",735.0,2,satishkommanaboina
5146,16668060,"Spiros Skarmoutsos","2026-08-08 12:48:07",734.8,2,spirosskarmoutsos
5147,16722341,"Pham Huu Bao Chung","2026-09-16 08:57:18",734.7,2,phamhuubaochung
5148,16666686,yolo,"2026-08-08 12:08:38",734.6,2,avin55
5149,16679155,jeziorop,"2026-08-06 20:34:53",734.4,1,jeziorop
5150,16870596,juicyorange,"2026-09-23 10:56:53",734.2,2,billychau1
5151,16660361,"Abhishek Sharma","2026-08-26 10:21:10",733.9,2,abhisheksharma425
5152,16623236,"Yonatan Nemtsov","2026-08-06 00:28:01",733.8,2,yonatannemtsov
5153,16676280,agniii,"2026-08-06 17:05:08",733.6,2,agniii
5154,16667714,ZhexinJiang,"2026-08-06 11:26:30",733.2,1,zhexinjiang
5155,16631261,Monster,"2026-08-04 15:46:32",732.9,2,tmtngtrng
5156,16665399,"Shivam Shrivastava","2026-08-13 15:32:37",732.0,2,shivamshrivastava180
5157,16916213,"Arjun Hans","2026-09-18 02:13:40",731.8,2,arjunhans
5158,16655114,"Hippo Farming Ltd.","2026-09-21 15:22:01",731.8,1,felixmneumann
5159,16670378,"Ari Carter","2026-08-08 23:18:02",731.7,2,aricarter
5160,16658670,EveryJust,"2026-08-07 08:33:35",731.7,2,"everyjust,zfc666wsnd"
5161,16760841,KIsXcl,"2026-08-24 14:34:11",731.7,2,kisxcl
5162,16684470,"Soumi Ghosh","2026-08-11 10:59:07",731.2,2,soumighosh911
5163,16935335,"Joshua Attridge","2026-09-22 07:07:14",731.2,2,joshuaattridge
5164,16720913,Candidates,"2026-08-23 17:18:05",731.0,2,"ulyanovmmm,vladimirarchipov"
5165,16764081,"Demir Durbakayım","2026-08-29 21:21:56",731.0,2,sixcode
5166,16669491,"Parakh Sharma","2026-08-06 10:59:33",730.9,2,parakh20
5167,16664300,"swajay nandanwade","2026-08-05 04:57:10",730.8,2,swajaynandanwade
5168,16660120,gktdgktdgktd,"2026-08-07 07:50:45",730.5,2,gktdgktdgktd
5169,16656393,"Faris Abqari","2026-08-07 00:15:25",730.4,2,farisabqari11
5170,16639280,"Faruk Çiftler","2026-08-09 11:27:46",730.3,2,abdullahfaruk
5171,16712577,"nattapon nakakong","2026-09-22 02:49:39",730.3,2,nattaponnakakhong
5172,16729564,"Eirik Tveiten","2026-08-19 13:04:02",730.2,2,eiriktveiten
5173,16793461,"Muhammad Hokimiyon","2026-09-13 14:49:54",729.9,2,muhammadhokimiyon
5174,16802695,"Taras Sam","2026-09-07 17:36:00",729.7,2,tarassam
5175,16652896,"R^2 negative","2026-08-04 23:14:38",729.6,2,rktqwe
5176,16641326,IY,"2026-08-05 19:27:31",729.3,2,irotrader
5177,16670671,"TAUIL Abd Elilah","2026-08-11 01:17:39",729.3,2,tauilabdelilah
5178,16678965,MrGS,"2026-08-09 01:18:09",729.2,2,gabrielsderhll
5179,16698538,"Haozhe Wang 2022","2026-08-24 00:50:02",729.0,2,haozhewang2022
5180,16642154,Burkina_team_mate,"2026-08-06 15:30:54",728.9,2,"belemkalilou,tedjosegregorybere"
5181,16656934,"Aleks Kolesnik","2026-09-24 11:13:45",728.4,2,aleksandrkolesnik
5182,16670304,"Daniel Tomaro1","2026-08-09 03:03:06",728.1,2,danieltomaro1
5183,16644861,"kanzaler ensemble","2026-08-11 14:30:36",728.0,2,kanzalerensemble
5184,16823948,"Alexey Stepanov","2026-09-04 21:57:25",727.9,2,alexey0508
5185,16686707,"Sébastien henry","2026-09-17 14:36:54",727.7,2,sebmontreal
5186,16659525,"Dang Khoa Nguyen","2026-08-17 09:51:16",727.7,2,khoadangnguye
5187,16677240,"Jeevan Malla","2026-08-07 07:37:46",727.0,2,jeevanmalla
5188,16675027,namanbnsl,"2026-08-06 13:02:52",727.0,2,namanbnsl
5189,16717448,getalife();,"2026-09-20 08:55:13",726.9,2,"byteknight28,dhairyapandya24,rounakagrwl"
5190,16664170,SpookyHippo,"2026-08-06 02:44:29",726.8,2,spookyhippo
5191,16797785,"Vivek Verma","2026-08-31 20:36:45",726.8,2,cosmicescape
5192,16658717,"Aditya Kapadia","2026-08-06 14:32:16",726.7,2,adityakapadia2003
5193,16875632,HexTex,"2026-09-12 04:34:49",726.7,2,hexlab
5194,16671407,JBro13,"2026-08-07 02:29:02",726.7,2,jbro13
5195,16656941,"Winter Lamb","2026-09-09 08:07:56",726.5,2,fabiansyahcahyo
5196,16668357,"B.Pardha Manoj Reddy","2026-08-24 16:57:25",726.4,2,pardhamanojreddy
5197,16762634,"Clement Ling","2026-09-11 08:49:26",726.2,2,clementling
5198,16666242,"Lalwani Palash","2026-08-08 07:45:46",725.6,2,lalwanipalash
5199,16676677,"Clark Stéphane","2026-08-07 18:58:45",725.6,2,clarkstphane
5200,16753826,"Jai Mata Di","2026-08-31 10:09:11",725.5,2,mrigshira
5201,16660824,"Stitch Clarity","2026-08-04 15:27:53",725.4,2,stevenanctil
5202,16630758,"Keshav Joshi","2026-08-20 18:53:37",725.3,2,keshavjoshi22
5203,16653855,"Klgv Klgv","2026-08-06 11:54:38",725.1,2,klgvklgv
5204,16663099,"Md. Abdullah Al Mamun","2026-08-05 02:16:43",725.0,2,mamun18
5205,16722117,"Zhou Zhengyu","2026-09-24 15:24:04",724.7,2,"yanwenwang921,zhouzhengyu118"
5206,16758174,REBEL_K,"2026-08-27 18:30:45",724.7,2,rebelk
5207,16790145,"Casper du Jardin Kejser","2026-09-04 09:12:34",724.5,2,casperdujardinkejser
5208,16659883,"Ahmad Hfdx5","2026-08-05 03:33:48",724.4,2,ahmadhfdx5
5209,16632250,"Mesut Gözdemir","2026-08-05 17:54:14",723.8,2,gfkfu123
5210,16740633,zhangtingyu11,"2026-08-20 04:34:32",723.6,2,zhangtingyu11
5211,16797134,Yooho0,"2026-09-07 16:25:05",723.3,2,yooho0
5212,16726025,"Yanrun Chen","2026-09-07 12:15:23",723.3,2,yrchen98
5213,16770454,"Nawaf Almutairi","2026-09-12 19:23:12",723.0,2,nawafbalmutairi
5214,16841816,JasonDTao,"2026-09-14 06:38:01",722.9,2,jasondtao
5215,16623665,Giba,"2026-08-05 22:44:41",722.9,2,titericz
5216,16668039,NotEnoughTokens,"2026-08-06 13:04:52",722.9,2,"adofai,jonghyun7777,taglink"
5217,16939130,BenRed1,"2026-09-24 08:09:06",722.9,2,benred1
5218,16862705,karlmorg37,"2026-09-22 20:10:48",722.9,2,karlmorg37
5219,16664890,ideal_m99,"2026-09-19 19:12:14",722.9,2,idealm99
5220,16811628,"Roger Yang","2026-09-08 03:12:08",722.7,2,rogerjyang
5221,16943185,VarchaswaV,"2026-09-22 21:48:07",722.7,2,varchaswav
5222,16625663,sota1111,"2026-09-03 01:43:41",722.7,2,sota1111
5223,16802341,"Yousef Turk","2026-09-08 04:00:16",722.6,2,yousefturk
5224,16679144,つるげーねふ,"2026-09-14 13:59:04",722.6,2,atom7666
5225,16655353,"Pablo Montenegro","2026-08-09 02:13:47",722.5,2,pablomontalb
5226,16632446,"Abdul Wahab Khan","2026-08-06 04:53:37",722.4,1,abdulwahab2321
5227,16711556,"Avvy Lavoienne","2026-08-18 04:44:16",722.3,2,avvylavoienne
5228,16807875,meghana,"2026-09-10 23:44:54",722.1,2,meghana284
5229,16652900,cjen07,"2026-08-07 23:33:05",722.1,2,cjen07
5230,16663591,"Joseph Franck","2026-08-25 10:07:56",722.0,2,josephfranck
5231,16658709,"Kaggler Albafica","2026-08-06 10:05:39",721.8,2,kaggleralan
5232,16673179,"Muhammad Faraz Aftab","2026-08-09 10:18:58",721.7,2,muhammadfarazaftab
5233,16635890,Poojan,"2026-08-06 09:44:47",721.4,2,poojankumartandel
5234,16770912,IsonaEi,"2026-08-26 12:48:48",721.1,1,isonaei
5235,16894603,"Riyan Ahasan Araf","2026-09-16 02:11:59",720.9,2,riyanahasanaraf
5236,16713291,Lperalt,"2026-09-20 02:20:12",720.9,2,lucianobastidas
5237,16631016,木下陽平,"2026-08-06 14:52:20",720.8,2,yoheikaggle
5238,16632694,8ct10nz,"2026-08-04 12:02:49",720.4,2,act10nz
5239,16858849,"Mark Diamond","2026-09-13 22:11:38",720.4,2,ponkle
5240,16941830,"Yasin Baykal","2026-09-23 09:27:10",720.3,2,godmethium
5241,16870486,"Sincere Bailey","2026-09-23 03:08:58",720.2,2,sincerebailey
5242,16663899,"Abdelrahman Aboegela","2026-08-05 13:54:26",720.2,2,abdelrahmanaboegela
5243,16664775,DoubleZs,"2026-08-06 02:55:02",719.9,2,zhang051018
5244,16662872,"Artem Garbart","2026-08-05 09:41:29",719.9,2,artyomgarbart
5245,16624977,Avikumar93801,"2026-08-11 05:55:19",719.3,2,avikumar93801
5246,16669400,"Martin Konôpka","2026-08-06 12:16:13",719.3,2,rumburakk
5247,16668071,"Ali Eren Oğuztaş","2026-09-23 21:03:48",719.0,2,alierenouzta
5248,16818086,wwewwt,"2026-09-08 05:44:07",718.8,2,wwewwt
5249,16683764,bf01,"2026-08-21 21:19:05",718.7,2,jalperov
5250,16654271,"Sophie and Yanna","2026-08-19 17:08:47",718.7,2,"morty3500,sophanie"
5251,16637519,Temprao,"2026-08-03 12:16:43",718.7,1,maruimono928
5252,16687135,"Kavya Bhandari","2026-08-22 17:20:43",718.4,2,kavyabhandari1998
5253,16699699,rudykane,"2026-08-11 16:06:34",718.4,2,rudykane
5254,16655534,"Charles Mills","2026-08-06 16:40:27",718.2,2,charlesqmills
5255,16644390,"Manan Gupta","2026-08-05 17:08:32",718.1,2,obirdy
5256,16734312,truebelief,"2026-09-09 00:11:41",718.1,2,truebelief
5257,16666609,"visit palja.co","2026-08-15 03:34:49",718.0,2,sselrats
5258,16757741,"Malte Bories","2026-08-25 20:08:35",718.0,2,maltebories
5259,16629983,Amundsen,"2026-08-05 06:51:46",717.9,2,amundsen
5260,16665293,"ADITYA BEECHA","2026-08-10 05:16:38",717.6,2,bechaaditya
5261,16663273,"Mason Frias","2026-08-06 22:57:08",717.4,2,masonfrias
5262,16670765,"tensor choko","2026-08-05 23:03:23",717.0,1,tensorchoko
5263,16699080,"Karthikeya Thatipamula","2026-09-12 04:52:19",716.8,2,karthikeya18
5264,16658562,mashBrian254,"2026-08-04 10:48:33",716.4,2,mash1990
5265,16661410,tmxdlr,"2026-08-05 12:40:54",716.4,2,tmxdlr
5266,16654081,"Aleksei Ponomarev","2026-08-06 00:43:57",716.3,2,alekseiponomarev
5267,16654209,"Nirav Mehta 1612","2026-08-10 15:41:47",716.2,2,niravmehta1612
5268,16655828,ack07,"2026-08-06 04:52:07",716.2,2,its07amit10
5269,16634752,"Praise the SHOVEL","2026-08-03 16:16:28",716.1,2,barnobarno
5270,16659565,Tekin24,"2026-08-13 21:25:21",716.0,2,tekin24
5271,16735488,"arhaan rai","2026-09-01 19:18:46",715.8,2,arhaanrai
5272,16625013,sash,"2026-08-05 01:00:10",715.7,2,sash2104
5273,16677965,felipe9695,"2026-08-12 21:23:05",715.5,1,felipe9695
5274,16936771,"Elvis Diniz","2026-09-22 10:49:26",715.5,2,elvisdiniz
5275,16635612,Julian,"2026-09-19 07:12:08",715.5,2,mob404
5276,16656709,"Anh-Vu Mai-Nguyen","2026-09-21 21:06:46",715.3,2,mainguyenanhvu
5277,16669518,Galagala,"2026-08-07 18:35:59",715.2,2,b12705059
5278,16638909,mbscgi,"2026-08-04 22:48:03",715.1,2,mbscgi
5279,16713463,"Dillen Perumal","2026-08-29 16:39:37",715.1,2,dxllen
5280,16839782,"mou chen111","2026-09-05 15:00:04",715.1,2,mouchen111
5281,16666163,"Muthuraman Raman 7","2026-08-06 05:25:09",714.9,2,muthuramanraman7
5282,16650396,RaymondZhao0304,"2026-08-04 00:39:30",714.8,2,raymondzhao0304
5283,16677675,"Roman Mironov","2026-08-06 17:30:28",714.6,1,helloromiro
5284,16656444,"christopher athans crow","2026-08-05 00:08:13",714.6,2,cchrisaa
5285,16742362,"AMANI DD","2026-08-23 08:02:47",714.5,2,dkonan
5286,16929792,"Ganesh K","2026-09-22 19:25:02",714.4,2,ganeshk2846
5287,16807575,Rf28,"2026-09-03 10:29:55",714.3,2,rehyyy
5288,16639241,"Alissa King","2026-08-04 05:05:30",714.0,2,alissaking
5289,16636148,SanggeunParrk,"2026-08-05 04:04:32",714.0,2,sanggeunparrk
5290,16806251,"Seok Jun Kim","2026-09-08 07:51:16",713.9,2,sjk1225
5291,16656345,sunchang71,"2026-08-05 14:05:13",713.9,2,sunchang71
5292,16729515,"Emmanuel Tolani","2026-08-29 15:03:36",713.9,2,emmanueltolani
5293,16659217,Dynamic_fire07,"2026-08-05 18:51:51",713.5,2,"dynamicfire07,tryingmybest123"
5294,16624600,ariacat,"2026-08-06 07:16:44",713.5,2,ariacat
5295,16732022,Mosamosa,"2026-09-03 00:42:06",713.5,1,mosamosa
5296,16656170,"Chakrabhuana V  Deva","2026-08-05 06:54:50",713.4,2,chakrabhuanavdeva
5297,16666245,"Cagatay Morcicek","2026-08-13 06:53:40",713.1,2,thisismylabs
5298,16660819,nya654nya,"2026-09-14 08:30:21",713.1,2,nya654nya
5299,16939419,"vinh đặng","2026-09-24 03:43:18",712.5,2,vinhdang2006
5300,16623448,HoJoonYun,"2026-08-09 13:43:43",712.4,2,hojoonyun
5301,16621557,"Vijay Krishna Lanka","2026-09-24 02:48:16",712.4,2,vijaykrishnalanka
5302,16667101,SundharSteyn,"2026-09-23 16:27:30",712.4,2,sundharsteyn
5303,16655294,Mobzya,"2026-08-26 23:11:15",712.4,2,mobzya
5304,16660376,"Ahmed Sedky 0100","2026-08-06 20:56:37",712.4,1,ahmedsedky0100
5305,16745450,GusNicho,"2026-08-24 03:30:55",712.2,2,pineapplepencil
5306,16627023,Farrmer,"2026-08-05 08:02:35",712.1,2,noahfarr
5307,16673682,MJ.LIU.T,"2026-08-06 08:14:05",711.8,1,mjliut
5308,16658384,UwU,"2026-08-10 04:20:44",711.5,2,claudesewitz
5309,16841445,Challo,"2026-09-16 17:47:15",711.1,2,germantardioperez
5310,16656304,"Gururaj Athani","2026-09-12 02:26:55",711.1,2,gururajathani
5311,16662496,KhalidKhan,"2026-08-05 05:31:07",710.4,2,feedfeed
5312,16664400,Boruiyang21,"2026-08-05 14:56:03",710.1,2,boruiyang21
5313,16664819,"SUBHASRI  S","2026-09-20 04:45:35",709.8,2,subhasri2007
5314,16881685,"Vladislav Mlechko","2026-09-12 16:41:48",709.2,1,vladislavmlechko
5315,16663178,Sm00thiecodes,"2026-08-07 11:00:29",709.2,2,sm00thiecodes
5316,16656420,"Aditya Raj #2","2026-08-18 16:37:49",709.1,2,optimus2005
5317,16658265,kraken,"2026-09-05 15:23:26",709.0,2,krn0209
5318,16657294,"Ragul M","2026-08-04 07:08:51",708.7,2,ragul7002
5319,16939844,YH,"2026-09-23 00:23:49",708.7,2,febyeji
5320,16772626,"Dr. Mikholae Hutchinson","2026-09-05 19:48:53",708.3,2,drmikholaehutchinson
5321,16728345,ron,"2026-09-19 21:49:15",708.3,2,romart
5322,16630760,dkzmn,"2026-09-04 08:59:03",707.8,2,dmkzmn
5323,16654006,"Harish Dhanarajan","2026-08-03 17:23:50",707.8,1,harishdhanarajan
5324,16660939,"Quenux Studio","2026-09-03 17:07:26",707.8,2,dieguis1976
5325,16661229,Gena,"2026-08-04 15:18:42",707.7,2,gdonchyts
5326,16635159,Abdulsamad,"2026-08-06 11:48:04",707.5,2,abdulsamadjod1234
5327,16655339,harmo-miu,"2026-08-23 05:57:37",707.1,2,harmomiu
5328,16661010,"Dante Dyches-Chandler","2026-08-05 04:36:09",706.8,2,dantedycheschandler
5329,16748741,"pt ptao","2026-08-26 12:50:45",706.6,2,ptptao
5330,16659676,Light,"2026-08-05 03:07:39",706.5,2,aadarshashrestha007
5331,16632055,Bugra0,"2026-08-03 22:44:42",706.3,2,bugra0
5332,16702796,Yavuz.YILMAZ,"2026-09-07 12:22:45",706.2,2,yvztpe
5333,16885059,"Bhaskar #2","2026-09-14 19:08:31",706.2,2,itikelabhaskar
5334,16668329,HakimTaoufik,"2026-08-18 13:06:18",706.1,2,hakimtaoufik
5335,16662904,Bharathms1902,"2026-08-08 11:41:54",705.9,2,bharathms1902
5336,16659045,Rai1,"2026-08-08 11:53:28",705.8,2,rai2003
5337,16661019,lmq,"2026-08-04 14:47:23",705.6,2,lmminhquang
5338,16690050,PersistentLife,"2026-08-08 17:16:17",705.4,2,persistentlife
5339,16623798,RuiKimura4,"2026-08-27 00:30:45",705.4,2,ruikimura4
5340,16643095,ckyasb,"2026-08-05 14:39:42",705.3,2,ckyasb
5341,16644415,Ztrk,"2026-09-03 17:04:24",704.8,2,ztrk123
5342,16731990,Karl0106,"2026-09-18 08:35:18",704.6,2,karl0106
5343,16664291,"William Dennis","2026-08-11 07:57:27",704.3,2,williamdennis
5344,16644185,"Mimic Mohsin","2026-08-02 18:38:46",704.3,1,mimicmohsin
5345,16667547,"miaoqing long","2026-08-06 03:31:43",704.1,2,miaoqinglong
5346,16783131,Hawkeye,"2026-09-03 07:15:17",704.1,2,pragneshbagary
5347,16825081,huohuaya,"2026-09-09 06:09:50",704.0,2,huohuaya
5348,16848841,Spacejam,"2026-09-07 16:15:52",703.8,1,spacejam1221
5349,16786115,"Andy Phan","2026-09-07 01:10:28",703.7,2,andyphan
5350,16796145,Qian,"2026-09-01 15:04:00",703.5,2,"aurelianz,qianyuchaoni"
5351,16876275,"JOP OK","2026-09-18 18:09:43",703.5,2,fuveo24
5352,16739551,arao,"2026-08-28 21:24:55",703.5,2,anjanarao
5353,16637797,"Xiangchen Li","2026-08-04 09:47:59",703.4,2,xiangchenli07
5354,16654726,"James Mancillas","2026-08-07 15:46:12",703.4,2,jamesmancillas
5355,16794125,"Xero Scythe","2026-09-02 18:57:39",703.3,2,xeroscythe
5356,16633240,Igor,"2026-09-20 01:59:30",703.1,2,igor14497
5357,16694399,"Sujith Kumar Sashikanth","2026-08-10 00:01:32",703.0,2,sujithsashi
5358,16642207,"Nerijus Areska","2026-08-04 00:01:32",702.9,2,nerijusareska
5359,16819277,"Enshi Zhang","2026-09-05 16:26:29",702.5,2,enshizhang31
5360,16706523,"Aussie lover","2026-09-24 14:51:23",702.1,2,aussielover
5361,16628727,dominyellow,"2026-08-04 11:44:21",702.0,2,dominyellow
5362,16744640,"Marcin Skalski","2026-09-01 18:25:08",701.9,2,marcinskalski
5363,16693164,nuggettttt,"2026-08-09 02:14:22",701.8,2,nuggettttt
5364,16652339,"Mohamed Amine Rebhi","2026-08-03 16:03:07",701.7,2,mohamedaminerebhi
5365,16655712,"Smart Manoj","2026-08-04 01:55:13",700.9,2,smartmanoj
5366,16727696,Milkman,"2026-08-19 15:05:17",700.7,2,talhasahi
5367,16657817,"rohith sai midigudla","2026-08-05 12:36:40",700.6,2,rohithsaimidigudla
5368,16698822,JJN8825,"2026-09-23 07:04:32",700.5,2,jjn8825
5369,16664439,"Tony T","2026-09-10 12:16:04",700.5,2,thekke
5370,16945162,"Farm Hullabaloo","2026-09-24 12:34:41",700.4,2,nids21s
5371,16634213,kkunizaw,"2026-08-03 20:47:58",700.4,2,kkunizaw
5372,16886420,infoproje,"2026-09-13 12:58:25",700.3,2,infoproje
5373,16724556,"Yixiang Wu","2026-09-23 03:00:15",700.3,2,yixiang964
5374,16671622,"Isaac Diaz Lopez","2026-09-23 14:37:12",700.1,2,isaacdiazlopez
5375,16693903,"Alief Randiansyah","2026-08-09 09:37:39",699.9,1,"aliefrandiansyah,salsaaghnia"
5376,16722112,nyori,"2026-09-23 16:27:08",699.7,2,nyoriworks
5377,16938353,"Damilola Oladapo","2026-09-22 04:52:47",699.1,2,wizardskull
5378,16651180,yangyefd,"2026-08-03 08:42:57",699.0,1,yangyefd
5379,16650701,"Oliver Wang","2026-08-03 16:17:36",698.8,2,oliverwang15
5380,16661670,sansm1,"2026-08-04 16:54:59",698.5,2,sansm1
5381,16680239,"Marinto Richee J","2026-08-12 08:21:02",698.0,2,marintoricheej
5382,16832844,aliREZA,"2026-09-17 23:55:15",698.0,2,afazlik1
5383,16866097,"Pradeep Kumar Mahato","2026-09-16 14:21:29",697.9,2,pradeepkr12
5384,16925283,"Carlos Gallego Menor","2026-09-19 19:19:37",697.8,2,carlosgallegomenor
5385,16656503,"Thiago Munhoz da Nóbrega","2026-08-04 20:47:37",697.7,2,thiagommtmn
5386,16656009,"Steven Liu","2026-08-31 06:25:02",697.7,2,thornkey
5387,16765743,page0526,"2026-08-26 02:08:11",697.6,2,page0526
5388,16667205,"Andrew Lee","2026-08-06 11:16:52",697.5,1,andrewlee23023
5389,16654419,kreiack,"2026-08-09 23:47:00",697.5,2,kreiack
5390,16658616,"Amitesh Chaudhary","2026-08-11 10:04:02",697.2,2,amiteshchaudhary
5391,16665994,Rakhansyah,"2026-08-25 13:08:20",697.1,2,rakhansyah
5392,16660853,"lxh unbound","2026-08-05 00:02:02",696.9,2,lxhunbound
5393,16734672,"Artom  Wade","2026-09-18 19:01:18",696.5,2,artomwade
5394,16770724,Louras,"2026-08-26 09:49:05",696.4,2,louras
5395,16670099,"Jon Snyder","2026-08-06 00:27:21",696.4,2,snyderj1515
5396,16669164,コノウイ,"2026-09-23 16:51:48",696.2,2,nickhu0414
5397,16876448,"Max Harvestappen","2026-09-23 05:18:56",696.2,2,ryosukefujita
5398,16770972,"Victoria Makarskaia","2026-08-27 12:28:53",696.1,2,victoriamakarskaia
5399,16654235,"Mwanza Wambua","2026-08-06 10:16:13",696.1,2,mwanzawambua
5400,16688884,"As Wasti","2026-08-14 01:34:26",696.0,2,aswasti
5401,16652560,"Ahmed Samir","2026-08-03 12:15:01",695.9,2,ahmedsamir1598
5402,16641489,suminshim,"2026-08-03 06:24:39",695.8,2,suminshim
5403,16719793,dhuruvapriyan,"2026-08-14 16:06:42",695.8,2,dhuruvapriyan
5404,16714894,"Mitsuaki Inoue","2026-09-24 13:13:29",695.7,2,mitsuakiinoue
5405,16643922,Konstantin03,"2026-09-07 17:03:30",695.7,2,konstantin03
5406,16623969,"Akira Imae","2026-09-21 07:19:19",695.6,2,imaeakira
5407,16849443,"Abhishek Kumar Gupta","2026-09-08 17:27:49",695.4,2,guptabhishekumar
5408,16774787,wpk1122,"2026-08-29 01:54:49",695.3,2,wpk1122
5409,16650018,EiMengLove,"2026-08-05 10:27:31",695.2,2,konicty
5410,16949731,"Engel Ai Labs","2026-09-24 00:56:37",695.0,2,joshuaziese
5411,16689084,Tam1m,"2026-08-29 09:56:39",694.8,2,booleanwolf
5412,16679861,Pandabueno,"2026-08-12 15:51:48",694.7,2,ronaldomonzn
5413,16666900,sooflee,"2026-08-12 14:19:50",694.7,2,sooflee
5414,16661685,"Lê Ngọc Lâm","2026-08-13 15:29:40",694.7,2,lengoclam
5415,16644774,lungjyuanz,"2026-08-07 01:03:20",694.7,2,lungjyuanz
5416,16659033,"Farzana Shaju","2026-08-05 07:18:29",694.5,2,"farzanashaju,shaikhharisjamal"
5417,16654153,"Mateus Cruz, Msc.","2026-08-03 17:44:02",694.4,1,matteuscruz
5418,16635680,starclan,"2026-08-14 17:50:55",694.3,2,starclan
5419,16669282,sky233,"2026-08-06 17:06:04",694.3,2,sky233
5420,16835371,"Eli Ziv","2026-09-06 00:11:52",694.2,2,eliziv027
5421,16655493,TheDigitalCK,"2026-08-07 12:31:58",694.0,2,thedigitalck
5422,16846490,MazharShaikh,"2026-09-12 04:53:27",693.8,2,mazharshaikh
5423,16767453,IterumVici,"2026-09-06 19:28:10",693.7,2,iterumvici
5424,16651613,"Devin Zhou","2026-08-05 02:27:36",693.7,2,devinzhou
5425,16653958,seowoohyeon,"2026-08-06 11:48:06",693.6,2,seowoohyeon
5426,16623540,TheDuck,"2026-08-22 15:50:49",693.5,2,jaxroth
5427,16934428,shib,"2026-09-24 13:49:07",693.5,2,shibendum
5428,16668633,peien5,"2026-08-06 14:44:47",693.4,2,peien5
5429,16764445,sukesuke012,"2026-09-03 01:40:16",693.2,2,sukesuke012
5430,16709136,ryanocm,"2026-08-13 15:08:49",692.9,2,ryanong
5431,16706993,Celibistrial,"2026-09-03 20:28:20",692.8,2,celibistrial
5432,16664565,"Wayne Chou","2026-08-05 12:30:14",692.3,2,ambientz
5433,16633808,mmath2,"2026-08-07 10:52:38",692.1,2,mmath2
5434,16654946,AliLucky,"2026-08-05 15:07:59",691.9,2,alilucky
5435,16655530,AlivRick,"2026-08-05 16:18:54",691.9,2,alivrick
5436,16672672,Koiiiiiopen,"2026-08-08 06:25:21",691.9,2,koiiiiiopen
5437,16639330,"Dead Signal Works","2026-08-02 12:40:32",691.6,2,brooklynhalmstad
5438,16622940,"Enrico Ambrosio","2026-08-06 19:56:30",691.6,2,enricoambrosio
5439,16663407,Denis,"2026-08-11 17:42:21",691.6,2,matsiusheuski
5440,16658264,XiweiZhou,"2026-09-06 23:35:58",691.5,2,xiweizhou
5441,16695555,S4K50M,"2026-08-12 14:39:41",691.2,2,setiasaksham
5442,16657077,_LT_zyc,"2026-08-05 01:01:42",691.2,1,zyczyc
5443,16675452,Vladislav,"2026-08-12 13:58:35",691.1,2,simmeringoverstep
5444,16775250,Junrong,"2026-08-30 00:00:13",691.0,2,fjhgjf
5445,16936773,"shahab shahsavar","2026-09-22 16:43:41",690.8,2,shahabshahsavar
5446,16805598,"I'm just trying out here QQ","2026-09-02 22:31:17",690.8,2,zadatt
5447,16747914,"Token's Expired","2026-08-22 16:25:39",690.4,2,"adeebshekh,akratisingh0101,shaankapoor21"
5448,16677752,"Senya Ka","2026-08-08 19:16:00",690.2,2,m1greatcool
5449,16669052,"Md. Asif Hossain","2026-09-18 05:29:41",690.0,2,sabuktagin
5450,16765310,"Aria Muse","2026-09-24 15:06:29",689.9,2,ariamuse
5451,16668168,"Ashutosh Ghodasara","2026-09-23 18:23:44",689.7,2,"asce09,attiraina,hashlord"
5452,16658852,"Chhaya Awasthi","2026-08-04 09:37:05",689.3,2,chhayaawasthi
5453,16919251,"Eric Fan","2026-09-19 19:04:44",689.2,2,ericfan1110
5454,16923138,"Davi Santos","2026-09-24 14:53:22",689.0,2,davissantos1
5455,16659435,Zerabyte_X,"2026-08-04 09:52:16",688.9,1,zerabytex
5456,16667730,"Surya Vijjeswarapu","2026-09-03 18:49:07",688.9,2,suryavijjeswarapu
5457,16866109,AAA-建材批发旭哥,"2026-09-12 03:44:40",688.4,2,aaawenxu
5458,16926305,"Ιωάννης Μπερτολης","2026-09-23 16:15:30",688.2,2,"absor97,bertolis"
5459,16676054,"Vladislav Konstantinov","2026-08-08 09:33:35",688.0,2,vladkonstantinov
5460,16716522,"Lavanya Bacche","2026-08-17 08:43:40",687.1,1,lavanyabacche
5461,16669227,"Tom Dufresne","2026-08-07 11:17:39",686.9,2,tadufre
5462,16885658,Mio,"2026-09-23 22:36:46",686.7,2,mio114
5463,16721639,"Ankit Sain","2026-08-25 01:14:02",686.7,2,thisankitsain
5464,16774682,"Tatsuhito Yoshikawa","2026-09-04 02:14:45",686.7,2,tatsuhitoyoshikawa
5465,16734511,"Marcin Salaterski","2026-09-16 23:18:31",686.5,2,marcinsalaterski
5466,16883264,"João Felipe Aguiar","2026-09-13 15:32:14",686.4,2,joofelipeaguiar
5467,16693925,"Francisco Corredor","2026-09-23 19:27:15",686.3,2,franciscocorredor
5468,16698045,"Vikhas S G","2026-09-07 06:12:25",686.2,2,vikhassg
5469,16678666,"Rudranarayan Pradhan","2026-08-09 12:28:32",686.1,2,itzrnp
5470,16700265,Reesav,"2026-08-10 14:15:06",686.1,2,reez08
5471,16730180,zshandy,"2026-09-08 04:57:54",686.1,2,zshandy
5472,16632686,strike,"2026-08-06 06:21:38",686.0,2,nicolia
5473,16670759,"Lemmes Yad","2026-08-09 04:37:37",686.0,2,"austinsemmel,jonallday"
5474,16677188,Nicooni,"2026-08-06 16:35:01",685.9,1,nicooni
5475,16898029,"Leonid Kononenko","2026-09-18 04:47:05",685.7,1,"aleksandraavetisova,leonidkononenko"
5476,16667516,Rosastella,"2026-08-05 16:00:48",685.7,2,rosastella
5477,16656308,"Srishanth Sriramula","2026-08-08 09:02:13",685.5,2,srishanthsriramula
5478,16658569,"Danu A.","2026-08-05 13:12:09",685.5,2,eu1234
5479,16799024,Becegatto,"2026-09-18 01:36:52",685.2,2,viniciussignorelli
5480,16658684,"Takayuki Michishita","2026-09-13 11:00:03",685.1,2,takayukimichishita
5481,16678250,"RMS Danaraj","2026-09-08 19:52:43",684.9,2,salorajan
5482,16775353,"YK Pan","2026-09-14 11:19:52",684.6,2,vansher
5483,16653122,Wei_Chance,"2026-08-23 10:25:14",684.5,2,bystanderq
5484,16655596,Bela,"2026-08-04 01:18:06",684.4,1,istribaik
5485,16639567,YassY_The_AlchemYst,"2026-08-11 15:07:03",684.4,2,yassineelhallaoui
5486,16623389,"Mominul Islam Hemal","2026-08-02 11:23:03",684.2,2,mominulislamhemal
5487,16639473,"Jeff Borschowa","2026-08-02 00:39:11",684.2,2,jeffborschowa
5488,16658048,"Joel jaison 391","2026-08-05 02:31:57",684.1,2,joeljaison391
5489,16656171,ishu,"2026-08-04 03:27:45",684.0,2,ishhverma
5490,16659874,"ding yumeng","2026-08-26 11:59:06",683.9,2,dingyumeng
5491,16622015,"Ioannis M","2026-08-06 08:12:21",683.8,2,imeintanis
5492,16665764,"izh yng","2026-08-21 06:16:21",683.2,2,izhyng
5493,16672264,iiTz_AK,"2026-08-15 12:18:44",682.9,2,iitzak
5494,16845284,KD0G22,"2026-09-07 20:07:47",682.7,2,kd0g22
5495,16853417,"Aditya Prasetyo Budiarso","2026-09-11 11:59:34",682.5,2,artsodeva
5496,16654705,"Abu Saleh","2026-09-09 17:01:47",682.2,2,salehjunior
5497,16672035,diet1236364,"2026-08-09 23:37:45",681.3,2,kosuke123
5498,16661376,"YERMES AMINE","2026-08-04 14:13:45",681.3,1,yermes
5499,16658261,"Manan Khanna","2026-08-04 07:41:27",681.1,1,manankhanna0
5500,16715255,"xiaocai liu","2026-09-13 19:19:43",681.0,2,xiaocailiu
5501,16792155,abc,"2026-09-03 06:45:13",680.8,2,"datqg0,quangnguyn132"
5502,16730199,kawanot,"2026-08-24 09:15:18",680.2,2,kawano
5503,16733131,Rad,"2026-09-23 09:12:43",680.2,2,vnt174
5504,16668361,NinhNguyen,"2026-09-12 12:55:39",679.6,2,ninhnt110695
5505,16872090,DanielAarhus,"2026-09-17 07:10:37",679.5,1,danielaarhus
5506,16841747,"Carlos Bósquez","2026-09-19 03:45:43",679.5,2,carlosbsquez
5507,16663096,Agola_dasacic,"2026-08-04 20:07:50",679.4,2,mnu303
5508,16685412,Praveen8775,"2026-09-22 15:48:40",678.9,2,praveen8775
5509,16705328,"Ester Arias","2026-09-24 07:21:38",678.9,2,esterarias
5510,16633083,bsenst,"2026-08-07 12:38:47",678.5,2,bnzn261029
5511,16663678,"Fabiano Adelino","2026-09-24 15:21:32",678.4,2,fabianoadelino
5512,16758383,"Tong Jing Yen","2026-09-03 20:42:50",678.3,2,tongjingyen
5513,16682353,"counter puncher","2026-09-16 13:38:14",678.1,2,ahmadabdoumalickdiop
5514,16736314,"wuret henr","2026-08-20 09:10:48",678.1,2,wurethenr
5515,16758889,bomboclat,"2026-08-30 08:52:08",678.0,2,sstprk
5516,16644221,"Guzha Panashe H","2026-08-22 15:34:41",678.0,2,guzhapanasheh
5517,16674532,"shoaib khan","2026-08-08 01:57:11",677.6,2,manifoldinfo
5518,16644882,"SAMOILOV MIKHAIL","2026-08-03 02:10:04",677.4,1,samoilovmikhail
5519,16622312,"Malak Reda","2026-08-03 09:02:41",677.1,2,malak457
5520,16634022,"Cihan Atak","2026-08-02 16:00:43",676.9,2,cihanatak
5521,16798401,"Hunter Mimaroglu","2026-09-02 22:00:37",676.5,2,huntermimaroglu
5522,16946322,"hb and ys","2026-09-23 14:35:39",676.1,1,hbandys
5523,16634036,"Emanuel Lázaro","2026-08-02 14:55:30",676.0,2,emanuellcs
5524,16863492,"Andrew Kalita","2026-09-10 03:32:25",675.8,2,andrewkalita
5525,16923258,nono00,"2026-09-20 16:43:09",675.8,2,nono00
5526,16641068,"Rahul Ray","2026-08-05 14:27:07",675.7,2,rahulray5
5527,16623732,A.S.TENSHU,"2026-08-17 16:25:35",675.7,2,kirvk013
5528,16635127,"Sergey Bryansky","2026-08-26 20:39:37",675.6,2,sggpls
5529,16658571,"Yusuke Sato","2026-08-27 03:06:42",675.5,2,wanko123
5530,16763865,SydneyC666,"2026-08-26 08:50:40",675.4,2,sydneyc666
5531,16636105,"Md. Mehedi Hasan","2026-08-01 14:03:03",675.3,2,mehedi052
5532,16655603,"Veeranuch Leelalai","2026-08-11 12:55:29",675.2,2,veeranuchleelalai
5533,16659174,Soulwood,"2026-09-06 04:56:32",675.2,2,soulwood
5534,16661532,"Fedor Baart","2026-08-05 12:34:21",675.1,1,fedorbaart
5535,16802675,manishcs076,"2026-09-16 21:13:06",675.0,2,manishcs076
5536,16880648,"Akash Pattani","2026-09-19 18:56:46",675.0,2,akashpattani
5537,16798334,"Gabriel othávio","2026-09-02 22:08:55",674.8,2,gabrielothvio
5538,16726617,"Chase Lebarv","2026-08-19 01:07:58",674.6,2,chaselebarv
5539,16639471,CaminoLSY,"2026-08-05 01:22:09",674.6,2,lsy37521
5540,16632571,"nishchal jain","2026-08-03 07:27:14",674.5,2,nishchaljainds
5541,16738506,"Rok Sechs","2026-09-16 21:43:58",674.3,2,rokshimiz
5542,16775210,"Daniel LPD","2026-09-10 14:44:52",674.2,2,daniellpd
5543,16882001,"Satyam Pote","2026-09-13 00:00:04",674.1,2,satyampote
5544,16888646,tinaztepec,"2026-09-19 16:21:38",674.1,2,tinaztepec
5545,16644566,"Guangjian Dong","2026-08-02 23:59:18",673.5,1,guangjiandong
5546,16663515,HamsterSashka,"2026-08-20 14:40:55",673.5,2,hamstersashka
5547,16621709,smlcr,"2026-08-04 19:35:19",673.4,2,simulacri
5548,16646360,"Asrith Singampalli","2026-08-03 08:46:59",673.1,2,asrithsingampalli
5549,16703203,"Hamza Shafik ","2026-08-17 23:48:06",673.1,2,hamzashafik12
5550,16875907,"Yash Mathur","2026-09-18 16:13:00",672.5,2,yashmathur03102001
5551,16655588,"The Devil's World 678","2026-08-07 10:39:23",672.4,2,thedevilsworld678
5552,16660470,"Oğuz Kaan Mavice","2026-08-28 09:39:58",671.9,2,oguzkaanmavice
5553,16850098,"Bob Gerry","2026-09-09 05:35:31",671.3,2,bobgerry
5554,16822111,hikarimaru,"2026-09-10 14:07:36",671.2,2,hikarimaru
5555,16894008,"Marcus Jamieson","2026-09-23 06:21:25",671.1,2,marcusjamieson
5556,16640811,cyberia,"2026-08-02 09:12:23",671.0,1,cyberia
5557,16667058,"Lê Quốc Duy","2026-08-08 01:03:08",670.9,2,lqucduy
5558,16715399,"Julia Chien","2026-09-05 08:21:06",670.9,2,juliachien
5559,16622760,yunus_bayram_kagle,"2026-08-04 07:49:00",670.4,2,yunusbayramkagle
5560,16632536,"Aleksander Sachuk","2026-08-02 21:33:27",670.4,2,alexsssachuk
5561,16916717,Rubén,"2026-09-18 18:44:49",670.3,2,rucamaba
5562,16659529,"Sanchit Jain","2026-09-24 15:13:02",670.3,2,sanchit1609
5563,16671980,601918_กิตติพงศ์,"2026-08-08 08:28:12",670.0,2,bluexg5502
5564,16663187,"Teddy McBride","2026-08-07 03:59:53",669.9,2,tedcr100
5565,16707034,"Muhammed Ali Kul","2026-09-15 14:52:53",669.8,2,muhammedalikul
5566,16655396,Tesla1AC,"2026-08-08 08:18:09",669.7,2,mathornton
5567,16688868,AlbanMaurel7,"2026-08-14 01:34:07",669.6,2,albanmaurel7
5568,16668923,"duy tran","2026-08-10 18:38:49",669.2,2,duytran23
5569,16639719,JASONSLIMWONG,"2026-08-02 08:11:22",669.0,2,jasonslimwong
5570,16640619,"Sơn Nguyễn","2026-08-28 08:19:19",668.9,2,sonnguyen10
5571,16664221,Anish,"2026-08-14 00:53:48",668.8,2,anishmunje
5572,16718579,"Nazariy Karpov","2026-08-18 07:28:29",668.7,2,nazariykarpov
5573,16663200,BONES,"2026-09-19 14:03:54",668.7,2,tusharkumar23321032
5574,16911078,Tolgii,"2026-09-20 19:52:52",668.6,2,tolgakiremit
5575,16809515,"Александр Трифонов","2026-09-12 20:13:15",668.5,2,cybrvibe
5576,16659749,"Kavsik YVS","2026-08-22 19:30:45",668.5,2,kavsiku0512
5577,16804027,ceir-ceir,"2026-09-03 19:11:09",668.1,2,ceirceir
5578,16718039,Uman_n3l,"2026-08-31 14:40:32",668.0,2,umann3l
5579,16664653,Adir,"2026-08-26 00:49:46",667.8,2,adiradam
5580,16643692,Samsay24,"2026-08-02 17:22:45",667.6,1,samsay23
5581,16907246,VROPEXT,"2026-09-16 18:46:53",667.4,2,vropext
5582,16840735,"Heavy Drivers 2.0","2026-09-16 22:40:25",667.4,2,"cranjuice,pgggggggggggg,sudhanvaed25b055"
5583,16880938,nousername22,"2026-09-24 07:04:18",667.2,2,nousername22
5584,16664249,"Rohan Jain","2026-08-17 20:26:14",666.8,2,rohanjain2312
5585,16659996,Schwifty,"2026-08-12 20:01:01",666.5,2,schwiftyc137
5586,16717414,"Akshit Sivaraman","2026-08-13 14:43:40",666.4,2,akshitsivaraman
5587,16725150,"Nicolae Drabcinski","2026-09-01 11:45:51",666.4,2,nickdrabcinski
5588,16770154,Florian,"2026-09-11 07:52:00",666.4,2,ftusek
5589,16664149,"Bushel Seed","2026-08-12 17:10:56",666.3,2,"dmyung,nicholasmschwartz"
5590,16793626,"KO LIH HAN","2026-09-11 01:29:18",666.0,2,kolihhan
5591,16637489,"Gopal Krishna Gundumalla","2026-08-02 12:39:17",666.0,2,gopalkrishnag
5592,16634876,MakiMakiAi,"2026-08-02 07:52:40",665.9,2,makimakiai
5593,16891179,feng222666888,"2026-09-24 10:49:47",665.4,2,feng222666888
5594,16882072,"Ahmed Isa Zaweel","2026-09-13 09:57:29",665.2,2,ahmedisazaweel
5595,16678246,"Mark Holloway","2026-09-05 22:23:35",665.1,2,markholloway
5596,16668021,"bali rasem","2026-08-07 16:15:13",664.9,2,balirasem
5597,16945354,"Aakriti Rao","2026-09-23 06:57:11",664.3,2,aakriti0110
5598,16823144,"AARAV JADAV","2026-09-10 03:30:21",664.1,2,aaravjadav
5599,16661353,mithi,"2026-08-11 20:04:07",663.8,2,singhaleo
5600,16640877,Yorix.um,"2026-08-02 13:31:28",663.7,1,yorixum
5601,16709800,nubx,"2026-08-20 17:12:04",663.6,2,manrajjitsidhu
5602,16637340,the_vinci_coder,"2026-08-03 16:27:16",663.6,2,lokijt
5603,16755398,takataok_42,"2026-09-24 07:11:32",663.6,2,takataok42
5604,16665301,EricYang03,"2026-08-13 15:49:11",663.3,2,ericyang03
5605,16749524,zzholo,"2026-09-06 00:16:17",663.1,1,zzholo
5606,16881370,"xianhao Lin6077","2026-09-15 12:39:40",663.0,2,xianhaolin6077
5607,16660548,"Viraj Bakshi","2026-08-08 18:50:11",662.7,2,virajbakshi
5608,16661585,"Fully Liquidated","2026-09-01 01:57:16",662.5,2,kriskilgroe
5609,16670842,Cole,"2026-08-15 19:50:43",662.5,2,colechristensen
5610,16675240,Leifson1337,"2026-09-24 15:42:20",662.5,2,leifson1337
5611,16709304,"Aleksey SCHUKIN","2026-09-24 13:28:34",661.9,2,alekseyschukin
5612,16924892,"cheng chen","2026-09-24 10:27:19",661.7,2,icebruce
5613,16914081,"Ashmit Janjirkar","2026-09-23 17:55:10",661.3,2,ashmitjanjirkar
5614,16734321,SubratP85,"2026-08-25 21:03:35",661.0,2,subratp85
5615,16728204,Meshwa,"2026-09-04 11:17:12",660.9,2,meshwapatel4287
5616,16804094,faheem,"2026-09-22 15:33:10",660.1,2,faheemkhaskheli9
5617,16663444,Thomas,"2026-08-11 04:21:42",660.0,2,tartieret
5618,16934906,"sou yamaguchi","2026-09-21 09:59:04",659.8,2,souyamaguchi
5619,16738239,"Yaseen Shah7897","2026-09-08 05:57:15",659.4,2,yaseenshah7897
5620,16670365,"Konstantin Alekseev","2026-08-10 10:58:09",659.3,2,alekskst
5621,16663933,AnshV1,"2026-08-06 03:03:35",659.2,2,anshv1
5622,16840641,"Yukar Fu","2026-09-24 03:21:44",659.1,2,yukarfu
5623,16678044,BJFC,"2026-09-20 16:07:06",658.9,2,"harshithharithsa,svsumanth"
5624,16927400,HaY0801,"2026-09-24 13:42:07",658.8,2,hay0801
5625,16657419,"Saivedant Hava","2026-08-05 06:36:39",658.2,2,saivedanthava
5626,16662633,"Shekhar Suman","2026-08-15 19:17:49",658.0,2,shekharvc
5627,16657095,"Prashant Kumar","2026-08-20 12:59:11",658.0,2,praskr
5628,16640461,"Shigeru Kondou","2026-09-17 19:12:22",657.9,2,shigerukondou
5629,16807281,sansh0u0,"2026-09-04 02:16:09",657.9,2,sansh0u0
5630,16708369,JairSanchez151270,"2026-08-11 16:30:55",657.8,2,jairsanchez151270
5631,16658252,"Krishnan CS","2026-08-20 05:28:14",657.8,2,krishnanchathadi
5632,16655187,cmxu,"2026-08-05 05:31:07",657.1,2,cmxu77
5633,16677514,mayoristaNLP,"2026-08-09 16:33:23",657.1,2,mayoristanlp
5634,16675997,"Rintaro Moriwaki","2026-09-16 16:03:10",657.0,2,rintaromoriwaki
5635,16669392,cobrapigeon,"2026-08-20 18:43:25",656.9,2,cobrapigeon
5636,16655217,"Jiawei Zhao","2026-09-24 12:06:27",656.9,2,c789a123
5637,16691481,"Aditi Salvi","2026-08-18 15:24:53",656.6,2,aditisalvi04
5638,16838855,"Sze Yu Sim","2026-09-09 01:37:05",656.5,2,szeyusim
5639,16663343,"Abdullah M. Haque","2026-09-13 18:41:14",656.5,2,abdullahmhaque
5640,16669466,"vuppuluri sriramsubhash","2026-08-06 08:42:50",656.4,2,vuppulurisriram
5641,16625050,"how to place pokemon","2026-09-24 15:15:49",656.2,2,ktverdov
5642,16654193,fvong,"2026-09-04 07:15:22",656.2,2,fvong35963
5643,16662138,"Luan He","2026-09-05 21:53:24",656.2,2,luanhe
5644,16623645,"ayutin tin","2026-08-14 07:48:31",656.0,2,ayutintin
5645,16739640,TeamBanzaiSL,"2026-08-27 17:13:26",655.8,2,teambanzaisl
5646,16674543,"Sujal Agarwal2301","2026-08-09 13:37:43",655.8,2,sujalagarwal2301
5647,16684436,Simon-the-sorcerer,"2026-09-23 06:48:48",655.2,2,simonwiller
5648,16697844,Noobykiller16,"2026-08-15 06:08:27",655.1,2,noobykiller16
5649,16724522,"stathis maurog","2026-08-26 07:01:48",654.9,2,stathismaurog
5650,16718202,"Abhi Kumar Agrawal","2026-08-18 09:52:24",654.9,2,abhikumaragrawal
5651,16859900,ZZZ234234234,"2026-09-22 13:27:20",654.6,2,zzz234234234
5652,16786485,"Sam Jenkins","2026-09-01 03:50:16",654.5,2,samjenkinsuk
5653,16891184,rbjp557,"2026-09-24 10:35:20",654.4,2,rbjp557
5654,16809371,"Aashir Noman","2026-09-18 10:03:45",654.3,2,aashirnoman
5655,16815488,"crothety liu","2026-09-05 06:27:35",654.2,2,crothetyliu
5656,16833063,"Fidel Escalona","2026-09-22 23:57:39",654.1,2,fbescalo
5657,16692569,"Mark Kirwan","2026-08-26 08:05:16",653.5,2,markkirwan1990
5658,16716089,wuzixiao,"2026-09-08 03:36:02",653.4,2,wuzixiao
5659,16702713,"Rob Sartin","2026-09-22 16:16:20",653.2,2,robsartin
5660,16639810,gytdrop,"2026-08-14 12:47:28",652.8,2,"kartikeyrajbhar,shaikaktharali"
5661,16682908,"Masha Mashallah","2026-09-12 09:32:09",652.8,2,mashamashallah
5662,16857130,"Joao Araujo","2026-09-09 01:11:50",652.7,2,jhcaextra
5663,16760087,Slizzle,"2026-08-30 04:37:40",652.7,2,sloan98
5664,16670424,"Josep Audenis","2026-08-11 17:52:07",652.6,2,josepaudenis
5665,16939445,Dylan,"2026-09-24 11:48:20",652.6,2,dylan2778
5666,16943936,"Wessel van Dijke","2026-09-24 00:27:44",652.6,2,wesselvandijke
5667,16849153,"Zackary Loevseth","2026-09-08 06:14:48",652.2,2,zackaryloevseth
5668,16713877,FunnyBishop,"2026-08-16 03:19:24",652.1,2,funnybishop
5669,16666452,"victor souza","2026-08-09 17:07:51",652.0,2,victorcaio
5670,16759162,sgsuh,"2026-09-23 14:41:49",652.0,2,seukgyo
5671,16665816,Vikas1306,"2026-08-10 05:53:19",652.0,2,vikas1306
5672,16635848,KartoplyanePure,"2026-08-31 20:43:34",651.9,2,"danylotovp,wizardmp"
5673,16671217,"Akshay V","2026-08-21 04:01:22",651.8,2,akshayv1001
5674,16923101,Kimodii,"2026-09-20 05:30:33",651.7,2,kimodii
5675,16925442,"Stef Sempels","2026-09-22 08:29:38",651.5,2,stefsempels
5676,16733195,"Zukas F.","2026-09-23 02:44:03",651.5,2,zukasf
5677,16675661,June_mk,"2026-09-06 00:08:47",651.3,2,jungoto
5678,16762719,"Ahmet Bilginoglu","2026-09-02 20:34:49",651.2,2,ahmetbilginoglu
5679,16875690,jwboost,"2026-09-16 04:31:31",651.1,2,kiritocui
5680,16757447,soyukke,"2026-09-13 17:38:12",651.1,2,soyukke
5681,16763977,"Jong Park","2026-08-26 09:21:40",650.9,2,papercat318
5682,16887820,"Radosław Czajkowski","2026-09-21 17:59:25",650.8,2,radoslaw
5683,16663356,Farm-ops,"2026-08-06 23:27:37",650.7,2,"dakotavannauker,tsho01"
5684,16923772,"Aidan Edward Lawson","2026-09-21 05:55:34",650.7,2,modalpathethics
5685,16798268,KAEOS,"2026-09-06 20:09:49",650.5,2,hitesh221
5686,16666391,"Harshpreet Singh","2026-08-06 10:32:51",650.4,2,harshpreet931
5687,16855147,Kao0207,"2026-09-12 12:32:12",650.4,2,kao0207
5688,16862913,MLEDV,"2026-09-11 18:13:10",650.3,2,edwardvaines
5689,16663659,"Omer Rehman","2026-09-02 11:05:02",650.2,2,omerrehman97
5690,16932197,SamarthPD-21,"2026-09-23 23:16:51",650.2,2,samarthpd21
5691,16652334,"Aldibek [dsmlkz]","2026-08-27 19:33:18",650.2,2,aldibek
5692,16728069,Taisei7,"2026-09-09 06:27:49",650.0,2,taisei7
5693,16898276,SergioMoras,"2026-09-18 10:49:37",650.0,2,sergiomoras
5694,16663238,"Francesco Zaccaria","2026-08-21 07:28:57",649.9,2,francescozaccaria
5695,16766274,"Satwato Dey","2026-09-24 15:50:12",649.6,2,satwato
5696,16741892,astro,"2026-08-20 20:49:49",649.5,2,mayursamrutwar
5697,16713236,kingofeverything,"2026-09-21 16:27:45",649.4,2,"kingofeverything,skyyyang"
5698,16712321,"Elias Schecke","2026-09-11 15:00:14",649.2,2,eliasschecke
5699,16664103,izack2666,"2026-08-07 14:41:10",649.1,2,izack2666
5700,16715251,SoraGinko,"2026-08-28 18:52:17",648.8,2,terrywuu
5701,16759229,"Samuel Kurabachew","2026-08-28 22:17:20",648.7,2,samuelkurabachew
5702,16773966,"Ronel Abraham Mathew","2026-08-26 16:05:26",648.4,2,ronelm
5703,16673477,ArtFix,"2026-08-11 00:51:09",647.8,2,artfix
5704,16710621,(´･_･`),"2026-08-16 07:14:53",647.4,2,tanakh
5705,16806938,boominginging,"2026-09-21 15:40:12",647.3,2,"aviator22,boominginging,caiwenjie123,mikeintokyo"
5706,16662375,"Yunusa Hussein Adeiza","2026-08-14 22:12:49",647.3,2,yunusahusseinadeiza
5707,16854339,"ML Underdogs","2026-09-22 06:19:48",647.3,2,mdjubairhasan
5708,16881453,"fahim magsi","2026-09-13 15:18:43",647.2,2,fahimmagsi
5709,16924397,ngzeonwang,"2026-09-24 08:57:26",647.1,2,ngzeonwang
5710,16698596,ymok,"2026-09-12 02:00:52",646.9,2,iromao
5711,16661467,sh_sub97,"2026-08-12 15:20:25",646.9,2,shsub97
5712,16667874,Vidushiii,"2026-08-10 12:25:42",646.8,2,vidushianand09
5713,16662050,HandsOffMyBigMelons,"2026-08-13 22:00:12",646.7,2,scrattle
5714,16716300,"Julian Kerignard","2026-09-07 10:12:31",646.6,2,juliankerignard
5715,16692954,"Adam Nhan","2026-08-16 19:10:48",646.3,2,asnhan
5716,16662338,jaepyeocho,"2026-09-13 11:39:37",646.0,2,jaepyeocho
5717,16759443,"Ayman machhidan","2026-09-12 22:15:45",646.0,2,aymanmachhidan
5718,16792512,ckd999,"2026-09-06 19:15:19",645.8,2,ckd999
5719,16693949,"Eric Worrall","2026-09-24 12:55:00",645.8,2,ericworrall
5720,16638667,"Sarvesh Nikas","2026-09-23 11:44:21",645.3,2,sarveshnikas
5721,16639492,"Vishnu R Mohan","2026-08-08 20:36:19",645.2,2,vishnurmohan
5722,16626217,"Stanislav Chistyakov","2026-08-05 18:52:47",645.2,2,chistyakov
5723,16685069,derek_kuang0213,"2026-08-22 10:33:21",645.2,2,derekkuang0213
5724,16784960,i-yuki23,"2026-08-30 01:13:11",644.8,2,iyuki23
5725,16688929,"Kangqiao LIU","2026-08-18 07:44:55",644.5,2,kangqiaoliu
5726,16669330,"Panagiotis Charalabopoulos","2026-08-26 18:49:46",644.5,2,panagiotischaral
5727,16756176,"Unsh Rawal","2026-09-06 20:29:16",644.5,2,unshrawal
5728,16639223,"SIDHAARTH SHREE","2026-08-19 15:03:55",644.4,2,sidhaarthshree
5729,16659125,"Meet Parekh","2026-08-19 10:31:09",644.4,2,meetparekh1
5730,16631090,yoikoarmor,"2026-08-09 07:01:44",644.2,2,yoikoarmor
5731,16772673,"Alejandro Rendon B.","2026-09-22 22:21:04",644.2,2,alejandrorendonblan
5732,16859269,BAILW,"2026-09-24 06:06:48",644.1,2,baimatubama
5733,16688429,"Omrani Rabah","2026-08-11 22:19:21",644.0,2,omranirabah
5734,16738994,"Hem Viramgama","2026-08-21 00:34:48",643.9,2,hemviramgama
5735,16844092,Johana01,"2026-09-15 08:10:42",643.8,2,johana01
5736,16810807,Cordiz,"2026-09-03 22:42:51",643.7,2,cordiz
5737,16665654,"Anurag H H","2026-09-10 15:05:26",643.5,2,anur4ghh
5738,16799014,"Vaibhav singh kaira","2026-09-12 04:49:54",643.3,2,vaibhavsinghkaira
5739,16758298,"Jack p","2026-08-30 07:36:22",643.2,2,jtv199
5740,16690988,"Aditya Bharadwaj","2026-08-20 10:02:32",642.8,2,adityabharadwaj26
5741,16741188,"Adarsh Samanu","2026-08-20 00:01:33",642.6,2,adarshsamanu
5742,16797025,"Jonathan Glinton","2026-09-11 17:11:01",642.5,2,jonathanglinton
5743,16656167,"Minh Quang Do","2026-09-11 04:05:53",642.4,2,mrfreddy0209
5744,16822523,bvgr,"2026-09-15 19:17:50",642.4,2,vbeeram
5745,16884517,"Fizie Fulumaka","2026-09-14 07:46:31",642.3,2,fiziefulumaka
5746,16654855,"Pedro Rezende Gomes","2026-08-06 00:41:30",642.2,2,pedrorzgomes
5747,16694779,JacobKooi,"2026-08-10 09:16:35",642.1,2,jacobkooi
5748,16780019,"hamza khokhar890","2026-09-20 16:35:58",642.0,2,hamzakhokhar890
5749,16784056,"anh nông dân may mắn","2026-09-24 15:29:49",642.0,2,nguyen1tri
5750,16777746,"Daniel Bandy","2026-08-29 02:04:01",641.7,2,goddangitboby
5751,16623555,yindujuxi,"2026-08-01 10:11:35",641.7,2,yindujuxi123
5752,16658050,"changwei shi","2026-08-18 02:45:47",641.6,2,changweishi
5753,16634582,"Tarun Chaudhary","2026-08-12 06:36:33",641.5,2,tarunchdev
5754,16731443,"Arjun Vinod","2026-08-21 01:00:30",641.4,2,arjun0014
5755,16856888,"Md Mehrab Hossain Opi","2026-09-10 07:16:45",641.4,2,iamopi
5756,16656274,googunmo,"2026-08-08 01:13:58",641.4,2,googunmo
5757,16696267,"yu lesui","2026-08-10 05:41:40",641.2,2,yulesui
5758,16662486,"KOTHAPALLI DILEEP","2026-08-10 12:06:14",641.1,2,kothapallidileep
5759,16635796,MugaBros,"2026-08-04 05:27:02",640.6,2,"drrocktotpalkonwarh,monjyotid"
5760,16635177,Zacchaeus,"2026-08-07 07:04:15",640.6,2,zacchaeus
5761,16652984,hxaxd,"2026-08-05 15:09:49",640.5,2,hxaxdcs
5762,16658272,"Yash Katiyar","2026-08-08 20:17:05",640.5,2,yashkatiyar409
5763,16795802,Kk,"2026-09-21 10:03:04",640.4,2,cudamax
5764,16661943,"Cow Wizard","2026-08-14 02:14:58",640.2,2,cowwizard321
5765,16670834,romin_123,"2026-08-14 01:25:19",640.0,2,romin123
5766,16708189,Facouse,"2026-08-11 16:09:17",639.7,2,facouse
5767,16705345,"DEMON JI","2026-08-14 15:02:11",639.5,2,demonji04
5768,16639973,akky,"2026-08-03 15:39:41",639.4,2,tellxxx
5769,16658430,bruyantq,"2026-09-23 08:33:16",639.0,2,bruyantq
5770,16702932,kyconf,"2026-09-12 14:10:46",639.0,2,kyconf
5771,16635049,rooklift,"2026-08-16 06:27:36",639.0,2,rooklift
5772,16640933,"Bhanu prasad","2026-09-21 03:21:24",638.9,2,restlesseagle
5773,16630519,"Mehmet Özer","2026-08-01 16:51:55",638.8,2,ozermehmet
5774,16676308,DC,"2026-08-19 17:34:02",638.6,2,choudahchiun
5775,16738538,ZHANG_WuHua,"2026-08-18 16:21:19",638.5,2,zhangwuhua
5776,16687883,CherylStoned,"2026-08-11 22:53:28",638.4,2,cherylstoned
5777,16694575,"Aloise Mutune","2026-09-17 13:48:22",638.3,2,aloisemutune
5778,16692350,"Emerson Suarez","2026-08-16 05:09:13",638.1,2,jericksystem32
5779,16655744,"Ademola Arigbabuwo","2026-09-03 21:44:49",638.1,2,princedemo
5780,16767802,"Luis Fernando Faria","2026-08-31 20:57:29",638.1,2,luisfernandofaria
5781,16684957,"Lucas Ferreira","2026-08-11 18:20:43",637.8,2,lucasdeoferreira
5782,16658043,"Tran Huy Hoang1312","2026-08-05 01:58:39",637.7,2,tranhuyhoang1312
5783,16656379,"Jay Gautam","2026-08-12 12:19:40",637.6,2,jaygautam007
5784,16684710,"Pratik Singh","2026-08-11 11:34:48",637.4,2,pratikks11
5785,16759351,"Shinsaku Haruta","2026-09-21 12:22:17",637.4,2,shinsakuharuta
5786,16633923,JackyFan123,"2026-08-01 15:22:04",637.0,2,jackyfan123
5787,16695822,"Ahmad Elawady","2026-08-18 20:06:59",637.0,2,aielawady
5788,16690852,"Naveen Venu Bagadi","2026-08-30 04:38:13",636.8,2,naveenvenubagadi
5789,16663361,protoLabs.studio,"2026-08-06 18:39:50",636.6,2,protolabsstudio
5790,16719065,"Aldo Rizona","2026-08-17 15:32:26",636.6,2,aldorizona
5791,16905608,ChrisVas123,"2026-09-16 09:44:56",636.6,2,chrisvas123
5792,16678773,"Steve Probst","2026-09-09 01:51:39",636.4,2,steveprobst
5793,16712567,PatWid,"2026-08-18 17:17:20",636.2,2,patwid
5794,16663784,Aniketh2k7,"2026-08-10 06:02:02",636.0,2,aniketh2k7
5795,16735298,Watary0927,"2026-08-22 23:25:11",635.9,2,watary0927
5796,16926108,"Pavan G","2026-09-24 04:40:10",635.7,2,exemplar
5797,16675475,"Andrey Aristov","2026-08-10 22:02:24",635.6,2,andreyaristov
5798,16811210,"Matt Dowis","2026-09-04 14:41:36",635.6,2,mattdowis
5799,16865982,"Orest Myth","2026-09-23 13:26:01",635.6,2,orestmyth
5800,16758204,kkKaan,"2026-08-24 07:56:58",635.1,2,kkkaan
5801,16668089,Goller,"2026-08-26 15:05:53",634.7,2,goller
5802,16719081,数学の山田,"2026-09-15 10:28:05",634.5,2,b612sum1
5803,16699578,kakanekoka,"2026-09-04 17:45:15",633.9,2,kakanekoka
5804,16694269,Aftxb,"2026-08-11 14:58:08",633.9,2,aftxb07
5805,16664828,Leon,"2026-08-09 09:00:09",633.9,2,leonmyl
5806,16669298,"Dinesh Naveen Kumar Samudrala","2026-09-24 14:52:44",633.7,2,dnkumars
5807,16667762,KucingGanteng,"2026-09-12 20:04:37",633.5,2,dhiyaussalam
5808,16636725,shichi,"2026-08-11 12:47:35",633.5,2,shichi
5809,16669489,"Yichi Zhang","2026-08-28 19:31:07",633.3,2,yichizhang12
5810,16696724,arkmid,"2026-09-09 13:11:46",633.2,2,arkmid
5811,16818110,Kactus,"2026-09-16 00:15:43",633.1,2,kactus
5812,16698164,"Ruizhang Zhi","2026-09-24 02:22:35",633.1,2,ruizhangzhi
5813,16798478,"Vinicius Pupin","2026-09-02 21:29:51",633.1,2,viniciuspupin
5814,16693137,"Ich Benavides","2026-09-06 18:24:52",633.0,2,jabeichbenavides123
5815,16944040,guarva,"2026-09-23 15:51:08",632.9,2,guarva
5816,16623580,matsu997,"2026-09-22 15:27:14",632.7,2,mastu997
5817,16832474,"Isaac D. Hérnandez G.","2026-09-15 23:52:34",632.5,2,isaacdhrnandezg
5818,16784154,JoshJML,"2026-09-03 05:39:26",632.4,2,joshjml
5819,16750175,"Quentin Pr","2026-08-27 18:08:14",632.4,2,quentinpr
5820,16673346,gabrielep09,"2026-08-11 01:52:41",632.4,2,gabrielep09
5821,16740404,BarrelAged,"2026-09-13 11:27:04",632.2,2,johnhosack
5822,16655062,KKS,"2026-08-08 07:36:03",631.9,2,sachisgod
5823,16672687,Liz,"2026-09-24 03:09:33",631.7,2,lizgarcia3
5824,16718539,"Divyansh Agrawal","2026-08-14 06:58:46",631.7,2,spartan1925
5825,16674324,"luca fregona","2026-08-08 13:37:49",631.5,2,lucafregona
5826,16668868,tawashi,"2026-08-13 06:51:45",631.4,2,tawashi
5827,16926111,"Somya Patra","2026-09-22 17:05:18",631.2,2,somyapatra
5828,16635421,"Lennart Haupts","2026-09-24 05:30:59",631.0,2,lennarthaupts
5829,16726093,CocoTeam,"2026-08-18 14:22:45",630.8,2,"albaasca,ceemeese"
5830,16903652,LokeshGiri,"2026-09-23 19:34:18",630.7,2,"lokeshjasrotia,vengatagirig"
5831,16701036,"Tiandong Wang","2026-08-19 11:45:32",630.7,1,condone
5832,16635004,"jacob OKOTH O","2026-08-02 05:57:05",630.7,1,jacobokotho
5833,16665984,hepialidae,"2026-08-10 16:05:19",630.2,2,hepialidae
5834,16655142,"Stanislav Kuznetsov","2026-09-03 12:58:20",630.0,2,drtduck
5835,16666341,"Ege Güvener","2026-09-11 17:20:35",629.9,2,egegvener
5836,16664024,"Juan David Bolanos","2026-08-13 17:06:00",629.9,2,juandavidbolanos
5837,16669561,"Nikunj Pahwa","2026-08-15 20:04:36",629.7,2,nikunjpahwa
5838,16855646,Seshu,"2026-09-09 14:49:33",629.6,2,seshuthota
5839,16935434,chumajin,"2026-09-22 06:42:43",629.0,2,chumajin
5840,16948146,tsuka3a_soc,"2026-09-24 05:51:42",628.8,2,tsuka3asoc
5841,16670214,"Louis @ tradeInsight.ai","2026-08-21 15:18:11",628.8,2,louisquart
5842,16633928,ghostiee11,"2026-08-01 01:33:25",628.6,1,ghostiee11
5843,16645705,wataru420,"2026-09-24 13:26:19",628.3,2,wataru420
5844,16929645,"GeneralShizha ","2026-09-20 10:27:45",627.9,2,generalshizha
5845,16847275,"Giovanni Marco Dall'Olio","2026-09-09 20:43:20",627.7,2,dalloliogm
5846,16656072,Vespidae,"2026-08-14 03:30:03",627.6,2,ianapis
5847,16912690,"Tegh Bindra","2026-09-20 04:55:09",627.6,2,teghbindra
5848,16675952,bazinga,"2026-09-22 23:21:10",627.3,2,stephanhahn16
5849,16658083,"Gunjan Solanki","2026-09-03 10:39:28",627.0,2,blackhatv1
5850,16654267,maniginam,"2026-09-24 02:00:06",626.9,2,maniginam
5851,16852559,永井こうたろう,"2026-09-09 04:01:11",626.7,2,kotakota914
5852,16653222,StevenYuan7788,"2026-08-17 17:38:44",626.7,2,stevenyuan7788
5853,16660955,"Nihal l.suvarna","2026-09-17 14:24:23",626.6,2,nihallsuvarna
5854,16841397,"Petro Tarnavskyi","2026-09-06 12:36:05",626.5,2,petrotarnavskyi
5855,16633175,"Umut Kıvanç Sipahioğlu","2026-08-04 15:51:56",626.3,2,umutkvansipahiolu
5856,16624277,"D S S Kumar","2026-08-10 03:22:55",626.3,2,satrusskumar
5857,16755681,nic001,"2026-08-28 08:06:19",626.1,2,mimamura
5858,16665395,"bachi idriss","2026-08-10 15:23:30",626.0,2,bachiidriss
5859,16743617,Dancing_Chaos,"2026-08-31 15:42:35",625.9,2,"bailynlove4ever,ripplecddc"
5860,16677402,"Hıdır Demir","2026-09-10 22:35:54",625.7,2,hdrdmr
5861,16698007,"Juanma Serrano","2026-08-23 15:49:31",625.5,2,juanmaserrano
5862,16726941,CJ103CJ,"2026-08-23 12:52:07",625.1,2,cj103cj
5863,16664219,JosephGuhlin,"2026-08-10 08:46:16",624.8,2,jguhlin
5864,16750036,"Kiệt Lưu","2026-09-05 03:41:19",624.5,2,jaxyss
5865,16663922,MoongladeAI,"2026-09-14 03:49:11",624.4,2,moongladeai
5866,16876021,"Jeff Law #2","2026-09-17 23:31:28",624.4,2,jlaw99
5867,16719745,"Masih Pemula Beneran","2026-08-31 02:14:53",624.3,2,mikhaeldhika
5868,16814805,Muzhi11,"2026-09-21 02:41:31",623.9,2,muzhi11
5869,16672095,"Friaseus ","2026-09-19 10:55:11",623.8,2,friaseus
5870,16657397,"QSS Technosoft AI Team","2026-08-05 07:47:00",623.8,2,"kunalthedev,nishantkumarabes,prathamydvv,prishagdev,shreyakchakraborty"
5871,16781447,"Cody Schrank","2026-08-31 04:38:57",623.8,2,codyschrank
5872,16687808,GorillaGhost,"2026-08-13 23:23:10",623.8,2,gorillaghost
5873,16656501,"Thái Phạm Công","2026-08-05 03:59:47",623.6,2,thaipc
5874,16842527,ko_fusion_JPN,"2026-09-24 10:18:40",622.8,2,kofusionjpn
5875,16899024,Whooriiiaaaaa,"2026-09-24 10:36:19",622.6,2,"nickazaria,woupyie"
5876,16660805,"Ramon van Dijk","2026-08-05 05:48:21",622.4,2,ramonvandijk
5877,16725010,jenninglim,"2026-08-23 08:38:47",622.3,2,jenningl
5878,16664457,yaohongfu,"2026-08-10 12:30:43",622.1,2,yhfwww
5879,16731516,Sumit0694,"2026-09-15 21:17:01",622.1,2,sumit0694
5880,16641141,"Yuri Barbashov","2026-09-23 19:14:57",622.0,2,yuribarbashov
5881,16667258,"Firman Imam","2026-08-09 02:36:56",621.9,2,piririp
5882,16756113,"George Megre","2026-09-16 07:04:00",621.7,2,georgemegre
5883,16670420,"Mihir Argulkar","2026-08-07 20:03:15",621.6,2,mihirargulkar
5884,16666204,"David Nana Kofi Ofosu-Arko","2026-08-05 11:04:42",621.6,2,davidnanak
5885,16861102,walnut11,"2026-09-24 05:18:54",621.4,2,walnut11
5886,16659817,"Viet Anh Ngo ","2026-08-31 09:41:08",621.3,2,vietngogm
5887,16717483,Caerno,"2026-09-24 14:00:35",621.1,2,caerno
5888,16918826,NOTSUREKITTY,"2026-09-19 03:56:04",620.9,2,notsurekitty
5889,16630741,mrk,"2026-08-05 09:49:44",620.6,2,matsubaratakuji
5890,16679295,Mk26,"2026-09-04 13:52:05",620.5,2,"manishk26,mans31"
5891,16665942,"Satvik R Shetty","2026-08-09 03:59:52",620.4,2,satvikrshetty
5892,16724364,Sh4ron,"2026-09-11 15:48:11",620.4,2,sh4ron
5893,16644456,Agbe,"2026-09-20 18:32:43",620.3,2,timmecom
5894,16809762,"Ryan Wong","2026-09-04 14:47:39",619.9,2,taggatle
5895,16893361,lemonjuice2312,"2026-09-19 07:36:26",619.8,2,lemonjuice2312
5896,16736856,misaki,"2026-09-24 14:54:38",619.6,2,"dicenull,iroharyo,jinnsou0219,misakima"
5897,16692994,turneja,"2026-08-08 23:50:13",619.5,2,turneja
5898,16700298,tmgf,"2026-09-24 13:52:46",619.1,2,tiagomgfernandes
5899,16925564,"shikigami yao","2026-09-24 07:20:13",619.1,2,shikigamiyao
5900,16763886,"Jackson Sauls","2026-09-04 22:59:51",619.0,2,jacksonsauls
5901,16669856,StrugglerK,"2026-09-22 17:10:09",618.9,2,muhammedkaanlker
5902,16648215,"Terrence Chuwe","2026-08-03 13:32:15",618.8,2,terrencechuwe
5903,16775652,"Dat Dinh","2026-09-14 02:48:43",618.8,2,dathbdinh
5904,16642846,"Leonid Zaporozhets","2026-08-02 20:03:13",618.6,2,leonidzaporozhets
5905,16658660,"Leo Lai","2026-08-13 08:14:45",618.5,2,junweilai
5906,16668298,"Riki Garcia","2026-08-26 15:36:14",618.5,2,rikigarcia
5907,16709481,"Gerbilles Saucières","2026-08-22 10:38:44",618.2,2,"benjaminhrt30,volbox1902"
5908,16777222,"José Daniel Ara","2026-08-27 00:12:53",618.2,2,josdanielara
5909,16927491,Adilkhan1275,"2026-09-24 16:09:02",618.2,2,adilkhan1275
5910,16742073,"nguyễn huệ anh","2026-09-15 15:55:00",618.1,2,akapatu
5911,16636954,"Jeff Horon","2026-09-13 16:30:41",618.1,2,jeffhoron
5912,16881250,"Enes Altunbaş","2026-09-20 14:03:26",618.1,2,enesaltunba
5913,16738805,"Sergey Panasenko","2026-08-31 23:14:50",617.9,2,spanasenko
5914,16635670,"Mr.S hanakosan","2026-08-09 00:31:34",617.9,2,earlgreytea15
5915,16654579,"anagha kv","2026-09-23 06:30:22",617.8,1,anaghakv6801
5916,16666833,DenisKoronchik,"2026-09-14 21:19:27",617.7,2,deniskoronchik
5917,16780969,"Ewa Suknarowska","2026-08-30 15:53:25",617.6,2,ewasuknarowska
5918,16699488,"Kelvin Lai","2026-09-18 20:15:13",617.5,2,kelvin84hk
5919,16741660,Dhruv_Goyal990,"2026-09-03 16:20:31",617.5,2,"dhruvgoyal990,prathameshbelavagi"
5920,16759381,"Subhan Hussain","2026-09-20 09:00:54",617.3,2,subhanhussain0205
5921,16876642,Gruberx,"2026-09-24 01:01:28",617.1,2,gruberx
5922,16664112,"Ethan Hung","2026-08-08 21:44:57",617.0,2,chinesegorilla99
5923,16657570,"Guruprasad Parasnis","2026-08-10 12:04:57",616.6,2,guruprasadparasnis
5924,16631353,"Shivam Shinde","2026-08-01 15:29:24",616.6,2,shindeshivam
5925,16852963,LingLingToshite,"2026-09-24 09:32:57",616.6,2,lingtoshitehiroki
5926,16623886,onepunch999,"2026-08-01 07:30:37",616.5,2,onepunch999
5927,16699292,"Siddharth Kumar Gopal","2026-08-14 16:35:03",616.5,2,siddharthkumargopal
5928,16633269,op_star_platinum,"2026-08-09 17:52:52",616.0,2,opstarplatinum
5929,16797969,probability,"2026-09-07 09:44:49",615.8,2,probabilitywavepeak
5930,16663736,"Life Is Roblox","2026-08-17 18:58:37",615.6,2,alexlisenko
5931,16630559,khan,"2026-08-02 12:18:56",615.3,2,khansolov
5932,16633772,ayuma,"2026-08-03 06:01:01",615.2,2,onthoze
5933,16699838,"Harry Taylor","2026-08-21 10:38:18",615.0,2,harryphysics
5934,16819872,"Shi Van","2026-09-03 16:50:46",614.9,1,shivanufo
5935,16766888,"Alex #4","2026-08-24 14:42:19",614.8,1,alxndrvara
5936,16732537,Rapha,"2026-08-27 12:08:17",614.7,2,raphaabels
5937,16950015,"Jacob Stultz1","2026-09-23 22:49:13",614.5,1,jacobstultz1
5938,16668720,"etienne duplessix","2026-08-10 22:48:53",614.3,2,etienneduplessix
5939,16748955,micchy,"2026-09-23 22:17:27",613.9,2,micchy326
5940,16650160,nori8774,"2026-08-10 06:26:21",613.9,2,norimasayamamoto
5941,16662128,BenPalmer59,"2026-08-11 19:16:24",613.8,2,benpalmer59
5942,16911847,LGC,"2026-09-17 08:21:20",613.7,1,victorlingc
5943,16776928,aiexpert1120,"2026-09-01 16:48:18",613.6,2,aiexpert1120
5944,16668269,"Rashi Jain07","2026-08-05 17:46:37",613.2,1,rashijain07
5945,16784599,"Engineer Lisa","2026-09-23 15:07:02",613.1,2,lisamhines
5946,16668354,"ashraf saiyed","2026-08-13 13:44:31",613.0,2,ashrafsaiyed58
5947,16888546,"Skskj Sskm","2026-09-16 03:06:12",612.7,2,skskjsskm
5948,16685938,"Gautier Fauchart","2026-08-12 05:57:21",612.5,2,gautierfauchart
5949,16660491,"Ryan Hancock","2026-08-08 09:56:54",612.0,2,rychanfox
5950,16808956,"Denis Zerov","2026-09-03 10:59:46",612.0,2,dinoden
5951,16763838,"L. Barriga","2026-09-09 10:57:18",611.9,2,lbarriga
5952,16658602,aldoktvns,"2026-08-04 15:51:08",611.9,2,alrette
5953,16688108,Special_octo20,"2026-09-14 19:16:13",611.7,2,specialocto20
5954,16718133,KaranjeetSingh1110,"2026-09-16 15:31:45",611.6,2,karanjeetsingh1110
5955,16787200,"HayDay Protestors","2026-09-23 16:59:25",611.4,2,"aaronjoshuaemmanuel,anjulasankalpa,chamathjayashanka,ghostd,prabhashanmadurawala"
5956,16924484,"Sadiq Ali","2026-09-20 07:51:11",611.2,2,sadiqali55
5957,16658224,"Daniel Gallardo Gómez","2026-08-07 08:17:24",611.1,2,danielgallardogmez
5958,16664241,payoon,"2026-08-07 08:24:05",611.1,2,payoon1234
5959,16691580,"Toni Blanco","2026-08-11 13:10:45",611.1,2,toniblanco
5960,16665120,nobody,"2026-08-13 14:48:45",611.0,2,rajesh1729
5961,16759427,Dhruv,"2026-08-23 12:20:16",610.8,2,dtalati1
5962,16885575,"Kotaro Imamura","2026-09-18 00:47:04",610.4,2,kotaroimamura
5963,16668711,"David Leati","2026-08-28 00:47:39",610.2,2,davidleati
5964,16737986,"Edris Yawar #2","2026-09-05 09:32:08",610.2,2,edrisyawar
5965,16660270,Ziel_Lux,"2026-09-22 14:36:05",610.2,2,nahbilafaith
5966,16860088,Lockers,"2026-09-09 11:32:59",610.1,1,lockers123
5967,16665342,Prothos,"2026-08-23 13:44:29",610.1,2,vjuenemann
5968,16659939,"Mouafak Dakhlaoui","2026-09-21 02:34:52",610.1,2,sharmoul
5969,16664154,dwdwdwsdedwd,"2026-08-11 06:29:24",610.0,2,dwdwdwsdedwd
5970,16734712,"Jamshid Ganiev","2026-08-19 06:03:31",610.0,2,jamshidganiev
5971,16660310,KOLONEX.NET,"2026-08-10 12:40:46",609.7,2,danielandresmiranda
5972,16727059,ksankeerth1,"2026-09-03 02:28:22",609.4,2,ksankeerth1
5973,16640816,pawaraman,"2026-08-02 19:46:52",609.2,2,pawaraman
5974,16664804,ryanovovo,"2026-08-05 18:02:38",609.1,2,ryanovovo
5975,16630501,"Haris Ahmed","2026-08-14 10:08:51",609.1,2,harisahmedgenai
5976,16777065,"dani yemane","2026-09-17 20:43:13",608.9,2,daniyemane
5977,16795923,KaluzaKlein,"2026-09-14 10:50:35",608.9,2,kaluzaklein
5978,16845664,fabio5050,"2026-09-16 04:04:27",608.7,2,fabio5050
5979,16755568,KHuShIMaHajan,"2026-08-21 18:55:05",608.7,2,bymista4578
5980,16705348,"Howard lin","2026-08-20 23:01:36",608.7,2,howardlin007
5981,16721960,"Lê Khang","2026-08-18 19:42:43",608.7,1,kobtdatten
5982,16687788,"Me and the Geese","2026-08-26 15:57:41",608.7,2,skalermo
5983,16916387,Nathan,"2026-09-18 14:01:04",608.5,2,nathanpradostapia
5984,16757614,"Eduardo Molina","2026-09-06 04:04:22",608.3,2,eduardomolinaai
5985,16892257,ShadowMist01,"2026-09-20 20:36:11",608.3,2,shadowmist01
5986,16724002,Yahia717,"2026-08-20 20:48:31",607.9,2,yahia717
5987,16694610,Kshitiz2002,"2026-08-11 15:44:41",607.7,2,kshitiz2002
5988,16692750,"Hoya need job","2026-09-24 09:38:28",607.7,2,pranavwankhade
5989,16695662,"Ollie Lowe2","2026-08-16 16:47:01",607.6,2,ollielowe2
5990,16741121,"Vignesh Nehru","2026-09-22 07:58:54",607.4,2,vigneshnehru
5991,16895824,"Dhruv lele","2026-09-20 05:41:57",607.2,2,dhruvlele
5992,16736579,rk777848,"2026-09-18 08:46:45",607.0,2,rk777848
5993,16679079,"cedric stephan ","2026-08-25 20:39:15",607.0,2,cedricstephan
5994,16692401,"Abdurehman Iqbal","2026-08-14 09:13:08",606.8,2,abdurehmaniqbal
5995,16659974,"anthony sinchi","2026-08-18 00:01:08",606.5,2,anthonysinchi
5996,16670615,Ahornsirup,"2026-09-06 21:03:14",606.5,2,ahornsirup
5997,16764605,"Bandito Gangesterito","2026-09-22 18:06:53",606.3,2,"mrtrueteller,restovrator"
5998,16686787,"Lars Kammeijer","2026-08-07 21:31:11",606.3,2,larskammeijer
5999,16664159,"james nazareth","2026-08-19 02:13:23",606.3,2,jamesnazareth
6000,16655044,"Darius Kolycius","2026-08-04 09:49:01",606.2,2,dariuskolycius
6001,16739128,"Praneeth Paikray","2026-09-07 11:18:26",606.1,2,paiky1995
6002,16790257,"Shivam Kushwaha","2026-08-30 11:55:08",605.9,2,shivamk21
6003,16879477,liuzewen123,"2026-09-24 11:27:31",605.7,2,liuzewen123
6004,16656912,"Sami Ali","2026-08-07 00:48:33",605.6,2,mrsamiali
6005,16631573,uesi,"2026-08-01 12:04:04",605.6,1,uemura687
6006,16665759,"Shawn Zhang","2026-08-21 10:18:20",605.6,2,shawnzhang0318
6007,16747180,KaiKogure,"2026-09-03 12:46:04",605.6,1,kaikogure
6008,16869617,"Denis Chernyshov","2026-09-18 22:32:19",605.5,2,denischernyshov
6009,16731832,jackee777,"2026-09-19 06:55:20",605.5,2,jackee777
6010,16636454,epigene,"2026-08-02 10:14:52",605.4,2,nadhu59648
6011,16698034,Anatoliy_Fomin,"2026-08-12 12:57:18",605.4,2,anatoliyfomin
6012,16672103,"fred mahinay","2026-08-24 23:34:48",605.2,2,fredmahinay
6013,16918421,"Joseph Kosednar","2026-09-23 20:46:38",604.6,2,josephkosednar
6014,16655013,"Adrian Martinez 1111","2026-08-12 00:52:14",604.3,2,adrianmartinez1111
6015,16655629,Mai_Konare,"2026-08-17 06:20:49",604.2,2,maikonare
6016,16660600,"Beria Kalpelbe","2026-08-07 13:46:47",604.1,2,beriakalpelbe
6017,16780484,"Edmond Kirsch","2026-09-01 17:30:28",604.0,2,edmondkirsch
6018,16636808,"Kaito Ichikawa","2026-09-18 10:15:37",604.0,2,kaitoichikawa
6019,16766732,"Maziyar Abyari","2026-09-19 08:14:10",604.0,2,maziyarabyari
6020,16656107,Aotokitsuruya,"2026-09-02 14:35:20",603.9,2,elct9620
6021,16781242,"Bobby Clare","2026-09-03 17:04:16",603.8,2,bobbyclare
6022,16866712,Ddm_demo,"2026-09-20 14:16:05",603.7,2,ddmdemo
6023,16657347,"Hibiki M","2026-08-20 15:30:40",603.5,2,hibikibrise
6024,16803726,Yaromir_Ko,"2026-09-08 13:25:00",603.3,2,ronanndex
6025,16699415,"Dohwan Kwak","2026-08-31 01:05:28",603.2,2,dohwankwak
6026,16655340,LGarcia10,"2026-08-17 13:17:31",603.1,2,leonardogarcia10
6027,16658377,Masaya,"2026-09-04 15:10:14",603.0,2,irrohas
6028,16676254,"Lazy Lagoon","2026-09-17 16:26:05",603.0,2,"mokshoswal137,taniyasankhe"
6029,16686715,"Adrien Secondaire","2026-08-08 15:54:58",602.9,2,adriensecondaire
6030,16664096,"Charles Coonce","2026-09-24 15:16:06",602.9,2,charlescoonce
6031,16649344,BeyondAnalytics,"2026-08-28 12:00:36",602.7,2,radumarinion
6032,16624888,okome_niigata,"2026-08-06 06:47:17",602.6,2,okomeniigata
6033,16658655,HbjaHbja,"2026-08-12 12:18:51",602.6,2,hbjahbja
6034,16723528,"Singaraj B","2026-09-05 15:33:26",602.5,2,singarajb
6035,16661225,"Monibee Fudgekins","2026-09-16 18:18:38",602.1,2,monibeefudgekins
6036,16685785,KSAI,"2026-09-07 14:42:54",602.0,2,kishan2112004
6037,16662015,"ryan panda","2026-09-23 20:03:28",601.9,2,hollowpurple
6038,16851573,NaNomin,"2026-09-08 01:55:42",601.8,1,nanomin
6039,16760439,XLX,"2026-09-06 03:20:58",601.7,2,lonelygleaner
6040,16891689,"Jiawei Xi","2026-09-14 19:46:39",601.5,2,jiaweixi56
6041,16665476,"Zhanghao Chen69","2026-08-19 12:42:33",601.4,2,zhanghaochen69
6042,16659294,"Muhammad Rafzan","2026-09-05 18:30:44",601.2,2,revianalfariz
6043,16725913,StarStone_233,"2026-08-16 07:22:12",601.1,2,starstone233
6044,16667630,Sparsh389,"2026-08-06 15:46:09",600.9,2,sparsh389
6045,16665042,Neo_0x3f,"2026-08-10 21:36:56",600.8,2,neo0x3f
6046,16664884,Abhijeetgg,"2026-08-12 08:53:50",600.6,2,abhijeetgg
6047,16679887,ScriptRed,"2026-08-09 00:36:30",600.5,2,scriptred
6048,16797395,"LCNN JJ","2026-09-17 16:38:59",600.0,2,supremebeast08
6049,16622937,"Sheep 🐑","2026-09-24 16:05:38",600.0,2,kabilrh
6050,16824931,Magniverko,"2026-09-24 16:06:51",600.0,2,huangyingkun
6051,16940857,"Melon Man","2026-09-24 16:06:30",600.0,2,alvinandrada
6052,16657032,"Ayaan Ghosh","2026-09-24 16:08:50",600.0,2,ayan9001
6053,16674106,Nanga_rendu_peru,"2026-09-24 16:10:18",600.0,2,"dineshak07,jaikrishna007"
6054,16846149,"Arnav Salkade","2026-09-07 15:00:23",599.9,2,arnavsalkade
6055,16854582,BlackWizard00,"2026-09-08 15:32:36",599.9,2,blackwizard00
6056,16664003,"Nakul Rajpal","2026-08-05 06:29:24",599.7,2,nakulrajpal
6057,16665990,daffaharil,"2026-08-11 07:56:55",599.6,2,"daffaharil,farhansiddiq"
6058,16638031,vlad101,"2026-08-21 15:10:27",599.4,2,vlad101
6059,16904550,ukiyois,"2026-09-16 19:54:20",599.2,1,ukiyois
6060,16651593,"huanxian chen","2026-08-11 11:13:05",599.0,2,huanxiachen
6061,16657654,TemperaryT,"2026-09-20 00:21:54",598.8,2,temperaryt
6062,16796625,Nepsirhc,"2026-09-12 11:15:35",598.8,2,nepsirhc
6063,16755548,"Manuel Ramos","2026-08-27 19:06:26",598.2,2,aizpask13
6064,16764149,"Manish Rai","2026-09-23 20:46:45",598.1,2,magiuscain
6065,16888900,"Koh Endru","2026-09-19 12:08:24",598.1,2,kohendru
6066,16692857,AbeLincoln1865,"2026-08-11 00:10:16",598.0,2,abelincoln1865
6067,16653534,"Mohamed Amine Ettaki","2026-09-14 20:52:45",598.0,2,amine159
6068,16665517,"RUEI-HSIANG. CHANG","2026-08-17 15:23:55",597.9,2,rueihsiangchang
6069,16645297,Mark_RowSet,"2026-08-09 05:25:39",597.9,2,markrowset
6070,16796445,"Md Aminul Islam","2026-09-23 23:47:12",597.7,2,aminulabir
6071,16675780,susutem,"2026-09-24 12:14:06",597.5,2,susutem
6072,16793489,hendracos,"2026-09-02 03:10:03",597.3,2,hendracos
6073,16677701,"Coşkun Bağrıaçık","2026-08-10 00:02:25",597.2,2,cbagriacik
6074,16724202,"Sooriya Senthilkumar","2026-08-23 05:25:47",597.1,2,sooriyasenthilkumar
6075,16714208,TirumalaMarri,"2026-08-29 00:04:15",596.9,2,mtreddy
6076,16786043,Palimpsesto,"2026-09-08 23:44:50",596.9,2,denzelfuentes
6077,16728799,JulianHahn28,"2026-08-17 21:26:57",596.8,2,julianhahn28
6078,16632426,Santhana,"2026-09-24 15:26:18",596.7,2,santhanalekshmic
6079,16755111,ingemarieke,"2026-08-21 15:04:53",596.6,1,ingemarieke
6080,16695633,"Kiran Kumar","2026-09-12 16:57:52",596.5,2,iamrkk
6081,16928702,UnkaiNene,"2026-09-24 14:32:06",596.1,2,unkainene
6082,16733763,Gaurav,"2026-09-04 00:54:37",596.1,2,gauravahlawat
6083,16769767,bruhbruh,"2026-08-28 08:51:26",596.1,2,nguyendinhbach69
6084,16884815,"Idrees Asghar","2026-09-24 03:11:01",596.1,2,adiladil1275
6085,16880672,"Bennett Hellman","2026-09-18 12:59:02",596.0,2,bennetthellman
6086,16706456,"Michael van Mill","2026-08-12 09:58:40",595.8,2,michaelvanmill
6087,16752324,"yunchuan liu","2026-09-06 22:21:06",595.6,2,hoteye
6088,16663884,DevilQ,"2026-08-23 22:08:52",595.5,2,"parhamesm,samuelescarfone12"
6089,16655595,ashsah,"2026-08-31 08:37:35",595.4,2,ashsah
6090,16680342,Game_khó_vkl,"2026-08-13 19:28:01",595.0,2,maruusha
6091,16706192,rustlers42,"2026-09-02 15:24:05",594.8,2,"lkshrsch,powerofcreation"
6092,16672493,ChloeeeeY,"2026-08-23 06:17:03",594.5,2,chloeeeey
6093,16702270,"Jonas Jaku","2026-09-09 06:37:15",594.5,2,jonasjaku
6094,16675888,"Rob Gonzalez","2026-08-08 14:58:43",594.5,2,robg475
6095,16825767,f7e6n5g4,"2026-09-20 04:45:17",594.5,2,f7e6n5g4
6096,16746151,"Nicolas Gomasjaya","2026-08-26 16:57:08",594.4,2,nicolasgomasjaya
6097,16660345,"Aadhithya Ramesh","2026-08-06 08:49:10",594.3,2,aadhithyaramesh
6098,16885421,"Lee Minseung","2026-09-23 09:37:03",594.3,2,leeminseung
6099,16777228,"Zach Locke","2026-09-18 10:25:06",594.2,2,zachlocke
6100,16768466,BenJung,"2026-09-16 09:44:23",593.9,2,"benjung2512,hyeonglvl,hyeonho028,limjoonsoo"
6101,16654456,"Tristan Peng","2026-08-09 17:00:48",593.9,2,tristanpeng
6102,16777740,hoangnnh67,"2026-08-28 22:12:22",593.7,2,hoangnnh67
6103,16656013,Asuran,"2026-09-04 04:43:56",593.7,2,zkasuran
6104,16663998,"Harith Al-Ani","2026-08-24 00:09:54",593.5,2,abo3losh
6105,16668819,"ahmedou sidi med","2026-08-19 00:05:55",593.5,2,ahmedousidimed
6106,16655140,Efthimios,"2026-09-04 08:28:52",593.4,2,efthimiosfousekis
6107,16654746,"Michael Mullen","2026-08-06 11:08:31",593.4,2,mmullen200
6108,16687925,BillDoser,"2026-09-11 21:54:35",593.3,2,billdoser
6109,16673151,skyblue01,"2026-08-27 07:56:10",593.2,2,skyblue01
6110,16679018,"Kushpreet Singh","2026-09-03 23:23:41",593.0,2,kush639
6111,16855755,"Jack Yap","2026-09-10 19:43:36",592.8,2,jackyap
6112,16629844,IsaacJinyu,"2026-08-01 15:39:55",592.7,2,isaacjinyu
6113,16677597,InformaBook2,"2026-09-10 05:38:23",592.6,2,informabook2
6114,16774890,SkoopSkoop,"2026-08-31 16:08:04",592.4,2,skoopskoop
6115,16826098,Nomushin,"2026-09-11 13:22:26",592.3,2,nomushin
6116,16854535,Dragon,"2026-09-09 16:48:11",592.2,2,dragon116rus
6117,16723729,"Lucas Cimiano","2026-08-29 17:21:55",592.1,2,lucascimiano
6118,16714100,SuperMercat,"2026-09-09 15:13:08",592.1,2,supermercat
6119,16848416,"Mayank Bhatia","2026-09-07 15:09:19",592.0,2,mikemayankb
6120,16791960,Boladi,"2026-09-10 00:53:38",591.9,2,boladi
6121,16745972,yamy893,"2026-08-22 02:14:20",591.8,2,yamy893
6122,16881624,RetrainMap,"2026-09-12 20:08:45",591.8,2,retrainmap
6123,16763113,sowhatwillwelearn,"2026-09-01 11:03:47",591.7,2,sowhatwillwelearn
6124,16664790,"soumic 1088","2026-08-19 08:34:34",591.7,2,soumic1088
6125,16700546,"Nightshade Family","2026-09-07 13:24:48",591.7,2,"gihanchamod17,vishmithasamarakoon"
6126,16725871,"Patrice Santiago","2026-09-03 22:19:56",591.7,2,patricesantiago
6127,16789898,"Trung Phạm Đức","2026-09-23 03:12:41",591.3,2,arscil
6128,16793189,"Akash Mohan Chaudhary","2026-09-01 18:29:57",591.1,2,akashmohanchaudhary
6129,16833040,"Vadim Demchuk","2026-09-05 06:07:54",591.1,2,vadimdemchuk
6130,16657172,Honkazu,"2026-08-28 16:55:46",591.1,2,janposlusny
6131,16771001,"0x1369 T-Farm","2026-08-31 04:38:04",590.9,2,xcryst
6132,16661650,"Docker container","2026-08-15 18:52:39",590.9,2,yossefaymanzedan
6133,16661898,Farfadet,"2026-08-12 06:04:18",590.7,2,farfadet
6134,16622993,"Yaroslav Tanko","2026-08-18 04:34:12",590.6,2,yaroslavtanko
6135,16639679,"Felix Allistar","2026-09-23 09:14:32",590.6,2,felixallistar
6136,16663210,"Marco Nasuelli","2026-09-13 15:58:07",590.3,2,marconasuelli
6137,16730028,"Ken Qian","2026-08-17 03:10:15",590.3,2,kenqian
6138,16786437,"Kiran Narayana K","2026-08-30 06:45:20",590.1,2,kirannarayanak
6139,16793892,cjc0013,"2026-08-31 18:27:50",590.1,2,cjc0013
6140,16748979,"Venkata Madhu Sai D ","2026-08-21 19:49:08",590.0,1,venkatamadhusaid
6141,16639970,Gowtham2962s,"2026-09-20 17:35:06",590.0,2,gowtham2962s
6142,16947217,"Chikkam Sandeep Munna","2026-09-23 15:15:11",589.9,2,chikkamsandeepmunna
6143,16677105,"Chaitanya Yadav","2026-08-16 10:36:07",589.7,2,xhaitanya
6144,16734595,"Abhimanyu Singh","2026-08-20 12:52:38",589.6,2,abhimanyusingh170702
6145,16854414,handsomeHBS,"2026-09-20 04:23:54",589.6,2,handsomehbs
6146,16671421,"Gryffin Wang","2026-08-08 23:08:40",589.4,2,gryffindoraf
6147,16925954,"Ibrahim Emir Tosun","2026-09-20 10:48:22",589.3,2,tosunn
6148,16750864,Ymori,"2026-09-24 14:59:09",589.2,2,yasunorim
6149,16756677,"Pyzh Vladislav","2026-08-24 10:19:44",589.2,2,pyzhvladislav
6150,16718838,"josh mathers","2026-08-14 09:26:33",589.1,2,joshmathers
6151,16702411,"Aryuemaan Chowdhury","2026-08-21 07:05:31",588.9,1,aryuemaanchowdhury
6152,16633466,"Aarush pandey","2026-08-25 19:17:14",588.9,2,aarushpandey
6153,16716941,林木子吖,"2026-08-24 09:28:59",588.6,2,linmuzi0108
6154,16759265,AI老爸,"2026-09-06 15:42:27",588.5,2,tsengchienchih
6155,16659828,"Lebansty Valan","2026-08-21 14:14:56",588.5,2,lebanstyvalan
6156,16739167,Yeyuqing0913,"2026-09-07 00:36:15",588.4,2,yeyuqing0913
6157,16675708,"Mahder Tesfaye Abebe","2026-08-08 08:46:36",588.4,2,mahdertesfayeabebe
6158,16656460,dlutwzh,"2026-08-08 06:48:33",588.0,2,dlutwzh
6159,16712410,aysfshn,"2026-09-09 15:09:08",587.9,2,aysfshn
6160,16767934,"taha berk","2026-08-26 15:21:51",587.9,2,tahaberkterekli
6161,16792329,"Kumkum Barot","2026-09-18 17:33:13",587.6,2,kumkumbarot02062003
6162,16724355,hansama.qht,"2026-09-19 15:23:36",587.5,2,hansamaqht
6163,16810497,Garuda,"2026-09-07 06:32:01",587.5,2,santhoshreddypasnoor
6164,16937197,men-of-culture,"2026-09-24 06:52:33",586.9,2,leejianrong
6165,16671940,LJazya,"2026-09-05 02:54:37",586.9,2,jihanelek
6166,16666084,"Andaç Demirdelen","2026-08-09 19:18:08",586.8,2,andacdemirdelen
6167,16767632,"robin baldeo","2026-09-19 14:06:23",586.7,2,robinbaldeo
6168,16749236,"Michael Müller","2026-09-07 15:57:15",586.2,2,michaelmller
6169,16697941,"Raphael Coelho","2026-08-16 15:24:28",586.1,2,raphaelrrcoelho
6170,16941519,Dr.Hazbulla,"2026-09-24 14:05:45",586.0,2,drhazbulla
6171,16683383,Boardgamers,"2026-09-24 15:20:43",585.8,2,"cgchirag,hitishagoyal,nandneepriya,navneetprabhat"
6172,16632994,primal,"2026-08-12 16:02:29",585.7,2,primalhost
6173,16750447,Morpheus0303003,"2026-08-24 16:58:42",585.6,2,morpheus0303003
6174,16716365,Murphy,"2026-08-21 14:00:29",585.3,2,taeyounglimdt
6175,16662421,"Aparna Mantha","2026-08-06 17:23:34",585.2,2,aparnam91
6176,16664709,kai,"2026-08-18 23:29:11",585.2,2,sungwo101
6177,16730231,chandler14362,"2026-08-29 03:04:49",585.1,2,chandler14362
6178,16862124,"Lei Yang23","2026-09-16 18:09:55",584.7,2,leiyang23
6179,16675457,"Ramana Prabhu Sana","2026-09-21 11:05:54",584.5,2,ramanaprabhusana
6180,16882160,"John Doe #2","2026-09-12 18:04:56",584.5,1,realgrape
6181,16699689,"David Sedláček","2026-08-10 08:38:38",584.3,2,sibicek
6182,16722502,Abyss,"2026-08-27 11:26:49",584.3,2,sahiltks
6183,16823204,"Adilson Eduardo Tostes Carmo","2026-09-23 02:31:47",584.1,2,eduardotostess
6184,16775770,"Ashish Kumar","2026-08-27 17:18:58",584.0,1,whoashish115
6185,16693233,"Noah Wheeler","2026-09-22 23:13:00",584.0,2,nwheeler806
6186,16675832,"Dean Shalev","2026-08-09 04:12:47",583.9,2,deanshalev
6187,16743382,"Pavan Rangisetti","2026-09-15 03:42:00",583.8,2,pavanrangisetti
6188,16892971,BeachedRobot,"2026-09-23 03:19:57",583.7,2,beachedrobot
6189,16666099,"Marcben James Samuel","2026-09-17 05:52:20",583.7,2,marcbenjamessamuel
6190,16666188,"XueFeng Chen","2026-09-18 00:46:41",583.5,2,chxfmcs
6191,16686222,"Nika Chaduneli","2026-08-10 01:21:09",583.4,2,nikachaduneli
6192,16663909,HDPark,"2026-08-17 04:48:41",583.4,2,hdpark
6193,16657332,"Amit Malakar","2026-09-22 16:43:55",583.4,2,amitmalakarjoy
6194,16665932,"Fabian Birringer","2026-08-21 18:31:41",583.3,2,fabianbirringer
6195,16662094,"moncef elm","2026-09-23 09:09:03",583.2,2,moncefelm
6196,16719696,"Spencer Farrand","2026-08-17 18:40:28",583.2,2,spencerfarrand
6197,16756564,"Nicolas Defossé","2026-08-25 21:10:58",583.1,2,nicolasdefoss
6198,16661529,"AL Najafi","2026-08-08 03:39:39",583.0,2,alnajafi
6199,16623644,Accer_sz,"2026-08-02 00:27:32",582.8,2,accersz
6200,16735476,"Matthew Liew","2026-08-18 08:02:11",582.7,2,matthewliew
6201,16630438,"Aayush Bansal","2026-09-21 14:15:13",582.7,2,aayushbansal0330
6202,16660005,DreamX5678,"2026-08-06 07:55:06",582.7,2,dreamx5678
6203,16671438,"Aot Chanthorn","2026-08-15 16:16:25",582.5,2,aotchanthorn
6204,16652635,panacea9320,"2026-08-05 10:45:06",582.5,2,panacea9320
6205,16732307,"Shobha Vashishtha","2026-08-17 12:32:07",582.4,1,shobhavashishtha
6206,16747390,SawadaTsurumai,"2026-08-24 09:48:07",582.3,2,sawadatsurumai
6207,16808242,keowpwpwkeo,"2026-09-07 18:23:50",582.3,2,keowpwpwkeo
6208,16655527,"Saurabh Kumar","2026-08-06 08:14:52",582.2,2,sk25oct
6209,16658019,ไอติวบ้านปังมาเอาแช้มมมม,"2026-08-08 18:43:05",582.2,2,tewnabhat
6210,16926090,"Amr Fadhilah Abiyyu Alif Basysyar","2026-09-21 00:35:25",582.1,2,amrfadhilah
6211,16699091,Umkaaa,"2026-09-15 14:04:55",582.0,2,umkaaa
6212,16655449,tcvieira,"2026-08-06 18:20:34",581.9,2,tcvieira
6213,16703310,"israel ntumba","2026-09-14 17:42:47",581.8,2,israelntumba
6214,16732529,"lixinglong ye","2026-09-09 07:46:16",581.6,2,lixinglongye
6215,16657290,lol-hiker,"2026-09-08 07:32:03",581.5,2,lolhiker
6216,16727241,Yogesh2850,"2026-08-17 09:55:08",581.5,2,yogesh2850
6217,16661210,vizyourdata,"2026-08-07 11:05:08",581.5,2,vizyourdata
6218,16655039,"Andrew Yip","2026-08-06 20:14:49",581.2,2,yipcma
6219,16735408,"Evan S","2026-08-18 20:06:05",581.2,2,evansc123
6220,16937883,Philip,"2026-09-21 21:27:47",581.1,2,timmi22194
6221,16745109,deflexor,"2026-08-27 21:35:07",580.9,2,deflexor050
6222,16655663,"Farmland Destroyer","2026-08-19 13:43:22",580.9,2,minghaopang
6223,16707037,"Cedoque BAGBONON","2026-09-20 10:27:32",580.9,2,cedbag
6224,16655521,"Hemadri Rajyaguru","2026-08-04 02:12:55",580.8,2,hemadrirajyaguru
6225,16731260,"Jeel Gajera","2026-08-18 07:44:44",580.8,2,jeelog
6226,16732048,jiangletian,"2026-09-23 08:26:10",580.6,2,jiangletian
6227,16654640,"Halil Akbas","2026-08-28 00:32:12",580.4,2,halilbrahimakbas
6228,16657798,"Ian Kim","2026-08-06 05:07:10",580.3,2,ianpkim
6229,16674841,"Syna Bedi","2026-08-15 09:57:28",580.3,2,synabedi
6230,16667514,"Kakarott 10","2026-08-06 09:05:43",580.3,2,kakarott10
6231,16774524,ShinYingChua,"2026-09-13 15:35:15",579.8,2,shinyingchua
6232,16755344,"Alizen James","2026-08-23 18:34:30",579.7,2,alizenjames
6233,16767932,"Mark #3","2026-09-24 12:07:36",579.6,2,markdjadchenko
6234,16689033,arman1o1,"2026-09-01 05:01:27",579.6,2,arman1o1
6235,16757280,"manos papagiannidis","2026-09-09 08:30:46",579.5,2,manospapagiannidis
6236,16823681,Yielder,"2026-09-10 16:59:40",579.4,2,georgepapasideris
6237,16697261,nbauerle,"2026-08-14 15:10:38",579.3,2,nbauerle
6238,16661318,"Zeel Kadvani","2026-08-25 11:17:53",579.1,2,zeelkadvani
6239,16689398,Reesh,"2026-08-11 08:55:10",579.0,2,rishileung
6240,16781377,AgriMind,"2026-09-20 23:27:15",579.0,2,slimaneguermat
6241,16731447,"Rúben Martins","2026-08-19 20:55:42",579.0,2,rubenmartins10
6242,16668211,"Alejandro Hernández Mairal","2026-09-03 13:28:29",578.9,2,alherma7
6243,16864562,otaniyu,"2026-09-15 00:53:18",578.9,2,otaniyu
6244,16662066,"Yug Savalia","2026-09-23 20:17:12",578.8,2,"priyankagarg19,yugsavalia"
6245,16660319,fahimMK,"2026-09-19 16:43:05",578.7,2,fahimmk
6246,16664041,"an Expired Engineer","2026-08-17 12:02:21",578.5,2,sanggusti
6247,16752362,"Shashank Jangid (G25AIT2100)","2026-09-24 03:32:13",578.5,2,shashankjangid
6248,16687714,nabilux,"2026-08-09 13:27:11",578.3,2,eminesnabil
6249,16668648,"Mason R. Brito","2026-09-10 16:58:25",578.3,2,masonrbrito
6250,16663708,"Imran Ahamed","2026-09-23 19:36:27",578.3,2,immu4989
6251,16670356,"Dziriyin wa9il","2026-08-25 19:56:56",578.2,2,"akumanomu,alioualaeddine"
6252,16664267,"Alan T. Andrea","2026-08-09 03:22:40",578.1,2,alantandrea
6253,16809158,"Kaito Sada","2026-09-08 05:17:26",578.1,2,kaitosada
6254,16731616,"Mohamed Aashik 24","2026-09-14 19:24:28",577.9,2,mohamedaashik24
6255,16665471,"Dennis Navamani","2026-08-25 11:10:08",577.9,2,dennisnavamani
6256,16713249,"vedant patnala","2026-08-27 22:38:03",577.8,2,vedantpatnala
6257,16677366,Gmmastermind,"2026-08-07 01:19:13",577.8,2,gmmastermind
6258,16699140,St.Valentine,"2026-08-18 09:49:04",577.7,2,stvalentin3
6259,16733046,Afordancja,"2026-08-24 18:22:42",577.6,2,afordancja
6260,16658937,SebastianQbiak,"2026-08-05 06:20:18",577.6,2,sebastianqbiak
6261,16700885,"Malala Ramaha","2026-09-19 17:11:00",577.1,2,malalaramaha
6262,16825667,"Lê Minh Dương","2026-09-08 05:45:07",577.0,2,minhduonq
6263,16755529,"Rafea Almejrab2025","2026-08-29 16:06:34",576.8,2,rafeaalmejrab2025
6264,16795256,"N Nelson","2026-09-05 14:29:25",576.7,2,napoliyannelson
6265,16759623,"zhenglu wen","2026-08-26 06:24:09",576.6,2,zhengluwen
6266,16671646,Luche,"2026-08-08 04:23:32",576.6,2,henrylucky
6267,16711868,"Mark Cooper","2026-08-16 13:09:02",576.5,2,markjcooper
6268,16809800,XYZ-Siddhartha,"2026-09-19 15:57:03",576.2,2,siddharthaganguly26
6269,16935929,"Bhavesh Kolhe","2026-09-23 08:47:28",576.2,2,bhaveshkolhe
6270,16897403,"Abel Markose","2026-09-18 03:08:38",576.1,2,"abelmarkose,sreehari3301"
6271,16664415,"Imerson Krysthio","2026-08-12 05:37:03",575.9,2,imersonk
6272,16677178,"YOUSSEF FAID","2026-08-11 21:10:38",575.8,2,yousseffaid
6273,16845009,"Nyasha Gandah","2026-09-15 06:20:21",575.7,2,nyashagandah
6274,16668439,Lugas024,"2026-08-08 05:33:51",575.4,2,lugas024
6275,16732504,"porsche zheng","2026-08-18 08:19:41",575.3,2,porschezheng
6276,16763088,mason.jr,"2026-08-25 04:29:36",575.0,2,haophanzx
6277,16670070,"Kirill Molostov","2026-08-31 12:18:26",574.9,2,kirillmolostov
6278,16744133,"levr hang","2026-09-08 16:39:27",574.7,1,levrhang
6279,16681149,Lee14k,"2026-08-19 17:00:35",574.7,2,lee14k
6280,16688175,aarav221w,"2026-08-25 23:40:16",574.6,2,aarav221w
6281,16694134,"Sophia Leng","2026-08-24 20:04:10",574.5,1,sophialeng9
6282,16654099,"Bhupin Thapa magar","2026-08-10 09:22:06",574.4,2,vupeenthapamagar
6283,16665894,"Pedro Wu","2026-09-03 03:40:31",574.3,2,pedropei
6284,16691518,"Sander Ee","2026-08-09 12:03:09",574.3,2,sanderee
6285,16715473,cmrfrd,"2026-08-14 04:58:15",574.2,2,thecmrfrd
6286,16735624,"Marc Rippee","2026-08-24 05:03:34",574.2,2,marcrippee
6287,16632510,shi_koyo,"2026-08-04 08:58:56",574.1,2,shikoyo
6288,16655578,"Ahmed Merie","2026-08-13 00:11:40",574.0,2,aa7767
6289,16709318,"Jana Hagen","2026-08-26 18:00:16",573.9,2,janahagen
6290,16731009,"Joseph Paris","2026-08-24 05:32:21",573.7,2,josephkparis
6291,16654454,"Haoxiang Li","2026-09-06 09:24:47",573.7,2,haoxiangli789
6292,16696895,BrokeFarm,"2026-09-16 20:46:27",573.5,1,brucec
6293,16948745,"Nero Nrx","2026-09-24 12:37:58",573.4,2,neronrx
6294,16786140,valgrinderror,"2026-09-18 19:36:35",573.3,2,valgrinderror
6295,16671680,"Joe Hall","2026-08-10 19:02:30",573.3,2,halljr
6296,16708824,"Tanaka Chiromo","2026-08-20 11:12:22",573.2,2,tanakachiromo
6297,16799391,"Mehdi El M.","2026-09-07 14:08:22",573.2,2,mehdielm
6298,16655027,"Artem Zenkevich","2026-08-16 13:09:58",573.0,2,artemzen
6299,16843436,ktaery,"2026-09-20 15:56:31",573.0,2,ktaery
6300,16640888,"Dhe Yeong","2026-09-23 02:46:03",572.9,2,dheyeong
6301,16634204,"m-toshi desu","2026-08-01 06:20:37",572.9,2,mtoshidesu
6302,16658686,"Alpesh Kumar","2026-08-08 06:12:31",572.8,2,alpeshkumar
6303,16690869,"Yudai Hayashi","2026-08-23 09:14:30",572.8,2,yuhaya9
6304,16664313,CompilingCoder,"2026-08-06 09:38:17",572.8,2,compilingcoder
6305,16692896,"Guy Lev","2026-08-20 19:18:52",572.8,2,sarthobi
6306,16745571,"Yifan Xie","2026-09-03 13:55:15",572.5,2,yifanxie
6307,16760604,"Thananut Phiboonbanakit","2026-08-25 14:04:44",572.5,2,tphiboonbanakit
6308,16684886,HTHub,"2026-08-08 00:12:47",572.5,2,adegokesaidi
6309,16696916,Sundar,"2026-08-11 13:04:59",572.4,2,vsundar17697
6310,16663656,"Andrii Kavetskyi","2026-08-20 21:48:20",572.4,2,andriykavetsky
6311,16742149,"Ankith Savio","2026-09-23 15:36:17",571.9,2,weedoo
6312,16689391,"Tejas Rajput","2026-08-08 17:21:18",571.9,2,tejasrajput123
6313,16717614,Dhanyashree1028,"2026-08-16 15:00:37",571.7,2,dhanyashree1028
6314,16697681,"Mahfujur Rahman Rakib","2026-08-10 05:14:21",571.6,2,mahfujurrahmanrakib
6315,16841559,dal7,"2026-09-09 04:32:12",571.5,2,purelyconceptual
6316,16621811,"Shaun Andrade","2026-08-01 00:44:42",571.5,2,shaunandrade
6317,16683282,ayushk_empire,"2026-08-14 11:50:15",571.4,2,ayushkempire
6318,16654328,"QQ Farm","2026-08-28 12:59:12",571.2,2,"huiiyu,titirmt"
6319,16844527,"Suyog Gund","2026-09-12 18:30:05",571.2,2,suyoggund
6320,16717671,Jeremy,"2026-09-22 22:01:27",571.1,2,lukeenness
6321,16796810,JosephErikRibeiro,"2026-09-21 21:23:50",571.0,2,josepherikribeiro
6322,16837934,"Osman ILICA","2026-09-09 02:30:19",570.8,2,osmanilica
6323,16655272,"Artur Sakhiullin","2026-08-09 14:27:52",570.8,2,artursakhiullin
6324,16777056,"Seb boulba","2026-08-27 21:03:26",570.7,2,sebboulba
6325,16659367,"Tayyab Aamir","2026-08-06 10:59:49",570.7,2,duketi
6326,16847801,"Joachim Oliver Mampouya","2026-09-08 14:54:14",570.6,2,olivermam
6327,16806165,"Kaige Wei","2026-09-21 03:07:06",570.6,2,kaigewei0403
6328,16651661,"Quyền Thịnh","2026-08-07 06:27:45",570.4,2,quynthnh
6329,16701034,notnorm,"2026-08-11 10:31:23",570.2,1,notnorm
6330,16927697,Mikiyaas,"2026-09-22 20:33:34",570.1,2,mikiyaas
6331,16682915,"igeo kK","2026-09-12 23:10:17",570.1,2,igeokk
6332,16691938,"PRASHANT SUTHAR11","2026-09-18 13:14:10",570.1,2,prashantsuthar11
6333,16926169,LeoBode,"2026-09-23 14:47:18",570.0,2,lebo124
6334,16947326,"Sachin Sachdeva","2026-09-23 12:55:56",569.8,2,sachinsachdeva
6335,16669393,"ÖMER FARUK YILMAZ","2026-08-07 19:54:59",569.8,2,ofyzero
6336,16660090,"Kaggriculture @ Farmageddon","2026-09-21 02:23:55",569.8,2,gary08phillios
6337,16888433,SINKO1,"2026-09-23 18:33:10",569.6,2,sinko1
6338,16947797,"Chris Croft","2026-09-24 15:00:42",569.6,2,chriscroft
6339,16687390,"Mark Calvert","2026-08-08 09:51:55",569.4,2,markycalvert
6340,16717952,Aydar,"2026-08-29 21:28:35",569.4,2,aydara
6341,16749104,danielx119,"2026-08-20 16:36:00",569.3,2,danielx119
6342,16697526,"Jurgen Sinjari","2026-08-10 21:21:26",569.3,2,jurgensinjari
6343,16659598,kudston,"2026-09-15 18:38:11",569.3,2,kudston
6344,16670313,HamzZZzzZZa,"2026-08-06 22:01:28",569.2,2,memesalot
6345,16663766,"Anup Gautam","2026-08-08 01:29:10",569.1,2,anupanda
6346,16730236,加麻不加辣,"2026-09-17 13:03:48",568.9,2,"shiyuanhe123,zihaokang"
6347,16731173,AynRmio,"2026-09-17 08:48:38",568.8,2,aynrmio
6348,16665133,"Abhishek Dubey","2026-08-10 13:28:57",568.4,2,abhishekdubey911
6349,16659951,"CHRISTOPHER CRILLY","2026-09-11 12:23:20",568.3,2,christophercrilly
6350,16892496,"Alif Mahmud 1993","2026-09-15 16:35:27",568.2,2,alifmahmud1993
6351,16791701,"Tired Dad Data","2026-09-12 21:37:23",568.1,2,alexmaggard
6352,16682876,"Kartik Garg","2026-08-09 05:21:34",568.0,2,kartikgarg97
6353,16666648,"Sriram Reddy19","2026-08-06 08:40:07",567.8,2,sriramreddy19
6354,16706455,"John Andrei Martinez","2026-08-18 18:55:04",567.7,2,johnandreimartinez
6355,16670698,"Tamerlan Dadashov","2026-08-09 10:36:12",567.6,2,tamerlandadashov
6356,16694064,RRK0123,"2026-08-17 05:30:52",567.4,2,rrk0123
6357,16659663,Chintakrinda_Naveen,"2026-09-22 04:04:37",567.2,2,naveen998
6358,16657104,"Bashar Gamal","2026-09-15 05:51:30",567.2,2,bashargamal
6359,16665154,"Omkar Pawar","2026-08-23 12:22:56",567.1,2,omkarrr7
6360,16674950,Davide,"2026-09-03 09:22:38",567.0,2,quanttony
6361,16720788,Anson,"2026-09-05 19:45:48",567.0,2,anson0496
6362,16789550,foundtion,"2026-08-30 13:19:22",566.9,2,foundtion
6363,16797356,"Thalía Cantero","2026-09-15 15:41:27",566.9,2,thalicantero
6364,16851330,umar,"2026-09-16 03:04:16",566.5,2,umar4md
6365,16943628,"Michael Liu","2026-09-23 04:19:13",566.4,2,mliu1204
6366,16625047,BOBQWERA,"2026-08-02 06:34:18",566.3,2,bobqwera
6367,16853993,"Christie Lam","2026-09-16 03:13:27",566.3,2,christielam
6368,16783367,hezhiqian,"2026-09-17 00:06:34",566.0,2,hezhiqian
6369,16730461,"Mubin Shaikh","2026-08-19 06:09:17",565.9,2,shaikhmubin
6370,16633379,"Artem Prokhorov","2026-07-31 20:53:32",565.8,1,catfield123
6371,16700785,"VIVEK JAMI","2026-08-19 13:57:57",565.8,2,vivekjami
6372,16732003,"HAO jia liu","2026-08-18 09:58:05",565.8,2,haojialiu
6373,16886077,"Rajan Aggarwal","2026-09-17 15:19:02",565.7,2,rajanaggarwal11
6374,16692995,RafaMartinaitis,"2026-08-22 11:50:10",565.7,2,rafaelmartinaitis
6375,16702993,PLM,"2026-08-30 13:58:34",565.6,2,"ileabogdan,popu23,razvaniga,rvaurs"
6376,16692680,"Marc-Luca ","2026-08-11 12:02:15",565.5,2,marcluca
6377,16732725,MackTen,"2026-08-19 08:14:01",565.4,2,mackten
6378,16866643,"Yan Slabodich","2026-09-15 08:02:34",565.3,2,yanskij
6379,16712870,"Jose Gibson","2026-08-13 20:09:11",565.1,2,josegibson
6380,16706413,"Song Research","2026-08-18 00:39:36",565.0,2,sangbong91
6381,16762994,AdvancedRising,"2026-09-13 14:54:28",564.9,2,advancedrising
6382,16770891,"Oleg Shatov","2026-09-05 16:34:56",564.9,2,bishkek
6383,16930394,"civil 11","2026-09-24 12:10:52",564.9,2,civil11
6384,16851079,"Nathaniel Marshall","2026-09-08 02:04:22",564.7,2,nm4rshall
6385,16844385,"Michael Leo Tan","2026-09-08 02:56:03",564.7,2,michaelleotan
6386,16650930,"Govind Sharma","2026-08-24 09:25:23",564.3,2,govindsarswat
6387,16728743,Miki_Nuummiu,"2026-09-16 20:54:12",564.2,2,mikinuummiu
6388,16805275,"Women or something","2026-09-21 22:01:32",564.0,2,"appalachianmounta1n,reneeschmidt"
6389,16662293,"Alejandro Fonda","2026-09-24 15:38:56",564.0,2,alejandrofonda
6390,16664134,"Pelayo Fernández","2026-08-07 10:36:48",563.9,2,pelayofdez
6391,16734822,Zcy,"2026-09-20 12:04:41",563.9,2,laura831
6392,16707078,"Loïc & Zach","2026-08-24 20:25:24",563.3,2,"locmmeteau,zachariedubus"
6393,16665692,Straw_hats,"2026-09-01 07:40:19",563.3,2,"charanno,tvigneshreddy"
6394,16779539,"Dmitri Bugakov","2026-08-27 16:34:42",563.3,2,dmitrybugakov
6395,16744752,"Dean Johnson","2026-08-27 10:26:20",563.3,2,deanjohnson202
6396,16811935,"Bhargavaram Gajula","2026-09-05 18:08:56",563.2,2,bhargavaramgajula007
6397,16689919,"Koren Ben Ezra","2026-08-08 17:49:55",563.2,2,korenbenezra
6398,16911383,PurpleNightmare,"2026-09-21 19:49:11",563.1,2,purplenightmare
6399,16671942,"JIVRAJ SINGH","2026-09-05 02:33:23",563.0,2,jivrajsingh
6400,16639867,vibecoder,"2026-08-08 05:34:55",562.9,2,kunal808
6401,16671237,"Jose Alejandro Rivera Jaramillo","2026-08-07 18:13:13",562.8,2,alejandroriveraj
6402,16711567,"Finn Brooks","2026-08-15 04:40:11",562.7,2,finnbr
6403,16796509,"Taha Alselwi","2026-09-24 15:20:15",562.6,2,tahaalselwii
6404,16937434,iit24m1520,"2026-09-23 06:17:13",562.5,2,iit24m1520
6405,16786297,isxinhe,"2026-09-19 16:25:26",562.4,2,isxinhe
6406,16673359,hasshi7965,"2026-09-23 04:34:47",562.3,2,hasshi7965
6407,16861544,"Hiroyuki Fujimaki","2026-09-24 10:30:26",562.3,2,hiroyukifujimaki
6408,16671256,"Navid Zaman","2026-09-08 13:58:31",562.1,2,navidzaman01
6409,16623213,zulfikar.khalwaniev,"2026-08-23 09:08:56",562.1,1,khalwaniev
6410,16686613,Zubatch,"2026-08-15 20:11:39",561.7,2,zubatch
6411,16659341,Aryan88097,"2026-08-05 17:26:57",561.7,2,aryan88097
6412,16713366,BANKAI,"2026-09-21 18:36:08",561.6,2,igors97
6413,16793802,"Andrew Lam","2026-09-01 09:07:56",561.5,2,andrewlam23
6414,16771283,taroyan-vamos,"2026-09-08 15:31:54",561.5,2,taroyanvamos
6415,16863952,"Kuei-Hsien Chu","2026-09-10 06:14:39",561.4,2,formosa21
6416,16730104,BartHeart,"2026-08-20 18:58:23",561.2,2,bartheart
6417,16621407,Kh0a,"2026-09-15 06:55:26",561.2,2,llkh0a
6418,16659138,allenbcy,"2026-09-10 14:41:18",561.0,2,allenbcy
6419,16639408,Invictus,"2026-08-11 22:44:04",560.9,2,nicho256
6420,16658042,"Giampietro Pregnolato","2026-08-13 09:17:36",560.9,2,giampietropregnolato
6421,16738261,"Samuel Moreira","2026-08-24 14:11:40",560.9,2,samuelmoreira420
6422,16732357,"Thales Augusto Leite de Souza","2026-08-23 23:43:38",560.8,2,thalestals
6423,16743815,"Asanka Pradeep","2026-08-23 14:32:46",560.7,2,asanakapr
6424,16773361,"tom yi","2026-09-24 08:56:59",560.6,1,tomyi1547
6425,16805340,"Md. Rafiul Islam","2026-09-24 10:40:33",560.5,2,rafiulislamrafi
6426,16717245,bernard558,"2026-08-24 22:18:16",560.4,2,bernard558
6427,16630837,"Vishal Sharma","2026-08-05 18:24:44",560.0,2,vishal40182
6428,16635021,RiLi,"2026-09-24 04:21:17",559.9,2,hisatosenda
6429,16839030,minedmap,"2026-09-07 20:19:52",559.9,2,minedmap
6430,16702118,"cemal özdeniz","2026-08-10 20:27:17",559.9,2,cemalzdeniz
6431,16667565,BeeDeeR,"2026-09-23 01:13:42",559.7,2,beedeer
6432,16704569,"Lorenzo Grattarola","2026-08-16 22:24:15",559.7,2,lorenzograttarola
6433,16659418,"Fonge Bertin","2026-08-06 09:26:33",559.4,2,fongebertin
6434,16668817,"Sean ODonnell","2026-08-08 03:27:47",559.4,2,sjean11
6435,16660138,"Sanchit Handa","2026-09-12 18:45:23",559.4,2,"harmanjotsingh8,sanchithanda182006"
6436,16703129,"Pratik Vadher","2026-08-10 21:08:27",559.2,1,pratikvadher
6437,16919088,M.Y.C.E.L.I.S,"2026-09-24 13:18:39",559.1,2,johnmoncel
6438,16681660,"Parham Ghazanfari","2026-08-07 20:18:18",559.1,1,parhamghazanfari
6439,16765031,"Allen JL Li","2026-08-27 06:12:23",559.1,2,allenjlli
6440,16750751,AarizKh,"2026-09-09 16:28:15",558.9,2,aarizkh
6441,16756029,EndCreeper,"2026-09-18 15:46:59",558.7,2,endcreeper
6442,16728220,Naki,"2026-09-08 11:50:44",558.4,2,nanakiohashi
6443,16811259,"Aaryan Agarwal","2026-09-03 20:21:00",558.3,1,aaryanagarwal
6444,16744898,"Tore Erdmann","2026-09-19 16:19:24",558.1,2,toreerdmann
6445,16658009,"Lando Wang","2026-08-05 02:18:17",557.7,2,landowang
6446,16688220,Aadi,"2026-08-24 23:10:37",557.7,2,aadicv
6447,16832891,"Kana Kuroyanagi","2026-09-23 05:10:12",557.7,2,kanakuroyanagi
6448,16640504,"Recep Öztürk","2026-08-26 11:19:31",557.7,2,rcpztrrk1
6449,16654761,"Mohammed Mukthar","2026-08-05 02:06:15",557.6,2,mohammedmukthar9
6450,16691398,"Time to Win","2026-09-03 04:36:52",557.5,2,yatharthdurgapal
6451,16697704,"Leonid Matetskiy","2026-08-09 21:39:06",557.4,2,leonidmatetskiy
6452,16770674,"Arpit Jain","2026-09-02 11:44:36",557.3,2,arpitjain5
6453,16700441,"Houssem RIAHI","2026-08-27 14:54:09",557.3,2,houssemriahi
6454,16762206,"mohammad khanjani2026","2026-09-06 05:17:52",557.3,2,mohammadkhanjani2026
6455,16712902,"Ethan Benjamin Cole","2026-08-13 12:19:26",557.3,2,ethanbenjamincole
6456,16848263,Xenongas,"2026-09-08 14:23:14",557.1,2,xenongas1
6457,16665060,Pipeweed,"2026-08-27 18:14:40",557.1,2,pipeweed56
6458,16662120,"Harpal Gujral","2026-08-25 18:07:07",557.0,2,harpalgujral
6459,16739449,SelvapriyankaRam,"2026-08-24 18:44:21",557.0,2,selvapriyankaram
6460,16669165,"IT Neko","2026-08-14 13:17:33",556.9,2,"nirvaanaa,zhexuanyecust"
6461,16877886,"Mohamed el.harery","2026-09-16 00:51:49",556.7,2,mohamedelharery
6462,16730030,"Jared Wilder","2026-08-17 14:23:15",556.5,2,jaredwilder
6463,16785687,"AP SEM F STUDENTS","2026-08-31 03:52:37",556.5,2,"advaithn0518,rohanjeyavel,shrivatsamurugan,stitchsages"
6464,16667500,jiannebab,"2026-08-14 14:29:12",556.3,2,jiannebab
6465,16892008,#FeedThePuffer,"2026-09-21 02:24:32",556.3,2,"andrdalbosco,gabmaury"
6466,16782187,"Margo Kim","2026-08-28 19:15:18",556.2,2,margokim
6467,16654351,"Manish Kumar","2026-08-04 07:45:22",556.2,2,manishkumarphd2000
6468,16663437,inversion,"2026-08-04 20:44:41",556.1,1,inversion
6469,16684674,"Ch Muhammad Umer ","2026-08-11 08:11:36",556.1,2,chmuhammadumer
6470,16722028,"Aw Ming Xuan","2026-08-16 09:24:48",556.1,2,awmingxuan
6471,16690736,omarkami007,"2026-08-11 18:40:45",556.0,2,omarkami007
6472,16809136,"Xander Lee","2026-09-04 13:56:48",556.0,2,xndlee
6473,16789914,AkikJana,"2026-09-07 16:37:53",555.8,2,firewaterair
6474,16678157,"Ayush Kumawat","2026-08-14 13:10:02",555.6,2,ayushkumawat21
6475,16733910,davidsmith42,"2026-08-19 23:59:03",555.5,2,ananthvydianath42
6476,16750666,"Mitali Yadav","2026-09-23 07:31:39",555.5,2,mitaliyadav18
6477,16732609,"Filippo Paninforni","2026-08-19 18:30:22",555.4,2,filippopaninforni
6478,16637776,MarvelousXun,"2026-08-03 09:33:38",555.3,2,marvelousxun
6479,16793680,prajval_p,"2026-09-01 01:03:39",555.3,2,prajvalp
6480,16718445,"Hamza Elmorjani","2026-08-15 12:16:55",555.2,2,hamzaelmorjani03
6481,16712746,itsraininnnn,"2026-08-12 16:38:56",555.2,1,itsraininnnn
6482,16659446,zhaozy233,"2026-08-15 16:51:36",555.1,2,zhaozy233
6483,16669396,Fleo98,"2026-08-10 15:43:34",555.0,2,fleo98
6484,16664731,UT,"2026-08-21 15:24:42",555.0,2,"sabapunch,wasshan"
6485,16676534,AlphaBound,"2026-08-25 05:26:32",555.0,2,somsubhrometya
6486,16655571,yuken,"2026-08-07 13:27:53",555.0,2,yukenai
6487,16792449,SKYisSKYisSKY,"2026-08-31 04:16:07",554.9,2,skyisskyissky
6488,16811603,hundun,"2026-09-04 09:48:18",554.7,2,zhongh4oyang
6489,16718366,RATriculture,"2026-08-28 19:15:28",554.6,2,tarasshchur
6490,16896490,"Yiman Gao","2026-09-21 08:15:16",554.5,2,yimangao
6491,16753353,"Aayush Kumar","2026-09-23 14:16:00",554.4,2,devaayushkumar
6492,16671779,"Syed Jawad","2026-09-06 12:12:28",554.4,2,syedjawad11
6493,16677303,"Chase Martyn","2026-08-19 02:05:12",554.4,2,chasemartyn
6494,16914880,"Mohammed Afreed Pasha","2026-09-23 09:02:19",554.3,2,mohammedafreedpasha
6495,16723045,"Albert Einstein F Muritiba","2026-09-19 02:35:02",554.2,2,spideryzarc
6496,16673923,"Gabriele Giacometti","2026-09-10 12:15:50",554.0,2,gabrielegiacometti
6497,16808696,마짱MAZZANG,"2026-09-04 09:41:16",554.0,2,mazzang
6498,16673333,"Dimas Renggana","2026-08-06 23:40:39",553.9,2,dimasrenggana
6499,16823853,Zerbytheboss,"2026-09-06 22:03:05",553.9,2,zerbytheboss
6500,16738336,"Guo Xuehan","2026-09-02 05:44:05",553.9,2,zmllls
6501,16846408,"Arpit Gole","2026-09-16 02:21:23",553.9,2,connecttoarpitgole
6502,16660540,Minikotey,"2026-08-16 15:34:40",553.9,2,juliapatarishina
6503,16656690,"Sushant Kumar (xWF)","2026-08-06 04:44:38",553.6,2,sushantkumarxwf
6504,16704437,babybuffalo,"2026-08-25 16:11:16",553.6,2,babybuffalo
6505,16731996,Chloe,"2026-08-18 02:58:05",553.6,2,chenchloehaimo
6506,16853582,"Qiao Ke","2026-09-09 09:44:44",553.5,1,bridgekk
6507,16778145,TW_益民_li,"2026-09-03 12:28:49",553.5,2,liyimintw
6508,16699756,"zhang xin","2026-09-23 02:00:57",553.5,2,zhangxin300
6509,16663551,"Germinator G-1000","2026-09-18 19:25:47",553.4,2,sinkingpoint
6510,16875479,"Debasish Gorai","2026-09-24 08:42:10",553.2,2,debasishgorai
6511,16913155,DT,"2026-09-20 14:19:20",553.2,2,"bhd233,vatlegend"
6512,16855052,pk954061458,"2026-09-14 10:37:54",553.2,2,pk954061458
6513,16730105,"Leonardo Palis","2026-08-17 03:35:05",553.2,2,leonardopalis
6514,16750614,"Shivansh Chaudhary","2026-09-05 06:17:27",553.1,2,shivanshchoo
6515,16667143,"Noct-Tech zombie","2026-08-06 13:46:51",553.0,2,jo3thaboss
6516,16657105,"Mathijs Deelen","2026-08-05 01:16:34",553.0,2,mathijsdeelen
6517,16675264,"Alon Bar Koter","2026-08-06 16:16:43",552.9,2,alonbarkoter
6518,16657871,Lucienne,"2026-08-05 03:13:59",552.9,2,yangnianan
6519,16695799,Vaycheslav,"2026-09-22 08:05:40",552.9,2,vaycheslav
6520,16621657,"Nikita Batuev","2026-09-22 23:14:25",552.9,2,batuevnikita
6521,16763287,Sathishkumartheta,"2026-08-25 18:53:26",552.7,2,sathishkumartheta
6522,16724819,Dwij12,"2026-08-20 18:28:01",552.7,2,dwij12
6523,16622938,"Farmville Redux","2026-08-03 18:58:04",552.7,2,daveconnor
6524,16658106,"Devam juthani","2026-08-05 08:18:14",552.6,2,devamjuthani
6525,16667818,AjayVarma555,"2026-08-09 15:14:45",552.6,2,ajayvarma555
6526,16669597,农业农村部,"2026-08-10 19:11:08",552.5,2,"bingzhenghan,hrwan1,krasuszl"
6527,16743823,"Zeyu Huang_summer","2026-09-14 15:40:41",552.4,2,zeyuhuangsummer
6528,16669595,evanca,"2026-08-08 12:27:56",552.4,2,evanca
6529,16738777,"Balwinder Singh1235","2026-08-20 10:21:34",552.3,2,balwindersingh1235
6530,16666249,Kawa_pt,"2026-09-08 22:24:25",552.3,2,kawapt
6531,16729531,alfphafarm,"2026-08-19 19:09:48",552.2,2,vudattumaniteja
6532,16728195,"6 GOD","2026-08-21 15:50:28",552.1,2,tertospacko
6533,16674504,"Arunabh Gupta","2026-08-18 11:10:33",552.1,2,"arunabhsgupt4,eggsysy"
6534,16693988,"Pranav Gupta","2026-08-18 03:51:41",552.0,2,kumbhakarann
6535,16761451,gulag,"2026-08-24 03:39:54",551.8,2,moglin
6536,16774843,"Assylkhan Kerey","2026-08-30 03:16:54",551.8,2,n0nlyy
6537,16926032,robikscube,"2026-09-21 15:04:19",551.7,2,ujjwalnewd
6538,16668175,el_dedalus,"2026-08-06 14:48:01",551.6,2,eldedalus
6539,16672463,"Muzammil Baloch","2026-08-07 12:45:39",551.6,2,muzammilbaloch
6540,16697800,DR_Mkelvo,"2026-08-09 20:42:15",551.5,1,drmkelvo
6541,16670708,"Mohammad Usman Sajid","2026-09-03 18:26:11",551.5,2,mohammadusmansajid
6542,16635377,het2554,"2026-09-13 07:55:05",551.5,2,crazy2554
6543,16660295,Pentos,"2026-08-10 00:06:56",551.4,2,nishiumi
6544,16883042,"Stefan Berger","2026-09-20 21:06:25",551.4,2,stefanberger1111
6545,16663677,"Aghazie David","2026-08-07 00:32:14",551.4,2,aghaziedavid
6546,16899050,SerenaLsr,"2026-09-16 03:35:02",551.3,2,serenalsr
6547,16759246,wangfeifei_si,"2026-08-26 14:27:19",551.2,2,wangfeifeisi
6548,16661564,yang20251228,"2026-09-02 03:40:29",551.1,2,yang20251228
6549,16924174,"Brijesh Sankhavara","2026-09-19 07:12:58",551.1,1,brijeshsankhavara1
6550,16715495,Yashi003,"2026-08-24 04:44:40",551.0,2,yashi003
6551,16676360,"Chris Kang","2026-08-17 10:07:49",551.0,2,rukawa917
6552,16904690,"yuya #2","2026-09-17 07:21:26",551.0,2,pineandtree
6553,16655426,engin_zhou,"2026-08-05 15:21:18",550.9,2,enginzhou
6554,16733873,"Shirish Chinchanikar","2026-08-30 15:53:12",550.9,2,"codemastersj,shirishchinchanikar"
6555,16691164,"Krishna Saathwik","2026-08-13 13:50:40",550.7,2,krishnasaathwik
6556,16686743,charmander,"2026-09-11 15:44:15",550.5,2,rahuladhi
6557,16890342,Bin.Han,"2026-09-21 05:17:00",550.5,2,binhan0514
6558,16915731,INF2_josallo4_anpego3,"2026-09-20 16:30:53",550.5,2,josepsalvador
6559,16726873,@F,"2026-08-16 01:43:22",550.4,1,atefbouzid
6560,16872064,"Jimmy Erickson","2026-09-13 19:43:54",550.4,2,jimmyerickson
6561,16793913,"Vrushal Patil","2026-09-06 11:13:36",550.2,2,vrushalpatil
6562,16922434,Raduansm,"2026-09-24 11:25:54",550.1,2,raduansm
6563,16664348,"Rocket Zech","2026-08-29 08:23:04",550.0,2,isaactunglaw
6564,16891652,Cristian034,"2026-09-24 09:24:15",550.0,2,cristian034
6565,16780513,"Hugo JOBÉ","2026-08-27 20:51:09",549.8,2,hugojob
6566,16794491,"Sushant Pargaonkar","2026-09-02 02:59:45",549.8,2,sushantpargaonkar
6567,16658718,"Duong Bao Duy","2026-09-15 13:31:45",549.8,2,duongbaoduy
6568,16720143,"AMAN PANDEY","2026-08-16 13:57:00",549.7,2,amanapofficial
6569,16711928,Leraaaa,"2026-09-23 10:08:02",549.6,2,leraaaa
6570,16634316,"Cao Tùng Lâm","2026-09-01 07:16:08",549.6,2,liamislazy
6571,16665462,ZSZ,"2026-08-12 13:55:00",549.6,2,zsuzsanna2
6572,16800950,"Mani Kanta Kalluru","2026-09-09 17:17:20",549.3,2,manikantakalluru
6573,16666033,"Shota Takano","2026-09-24 14:47:37",549.2,2,shotatakano
6574,16665622,one,"2026-08-11 04:10:11",549.0,2,richardsplayground
6575,16726080,"Arda Yasar","2026-08-19 06:02:10",548.9,2,ardayasar
6576,16736261,"Saptanshu Samal","2026-08-22 12:02:42",548.9,2,saptanshusamal
6577,16795609,2023314806_이승민,"2026-09-04 10:21:31",548.9,2,sminleeee
6578,16657016,"MD. AS-AID RAHMAN","2026-08-26 15:57:49",548.8,2,mdasaidrahman
6579,16757211,dacho,"2026-09-16 00:25:14",548.7,2,slothcafe
6580,16831074,BiNar,"2026-09-18 19:13:55",548.6,2,durbinar
6581,16883048,"Amit Gunjan","2026-09-23 00:17:42",548.6,2,daydreamerthinks
6582,16675461,mins0_0,"2026-08-30 07:50:53",548.5,2,mins00
6583,16672370,"Yash Barhanpurkar","2026-09-10 17:36:18",548.3,2,yashbarhanpurkar
6584,16748603,qianzhonhao,"2026-09-03 08:20:45",547.7,2,qianzhonhao
6585,16671420,"Chengchen Duan","2026-08-17 15:25:09",547.6,2,chengchenduan
6586,16667794,knadithyavr,"2026-08-13 12:24:05",547.5,2,knadithyavr
6587,16773779,"Daichi Tanaka","2026-08-31 03:38:48",547.5,2,daichit64
6588,16662103,"Saravana Thiagarajan K","2026-08-05 21:43:42",547.5,2,saravanatk1984
6589,16775237,"Haruki Iwase","2026-09-12 14:38:17",547.5,2,harukiiwase
6590,16767800,awee,"2026-09-07 19:34:52",547.3,2,aweertw
6591,16704864,ksj00610,"2026-08-12 08:47:16",547.1,2,ksj00610
6592,16656792,"Gnanaprakash R","2026-08-28 15:05:38",547.1,2,gnanaprakashr
6593,16707767,"Lai Eu Wen","2026-08-16 16:47:50",547.0,2,laieuwen
6594,16798918,"Toan Nguyen Mau","2026-09-07 08:39:35",547.0,2,toannguyenmau
6595,16660419,"Kai-Shih Chiu","2026-08-06 12:54:22",546.9,2,kaishihchiu
6596,16747345,"Alex #3","2026-09-17 08:59:07",546.8,2,alexb99
6597,16726839,syunsuke,"2026-08-21 23:12:13",546.5,2,syunsuke1024
6598,16696526,"Reda HEDDAD","2026-09-05 21:17:22",546.5,2,redaheddad
6599,16756858,"Rushi A.","2026-08-23 18:54:03",546.3,2,rushia
6600,16762010,"Ivan Piaternev","2026-09-15 08:14:40",546.2,2,iamvanya
6601,16677231,"Ahmed Bootaan","2026-08-06 18:08:52",546.1,2,ahmedbootaan
6602,16675074,ahiokk,"2026-08-07 07:58:44",546.0,2,ahiokk
6603,16868576,DarkhanShakhan,"2026-09-15 20:17:01",545.9,2,darkhan1991
6604,16660670,"Chirag Bhatnagar","2026-08-31 09:21:45",545.8,2,chiragbhatn
6605,16851553,Sentinel,"2026-09-24 04:01:47",545.6,2,atlasar
6606,16655651,"Kevin Cho","2026-09-14 16:40:58",545.4,2,chokevinjs
6607,16660035,NoNamedeo,"2026-08-27 14:20:15",545.3,1,nonamedeo
6608,16670544,"William Rients","2026-08-06 00:01:02",545.2,2,williamrients
6609,16708907,"[Deleted] 84526ff4-3aed-4b4b-a45f-a4486f01cb7b","2026-08-13 20:01:55",545.2,2,del=34c747d6ee8d2bd7
6610,16679671,Ash0666,"2026-08-09 19:28:52",545.1,2,ash0666
6611,16926064,"amit shulstein","2026-09-24 15:30:52",544.9,2,amitshulstein
6612,16669479,"Shifa Salsabiila","2026-08-09 02:56:11",544.8,1,shifasalsabiila
6613,16730577,"Team Rocket’s Orbital Farm","2026-09-22 12:22:49",544.6,2,koheitsutsumi
6614,16947214,bzttub,"2026-09-23 07:25:28",544.6,2,"bzttub,hehahakl,michaelyu99,y1jun0000"
6615,16890221,"Kalebu Makombe","2026-09-14 10:07:31",544.5,2,kalebuomakombe
6616,16914138,"Amritesh Anand","2026-09-24 08:14:29",544.3,2,amriteshananad
6617,16841858,"Aadit Agrawal","2026-09-08 07:23:56",544.3,2,aaditagrawal
6618,16849108,raypratik,"2026-09-23 14:41:44",544.3,2,raypratik
6619,16667011,"Chung Yu Jin","2026-09-21 05:44:32",544.3,1,chungyujin24
6620,16668022,"Lady and tech","2026-08-19 04:08:50",544.2,2,ladyandtech
6621,16675066,Opticulture,"2026-08-16 12:19:48",544.2,2,"bajibaburowthu,ponnuripavankumar,radhakrishnadoredla,veereshkumar1219"
6622,16939496,"Haotian Niu","2026-09-24 04:58:05",544.1,2,haotianniu
6623,16708625,"Lê Văn Pháp","2026-08-29 03:15:56",544.0,2,"linhsarah,lvnphp"
6624,16658151,"Nguyễn Phúc Gia Bảo","2026-08-06 15:15:07",544.0,2,kevincrazy678
6625,16749764,Aquaflame,"2026-09-11 16:41:58",544.0,2,aquaflame
6626,16673981,"Aarya Jadhav","2026-09-22 15:24:49",543.8,2,aaryajadhav0310
6627,16767754,"Dr. T","2026-09-23 06:55:54",543.8,2,davinor
6628,16782993,hayashida,"2026-09-07 14:01:36",543.7,2,daichihayashi
6629,16918433,"Mingkang He","2026-09-22 17:18:48",543.6,2,mingkanghe
6630,16730649,Mink,"2026-09-20 22:14:02",543.6,2,"mahendransaeyohnn,mysterious5577"
6631,16635746,"jeon hyeon woo","2026-08-13 15:32:43",543.1,2,jeonhyeonwoo
6632,16673191,juliye,"2026-08-10 03:49:13",543.1,2,juliye
6633,16827864,"Tùng Dương Bùi","2026-09-04 14:31:54",542.9,2,tdbui1209
6634,16710512,FishWotou,"2026-08-19 04:45:40",542.8,2,fishwotou
6635,16773858,"Kundan Kumar","2026-09-23 09:57:12",542.8,2,edkundan
6636,16744534,"Leonardo Custode","2026-09-11 09:16:04",542.7,2,leocus
6637,16657794,"Aromal vK","2026-08-06 15:35:11",542.5,2,aromalvk
6638,16791027,"Ryan Cheung","2026-09-07 04:46:47",542.5,2,doggychip
6639,16715225,"Someswararao Tellakula","2026-08-17 01:15:37",542.4,2,someshtellakula
6640,16717850,"HeeGwan Lee","2026-09-06 11:51:49",542.3,2,heegwanlee
6641,16669545,"Rishabh Gupta","2026-08-06 18:19:04",542.2,2,rishabhguptajs
6642,16673324,Amaranta,"2026-09-21 18:08:18",542.1,2,ulyanovantonamaranta
6643,16692637,"Blox Amaze","2026-08-09 09:47:42",542.1,2,bloxamaze
6644,16656883,KK,"2026-08-05 10:27:15",542.0,2,kkonzyb
6645,16793150,Comet19,"2026-08-31 10:53:04",541.8,2,comet19
6646,16687548,"Shubham Tibrewal","2026-09-22 07:13:23",541.8,2,researchai2026
6647,16666483,"Salih Erdem Kaymak","2026-08-08 17:32:38",541.8,2,saliherdemkaymak
6648,16740662,宣城市机械电子职业技术学院,"2026-09-15 02:05:22",541.7,2,chenzhengy
6649,16943704,"Qutaiba Kaleem","2026-09-24 15:10:40",541.5,2,qutaibakaleem
6650,16659309,irisV11,"2026-08-18 05:23:01",541.5,2,irisv11
6651,16675585,"Jacob Joy","2026-08-11 12:13:06",541.4,2,jac0b1
6652,16722366,"Aki Lit","2026-08-14 23:24:20",541.2,2,akilit
6653,16736636,torch,"2026-08-18 10:35:29",541.1,2,rhtsingh
6654,16810343,"Aleksandr Borodin","2026-09-02 20:29:06",541.1,2,aleksandrbor
6655,16895374,JerryWang19,"2026-09-15 08:09:57",541.0,1,jerrywang19
6656,16876071,NITISH5236GOEL,"2026-09-20 07:04:22",541.0,2,nitish5236goel
6657,16887280,"ronger zhu","2026-09-17 04:03:22",540.9,2,rongerzhu
6658,16845593,matsudaatom,"2026-09-07 14:44:59",540.7,2,matsudaatom
6659,16691552,"Koshtubh Singh Parihar","2026-08-09 03:19:39",540.7,2,koshtubhsinghparihar
6660,16642994,"Danila Galkin","2026-08-13 19:22:17",540.7,2,danilagalkin
6661,16696163,"Romain Durand","2026-08-17 19:00:46",540.6,2,romaindurand1607
6662,16744239,"Diogo Gomes ","2026-08-25 09:39:28",540.6,2,diogogomes
6663,16756131,"Emre Atilgan","2026-08-24 20:20:06",540.5,2,emreatilgan
6664,16687448,"Israel Burns","2026-08-12 08:41:38",540.5,2,israelburns
6665,16662875,Jimmy,"2026-09-21 04:29:42",540.3,2,jiyo4476
6666,16752899,"Nicolò Alberti","2026-08-23 09:16:36",540.2,2,nicolalberti
6667,16727009,B05801037,"2026-08-18 02:28:48",540.1,2,peteropop
6668,16741766,lrik00,"2026-09-15 13:27:32",540.1,2,lrik00
6669,16726684,"William Lee","2026-08-19 15:35:28",539.9,2,notyouravgwilly
6670,16660850,"Khoa Le","2026-08-05 13:23:55",539.8,2,bryanle2025
6671,16702359,"Ethan Pl","2026-08-11 19:43:21",539.6,2,ethanpl
6672,16664143,"Lucas Henrique Mateo","2026-08-21 19:10:52",539.2,2,lucashmateo
6673,16743001,Nikhilasree,"2026-09-03 11:33:45",539.2,2,nikhilasree2003
6674,16686149,"Luc Mantoux","2026-08-09 20:25:33",539.0,2,lucmantoux
6675,16884997,"Le Huy Tuong","2026-09-17 12:55:49",538.9,2,lehuytuong
6676,16826099,"Aykut Çağlar","2026-09-15 16:08:32",538.7,2,aykutcaglar
6677,16710521,"Natpaphon Nukhunthod","2026-08-17 03:37:15",538.7,2,natpaphonnukhunthod
6678,16670274,"dankwa wadie","2026-09-01 08:45:40",538.5,2,dankwawadie
6679,16685652,LeonDuue,"2026-09-01 06:55:54",538.4,2,leonduue
6680,16688646,lakranitesh,"2026-08-08 12:49:18",538.4,2,lakranitesh
6681,16624941,"KO Ho Tin","2026-08-10 03:33:47",538.4,2,b14ckc4tmr
6682,16774317,A_yuki,"2026-09-21 16:26:27",538.3,2,yukiys
6683,16865918,yh00722,"2026-09-14 04:52:38",538.3,2,yh00722
6684,16729202,Sven,"2026-08-27 21:55:40",538.2,2,sventleman
6685,16885464,"Javier Hernáez","2026-09-19 18:09:39",538.2,2,javierhernaez
6686,16790206,"bogdan chirkov","2026-09-15 13:46:30",538.2,2,bogdannchirkovv
6687,16697346,"sayyid mogaka","2026-08-10 21:37:36",538.0,2,sayyidmogaka
6688,16644508,"Vandana Pathania","2026-08-22 21:59:37",537.9,2,vandanapathania
6689,16655075,"Félix Rodríguez Roble","2026-08-04 09:16:25",537.9,2,flixrodrguezroble
6690,16699711,"maxscender ","2026-08-13 14:03:35",537.8,2,maxscender
6691,16786461,"Caleb Bredlow","2026-09-07 04:17:50",537.7,2,calebbredlow
6692,16702820,"Plorek ","2026-08-28 11:28:11",537.7,2,plorek
6693,16885591,Orange,"2026-09-13 11:30:58",537.5,2,orangecoppers
6694,16673266,Preet,"2026-08-14 05:57:17",537.5,2,hpkaur34
6695,16658477,"chathura prasadh9817","2026-08-06 07:18:04",537.1,2,chathuraprasadh9817
6696,16735517,"Philipp k-s","2026-09-13 19:12:05",537.1,2,philippkeussenstrau
6697,16690352,"Aled von Oppell","2026-09-24 16:04:36",537.0,2,aledgvonoppell
6698,16665966,aj000,"2026-09-24 03:48:11",536.9,2,anishjagdaleaj
6699,16682815,"Saiyam Bharara","2026-08-19 15:03:06",536.7,2,saiyambharara
6700,16819076,"Keyur Gohel","2026-09-22 16:04:23",536.7,2,venuzdonoa
6701,16865454,"Zhihuan Xue","2026-09-16 11:16:53",536.6,2,xuantianfengwu
6702,16743438,嘎嘎滴辣晒,"2026-08-24 09:30:32",536.4,2,yuhangzhang0621
6703,16729157,HahaTaco,"2026-09-12 17:33:16",536.3,2,hahataco
6704,16764330,"Koral Kulacoglu","2026-08-26 04:51:33",536.3,2,koralkulacoglu
6705,16825999,"Atsushi Yoshikawa","2026-09-07 02:06:13",536.1,2,atsushiyoshikawa
6706,16718363,"Jarbas Camurça","2026-08-28 11:15:44",536.0,2,pjarbas
6707,16714592,"Carey Casile","2026-08-14 18:34:16",536.0,2,ccasile
6708,16660119,"Dhruva Das","2026-08-05 17:05:52",535.9,2,dhruva77
6709,16775749,Yurikada,"2026-09-03 11:13:54",535.8,2,yosukeinada
6710,16774333,"Nazim Shoikot","2026-09-03 11:20:20",535.5,2,nazimshoikot71
6711,16939706,"Priyanshu Patel","2026-09-22 17:54:24",535.4,2,"abuzarkhan99,priyanshupatel007"
6712,16716632,shini47,"2026-08-22 20:30:17",535.4,2,shini47
6713,16671364,"Mike Riggs","2026-08-09 03:22:55",535.4,2,riggsasi
6714,16740646,"Darren Chung","2026-08-25 18:00:27",535.4,2,chungdarren
6715,16735475,SunjaeLee02,"2026-08-19 08:12:41",535.3,2,sunjaelee02
6716,16654943,"Alexis Selorm Gbeckor - Kove","2026-08-10 11:44:58",535.2,2,advancedbeginner
6717,16857823,"Hà Công Nga ","2026-09-10 02:49:42",535.0,2,hcngnga
6718,16929796,"Emre Balsar","2026-09-20 11:03:09",535.0,2,emrebalasar
6719,16658738,Aman,"2026-08-05 11:12:10",535.0,2,amank95amank95
6720,16738923,Quantum,"2026-08-29 01:40:45",534.9,2,jawadxhassan
6721,16658779,"Richard G Atkinson","2026-08-05 00:29:59",534.8,2,richardgatkinson
6722,16687330,"Mehmet Ensar Çetin","2026-09-20 07:45:48",534.8,2,mehmetensaretin
6723,16664142,"The Studio 1","2026-08-16 23:04:06",534.8,2,landonsheatsley
6724,16658775,"Vincent Pan","2026-08-29 12:55:20",534.6,2,"judithhong,vincentpan2005"
6725,16692450,duckypants,"2026-08-23 20:36:59",534.6,2,duckypants
6726,16681509,"Kethan Sai","2026-09-18 09:53:32",534.5,2,kethansaikoneru
6727,16769793,"Shivam Batra","2026-08-26 14:21:49",534.5,2,shivam744
6728,16676259,Th_Gbay,"2026-08-19 20:42:35",534.2,2,thgbay
6729,16669408,"Josaphat Adjele","2026-08-31 17:26:56",534.1,2,josaphatadjele
6730,16823519,GarciasN,"2026-09-07 18:43:18",534.1,2,garciasn
6731,16654890,"Josh Hipps","2026-08-06 14:16:49",534.0,2,joshuahipps
6732,16664119,FSzekut,"2026-08-07 00:03:04",534.0,2,fszekut
6733,16840480,jignesh13,"2026-09-16 19:33:04",533.9,2,jignesh13
6734,16701795,Proshian,"2026-08-11 00:01:04",533.9,2,proshian
6735,16747163,"Sarthak Patel","2026-08-21 06:36:26",533.8,2,sarthakpatel2028
6736,16679096,WilliamXylean,"2026-09-16 16:40:09",533.7,2,williamxylean
6737,16654596,"khusham sheth","2026-08-13 05:28:55",533.7,2,khushamsheth
6738,16904318,"wofi poria","2026-09-18 01:33:18",533.6,2,wofiporia
6739,16775001,"Maarij Aqeel","2026-08-26 14:48:03",533.6,2,maarijaqeel
6740,16917921,xxxx333,"2026-09-19 03:58:31",533.5,2,xxxx333
6741,16659181,Hongjie04,"2026-08-05 04:07:04",533.4,2,hongjie04
6742,16844670,"Zheng haoling","2026-09-07 04:22:40",533.4,2,zhenghaoling
6743,16743282,"Srivishnu Charan","2026-09-03 14:06:54",533.2,2,srivishnucharan
6744,16806260,"Kotaro Furuno","2026-09-03 14:36:00",533.2,2,kotarofuruno
6745,16623112,Tians12,"2026-08-09 19:10:24",533.1,2,tiansang12
6746,16781545,"Jake Lin","2026-09-23 01:14:34",533.1,2,jakelinai
6747,16719172,"Victor Carriço","2026-08-24 03:35:14",533.0,2,kronossaurus
6748,16623316,"Ondrew Zudin","2026-08-06 23:08:41",532.9,2,ondrewzudin
6749,16660364,dadandsats,"2026-08-14 11:41:04",532.9,2,continuingdev
6750,16845760,Alyosha85,"2026-09-07 05:42:01",532.7,2,alyosha85
6751,16717716,"Диас Издибаев","2026-08-15 05:32:14",532.6,2,diasiz1
6752,16740894,BetOnMe,"2026-08-19 14:40:02",532.3,2,betonme
6753,16926609,SunriseL,"2026-09-20 07:56:01",532.3,2,sunrisel
6754,16674540,"Pratik Priyanshu","2026-08-07 18:28:12",532.2,2,pratikpriyanshu5
6755,16680297,"Ajay Singh","2026-08-08 04:33:24",532.1,2,ajaysinghg
6756,16752665,"Dominik Toric","2026-09-14 17:20:14",532.0,2,dominiktoric
6757,16724904,"Carlos Eduardo De Paula Arantes","2026-08-15 15:48:43",532.0,2,carloseduardo1753
6758,16662313,"Maximus Sambucetti","2026-08-09 15:36:46",531.8,2,maximussambucetti
6759,16727961,"Ebenezer Olumeyan","2026-08-22 15:54:00",531.7,2,eolumeyan
6760,16840437,nick.ai007,"2026-09-10 06:36:01",531.6,2,nickai007
6761,16738456,"Pritul Raut","2026-08-21 08:45:04",531.5,2,pritulraut
6762,16756388,"Sam Scott","2026-08-22 22:04:06",531.5,2,shepard5
6763,16946099,"CupidCloris Zeus","2026-09-24 09:31:52",531.4,2,cupidcloriszeus
6764,16721877,SuzukiTakumi,"2026-09-24 10:56:01",531.3,2,suzukitakumi
6765,16907148,Blooriculture,"2026-09-23 15:02:43",531.1,1,"aarnsantosgonzlez,danireyna08,fernandopardoalonso,marcobarrancomoreno"
6766,16693207,"Vamshi Guntupalli","2026-08-11 22:40:36",530.9,2,vamshiguntupalli
6767,16661858,"Lukas Lee e","2026-08-18 00:58:12",530.9,2,lukasleee
6768,16677360,"Jatin Chawla","2026-08-08 13:45:06",530.8,2,jatin221
6769,16794797,zzzyan10,"2026-09-21 02:45:51",530.7,2,zzzyan10
6770,16674076,rigsutra,"2026-09-12 16:57:45",530.6,2,rigsutra
6771,16667025,"Anjitha Mekkayil Anand ","2026-08-28 05:59:46",530.5,2,anjithamekkayilanand
6772,16937607,wuyan-nox,"2026-09-23 18:06:30",530.4,2,wuyannox
6773,16717817,"Nick Stoddart","2026-08-14 05:15:23",530.4,2,nickstoddart
6774,16930840,machineabao,"2026-09-22 19:18:24",530.0,2,machineabao
6775,16738640,"Tjay Burger","2026-08-18 17:35:39",529.9,2,tjayburger
6776,16669028,"Atishay Kasliwal","2026-08-11 17:54:59",529.9,2,atishaykasliwal
6777,16664750,"shubham kumar","2026-09-13 16:24:23",529.8,2,shubzk17
6778,16660360,"Joey Gonzales","2026-08-05 00:00:47",529.7,2,joeygonzales
6779,16841589,加藤正樹,"2026-09-06 01:59:11",529.7,2,masaki9920
6780,16663232,"Marco Mangan","2026-09-06 21:20:24",529.6,2,masmangan
6781,16690940,NKryst,"2026-08-29 10:57:18",529.6,2,nkryst
6782,16686912,@mldsdev,"2026-08-13 02:07:44",529.4,2,lan1mel
6783,16841827,"pohang milk collector","2026-09-20 14:27:51",529.4,2,"duckhun,idearendil"
6784,16871854,"Tanvi Parsam","2026-09-13 16:07:41",529.4,2,tanviparsam
6785,16762881,Yuki0x80,"2026-09-22 14:30:53",529.3,2,saiyuki1919
6786,16731887,"hoo aam","2026-08-21 05:37:16",529.3,2,hooaam
6787,16787010,"Samir Patel","2026-09-04 02:59:28",529.2,2,mesamirpatel
6788,16691271,"Ashler Herrick","2026-08-09 14:54:33",529.1,1,ashlerjohnherrick
6789,16633934,Alexy,"2026-08-25 04:40:02",529.0,2,alexycactus
6790,16740534,"Gao Wenjiang","2026-09-02 09:48:37",528.9,2,gaowenjiang
6791,16833476,"Richard Pagan","2026-09-05 03:01:54",528.8,1,richardpagan
6792,16727376,"Roko Torbarina","2026-08-18 18:31:57",528.5,2,rokotorbarina
6793,16853288,ypl0lpy,"2026-09-09 07:56:50",528.4,2,ypl0lpy
6794,16730740,"claude opus5🏆","2026-08-19 09:58:24",528.3,2,yinpinggao
6795,16654085,"Bill Xu","2026-09-07 05:10:56",528.2,2,billll
6796,16715711,"Shawon Biswas","2026-08-19 10:42:24",528.1,2,shawonbiswas11
6797,16678602,"hassan manour","2026-08-07 12:52:23",528.1,1,hassanmanour
6798,16669699,nikesh23,"2026-08-08 01:52:56",528.1,2,nikesh23
6799,16713033,Contact-Nade,"2026-09-10 07:44:18",527.9,2,"masanammedha,rayofc"
6800,16940953,"Bob Liu","2026-09-24 06:44:27",527.8,2,bobliu02041302
6801,16635145,"Isaac Menard","2026-08-05 21:11:36",527.6,2,isaacmenard
6802,16906705,"Gaurav Vyas","2026-09-20 17:24:05",527.6,2,ctogaurav
6803,16843633,"Arbnor Grubi","2026-09-13 02:32:30",527.5,2,protocool
6804,16795997,"Boyu Wan","2026-09-04 04:58:57",527.5,2,pupudan
6805,16709494,"Aditya Dushara","2026-09-10 22:24:55",527.4,2,adityadushara
6806,16686645,Ornaat,"2026-09-22 16:48:29",527.3,2,ornaat
6807,16926699,"Juliano Batistim","2026-09-24 01:51:51",527.2,2,julianobatistim
6808,16658820,"Jonathan Ashenaf1","2026-08-11 16:59:20",527.1,2,jonathanashenaf1
6809,16669470,"ASDM HUB","2026-08-12 20:13:20",527.1,2,jesushechavarria
6810,16892255,"Jegors Čemisovs","2026-09-23 21:02:44",527.1,2,fortemate
6811,16658031,BSam79,"2026-09-12 09:12:39",527.0,2,bsam79
6812,16718565,Frankyface,"2026-08-13 18:54:37",527.0,1,frankyface
6813,16764600,"Tanmay Shingavi","2026-09-03 05:43:57",526.8,2,decodingafterlife
6814,16696020,"Hugo Voisin","2026-08-11 16:08:06",526.7,2,hugovoisin
6815,16742172,"Felisitas Mellania","2026-09-11 06:39:04",526.6,2,felisitasmellania
6816,16743846,"Hemanth Raja Guttikonda","2026-09-24 07:30:15",526.5,2,"hemanthrajg,poojithakatta18"
6817,16685800,"Sumit Ridhal","2026-09-05 11:44:15",526.5,2,sumitridhal
6818,16799485,"Bartholomew Jordan","2026-09-19 09:48:21",526.4,2,bartholomewjordan
6819,16621354,pengshy,"2026-08-06 04:54:01",526.2,2,dm15336142
6820,16678644,"Kanik Aggarwal","2026-08-13 19:01:16",526.1,2,roronoazoro200
6821,16666597,Ramkumar4240,"2026-08-10 12:19:20",526.1,2,ramkumar4240
6822,16760190,"Florian Tigoulet","2026-08-24 12:37:14",526.0,2,floriantigoulet
6823,16700484,白井孝太郎,"2026-08-15 01:08:02",525.7,2,kotaroshirai
6824,16760025,DEBI,"2026-09-23 19:18:53",525.3,2,"mayarabdelfattah,omarelmaghraby03"
6825,16875818,Mateollqw,"2026-09-12 22:08:38",525.3,2,mateollqw
6826,16752153,zhao569,"2026-09-17 08:34:24",525.2,2,zhao569
6827,16640845,"tang yangzhou","2026-08-04 21:36:09",524.9,1,tangyangzhou
6828,16669118,"yunus yavuz","2026-08-05 21:51:21",524.9,2,yunusyvz
6829,16858944,Ashish_G_A,"2026-09-24 10:16:18",524.5,2,ashishga
6830,16702481,"Scott G","2026-08-13 15:19:02",524.5,2,verifiedscott
6831,16861492,Adi_271,"2026-09-10 09:47:25",524.5,2,adi271
6832,16692246,"Pamod Jayaneth","2026-09-08 05:13:09",524.4,2,pamodjayaneth
6833,16887274,Shakeel,"2026-09-14 09:55:20",524.3,2,shakeel787
6834,16632504,"[Deleted] c2f6c5d5-ecb1-4f92-95d7-7c9f0fd3474f","2026-07-31 16:04:32",524.3,1,ryota517
6835,16884148,mengxc410,"2026-09-18 03:42:08",524.2,2,mengxc410
6836,16850246,"Makarand Gokhale","2026-09-24 01:08:26",524.1,2,makarandgokhale
6837,16771171,Manfucci,"2026-09-12 14:08:47",524.0,2,manfucci
6838,16697730,JCN2365,"2026-08-13 18:06:35",524.0,2,jcn2365
6839,16877016,"Jasper Wessing","2026-09-18 14:08:07",524.0,2,jasperwessing
6840,16657807,"Ragav Rida","2026-08-07 16:22:34",523.9,2,ragavrida
6841,16657400,indrapurnama,"2026-08-08 05:42:05",523.9,2,indr0008
6842,16745655,巴啦啦能量,"2026-09-08 01:30:14",523.8,2,wsh10086
6843,16659507,"Lokesh Lalan","2026-08-26 08:51:50",523.8,2,lokeshlalan
6844,16730922,"Shengyuan Yin","2026-09-24 10:49:46",523.8,2,flaming0
6845,16709885,"Manuel Pérez","2026-08-14 01:54:02",523.7,2,manuelperezzz
6846,16687604,Harrislrobinson,"2026-08-11 00:25:10",523.6,2,harrislrobinson
6847,16722252,pwdh2026,"2026-08-14 22:16:22",523.5,2,pwdh2026
6848,16700661,"Aakash Kavuru","2026-08-12 05:13:05",523.5,2,aakashkavuru
6849,16731729,"Sumit Bopche","2026-08-21 15:53:56",523.5,2,sumitbopche
6850,16631772,yuki,"2026-08-03 17:39:58",523.3,2,yururoi
6851,16718042,"Muddassir Shah","2026-09-02 21:49:44",523.2,2,wisemanseed
6852,16674599,"Luka Duvanov","2026-08-19 22:03:46",523.2,2,nekkon
6853,16854398,"VALERIY MIKHALEV","2026-09-08 16:27:24",523.1,2,valeriymikhalev
6854,16623745,chunluran,"2026-09-23 14:22:34",523.1,2,chunluran
6855,16666328,"Dornus !","2026-08-05 21:53:19",523.1,2,dornus
6856,16659351,"Hamna Kaleem","2026-09-24 03:27:57",522.9,2,hk3296
6857,16682076,"Igor Riegel","2026-09-02 14:49:12",522.9,2,igormriegel
6858,16932020,Syedxd,"2026-09-24 12:53:04",522.8,2,syedxd
6859,16731013,"Abimael Firstana","2026-09-11 06:55:02",522.7,2,abimaelfirstana
6860,16657981,"Arijit Kar","2026-08-18 11:05:52",522.6,2,demonicak
6861,16665511,phoenix_merk,"2026-08-05 09:46:25",522.6,2,phoenixmerk
6862,16658973,"not today","2026-08-05 05:57:14",522.4,2,cemhan44
6863,16666988,"Sarthak Vedant Mohanty","2026-08-08 00:10:11",522.3,2,sarthakvedantmohanty
6864,16688366,yokoikazumasa,"2026-08-08 19:25:58",522.0,1,yokoikazumasa
6865,16925216,krigga,"2026-09-21 09:35:00",521.9,2,krigga
6866,16793889,zhzz,"2026-09-01 11:28:52",521.9,2,ucsdzhengzeng
6867,16730749,"Đông Hà","2026-09-23 10:43:32",521.9,2,phapsucongu
6868,16855185,ArdiaNova,"2026-09-18 11:08:04",521.8,2,ardianova
6869,16664370,"Joel Arias","2026-08-06 17:29:01",521.6,1,j4rias
6870,16795284,"Kostas Tsolis","2026-09-14 09:14:56",521.6,2,tkostas
6871,16753887,"Hong Tang","2026-08-24 21:41:20",521.5,1,hongtang15
6872,16731635,懒惰的金枪鱼,"2026-09-23 06:45:21",521.5,2,jiaclv
6873,16862188,KJ007123,"2026-09-10 07:02:20",521.5,2,kj007123
6874,16872190,"Zephyr Pong","2026-09-11 11:07:15",521.4,2,zephyrpong
6875,16768178,Scarttish,"2026-08-26 22:44:26",521.3,2,scarttish
6876,16761751,KrishnaKumar_AIML,"2026-09-02 14:38:24",521.2,2,krishnakumarcsr
6877,16679364,VicD,"2026-08-14 20:16:52",521.2,2,durandv
6878,16655424,Fayche,"2026-08-10 16:50:28",520.9,2,fayche
6879,16717742,"Ghawwjsb Vsjsjsbs","2026-08-13 22:32:49",520.6,2,ghawwjsbvsjsjsbs
6880,16748774,"hakan ulucan","2026-08-25 19:19:11",520.6,2,hakanulucan
6881,16664605,"Nathaniel Shou","2026-08-05 17:51:47",520.6,2,nathanielshou
6882,16658702,sherlockwatson007,"2026-08-29 08:48:53",520.6,2,sherlockwatson007
6883,16926574,"walid waccub","2026-09-19 22:12:00",520.5,2,walidwaccub
6884,16661066,"André Kuster","2026-08-06 00:54:20",520.5,2,andrkuster
6885,16705363,"Matt Hall","2026-08-16 01:44:32",520.4,2,matthall0
6886,16690152,"The Ceris","2026-08-16 11:49:31",520.3,2,amedeopachera
6887,16757407,"Dylan Bailes","2026-08-26 07:11:56",520.1,2,dylanbailes
6888,16686150,"Aek KunKub","2026-08-14 05:21:43",520.0,2,aekkunkub
6889,16699856,yukio,"2026-09-24 03:53:38",519.9,2,yukioseki
6890,16673712,"Alejandro Betato","2026-08-16 10:48:24",519.8,2,alejandrobetato
6891,16808750,ssssying,"2026-09-11 14:41:53",519.7,2,ssssying
6892,16889017,Bigwh3el,"2026-09-23 20:52:54",519.6,2,bigwh3el
6893,16845161,"Abate etienne","2026-09-08 00:28:04",519.4,2,abateetienne
6894,16670779,"Aditya Dube","2026-08-06 01:41:24",519.3,2,dubeaditya
6895,16661934,"Viacheslav Kasatkin","2026-08-10 10:48:25",519.3,2,viacheslavkasatkin
6896,16632118,nk,"2026-09-11 09:55:01",519.1,2,nagatakengo
6897,16665046,"Srish Jana","2026-08-06 18:12:59",519.1,2,srishjana
6898,16655630,askBillyWhatMamaDid,"2026-08-28 02:06:18",518.8,2,askbillywhatmamadid
6899,16924914,AgriPredictors,"2026-09-20 15:15:49",518.7,2,"mehakiftikhar,mnkaggler"
6900,16665281,"[Deleted] 899172b8-e148-4564-ba8c-c46356105ab8","2026-08-05 09:55:11",518.7,2,del=cd7e9a4014b872ef
6901,16666614,"Arjun Annamalai","2026-08-18 09:23:28",518.6,2,arjunannamalai
6902,16726687,"Rohin Kethipally","2026-09-24 01:57:38",518.4,2,rohinkethipally
6903,16660214,ytddsyt1214,"2026-08-09 12:32:06",518.4,2,ytddsyt1214
6904,16897043,"Suyog Dahal","2026-09-23 10:08:48",518.3,2,uzumakidahal
6905,16907592,may2223,"2026-09-21 06:31:05",518.3,2,may2223
6906,16688134,"Marc Dakuginow","2026-08-13 01:40:44",518.0,2,marcdakuginow
6907,16686655,"Emir Baki Demirci","2026-08-14 22:43:55",518.0,2,emirbakidemirci
6908,16680108,dentalsoup,"2026-08-07 09:03:47",517.9,2,afinemonkey
6909,16723037,"Red Cat","2026-09-10 19:23:50",517.8,2,severl
6910,16670596,prabalsingh_23,"2026-08-26 02:33:14",517.7,2,prabalsingh23
6911,16666055,Axit,"2026-08-06 10:16:15",517.7,2,axitslab
6912,16661550,SeriouS_K,"2026-09-24 08:28:49",517.4,2,serious101
6913,16889005,Dino,"2026-09-23 08:43:11",517.3,2,ngohongthai
6914,16693738,"Sonu Jha","2026-08-14 20:32:37",517.2,2,sonujha090
6915,16720714,"Lithole Munangiwa","2026-08-19 11:23:49",517.2,2,litholemunangiwa
6916,16867745,"Carlos Uño Magne","2026-09-13 15:09:49",517.2,2,carlosuomagne
6917,16685582,Wasaanyi,"2026-08-18 09:21:30",517.0,2,"cnakakeeto,wasaanyi"
6918,16658327,pocari1,"2026-08-19 07:17:28",517.0,2,pocari1
6919,16918629,humblegod,"2026-09-20 19:49:23",516.7,1,sophatodom
6920,16715897,shettynaisha,"2026-09-06 17:28:58",516.7,2,shettynaisha
6921,16757417,otter_0714,"2026-09-21 02:42:56",516.5,2,otter0714
6922,16740248,KK_nut,"2026-08-25 03:26:52",516.4,2,k0k0nut
6923,16798512,"Yuichiro Kinoshita","2026-09-24 14:38:48",516.4,2,yuichirokinoshita
6924,16795624,"Shashwat Khare","2026-09-02 01:46:54",516.3,2,shshwtkhr
6925,16698292,"Dallas Manning","2026-08-17 14:29:53",516.2,2,dallasmanning
6926,16676155,"Adam Carnaffan","2026-08-07 16:48:03",516.1,2,adamcarnaffan
6927,16756987,"Joseph Paggeot","2026-08-24 04:32:57",516.0,2,josephpaggeot
6928,16920613,"vietnam vo dich","2026-09-18 13:38:00",515.9,2,ctun12
6929,16890133,Adsterr,"2026-09-19 07:58:59",515.8,2,adsterr
6930,16914771,"Moritz Schobesberger","2026-09-17 15:21:34",515.8,2,moritzschobesberger
6931,16845148,"nasa Furiy","2026-09-07 08:24:40",515.7,2,nasafuriy
6932,16663093,"Akul Sareen","2026-08-21 23:49:50",515.7,2,akulsareen
6933,16723125,"Shubham Dhapola","2026-08-16 13:35:23",515.6,2,shubhamdhapola24
6934,16760226,"Erich Hofstötter","2026-08-24 15:49:06",515.4,2,erichhofsttter
6935,16786450,fujii,"2026-09-15 14:01:51",515.1,2,kojisoemi
6936,16926556,Fufig,"2026-09-20 17:31:56",515.1,2,yafufig
6937,16769648,"Alok Kumar","2026-08-28 18:04:50",515.0,2,shadowserpent
6938,16740840,"Huchen Jiang","2026-09-02 09:18:47",514.6,2,huchenjiang
6939,16635744,XDang13,"2026-09-01 00:50:40",514.4,2,xdang13
6940,16818405,MickyDot,"2026-09-08 08:16:06",514.3,2,mickydot
6941,16749371,"Renisa Assyifa Putri","2026-08-21 05:24:07",514.0,1,renisaassyifaputri
6942,16656871,"Pedro Henrique","2026-08-07 03:37:29",514.0,2,pedrohets
6943,16846845,Shunsuke,"2026-09-07 15:25:38",513.9,2,shunsukeisono
6944,16645446,gogo98415,"2026-08-29 06:04:15",513.8,2,gogo98415
6945,16712921,"Come Back","2026-08-20 00:45:45",513.8,2,amirhosseinltf
6946,16623678,"Mahog & Gerar","2026-09-23 14:42:13",513.5,2,"gerardeltoro,mahoganybuttstrings"
6947,16648589,"Yilan Zhu","2026-08-05 11:23:23",513.4,2,yilanzhu
6948,16645841,Lucien,"2026-09-24 07:55:19",513.2,2,lucienhu6775765
6949,16660462,"Vishwanath N Iyer","2026-08-07 07:22:17",513.2,2,vishwanathniyer
6950,16638645,ChrisDavis,"2026-08-03 23:29:34",513.1,2,alpacas
6951,16656317,"Manu Rahi","2026-08-06 16:43:55",513.0,2,manurathi
6952,16678633,"Tanishq Tayade","2026-09-14 21:39:04",513.0,2,tanishqtayade
6953,16629002,Alpro,"2026-09-08 23:32:24",512.9,2,"dogaakal,egekemalkaraca"
6954,16725938,"Ben Cheng","2026-09-05 16:03:36",512.9,2,benczb
6955,16672333,"Giovanny Rodríguez","2026-09-17 16:32:24",512.8,2,giovannyrodrguez
6956,16661099,TheSven,"2026-08-06 17:05:25",512.8,2,thesven
6957,16657601,Simon,"2026-08-05 15:59:44",512.4,2,benten10
6958,16929820,sdssJ0,"2026-09-23 09:57:21",512.4,2,sdssj0
6959,16808641,papajams,"2026-09-23 20:11:34",512.4,2,papajams
6960,16683918,Thuytien,"2026-08-07 17:20:33",512.3,2,thuytien200529
6961,16632253,nasuuuuun,"2026-08-04 13:30:11",512.3,2,hikarumatsuzaki
6962,16677585,Pan,"2026-08-07 13:54:22",512.2,2,mehdiacho
6963,16691310,"Ganesh ","2026-09-20 18:08:03",512.0,2,hotshot1798
6964,16631981,"Karen Letir","2026-08-10 09:21:51",512.0,2,karenletir
6965,16680562,devsloppy,"2026-08-10 20:02:19",512.0,2,twu1738
6966,16662057,DeokJin,"2026-08-05 04:01:38",511.9,2,deokjin
6967,16687293,"Aurelie Jodelle Kemme","2026-08-20 00:25:43",511.9,2,"audreydemafo,aureliejodellekemme"
6968,16708230,"jose manuel Tinajero","2026-08-25 15:02:46",511.7,2,josemanueltinajero
6969,16659645,Drakus_Julia,"2026-08-09 02:15:20",511.5,2,drakus74
6970,16863015,"Carlos Jaime","2026-09-24 03:14:47",511.4,2,cjaime708
6971,16852342,"Minh Đăng Lê","2026-09-08 17:30:17",511.4,2,minhngle
6972,16922976,kotemendo,"2026-09-20 00:43:54",511.3,2,kotemendo
6973,16671648,"[Deleted] 05e6ae2c-c72f-4044-b02f-dc74277e34ab","2026-08-09 07:21:22",511.2,2,del=871ca06d8c734ede
6974,16742059,dafei2025,"2026-09-03 09:19:34",511.2,2,dafei2025
6975,16676320,"Khôi Trần","2026-08-29 14:14:57",511.2,2,khoitrn
6976,16773942,"Malhar Shah","2026-09-23 22:43:34",511.1,2,"malharshah2511,veervohra123"
6977,16675900,"Pranav Advani","2026-09-23 22:07:20",511.1,2,pranavadvani
6978,16915853,popwenman,"2026-09-19 08:21:09",511.1,2,popwenman
6979,16621523,"Victor Orihuel","2026-08-18 05:40:18",511.0,2,victororihuel
6980,16828705,"liama liama","2026-09-04 16:37:52",510.9,2,liamaliama
6981,16679771,Coolgolf,"2026-09-02 13:56:54",510.8,2,coolgolf
6982,16659025,"Mohammed Naseef","2026-08-05 09:01:20",510.8,2,mohammednaseef
6983,16762831,026,"2026-09-07 00:58:19",510.8,2,thahaarsh
6984,16631919,"Ghinwa Allaoui","2026-08-04 16:27:17",510.7,1,ghinwaallaoui
6985,16674308,"Ayush Roy","2026-08-06 20:28:57",510.7,2,ayushroy39
6986,16685618,"Krupa Vardhan","2026-08-28 09:24:21",510.6,2,krupavardhan
6987,16887642,"Dimitrios Giannoulis","2026-09-14 12:38:24",510.4,2,plagiagia
6988,16925815,"[Deleted] c3923c6e-1011-4da1-9c40-584a2fcbcc36","2026-09-20 01:04:14",510.4,1,del=0e85502e1e45d7da
6989,16658116,Emmy,"2026-09-24 08:05:34",510.4,2,emmyone
6990,16735251,AlviH47,"2026-08-19 14:25:48",510.3,2,alvih47
6991,16669397,"Abed Kibbe","2026-09-13 06:09:10",510.3,2,abedkibbe
6992,16693797,"Riyaz Ur Rehman","2026-08-17 02:21:15",510.3,2,riyazurrehman
6993,16705183,"Tong Jiakai","2026-08-14 08:23:26",510.3,2,tongjiakai
6994,16770440,"Tegar Putrayas Dentatama","2026-08-29 06:33:59",510.0,2,tegarputrayasd
6995,16658074,"Qui Ngx","2026-08-05 05:57:15",509.9,2,quingx
6996,16662201,"Saumitra Verma","2026-08-04 18:28:36",509.6,2,saumitraverma
6997,16914539,Kou111111,"2026-09-18 10:32:09",509.5,2,kou111111
6998,16658391,"Jack #2","2026-09-23 17:30:45",509.4,2,jack1233
6999,16684024,"Work From Home 3.0","2026-08-14 12:33:30",509.1,2,"direct1,gongyiqian,jovansee,maxtankialok,n00bcak"
7000,16922419,"Md Abu Saif","2026-09-23 22:56:45",509.1,2,mdabusaif48
7001,16941927,想想偶像怎么做,"2026-09-24 08:47:33",508.9,2,fjt12138
7002,16899234,vimes1984,"2026-09-17 01:19:19",508.9,2,vimes1984
7003,16665257,"Ken Li","2026-08-09 12:59:32",508.9,2,kenliwt
7004,16666371,jiten_topiwala,"2026-08-08 16:51:13",508.8,2,jitentopiwala
7005,16706985,Valmrnch,"2026-08-24 07:57:56",508.7,2,valmrnch
7006,16663864,RamónLópez,"2026-09-19 09:02:17",508.6,2,lopeznomar
7007,16763351,shutong114,"2026-09-20 18:38:08",508.2,2,shutong114
7008,16660173,"PAULO HENRIQUE DE LIMA","2026-08-06 02:42:20",508.2,1,paulohenriquedelima
7009,16664841,vohi01,"2026-09-24 05:34:16",508.0,2,vohi01
7010,16806084,"DSDgsdgs SDgsdfgs","2026-09-03 05:19:11",508.0,1,dsdgsdgssdgsdfgs
7011,16692644,"Achille Gohin","2026-08-10 00:26:26",507.9,2,achillegohin
7012,16773402,齐乐,"2026-08-28 05:52:43",507.8,2,qile200107
7013,16664140,Sxwat,"2026-08-23 01:13:13",507.7,2,aybatov
7014,16651167,ArmanVardanyan07,"2026-08-03 22:43:13",507.7,2,armanvardanyan07
7015,16720760,ysteh05,"2026-08-15 05:14:53",507.6,2,ysteh05
7016,16774134,kokdonbaq,"2026-08-30 14:07:52",507.6,2,darkhan14
7017,16717601,"Mariem Fersi","2026-08-24 23:22:14",507.6,2,"mariemfersi,yassinebrahem2"
7018,16663777,"Mortis Beans","2026-08-24 05:27:44",507.5,2,mortisbeans
7019,16844334,lsnm,"2026-09-07 15:02:17",507.5,2,eliasnema
7020,16656913,"Inna Davidov","2026-08-20 04:43:47",507.2,2,innadav
7021,16652952,lackmind,"2026-09-04 18:46:11",507.1,2,lackmind
7022,16907151,"Susana Horias","2026-09-23 14:46:43",507.0,2,"diegobarriosalonso,noelcalvoortega,robertocanrubio,rubnvalcarcelvarez"
7023,16698103,JJ,"2026-09-02 09:46:15",507.0,2,jianjinchen
7024,16784966,oouiaa,"2026-09-03 21:53:59",506.9,2,tomofumihata
7025,16718338,"Oladimeji Adeyemi","2026-08-17 15:33:50",506.7,2,adeyemioladimeji
7026,16663188,"Ethan Feng","2026-08-05 22:09:38",506.7,2,xenon111231
7027,16814952,"Ngọc Huyền","2026-09-15 03:55:18",506.6,2,ngchuynss
7028,16784417,"Dallas Odem","2026-08-29 13:14:30",506.6,2,dallasodem
7029,16777150,Eduardo2c,"2026-09-06 14:23:04",506.3,2,eduardo2c
7030,16705480,Mint120,"2026-08-19 05:49:10",506.1,2,mint120
7031,16779813,zitihc,"2026-08-29 14:18:49",506.1,2,zitihc
7032,16862225,"Dmitriy Ershov","2026-09-09 19:38:26",506.1,2,bejeweled
7033,16736951,giacomovin,"2026-08-25 20:14:52",506.1,2,giacomovin
7034,16661443,"STEPHEN ASANTE OPOKU","2026-08-04 16:45:41",506.1,1,stephenasanteopoku
7035,16868761,TboneBrown,"2026-09-11 17:14:42",505.8,2,tbonebrown
7036,16891695,yuruihito,"2026-09-16 14:04:22",505.7,2,yuruihito
7037,16825996,"Alex Li","2026-09-04 08:02:19",505.7,2,alexli1998
7038,16670218,"What is Coding?","2026-08-07 01:47:17",505.6,2,matthewshvarts
7039,16691466,"Jeeta Nandi ","2026-09-04 09:23:34",505.5,2,jeetanandi
7040,16867305,Prikat,"2026-09-24 00:05:45",505.5,2,prikat
7041,16623302,"Raffi Ardhi Naufal","2026-07-31 18:31:57",505.5,1,raffiardhi
7042,16705661,"Toshiki Touda","2026-08-13 06:51:05",505.4,2,toshikitouda
7043,16942760,"V Manmohan","2026-09-24 13:28:25",505.4,2,vmanmohan
7044,16694171,"guanran wang","2026-08-11 05:57:12",505.3,2,guanranwang
7045,16660413,Ritesh-2006,"2026-09-24 05:25:22",505.3,2,ritesh2006
7046,16765380,jslee_homeofson,"2026-08-25 13:10:22",505.3,2,jsleehomeofson
7047,16693522,shadycoderalltime,"2026-09-21 00:01:59",505.0,2,shadycoderalltime
7048,16777132,"Soham Dave","2026-08-27 14:51:01",504.9,2,sohamdave19
7049,16658160,yunquer,"2026-08-17 07:18:53",504.9,2,yunquer
7050,16659444,"ANKIT AGARWAL","2026-09-18 05:54:26",504.9,2,ankwall223
7051,16630903,"Hrushikesh Pawar","2026-08-09 14:44:37",504.8,2,hrushikeshpawar
7052,16632100,"Mohit Shirke","2026-08-07 17:55:11",504.7,2,orcivion
7053,16685349,Onelux,"2026-08-13 12:58:31",504.7,2,leehomhuang
7054,16829729,NoobMaster69,"2026-09-06 09:12:58",504.7,2,thelegend007
7055,16693033,AgriBot,"2026-08-13 23:53:10",504.6,2,prcieuxcomlan
7056,16668509,HarryZ,"2026-09-13 04:29:04",504.6,2,mzhumzhu
7057,16668678,"Madhur Sabherwal","2026-08-14 02:47:14",504.6,2,madhur321
7058,16661832,"Roberto Garcia","2026-08-08 15:09:39",504.5,2,robertogarciada
7059,16755101,"Thomas van der Meer","2026-08-26 11:19:19",504.3,2,tvdermeer
7060,16844262,"S Aishvarya","2026-09-24 13:30:35",504.3,2,saishvarya
7061,16673034,"Milos Vlainic","2026-09-23 14:43:54",504.2,2,wlakinsson
7062,16947496,"lit tlemiaos","2026-09-24 05:24:44",504.1,2,littlemiaos
7063,16885828,U-Bex,"2026-09-21 16:03:53",504.1,2,shuichiurabe
7064,16661927,JHCodeQuest,"2026-08-25 11:36:46",504.0,2,josephkhassan
7065,16630773,"An Hoang Vo","2026-09-05 14:49:25",504.0,2,anhoangvo
7066,16630335,"Solve Langseth","2026-08-05 06:48:57",503.6,2,solvelangseth
7067,16659896,TedT,"2026-08-11 19:36:14",503.3,2,fdsaur
7068,16662751,ZeD,"2026-08-06 10:11:24",503.3,2,hussamcheema
7069,16664913,"ABHISHEK KUMAR","2026-08-17 04:20:56",503.2,2,abhishek6545
7070,16661432,"Ange Adantchede","2026-09-21 09:00:05",503.2,2,angeadantchede
7071,16662643,Mohit_Singh,"2026-09-24 05:21:07",503.2,2,mohitsingh955
7072,16654970,"Maycon Coutinho","2026-08-27 21:28:32",503.1,2,coutinhomaycon
7073,16724395,"Hampton Yeh","2026-08-22 04:07:32",503.0,2,hamptonyeh
7074,16672657,"Lochan Naik","2026-08-07 08:41:44",503.0,2,lochannaik
7075,16760352,"Romain Bomba","2026-08-24 01:27:23",502.8,2,romainbomba
7076,16637649,cameronezrajones579,"2026-08-15 15:49:12",502.8,2,cameronezrajones579
7077,16931219,AzureYu,"2026-09-21 10:44:17",502.7,2,azureyu
7078,16857732,bzczz123,"2026-09-17 09:52:43",502.7,2,bzczz123
7079,16740709,"Abimael Firstana #2","2026-09-11 07:19:13",502.6,2,abimaelfirstana99
7080,16687538,aefinityaiinc,"2026-08-27 20:59:35",502.5,2,aefinityaiinc
7081,16661397,"T. Scharf","2026-08-05 02:54:36",502.5,2,scharf
7082,16726854,"Tâm La Thành","2026-08-27 08:55:02",502.4,2,tmlathnh
7083,16701250,T00bii,"2026-08-11 16:11:06",502.3,1,t00bii
7084,16926532,"Akash Shah","2026-09-19 20:13:25",502.2,2,akashshah3
7085,16733644,Gavilán,"2026-08-23 19:41:22",502.1,2,gaviln
7086,16660081,fakyyy,"2026-08-09 11:19:15",501.9,2,manideepreddyakula
7087,16798775,Lissabon,"2026-09-07 03:36:41",501.7,2,lissabon
7088,16735702,opflare,"2026-09-04 23:47:49",501.7,2,opflare1144user
7089,16682984,"Rishikesh Bharat Koli","2026-08-08 04:18:06",501.7,2,rishikeshbharatkoli
7090,16688383,plong2101,"2026-08-18 06:21:34",501.6,2,plong2101
7091,16808492,"beginner's luck","2026-09-24 11:54:18",501.5,2,"naohs01,tropicalbanana"
7092,16659813,"Uday Kumar R","2026-08-13 09:47:39",501.3,2,udaykumarramineni
7093,16709880,"Javier Pérez Robles","2026-08-15 02:21:07",501.0,2,javierprezrobles
7094,16858984,Katherine_2002,"2026-09-24 07:17:45",500.9,2,katherine2002
7095,16724269,lava,"2026-09-11 11:22:13",500.8,2,fanxiaozhen
7096,16657674,Warriors,"2026-08-29 14:12:29",500.8,2,"karthikreddykarri,kovvurisaimohanreddy,vikramadityaabhiram"
7097,16879578,"kabir Merakeb","2026-09-24 16:06:44",500.7,2,kmerakeb
7098,16640077,larry54321zhao,"2026-09-09 08:48:32",500.7,2,larry54321zhao
7099,16709487,Kohei,"2026-08-19 20:54:42",500.6,2,kshintani
7100,16641622,datajanko,"2026-08-22 07:40:54",500.5,2,jankoch
7101,16840365,"Pranjal Morwal","2026-09-24 10:03:24",500.4,2,pranjalmorwal
7102,16689908,Hyun777,"2026-08-14 01:11:17",500.4,2,hyun777
7103,16714335,"Jake Mordan","2026-09-24 08:39:37",500.3,2,jakemordan
7104,16740263,"Scott Weeden","2026-09-22 01:33:00",500.2,2,scottweeden
7105,16631480,"Kumar Abhijeet","2026-07-31 13:29:40",500.1,1,krabhijeet
7106,16890884,"Michael Swartz","2026-09-14 17:50:04",500.1,2,michaelbruwerswartz
7107,16676663,"This cat is called Fumi","2026-08-11 18:21:43",500.1,2,qwer556617123
7108,16886765,LZWang,"2026-09-13 22:00:47",500.0,2,wlzwlz
7109,16657401,korpo,"2026-08-25 20:18:13",500.0,2,krisko
7110,16674714,"Kaaleedass Manoharan","2026-08-31 19:07:47",500.0,2,kaaleedassmanoharan
7111,16726913,"T T‗Worker","2026-08-22 11:08:14",499.9,2,ttworker
7112,16662060,"Richard Valino","2026-08-06 16:03:36",499.8,2,richardvalino
7113,16796164,harsh,"2026-09-22 16:02:23",499.5,2,harshdeshwar
7114,16688873,cancel,"2026-08-18 06:50:33",499.3,1,rugaru
7115,16686972,"Ankit Maurya","2026-08-23 07:05:44",499.1,2,"ankitmaurya16,rudraprasadsah"
7116,16661507,Siddharth1984,"2026-08-06 13:39:22",499.0,2,siddharth1984
7117,16886832,"Ayush Patel","2026-09-13 16:25:18",499.0,2,ayushpatel02
7118,16692480,"Khalis Murfid","2026-08-24 07:03:02",498.9,2,khalismurfid
7119,16641009,"Marius Kirschner","2026-08-03 08:41:47",498.8,2,mariuskirschner
7120,16761589,"Eren -","2026-08-27 08:48:44",498.7,2,erenozyurek
7121,16802663,ipefix,"2026-09-01 17:34:35",498.6,2,nmsis91
7122,16664652,QuasarHeart,"2026-09-04 14:00:05",498.6,2,quasarheart
7123,16714363,guohaowen,"2026-08-13 14:25:48",498.4,2,guohaowen1910
7124,16634790,"Steven Lui","2026-08-03 12:22:08",498.4,2,stevenlui
7125,16789996,"Chen Jiaqi","2026-09-02 15:48:25",497.9,2,elaemchen
7126,16778579,"Jiajia Zhang","2026-08-29 18:19:12",497.8,2,jiajiazhang01
7127,16655899,"Dominic Tedrow","2026-08-17 20:37:28",497.7,2,dominictedrow
7128,16947207,"Ayush Khandwe","2026-09-24 07:37:55",497.6,2,ayushkhandwe
7129,16672473,goldfish,"2026-08-13 03:34:21",497.5,2,dolgfish
7130,16723737,HaruhiroKazami,"2026-08-21 16:12:04",497.4,2,haruhirokazami
7131,16655069,"Jason Harrison","2026-08-05 20:56:59",497.3,2,jasonharrisonco
7132,16656797,"رحيم محمد","2026-08-04 20:05:45",497.2,2,darkmaxedwe
7133,16725847,"Shel Horta","2026-08-18 04:29:55",497.1,2,shelhorta
7134,16661596,t@got@go,"2026-08-10 06:24:24",497.0,2,kamdaanahessod
7135,16707159,"Toua Innocent TIA","2026-08-17 16:28:36",497.0,2,centino
7136,16668461,SobanAli,"2026-08-19 15:49:03",496.9,2,soban256
7137,16888000,Akhilesh,"2026-09-19 00:03:29",496.8,2,akhilkas
7138,16685028,"serene ng","2026-08-13 14:53:37",496.8,2,sereneng
7139,16687942,"Arya Arun","2026-08-16 08:52:26",496.8,2,aryaarun07
7140,16691807,lbs-vadar,"2026-08-26 18:29:57",496.7,2,lbsvadar
7141,16686109,"Triple Tensor","2026-08-17 08:24:26",496.7,2,"adinathjagtap777,pds178,prajwalzolage05"
7142,16725483,PQ_Marz,"2026-08-15 16:25:50",496.7,2,pqmarz
7143,16644577,"Arthur Merritt","2026-08-04 07:11:11",496.5,2,jarthuph
7144,16733948,novodude,"2026-09-06 18:41:26",496.4,2,novomont
7145,16662043,"Hengcong Zhu","2026-08-05 14:46:24",496.2,2,hengcongzhu
7146,16724842,"Mikaela Gkolemi","2026-08-21 19:04:38",496.1,2,mikaelagkolemi
7147,16715126,준환,"2026-09-10 11:28:25",496.1,2,paulguilbert
7148,16628487,"Koichi HIRAOKA","2026-08-01 08:42:40",496.1,2,koichihiraoka
7149,16845696,Huskkky,"2026-09-07 03:47:13",496.0,2,huskkky
7150,16728137,mchicen,"2026-08-20 16:48:10",496.0,2,"iyaiji,mchicen"
7151,16778947,mart3104,"2026-09-05 15:31:43",495.9,2,mart3104
7152,16728014,Alpha223,"2026-09-05 15:51:24",495.9,2,alpha223
7153,16639244,"Romone Dunlop","2026-08-11 10:19:49",495.9,2,romonedunlop
7154,16799023,"Alkava Ind","2026-09-21 14:40:10",495.5,2,alkavaind
7155,16662722,"Ajeet Jain","2026-08-07 06:32:10",495.5,2,jainajeet29
7156,16818158,Noza,"2026-09-16 04:36:09",495.4,2,harukanozato
7157,16656689,"Vansh Gupta","2026-08-11 08:56:56",495.4,2,vanshrl9ine
7158,16668324,"Alden Jenish S","2026-08-06 14:02:09",495.3,2,aldenjenishs
7159,16705415,"Mauro Najera","2026-08-11 05:30:13",495.3,2,mauronajera
7160,16701761,BalaVignesh,"2026-08-11 17:04:37",495.0,2,balavignesh
7161,16883234,Cpleasance,"2026-09-14 00:24:24",495.0,2,cpleasance
7162,16664502,"Alejandro Morales","2026-08-10 01:05:59",495.0,2,langley96
7163,16729081,"Venkata Y","2026-08-19 00:45:13",494.9,2,venkatayerrapothu
7164,16729152,Antoine,"2026-08-17 10:12:04",494.9,2,a11t01n3
7165,16823067,Francisco,"2026-09-10 18:00:57",494.8,2,cheneblanc
7166,16729914,Christina,"2026-09-14 11:16:46",494.7,2,geekycb
7167,16783713,Gale,"2026-09-05 02:29:43",494.7,2,na1vel
7168,16633577,Boxy,"2026-08-15 18:55:40",494.3,2,boxyml
7169,16699707,"Afana Khalit putra","2026-08-11 08:57:25",494.2,2,afanakhalitputra
7170,16843316,"Felipe Chiarini","2026-09-12 12:03:15",494.2,2,felipechiarini
7171,16656470,Glimmeron,"2026-08-12 02:01:48",494.2,2,rishabhraushan
7172,16691007,"Nhật Khoa Phạm","2026-08-14 16:15:43",494.2,2,pnk123456
7173,16725123,"Pham Quang Nghia","2026-08-22 15:00:51",494.1,2,phamquangnghia
7174,16826447,"Absara viswanathan","2026-09-07 06:16:20",494.0,2,viswanathanabsara
7175,16725955,"Aditya Pandey","2026-08-17 00:10:10",493.5,2,adipandey777
7176,16769170,"Hardik Savaliya211","2026-08-25 11:07:10",493.4,2,hardiksavaliya211
7177,16895340,Prakhareshwar,"2026-09-22 15:22:36",493.4,2,prakharpathak12
7178,16783677,"Đặng Anh Thịnh","2026-08-28 08:31:12",493.3,1,nganhthnh
7179,16809985,"ADOLE Edache","2026-09-23 09:21:17",493.3,2,adoleedache
7180,16811414,Y-Kitaro,"2026-09-17 02:24:34",493.0,2,yhataktaro
7181,16674943,feyZERO,"2026-08-16 10:48:50",492.9,2,faezamora
7182,16655072,Sonuaswar1,"2026-08-04 07:33:47",492.9,2,sonuaswar1
7183,16794052,"Sarthak Mishra","2026-09-21 19:37:18",492.8,2,"aarushverma04,pg541425,sarthak25b15310182,yadavup50"
7184,16666709,JSQL,"2026-09-02 18:52:37",492.5,2,jeffreyschott
7185,16705149,"Allen Chun","2026-08-15 04:59:05",492.4,2,allenchun
7186,16637099,tobhull,"2026-09-23 02:26:34",492.3,2,tobhull
7187,16725757,AchyutKishore123,"2026-09-23 07:06:41",492.2,2,achyutkishore123
7188,16666652,"Mohamed Fanni","2026-08-17 00:51:38",492.2,2,"arachid,mohamedfanni,soukaynamokhtari"
7189,16771340,pang,"2026-09-05 16:41:51",492.2,2,pangwenfeng
7190,16949981,"Yi Yu","2026-09-24 13:41:16",492.2,2,yy5652
7191,16711812,"zhan renyi","2026-08-31 05:24:39",492.1,2,zhanrenyi
7192,16633069,"Nur Srijan","2026-08-06 12:55:34",492.0,2,nursrijan
7193,16665424,taaaaanq,"2026-08-17 14:23:35",491.7,1,"chuayaplong,flashtigro,huayu05,taaaaanq"
7194,16672078,vietlinhh02,"2026-08-08 07:46:53",491.4,2,vietlinhh02
7195,16848498,KeiroS,"2026-09-11 07:59:01",491.2,2,keiros
7196,16702281,"Dhruv Patel #2","2026-08-10 21:25:08",491.2,2,dhruvpatel1972
7197,16658344,SOONHANKWON,"2026-08-28 02:00:59",491.1,2,soonabletv
7198,16675477,"Joanne Yun","2026-08-07 13:40:53",491.1,2,joannejyun
7199,16920641,"Tailee Kim_7","2026-09-19 11:52:02",491.0,2,emilykim01
7200,16701454,"André-Marie BEHANZIN","2026-09-15 11:42:17",490.9,2,andremariebehanzin
7201,16640399,Hubbahub,"2026-08-04 20:40:39",490.8,2,hubbahub
7202,16668606,"Hasith Kulathilaka","2026-08-31 19:09:39",490.7,2,hasithkulathilaka
7203,16658627,"Osman Can ÇETLENBİK","2026-08-05 15:25:30",490.6,2,osmancancet
7204,16880022,Abdulbosid,"2026-09-24 12:07:53",490.5,2,abdulbosid
7205,16654347,"aarav maheshwari1","2026-08-26 05:57:03",490.5,2,aaravmaheshwari1
7206,16744572,DivyanshAgg,"2026-08-31 19:30:49",490.2,2,divyanshagg
7207,16627463,dnish,"2026-08-05 07:37:16",490.1,2,dnishio
7208,16649077,"Yifan Yang 135","2026-08-11 06:22:40",490.1,2,yifanyang135
7209,16659183,"Leonard Yaw Mensah","2026-08-05 02:22:25",489.9,2,leonardyawmensah
7210,16940818,Laiba,"2026-09-24 11:45:36",489.8,1,laibasm01
7211,16733785,"Stuart Gilbert","2026-08-30 01:52:41",489.8,2,stuartgilbert
7212,16665080,"RAVI KUMAR696996","2026-08-05 06:14:29",489.8,2,ravikumar696996
7213,16632105,"shreyas sangalad","2026-08-02 12:01:08",489.8,2,spoortisangalad
7214,16659505,"Duleeka Mevan","2026-08-06 09:32:46",489.6,2,duleekamevan
7215,16880843,"Triều Đinh Hải","2026-09-12 19:41:11",489.3,2,triuinhhi
7216,16745065,MrEvidentYew,"2026-08-24 18:36:02",489.1,2,mrevidentyew
7217,16668612,"raffael prem","2026-08-06 08:02:13",489.1,2,raffaelprem
7218,16630163,"SEREENA JERRY","2026-08-06 08:59:17",489.0,2,serenajerry
7219,16752191,"Wenxuan Ye","2026-09-04 07:10:28",488.9,2,akomwins
7220,16774958,"Charles Wuytack","2026-08-27 14:58:07",488.9,2,charleswuytack
7221,16675060,"Xinger Gao","2026-08-31 08:52:07",488.8,2,xingergao
7222,16627009,c0sm1c,"2026-08-01 11:06:14",488.7,1,tanghao111
7223,16880707,Joy_22@1,"2026-09-18 17:23:09",488.6,2,joy221
7224,16658925,CYBWithFlourish,"2026-08-06 15:56:28",488.4,2,cybwithflourish
7225,16871722,agenlu,"2026-09-24 09:10:52",488.4,2,agenlu
7226,16700080,Kaushik,"2026-08-10 11:11:18",488.3,2,kgarumugam
7227,16724470,"Mahdi Rafati","2026-08-24 15:32:51",488.2,2,mahdirafati
7228,16729510,ARM,"2026-09-08 13:01:17",488.2,2,"midhun4126,mrohithjohn"
7229,16726445,"James Patounas","2026-08-19 08:37:06",488.2,2,jamespatounas
7230,16890155,GSD,"2026-09-20 06:42:42",487.9,2,gsdeepakkumar
7231,16635481,Jamaisvu,"2026-08-20 15:39:29",487.9,2,jamaisvu
7232,16884418,xuechengzou,"2026-09-13 12:22:43",487.8,2,xuechengzouinkaggle
7233,16662741,"Abhiraj Govind","2026-08-04 18:01:16",487.8,1,abhirajgovind
7234,16695400,"Karam Khasawneh","2026-08-10 20:29:16",487.7,2,karamkhasawneh
7235,16799797,"Zimin Zhong","2026-09-23 15:17:43",487.7,2,"dracfy,lyylyy2,zhongzinmin"
7236,16692168,"Kinshuk Aggarwal","2026-08-09 04:23:32",487.5,1,kinshukaggarwal
7237,16722561,Asia214,"2026-08-30 02:26:16",487.5,2,asia214
7238,16773194,NgNhan3110,"2026-08-27 09:36:17",487.2,2,ngnhan3110
7239,16654485,"Mahbub Alam","2026-08-04 02:08:23",487.1,2,mahbubalam214
7240,16645870,"Barathan Aslan","2026-08-03 08:21:55",487.0,2,barathanaslan
7241,16744610,"Safiullah Baig","2026-08-20 13:16:58",486.2,1,safm1rza
7242,16780592,sergey,"2026-08-27 19:09:25",486.2,2,sadsdfsdf
7243,16696460,"Enzo 7mlk","2026-09-16 15:19:51",486.2,2,enzo7mlk
7244,16768079,Sohee087,"2026-08-24 20:21:01",486.2,1,sohee087
7245,16771972,"Vansh Ahlawat","2026-09-22 15:35:39",486.2,2,vansh5126
7246,16657681,"Prince Raj","2026-08-11 22:49:02",486.2,2,princerajmdb
7247,16639814,"Nikhil Krishna A","2026-09-07 07:37:56",486.1,2,techmasternikhil
7248,16668562,"Anthony LOISEAU","2026-08-06 16:07:52",486.0,2,anthonyloiseau
7249,16659261,PromptEngineer48,"2026-08-04 16:44:46",485.9,2,promptengineer48
7250,16906032,Volkan,"2026-09-22 08:59:20",485.7,2,volkan97
7251,16896566,Bleriot11,"2026-09-15 15:08:27",485.6,2,bleriot11
7252,16675468,"atakan akgün","2026-08-13 15:32:32",485.5,2,atakanakg
7253,16655600,"VYSHAKH G NAIR","2026-08-04 21:31:24",485.4,2,vyshakhgnair
7254,16649339,"华东 朱","2026-09-22 16:35:19",485.4,2,mgdbzny
7255,16664706,olivbhxf,"2026-08-06 07:10:34",485.3,2,olivbhxf
7256,16679958,Bum_Fy_Mz,"2026-08-13 20:31:44",485.0,2,bumfymz
7257,16678154,"Hashim Far","2026-08-08 04:20:32",485.0,2,hashimfar
7258,16666637,"Uttam Limbani","2026-08-07 13:41:14",485.0,2,uttamlimbani
7259,16871538,freesoso,"2026-09-15 13:11:39",485.0,2,freesoso
7260,16889078,"Md Waquar Ahmad","2026-09-16 02:52:56",484.8,2,mohdwaquarahmad
7261,16676613,LCZ1996,"2026-08-29 02:02:59",484.8,2,lcz1996
7262,16661402,"Abin Biju","2026-08-11 18:00:35",484.6,2,abinbiju1
7263,16846143,germanyum,"2026-09-13 14:32:05",484.4,2,germanyum
7264,16663618,Anthaus,"2026-08-09 17:06:35",484.3,2,anthaus
7265,16722109,Navneet,"2026-08-14 14:02:35",484.2,2,zxcdfg
7266,16683309,"Zealous Sebastian","2026-08-09 12:45:32",484.1,2,zealoussebastian
7267,16683837,"Blessed Ngorima","2026-08-18 09:40:53",484.1,2,blessedngorima
7268,16775214,"Sambhav R","2026-08-27 15:34:44",483.8,2,sambhavr
7269,16916293,Hun731r,"2026-09-17 20:49:12",483.8,2,hun731rkooki
7270,16632368,"Yuelin Bai","2026-08-03 08:15:12",483.6,2,paralym
7271,16840445,"Danko Schroeder","2026-09-18 15:17:05",483.5,1,dankoschroeder
7272,16880689,yasmine0809,"2026-09-12 16:19:37",483.5,2,yasmine0809
7273,16778703,kamaras,"2026-08-30 11:58:07",483.5,2,kamaras
7274,16840130,tkm_ktn,"2026-09-05 15:48:40",483.4,2,takumikotani
7275,16636973,"Ali Ali G","2026-08-03 18:36:40",483.4,2,alialig
7276,16888050,"Ayoub Fliless","2026-09-14 17:56:12",483.2,2,ayoubfliless
7277,16691628,"Gavin Walsh (N1DGE11)","2026-08-08 16:07:24",483.0,2,gavinwalshn1dge11
7278,16661930,zzangsunghyeon,"2026-08-08 16:22:21",482.9,2,zzangsunghyeon
7279,16672798,yaphanqiii,"2026-08-27 07:55:23",482.7,2,yaphanqiii
7280,16701847,"Xi Li","2026-09-23 03:51:28",482.3,2,bruhuh
7281,16656410,Sam,"2026-08-14 01:58:04",482.3,2,beartrader
7282,16718295,doinggyu,"2026-08-18 12:56:58",482.2,2,doinggyu
7283,16661154,"gronky goobers","2026-08-15 14:39:05",482.2,2,"viktoriusontop,yoshisurjuise"
7284,16880953,IAMNAMNAM,"2026-09-23 14:12:56",482.2,2,iamnamnam
7285,16920464,reddishregent,"2026-09-18 11:40:22",482.0,1,reddishregent
7286,16668698,Addie,"2026-08-08 05:21:08",482.0,1,addie999
7287,16678083,"Abdeljalil Idalahaj","2026-09-05 04:28:08",482.0,2,abdeljalilidalahaj
7288,16737532,lsystudyhard,"2026-08-22 12:16:47",481.8,2,lsystudyhard
7289,16641948,JustForFun,"2026-08-18 08:00:36",481.7,2,thangphung215
7290,16701046,"Thanakorn Kaewwiang","2026-08-14 17:13:39",481.7,2,deweytng
7291,16689372,"Kiran Yerpude","2026-08-12 05:39:43",481.6,2,kiranyerpude
7292,16660089,ChristosGrigoras,"2026-08-07 22:41:49",481.4,2,cgrigoras
7293,16791550,Team21,"2026-09-08 12:53:38",481.4,2,"fchen121,muktharam"
7294,16927406,wmar,"2026-09-24 06:20:56",481.4,2,wmar38334
7295,16659681,"Aditya Seth","2026-09-04 13:12:36",481.3,2,adityaseth777
7296,16870372,ALİHAKANÜNAL,"2026-09-23 14:59:55",481.2,1,needdata123456
7297,16726044,"Lena Traczuk","2026-08-22 12:03:58",481.0,2,lenatraczuk
7298,16657383,"Shih Hua Chou","2026-08-18 03:51:08",480.7,2,shihhuachou
7299,16819549,APEX101,"2026-09-06 06:16:51",480.6,2,"akshitasrivastava1,irongm"
7300,16862542,"Mitchelle's Team","2026-09-23 20:10:55",480.5,2,mitchellluciana
7301,16654174,"Dharmeswar Basumatary","2026-09-09 11:09:15",480.4,2,dharmeswarbasumatary
7302,16665364,"Shien Zhang","2026-08-06 06:50:46",480.4,1,shienzhang
7303,16756561,"Eren Tekin","2026-09-14 23:41:50",480.1,2,erennntkn
7304,16664211,"Ben Wilson","2026-08-06 23:57:29",480.1,2,crispyryse
7305,16697568,"Sergey Fedorov","2026-08-20 21:25:34",479.9,1,bd01ar
7306,16672105,"Natural Stupidity","2026-08-10 19:39:53",479.9,2,"parthb21,sujaygolla"
7307,16668137,"Thomas De Sousa","2026-08-06 06:34:48",479.8,2,thomasdesousa
7308,16673214,Boiga7,"2026-08-06 14:03:53",479.8,2,lewiselliot
7309,16755781,NaveenManwani,"2026-08-28 05:37:31",479.6,2,naveenmanwani
7310,16805196,"Sebastian Griesbach","2026-09-22 11:47:22",479.6,2,sebastiangriesbach
7311,16685722,"Jiahan Cao","2026-08-12 09:01:22",479.4,2,jiahancao
7312,16719257,"Alexander Morozov","2026-08-14 23:53:53",479.4,2,scanhex
7313,16664116,"Bogdan Sburlea","2026-09-23 23:09:08",479.4,2,bogdan1405
7314,16719742,"Varun Dave","2026-08-31 22:56:07",479.4,2,"pranavtrivedi02,varundave95"
7315,16667042,"Adarsh Mukundan","2026-09-20 14:16:32",479.4,2,aadarshmukundan
7316,16887058,"Michael Eberhard","2026-09-15 20:29:09",479.3,2,michaebe
7317,16852845,quantumgeek,"2026-09-12 06:54:58",479.1,2,yk1598
7318,16706277,"ratat Zheng","2026-08-12 10:25:38",479.1,2,ratatzheng
7319,16775131,"Re Son","2026-08-27 14:29:31",478.9,2,lemelson
7320,16858250,"ayush kumar","2026-09-14 10:35:32",478.9,2,ayushkumar1610
7321,16707986,Pones_kaggle,"2026-09-01 22:08:32",478.7,2,pyd966
7322,16720049,"aditya emmadishetty","2026-08-14 13:20:54",478.7,2,adityaemmadishetty
7323,16726211,RepeatAfterMe,"2026-08-17 08:21:41",478.6,2,bekirsciftler
7324,16895121,Timmmmmmmy,"2026-09-17 05:51:31",478.6,2,"molic1,timmmmmmmy"
7325,16786351,"Pradeep P","2026-09-14 16:39:50",478.6,2,pradeeppuranam
7326,16645936,"Abhy Rejikumar","2026-08-22 19:26:23",478.3,1,abhyrejikumar
7327,16667517,"Recep Barkın Topcu","2026-08-31 05:30:02",477.9,2,recepbarkntopcu
7328,16831839,404_Brains_Not_Found,"2026-09-20 12:36:19",477.9,2,"manavtejani,rohangadhiya1911,sakshamdubeynew,trushankvaghasiya"
7329,16663327,Gnr8tr,"2026-08-13 14:16:44",477.8,2,wilburjpereira
7330,16772455,dextrecity,"2026-08-30 11:37:56",477.7,2,"dextrecity,leo0pa"
7331,16658115,SantaClaws,"2026-08-10 14:50:31",477.6,2,vovikdrg
7332,16737362,"moushun chen","2026-08-20 06:45:46",477.6,2,moushunchen
7333,16843921,Ruijiehe1213,"2026-09-13 03:40:30",477.6,2,ruijiehe1213
7334,16886012,smartkdy7,"2026-09-13 11:37:51",477.4,1,smartkdy7
7335,16761979,"Chaitany Patel","2026-09-17 14:59:29",477.4,2,chaitanypatel
7336,16876859,Broncat,"2026-09-15 02:27:28",477.4,2,broncat
7337,16773195,"Pham Nguyen Thanh Huy","2026-08-27 05:25:55",477.4,2,huyphmnguyenthanh
7338,16682707,"AJAY KUMAR","2026-08-07 19:13:08",477.3,2,worldsslayer
7339,16809898,wodDAOdun,"2026-09-14 07:14:35",477.2,2,kylaucode
7340,16694314,"Ali Abbas Baig","2026-08-28 19:55:16",477.2,2,aliabbasbaig
7341,16623198,"Chris D'Mello (ineligible)","2026-07-31 17:32:46",477.1,1,cdmello
7342,16661382,CBenaventte,"2026-09-02 13:35:27",477.0,2,cbenaventte
7343,16623824,zhangende02,"2026-08-01 01:15:21",477.0,2,zhangende02
7344,16867680,Asuka,"2026-09-11 05:45:46",476.9,2,asuka0langley0soryu
7345,16663822,BhavyaSaini001,"2026-08-29 23:10:34",476.9,2,bhavyasaini001
7346,16847224,Kfarmer,"2026-09-19 12:51:27",476.7,2,"cwy0904,jasonchao89,jaspersooks,makomek,peiyingtok"
7347,16768939,"Pratham Sonawane","2026-08-30 17:37:23",476.7,2,prathamsonawane1
7348,16681637,nasu01,"2026-08-07 10:14:10",476.5,2,nasu01
7349,16664608,sid,"2026-08-07 18:18:04",476.5,2,sidshastri04
7350,16745574,"Yadunandan Raman","2026-08-22 12:20:06",476.4,2,yadunandanraman
7351,16661287,"Jacob Hanlon","2026-08-11 13:59:58",476.2,2,jacobhanlon
7352,16778127,Nimmokumar,"2026-09-20 18:45:50",476.1,2,nimmokumar
7353,16681778,kzeus@003,"2026-08-12 05:12:15",476.0,2,kzeus003
7354,16683934,"Teja Madala","2026-08-10 14:46:07",476.0,2,tejamadala
7355,16662995,"carlos mario de oro aguado","2026-08-06 21:08:28",475.9,2,cdeoroaguado
7356,16662715,"Great Okwuma","2026-08-17 00:10:46",475.7,2,greatokwuma2
7357,16663258,sawe,"2026-09-16 09:10:13",475.5,2,boiihhh
7358,16942701,"Tasmin Ara Chowdhury","2026-09-24 16:02:25",475.5,2,tasminarachowdhury
7359,16933345,"Sourin Rakshit","2026-09-21 09:32:28",475.3,2,sourinrakshit01
7360,16649421,Eltormtace,"2026-08-14 04:35:15",475.3,2,eltormtace
7361,16765194,henry,"2026-08-24 13:39:29",475.2,2,zchenry
7362,16764751,"Abhishek Parmar","2026-08-26 04:06:39",475.2,2,abhisheknparmar
7363,16760191,"Kushal Shiva1","2026-08-26 20:19:36",475.1,1,kushalshiva1
7364,16680799,zixma13,"2026-08-25 13:12:44",475.0,2,zixma13
7365,16706143,Adityaupadhyay0805,"2026-08-20 04:28:06",474.9,1,adityaupadhyay0805
7366,16755677,"Rutwik Kumar M","2026-08-26 16:31:00",474.5,2,rutwikkumarm
7367,16928701,gt50,"2026-09-23 10:15:39",474.1,2,shawnqjackson
7368,16674605,Versilogic,"2026-08-16 07:54:48",474.1,2,versilogic
7369,16804924,"Kevin L.","2026-09-09 07:04:46",474.1,2,zorgis
7370,16715769,Ethereallll1,"2026-08-14 15:21:12",474.0,2,ethereallll1
7371,16625216,"Emre Can","2026-08-01 17:05:51",474.0,2,seicatsu
7372,16774035,"Shengfeng Wang","2026-08-26 07:28:46",473.9,1,shengfengwang
7373,16875460,"Safa Nasrin","2026-09-24 07:30:11",473.9,2,safanasri
7374,16761657,Picu,"2026-08-23 10:42:49",473.8,2,rumoschilling
7375,16658149,X,"2026-09-21 13:42:54",473.6,2,lohithhb
7376,16741053,"Bui Minh Thanh","2026-09-07 18:50:23",473.4,2,buiminhthanh
7377,16667078,dprinzensteiner,"2026-08-05 14:06:26",473.4,2,dprinzensteiner
7378,16670719,SimoImane,"2026-08-05 23:36:09",473.3,2,simoimane
7379,16661950,moonmelonpizza,"2026-08-09 12:25:23",473.1,2,moonmelonpizza
7380,16687602,"jithin manoj","2026-08-12 13:00:23",473.1,2,jithingmanoj
7381,16664251,zzy123123,"2026-08-08 09:22:51",472.9,2,zzy123123
7382,16668589,"Gleb Naumkin","2026-08-05 22:46:26",472.7,1,glebnaumkin
7383,16656431,"Venetta Smithen","2026-08-20 02:19:45",472.6,2,venettasmithen
7384,16709522,"Sanjay Dilip","2026-09-23 23:11:27",472.6,2,sanjaydilip
7385,16892006,"Leul Hailemichael","2026-09-16 21:00:15",472.6,2,leulhailemichael
7386,16762168,Lewbei,"2026-09-10 04:58:43",472.5,2,lewbei
7387,16685570,"Micah Fernando","2026-08-07 19:46:31",472.2,2,micahfernando
7388,16717018,"Urvashi Bansal","2026-08-17 09:12:29",472.2,2,urvashibansal123
7389,16775236,hohohoZzZ,"2026-09-16 16:14:37",472.0,2,hohohozzz
7390,16694330,"Jack Way","2026-08-10 11:48:42",471.8,2,jackway05
7391,16670651,Echare,"2026-09-15 23:28:38",471.8,1,echare
7392,16809022,CheeseFunction,"2026-09-05 06:58:36",471.7,2,cheesefunction
7393,16724984,anish711,"2026-08-22 17:54:18",471.6,2,anish711
7394,16847740,FarmAre,"2026-09-07 17:31:01",471.5,2,abishekak
7395,16638883,LeiYang,"2026-08-03 15:04:07",471.5,2,leiyangcq
7396,16668154,JuanEspana,"2026-08-09 11:38:32",471.0,2,juanespana
7397,16779152,"taijiu int","2026-09-04 22:22:20",470.9,2,taijiuint
7398,16657929,Robert-zwr,"2026-08-05 11:15:48",470.9,1,robertzwr
7399,16679872,"Kirby Won","2026-09-22 22:10:05",470.8,2,kirbywon
7400,16627324,"Attack on Kaggle","2026-08-06 13:27:22",470.5,2,user19394494
7401,16926614,"Mike Codispoti","2026-09-19 18:17:10",470.5,1,mikecodispoti
7402,16678613,iBooNDK,"2026-08-09 19:03:37",470.3,2,iboondk
7403,16792630,Vipluv1,"2026-09-04 20:32:56",470.3,2,vipluv1
7404,16893233,"Garrick Lai","2026-09-15 08:44:07",470.3,2,garricklai
7405,16843511,"JiaHui Ni ","2026-09-13 14:59:35",470.1,2,jiahuini
7406,16677524,"Phúc Phạm","2026-08-07 20:16:24",469.9,2,phucpham77
7407,16774849,RiyadhLakadimu123,"2026-08-31 19:51:17",469.9,2,riyadhlakadimu123
7408,16688662,"Faz Forward","2026-08-08 09:03:10",469.9,2,fazforward
7409,16728933,dOvOb,"2026-09-08 14:51:10",469.8,2,waytosleep
7410,16876700,"Omar Mukhtar","2026-09-18 10:05:32",469.7,2,omarmukhtar3
7411,16662938,CarlitrosParra,"2026-08-05 21:34:52",469.5,2,carlitrosparra
7412,16653809,acbabc123,"2026-08-04 13:53:53",469.3,2,acbabc123
7413,16707951,K_ChanHo,"2026-09-17 11:40:29",469.2,2,kchanho
7414,16752081,"Ahmad Dehaini","2026-08-30 06:04:54",469.1,2,ahmaddehaini
7415,16758526,"sudo give_me_the_prize","2026-08-24 16:34:02",469.0,2,ibrahimab2
7416,16681924,WEcoS,"2026-08-10 04:32:03",469.0,2,aungkhainghtun
7417,16838929,Charlesm85,"2026-09-06 05:56:26",469.0,2,charlesm85
7418,16731636,関西人,"2026-08-24 06:23:14",468.8,2,m1333666888
7419,16719857,"Howey do it","2026-08-14 23:06:06",468.8,2,ronincoppins
7420,16870864,"Overfitting Is All You Need","2026-09-18 09:25:23",468.6,2,ryylll
7421,16693795,kurt,"2026-08-30 15:22:47",468.6,2,syarht
7422,16654984,"Guseinov Elvin","2026-08-08 21:44:00",468.5,2,guseinovelvin
7423,16686093,"Muhammad Usman Butt","2026-08-07 22:00:04",468.4,2,debugdemon
7424,16773043,"Petani Baik","2026-09-03 00:56:35",468.3,2,durrahandri
7425,16656641,AndrewEly8,"2026-08-05 00:56:32",468.1,2,andrewely8
7426,16718828,"Tejas Nisar","2026-08-23 17:04:45",468.1,2,tejasnisar
7427,16668108,"Suresh Chandra Mangena","2026-08-11 09:32:31",468.1,2,sureshchandramangena
7428,16713179,"Enise Zengin","2026-09-15 02:53:02",468.1,2,enisezengin
7429,16883859,"Carlos Daniel Polanco","2026-09-19 18:45:16",467.9,2,carlospolanco00
7430,16756812,"Alex Amirkhanyan","2026-08-24 05:51:16",467.9,2,aleksamirkhanyan
7431,16695102,whitelok,"2026-08-11 12:54:41",467.8,2,whitelok
7432,16658014,Bharath,"2026-09-24 02:03:19",467.8,2,pes2ug23cs121
7433,16701871,"Raj Nandan","2026-08-10 15:13:30",467.8,1,imrajnandan
7434,16794598,"Andrew Yu","2026-09-02 04:51:57",467.8,1,andnyu
7435,16882021,"lucas honoratodesouza","2026-09-14 05:21:58",467.8,2,lucashonoratodesouza
7436,16738700,"Bugra Cinar","2026-09-24 01:50:04",467.6,2,bugracnr
7437,16915448,asdfghjklbelinda,"2026-09-18 01:55:15",467.6,2,"asdfghjklbelinda,yyyemin,zhouqingwen"
7438,16666071,"Arda Yıldız","2026-08-20 09:33:54",467.5,2,xreina8
7439,16628268,toxic_2499,"2026-09-14 13:39:02",467.3,2,toxic2499
7440,16915747,xiao,"2026-09-17 17:03:40",467.3,2,xiao789
7441,16757204,hhcjj,"2026-08-22 06:42:32",467.1,2,hhcjjkk
7442,16743494,"ROHAN Exploit","2026-09-08 11:13:08",466.9,2,rohanexploit
7443,16728549,Karatelb,"2026-08-16 17:45:59",466.9,2,karatelb
7444,16893255,"Amal Raj Singh","2026-09-19 08:37:00",466.8,2,amalrajsingh
7445,16664205,"shr Wei","2026-09-03 06:00:47",466.7,2,shrwei
7446,16658476,"goksel yesiller","2026-08-04 11:07:53",466.7,2,gokselyesiller
7447,16728318,T3jas06,"2026-08-22 19:45:13",466.6,2,t3jas06
7448,16915571,"jay tsang","2026-09-23 10:37:17",466.6,2,jaytsang
7449,16914972,cdwswb,"2026-09-19 02:25:22",466.5,2,cdwswb
7450,16661460,Lucky,"2026-09-03 07:49:58",466.4,2,tmiya0107
7451,16645302,LuCcc,"2026-08-03 09:45:35",466.4,2,luuuuccccc
7452,16767147,"Hacker Trinity","2026-09-09 12:20:12",466.4,2,hackertrinity
7453,16666716,"Fanis Alexakis","2026-08-17 11:59:15",466.3,2,fanisalexakis
7454,16621367,Numari,"2026-07-31 16:30:01",466.3,2,numaritaisei
7455,16762427,Raj_craj,"2026-08-30 20:27:00",466.2,2,rajcraj
7456,16653118,"Elmira Yekani","2026-08-18 17:05:20",466.1,2,elmirayekani
7457,16675000,"Carl Bell","2026-09-16 20:55:33",466.0,2,allegedcarlbell
7458,16665865,"Agrippa Beaulieu","2026-08-08 19:09:28",466.0,2,agrippabeaulieu
7459,16639577,Haitaks,"2026-08-16 09:42:16",465.8,2,haitaks
7460,16738218,kiyo,"2026-09-10 13:01:37",465.7,2,kiyohiro
7461,16664252,"Huy Hoang","2026-08-15 03:59:40",465.6,2,themeend
7462,16669117,"Shrikant Lambe","2026-08-10 23:31:50",465.6,2,shrikantlambe
7463,16739711,SBC,"2026-08-20 10:16:10",465.5,2,"anusasaha2406,harshkumar3014,rahulmaity"
7464,16755394,"Ruben Lucas","2026-08-21 21:50:16",465.2,2,rubenlucas
7465,16663594,"NGU BLACK SANTA","2026-08-05 15:23:10",465.0,2,ngublacksanta
7466,16717051,"Chirag Hosdurga","2026-08-13 13:38:41",465.0,2,chiraghosdurga
7467,16810019,M&S,"2026-09-02 17:19:11",464.9,2,"martinhma,yishusheng"
7468,16727920,"Youssef Yacoup","2026-09-04 16:50:53",464.8,2,youssefyacoup
7469,16623006,"Aaradhy Singhvi","2026-09-08 12:48:10",464.8,2,aaradhysinghvi
7470,16693003,ShirrleyChen,"2026-08-15 12:54:58",464.8,2,shirrleychen
7471,16695692,Saadii2279,"2026-08-11 16:44:39",464.8,2,saadii2279
7472,16851860,"Senih Bayankulu","2026-09-08 03:13:24",464.6,2,senihbayankulu
7473,16674612,"Muhammad Dhiaz Rafilianza","2026-08-22 05:48:04",464.6,2,dhiazr
7474,16719521,xarquin,"2026-08-25 03:16:23",464.5,2,xarquin
7475,16694146,"JIlong Zhou","2026-08-26 15:04:38",464.5,2,acemaker
7476,16690221,"HISOKY DEV","2026-08-10 09:42:03",464.5,2,omarfahid
7477,16776824,"Manuel Santiago Atencio","2026-09-23 00:46:42",464.4,2,manuelsatencio
7478,16726155,miyawakiayaka,"2026-08-15 18:50:10",464.4,2,kanatakon
7479,16718517,"Jessica Yin","2026-08-17 00:10:31",464.3,2,jeqyin
7480,16664558,"Praneeth Annapureddy","2026-08-05 04:52:45",464.3,2,praneethannapureddy
7481,16654312,Xmeeeee,"2026-08-05 00:11:29",464.0,2,xmeeeee
7482,16663040,"BARBARA GASKINS","2026-08-12 01:08:47",463.9,2,barbaragaskins
7483,16696061,Mingyuan2002,"2026-09-22 04:17:12",463.9,2,mingyuan2002
7484,16715942,_@HimShukla23,"2026-09-19 18:14:05",463.9,2,himshukla23
7485,16765688,jihunai,"2026-08-26 23:15:54",463.7,2,jihunai
7486,16626105,sasaki,"2026-08-24 02:34:55",463.6,2,rsasaki
7487,16658678,"Manav Aghera","2026-09-06 18:16:28",463.5,2,manavaghera
7488,16749271,"Shoki Suzuki","2026-09-24 11:28:43",463.5,2,shokisuzuki
7489,16862497,DefiAudit,"2026-09-24 00:26:16",463.5,2,defiaudit
7490,16792069,"Yen Hung1021","2026-09-03 16:09:33",463.4,2,yenhung1021
7491,16797002,ZhixinLuo,"2026-09-01 14:16:09",463.4,2,zhixinluo
7492,16623712,Dapp,"2026-08-03 23:09:19",463.3,2,lgloria
7493,16930490,freesunp,"2026-09-21 02:48:31",463.2,2,freesunp
7494,16637894,"Leonardo Domingues","2026-09-06 10:38:08",463.2,2,leonardodomingues
7495,16936983,"hanlin zhu","2026-09-22 13:06:50",463.1,2,dhanlinzhud
7496,16657528,"Symekah Shadrack Basweti","2026-08-05 10:17:09",463.0,2,symekah99
7497,16665436,Aeternum,"2026-08-15 18:31:32",463.0,2,"donbinoy2004,surajkumarks"
7498,16665949,Rbda,"2026-08-06 14:18:03",462.8,2,brazvan
7499,16760480,yat0i811,"2026-09-13 14:13:59",462.7,2,yat0i811
7500,16721814,"DOAMBA Jean Edouard Odilon","2026-08-24 14:48:43",462.6,2,doamba
7501,16646286,"C Aravindhan","2026-08-04 05:03:22",462.4,2,caravindhan
7502,16661682,"Rishi Gupta","2026-08-05 07:46:38",462.4,2,rishigupta07
7503,16676803,"Josue Villao","2026-08-14 05:20:13",462.4,2,josuevillao
7504,16757366,"Sean Connolly","2026-09-05 04:10:21",462.3,2,seanconnolly
7505,16909602,jack1e32,"2026-09-18 02:32:58",461.8,2,jack1e32
7506,16625808,"Etsushi Yamamoto","2026-08-09 16:50:41",461.8,2,etsushiyamamoto
7507,16654974,"ACd Rooy","2026-08-11 06:35:28",461.7,2,acdrooy
7508,16713723,"Jyot Buch","2026-08-12 23:09:41",461.5,2,jyotbuch
7509,16656568,"FARIATHTHEEN F","2026-08-04 11:44:49",461.2,2,fariaththeenf
7510,16631547,"Chong Xuan Ng","2026-08-08 15:38:52",461.1,2,chongxuanng
7511,16758970,"Jason Wong","2026-09-16 16:00:15",461.0,2,jsin27
7512,16661449,"Samarjeet Singh","2026-08-23 04:32:19",460.9,2,samarjeet010
7513,16796273,"Kiplangat Vincent","2026-09-22 13:52:17",460.8,2,balvins
7514,16842936,"Sreejit Pradhan","2026-09-12 19:11:37",460.7,2,sreejitpradhan
7515,16682386,"Charbel Nehme","2026-09-24 07:58:33",460.7,2,charbelnehme
7516,16932257,"Joumier Loick","2026-09-22 22:00:01",459.7,2,loickjoumier
7517,16723583,"varun chindage","2026-09-05 14:52:13",459.5,2,stormy420
7518,16762154,lli,"2026-09-07 19:04:26",459.5,2,colesuoseue
7519,16656573,"Ashiq Firoz","2026-08-17 18:20:11",459.2,2,ashiqfiroz
7520,16655415,"Ivan Jarp","2026-08-29 17:07:03",459.2,2,ivanjarp
7521,16692263,"ADITYA CHAVAN","2026-08-09 17:44:15",459.2,2,adityasnr7
7522,16889822,CornReform,"2026-09-21 01:01:52",459.2,2,cornreform
7523,16847947,"Phongwit Sri","2026-09-22 04:30:08",459.1,2,phongwitsri
7524,16700596,"Markel Iru","2026-08-13 15:52:53",459.1,2,markeliru
7525,16751058,"Henrique Loyola ","2026-08-21 05:29:59",459.1,2,henriqueloyola
7526,16662690,"Pablo Gomez Perez","2026-09-04 16:45:32",459.1,2,pablogp
7527,16630520,dimitris_x94,"2026-08-23 21:10:57",458.9,2,dimitrisx94
7528,16793465,"Farming Sols","2026-09-03 23:40:36",458.9,2,rishitreddypalle
7529,16908418,Ayush_1319,"2026-09-17 11:59:04",458.8,2,ayush1319
7530,16747670,"Luis Molina","2026-09-21 14:34:46",458.7,2,micuentadecasa
7531,16811454,"Zakaria Taouil","2026-09-07 16:11:13",458.5,2,ztaouil
7532,16670634,"Narayan Sharan","2026-09-12 06:55:27",458.3,2,narayansharan
7533,16798074,"Akkapop Prasompon","2026-09-09 12:17:36",458.3,2,akkapopprasompon
7534,16688296,"Michael Pollind","2026-08-28 13:30:32",457.9,2,mpollind
7535,16654885,"Jason Kong","2026-08-04 06:52:19",457.9,2,jasonkongie
7536,16732200,"Louis WhoEat","2026-08-24 12:02:40",457.8,2,louiswhoeat
7537,16657502,Jasmeen,"2026-08-16 08:59:05",457.7,2,jasmeen0207
7538,16670986,"Anas Erami","2026-08-08 01:38:43",457.4,2,anaserami
7539,16667722,Radhouen911,"2026-08-06 21:37:37",457.4,2,radhouen911
7540,16881765,"aakriti & tanya","2026-09-18 11:53:42",457.1,2,"aakritiinchaos,tanyac1"
7541,16722793,Murphyzz,"2026-09-19 23:32:31",456.9,2,theophileperez
7542,16644410,"Swaroop Kallakuri","2026-08-04 15:40:29",456.9,2,ksjpswaroop
7543,16675916,Lorenzo176ITA,"2026-08-14 11:02:15",456.7,2,"alessiopap,lorenzo176ita"
7544,16640516,"Alfandi Hassan","2026-08-08 03:41:33",456.7,2,alfandihassan
7545,16786281,"Saumya Prasad","2026-09-24 15:23:44",456.6,1,saumyaprasad2004
7546,16705276,layr0,"2026-08-14 00:53:11",456.6,2,layr0dotdev
7547,16668068,"Neural Harvest","2026-08-27 19:23:44",456.5,2,meghashyampawar
7548,16763898,"Tarık Sarıcı","2026-08-24 09:54:31",456.4,2,ssarici
7549,16704597,"Wallace Switzer","2026-08-12 01:09:49",456.4,2,wallaceswitzer
7550,16820596,Karina,"2026-09-16 11:36:45",456.0,1,karinajoey
7551,16888067,Van,"2026-09-21 01:29:39",456.0,2,lanxirye
7552,16659558,Ayuroshbo,"2026-09-23 09:28:54",455.9,2,ayuroshbo
7553,16838619,HeroGod,"2026-09-05 12:25:27",455.6,2,herogod
7554,16653049,"Umut Doruk Öztürk","2026-09-02 09:52:16",455.6,2,umutdorukztrk
7555,16663368,"Laurence Dale","2026-08-12 18:00:07",455.6,2,laurencedale
7556,16651872,Evgen21,"2026-08-05 14:03:50",455.6,2,evgen21
7557,16699207,"Bipin Rimal","2026-08-10 07:45:21",455.5,2,bipinrimal314
7558,16662790,"Derek Earnhart","2026-08-04 18:04:01",455.4,1,derekearnhart
7559,16660060,AnkitGoyal,"2026-08-05 15:33:29",455.2,2,goyalankit
7560,16652661,"Petru-Mihai Craciun","2026-08-05 14:55:07",455.1,2,petrumihaicraciun
7561,16687959,"Destin Nedjou","2026-08-27 05:45:33",455.1,2,destinnedjou
7562,16658521,"Vishal Dhariwal","2026-08-08 11:43:36",455.0,2,user412
7563,16636719,"Naman Durve","2026-09-12 16:14:56",454.9,2,namancdurve
7564,16655881,"Zhuoran Zhao","2026-08-07 16:50:04",454.8,2,yearcakes
7565,16756900,Kome_Sh,"2026-08-30 13:40:56",454.7,2,komeshun
7566,16771725,"Rijusmit Biswas","2026-09-18 10:55:33",454.6,2,rijusmitbiswas
7567,16687237,Khalibryler,"2026-08-11 09:17:03",454.2,2,khalibryler
7568,16665374,UmangDobhal03,"2026-08-06 03:46:29",454.1,2,umangdobhal03
7569,16713218,"Julien Baumgartner","2026-08-14 08:36:27",453.7,2,julienbaumgartner
7570,16728414,"Pedro Caycho","2026-08-16 12:40:26",453.7,1,pjcc1123
7571,16654394,sserges,"2026-08-08 20:46:14",453.6,2,sserges
7572,16663707,DotBix,"2026-08-12 21:45:54",453.5,2,dotbix
7573,16749038,Seuz,"2026-09-23 08:08:39",453.4,2,kohdawei
7574,16932760,"Ian Hsu I guess","2026-09-23 01:09:40",453.3,2,ianhsuiguess
7575,16670090,"Gianpaolo Nettis","2026-08-24 08:42:07",453.3,2,rakes7
7576,16697448,"Mykola Mazniuk","2026-08-15 17:57:39",453.3,1,mykolamazniuk
7577,16681655,"Tae seong Gim","2026-08-14 14:14:10",453.2,2,taeseonggim
7578,16655080,"Mohamed Judi","2026-09-07 19:18:31",453.0,2,mhjudi
7579,16802580,WarlockCode,"2026-09-03 14:07:58",453.0,2,maktub83
7580,16662111,"Mood Vikram","2026-09-05 23:15:35",452.9,2,"moodvikram,sidhantchauhan"
7581,16831819,"Roy Lampe","2026-09-24 11:46:45",452.9,2,roylampe
7582,16735177,shilpa.rpns,"2026-08-22 04:57:10",452.5,2,shilparpns
7583,16676256,"Kotaro Nakamura","2026-08-11 22:18:41",452.4,2,kotaroma
7584,16663267,"Sravya Isukapatla","2026-08-11 10:14:54",452.4,2,sravyaisukapatla
7585,16640965,jidaoluckey,"2026-08-08 07:10:45",452.4,2,jidaoluckey
7586,16879958,Sash.a,"2026-09-19 20:28:26",452.2,2,smashaza
7587,16661105,"Vignesh Murugan","2026-08-04 19:57:46",452.2,2,vigneshv1cky
7588,16757135,Agrihand,"2026-09-02 15:00:23",452.2,2,mayur756
7589,16661233,"Uriel Johnson","2026-08-05 08:45:24",451.9,2,urieljohnson
7590,16701367,CryptoQuant1992,"2026-08-11 13:04:12",451.8,2,cryptoquant1992
7591,16885999,"Vansh #2","2026-09-20 14:22:18",451.8,1,vanshnavi
7592,16794499,smileMAN13912339850,"2026-09-07 10:01:07",451.7,2,smileman13912339850
7593,16707331,"Simon Ziegs","2026-08-23 22:54:11",451.7,2,simonziegs
7594,16879532,kiwamizamurai,"2026-09-14 20:27:53",451.4,2,kiwamizamurai
7595,16728845,"Mohamed Kaleel","2026-08-22 16:12:58",451.3,2,mdkaleel
7596,16711823,Abi_e,"2026-09-07 09:47:37",451.3,2,abidjacquelineanadi
7597,16726441,Enrique.rfm,"2026-09-14 16:40:46",451.2,2,enriquerfm
7598,16897899,templar7245,"2026-09-22 16:56:46",451.0,2,templar7245
7599,16855836,"Srinivasan Raghavan","2026-09-08 18:07:38",451.0,1,srinivasan1812
7600,16925447,"Peter Tinashe Mundowa","2026-09-20 09:37:57",450.9,2,petermundowa
7601,16621572,"Abdulazeez AbdulMumeen","2026-08-05 10:59:27",450.9,2,ayobeen
7602,16657312,"baolood herid","2026-08-06 13:13:48",450.8,2,baoloodherid
7603,16844010,"Nori Miya","2026-09-06 15:17:38",450.8,2,norimiya
7604,16663871,"Iyed Djebbi","2026-08-07 09:25:07",450.5,2,iyeddjebbi
7605,16636333,xiaoyang66,"2026-08-17 13:35:28",450.2,2,kennethhao8
7606,16767585,Hyena,"2026-08-25 22:17:26",450.2,1,hemant0
7607,16668813,zhaowang,"2026-08-06 05:19:52",450.1,2,zhaowangwang
7608,16621437,AdamBelniak,"2026-08-03 18:15:21",450.0,2,adamos581
7609,16676482,GitLyf,"2026-08-16 12:47:59",449.9,2,"jaideva30,rohithkrishnaak"
7610,16921938,"Hikaru Kambe","2026-09-19 04:34:43",449.8,2,hikarukambe
7611,16729214,kisamaki0815,"2026-08-28 01:21:57",449.7,2,kisamaki0815
7612,16861019,CloriTeam,"2026-09-09 15:34:28",449.6,2,lorenzocomis
7613,16659658,"Tim Wong","2026-08-06 02:02:30",449.4,2,wai0186
7614,16661360,"Jasper Jiss","2026-08-13 18:45:37",449.3,2,jasperjiss
7615,16668810,ZZZZGOD,"2026-08-07 19:11:09",449.3,2,zzzzgod
7616,16691761,"Evie Barker","2026-08-15 13:40:05",449.1,2,eviebarker
7617,16668267,Saran,"2026-08-27 14:18:05",449.0,2,saran2
7618,16728821,"Alen Maria Nirmal","2026-08-17 21:51:03",448.9,1,alenmarianirmal
7619,16795330,"Alejandro Villacampa","2026-09-02 17:32:11",448.7,2,avillacampa
7620,16761148,Deku,"2026-08-23 13:36:57",448.6,1,piyushsharma5654
7621,16670155,Kiznaiver,"2026-08-23 14:27:19",448.3,2,kiznaiver
7622,16675686,"PRERIT MAURYA","2026-08-14 06:37:51",448.2,2,preritmaurya
7623,16664044,IntentionalSayshara,"2026-09-05 14:45:02",448.0,2,jaelle
7624,16659919,"SILVISTON EMMANUEL","2026-08-06 06:51:55",447.9,2,silvistonemmanuel
7625,16773020,HyperNeonByte,"2026-09-23 00:23:03",447.9,2,hyperneonbyte
7626,16757806,Richardwe,"2026-09-08 08:43:12",447.6,1,richardwe
7627,16792685,李明,"2026-09-22 08:03:47",447.0,2,liming2026good
7628,16657664,"Nguyễn Anh Kiệt 28","2026-08-06 04:17:40",446.9,2,nguynanhkit28
7629,16859368,"Emmanuel King Christopher","2026-09-09 23:31:24",446.9,1,emmanuelkingchris
7630,16696271,"Neeta Sanjay Gajabi","2026-08-09 14:48:42",446.8,2,neeta2574
7631,16661628,PradipBanerjee,"2026-08-05 21:03:11",446.7,2,pradipbanerjee
7632,16683316,moonriver0922,"2026-08-11 07:04:11",446.7,2,moonriver0922
7633,16804902,"aitahmed amina","2026-09-08 16:15:15",446.6,2,aitahmedamina
7634,16785568,"Sneha Bhargava4","2026-09-16 17:56:17",446.4,2,snehabhargava4
7635,16714488,"HusseinNadem Nadem","2026-08-26 01:53:13",446.3,2,husseinnademnadem
7636,16663622,sammuq1,"2026-08-10 23:56:19",446.3,2,sammuq1
7637,16696716,MatiasMG,"2026-09-21 04:06:02",446.2,2,matiasmgonzalez
7638,16721940,DarkLayer,"2026-08-22 02:07:13",446.2,2,nnpaopao
7639,16713557,kaggri-kal-chal,"2026-09-16 18:53:51",446.0,2,"nainikaanish,shrivastavaaryan"
7640,16764151,Jpadilla987@gmail.com,"2026-08-25 21:00:27",446.0,2,jpadilla987gmailcom
7641,16919106,Jocelyn--JY03,"2026-09-23 05:45:05",446.0,2,jocelynjy03
7642,16778886,"Sandeep Das","2026-08-31 09:48:37",445.9,2,sandypos
7643,16660330,wangyikai,"2026-08-09 07:59:45",445.7,2,wangyik
7644,16802750,"[Deleted] fafa60dd-8026-43cc-b656-34ca4625ef7d","2026-09-01 12:22:13",445.6,1,del=e2a734cecd171934
7645,16840624,Deepakexplores,"2026-09-11 17:51:43",445.6,2,deepakexplores
7646,16796102,yiliang,"2026-08-31 12:55:20",445.5,2,yilianglv
7647,16671602,"Nithin Nambi","2026-08-07 00:09:31",445.3,2,nitthewit
7648,16785010,"Victor Wangles","2026-08-28 16:01:17",445.1,1,victorwangles
7649,16786101,Cai0Emanuel,"2026-08-29 01:11:51",445.1,1,cai0emanuel
7650,16690698,posty_melek,"2026-08-15 05:06:40",444.4,2,srisaraswati
7651,16885124,"LABHESH YAWALKAR","2026-09-13 07:45:34",444.1,1,labheshyawalkar
7652,16631609,dlougen,"2026-08-04 16:40:03",444.0,2,dlougen
7653,16659080,VENKY,"2026-08-07 17:22:03",443.8,2,venkateshthatha
7654,16838981,"Adil Shamim","2026-09-09 13:55:52",443.8,2,adilshamim8
7655,16666132,andres555,"2026-08-28 14:36:21",443.4,2,"andres555,violalin"
7656,16651042,Mira_332,"2026-08-27 04:58:29",443.4,2,ichiiohno
7657,16775069,JWlKIM,"2026-08-26 23:22:43",443.3,2,jwlkim
7658,16667601,"Audrius Molis","2026-08-27 19:30:39",443.0,2,vienas
7659,16659414,TTGP_TEAM,"2026-08-06 15:33:09",442.8,2,phttrntrnggia
7660,16677166,Spectrobot,"2026-08-08 11:11:46",442.5,2,spectrobot
7661,16661323,mzyktkhs,"2026-08-10 13:21:59",442.4,2,mzyktkhs
7662,16721942,"Daniel Rodriguez Bothe","2026-08-18 16:57:00",442.4,2,danielrodriguezbothe
7663,16644765,MoeCode,"2026-09-12 16:46:28",442.3,2,syrianeagle
7664,16785352,"joão Vitor","2026-09-05 20:19:12",442.2,2,jaov30718
7665,16661786,Nagaraju,"2026-08-10 01:53:04",442.1,2,orugantn
7666,16632855,Shreyash_Automation,"2026-08-21 00:06:49",442.1,2,shreyashautomation
7667,16885547,L0k1xd,"2026-09-13 10:04:10",441.8,2,l0k1xd
7668,16903680,"marwan na","2026-09-19 09:27:52",441.8,2,marwanna
7669,16780783,pri,"2026-08-28 15:10:15",441.7,2,priscilamaria5363
7670,16709918,GUI666,"2026-08-26 16:17:40",441.1,2,gui666
7671,16845679,"Wenhai Tang (raisin)","2026-09-07 03:33:14",441.1,1,wenhaitangraisin
7672,16888455,Erin,"2026-09-14 02:55:17",440.8,2,eringobyte
7673,16892644,ElKnilcho,"2026-09-14 19:01:37",440.8,2,elknilcho
7674,16665647,hr15de,"2026-08-28 10:00:50",440.7,2,hr15de
7675,16702200,"ANGAD JANGIR","2026-08-11 02:01:38",440.7,2,angadjangir
7676,16711918,"Pavel Filin","2026-08-13 05:23:28",440.7,2,pavelfilin
7677,16633786,tuannm3812,"2026-08-28 08:00:42",440.6,2,tuannm3812
7678,16661576,"Yash Jumde","2026-08-15 20:09:59",440.5,2,yashjumde
7679,16641513,"Sameer Chakravedi","2026-08-15 16:06:11",440.5,2,sameerchakravedi
7680,16791617,"Neil Li","2026-08-30 00:10:32",440.4,1,neilliroub
7681,16664327,"Maged Hegazy","2026-08-06 13:13:28",440.2,2,magedhegazy
7682,16729996,"Michael Roust","2026-08-18 16:09:56",440.2,2,michaelroust
7683,16633984,"Mongkhon Hatit","2026-08-04 11:58:56",440.2,2,mongkolhatit
7684,16706790,"Stas Chereshkevich","2026-08-19 12:23:33",440.1,2,staschereshkevich
7685,16662167,"Tara Singh Kharwad","2026-08-05 17:13:10",440.1,2,tarasi7261
7686,16742009,"Mutyam kavyanjali","2026-08-19 10:25:06",439.9,1,mutyamkavyanjali
7687,16690793,"MOHAMMAD ALRASHED","2026-08-08 18:33:34",439.7,2,mohammadalrashed
7688,16934824,Ken,"2026-09-21 09:28:50",439.5,2,kensuke77
7689,16695095,"Jayanth Chowdary","2026-08-22 17:50:39",439.4,2,jayanthchowdary24
7690,16668185,"Swayam Chavan","2026-08-09 01:12:23",439.3,2,swamboy
7691,16725957,"Ayman Tarig Mohammedosman Elgadi","2026-08-24 02:57:16",439.2,2,aymantarig17
7692,16707437,"Ivan Plekhanov","2026-08-11 12:03:11",439.2,1,nnob0dy
7693,16627313,"Zafer Liu","2026-08-03 05:13:39",439.1,2,zaferliu
7694,16722819,Anna,"2026-08-21 15:01:26",439.0,2,annatmp
7695,16766803,"Kanishk Sharma","2026-09-01 23:52:42",439.0,2,kan1shq198
7696,16853371,JIAWEILI0001,"2026-09-23 15:42:25",438.9,2,jiaweili0001
7697,16731790,"A random farmer","2026-08-18 02:19:53",438.7,1,hinatatokuda
7698,16897148,"Ikrame Ibn Hayoun","2026-09-15 14:26:06",438.6,2,ikrameibnhayoun
7699,16624414,"Chaitanya Jamble","2026-07-31 05:42:10",438.6,1,chaitanyajamble
7700,16944547,アライグマ,"2026-09-23 12:54:39",438.4,1,alaiguma
7701,16659520,"Play Code","2026-08-05 14:28:00",438.2,2,codenya
7702,16625434,"Chirapathleo Saelim","2026-09-08 08:40:06",438.2,2,chirapathleosaelim
7703,16658520,drownedsnake,"2026-08-05 01:03:22",438.0,2,makerplay
7704,16633097,"Matheus Bonjour Laviola da Silva","2026-08-02 11:08:21",437.8,2,matheusbonjour
7705,16657201,ShayML,"2026-08-08 09:02:05",437.4,2,shayml
7706,16728394,"Aisultan Davletkan","2026-08-16 13:01:38",437.2,1,aisdav
7707,16799224,"Tian Yan666","2026-09-03 14:48:42",437.2,2,tianyan666
7708,16692782,"Andres Regino","2026-08-23 20:26:03",437.0,2,andresregino
7709,16890511,"Alex Solonsky","2026-09-14 08:57:30",436.9,1,alexsolonsky
7710,16715456,"wilson LUNG","2026-08-17 23:54:10",436.8,2,wilsonlung
7711,16706843,"yh z","2026-08-11 09:32:56",436.8,1,yhz123456
7712,16885346,"Michael Handal","2026-09-13 16:23:03",436.8,1,michaelhandal
7713,16660899,"Clarence Trinidad","2026-09-16 18:28:20",436.7,2,claree007
7714,16793145,KarlNUrban,"2026-09-05 12:19:50",436.7,2,karlnurban
7715,16641501,Sonal,"2026-08-08 22:07:46",436.5,2,sonalm13
7716,16734096,"Cem Ali Görmez","2026-09-06 10:48:37",436.5,2,cemaligrmez
7717,16716636,"Mahamane Lawaly","2026-08-13 10:22:51",436.3,1,mahamanelawaly
7718,16829367,"quant park","2026-09-15 10:29:07",436.0,2,quantpark
7719,16726882,"Albert Yu","2026-08-17 00:01:53",435.9,2,yukinying
7720,16726285,Dhananjay,"2026-08-15 18:48:20",435.8,2,dhananjaylakkawar
7721,16892719,"Sandeep Guttavalli","2026-09-21 11:33:21",435.8,2,sandeepguttavalli
7722,16838460,"Yash Vardhan","2026-09-08 07:39:50",435.6,2,poruskapil1
7723,16708348,"Edilaine Arceno","2026-09-22 13:36:56",435.5,2,edilainearceno
7724,16848309,"Angela Wu","2026-09-09 03:56:03",435.4,1,angelawurx
7725,16815817,haiy_qq,"2026-09-04 01:41:26",435.0,2,haiyqq
7726,16664352,"Shreyash Asati","2026-08-06 10:40:56",435.0,1,shreyashasati
7727,16804803,"01000110 01010101 01000011 01001011 00100000 01011001 01001111 01010101 00100001","2026-09-14 16:38:59",434.9,1,f01010101
7728,16651939,"Yogesh Jadhav","2026-09-17 06:54:06",434.7,2,dynamo14324
7729,16663104,Sohan,"2026-08-23 14:42:40",434.7,2,sohansinghrawat
7730,16891504,"Taha N Kaya","2026-09-14 14:03:21",434.7,1,tahankaya
7731,16676497,"Non-veg plants","2026-08-07 09:54:00",434.6,2,mohammadshadabshaikh
7732,16725065,"Maxim Smirnov","2026-08-15 13:21:05",434.5,2,smirnoffmg
7733,16692128,gibocx,"2026-08-10 18:10:34",434.3,2,gibocx
7734,16666066,Khush3e,"2026-09-16 23:20:51",434.3,2,khush3e
7735,16660990,"Bunny Tang","2026-09-10 14:33:23",434.2,2,tanghung64
7736,16638967,"Jenny Luo","2026-08-01 23:55:07",434.1,2,"jennyluo96,kyeoh92"
7737,16717912,"Anu Kumari","2026-08-13 18:03:07",434.0,1,anuk16020
7738,16719460,"Amon #2","2026-08-15 12:40:41",433.9,2,ezjameng
7739,16621402,Maxim,"2026-08-13 07:01:03",433.9,2,ektarr
7740,16660484,"Waiswa Geoffrey","2026-08-31 08:29:58",433.5,2,waiswageoffrey
7741,16661751,"Shailaja J","2026-08-12 14:51:15",433.5,1,shailajaj
7742,16637342,SupremeWarrior108,"2026-09-20 19:21:39",433.4,2,supremewarrior108
7743,16759239,SunYaoXi,"2026-08-27 09:32:42",433.3,2,sunyaoxi
7744,16683761,"Chiefmen749 Aris","2026-08-10 07:42:42",433.1,2,saysplayz
7745,16853895,sailohith07,"2026-09-08 10:49:11",433.0,2,sailohith07
7746,16785932,"Thomas Yi","2026-09-04 00:33:06",432.8,2,tyyslashd
7747,16664506,"Jonatan Asketorp","2026-09-23 18:45:33",432.4,2,weft169aston
7748,16674266,HamYad,"2026-08-06 18:19:46",432.3,2,hamyadlab
7749,16723490,"Panashe Arthur Mhonde","2026-08-22 11:41:19",432.2,2,panashearthurmhonde
7750,16623271,"William Morley","2026-07-31 10:09:16",432.1,2,williamkmorley
7751,16634060,"Chí Thành Đỗ","2026-08-02 05:11:58",432.1,2,chithanhdeptrai
7752,16719679,ZhiruiLuo,"2026-08-25 15:52:57",432.0,1,zhirluo
7753,16938771,"Daniel Peng","2026-09-22 03:53:05",432.0,2,codewithdaniel1
7754,16709512,Rustamdurdyyev,"2026-08-31 19:59:56",432.0,2,rustamdurdyyev
7755,16693255,"Carlos Hideo Yamaguchi","2026-08-10 00:59:12",431.9,2,carloshy
7756,16735012,"Shuvam Swapnil Dash","2026-08-28 19:56:48",431.8,2,"shashwatmandal,shuvamswapnildash"
7757,16654401,ChronoForensics,"2026-08-08 17:26:11",431.8,2,ryanwollmuth
7758,16729086,samanyu,"2026-08-23 10:13:11",431.8,2,samanyu1808
7759,16681638,aadi_065_,"2026-09-20 14:45:34",431.7,2,aadi065
7760,16644053,Rafiozoo,"2026-08-03 19:26:40",431.7,2,rafiozoo
7761,16677047,LINOXYR,"2026-08-15 13:13:58",431.6,2,linoxyr
7762,16660697,"Dannis Wong11","2026-09-09 10:07:46",431.5,2,danniswong11
7763,16697396,"Collective Win","2026-08-18 05:10:12",431.5,2,collectivewin
7764,16676327,shu10038,"2026-09-14 12:07:16",431.5,2,shu10038
7765,16665184,woorym,"2026-08-10 03:04:12",431.3,2,woorym
7766,16660420,tipofyzik,"2026-09-05 14:34:30",431.2,2,tipofyzik
7767,16786264,"THISHA S","2026-09-06 06:53:09",431.2,2,thishas
7768,16668095,Menna_Allah_Samy12,"2026-08-15 15:04:56",431.2,2,mennaallahsamy12
7769,16666873,"linli duan","2026-08-12 15:06:42",431.2,2,linliduan
7770,16671033,"Alexandr Shustikov","2026-09-17 22:35:17",431.0,2,alexandrshustikov
7771,16729522,all-coder,"2026-08-16 17:55:08",431.0,2,allcoder
7772,16660455,"Alex Kapend","2026-08-05 08:42:26",431.0,2,alexkapend
7773,16698141,Zippo,"2026-08-16 05:44:18",430.8,2,gagemerrick
7774,16857747,ru-shao,"2026-09-24 15:30:00",430.7,2,"shaoxw,souwaka"
7775,16669170,AsadUsmanFAST,"2026-08-05 22:37:33",430.6,2,asadusmanfast
7776,16926757,MengXun326,"2026-09-20 21:55:59",430.6,2,mengxun326
7777,16659269,"Bedirhan Dinçer","2026-08-10 20:26:46",430.6,2,bedirhandiner
7778,16804231,illegalplumbing,"2026-09-16 02:55:22",430.4,2,illegalplumbing
7779,16654175,abhiv142,"2026-08-11 13:22:03",430.4,2,abhiv142
7780,16668522,"Moatez Litaiem","2026-08-06 16:57:54",430.3,2,moatezlitaiem04
7781,16669703,AnubhavBhadani142,"2026-08-15 06:32:19",430.3,2,anubhavbhadani142
7782,16872182,yxxchh,"2026-09-11 13:18:38",430.1,1,yxxchh
7783,16841679,Chafuuu,"2026-09-09 16:26:02",430.1,2,chafuuu
7784,16773032,fecrescencio22,"2026-09-02 21:07:10",429.9,2,fecrescencio22
7785,16938142,"Pavel Krotkov","2026-09-23 20:23:34",429.8,2,pashkal
7786,16684031,"Phillip Kamundia","2026-08-14 20:35:15",429.7,2,phillipkamundia
7787,16630896,OpenBuilder,"2026-08-08 12:09:06",429.6,2,weijunguo
7788,16653429,mktdev,"2026-08-10 12:19:54",429.6,2,mktdev
7789,16892976,"Tony He","2026-09-19 17:41:31",429.4,2,tonyyang0504
7790,16765863,MADUPU.SRINIDHI,"2026-09-05 10:31:08",429.4,2,madupusrinidhi
7791,16925537,pballurkar,"2026-09-19 13:08:26",429.4,1,pballurkar
7792,16661194,"Sandeep Vanapalli","2026-08-04 15:37:06",429.3,2,mrleaf
7793,16662079,"Farrukh Hussain","2026-09-08 11:36:07",429.2,2,farrukhhussai
7794,16699633,Nafmo,"2026-08-11 17:10:53",429.1,2,nafmo2
7795,16625149,Rubylicious,"2026-07-31 07:53:00",428.9,2,labibahalya
7796,16751796,"Leo Pallorina","2026-08-23 14:06:17",428.9,2,lelelsp
7797,16705510,"Palak Choudhary","2026-08-11 07:12:44",428.9,2,palak2564
7798,16807636,"Liu Panfeng","2026-09-05 00:30:20",428.7,2,liupanfeng
7799,16941853,"Prem Raga1809","2026-09-23 18:27:49",428.4,2,premraga1809
7800,16696993,healer2408,"2026-08-15 07:10:57",428.3,2,healer2408
7801,16809943,"A Rook","2026-09-03 19:06:08",428.2,2,rookcastle
7802,16623528,"Faijur Rahaman","2026-08-20 09:40:07",428.0,2,faijurrahaman
7803,16773264,LA28,"2026-09-03 19:44:02",427.9,2,saisreelasyaappali
7804,16716002,"Preethi Gnanaprakasam","2026-08-14 09:10:46",427.9,2,preethignanaprakasam
7805,16705640,"Dongre Laxman","2026-08-12 12:36:29",427.8,2,dongrelaxman
7806,16638953,"Joe Young","2026-08-03 19:23:13",427.7,2,jsphyg
7807,16665152,"Ahmed Karim","2026-08-17 11:32:15",427.6,2,versusic
7808,16912864,zhzhang,"2026-09-19 12:54:48",427.6,2,lililizh11
7809,16743032,"Sabarishvar S S","2026-09-03 17:49:08",427.0,1,sabarishvarss
7810,16654458,"Likith Narakala","2026-09-10 20:27:03",427.0,2,likith17052004
7811,16877297,"Aaryan Gole","2026-09-15 09:37:08",426.9,2,aaryangole
7812,16792392,pansya,"2026-09-20 10:00:15",426.9,2,pansya
7813,16760377,"Yuxuan Qian","2026-08-29 23:45:28",426.9,2,yuxuanqian
7814,16662095,"Buzz shocker","2026-09-13 20:28:48",426.9,2,buzzshocker
7815,16928039,"Hideki Fujiwara","2026-09-23 10:33:05",426.8,2,hidekifujiwara
7816,16682906,Masiki,"2026-09-05 13:55:54",426.6,2,blackseed
7817,16723411,CaZen,"2026-08-15 10:48:16",426.6,2,cathzwah
7818,16768578,"Patrick Lzz","2026-08-25 02:56:30",426.4,2,patricklzz
7819,16926880,KarthikeyaAnna,"2026-09-20 13:40:19",426.4,2,karthikeyaanna
7820,16728017,"medkhalil hawachi","2026-09-22 17:48:37",426.1,2,medkhalilhawachi
7821,16730870,"Jiang Ryan","2026-09-03 03:37:12",426.0,2,jiangryan
7822,16669434,"Saugat Kannojia","2026-08-07 11:45:47",425.9,2,saugatkannojia
7823,16678819,"Digant Kathiriya","2026-08-07 02:07:51",425.5,2,digantkathiriya
7824,16656627,"Soykot Podder","2026-08-14 05:39:06",425.5,2,diptopodder
7825,16668241,"Shreyansh Kanotra","2026-08-08 19:56:15",425.4,2,shreyanshkanotra
7826,16655316,Nader,"2026-09-23 13:34:15",425.4,2,naderamin
7827,16858543,"Fakhar Mustafa","2026-09-10 05:07:39",425.1,2,fakhar90
7828,16712488,"Vansh Bhura","2026-08-12 14:23:18",424.8,2,vanshbhura
7829,16880350,喜欢逢坂大河,"2026-09-16 08:36:54",424.5,2,yhsno69
7830,16686796,"Harinath Reddy A","2026-08-23 21:23:45",424.4,2,harynath
7831,16778939,"Stepan Antonov","2026-08-27 07:59:30",424.4,1,stepanantonov
7832,16671665,"Kobata Sota","2026-08-06 07:17:03",424.3,1,kobatasota
7833,16746562,"The Learning loop","2026-09-24 10:32:16",424.3,2,"jananikasenthilkumar,ssjaswanth"
7834,16750435,"Oleksandr Zalievskyi","2026-08-23 18:34:59",424.3,2,sashaworker
7835,16856112,"Thomas White","2026-09-08 19:39:13",424.2,1,leopardguy
7836,16935530,"[RU] Evgeniy Kamyshan (sharing)","2026-09-22 07:59:38",424.1,2,svo1488zov
7837,16676397,Rohan_Joshi6404,"2026-08-13 13:58:56",424.0,2,rohanjoshi6404
7838,16706184,"Lingaraju Saikumar","2026-08-16 11:51:34",424.0,2,lingarajusaikumar
7839,16786328,"DanishGW School","2026-09-02 03:50:19",424.0,2,danishgwschool
7840,16696959,"Joe Filfli","2026-08-11 10:47:03",423.9,2,joefilfli
7841,16675631,"Aswini Gowda","2026-08-10 05:37:33",423.9,2,aswinigowda
7842,16670475,Adib,"2026-08-06 02:02:27",423.9,2,adibemohamed
7843,16664004,"Me, Myself, and I","2026-08-11 03:57:46",423.8,2,notlunarxd
7844,16675215,"Viljen Apalset Vassbø","2026-08-06 22:24:44",423.6,2,viljenapalsetvassb
7845,16748500,stimmie,"2026-08-30 16:11:56",423.5,2,stimmie
7846,16728839,Mharfe,"2026-09-06 23:26:08",423.5,2,mharfe
7847,16708409,toshiconner,"2026-08-12 06:30:06",423.3,2,toshiconner
7848,16662133,"Ding Lifeng","2026-08-29 08:20:49",423.2,2,dinglifeng
7849,16689256,"Pavan Pusapati","2026-09-17 11:26:52",423.0,1,pavanpusapati
7850,16735206,"Shiyal Kishan","2026-08-20 04:01:28",423.0,2,shiyalkishan01
7851,16623503,"D Mohith","2026-08-01 01:06:22",423.0,2,dmohith
7852,16919222,"Lakshmi Sayyapureddy","2026-09-20 12:41:09",422.9,2,lakshmisayyapureddy
7853,16922524,"Aleksandar Belic","2026-09-21 07:40:32",422.9,2,aleksandarbelic
7854,16698570,MurphyIIVan,"2026-08-10 03:35:41",422.8,2,murphyiivan
7855,16745980,"Arif Amijoyo","2026-08-30 07:54:40",422.7,2,arifamijoyo
7856,16660923,naganikshith,"2026-08-06 08:01:09",422.6,2,naganikshith
7857,16666878,aaronykchen,"2026-08-17 15:06:13",422.6,2,aaronyukuchen
7858,16675340,"SHAURYA SHARMA","2026-09-03 00:57:48",422.4,2,shauryas555
7859,16658202,"SNAEHATH P","2026-08-06 13:51:15",422.2,2,snaehath
7860,16662896,"Adrian Dubois","2026-09-21 03:33:43",422.2,2,adriandubois
7861,16655783,KonaKonaz,"2026-08-04 09:36:57",422.1,2,konakonaz
7862,16666447,"Shuaib ayad Jasim Jasim","2026-08-06 20:51:47",421.8,2,shuaibayadjasimjasim
7863,16700627,"Benedict Ebito Boyubie","2026-08-10 11:03:38",421.8,1,bboyubie
7864,16911283,"Apratim Bajpai","2026-09-18 17:19:51",421.7,2,apratimbajpai
7865,16658051,SethuMadhavan004,"2026-08-09 09:38:27",421.7,2,sethumadhavan004
7866,16734601,sweetlesson,"2026-08-18 00:40:55",421.6,2,sweetlesson
7867,16729155,WangZihao5649,"2026-08-24 02:32:08",421.5,2,wangzihao5649
7868,16661014,manu,"2026-08-16 04:45:12",421.4,2,manupandit
7869,16805621,"DIVYANSH KUMAR SINGH CHAUHAN","2026-09-02 04:04:53",421.4,2,capdiv
7870,16706054,"ErrorX Info","2026-08-20 11:30:03",421.3,2,"errorxinfo,shyampatel47"
7871,16671911,"Dwi Eflatino","2026-08-16 10:44:17",421.3,2,eflatino
7872,16669945,"Turab Zaidi","2026-08-07 13:27:44",421.2,2,turabzaidi
7873,16793657,Xin_T,"2026-08-30 16:48:11",421.1,1,xint666
7874,16684776,"D Rithika","2026-08-10 18:36:30",420.8,2,drithika
7875,16795877,"Marco Polo","2026-09-16 00:02:55",420.8,2,zhesong1
7876,16743015,"Sword's Frost","2026-09-24 14:51:19",420.7,2,alexwilliam7
7877,16845067,"Vineet Gupta","2026-09-14 09:08:20",420.6,1,"graceydugar,vineetgupta2023"
7878,16733961,"Julia Fredo","2026-09-23 23:37:53",420.5,2,juliafredo
7879,16699436,"Oluwaseun O Adeya","2026-08-23 01:22:24",420.2,2,oluwaseunoadeya
7880,16840668,"Aratrika Ruhal","2026-09-13 23:35:13",420.0,2,aratrikaruhal
7881,16717420,"Muhammad Yasir Sarwar","2026-08-13 14:40:09",419.9,2,muhammadyasirsarwar
7882,16735934,"Uday Kiran003","2026-08-18 06:23:18",419.8,1,udaykiran003
7883,16623631,SeaEag1e,"2026-07-31 06:26:17",419.7,1,seaeag1e
7884,16917703,"Tommy Mac Bird","2026-09-18 02:14:59",419.3,1,tommymacbird
7885,16692373,"Ornevis Montero","2026-08-20 01:59:43",419.2,2,ornevisbolaosmontero
7886,16655997,tanatet8,"2026-09-05 11:00:05",419.2,2,tanatet8
7887,16854332,kotaross,"2026-09-09 15:18:06",419.2,2,kotaross
7888,16664512,oggyiu,"2026-09-01 07:46:10",419.1,1,oggyiu
7889,16679904,"Joshua Bensemann","2026-09-12 12:08:09",419.1,2,qazcat
7890,16758987,"Irtaza Ahmed Khan","2026-09-08 06:38:25",419.0,2,yrrebeere
7891,16623135,mohduwaishchaudhary,"2026-07-30 22:05:45",418.9,2,muwaish5
7892,16790603,xinbao,"2026-09-22 05:21:16",418.8,2,zww123456
7893,16695828,rihiRule,"2026-08-11 13:40:24",418.8,2,rihirule
7894,16683390,Christopher34,"2026-08-08 00:20:59",418.5,2,christopher34
7895,16851939,"Naoya Mieno","2026-09-11 06:19:02",418.4,2,naoyamieno
7896,16685615,Spectra,"2026-08-07 16:14:32",418.2,2,thomaskressig
7897,16768174,lambdap,"2026-09-06 13:25:29",418.0,2,lambdap
7898,16918087,Kenyo8,"2026-09-21 07:47:02",417.9,2,kenyo8
7899,16657545,"Deepak Singh","2026-08-11 13:50:31",417.7,2,vihaannegi
7900,16907577,"Дмитрий Витальевич","2026-09-17 07:59:28",417.7,2,mtkrqt
7901,16714240,"The Shovel","2026-08-26 03:21:18",417.6,2,"astapasta0,qotqat"
7902,16827781,c1626343198,"2026-09-04 14:50:37",417.5,2,c1626343198
7903,16665470,KanakoS,"2026-08-18 13:13:58",417.4,2,kanakos
7904,16732395,"Nikita Antonov","2026-08-23 08:33:03",417.4,2,nantonov
7905,16670464,halfpintcider,"2026-09-16 08:50:31",417.4,2,"amoghdeshpande2021,visspric7"
7906,16698029,"Meet Vachhani","2026-08-10 18:34:55",417.3,2,meetvachhani7
7907,16663976,"wangyang denis","2026-08-12 06:26:08",417.3,2,wangyangdenis
7908,16660073,"Mahad Kakooza","2026-09-06 20:30:18",417.2,2,mahadkakooza
7909,16723614,"James Atteh","2026-09-12 06:28:17",417.0,2,jamesatteh
7910,16761319,Yuvraj,"2026-08-23 07:29:44",416.8,1,yuvrajkr01
7911,16657520,"Joel De la Cruz Fuertes","2026-08-12 16:33:48",416.8,2,joeldcf
7912,16668093,Sai_Dattu,"2026-08-07 07:35:01",416.7,2,saidattu2003
7913,16640814,"Kritika Adhikari","2026-08-07 09:25:26",416.7,2,kritikaadhikari
7914,16653998,www1727,"2026-09-15 16:45:05",416.6,2,www1727
7915,16669168,"Kingsley Jide","2026-08-31 21:30:18",416.6,2,kingsleyjide
7916,16716702,"majjati khalid ","2026-08-19 14:12:32",416.5,2,khalidma
7917,16655820,"Cory Tortorici","2026-08-08 15:20:42",416.4,2,corytortorici
7918,16751979,"Sasha Sam","2026-08-27 20:02:46",416.4,2,sashasam
7919,16664406,"MURDER GOOSE","2026-08-05 09:45:33",416.4,2,ujjwalar
7920,16690299,"EL GORRIM MOHAMED","2026-09-01 10:59:10",416.3,2,elgorrimmohamed
7921,16629201,"GUILLERMO REY PANIAGUA","2026-08-01 16:41:58",416.1,2,guillermoreypaniagua
7922,16668331,"Maitreya Mohapatra","2026-09-23 22:26:09",416.1,2,maitreyamohapatra
7923,16656989,Crunchex,"2026-08-29 10:52:11",415.6,2,"asmo04,chinmaysoni48,codencry"
7924,16802866,"Antonio Di Cecco","2026-09-01 18:37:02",415.6,1,antdic
7925,16757351,SaiVenkatesh,"2026-09-05 10:30:00",415.6,2,nothingnew
7926,16790718,"Carlos Alves","2026-09-02 04:29:42",415.6,2,carlosone
7927,16660343,"Mert Olgun899","2026-08-05 13:05:07",415.6,2,mertolgun899
7928,16732513,Taogege,"2026-09-22 09:17:12",415.4,2,"liyiyiyi6,taogege520"
7929,16664129,"Mr M 8641","2026-08-06 18:57:45",415.2,2,mrm8641
7930,16662985,DanTheDataScienceMan,"2026-08-05 17:40:06",415.1,1,danthedatascienceman
7931,16671913,res67,"2026-08-07 16:22:30",414.8,2,junyeanyap
7932,16723072,Arthurt1,"2026-09-23 22:09:27",414.8,1,arthurt1
7933,16692618,"Ali Zakaee","2026-08-09 10:13:02",414.7,1,itheequalizer
7934,16700685,"Preeti Dhotmal","2026-08-27 11:25:29",414.6,2,preetidhotmal
7935,16665040,"Arnav Yashlaha","2026-08-05 05:44:26",414.6,2,arnavyashlaha
7936,16728945,"Suryansh Kulshreshtha","2026-09-01 14:39:14",414.4,2,"busyfellow,suryanshkulshreshtha"
7937,16690197,"Ankit Kushwaha_06","2026-08-18 08:10:12",414.4,2,ankitkushwaha06
7938,16632503,"Wei Hsiang Lin111","2026-08-01 07:42:33",414.4,2,weihsianglin111
7939,16621518,jaccobian,"2026-08-29 08:11:50",413.8,2,harshraj22
7940,16661717,"Yaswanth Ippili","2026-08-06 11:32:13",413.4,2,yaswanthippili
7941,16805176,"Hritvika Tawde","2026-09-13 11:22:46",413.3,2,hritvikatawde
7942,16623582,yunsuxiaozi,"2026-08-01 13:59:57",413.1,2,yunsuxiaozi
7943,16715416,"Md. Adnan","2026-09-20 08:53:58",413.1,2,mdadnan96
7944,16674278,"Niels de Gier","2026-08-07 15:57:04",413.0,2,nielsdegier
7945,16693098,broken_gpu,"2026-08-30 10:07:27",413.0,2,brokengpu
7946,16668368,"Waleed Hasan","2026-08-12 01:42:22",413.0,2,whasan
7947,16689017,"Mounica Challa","2026-09-17 19:39:39",412.9,2,mounicachalla
7948,16712259,geqiulin,"2026-08-13 04:46:11",412.6,2,geqiulin
7949,16768262,"Brayan Miranda G","2026-08-26 19:40:15",412.5,2,brayanmirandag
7950,16668141,"Soichiro Mochizuki","2026-08-07 22:13:36",412.2,2,soichiromochizuki
7951,16657574,harikrishnacs,"2026-08-04 12:28:53",412.2,2,harikrishnacs
7952,16689877,Amr_Said1233,"2026-08-08 08:48:28",412.1,1,amrsaid1233
7953,16666216,missss,"2026-08-06 06:49:00",412.0,2,missssb
7954,16666944,"Meghnath S","2026-08-11 01:56:22",411.9,2,meghnaths
7955,16794309,"Sanyam Jain","2026-09-24 02:03:07",411.7,2,sjain03
7956,16713061,Yuk!,"2026-08-16 10:59:12",411.4,2,mitsuyukiokamura
7957,16825489,"Monishwar S","2026-09-06 17:28:12",411.3,1,monishwar2718
7958,16938488,Firdannn,"2026-09-22 20:12:18",411.2,2,firdannn
7959,16721530,revv0o,"2026-08-15 13:58:34",411.1,2,revv0o
7960,16702980,GCSudarshanReddy,"2026-08-15 17:32:06",411.1,2,gcsudarshanreddy
7961,16818498,"AARYAN VISHAL","2026-09-07 11:53:23",411.0,2,aaryanvishal
7962,16755159,"Kay Gijzen","2026-08-23 11:51:31",410.8,2,kaygijzen
7963,16763523,"Nam Khánh Lê","2026-09-02 06:28:44",410.5,2,"khanhss,khimbodoi"
7964,16671670,"Karla Ziegler","2026-09-24 00:26:42",410.5,2,karlaziegler
7965,16663804,"Fredy Meyer","2026-08-05 20:19:51",410.5,2,alexmeyerm
7966,16809998,chzCharbs,"2026-09-15 08:14:49",410.5,2,chzcharbel
7967,16745485,"Thamires dos Santos ","2026-09-20 02:46:13",410.4,2,thasantos
7968,16925224,Raosaheb,"2026-09-20 08:17:04",410.3,2,raosahebmore
7969,16656156,"Kshitij aucharmal","2026-08-06 04:35:27",410.3,2,narutoaucharmal
7970,16712633,"Andy Andy","2026-08-13 08:11:38",410.1,2,andy3373
7971,16854266,もふもふ神,"2026-09-12 16:26:42",410.1,2,mohumohukami
7972,16663259,erush,"2026-09-08 03:16:44",410.1,2,erushia
7973,16808233,"Yash Hingane","2026-09-04 12:53:43",409.7,2,yashhingane
7974,16656951,"[Deleted] 6015b650-8e16-4705-8036-db40bdd2d353","2026-08-04 09:08:05",409.4,1,del=084ea76838ad756b
7975,16656579,"Riad Rayhan","2026-08-15 06:40:35",409.4,2,riadrayhan
7976,16662089,"Alonso Gallego Pacho","2026-08-27 13:27:36",409.3,2,alonsogallegopacho
7977,16725349,"Saj Patel","2026-08-15 21:55:42",409.2,2,sajpatel15
7978,16890098,"Binief Ta","2026-09-14 14:08:36",409.2,2,biniefta
7979,16931682,"Vijay kumar Gandem","2026-09-20 18:04:40",409.1,2,vijaykumargandem
7980,16808646,"Yimeng Wang","2026-09-08 06:33:38",409.0,2,yimengwang0814
7981,16736432,"Sarthak #2","2026-08-18 12:33:53",409.0,2,srthkdixit
7982,16809931,"john crick","2026-09-16 02:07:20",408.9,2,johncrick
7983,16798347,"Mr Michael Chung","2026-09-14 19:39:17",408.7,2,mrmichaelchung
7984,16719296,Mr.TtT_Games,"2026-08-14 04:58:39",408.6,2,mrtttgames
7985,16927170,"çağrı okan","2026-09-19 23:33:54",408.2,2,cagrokan
7986,16883044,"Muhammad Olamide","2026-09-16 10:59:44",408.2,2,muhammadolamide
7987,16681209,AgenticBuilder,"2026-08-13 18:44:29",408.2,2,gau2112
7988,16657054,"ömer umut güngör","2026-08-05 06:10:22",408.1,2,merumutgngr
7989,16663055,jainish_d24ce180,"2026-08-10 13:54:40",407.8,2,jainishshah35
7990,16639916,BloomBerry,"2026-08-12 12:38:31",407.7,2,kagglepalandata
7991,16759765,"Ososanwo Idris Olaitan","2026-09-11 18:38:06",407.7,2,ososanwoidrisolaitan
7992,16658535,khanna.rohit5,"2026-08-10 05:00:31",407.6,2,khannarohit5
7993,16895317,MrUserm,"2026-09-23 05:50:23",407.5,2,mruserm
7994,16660317,esgranja,"2026-08-04 18:58:48",407.5,1,esgranja
7995,16644023,"Yiğit Efe Albaş","2026-08-02 18:34:39",407.3,1,yiitefealba
7996,16659720,Project_Kurukshetra,"2026-08-16 05:01:34",407.1,2,"chaitanyaterli05,lavanyayandapalli"
7997,16654290,"Srinivasa Ranga","2026-09-23 20:38:38",406.8,2,srinivasaranga
7998,16693307,"Vlad Gavrilov","2026-08-09 04:00:29",406.7,2,vladgavrilov
7999,16661966,Rocket,"2026-08-29 18:05:35",406.6,2,"aarchie4,nick16541,siddharthdongardive"
8000,16708896,"Alberto Scinetti","2026-08-13 19:18:11",406.6,2,albertoscinetti
8001,16716589,"Shaik Adilazeez","2026-08-13 09:29:44",406.6,1,shaikadilazeez
8002,16653006,"anthony mbadiwe ikeme","2026-08-18 09:08:02",406.4,2,anthonymbadiweikeme
8003,16675385,Apex🦾,"2026-08-14 18:00:17",406.3,2,"raghadabdullara,renadahmadalamri,zzainh"
8004,16661453,"Disleve Kanku","2026-08-14 15:32:51",406.2,2,dislevekanku
8005,16726765,"Ali Al-Killidar","2026-08-16 09:47:37",406.0,1,alialkillidar
8006,16896794,Cidoai,"2026-09-18 08:45:45",405.9,2,cidoai
8007,16711374,Jascha,"2026-08-13 11:22:30",405.8,2,lippja
8008,16784400,K_DHEERAJ_11,"2026-08-31 02:58:38",405.8,2,kdheeraj11
8009,16660531,greySnow,"2026-09-10 23:39:09",405.7,2,shlomoron
8010,16790615,"Suryansh Vashisth","2026-08-31 10:38:54",405.5,2,songoku2005
8011,16669102,Ritik,"2026-08-07 18:11:13",405.1,2,xritikx
8012,16691891,"Gagan Thakur","2026-08-16 04:36:51",405.1,2,gaganthakur2006
8013,16659018,"Ramziddin Toxirov","2026-08-11 04:58:03",405.0,2,ramziddintoxirov
8014,16840626,"Christopher Márquez","2026-09-12 22:23:02",404.9,2,christophermrqz1174
8015,16657712,"samuel job Adeola ","2026-09-20 22:25:10",404.8,2,samueljobadeola
8016,16700294,"SWAPNEEL BANERJEE","2026-09-24 15:53:50",404.6,2,swapneelbanerjee
8017,16630020,"Piotr Gabrys","2026-08-09 16:53:59",404.6,2,piotrekga
8018,16876529,"Νικόλαος Μπριάκος","2026-09-17 09:06:24",404.5,2,bnikos
8019,16666334,UnderBlade,"2026-08-05 09:56:11",404.4,2,"athillazaidan,kurtmikhael"
8020,16667759,"Nafis Fuad Shahid","2026-08-05 19:21:39",404.2,2,nafisfuadshahidd
8021,16726168,"Shrey Modi","2026-08-15 19:42:14",404.1,2,shreymodi2
8022,16759225,"Andrea Jordan Paro","2026-08-24 11:24:14",404.1,2,andreajordanparo
8023,16634911,onlytimeknows,"2026-08-22 12:31:11",403.9,2,onlytimeknows
8024,16892458,orangeaugust,"2026-09-23 16:17:38",403.8,2,orangeaugust
8025,16777612,"zebra G","2026-08-27 15:46:59",403.8,1,zebrag
8026,16759916,"Jeevith G","2026-08-23 06:58:50",403.8,2,jeevithg090
8027,16701064,KMishra011,"2026-08-20 20:30:34",403.6,2,kmishra011
8028,16796474,"Chaitanya Mundhe ","2026-09-13 12:27:10",403.5,2,chaitanyamundhe
8029,16738351,"Haidar Faruqi","2026-08-25 05:00:00",403.4,2,haidarfaruqi
8030,16678298,"RITIK CHAUDHRY","2026-08-10 13:34:35",403.3,2,ritikchaudhry13
8031,16716657,"Jasti Phani","2026-08-19 08:38:00",403.3,1,jastiphani
8032,16864670,"Takahiro Cho","2026-09-10 04:55:10",403.1,1,takahirocho
8033,16712906,"Sharad Garg","2026-08-13 14:54:43",403.1,2,sharadgarg
8034,16624879,indira,"2026-07-31 06:52:02",403.0,2,inansia
8035,16784030,"Pooja Gera","2026-09-02 15:10:47",402.9,2,poojagera00
8036,16658366,kuroneko,"2026-08-04 10:43:29",402.9,2,kurorosuke
8037,16671773,"Sawyer Lundberg","2026-08-07 03:33:23",402.8,2,sawyerlundberg
8038,16931956,Aari101,"2026-09-20 19:23:51",402.7,2,aari101
8039,16733318,"Anuj Bolewar","2026-08-18 11:11:01",402.6,2,anujbolewar
8040,16734431,"Maxwell Herron","2026-08-19 02:06:34",402.4,2,maxwellherron
8041,16675043,malibu_orange,"2026-09-05 13:27:13",402.3,2,malibuorange
8042,16709299,"Divyanshu Choudhary","2026-09-04 13:13:32",402.2,2,divyanshuchoudhary25
8043,16623054,"Max Bond ABE","2026-08-15 22:43:34",402.0,1,maxbondabe
8044,16691565,"Blu cky","2026-08-09 19:13:27",402.0,2,llmdablucky
8045,16715033,"Colton Byers","2026-08-17 10:41:50",402.0,2,coltonbyers
8046,16843393,"Rizki Syawaldi","2026-09-20 08:55:34",401.6,2,rizkisyawaldi
8047,16930439,wessa0,"2026-09-22 13:42:39",401.6,2,wessa0
8048,16691704,"Rahman Aliyev","2026-09-10 17:59:57",401.5,2,rahman4li
8049,16675232,"Rafif Ariq Rabbani","2026-08-27 19:37:32",401.3,2,rafifariqrabbani
8050,16726569,"Andrey Balvaneda","2026-08-17 20:59:45",401.2,2,andreybalvaneda
8051,16665988,"Ronel maamoc","2026-08-31 09:37:13",401.1,2,ronelmaamoc
8052,16685904,KavYaHD,"2026-08-10 13:02:45",401.0,2,kavyahd
8053,16738441,"Moritz Huber","2026-08-30 21:00:10",401.0,2,moritzhuber
8054,16716488,"Will Henderson290","2026-09-21 13:11:11",400.8,2,willhenderson290
8055,16701885,"Mehdi L.","2026-08-13 13:41:14",400.7,2,lmehdi
8056,16624935,"Anjana mohan","2026-08-01 06:06:39",400.7,2,anjanamohan13
8057,16663815,"Tetsuya Sasaki","2026-09-05 00:00:30",400.6,2,sasakitetsuya
8058,16726052,"Peter Mugoya","2026-09-17 08:35:32",400.4,2,petermugoya
8059,16659588,"Priya J","2026-08-14 05:57:46",400.3,2,priyaj21
8060,16660318,"Aiman Al-Shalfi","2026-09-14 12:39:08",400.1,2,aimanalshalfi
8061,16753895,Andrew98,"2026-08-22 13:10:58",400.0,2,vitem98
8062,16890562,Names231,"2026-09-14 16:08:48",400.0,2,names231
8063,16857871,SHP123SHP,"2026-09-10 03:20:57",399.7,2,shp123shp
8064,16774921,"conor lowth","2026-08-28 10:46:42",399.6,2,conorlowth
8065,16747683,"Jianyu Lin","2026-08-27 13:05:05",399.6,1,jianyulin1999
8066,16656608,"Jeffrey Dilley","2026-08-04 15:40:08",399.5,1,jeffreydilley
8067,16774592,"Oliad Dandana","2026-08-27 09:28:20",399.4,2,olidan
8068,16710241,"Julien Serbanescu","2026-08-12 14:32:50",399.3,2,julienserbanescu
8069,16655891,"Yukihito Ikoma","2026-08-27 03:55:41",399.2,2,yikoma
8070,16663286,"Fan Wang","2026-08-10 21:12:40",399.2,2,wangfan420
8071,16857013,Dote,"2026-09-23 03:41:06",399.2,2,"shriramgunasekar,valid22"
8072,16839419,"Gunratna borkar","2026-09-05 23:32:33",398.9,2,gunratnaborkar
8073,16783050,"Charles Chen","2026-09-07 06:24:21",398.9,2,charles2580
8074,16664450,"Fritz Adelbertus","2026-08-10 01:13:44",398.8,1,fritzadelbertus
8075,16660287,BhatNasir,"2026-08-04 16:29:18",398.8,2,nasir94
8076,16696939,"Keaton Zang","2026-08-10 21:24:20",398.8,1,keatonzang
8077,16638704,"Lee Yen Fei","2026-09-01 03:31:45",398.7,2,leeyenfei
8078,16694497,Kawai,"2026-08-23 18:33:10",398.7,2,"lavendermoon19,sumitwod"
8079,16776777,cerceanit,"2026-08-29 14:51:48",398.6,1,uaisamangeldi
8080,16817520,shreyansh0103,"2026-09-15 09:18:38",398.6,2,shreyansh0103
8081,16695627,"Xu Lou","2026-08-09 13:01:23",398.6,2,xuxiaozhou666
8082,16763938,"joel paul","2026-08-26 02:05:07",398.4,2,joelpaulf
8083,16834632,casua132,"2026-09-05 07:56:17",398.4,1,casua132
8084,16658304,"KETHAVATH Aadarsh","2026-08-05 21:00:45",398.2,2,kethavathaadarsh
8085,16908873,KelOliHar,"2026-09-18 20:02:58",398.2,2,kelolihar
8086,16664818,"B M Dimpu Shree","2026-08-21 10:51:22",398.0,2,bmdimpushree
8087,16666596,"Daumas Benjamin","2026-09-03 10:05:38",397.9,2,daumasbenjamin
8088,16811013,"Sara Vahidestakhri","2026-09-03 00:32:07",397.7,1,saravahidestakhri
8089,16790076,Jessewudao,"2026-09-04 16:54:58",397.5,1,"jessewudao,zongruixie"
8090,16808705,Danielaijdkx,"2026-09-03 11:29:34",397.3,1,danielaijdkx
8091,16677804,"Pravin Takpire","2026-08-11 08:17:51",397.3,2,pravintakpire
8092,16701713,"Максим Хованский","2026-08-10 14:35:38",397.1,1,yeezynaizi
8093,16935826,Ayush,"2026-09-21 20:18:30",397.0,2,"aniketchonu,ayush20081303"
8094,16659459,"Akandé Philippe ABIODOUN","2026-08-06 11:58:09",397.0,2,vrmelo
8095,16681441,"Lamiaa Al-bdrani","2026-08-07 04:25:50",396.8,1,lamiaaalbdrani
8096,16750743,"Nagimov Timur","2026-08-20 21:10:30",396.6,2,nagimovtimur
8097,16860003,"Aatif Sayyad","2026-09-10 21:31:13",396.5,2,aatifsayyad
8098,16732340,"BJ Kim","2026-08-19 15:17:16",396.2,2,doitdoit80
8099,16729669,HYPEREUCLIDEAN,"2026-08-19 07:47:48",395.9,2,hypereuclidean
8100,16717679,mureee,"2026-09-24 14:47:14",395.9,2,"hosyan3279,mureee54"
8101,16850232,"Kharchenko Bogdan","2026-09-09 18:57:16",395.9,2,kharchenkobogdan
8102,16662081,Ayush_Bhaskar_25323010,"2026-08-08 19:49:56",395.8,2,ayushbhaskar25323010
8103,16715404,"karthik reddy","2026-09-04 01:34:50",395.6,2,karthikreddyp
8104,16661659,"Ivan Zagorulko","2026-08-05 10:53:13",395.5,2,normaldaki278
8105,16747782,"Muhammad Agam Febryan","2026-08-29 18:22:04",395.5,2,muhammadagamfebryan
8106,16758681,"Sahil suman","2026-08-26 16:26:13",395.3,2,gruntingtorch
8107,16659659,"michael J king","2026-09-22 02:24:45",395.0,2,michaeljking
8108,16709179,"SATENDRA SINGH","2026-09-17 03:39:22",394.9,2,satendrasingh9876
8109,16888334,"Ohene A","2026-09-14 17:36:00",394.9,2,pamo12
8110,16658227,Gugu888,"2026-08-14 04:27:57",394.7,2,gugu888
8111,16622809,"German Vdovin","2026-08-03 00:38:01",394.6,2,ertrerhtytmnbdsefdw
8112,16686954,"Davie Mdumuka","2026-08-09 19:40:56",394.6,1,daviemdumuka
8113,16630662,Akshatjhawar777,"2026-08-05 12:18:30",394.5,2,akshatjhawar777
8114,16764608,messibeatgravity,"2026-08-24 05:34:05",394.5,1,messibeatgravity
8115,16744018,"ZK Adam","2026-08-27 17:40:04",394.3,2,zkadam
8116,16757336,Stevejustin,"2026-08-31 04:18:31",393.9,2,stevejustin
8117,16661331,"John Wessel","2026-09-23 23:45:13",393.8,2,johnwessel
8118,16794302,bettta11,"2026-09-04 23:25:27",393.7,1,bettta11
8119,16666479,"Prajwal Nivangune","2026-08-09 18:33:51",393.6,2,prajwalnivangune
8120,16898808,katoue,"2026-09-16 21:47:46",393.5,2,katoue
8121,16659247,cindrella_18,"2026-09-22 09:10:52",393.5,2,"ankithraj30,neharaj1518"
8122,16664401,"Pranav Premchand","2026-08-05 03:07:24",393.4,1,pranavpremchand
8123,16898258,"Eugene Blackman","2026-09-22 22:46:05",393.3,2,eugeneblackman
8124,16881479,GG,"2026-09-13 11:27:34",393.2,2,ggroth
8125,16723301,mayukistarry,"2026-08-15 02:20:13",393.1,2,mayukistarry
8126,16672292,"KARTIKEY PANWAR","2026-08-06 05:46:16",393.1,2,kartikeypanwar
8127,16780101,jjjhoon,"2026-08-28 04:04:26",393.0,2,jjjhoon
8128,16735580,"Dhiya Nachimuthu","2026-08-30 06:13:38",393.0,2,dhiyanachimuthu
8129,16640810,まさやん,"2026-08-12 15:22:53",392.8,2,masayam1234
8130,16654788,bumbum,"2026-08-14 12:59:51",392.7,2,krzysztoff1
8131,16665228,Jason_Qian,"2026-08-05 16:00:43",392.6,2,jasonqia
8132,16941095,"P. Sewmuthu Abewickrama Singhe","2026-09-23 12:34:39",392.6,2,psewmuthu
8133,16882081,Aabualella,"2026-09-13 00:58:37",392.5,1,aabualella
8134,16658498,cheesama,"2026-08-04 23:36:18",392.4,2,cheesama
8135,16625418,"Hariprasanth Paranjothy","2026-08-01 05:52:19",392.3,2,hariprasanth8
8136,16913940,"Mustafa Rehman","2026-09-21 09:33:59",392.3,2,mustafar34
8137,16716299,Biwaaa67,"2026-08-13 19:57:06",392.3,1,biwaaa67
8138,16660294,"Mohamed Amadu Bangura","2026-08-04 16:14:07",392.2,1,mohamedamadubangura
8139,16675462,bkcoban,"2026-08-07 18:22:48",392.2,2,bkcoban
8140,16666958,TinkerBotics,"2026-08-05 20:29:19",392.2,2,salosojaedwin
8141,16723779,Matheubern,"2026-09-07 02:24:32",391.9,2,matheubern
8142,16732355,"Nagesh gite","2026-09-06 07:44:05",391.4,2,"kuberb,nageshgite,vasugupta1121"
8143,16669229,"Kayvan Sinha","2026-08-11 15:23:35",391.1,2,kayvansinha
8144,16732041,"Vallapu Nandini","2026-08-17 10:22:47",391.0,1,nandinivallapu
8145,16668268,"Kunal Rout","2026-08-06 05:48:25",390.8,2,charlotte26
8146,16662646,"Jay Parsana","2026-08-09 18:07:10",390.6,2,jay051
8147,16673201,"Sanjay Varma Malladi","2026-09-18 07:00:17",390.5,2,sanjayvarmamalladi
8148,16855738,"Anuj Gupta","2026-09-09 07:38:48",390.5,2,anuj6540
8149,16727022,Saharkh99,"2026-09-01 00:18:26",390.5,2,saharkh99
8150,16656023,JD_Mello,"2026-09-06 01:41:52",390.5,2,jdmello
8151,16802028,Dong,"2026-09-11 03:53:23",390.4,2,protostar
8152,16768884,z y f 007,"2026-08-31 05:39:35",390.3,2,zyf007
8153,16663674,"Mason Mahar","2026-08-30 04:00:17",390.3,2,masonmahar
8154,16944152,JanGO,"2026-09-24 00:35:44",390.3,2,jankoai
8155,16691790,"Akshay Sawant","2026-08-08 19:33:14",389.9,2,akshaysawant8983
8156,16715912,"Hiroshi Sakiyama","2026-08-14 13:22:19",389.9,2,hiroshisakiyama
8157,16709337,"Chris Turnbull","2026-08-11 22:15:57",389.8,2,christurnbull
8158,16888733,"Sébastien Callegari","2026-09-14 03:49:42",389.7,1,sbastiencallegari
8159,16632841,AGG,"2026-09-05 18:33:20",389.2,2,aleixgim
8160,16729351,vlad.shorodok,"2026-08-16 18:05:09",389.2,2,vladshorodok
8161,16707987,"Big Balls Entertainment","2026-08-12 10:18:24",389.1,2,"pavivin,semenkolesnikov"
8162,16664514,"Henry Adjanor tetteh","2026-08-12 00:43:41",389.1,2,henryadjanortetteh
8163,16892509,"Konko M","2026-09-14 18:52:34",389.1,2,konkomaji
8164,16662726,"Juan Carlos González Aguilar","2026-08-14 19:54:48",389.0,2,juancg
8165,16906688,"Qiao Ruicheng","2026-09-17 11:47:47",388.8,2,qiaoruicheng
8166,16667987,"Kunj Kansara","2026-08-05 13:41:26",388.7,1,kunjkansara
8167,16658219,"Deepesh Pankaj","2026-08-15 05:58:07",388.7,2,deepeshpankaj
8168,16657438,"Udit Aggarwal1","2026-08-08 19:09:27",388.6,2,uditaggarwal1
8169,16686726,"Skander Neffati","2026-09-19 12:40:23",388.6,1,skanderneffati007
8170,16676205,"Alhassan Fedawy","2026-08-14 17:15:07",388.2,2,alhassanfedawy
8171,16839457,HugoLee_dreamer,"2026-09-14 01:18:31",388.2,2,hugoleedreamer
8172,16660929,ttkk,"2026-08-12 16:39:58",388.1,1,optimavia
8173,16670387,"Oracle69 AI","2026-09-17 19:17:17",388.1,2,princeadewaleadewumi
8174,16719603,"sravan Tirumala","2026-08-14 03:05:43",388.1,1,sravantirumala
8175,16668479,"Muneera Mahjabeen","2026-09-15 03:45:05",388.0,2,muneeramahjabeen
8176,16662267,"Fahim Montasir","2026-08-10 16:15:10",388.0,2,fahimmontasir
8177,16668431,"Harshpreet Singh #2","2026-08-06 01:06:28",387.8,1,harshpreetsingh45
8178,16897491,"Santipab Tongchan","2026-09-15 14:39:58",387.8,1,santipabtongchan
8179,16638938,Light&Thunder,"2026-08-09 06:39:19",387.6,2,yerne39
8180,16896207,"Bùi Cao Trí","2026-09-15 16:17:43",387.5,1,bicaotr
8181,16673583,"Priyanshu Jha","2026-08-16 08:10:08",387.4,2,codewithjha
8182,16856809,"Mateusz Kuzniar","2026-09-08 22:14:50",387.2,2,mateuszkuzniar
8183,16671532,"Yuri Nakayama","2026-08-13 11:34:55",387.0,2,yurinakayama
8184,16658367,"Prachii Sonii","2026-08-31 17:28:45",386.2,2,prachiisonii
8185,16894517,kuchinwei,"2026-09-17 14:52:52",386.2,2,kuchinwei
8186,16673009,CruelShow,"2026-09-13 10:36:40",386.0,2,cruelshow
8187,16758093,_student,"2026-08-23 22:21:25",386.0,2,drvtalan
8188,16779823,"Jean Dem","2026-08-31 12:38:41",385.9,2,jeandem
8189,16758192,"Dev Monk","2026-08-29 14:03:22",385.9,2,devmonk63
8190,16779805,"Ákos Blaschek","2026-09-01 17:21:44",385.8,2,kosblaschek
8191,16664617,BarkeviousBingo,"2026-08-19 04:34:59",385.7,2,barkeviousbingo
8192,16695479,Anandhasabesan,"2026-08-09 13:50:37",385.7,1,anandhasabesan
8193,16727326,AhmedMousaHassan2510,"2026-08-17 12:56:01",385.7,2,ahmedmousahassan2510
8194,16771187,FernandoRB,"2026-08-26 15:53:49",385.5,2,fernandorb
8195,16660489,"Luca Lullo","2026-09-24 06:56:17",385.3,2,lucalullo
8196,16684225,"Aum Savaliya","2026-08-10 20:10:02",385.3,2,aumsavaliya
8197,16628404,theken,"2026-08-09 12:19:19",384.9,2,theken
8198,16849620,rgbweston,"2026-09-07 18:00:17",384.9,1,rgbweston
8199,16660515,"pooja sandali","2026-08-08 05:51:03",384.9,2,poojasandali
8200,16828390,Yuhuping,"2026-09-04 11:22:14",384.9,1,yuhuping
8201,16741746,"Ahmed Harfoush","2026-08-19 09:47:45",384.6,1,ahmed1harfoush
8202,16686411,NeoCodes.Dev,"2026-08-23 23:53:10",384.5,2,neocodesdev
8203,16654258,"Ashray Bagde","2026-08-13 08:13:00",384.5,2,ashrayaaaaa
8204,16660228,"Ochuwa Pearl Isa","2026-08-06 09:29:36",384.2,2,pearlisa
8205,16710244,Bytemindd,"2026-08-26 10:20:45",384.0,2,"daisy023,sruthikanv,thasneemj,uthayanandhini,vajraparameswari"
8206,16639727,"Andres Mohali","2026-08-13 23:03:25",383.9,2,mohax3
8207,16662162,"THE predict","2026-08-13 21:18:25",383.9,2,vikaspal505
8208,16628521,arai9953,"2026-08-24 22:46:57",383.9,2,arai9953
8209,16679392,Dickie,"2026-08-09 09:05:10",383.8,2,dickieho
8210,16643278,"Giovani Moresco","2026-08-06 05:30:45",383.8,2,giovanimoresco
8211,16706516,"Mohit Khade13","2026-08-26 16:03:22",383.7,2,mohitkhade13
8212,16714425,sileza,"2026-08-13 12:57:35",383.5,1,azelis
8213,16689344,"Shalini Gangrade","2026-08-09 13:17:30",383.4,2,shalinig1
8214,16949185,"Akil Al-Sharafi","2026-09-23 18:52:15",383.2,1,akilalsharafi
8215,16786280,Shambhavi21,"2026-09-24 14:16:59",383.1,2,shambhavi21
8216,16657687,"Siddardha Shayini","2026-09-15 12:52:57",383.0,2,siddardhashayini3
8217,16702935,"Defne Demir","2026-08-11 18:27:36",382.9,2,defnedemir
8218,16674012,ahankesumah,"2026-08-16 07:34:05",382.8,2,ahankesumah
8219,16858496,"Aziz Alqwm","2026-09-24 03:12:13",382.8,2,azizalqwm
8220,16791546,fatimakhlid,"2026-09-10 21:00:33",382.8,2,fatimakhlid
8221,16749503,ally,"2026-08-23 11:48:49",382.8,2,phamngoclinh
8222,16793944,"Grupo 808","2026-08-30 22:36:59",382.6,1,grupo808
8223,16875657,"Валерия Захарова","2026-09-12 23:53:56",382.6,2,melomanpanda
8224,16670188,orivael,"2026-08-05 21:20:17",382.2,2,orivael
8225,16661990,"Olaoluwa Abiodun","2026-08-05 14:57:07",382.2,2,laoluwaa
8226,16656919,Sumaiya,"2026-09-09 18:09:44",382.2,2,ayeshasummaiyya
8227,16730589,山谷知輝,"2026-09-02 02:03:05",382.1,2,tomokiyamaya
8228,16663981,"Steven Pun","2026-08-07 01:59:52",381.9,2,stevenpunn
8229,16740197,Winssk,"2026-08-27 01:55:06",381.7,2,winssk
8230,16757017,"William Green","2026-09-05 01:33:23",381.6,1,dskswu
8231,16685207,"Koushik Thummu","2026-08-07 18:15:47",381.5,2,koushikthummu
8232,16625770,"Đức Trung Trần","2026-08-24 11:01:33",381.5,2,ctrungtrn
8233,16670565,"Grant Biellak","2026-08-05 22:52:01",381.4,2,grantbiellak
8234,16670257,RonitKhanna333,"2026-08-12 12:22:11",381.2,2,ronitkhanna333
8235,16689286,"Telman Yusifov","2026-08-09 07:08:46",380.9,2,yusifovtelman
8236,16660852,"K VISHALINI","2026-08-13 06:59:27",380.7,2,kvishalini
8237,16770039,"Yevhen Tsyba","2026-09-23 06:25:44",380.5,2,yevtsy
8238,16689970,"Константин Паращук","2026-08-08 09:15:08",380.4,1,kangchenxi
8239,16943979,"Joshua Willie","2026-09-23 08:29:39",380.4,1,joshuawillie
8240,16670724,"Neel Patel","2026-08-14 19:33:43",379.8,2,n33lpat3l
8241,16706257,dlv,"2026-08-13 11:11:14",379.7,2,ducott1
8242,16622943,"Erwin Huizenga","2026-09-06 15:04:57",379.7,2,erwinh
8243,16729708,msmsuman,"2026-09-06 11:11:45",379.7,2,msmsumanmuskan
8244,16735307,"Ayush Dhabsa_real","2026-09-10 09:13:50",379.7,1,ayushdhabsareal
8245,16658286,"Jatin Gujarathi","2026-09-20 08:36:06",379.2,2,jatingujarathi
8246,16629742,yun,"2026-08-15 09:10:21",378.8,2,yuyumarupython
8247,16677761,"Rithuraj Nambiar","2026-08-06 18:11:41",378.6,2,rithurajnambiar
8248,16664064,lookapmaka,"2026-08-10 17:19:05",378.4,2,lookapmaka
8249,16690812,zhangkai_0121,"2026-08-09 01:40:21",378.4,2,zhangkai0121
8250,16662964,"Tim Ogilvie","2026-08-13 13:18:59",378.3,2,timogilvie
8251,16655372,abobakrosman87,"2026-09-22 21:05:40",378.2,1,abobakrosman87
8252,16848262,Philedo,"2026-09-12 14:33:59",378.1,2,philedo
8253,16733007,"Not Found","2026-08-17 16:32:16",378.1,4,"ammarkhan05,zainabirfanansari"
8254,16667615,"Zayd Mulani","2026-08-08 23:05:57",377.9,2,zaydmulani
8255,16656902,"Ram Chandra Gupta","2026-08-05 10:18:41",377.7,2,ramchandra142
8256,16757236,"Erlanda Miko P","2026-08-23 07:02:01",377.3,2,snneva
8257,16772511,"Max Gläser","2026-08-26 23:39:34",377.0,1,maxglser
8258,16896549,"Nived P A","2026-09-15 16:39:35",376.6,2,nivedpa
8259,16654947,"Ömer Hüseynov","2026-08-08 22:06:03",376.6,2,omarhuseynov
8260,16731108,"Vipparla Nandini","2026-08-17 06:29:48",376.5,1,vipparlanandini
8261,16831875,"Hamza Mughrabi","2026-09-06 19:10:53",376.5,2,hamzamughrabi
8262,16794088,"Felipe Colombarolli","2026-08-31 00:46:32",376.2,2,felipecolombarolli
8263,16704985,"Ethan Marchisano","2026-08-24 21:36:54",375.8,2,ethanmarchisano
8264,16739939,crescent_star,"2026-09-09 04:42:10",375.7,2,cenzop
8265,16668696,Fabian,"2026-09-03 15:52:06",375.5,1,fabiantoh98
8266,16696419,detectivseb,"2026-08-12 10:34:45",375.5,2,detectivseb
8267,16675324,"Attempt Seven","2026-08-10 10:13:50",375.4,2,attemptseven
8268,16907754,Shenghan,"2026-09-22 16:17:41",375.3,2,shenghanxie
8269,16639764,CortexExplorer,"2026-09-20 15:15:59",375.2,2,cortexexplorer
8270,16664454,"Naga Vinay Avvaru","2026-08-05 07:04:44",375.2,2,anagavinay
8271,16666997,"Krishnamurthy Venkatasubramanian","2026-08-05 15:09:46",375.1,2,krishnamurthyvenkat
8272,16693087,osprey2k,"2026-09-09 02:34:27",375.1,2,osprey2k
8273,16692825,"Saad Arain","2026-08-09 12:27:08",375.0,2,saad451
8274,16666257,"Shijian Wen","2026-08-06 09:40:44",374.8,2,shijianwen
8275,16638383,"Yunus Emre Sarıduman","2026-08-12 12:57:08",374.8,2,emresariduman
8276,16669516,GorgeousCookie,"2026-08-06 09:17:13",374.5,2,axellindqvist
8277,16794153,"harshita harshita","2026-08-31 17:47:11",374.3,2,harshitaharshitaaaa
8278,16716585,"tejaswini kakollu","2026-08-13 09:12:37",374.2,1,tejaswinikakollu
8279,16671512,"Darren Grendi","2026-08-10 00:38:51",373.9,1,darrengrendi
8280,16717797,"patan hashmi","2026-08-13 15:02:52",373.7,1,patanhashmi
8281,16662319,ethan.ai,"2026-08-13 18:16:35",373.6,2,ethanai
8282,16691753,"Jan Moilanen","2026-08-09 12:02:17",373.6,2,janmoilanen
8283,16727480,MSAM,"2026-09-07 13:43:02",373.5,2,arashdeepsinghmaan
8284,16676726,"Manaswi Bansal","2026-08-16 06:28:05",373.4,2,manaswibansal
8285,16763400,"Parth Sarnobat","2026-09-22 18:12:44",373.1,2,parthsarnobat
8286,16681188,"Tresor Mufalme.","2026-08-08 09:29:05",372.9,2,tresormufalme
8287,16924761,"Chang Loukas","2026-09-24 06:22:27",372.7,2,changloukas
8288,16801437,"Koh Saito","2026-09-05 06:01:20",372.6,1,kohsaito
8289,16689349,"Adunola Abdulrahman","2026-08-10 17:38:47",372.6,2,adunolaabdulrahman
8290,16657063,"those how","2026-08-04 07:50:57",372.6,2,thosehow
8291,16705401,"Nguyen Hong","2026-09-24 07:53:33",372.4,2,nguyenhongbubu
8292,16661633,"Joseph Garcia","2026-08-19 16:28:08",372.2,2,josephpgar
8293,16657883,jps,"2026-08-06 08:36:04",372.2,2,jahaziel
8294,16669218,"Shaik Sabiya","2026-08-12 09:15:22",372.2,2,shaiksabiya55
8295,16662854,"NISCHAY SANJAY JIWANKAR 23115098","2026-08-13 05:38:18",371.8,2,nischay2908
8296,16690029,Nitesh_Prajapati2569,"2026-09-15 07:04:17",371.8,2,niteshprajapati2569
8297,16633133,Holeneckles,"2026-09-22 03:01:57",371.3,2,holeneckles
8298,16630772,"Mitsuhiro Iizuka","2026-08-04 10:31:00",371.3,2,mitsuhiroiizuka
8299,16679850,AryaGarg23,"2026-08-09 03:33:14",371.2,2,aryagarg23
8300,16739447,"Jacob Stambaugh","2026-08-19 17:53:29",371.2,2,jacobstambaugh
8301,16759115,chabinhwang,"2026-08-22 14:33:59",371.0,1,chabinhwang
8302,16716670,"Aremanda Yasaswini","2026-08-13 09:27:46",371.0,1,aremandayasaswini
8303,16690947,"Veiled Star","2026-08-10 13:36:49",370.8,2,veiledstar
8304,16730060,"Enzo Pio","2026-08-21 16:44:03",370.5,2,enzopio
8305,16747544,OliverYip,"2026-08-25 06:01:07",370.3,2,oliveryip
8306,16689718,HumsAuraTech,"2026-08-21 17:11:42",370.1,2,humaima03
8307,16780915,"Aravind S","2026-09-22 14:16:59",370.0,2,aravind20061981
8308,16728897,kaba777,"2026-09-14 14:43:55",370.0,2,kaba777
8309,16685625,"silvan ion","2026-08-08 13:05:39",370.0,2,john1one
8310,16758663,"Light In","2026-08-22 19:18:51",369.9,2,lightin45
8311,16796572,"Phan Van Hieu ","2026-08-31 14:23:03",369.8,2,phnvnh
8312,16659410,TTH,"2026-08-07 08:21:16",369.4,2,tthungdz
8313,16696384,Sisu16,"2026-08-13 20:13:27",369.3,2,sisu16
8314,16715097,"Yusuf Yavuz","2026-08-13 00:25:40",369.2,1,yusufyavuzz
8315,16870467,wentingyun,"2026-09-11 10:21:01",369.2,1,wentingyun
8316,16891519,SongShijieCC305,"2026-09-14 16:03:59",369.0,2,songshijiecc305
8317,16668286,"Sabari V","2026-08-15 14:38:41",368.6,2,sabari112005
8318,16661095,"AAYUSHMAAN PATEL","2026-08-09 08:16:53",368.6,2,aayushmaanpatel
8319,16702771,n_samii,"2026-08-14 01:20:08",368.0,2,nsamii
8320,16867501,aueurm,"2026-09-11 05:07:13",368.0,2,aueurm
8321,16665449,AgroVisionAI,"2026-08-11 19:52:49",367.9,2,"aishwaryvarshney,bhuppisharma,kirtisharmaphd,pragyasingh59,priyasingh0590"
8322,16844246,"CS Abhinay","2026-09-17 08:56:32",367.6,2,csabhinay
8323,16947575,Rekh_Sharath_Chandra,"2026-09-23 21:49:36",367.3,1,rekhsharathchandra
8324,16894573,VISHWAPRIYAI,"2026-09-18 04:54:27",367.2,2,vishwapriyai
8325,16716497,xpxg,"2026-08-16 17:04:22",367.1,2,deepxchat
8326,16665959,"Lourenz Baliber","2026-08-18 00:34:06",366.8,1,lourenz
8327,16641330,"Takuya Yoshimi","2026-08-04 05:16:22",366.8,2,tkyysm
8328,16658960,"Amit Kumar","2026-08-06 05:44:30",366.8,2,anmitkumar
8329,16662791,"Shiva Neshan yuva","2026-08-15 18:39:16",366.7,2,shivaneshanyuva
8330,16655555,Bharath2411,"2026-09-03 07:14:26",366.7,2,bharath2411
8331,16656932,"Thivvin Raj","2026-08-13 03:53:35",366.4,2,thivvinraj
8332,16721529,"Danny De Bree","2026-08-20 09:46:36",366.4,1,dannydebree
8333,16721615,"Dai Dai","2026-09-08 07:59:14",366.4,2,jumpingdaidai
8334,16927163,1234321,"2026-09-23 18:14:38",366.4,1,sakamoto1234
8335,16906238,Naaz,"2026-09-17 06:33:26",366.3,2,naaz03
8336,16690077,"GOMATHI PRIYA","2026-08-13 06:38:45",365.8,2,gomathipriyaraj22
8337,16668091,Solidscripts.io,"2026-09-24 02:14:47",365.8,2,juancamera1
8338,16722757,"Sebastian Adamatzky","2026-08-14 19:10:23",365.5,2,sebastianadamatzky
8339,16697627,abinandhan03,"2026-09-01 10:38:15",365.4,2,abinandhan03
8340,16668673,"kyran sinha","2026-08-14 14:21:34",365.2,2,kyransinha
8341,16761784,"Ghaith Kammoun","2026-08-24 21:19:54",365.2,2,ghaithkammoun
8342,16634720,Thiyo,"2026-08-18 11:51:04",365.1,2,thimirajayasekara
8343,16796468,suin7328,"2026-09-05 02:05:08",364.9,2,suin7328
8344,16655737,Dharshini,"2026-08-08 15:00:05",364.8,2,dharshini1812
8345,16673825,h_jun,"2026-08-10 06:21:12",364.7,1,lhjoon77
8346,16696439,VaraPrabha,"2026-08-10 04:36:00",364.7,2,galiveetipoornima
8347,16656190,"Akshaj Shandilya","2026-08-06 03:14:36",364.6,2,akshajshandilya
8348,16673310,dffzno1,"2026-08-14 01:44:55",364.4,2,joyzip
8349,16665400,FieldOps,"2026-08-10 16:16:03",364.4,2,sycpr1me
8350,16745497,"Handsome Heretic","2026-08-21 19:14:30",364.2,2,handsomeheretic
8351,16663990,"OURNO PAPA SALIF","2026-08-07 23:18:43",364.1,2,belfiremine
8352,16809202,amano,"2026-09-03 13:44:49",364.0,2,amanoshotaro
8353,16692710,"Baran Haydar","2026-08-12 06:56:50",363.9,2,baranhaydar
8354,16867865,"ADITYA RAJ","2026-09-20 17:14:43",363.6,2,adityaraj2026yp
8355,16695177,"Ajith Bagali","2026-08-15 12:23:37",363.6,2,ajithbagali
8356,16710564,"Clarice Harijanto","2026-08-14 04:28:13",363.5,2,clariceting
8357,16927652,"Mukilan A.R.","2026-09-20 22:33:33",363.5,2,mukilanar
8358,16660397,Divyansh82Raj,"2026-08-04 15:01:28",363.5,2,divyansh82raj
8359,16640901,"Kian Maghsoodi","2026-08-20 23:01:51",363.4,2,kizmodo
8360,16634352,"sovit karki","2026-08-12 17:21:13",363.3,2,sovitkarki
8361,16705696,"TS Farmer","2026-08-13 11:22:09",363.3,2,"shivangkainth,tusharsekhri27"
8362,16848598,"Work 3","2026-09-12 09:26:57",363.2,2,nanisriram
8363,16654758,f--n,"2026-09-06 13:37:43",363.0,1,a17442473
8364,16700360,"Thanush Soma","2026-08-10 09:49:02",362.8,2,thanushsoma
8365,16717447,zhiyue666,"2026-09-10 09:01:07",362.8,2,zhiyue666
8366,16662967,"Amalio Gomez","2026-08-04 22:07:16",362.7,1,amaliogomez
8367,16705300,T3485D5T,"2026-09-03 08:20:18",362.5,2,"danijelbilalli,t3485d5t"
8368,16730191,rRTZZZ,"2026-08-17 02:43:14",362.3,2,rrtzzz
8369,16655689,花朝,"2026-08-05 04:10:02",362.2,2,xhxyyds
8370,16716649,"Meghana Busse","2026-08-13 09:33:08",362.1,1,meghanabusse
8371,16671714,"Donnell Layne","2026-08-07 15:40:35",362.0,2,jupiter1127
8372,16890222,"Borisov Emilian","2026-09-18 05:14:34",361.7,2,emili123
8373,16890029,"Siqing Jing","2026-09-15 02:53:04",361.6,2,siqingjing
8374,16655257,"Afia Animah Fosu","2026-08-04 18:21:50",361.6,2,afiaanimahfosu
8375,16710417,"Aryant Jadhav","2026-08-15 18:57:18",361.5,2,aryantjadhav
8376,16628409,"yann sadowski","2026-07-31 09:39:25",361.1,1,yannsadowski
8377,16662577,"Shreyash Suryawanshi","2026-09-02 19:42:31",360.9,2,shreyashsuryawanshi
8378,16665907,"Jonathan Saina","2026-09-15 23:12:31",360.8,2,jonathansaina
8379,16658519,"David kinyanjui","2026-08-31 07:10:00",360.7,2,davidkinyanjui
8380,16688381,"Teresa Fitzgerald","2026-09-13 21:02:07",360.7,2,teresafitzgerald
8381,16738335,"Xuzhou Dong","2026-08-20 14:39:16",360.7,2,xuzhoudong
8382,16755264,wsdsby,"2026-08-21 15:16:42",360.6,2,wsdsby
8383,16684677,"Sean Southwick","2026-08-27 14:45:32",360.6,2,seansouthwick
8384,16658817,"Andrew Glez","2026-08-04 12:10:17",360.4,1,andgos
8385,16770758,"Maor talker","2026-08-26 20:18:59",360.4,2,maortalker20
8386,16782192,"Marcelo Correa","2026-09-18 10:26:15",360.2,2,mvcorrea
8387,16709519,"p pxl16","2026-08-19 09:49:35",359.9,2,ppxl16
8388,16723569,"Trishanth Mellimi","2026-08-15 07:09:55",359.8,2,trishanthmellimi
8389,16881853,Sleepyman,"2026-09-15 09:22:24",359.8,2,alishakeri1
8390,16784379,超级陆战队,"2026-08-29 14:43:33",359.5,2,luyi61227
8391,16779769,"Pravin jeyavel","2026-09-14 05:39:48",359.4,2,pravinjeyavel
8392,16762854,J8young,"2026-08-26 13:52:54",359.3,1,j8young
8393,16933048,"Anusuya Gurusamy","2026-09-23 04:45:03",359.2,2,anusuyagurusamy
8394,16799743,"Luc Tellier","2026-09-05 08:31:17",359.2,1,luctellier
8395,16659312,qwertyDmitry,"2026-08-05 13:44:24",359.1,2,qwertydmitry
8396,16785676,Bilal11122,"2026-08-29 08:15:46",359.1,1,bilal11122
8397,16654330,"Perumalla Pujitha","2026-08-12 18:09:24",358.8,2,perumallapoojitha
8398,16905792,"Omar Tarek Fahmy","2026-09-16 10:59:04",358.6,1,omartarekfahmy
8399,16677950,"Rounak Laddha","2026-08-15 01:47:41",358.4,1,rounakladdha
8400,16692427,"Infy ","2026-08-09 20:48:09",358.0,2,infydes
8401,16637762,"Greek olive oil","2026-08-09 19:56:48",357.7,2,alexanderchar
8402,16669176,"Karakam Sridevi","2026-08-11 07:44:48",357.6,2,karakamsridevi
8403,16660099,Desireog71,"2026-08-08 15:01:19",357.4,2,desireog71
8404,16755377,"Rishi Sutar","2026-09-23 04:18:01",357.3,2,rishisutar
8405,16658512,fatariq,"2026-08-10 21:18:35",357.2,2,fatariq
8406,16660980,"João Marcelo Curi","2026-08-05 18:31:19",356.9,2,joomarcelocuri
8407,16622097,"Garrick C.P.","2026-08-10 18:12:06",356.8,2,garrickchinnis
8408,16661476,slowpoke,"2026-08-29 16:33:07",356.7,2,banboyechristains
8409,16659394,"יוסף בש","2026-08-09 15:11:23",356.4,2,josiii123212
8410,16937616,"ZIYU NI","2026-09-21 17:26:32",356.3,1,jacsonpercy
8411,16667105,"Vikram Tiwari","2026-08-10 11:12:26",356.1,2,vikramtiwari
8412,16652230,BorisSpider,"2026-08-13 11:34:46",356.0,2,borisspider
8413,16675093,"Nikhil Srivastava","2026-08-15 08:47:12",355.6,2,nikhilsrivastavark
8414,16641606,"Tanisha Sahu","2026-08-02 14:39:27",355.5,2,tanisha3
8415,16668159,ABDELGHANY,"2026-08-12 11:04:36",355.4,2,abdelghanyrageh
8416,16656860,SamReiswig,"2026-09-02 04:04:09",355.4,1,sreiswig
8417,16866482,"Sunday Ibidapo","2026-09-10 21:46:49",355.2,1,sundayibidapo
8418,16638343,"Phong Khoi","2026-08-04 12:20:52",355.2,2,phongkhoi
8419,16891781,"mohamed saafan","2026-09-14 14:54:04",355.1,2,mohamedsaafan
8420,16877927,"EFE ULKER","2026-09-12 00:13:05",355.1,2,efeulker
8421,16693147,"Oliver Curtis1","2026-08-09 14:51:57",355.1,2,olivercurtis1
8422,16701060,"Paula Jimenez","2026-08-22 16:18:37",355.1,2,paulajimenez
8423,16668592,"Ashutosh jatav","2026-08-09 13:34:45",354.9,2,ghost1412
8424,16890976,zyh222,"2026-09-24 04:52:22",354.8,2,"eason0407,hrj314,tanghuan2005,zyh222"
8425,16666590,"Hoàng Anh Tú","2026-08-12 23:59:58",354.8,2,anhtu9999
8426,16665460,"Shubham kumar jha","2026-08-23 07:36:36",354.7,2,shubhamjhakr
8427,16803129,hdttnk,"2026-09-02 14:13:00",354.3,2,hdttnk
8428,16677747,"Yuvraj Bhatt","2026-08-10 08:38:11",354.3,2,bhattyuvraj22
8429,16646644,BeyondBirthday,"2026-08-09 06:39:01",353.9,2,near07
8430,16780268,"SAI ESHWAR S","2026-08-29 06:26:11",353.8,1,saieshwars
8431,16831170,"None #2","2026-09-05 04:16:51",353.7,2,mdmorshalinemojumder
8432,16667177,"Raunak Phull","2026-08-10 11:14:44",353.6,2,raunakphull4
8433,16683087,qiuchenglong,"2026-08-07 09:25:48",353.5,2,qiuchenglong
8434,16770085,AllenCheng329,"2026-08-25 10:05:43",353.4,1,allencheng329
8435,16658882,"toukali samir","2026-08-07 13:43:05",353.4,2,toukalisamir
8436,16755029,"Jashan Bajwa","2026-08-22 12:56:30",353.3,2,jashanbajwa
8437,16639624,"Nishanth Rajan","2026-08-02 03:25:35",353.1,2,nishanthrajandev
8438,16680015,"Khôi Trương","2026-08-10 01:11:55",353.0,1,kiykhoi
8439,16773370,"Nishant #1","2026-08-26 06:11:42",353.0,1,nishanttomar110
8440,16739356,Renuka,"2026-09-22 11:47:53",352.9,1,alphy1603
8441,16685164,cleanledger,"2026-08-07 13:38:23",352.8,2,cleanledger
8442,16716713,"T Vamsi Krishna","2026-08-13 09:37:43",352.6,1,vamsee3763
8443,16656946,"Sambit Padhan","2026-08-05 10:10:10",352.5,2,sambitpadhan
8444,16721948,ziszim,"2026-08-26 14:38:30",352.5,2,ziszim
8445,16691027,"Jelle Maas","2026-08-08 14:58:19",352.3,2,jellemaas
8446,16656472,angusdddsa,"2026-08-04 06:04:22",352.1,2,angusdddsa
8447,16686332,毛治钦,"2026-09-01 05:05:37",352.1,2,maozhiqinf
8448,16662647,"Ruben Maya","2026-09-23 22:06:52",352.1,2,rubenmaya
8449,16624102,Khadersha.sk,"2026-08-03 02:45:03",352.0,2,khadershask
8450,16664671,Acteus,"2026-08-06 00:01:12",352.0,2,acteus
8451,16673167,Karam96,"2026-08-08 11:40:36",351.8,2,karam96
8452,16653001,"Alexey Kuleshov","2026-08-04 12:07:51",351.7,2,alexkulll
8453,16763255,"I P Tharun Gowda","2026-09-16 17:24:11",351.6,2,iptharungowda
8454,16630007,"Yuankun Liu","2026-07-31 15:48:13",351.5,2,lyk1652
8455,16666275,HeatS33ker,"2026-08-15 14:37:36",351.5,2,byronokou
8456,16668340,"Sibi Vishnu","2026-08-08 10:35:33",351.5,2,sibivi
8457,16909521,"Rabs Cats","2026-09-17 02:10:02",351.5,1,rabscats
8458,16711383,"Monika Kocianova","2026-08-14 11:01:11",351.4,2,monikakocianova
8459,16723273,"Bradley ZODOME","2026-08-19 07:06:18",351.1,2,bradleyzodome
8460,16870360,"Tedi Septiana","2026-09-14 06:57:54",351.1,2,tediseptiana
8461,16792188,anisotropies,"2026-09-12 05:25:04",350.3,2,achan31
8462,16844410,ナポレオン,"2026-09-07 15:46:40",350.2,2,naporeondesu
8463,16823858,"James Mills","2026-09-23 17:08:00",350.2,2,jamesmills1975
8464,16722122,Abhas20,"2026-08-19 10:02:51",350.1,2,abhas20
8465,16649794,"Wanzhu Zhao","2026-08-04 13:04:05",350.0,2,wanzhuzhaora
8466,16940668,"Lars Gade","2026-09-24 09:18:27",349.2,2,larsgade
8467,16661891,BALLEN1337,"2026-08-04 19:22:30",349.1,2,ballen1337
8468,16657056,"Jacob Ross Piedad","2026-08-06 12:15:14",349.0,1,jacobrosspiedad
8469,16728881,Ch.Manvita,"2026-08-16 16:33:52",348.9,2,chmanvita
8470,16662197,"Zehra Basaral","2026-08-07 10:42:57",348.9,2,zehrabaaral
8471,16770270,"salthiel nishimwe","2026-08-25 10:45:23",348.8,2,salthielnishimwe
8472,16655652,Emergence,"2026-08-10 03:21:04",348.7,2,daylighth
8473,16655250,"Juan Pablo Ponce","2026-08-08 03:34:18",348.6,2,juanpabloponce28
8474,16752067,neuroxaker,"2026-08-22 14:50:32",348.6,2,neuroxaker
8475,16634219,"Michael J Hammel","2026-08-01 11:37:10",348.4,2,michaeljhammel
8476,16683400,"wo zhe yi sheng ru lu bo bing","2026-08-10 16:53:48",348.0,2,"ivanlo103,panckck,waijai"
8477,16920572,"Mahalakshmi boga","2026-09-23 12:45:53",348.0,2,mahalakshmiboga
8478,16716594,"U Anand Williams","2026-08-13 09:19:09",347.9,1,uanandwilliams
8479,16660246,taqnik,"2026-08-08 11:54:39",347.7,2,taqnik
8480,16794431,"Yash Apps","2026-09-08 04:12:52",347.6,2,yashwanthgajji
8481,16706276,MitulbhBhatia,"2026-08-18 04:02:38",347.5,2,mitulbhbhatia
8482,16762021,Dhananjai1729,"2026-09-14 06:13:33",347.5,2,dhananjai1729
8483,16671519,"Mandhati Sai ganesh","2026-08-06 06:36:45",347.4,2,mandhatisaiganesh
8484,16769110,tianlululing,"2026-08-26 13:09:45",347.4,2,tianlululing
8485,16674725,"rajan jha","2026-08-13 12:05:42",347.2,2,rajan1673
8486,16635130,Pongsaky,"2026-08-01 12:56:02",347.2,2,gantanch
8487,16711573,"Sushmitha Vasantha","2026-08-13 09:08:29",347.2,1,sushmithavasantha
8488,16681397,"Vishal Dubey","2026-08-11 08:51:13",347.2,2,visha1dubey
8489,16688364,"Om Raval08","2026-08-21 02:57:23",347.0,2,omraval08
8490,16831106,asd1984,"2026-09-05 17:40:01",347.0,2,asd1984
8491,16771216,"Hugo Ponce","2026-08-25 17:54:30",346.7,2,hugoskn
8492,16690166,"Niteshwar Mishra","2026-08-08 10:02:22",346.7,2,niteshwarmishra
8493,16783322,kentaro,"2026-08-29 03:55:45",346.0,2,kentarokujo
8494,16668523,Bumblerrr,"2026-08-06 19:46:02",345.9,2,bumblerrr
8495,16796834,"Harsh Gupta #2","2026-09-09 19:20:48",345.9,2,harshgupta0415
8496,16654213,"Hojin Jang","2026-08-20 09:59:20",345.7,2,hojinjang
8497,16652805,"Rodrigo Batista da Silva","2026-08-13 13:35:19",345.6,2,eurodrigobatista
8498,16625011,"Heng Yu","2026-08-18 06:30:56",345.6,1,megalobox1
8499,16757338,Dewakaran,"2026-08-22 05:34:35",345.6,1,dewakaran
8500,16682108,"Shadow Monarch","2026-08-17 06:45:10",345.6,2,avinashk01
8501,16732296,"duong nguyen","2026-08-20 14:51:38",345.5,1,duongnguyen161
8502,16894000,"Vivek Silimkhan","2026-09-15 11:11:29",345.4,2,viveksilimkhan
8503,16624029,"Miguel Angel Rodriguez Fonseca","2026-08-07 03:55:38",345.4,2,miguelangelrodriguez
8504,16726381,"Adriana Redondo","2026-08-15 19:39:41",345.4,1,adrianaredondo
8505,16927761,"M Asghar Shakir","2026-09-21 04:04:32",345.3,2,masgharshakir
8506,16670812,"Brian Toman","2026-08-09 15:56:22",345.2,2,briantoman
8507,16841549,"Ayush Kumar #4","2026-09-06 03:30:02",345.0,2,akyushumar
8508,16777515,Abhimanyu21,"2026-08-27 13:33:38",344.9,2,abhimanyu21
8509,16632620,"[Deleted] d9d74cbb-c76e-4fbb-a4bf-35e25b48627d","2026-08-08 16:00:16",344.9,2,del=c21e6a8a03ad3b3c
8510,16741512,Offenders,"2026-08-30 15:08:39",344.8,2,"karthicchockalingams,shakil2411,shehnaaz01"
8511,16735393,Dai_Research,"2026-08-18 10:40:17",344.7,2,dairesearch
8512,16661191,"Yudha Eka Saputra","2026-08-04 19:28:31",344.5,2,yudhaekasaputra
8513,16658457,"Uchiha Eren","2026-09-24 06:22:39",344.5,2,lucsanjay
8514,16735593,"timur tytrin","2026-08-18 07:37:46",344.3,2,timurtiutrin
8515,16778526,starkhushi,"2026-08-27 07:01:28",344.2,2,starkhushi
8516,16668012,"Aleksander Iżemski","2026-08-05 20:52:54",343.9,2,aizemski
8517,16718662,Safin,"2026-08-22 17:50:27",343.8,2,safinlynx
8518,16657145,"Shudipto Trafder","2026-08-04 19:25:24",343.8,1,iamsdt
8519,16717522,kyunyoung,"2026-08-14 07:16:00",343.6,2,kyunyoung
8520,16721675,stork8i,"2026-08-14 13:16:26",343.5,1,stork8i
8521,16641665,huangjunjia,"2026-08-04 14:12:26",343.5,2,huangjunjia777
8522,16677732,"Alessandro Mermali","2026-08-06 20:52:35",343.5,2,alessandromermali
8523,16624235,appu2431,"2026-08-11 15:56:41",343.5,2,appu2431
8524,16933436,"Shi Chen","2026-09-22 07:39:57",343.4,2,hjhhhk
8525,16682869,"Sepideh Rahmati","2026-09-14 09:43:57",343.4,2,sepidehrahmati
8526,16666577,"Jatin khandelwal112","2026-08-05 11:26:41",343.3,2,jatinkhandelwal112
8527,16682342,"Jebez Oswald","2026-08-10 05:38:15",343.1,2,jebezoswald
8528,16690775,"Prasanna Raut","2026-08-08 20:41:38",343.0,2,prasannaraut
8529,16657142,"Vishisht Gupta","2026-08-16 16:16:54",342.9,2,vishishtgupta
8530,16735966,kyone,"2026-08-18 08:09:32",342.9,1,xtraky
8531,16641140,NITISH_GOYAL1,"2026-08-27 06:42:29",342.7,2,nitishgoyal1
8532,16690098,"Akshay Kashyap","2026-08-10 17:10:28",342.6,2,akshaykashyapakku
8533,16865101,"Hanlinh ","2026-09-11 03:58:09",342.1,2,hanlinh227
8534,16633475,betagammashtrit,"2026-08-29 16:24:03",342.0,2,betagammashtrit
8535,16687699,jegazhu,"2026-08-13 22:25:15",342.0,2,jegazhu
8536,16785821,"Naresh Meena","2026-08-28 21:24:31",341.9,1,nareshmeena12
8537,16738563,"Amrutha H","2026-09-16 13:19:31",341.8,2,amr13utha
8538,16709165,"Yooraj Gole","2026-08-13 18:10:17",341.7,1,yoorajgole
8539,16702742,"Kavyanshu Singh","2026-08-11 10:47:02",341.7,2,kavyanshusingh
8540,16794285,Penelope.pnlp,"2026-09-01 15:38:43",341.6,2,penelopepnlp
8541,16876167,"kjl jkl","2026-09-17 15:51:01",341.3,2,kjljkl
8542,16632558,RUI,"2026-09-18 11:34:17",341.1,2,zaiwubian
8543,16747403,"Kanchan Chavan","2026-09-12 17:46:56",341.0,2,momovedant
8544,16661002,"Eliyas sk","2026-09-02 12:32:51",340.9,2,eliyassk
8545,16698188,"Smartex Dan","2026-09-22 21:43:30",340.9,1,smartexdan
8546,16715988,"Hsyn Kskn","2026-09-03 12:08:15",340.9,2,hsynkskn
8547,16685649,YUYUTA,"2026-08-09 05:39:50",340.5,2,yuyuta
8548,16940601,ShreyanshK099,"2026-09-23 07:57:43",340.5,2,shreyanshk099
8549,16795677,"Carol bright","2026-08-31 09:30:28",340.4,2,carolbright
8550,16936809,"Caleb Ibeh","2026-09-22 08:34:43",340.3,2,calebibeh
8551,16655919,"Tạ Minh Lễ","2026-08-04 06:46:45",340.3,2,tminhl
8552,16716322,zhaimh,"2026-08-14 02:43:21",340.3,2,zhaimh
8553,16723947,"Ariel GNANSOUNOU","2026-09-22 21:11:28",339.8,1,arielgnansounou
8554,16696800,"VEER GOMA","2026-08-14 15:42:47",339.8,2,novaxoxo
8555,16778327,WangYingChen,"2026-08-28 03:11:28",339.7,1,wangyingchen
8556,16823229,aper,"2026-09-05 08:42:58",339.6,2,todaya
8557,16715791,CustardApple47,"2026-09-06 11:34:26",339.6,2,custardapple47
8558,16732936,"Kateryna Dudko","2026-08-25 12:15:40",339.6,2,dudkiina
8559,16758426,"Attique Ansari","2026-08-22 11:50:42",339.6,2,attiqueansari
8560,16898498,"Prakash Bandi","2026-09-21 01:59:35",339.6,2,prakashbandi
8561,16658319,"Huỳnh Nguyễn Trọng Tín","2026-08-06 06:23:40",339.5,2,tnhunhnguyntrng
8562,16683136,"Stefano Ciaci","2026-08-16 14:47:29",339.4,2,stefanovcciaci
8563,16665996,AVATAR3905,"2026-08-06 18:14:01",339.4,2,avatar3905
8564,16669725,chosunghwan,"2026-08-06 03:52:24",339.4,1,chosunghwan
8565,16749568,"Nana Hung","2026-08-23 02:17:34",339.3,2,nanahung
8566,16709754,"Simon Preuss","2026-08-12 16:39:55",339.3,2,simonpreuss01
8567,16683178,soulasin,"2026-08-07 14:32:26",339.1,2,soulasin
8568,16688859,"Muhammad Fayaz Khan","2026-08-08 06:36:02",338.7,2,mfayazkhan
8569,16666171,"JD Crew","2026-08-06 12:52:58",338.5,2,"abhijnanpodder,ahsafabid"
8570,16723047,"Matheus Finger","2026-09-11 19:15:11",338.5,2,matheusfinger
8571,16656480,"Dip Biswas","2026-08-07 04:35:56",338.4,2,dipjacobiswas
8572,16694264,"Vansh Visariya","2026-08-10 09:00:11",338.3,2,vanshvisariya
8573,16712257,Banarto,"2026-08-13 07:49:16",338.3,1,banarto
8574,16697694,"Adithya Thiruvalluvan","2026-08-29 17:28:42",338.3,1,forestfire7
8575,16735751,"Hasan Taşkın","2026-08-24 19:36:02",338.2,2,hasantaskin
8576,16661551,SimonAx,"2026-08-10 09:41:59",338.2,2,simonaxel
8577,16664199,SomyaSingh_07,"2026-09-23 14:12:41",338.1,2,somyasingh07
8578,16858795,"Радик Владимирович Хорошев","2026-09-10 07:59:02",338.1,2,rodionkh
8579,16661390,"Raúl García Gómez","2026-08-04 17:04:39",338.1,2,corso138
8580,16862308,"Furkan CAT","2026-09-10 15:07:24",337.9,2,furkancat
8581,16656732,"Shivam Kashyap","2026-08-04 05:28:03",337.9,1,shiyan0090
8582,16876354,A_Mose,"2026-09-12 08:57:15",337.9,2,mmameh
8583,16732873,"Yash Rana","2026-08-18 04:57:04",337.8,2,yashrana24
8584,16845081,"Sera Ria Gomes","2026-09-10 12:28:43",337.7,2,serariagomes
8585,16673152,"Arijit Raj","2026-08-06 08:23:14",337.6,2,arijitraj02
8586,16653105,James,"2026-08-17 16:52:18",337.5,2,jamesquirk
8587,16621243,"Jesse Bullard","2026-09-24 07:47:10",337.4,2,jessebullard
8588,16665980,cshara,"2026-08-06 08:41:16",337.4,2,cshara
8589,16666218,"sugan Chandrasekar","2026-08-16 11:02:09",337.3,2,suganchandrasekar
8590,16692906,CodeZee,"2026-08-09 19:50:49",336.9,2,codewithzaeem
8591,16662874,"Dev Shah","2026-08-08 01:52:52",336.6,2,imdevshah11
8592,16774954,Ye_xz233,"2026-08-26 15:35:23",336.5,2,yexz233
8593,16768551,"AAYUSHMAAN SINHA","2026-08-25 02:43:00",336.5,2,aayushmaansinha
8594,16654808,Vishwajeet-maker,"2026-08-17 21:17:02",336.5,1,vishwajeetmaker
8595,16676416,"Abhishek Mishra","2026-08-10 10:09:30",336.3,2,abhishekmishra23
8596,16659234,"MARY RAISA P","2026-08-27 07:06:43",336.3,2,"harinimala21,maryraisap,saha0102"
8597,16662589,"Arunagirinadan Sudharshan","2026-09-20 10:20:48",336.2,2,sudhanaruna
8598,16662428,"Sonu kumar","2026-08-24 05:18:49",336.1,2,sonukumar9142
8599,16929788,"Yusuf Sanusi","2026-09-21 00:50:47",335.9,2,mindbender7
8600,16695592,"André Luiz Pedroso","2026-08-09 11:59:19",335.9,1,andreluizpedroso
8601,16735080,"SARTHAK PATIL","2026-09-02 19:23:03",335.8,2,sarthakpatil23
8602,16738581,"mr moradi1","2026-08-18 14:31:26",335.8,1,mrmoradi1
8603,16739702,"Vasantha Kumar552","2026-08-19 07:22:10",335.7,2,vasanthakumar552
8604,16883375,"Sam Robin Singh E","2026-09-14 22:42:51",335.6,2,samrobinsinghe
8605,16662659,"Chiziterem Eze","2026-08-11 12:20:48",335.6,2,chiziteremeze
8606,16855459,"Shune Lae lae Khaing","2026-09-11 17:55:19",335.4,2,shunfloryn
8607,16866140,Mantis,"2026-09-22 16:59:18",335.2,2,orchidmantis
8608,16689943,"NAM NGUYỄN CÔNG","2026-09-24 12:41:05",335.0,2,namnguyenhcmut
8609,16629476,NOOBS,"2026-08-09 19:58:48",335.0,2,"patelkrishna8,sakshamranawade,shravanideshpande25"
8610,16714418,AdriMonFer,"2026-09-01 12:15:21",334.6,2,adrimonfer
8611,16941648,ITibe88,"2026-09-22 19:04:58",334.6,2,itibe88
8612,16659523,"Ahmad Khidir","2026-08-27 22:33:31",334.6,1,ahmadkhidir
8613,16741982,barry_Paddi,"2026-08-27 07:10:52",334.6,2,barrypaddi
8614,16731458,"Arthur Baygildin","2026-08-17 10:06:55",334.4,1,arthurbaygildin
8615,16937995,"Aleksandr Rybin","2026-09-21 22:21:56",334.2,2,aleksandrrybin
8616,16635243,MlMlDev34,"2026-08-01 11:26:52",334.0,2,mlmldev34
8617,16652422,Kite,"2026-08-17 16:26:55",334.0,1,kiteyinlong
8618,16682229,"mayuri sarangi","2026-08-29 14:03:36",333.9,2,mayurisarangi
8619,16658733,luoqiuy,"2026-08-04 10:46:04",333.9,2,luo912
8620,16654348,rkeshwani,"2026-08-07 16:17:49",333.6,2,rkeshwani
8621,16663738,"Handre Bezuidenhout","2026-08-04 23:27:08",333.6,2,handrebezuidenhout
8622,16926528,"Badri Vishal","2026-09-19 18:42:19",333.5,2,badrivishal90
8623,16636643,"Babul Kumar","2026-08-02 07:46:50",333.4,2,babulkumar07
8624,16681177,"Ivan Kevin Garcia Hernandez","2026-08-17 19:25:34",333.1,2,jedilgh
8625,16713319,"David Tilman","2026-08-12 18:56:13",333.0,2,davidtilman
8626,16779505,"Prasad Ovhal","2026-09-24 13:31:06",332.8,2,prasadovhal
8627,16677470,"Saish Walavalkar02","2026-08-09 12:44:51",332.6,2,"harichaudhari1,kaiserjayin,meetramjiyani,nirbhaygajabi30,saishwalavalkar02"
8628,16686716,"menna hassanM","2026-08-28 21:49:51",332.4,2,mennahassanm
8629,16659533,"Pavan Desai","2026-08-10 16:29:20",332.2,2,pavancdesai
8630,16668271,"Shashank Raj","2026-08-06 14:27:00",332.1,2,ssr6156
8631,16663969,"Aarush Kute","2026-09-21 17:06:14",331.7,2,aarushkute
8632,16682454," Vandanaa R","2026-09-02 09:48:24",331.7,2,vandanaar
8633,16661351,"Adekojo Adeyemi","2026-08-04 15:25:52",331.5,1,adekojoadeyemi
8634,16770232,MinhTran2346,"2026-09-07 14:12:04",331.3,2,minhtran2346
8635,16656351,"Triet Ho","2026-08-07 07:27:33",331.1,2,trietho247
8636,16795163,"Nguyễn Đỉnh","2026-09-14 05:05:43",331.0,2,nguyendinh1507
8637,16657658,"Esther Usman","2026-08-25 23:45:50",330.9,2,estherusman
8638,16802128,"vaman soni","2026-09-02 10:08:49",330.8,1,vamansoni
8639,16672020,"Arum Puri ","2026-08-18 14:03:33",330.6,2,arumpuri
8640,16867163,"Harikesh Shukla","2026-09-14 05:04:51",330.6,2,harikeshshukla
8641,16656135,"JAYASURYA R","2026-08-05 15:43:01",330.6,2,suryar261
8642,16660568,Fascetta,"2026-08-07 20:48:53",330.5,2,fascetta
8643,16659688,Daniel,"2026-08-05 12:21:37",330.4,2,danielyazgi
8644,16705798,"orhun uygun","2026-09-24 08:48:21",330.2,2,orhunuygun
8645,16724976,Soham,"2026-08-18 11:28:07",330.1,2,soham308
8646,16799132,"Marlon Vasquez","2026-09-23 05:02:43",330.1,2,vexmeavf
8647,16661690,codefusiondu,"2026-08-06 04:53:25",330.0,2,codefusiondu
8648,16677312,"Kavuri Sravya","2026-08-19 02:33:01",329.6,2,kavurisravya
8649,16639067,"ToMY F.","2026-08-11 11:34:31",329.4,1,tomyfdev
8650,16658011,"Arooba Hanif","2026-08-05 07:24:53",329.3,2,aroobahanif
8651,16678653,Wzjj98,"2026-08-06 19:31:39",329.3,1,wzjj98
8652,16941652,里奥梅东,"2026-09-24 12:47:25",329.0,2,lionalmedong
8653,16672138,mostafa69ca,"2026-08-06 05:03:43",328.9,1,mostafa69ca
8654,16917267,"jean-thomas Dauchel","2026-09-18 21:41:23",328.7,1,jeanthomasdauchel
8655,16628190,Horizonx30,"2026-08-09 18:06:56",328.5,2,horizonx30
8656,16624990,"Tanjim Ahmed Kingshu","2026-08-02 07:05:52",327.8,2,tanjimahmedkingshu
8657,16628296,NoxMetenis,"2026-08-15 17:54:03",327.8,1,avasgaire
8658,16691936,"Adhar Chaudhari 07","2026-08-09 08:13:35",327.7,2,adharchaudhari07
8659,16754141,SicilyTing,"2026-09-08 14:53:25",327.6,2,sicilyting
8660,16949156,"shamaev dimon PR-3-1","2026-09-23 19:16:32",327.5,1,shamaevdimonpr31
8661,16661157,Shenlai,"2026-09-17 14:02:50",327.4,2,shenlai
8662,16691667,jeremyllll,"2026-08-12 03:30:26",326.8,2,jeremyllll
8663,16743604,KeswaniRohit,"2026-08-22 17:19:18",326.8,2,keswanirohit
8664,16659260,hitesh,"2026-08-05 19:29:28",326.7,2,shahhs
8665,16665360,"Ayush Bhadauria","2026-08-19 11:11:51",326.7,2,ayushbhadauria50
8666,16810051,Reddi_twelve,"2026-09-03 23:26:30",326.3,1,redditwelve
8667,16655446,"Ismael Omar Leonidas Hurtado Vargas","2026-08-04 00:07:01",326.3,1,ihurtadov
8668,16664147,JordanM10,"2026-08-05 19:54:08",325.9,1,jordanm10
8669,16851029,john01234,"2026-09-08 04:57:12",325.6,2,john01234
8670,16661276,Middle,"2026-09-24 12:22:53",325.4,2,aydagul
8671,16783863,"Vivek Vardhan Reddy","2026-08-31 06:14:34",325.3,2,vivekvardhanreddy77
8672,16660658,Shlok_Sharma0001,"2026-08-19 09:31:48",325.3,2,shloksharma0001
8673,16728261,"Smit Deshaval","2026-08-24 17:44:12",325.1,2,smitdeshaval11
8674,16726021,"The Farm Game","2026-09-02 13:23:00",325.1,2,"tacostew,thomasbower6"
8675,16668471,Broomva,"2026-08-05 14:57:35",325.0,1,broomva
8676,16655729,"Arnab Mallick","2026-08-04 02:41:48",324.9,2,arnabmallick24
8677,16661212,AnkitRaj4004,"2026-08-23 13:17:37",324.8,2,ankitraj4004
8678,16915613,MDM,"2026-09-17 16:03:54",324.6,2,themdm
8679,16661068,ZeViX,"2026-09-08 06:29:42",324.6,2,"codinggeek101,vedantkhete"
8680,16838913,LunaT2,"2026-09-05 09:10:21",324.4,1,lunat2
8681,16633737,nrg,"2026-08-04 20:19:50",324.3,1,nargizaskarbekkyzy
8682,16641294,YogeshG22,"2026-08-03 17:58:51",324.2,2,yogeshg22
8683,16681801,majj,"2026-08-11 03:07:46",324.0,2,m313786372
8684,16683075,"Manuel lasarte León","2026-09-04 10:27:02",324.0,2,manuellasarte
8685,16672689,"Yusuf Yemez","2026-08-06 06:51:07",323.7,1,yusufyemez
8686,16896350,"Abdelghani M'BAREK","2026-09-20 11:26:09",323.6,1,abdelghanimbarek
8687,16784712,SIDDpat,"2026-08-30 08:13:50",323.3,2,siddpat
8688,16912620,"Mitul Khemani","2026-09-17 09:25:17",323.2,2,mitulkhemani
8689,16689923,Dhinesh,"2026-08-09 08:39:37",323.1,2,dhineshwarrs
8690,16654407,"Serendeep Rudraraju","2026-09-04 03:17:43",323.0,2,serendeeprudraraju
8691,16675048,Wizard_King,"2026-08-06 19:35:41",322.8,2,anshumanrayy
8692,16746121,Nononoi,"2026-08-21 07:18:02",322.7,1,nononoi
8693,16664718,Vedika_,"2026-08-11 18:28:09",322.6,1,lighjt
8694,16913989,Sanatan21,"2026-09-18 11:41:17",322.5,2,sanatan21
8695,16725769,NikunjMakhija_,"2026-08-19 13:01:57",322.4,2,nikunjmak
8696,16660341,"Nefise Aybar","2026-08-04 12:37:29",322.3,2,nefiseaybar
8697,16730679,"Hoàng Trọng Hiếu","2026-09-13 08:32:32",322.2,2,hongtrnghiu
8698,16670600,"Leon Lum","2026-08-20 14:58:27",322.2,2,leonlum
8699,16662856,"Pranjal Arya","2026-09-11 09:30:08",322.1,2,pranjalaryaa
8700,16663351,MiguelS,"2026-08-07 15:25:29",322.1,2,lordm758
8701,16682632,Sebastiaan,"2026-08-27 18:24:40",321.8,2,sebastiaanreinders
8702,16868034,"Vivek Teja","2026-09-14 19:25:09",321.1,1,vivektejaraju
8703,16740191,"Arjun Dhillon","2026-08-19 15:15:57",320.9,2,arjundhillon07
8704,16765805,"sayyad karimun","2026-08-25 10:14:26",320.8,1,sayyadkarimun
8705,16660369,"Dev MCP","2026-08-04 12:59:09",319.9,1,nishant2905
8706,16656506,"Piyush Harde","2026-08-04 12:54:26",319.8,2,piyushharde
8707,16659415,PincheCabrón,"2026-08-17 17:34:01",319.7,2,pinchecabrn
8708,16668453,"Kawish Hassan","2026-08-05 16:51:03",319.6,2,kawishhassan
8709,16706181,"Juvenal Pedro Baptista","2026-08-16 14:58:40",319.5,2,juvenalpedrobaptista
8710,16661639,"Jayanth Kumar D","2026-08-06 13:36:46",318.7,2,jayanthkumard
8711,16698739,"Sahrul Adicandra","2026-08-11 04:06:08",318.5,2,sahruladicandra
8712,16859646,Andy2009,"2026-09-09 12:12:02",318.4,2,andy2009
8713,16693821,"DARSHAN A","2026-08-11 18:02:26",318.4,2,ad12345kag
8714,16664469,"Thorlapati Nikhil","2026-08-11 19:11:09",318.2,2,thorlapatinikhil
8715,16689841,Pavani2325,"2026-08-08 10:00:56",318.1,2,pavani2325
8716,16698591,FestusKipkoech,"2026-08-28 18:58:28",318.0,2,festuskipkoech
8717,16670988,"Pavle Skoric","2026-08-21 21:34:32",318.0,1,pavleskoric
8718,16759407,"Giovanni Colpani","2026-08-22 17:02:37",317.8,2,giovannicolpani
8719,16658897,"Teja Pattem","2026-08-07 10:42:44",317.5,2,tejapattem
8720,16652970,"Abhay sarkar","2026-08-05 14:40:05",317.1,1,abhaysarkarai
8721,16727044,"Kai Leisten","2026-08-16 10:19:42",316.8,2,kaileisten
8722,16925237,"Abdullah Ahmed saeed","2026-09-22 09:42:28",316.6,2,abdullahahmedsaeed
8723,16729572,"Aswin Ramanathan","2026-08-17 16:17:38",316.6,1,aswinramanathan
8724,16654688,"Terrell Millz","2026-08-10 16:08:33",316.4,2,terrellmillz
8725,16711497,"Korvi sai kumar","2026-08-13 08:02:21",316.2,1,korvisaikumar
8726,16656745,"BHARATH KOWSHIK ULLANGULA","2026-09-23 14:59:08",316.2,2,"bharathkowshik25,honeyharshith,kesanibhargavaram"
8727,16713082,"Siyam Molla","2026-09-06 08:06:43",316.2,2,siyammolla
8728,16757557,BitxWolf,"2026-08-22 19:06:48",315.8,2,bitxwolf
8729,16912504,"Zongyi Zhou/ Joe","2026-09-22 15:24:35",315.7,1,zongyizhoujoe
8730,16659453,"Ishwar Rathod","2026-08-06 03:29:27",315.5,2,ishwarrathodofficial
8731,16658320,"Justin Eight","2026-08-27 07:29:52",315.4,2,justineight
8732,16854519,nmw,"2026-09-09 15:23:56",315.0,2,rubikkaggle
8733,16919058,"Bethany Stringer","2026-09-19 10:18:38",314.7,1,bethanystringer
8734,16720606,Williamtime,"2026-08-17 03:11:34",314.7,2,williamtime
8735,16777607,"je nap","2026-08-30 01:56:28",314.6,2,johnenapoles
8736,16782747,goodgreen,"2026-09-19 07:55:18",314.4,2,goodgreen
8737,16670881,"Amir Y. Sajjadi","2026-08-05 23:56:26",314.3,1,amirysajjadi
8738,16723046,"Pedro Joás","2026-09-11 14:59:09",314.1,2,pedrojos
8739,16692084,"Kaggri Farmers","2026-08-29 19:47:29",313.6,2,"jayant99acharya,satvikkolluru"
8740,16676974,"Deveshwar U","2026-08-31 01:10:42",313.5,2,deveshwaru
8741,16751311,JoangHZ,"2026-08-21 09:18:57",313.3,2,joanghz
8742,16719709,Rishiii360,"2026-08-18 03:46:23",313.1,2,rishiii360
8743,16916821,"Amjath S","2026-09-19 18:03:15",313.0,2,amjaths
8744,16691813,Hyezir4,"2026-08-10 08:36:47",312.8,2,hyezir4
8745,16682262,"Pardeep Singh","2026-09-01 11:01:27",312.6,2,pardeep06
8746,16759112,songxin,"2026-09-22 04:24:51",312.6,2,likewaterandwind
8747,16686700,"Hakkı selim Ak","2026-08-07 17:06:03",312.5,1,hakkselimak
8748,16667406,"Abdulrahman AlAsali","2026-08-05 13:20:41",311.9,1,abdulrahmanalasali
8749,16694673,"B T Chinmayi","2026-08-27 19:47:10",311.2,2,btchinmayi
8750,16733886,LuisMV8,"2026-09-19 16:51:14",311.0,2,luismv8
8751,16707092,"Asharani Sahu","2026-08-11 11:19:08",310.4,1,asharanisahu
8752,16660992,"Vishnu Vardhan Dumpala","2026-08-05 18:17:30",310.2,1,vishnuvardhandumpala
8753,16687403,"Raja Sai Vardhan","2026-08-09 08:19:22",310.1,2,rajasaivardhan
8754,16700876,"Oyegoke Emmanuel","2026-09-04 11:32:28",309.8,2,oyegokeemmanuel
8755,16657729,"Kandregula V S S V P Krishna Murthy","2026-08-08 15:29:35",309.6,2,kkandregula
8756,16623730,"Ethan Higgins","2026-07-31 02:25:21",309.5,2,ethanhigginz
8757,16732315,"Filip Chladek","2026-08-17 13:37:38",309.5,2,filipchladek
8758,16757689,YanXiaohan666,"2026-09-14 03:29:51",309.4,2,yanxiaohan666
8759,16800468,Vaishnavi,"2026-09-01 11:13:30",309.3,1,vaishnavisri09
8760,16767037,"Yubraj Sigdel","2026-08-24 15:45:56",309.2,1,yubraj11
8761,16666115,"Iam Intolerable","2026-08-06 07:48:28",309.1,2,iamintolerable
8762,16660473,"Owen M Kelley","2026-08-10 00:53:11",308.9,2,owenmkelley
8763,16765997,"Diya Sharma","2026-09-13 18:08:07",308.5,2,diyasharmanexa
8764,16662491,Rudra070311,"2026-08-11 17:06:39",308.5,2,rudra070311
8765,16794729,Copperford,"2026-09-08 00:41:27",308.5,2,copperford
8766,16655811,"Duy Trần","2026-08-04 08:23:27",308.1,1,duyqtrn
8767,16882973,"Omar Tarek Abdelkader Ahmed El Belbeisy","2026-09-12 22:59:07",308.1,2,patmux
8768,16700187,"adrian purnama","2026-08-10 10:50:45",307.9,1,adrianpurnama
8769,16709910,Spinort,"2026-09-19 07:37:27",307.6,2,spinort
8770,16710906,Krunal.ix,"2026-08-12 07:06:58",307.2,1,krunalix
8771,16728465,"Abdurrahman Assegaf","2026-08-16 12:13:15",307.2,2,amanshop
8772,16667033,"Geethika Sandireddy","2026-08-15 07:04:31",307.2,2,geethikasandireddy
8773,16898267,Tannybro,"2026-09-20 09:31:41",307.1,2,tannybro
8774,16650070,"jakub slavíček","2026-08-04 12:58:40",306.9,2,jakubslavicek
8775,16715576,bhavnachavda21,"2026-09-24 14:07:26",306.8,2,bhavnachavda21
8776,16624246,"xu j1ayang","2026-08-11 05:12:47",306.6,2,xuj1ayang
8777,16777489,"Yousef Elbaz","2026-08-27 11:18:54",306.4,1,yousefelbaz
8778,16690163,"Abhay Upadhyay","2026-08-08 18:05:54",306.2,2,abhay18s
8779,16660996,"Thịnh Nguyễn Chí Tiến","2026-08-08 01:49:40",306.0,2,thnhnguynchtin
8780,16659865,Rithikaaaaah,"2026-08-17 07:09:08",306.0,2,rithikaaaah
8781,16633330,"danielle Ange","2026-08-12 16:26:03",305.6,2,danielleange
8782,16672168,"Justin Rutkowski","2026-09-13 08:13:41",305.5,2,justinrutkowski
8783,16721533,"Lakshya Sharma","2026-08-16 06:01:34",305.4,2,lakshyasharma007
8784,16755632,"Adarsh Yadav","2026-08-21 16:34:37",305.3,1,adarsh12yadav
8785,16702052,"Beny Pratama Putra","2026-08-12 16:18:20",305.3,2,benypratamaputra
8786,16855181,Komal_Rani,"2026-09-08 16:39:15",304.6,2,komalvinayak
8787,16665252,"Harsh Katara","2026-08-05 06:51:14",304.4,1,harshkatara
8788,16784538,"mou1234568 fdsfds","2026-08-28 18:05:29",304.1,2,mou1234568fdsfds
8789,16662054,"phantom of shubh","2026-08-11 07:54:46",304.0,1,shubhamkumar123490
8790,16882689,Soodari,"2026-09-12 21:56:31",304.0,2,soodari
8791,16623405,nbarlow,"2026-08-12 20:01:08",303.7,2,nickbarlow
8792,16666719,helenkwok,"2026-09-12 06:53:13",303.3,2,helenkwok
8793,16633982,Nikunj1375,"2026-08-07 08:40:29",303.3,2,nikunj1375
8794,16623739,SarsaShen,"2026-08-05 07:12:00",303.3,2,sarsashen
8795,16664218,"Nguyen Vu Tue Khang","2026-08-24 03:32:10",303.3,2,nguyenvutuekhang
8796,16849173,"Sarvajith Adyanthaya","2026-09-07 16:51:17",303.2,1,sarvajithadyanthaya
8797,16789486,TanjiahaoXX,"2026-08-29 07:47:37",302.9,1,tanjiahaoxx
8798,16624553,"Abiram Bharathi S.A","2026-09-08 11:40:32",302.9,2,abirambharathisa
8799,16668166,Pikachu,"2026-08-05 14:52:15",302.8,2,"arpankumarsinha,phantomboy69,subhojitpaul2006"
8800,16844194,小林周人,"2026-09-17 14:57:34",302.3,2,kobashu
8801,16721849,ayushai8714,"2026-08-28 09:36:41",301.8,2,ayushai8714
8802,16807668,kilariHemalatha,"2026-09-05 04:33:19",301.7,1,kilarihemalatha
8803,16761681,"Ming Myung","2026-08-24 05:12:56",301.7,2,vanhaminhquan
8804,16643303,sigireddyBalasai,"2026-09-12 11:40:23",301.6,2,sigireddybalasai
8805,16666056,"sarthak gupta1303","2026-08-05 11:01:04",301.6,2,"sarthakgupta1303,sathviktummalapenta"
8806,16845556,"li Insomenia","2026-09-07 04:07:10",301.5,2,liinsomenia
8807,16766823,suikkee,"2026-09-02 05:05:50",301.4,1,suikkee
8808,16894314,curious007hi9387983,"2026-09-17 07:41:07",301.3,1,curious007hi9387983
8809,16705294,"zhenf Liu","2026-08-11 07:51:06",301.3,2,zhenfliu
8810,16830884,"Khalil hafni","2026-09-14 23:51:56",301.0,1,hafnix
8811,16791680,"Surja Sarker","2026-09-04 12:12:24",301.0,2,surjasarker
8812,16660436,turkenm,"2026-08-06 13:03:36",300.7,2,turkenm
8813,16791786,BladeOffline,"2026-08-30 03:42:42",300.6,1,bladeoffline
8814,16919693,Maham1199,"2026-09-20 12:10:17",300.5,1,maham1199
8815,16690183,ankit8924praj,"2026-08-14 15:43:56",300.4,2,ankit8924praj
8816,16701902,"Matthew Souza Chong","2026-08-11 05:58:50",300.1,2,matthewsouzachong
8817,16729246,"Ayodeji Akinola","2026-08-29 19:45:30",300.1,2,ayodejiakinola
8818,16682345,Gordy,"2026-08-31 07:39:13",300.0,2,gordyii
8819,16661012,"Tesfahun Feleke","2026-09-24 09:04:19",299.9,2,tesfahunfeleke
8820,16674394,"Ishant Mittal","2026-08-08 09:24:57",299.8,2,ishantmittal95
8821,16665661,Ikhbar,"2026-08-05 09:50:57",299.5,2,ikhbar
8822,16634769,Fivingone,"2026-08-03 03:47:43",299.5,2,fivingone
8823,16928286,sofonias201012,"2026-09-20 09:33:20",299.4,1,sofonias201012
8824,16676302,Arnav,"2026-08-08 06:10:01",299.2,2,arnav03101
8825,16748410,Lemons,"2026-08-21 19:44:07",299.2,1,takahiromatoba
8826,16690055,"Prem Kumar","2026-09-02 05:56:28",299.2,2,premkumar099
8827,16666353,"Pal Savani","2026-09-14 19:01:01",298.5,2,palsavani
8828,16903827,"joy lul","2026-09-24 06:52:11",298.3,1,joylul
8829,16660308,zhangzhenman,"2026-08-25 06:14:26",298.3,1,zhangzhenman
8830,16728948,L3MG,"2026-08-16 21:17:06",298.2,2,lemgyy
8831,16634016,"Adrien Thomas","2026-09-21 17:32:37",297.7,2,adrienthomas
8832,16707118,"DEVEN BAGADE","2026-08-11 11:24:10",297.6,2,devenbagade
8833,16690514,"Aditya #3","2026-08-09 06:29:48",297.5,1,a0x1ab
8834,16778585,Deepa,"2026-09-11 11:13:56",297.5,2,deepa42639
8835,16682623,"Aditya Paul","2026-08-14 12:44:45",297.5,2,adityapaul634
8836,16657891,"Joshua Kinnah","2026-08-07 23:00:45",297.4,2,joshuakinnah
8837,16792780,"Sreekar Reddy","2026-09-01 15:33:38",297.4,2,eshured
8838,16659696,"Lakshyaraj Singh Rathore","2026-09-05 18:47:32",297.1,2,lakshyarajrtm
8839,16771870,"kumi cho","2026-09-22 14:52:46",296.9,2,kumicho
8840,16654430,"Rishoban Y","2026-08-07 13:46:37",296.7,1,rishoban
8841,16749514,"M Harini","2026-09-21 14:52:15",296.7,2,rvmharini
8842,16763916,"Mohamed Nchourupouo","2026-08-24 09:28:47",296.2,2,mohamednchourupouo
8843,16765570,"Akhand Soni","2026-08-24 12:47:42",296.0,1,akhandsoni
8844,16668559,Goups,"2026-08-22 09:11:46",295.8,2,hervrenard
8845,16623161,"Charles Kalaba","2026-08-08 13:06:02",295.5,2,charleskalaba
8846,16723487,RoboDavo,"2026-08-19 00:36:17",295.3,2,robertdavidson1911
8847,16838645,"Deepak #2","2026-09-06 10:20:54",295.2,2,deepakup85
8848,16690882,"Meet P. Shah","2026-09-05 04:32:03",294.6,2,meet47
8849,16659493,"Ori Glisko","2026-08-09 14:27:44",294.6,2,origlisko
8850,16685996,"Universal Entropy","2026-08-07 16:22:28",294.5,1,fennerjw
8851,16847927,"Laiba Hameed","2026-09-12 09:00:51",294.5,2,laibahameed08
8852,16677034,gollapallysaikiraan2,"2026-09-18 21:45:24",294.4,2,gollapallysaikiraan2
8853,16725135,"clement cg","2026-08-19 07:54:00",293.9,2,clementcg
8854,16796258,"Lanzhi Jiao","2026-09-03 08:31:13",293.9,1,lanzhijiao
8855,16757233,"Tet Toe Wai","2026-08-24 07:51:45",293.8,1,tettoewai
8856,16658450,"Krish Singh","2026-08-05 16:11:00",293.7,2,krishsingh2283
8857,16785111,"JEFFREY KIRUBA J ","2026-08-28 18:07:41",293.7,1,jeffreykirubaj
8858,16686941,vishu,"2026-09-24 12:47:08",293.4,1,vedanthshetty
8859,16668333,VishalVivek,"2026-08-07 09:46:17",293.2,1,vishal14332
8860,16662403,"ulaş özen","2026-08-05 19:49:16",293.2,2,ulazen
8861,16669535,sakshitantak,"2026-08-08 05:16:32",293.2,2,sakshitantak
8862,16660543,"BUTUH DUIT","2026-08-06 07:39:16",292.7,2,abulkahfi
8863,16663600,"Adrián Flores","2026-08-05 00:38:36",292.7,2,foward2892
8864,16939560,"Zhi Quan","2026-09-22 05:35:09",292.3,1,zhiquannn
8865,16664072,"victor aguilera","2026-09-16 13:04:15",292.2,2,viaguilera
8866,16662495,Earth,"2026-08-15 10:54:03",292.2,2,earthearth
8867,16769212,"jason vetter","2026-08-25 05:48:22",292.0,1,jasonvetter
8868,16706591,"Poorvi Shetty","2026-09-22 18:44:33",291.8,2,poorvishetty1
8869,16707179,"Achintya Rai","2026-08-12 11:15:16",291.8,2,achintyarai
8870,16655315,SL,"2026-08-13 01:50:18",291.3,2,xndr007
8871,16839430,EliaSav,"2026-09-06 15:33:34",290.5,2,eliasav
8872,16675218,데미안과마루,"2026-08-18 14:16:13",290.4,2,siver3
8873,16659975,"Rahul Sain","2026-08-05 18:54:58",290.4,2,rahulsain2001
8874,16657616,"Manikumar Kundena","2026-09-20 17:25:19",290.3,1,manikumarkundena
8875,16683421,"Ruchita Yadav","2026-08-13 18:09:54",290.1,2,ruchitayadav20
8876,16658725,"syed jawad","2026-08-17 08:49:32",289.9,1,syedjawad663
8877,16666639,"Dheeraj Pranav","2026-08-24 19:38:42",289.9,1,dheerajpranav
8878,16646076,"Ajeet Krishnasamy","2026-08-04 19:52:27",289.9,2,ajeetkrish
8879,16658452,Hillclimber,"2026-09-13 01:50:22",289.4,2,driessmit1
8880,16657159,"Amey Malpurkar","2026-08-11 07:35:27",289.4,2,"ameymalpurkar,siddheshsadarao"
8881,16653054,Khongor2424,"2026-08-03 15:32:17",289.3,2,khongorkikaik21
8882,16711348,ticoraph,"2026-08-21 18:55:56",289.1,2,ticoraph
8883,16671959,"Sintu Verma","2026-08-09 05:44:56",289.1,2,sintuverma
8884,16701924,"Uma maheshwari T","2026-09-23 15:36:09",288.9,1,umamaheshwarit
8885,16661955,Bingos,"2026-08-05 11:43:07",288.6,2,bingos
8886,16841154,Kinjal,"2026-09-05 22:13:51",288.5,2,kinjalparmar5009
8887,16669576,"zarnab waheed","2026-08-17 19:20:34",288.1,2,zarnabwaheed
8888,16655621,xia0910,"2026-08-08 11:03:21",288.1,2,xia0910
8889,16712089,"yui seya","2026-08-12 12:17:02",288.1,2,yuiseya
8890,16672670,RonTroy,"2026-08-13 04:46:15",288.1,2,rontroy
8891,16882182,":T Eh?","2026-09-13 09:16:32",287.8,1,goulustis
8892,16698920,"Rishabh Bhartiya","2026-08-12 13:48:26",287.4,2,rishabhbhartiya
8893,16684308,Itsside_jay,"2026-08-07 11:46:48",287.2,1,itssidejay
8894,16805109,"иван астахов","2026-09-10 21:30:35",287.2,2,iastakhov
8895,16893131,"Jenny Dinh","2026-09-21 13:27:12",287.0,2,"jeanguo000,jenny125,keytran8850"
8896,16839939,Lemonabc,"2026-09-05 12:56:42",286.5,1,lemonabc
8897,16732280,"Akarsh kumar shukla","2026-08-18 20:38:35",286.5,1,akarshkumarshukla
8898,16674678,"Tinotenda Garikayi","2026-09-24 06:22:44",286.3,2,tinotendagarikayi
8899,16868524,"Chutayu Adhittayawong","2026-09-11 03:30:13",286.3,2,arteezy009
8900,16885028,"wen yimeng","2026-09-13 09:26:04",286.2,1,wenyimeng
8901,16652899,Isha,"2026-08-22 05:51:50",286.2,2,aarohi20
8902,16659060,Pratham3gewg,"2026-08-06 18:26:51",286.1,2,pratham3gewg
8903,16774471,"Seymour Schmidt","2026-09-16 10:56:11",285.7,2,angrybread
8904,16759726,Phoenix,"2026-08-22 19:43:10",285.5,1,seanht1
8905,16684223,"Aayush Shah","2026-08-13 17:57:28",285.5,2,aayushshah265
8906,16818690,"Arionchen TitanTeam","2026-09-04 08:52:16",284.8,2,arionchentitanteam
8907,16797284,Alice7371,"2026-08-31 17:58:22",284.2,1,alice7371
8908,16756768,"Sayeed Ibrahim","2026-08-22 01:32:12",283.8,2,sayeedibrahim
8909,16794647,"Michael Cahill","2026-09-01 07:46:28",283.6,2,michael1232
8910,16784605,"Iniyan M D R","2026-08-28 13:53:22",283.6,1,iniyanmdr
8911,16840506,"Jayanth Earla","2026-09-10 16:46:21",283.0,2,jayanthearla
8912,16793536,yukko08,"2026-09-24 14:36:01",282.6,2,yukko08
8913,16654253,"Gaius K Biju","2026-08-03 18:51:18",282.6,2,gaiuskbiju
8914,16736202,杨雨灿,"2026-09-08 00:51:59",282.3,2,yucanyang
8915,16716476,lnssan,"2026-08-20 13:05:18",281.8,2,lukanilssandmayr
8916,16682559,"Punit Pritam Mohanty","2026-08-11 06:21:03",281.8,2,punitpritammohanty
8917,16653903,Manav2805,"2026-08-04 09:25:08",281.7,2,manav2805
8918,16730653,"Daham Dissanayake","2026-08-21 03:17:15",281.3,1,"dahamdissanayake,dinuginimnara"
8919,16697283,Puranjay02,"2026-09-10 07:09:06",281.3,2,puranjay02
8920,16660529,Imaanga,"2026-08-10 11:41:21",281.1,2,imaangababy
8921,16754845,"LG Music","2026-08-21 22:48:01",280.9,1,lgmusic
8922,16654568,Samiksha_Chan1022,"2026-09-20 14:26:32",280.9,2,samikshachan1022
8923,16712086,"Zubair Shafi","2026-08-16 23:23:04",280.9,2,zubairshafi5050
8924,16691354,"Vedika Gupta","2026-08-08 14:20:25",280.6,1,vedikagupta0
8925,16784225,sulala,"2026-08-29 08:51:26",280.4,2,sulala
8926,16690187,"Amrita Singh","2026-08-08 10:34:51",280.4,2,amrita004
8927,16911725,"casey blanche","2026-09-18 23:50:00",280.4,2,caseyblanche
8928,16673753,hmmmSure,"2026-09-15 18:13:47",280.3,2,gerardnitt
8929,16631989,"VIDIT SHRIMALI","2026-07-31 17:13:46",280.3,1,viditshrimali
8930,16862181,"M chetin","2026-09-12 18:51:14",280.2,2,cetin95
8931,16676305,JTHEFROG,"2026-08-08 12:09:45",280.2,2,joshyuasa
8932,16632319,Valentin,"2026-07-31 21:14:24",280.2,1,vaha94
8933,16684168,"Roaya Saed","2026-08-10 14:36:20",280.2,1,roayasaed
8934,16655875,PLLZ,"2026-08-17 01:11:41",280.0,2,pllzzz
8935,16657426,"M.Mukunda Reddy","2026-08-17 06:18:11",279.9,2,mmukundareddy
8936,16758856,"Ali Zaib","2026-08-27 20:12:02",279.7,2,alizaib001
8937,16716592,"Poma Mikhail","2026-09-10 09:08:04",279.3,2,ambisinistra
8938,16862268,"Vishal Harry","2026-09-12 21:26:48",279.2,2,vshr777
8939,16858604,"Ye Naing","2026-09-10 02:42:59",278.9,2,yenaing
8940,16658620,"Dina Chettouh","2026-08-04 09:13:27",278.8,2,dinachettouh
8941,16641866,"Prem Gandhi","2026-08-06 19:48:18",278.3,2,gprem352
8942,16686789,Hay-gent,"2026-09-07 05:37:52",278.3,2,"alagusuriyas,gayathrisrimai"
8943,16678362,"Mitiku Yohannes","2026-08-07 00:00:37",278.1,2,mitiku
8944,16747086,Karma_350234,"2026-08-20 09:56:52",277.7,1,karma350234
8945,16661879,"Pham Truc","2026-08-07 07:21:46",277.4,1,genti1206
8946,16659581,"isah ridwan","2026-08-07 09:02:00",277.4,2,isahridwan
8947,16697373,"Sumit Bhattacharjee","2026-08-29 18:29:11",277.3,2,sumitbhattacharjee
8948,16725104,ManasviVarma,"2026-08-23 10:20:35",277.1,1,manasvivarma
8949,16698562,Kyoko004,"2026-08-11 04:38:18",277.0,1,kyoko004
8950,16658489,小出和見,"2026-08-13 23:23:04",277.0,2,kzmk8d
8951,16649650,"Ashish Barnawal","2026-08-11 04:08:04",276.9,1,klein4
8952,16776990,"Yash Kumar #2","2026-09-19 16:51:15",276.9,2,yashkumargunnersshot
8953,16762045,ADV,"2026-08-23 13:28:56",276.3,1,shuntianjiang
8954,16922872,EricWang,"2026-09-18 23:56:44",276.2,1,ericwang915
8955,16658990,"Muhammad Burhan SE-45-02","2026-08-07 04:26:18",275.9,2,muhammadburhanse4502
8956,16889340,aryansaini1612,"2026-09-15 04:04:12",275.8,1,aryansaini1612
8957,16711610,cc_z_kaggle,"2026-08-12 09:33:23",275.8,1,cczkaggle
8958,16677788,DorianCo,"2026-08-06 18:10:06",275.7,2,dorianco
8959,16894802,"phus sea","2026-09-15 16:23:01",275.5,2,phussea
8960,16765643,canwind,"2026-09-24 14:31:17",275.4,2,canwind
8961,16748092,Luckshith,"2026-08-20 12:59:43",275.2,2,luckshith
8962,16707372,"zidu cheng","2026-08-11 13:30:40",274.7,1,ziducheng
8963,16651668,Haiku,"2026-08-05 06:28:54",274.4,2,yangjiefu
8964,16656881,"Eugene Nyondo","2026-08-30 22:33:50",274.2,2,eugenenyondo
8965,16924232,Heshwa,"2026-09-19 08:08:28",274.1,2,heshwa
8966,16670674,"Foodle Jang","2026-08-19 22:14:34",274.0,2,foodlejang
8967,16865663,GauravPramodJain,"2026-09-10 09:44:04",273.7,1,gauravpramodjain
8968,16809426,"The Nafl","2026-09-10 11:20:55",273.7,2,nafalrust
8969,16822994,"Peter Danilov","2026-09-03 18:16:23",273.0,1,pndanilov
8970,16676084,"Abir Majdi","2026-08-24 00:24:35",272.7,2,abirmajdi
8971,16746682,"julio cesar valencia","2026-09-24 04:19:19",272.7,2,juliocesarvalencia
8972,16929949,"mohamed seddik sakai","2026-09-22 13:32:24",272.6,2,mohamedseddiksakai
8973,16880785,"CHIDANANDA G L","2026-09-12 11:18:48",272.5,2,chidanandagl
8974,16741555,"Rushikesh Shirwalkar","2026-08-19 11:02:46",272.3,2,rushikeshshirwalkar
8975,16761731,"James Hu","2026-08-23 17:50:28",272.1,1,cnjameshu
8976,16666316,adityakr1001,"2026-08-05 09:33:41",272.0,1,adityakr1001
8977,16707228,"Milind Bansal","2026-08-11 11:45:00",271.9,1,milindbansal18
8978,16755664,"Shivam Rajdev","2026-09-04 19:28:36",271.8,2,shivamrajdev
8979,16661290,"Kelian Esteve","2026-08-04 14:33:13",271.6,1,kelianesteve
8980,16652397,"Aniket Kumar","2026-08-06 13:29:50",271.4,2,kalkiavatar3
8981,16773545,faithk7u,"2026-08-31 21:57:43",271.2,2,faithk7u
8982,16655003,"Paramjeet Kaur","2026-08-04 21:09:02",271.1,1,kauxp26
8983,16688231,"Antoine Matemane Mahirwe","2026-08-10 19:40:15",271.1,2,antoinemah
8984,16661213,"Daniel Siersleben","2026-08-05 12:53:41",271.1,1,danielsiersleben
8985,16932204,"Doğuş Özel","2026-09-20 22:27:23",271.1,2,dozel7
8986,16740795,Yanshaoo2026,"2026-08-19 08:40:17",270.8,1,yanshaoo2026
8987,16667700,"Omar Mohammad","2026-08-05 15:52:54",270.5,2,omarmohammadw
8988,16655734,dworld,"2026-08-05 04:13:18",270.3,2,jagdishhalde
8989,16725288,mustafasadiqi,"2026-08-15 12:26:35",269.8,1,mustafasadiqi
8990,16761994,"Talha Sayyad faim","2026-08-23 11:32:37",269.8,1,talhasayyadfaim
8991,16690161,"Sudipto Event","2026-08-11 09:25:00",269.7,2,sudiptoevent
8992,16949285,"Subham Sharma","2026-09-23 21:56:28",269.4,2,subsh2004
8993,16658941,Matts6591,"2026-08-17 07:59:36",269.3,1,mathwithmatt
8994,16706312,"shabbar taj","2026-08-11 16:35:57",269.0,2,shabbartaj
8995,16734670,Sparsh,"2026-08-22 01:48:51",269.0,2,sparshsinha24
8996,16724743,"Dr. James Gambrah","2026-08-17 08:48:47",268.9,2,jamesgambrah
8997,16926905,"George Quadros","2026-09-21 21:56:55",268.8,2,georgequadros
8998,16665758,"Oladipo Bashir","2026-08-31 10:23:51",268.4,1,oladipobashir
8999,16785050,"MITHIL J URK26CS7067","2026-08-28 18:29:14",268.3,1,mithiljurk26cs7067
9000,16684191,"Patel Aryan D","2026-08-10 07:36:13",268.1,2,patelaryand
9001,16658676,"Abdul Roheem Abdul Warith","2026-08-04 18:59:04",267.9,1,albasoliyy
9002,16748712,"Amit Kumar Gupta","2026-08-21 13:33:00",267.6,2,eramitg
9003,16661469,"Qiqi Xie","2026-08-06 20:53:32",267.6,2,qiqixie123
9004,16713204,Mohamedg,"2026-08-24 23:15:06",267.3,2,mohamedgcroesus
9005,16765329,"Bart Woz","2026-08-31 14:18:24",267.1,2,bartwoz
9006,16637025,kodalien,"2026-08-10 15:21:00",266.9,2,kodalien
9007,16790545,Adnane,"2026-09-01 02:18:09",266.7,2,adnaneel
9008,16809620,"Mohamed Alaa Elboraay","2026-09-02 19:11:42",266.2,2,mohamedalaa10
9009,16809584,"Kinnal Rutu","2026-09-02 15:01:01",266.0,2,kinnalrutu
9010,16677629,"XIE Jintao","2026-08-06 18:47:28",266.0,2,xiejintao
9011,16663253,"Albert Benjamin Asare","2026-08-06 19:29:05",265.7,2,albertbenjaminasare
9012,16676007,"Lao KENAO","2026-08-15 01:15:48",265.7,2,laokenao
9013,16756174,"Mateo Coelho","2026-09-02 19:10:01",265.6,2,mathsco
9014,16662861,"Chirag Tutlani","2026-08-04 19:13:05",265.5,1,chiragtutlani
9015,16665114,"Francesco Benincasa","2026-08-05 09:56:52",265.3,2,francescobenincasa
9016,16718890,"Andy Symonds","2026-08-19 23:04:11",265.3,2,andyivanhoe
9017,16792567,"Karan Rai","2026-09-23 22:39:51",265.2,2,karanrai248
9018,16806577,ShinYAM1002,"2026-09-06 17:33:20",265.0,1,shinyam1002
9019,16748206,ArtlexYang,"2026-08-25 08:43:28",264.9,1,artlexyang
9020,16691153,"Hafsa Rouchdi","2026-09-22 11:42:12",264.8,2,hafsarouchdi
9021,16672982,"Enes Aytaç","2026-08-14 12:12:24",264.7,2,enesayta
9022,16662913,"IYAMPAYE ribert","2026-08-04 19:01:38",264.7,1,iyampayeribert
9023,16739918,POLAROID_86,"2026-08-18 21:56:04",264.4,2,polaroid86
9024,16665371,"Kevoh Mutwiri","2026-09-20 20:33:29",264.4,2,kevohmutwiri
9025,16758007,stoicsatvik,"2026-08-22 12:37:48",264.2,1,stoicsatvik
9026,16657777,"sandeep kumar","2026-08-04 11:41:21",263.6,2,sandeep088
9027,16682422,"SABBIR HOSSAIN 2029","2026-08-16 14:23:24",263.2,2,sabbirhossain2029
9028,16663869,CYBER_TECH99,"2026-08-05 01:40:15",263.0,2,cybertech99
9029,16687151,harshi101,"2026-08-08 06:32:37",263.0,2,harshi101
9030,16668464,Mauro,"2026-08-05 15:57:27",262.8,2,ilmaurino
9031,16683284,"Haha Farming","2026-08-07 14:38:04",262.6,1,"akshitharamesh,harinir1423"
9032,16697712,"Daniel Hebenstreit","2026-09-06 11:53:20",262.5,2,danielhebenstreit
9033,16733752,Abhi,"2026-08-17 19:34:16",262.3,1,zeroday19
9034,16662039,"Ajat Rosadi","2026-08-04 16:58:10",262.2,2,ajatrosadi
9035,16661587,"Debashis Mohapatra","2026-08-05 09:05:50",262.0,2,debashismohapatra
9036,16654306,Shubham,"2026-08-03 19:09:40",261.3,2,sanjayshubham24
9037,16790137,sinchir0,"2026-08-30 12:52:05",261.3,1,sinchir0
9038,16920587,"Agnieszka Jabłońska","2026-09-18 14:17:48",261.2,1,agnieszkajaboska
9039,16887893,"Sridhar C","2026-09-13 20:12:56",261.0,2,sridharchinnasamy
9040,16663945,anyasri,"2026-09-22 18:19:28",260.9,2,anyasri
9041,16821068,"Danila Goncharenko","2026-09-03 15:22:12",260.9,2,danilegovich
9042,16671302,"Pratish Chaudhary","2026-08-10 00:35:01",260.7,1,pratishchaudhary
9043,16658065,"Parul Mittal","2026-08-06 13:55:51",260.5,1,pisces83
9044,16665614,MesonLabs,"2026-08-11 06:17:27",260.2,1,mesonlabs
9045,16643821,"arnav chaturvedi123","2026-08-02 22:16:08",260.1,2,arnavchaturvedi123
9046,16686950,"Kittikhun Pachana","2026-08-08 00:16:11",260.1,2,kittikhunpachana
9047,16780106,"Mirangga Jakti","2026-09-09 20:05:22",259.8,2,miranggajakti
9048,16713601,"Omar spok","2026-08-19 13:27:13",259.7,2,omarspok
9049,16774202,Wrs,"2026-08-26 09:21:40",259.4,1,wrsarch
9050,16736084,"Kaishang Zhang","2026-09-02 13:41:28",259.3,2,kaishangzhang
9051,16740950,Shaw,"2026-08-23 10:07:14",259.0,2,shaw06
9052,16708246,StudyForUse01,"2026-08-11 16:58:19",258.9,1,studyforuse01
9053,16728350,fajarnadeem808,"2026-08-16 13:07:59",258.9,2,fajarnadeem808
9054,16669756,AlgSaid,"2026-08-05 18:54:07",258.7,1,imabdallah
9055,16727383,"Minchul Shin","2026-08-20 07:50:37",258.7,1,nashory
9056,16655508,bigsea,"2026-08-04 01:31:58",258.5,2,sakamakihiromi
9057,16893490,"Thales Galuchi","2026-09-24 01:39:49",258.4,2,thalesgaluchi
9058,16759675,TianKitty,"2026-08-27 04:43:06",258.3,1,tiankitty
9059,16929898,"Senadie Damsini Fernando","2026-09-20 10:49:49",258.3,1,senadiefernando
9060,16814858,"Sankalp Patidar","2026-09-15 08:57:20",258.1,2,sankalppatidar
9061,16849556,"Peter Bull","2026-09-08 12:41:45",258.0,2,peterbull
9062,16670185,"Odilon Yehouenou","2026-08-13 20:23:58",257.7,2,odilonyehouenou
9063,16920837,"Borys Koza","2026-09-18 13:00:28",257.6,1,boryskoza
9064,16657378,doteeee,"2026-08-14 11:43:40",257.2,2,narendra
9065,16665719,"[Armenia] Narek Petrosyan1","2026-08-05 07:49:34",256.9,1,narekpetrosyan1
9066,16654329,"Aby K Prakash","2026-09-17 17:04:51",256.8,1,abykprakash
9067,16658888,NovaBytes,"2026-08-06 07:06:34",256.6,2,"drashtisingh14,kjjkjjk3107"
9068,16656679,"Sadiqa Bibi","2026-08-27 09:52:29",256.6,2,sadiqabibidata
9069,16707941,ニイエチカイン,"2026-08-14 15:28:42",256.3,2,j4ck99
9070,16656595,"Sithija Amarathunga","2026-08-04 10:09:50",256.3,2,sithijaamarathunga
9071,16658152,MingSUN007,"2026-08-04 13:46:29",256.2,2,mingsun007
9072,16649074,nanato,"2026-08-28 04:27:29",256.1,1,nanato
9073,16676501,"[Deleted] cf820879-5b51-45ff-9f0a-1d88833299b5","2026-08-08 08:32:10",255.9,2,kamraanmulani
9074,16811774,"Eduardo Hoffmann","2026-09-23 22:33:16",255.4,1,hoffmanna
9075,16772388,XiaozhenWu2002,"2026-08-29 16:21:55",255.3,2,xiaozhenwu2002
9076,16938753,"Kedar K0","2026-09-22 03:42:53",254.9,1,kedark0
9077,16695733,"Imad Zaanine","2026-08-11 02:11:15",254.6,2,imadzaanine
9078,16667691,alexanderctrl,"2026-08-18 10:10:51",254.2,2,alexanderctrl
9079,16675037,"Stanislav Pashkov","2026-08-08 20:50:16",254.2,2,stanislavpashkov
9080,16665243,"Harshit Jha","2026-08-05 13:40:16",254.1,2,harshitjha28
9081,16670506,"Juan Andres Bravo Mejia","2026-08-05 21:40:17",253.9,1,juanandresbravomejia
9082,16724204,chestnut,"2026-08-21 02:15:17",253.9,2,yskkrbysh
9083,16658357,heetmehta18,"2026-08-07 13:30:40",253.7,2,heetmehta0000
9084,16660144,"Léandre ELISHA","2026-08-09 12:25:44",253.6,2,landreelisha
9085,16842088,"Hrithik Reddy","2026-09-07 09:46:01",253.4,1,hrithik22122
9086,16658795,"Case Seller","2026-08-30 06:46:45",253.3,2,caseseller
9087,16654293,"Jatin N. Soni","2026-08-18 09:59:05",253.0,2,jatinsoni111
9088,16660471,"Obsessed Beings","2026-08-24 16:44:48",252.6,2,"meur99,muhammedsaeed315,obsessedbeing,studentwork01"
9089,16663459,"Cristian Yeanpaul Palomino Calderon","2026-08-06 04:14:17",252.4,2,dawo0t
9090,16733204,"Sompalli Akhil Kumar","2026-08-18 10:14:08",252.4,2,sompalliakhilkumar
9091,16662105,PunnatatJAY,"2026-08-04 16:22:50",252.2,1,punnatatjay
9092,16790483,"ivo nahuel jasinskas","2026-08-29 14:08:28",252.0,1,ivonahueljasinskas
9093,16795353,BlurreA,"2026-08-31 06:42:30",251.8,1,blurrea
9094,16822259,"Craig Goldswain","2026-09-07 14:52:01",251.5,2,craiggoldswain
9095,16738539,"Sharath S","2026-08-21 05:19:45",251.5,2,akicodes
9096,16793148,"Hoàng Trung Nguyễn","2026-09-01 08:08:00",251.3,2,hongtrungnguyn
9097,16819370,"István Csik","2026-09-03 13:39:36",251.1,2,istvncsik
9098,16625775,liubingxin205,"2026-08-15 06:29:40",251.0,2,"hongjuw,liubingxin205"
9099,16641331,ushi,"2026-08-05 13:33:18",250.6,1,yuki508
9100,16678647,"Zorawar Singh","2026-08-06 19:55:53",250.6,2,zorawarsingh677
9101,16639684,Rubel,"2026-08-05 18:49:11",250.5,2,rubel01
9102,16695937,Ryckiii,"2026-08-09 13:03:24",250.4,1,ryckiii
9103,16922932,Anteee231,"2026-09-21 04:19:19",250.0,2,anteee231
9104,16790992,"Matthew Knyazev","2026-08-29 17:53:40",250.0,1,matthewknyazev
9105,16708091,"Dipak Kumar Samanta","2026-08-11 15:17:04",249.9,1,dipak889
9106,16740506,Growingduck,"2026-09-02 03:18:21",249.6,2,jaeminkang2021
9107,16864283,"Nguyễn Cường","2026-09-20 11:41:20",249.6,2,nguyncngo
9108,16669523,Jackson55171,"2026-08-05 18:21:00",249.5,2,jackson55171
9109,16723726,"Erika Worrall","2026-08-15 23:09:17",249.5,1,erikaworrall
9110,16659203,"Praful Nayak","2026-08-05 08:17:06",249.3,2,prafulnayak2003
9111,16755126,"Goosing around","2026-08-21 14:01:59",249.3,2,"annood,davidterkuile"
9112,16669411,"Atta Ullah","2026-08-10 13:28:30",249.2,2,attaullahqau
9113,16699790,Aryanpal07,"2026-08-16 12:28:53",249.2,1,aryanpal07
9114,16672767,"FasterYouChase FasterIRun","2026-08-09 13:15:12",249.1,2,icoguser
9115,16889111,"Abel Garza-Ramírez","2026-09-19 01:12:05",248.7,1,abelgarzaramrez
9116,16687648,"RSJ CorneR","2026-09-23 19:07:08",248.6,2,rsjcorner
9117,16668654,"Zharkyn Makhanbet","2026-08-10 18:28:08",248.6,1,imadparadoxi
9118,16660957,CREVATEC,"2026-08-11 09:30:33",248.5,2,"olakunleolalekan,samueloladeji"
9119,16762167,"Arkoday Roychowdhury","2026-08-24 01:29:19",248.4,2,arkodayroychowdhury
9120,16670004,Zinc-Eater,"2026-08-19 22:50:41",248.4,2,zans7331
9121,16707519,"Pradnya Khanse","2026-08-11 12:52:07",248.4,1,pradnyakhanse
9122,16813582,Soham_7391,"2026-09-16 09:59:13",248.3,2,soham7391
9123,16659703,"Ananya #2","2026-08-04 12:00:26",248.3,1,ananyax8
9124,16784952,"Adria Barreto","2026-08-28 16:06:57",248.2,1,adriabarreto
9125,16785175,SonOfNike,"2026-08-28 17:20:58",248.2,1,sonofnike
9126,16689903,wangbohuan,"2026-08-08 09:35:12",248.2,2,wangbohuan
9127,16632881,"Brisa Marina","2026-08-07 16:13:15",248.1,1,brisamarina
9128,16676991,"Jack Hopkins","2026-08-19 19:11:37",248.1,2,jackhopkins
9129,16652276,Phare111,"2026-08-04 15:09:55",247.9,1,phare111
9130,16703295,Yuting,"2026-08-13 20:42:16",247.6,2,yutinghanuxd
9131,16660321,syafanidwina,"2026-08-05 00:41:33",247.5,1,syafanidwina
9132,16712990,shreyaaaaa9,"2026-08-12 16:17:06",247.5,1,shreyaaaaa9
9133,16665461,"Krishna Golwala","2026-08-24 18:39:08",247.4,2,krishnagolwala
9134,16757098,"Tharun kumar Jaya kumar","2026-08-30 02:29:39",247.2,1,tharunkumarjayakumar
9135,16701143,macneil,"2026-08-14 14:53:54",247.2,2,macneil
9136,16679467,"Ahmed Zedan","2026-08-18 00:28:27",247.1,2,ahmedzedan11
9137,16768507,"Dhanush Ballanki","2026-08-25 00:33:27",247.0,1,dhanushballanki
9138,16744954,charley8,"2026-08-22 06:23:36",246.9,2,charley8
9139,16751488,Klixel,"2026-08-21 03:35:28",246.5,1,klixel
9140,16942668,"Levreau Camille ","2026-09-22 16:30:19",246.5,2,"dechant,levreaucamille"
9141,16653997,"Alekya Valapushetty","2026-08-05 13:52:08",246.3,2,alekyavalapushetty
9142,16698399,liuzhangzhen,"2026-08-10 09:49:23",246.1,1,liuzhangzhen
9143,16743603,tanmoypal11,"2026-08-19 15:19:36",246.0,1,tanmoypal11
9144,16921430,"Vaibhav Nhayade","2026-09-20 06:49:01",246.0,1,nhayadevaibhav
9145,16656198,N9uy3nPham,"2026-08-06 10:56:04",246.0,2,n9uy3npham
9146,16785789,"Mateus Sousa do Carmo","2026-08-28 21:23:10",245.9,2,mateaadsaf
9147,16744221,Dizzy1829,"2026-08-29 04:15:48",245.9,1,dizzy1829
9148,16654853,"Saketh Rao","2026-08-03 21:43:14",245.9,1,sakethrao
9149,16761134,mash3gt,"2026-08-23 06:10:12",245.8,1,shiroguitar
9150,16783872,"Soupau Lev","2026-09-01 09:50:33",245.7,1,olivierauffret
9151,16737009,"Alexandre Pedrosa","2026-09-03 07:42:20",245.6,1,alexandrepedrosai
9152,16753817,Karmers,"2026-09-24 08:52:46",245.4,2,"prasenjittadake,swapnilpatil2737"
9153,16817626,"Jaya Singh","2026-09-15 13:30:37",245.4,2,jayasingh12
9154,16660450,"prashant prakash","2026-08-08 09:45:36",245.2,2,prashantprakash28
9155,16696266,"Pandarasamy Arjunan (Samy)","2026-08-09 14:16:03",245.2,1,samy101
9156,16906790,"Jean-Luc Hayes","2026-09-21 10:21:36",245.1,1,kingjuc
9157,16730086,HanaGhanem,"2026-09-20 22:15:11",244.9,2,hanaghanem
9158,16769754,daguniang,"2026-08-26 00:44:59",244.9,2,daguniang
9159,16796678,ka,"2026-08-31 16:16:03",244.8,1,kandruszek
9160,16723065,"Kaio Castro","2026-08-28 17:24:26",244.8,1,kaiocastro
9161,16685128,"Rohan Hake","2026-08-10 12:48:36",244.6,2,rohanhake
9162,16669314,"Editor Jugnu AI","2026-09-06 08:31:32",244.3,2,editorjugnuai
9163,16762084,"Krishna Lokhande","2026-08-23 14:08:48",244.3,1,krishnalokhande8080
9164,16686316,"Ali mohon","2026-08-07 16:16:43",244.2,2,alimohon
9165,16729884,"Chaimaa Matrag","2026-09-05 19:51:34",244.1,2,chaimaamatrag
9166,16831820,"Raihan Saladin","2026-09-12 17:21:34",244.0,2,raihansaladin
9167,16664863,zzzhhcc,"2026-08-13 06:15:42",243.9,2,zzzhhcc
9168,16772089,"Ana Riquele","2026-08-26 18:11:38",243.9,2,anariquele
9169,16701041,"Meet Babariya","2026-08-10 14:21:06",243.8,1,meetbabariya
9170,16739908,"Asfam Parvez Kawser","2026-09-10 09:42:54",243.8,2,asfamparvezkawser
9171,16750033,davidw001,"2026-08-20 17:13:07",243.8,1,davidw001
9172,16654067,DataForge,"2026-08-05 10:19:25",243.7,2,"chanduchandini,goriparthiramatulasi,srilakshmipanitini,suryachakradhar"
9173,16779857,0x74,"2026-09-03 14:03:17",243.6,1,i0x74i
9174,16659280,"yahaya zayyan","2026-08-04 10:51:16",243.6,1,yahayazayyan
9175,16633483,"benkerrouche abdelbasset","2026-08-07 16:11:50",243.3,1,bassetkerouche
9176,16632145,kazuki_kazukazu,"2026-07-31 14:53:13",243.2,1,kazukikazukazu
9177,16680789,Marouane,"2026-08-15 02:41:18",243.0,2,marouanealahyane
9178,16637845,"Hadjmohamd Seif","2026-08-08 21:47:53",243.0,2,hadjmohamdseif
9179,16658783,"Devesh Choudhury","2026-08-07 17:08:33",242.9,2,deveshchoudhury
9180,16659804,"Gashahun Demise","2026-08-04 13:23:20",242.9,2,gashahundemiset
9181,16666512,RexHuang936,"2026-08-07 08:51:41",242.7,2,rexhuang936
9182,16712844,"ray hengbo","2026-09-01 03:35:31",242.6,1,rayhengbo
9183,16723075,"Cauã Freitas","2026-08-28 17:35:54",242.4,1,cauafreitas
9184,16882350,akacome,"2026-09-12 18:32:37",241.9,1,akacome
9185,16661231,"R Ajay Kumar12","2026-08-04 14:12:11",241.7,1,rajaykumar12
9186,16683998,"Mahoraga save me","2026-08-07 22:09:22",241.6,2,yqngyv
9187,16689933,"Anjali Shah","2026-08-17 09:30:28",241.5,2,anjalishah0306
9188,16683428,"Darsh Jilka","2026-08-19 09:03:08",241.4,2,darshjilka
9189,16948168,"Анна Кондратенко","2026-09-23 16:03:20",241.4,2,"anetka2006,serhiibarsul"
9190,16913778,"Ugwushi Chijioke","2026-09-17 12:30:36",241.3,2,ugwushichijioke
9191,16811014,"Overfit and Chill","2026-09-18 12:41:38",241.1,2,toyeshchakravorty
9192,16684875,"Amitrakshar Mukherjee","2026-08-07 13:21:32",241.1,2,amitraksharmukherjee
9193,16666553,DevChheda26,"2026-08-05 09:53:22",241.0,1,devchheda26
9194,16660579,mayank,"2026-08-06 14:41:12",240.9,2,mayank921
9195,16659374,"[Deleted] 8f7327b9-2576-439b-bd6e-3f5fde366ebe","2026-08-04 10:12:44",240.7,1,del=8b215115eb53cbc1
9196,16627717,da_pond,"2026-07-31 08:33:57",240.6,1,dapond
9197,16841277,"Luis Garza Gonzalez","2026-09-08 05:07:26",240.5,2,luisgarzagonzalez
9198,16811524,PeiyuQian,"2026-09-11 16:00:55",240.3,2,peiyuqian
9199,16809006,Ilya,"2026-09-02 13:23:05",240.3,1,zhukov
9200,16760903,"Derrick Lace","2026-08-23 04:23:40",240.3,2,derricklace
9201,16667550,"Oseni Sakariyau Oluwadamilare ","2026-08-23 10:05:56",240.2,2,sakabambam
9202,16771048,"Aditya Pawar","2026-08-25 16:55:04",240.0,1,aditya22102001
9203,16758090,"JOYMIE TALICUAD","2026-08-22 10:07:40",239.9,1,joymietalicuad
9204,16654314,Mahamudul_Hassan_8012,"2026-08-03 18:33:07",239.9,2,mahamudulhassan8012
9205,16785434,"Caik Franco","2026-08-28 18:05:21",239.9,1,caikfranco
9206,16657440,Lz7_129,"2026-08-04 15:26:01",239.8,1,lz7129
9207,16654318,"Aryan Raj Ayush","2026-08-23 08:34:14",239.8,1,aryanrajayush
9208,16659001,"Tim Wanjohi","2026-08-12 11:43:16",239.8,2,timwanjohi
9209,16658383,"SIVA S","2026-09-24 06:08:38",239.7,2,codingmaster24
9210,16932531,"Ankur Agarwal","2026-09-20 22:56:55",239.6,1,ankur98
9211,16659387,dharssshiniii,"2026-08-04 09:48:15",239.6,1,dharssshiniii
9212,16719618,Javierrcs,"2026-08-14 13:16:05",239.5,1,javierrcs
9213,16725615,carside,"2026-08-29 04:49:31",239.2,1,carside118
9214,16941661,Parthasaradhy,"2026-09-22 16:02:49",239.0,2,parthasaradhy
9215,16633833,"mohammad javad Kamali","2026-08-19 05:13:42",239.0,1,mohammadjavadkamali
9216,16830761,Skarmory,"2026-09-04 13:05:56",238.7,1,syarnorke
9217,16818924,"super penguin king","2026-09-03 12:35:44",238.5,1,superpenguinking
9218,16922345,"MESK WADHAH ABDULQADER ABDULQADER","2026-09-18 19:20:58",238.5,1,meskelemin
9219,16666574,"hrishit prakash","2026-08-05 13:26:37",237.9,2,hrishitprakash
9220,16667063,"Amiksha S","2026-08-09 15:16:49",237.8,1,amikshas
9221,16659698,"Duy Anh Nguyễn","2026-08-07 10:23:27",237.7,1,duyanhnguyn
9222,16667365,"leul dereje","2026-08-08 06:54:54",237.6,2,leuldereje
9223,16684535,Moonlight,"2026-09-07 14:16:17",237.5,2,rajesh1joc
9224,16663003,devzohaib,"2026-08-04 21:27:30",237.4,1,devzohaib
9225,16664157,"Runjie Zhu","2026-08-10 11:49:13",237.4,1,damiendesolei
9226,16915490,"Rounak Mukherjee","2026-09-21 09:46:39",237.4,2,zade799
9227,16683970,"Zakhar Homyakov","2026-08-07 11:14:41",237.2,2,zakharhomyakov
9228,16711673,losingself,"2026-08-12 09:07:45",236.9,1,level14taken
9229,16677517,justnyoike,"2026-08-10 01:12:56",236.8,2,justnyoike
9230,16656692,"kinza aftab 714","2026-08-04 05:43:51",236.5,2,kinzaaftab714
9231,16762081,VKAUL3,"2026-08-23 12:09:08",236.5,1,vkaul3
9232,16632795,"vishwottam kudekar","2026-08-05 18:19:02",236.4,1,vishwottamkudekar
9233,16655813,minerppdy,"2026-08-04 06:06:58",236.0,1,minerppdy
9234,16723467,"Vladas Verkelis","2026-08-15 14:23:42",236.0,1,vlaveris
9235,16665704,"Sreesanth M S","2026-08-05 07:12:05",236.0,1,sreesanthms
9236,16691322,"Anita rai98765","2026-08-16 19:05:43",236.0,2,anitarai98765
9237,16681959,"shun takinami","2026-08-07 05:43:47",235.6,1,shuntakinami
9238,16668032,pat999,"2026-08-08 08:30:58",235.4,2,pat999
9239,16655159,"Marcel Relaford","2026-08-13 01:26:26",235.3,1,marcelrelaford
9240,16676003,franck,"2026-08-06 14:59:55",235.1,2,bakura
9241,16623823,"Julieta Rubis","2026-07-31 04:45:53",234.9,2,julietarubis
9242,16687574,"Yash Raghuvanshi","2026-08-07 22:09:38",234.6,2,yashraghuvanshi25
9243,16728152,"Kenji Tai","2026-08-16 18:27:33",234.6,2,kenjitai
9244,16635098,"Charvi Upreti","2026-08-15 05:43:59",234.4,1,charviupreti
9245,16658567,"Sharif Mohamed (1)","2026-08-04 13:16:47",234.2,1,sharifmohamed1
9246,16678355,"Tanuj Saxena","2026-08-07 10:10:24",234.1,2,tanujsaxena
9247,16673369,Frame,"2026-08-06 07:59:47",233.9,1,rainorwang
9248,16740800,"Shiva Sai","2026-08-19 03:54:27",233.9,1,shivasai846
9249,16708480,"Omar M.Moustafa","2026-08-11 18:55:58",233.6,2,omarmmoustafa
9250,16918745,Xstella,"2026-09-24 08:11:56",233.4,2,xstella
9251,16856961,"Victor Egbo","2026-09-10 08:38:48",233.1,2,victoregbo
9252,16949878,ZaitsevOleksandr,"2026-09-24 13:31:25",232.9,1,zaitsevoleksandr
9253,16712979,"Yusuke Tsukuda","2026-08-12 14:58:39",232.7,1,yusuketsukuda
9254,16663658,oriolgalceran,"2026-09-16 05:10:58",232.6,2,oriolgalceran
9255,16750526,"Marcel Biezunski","2026-09-05 16:44:52",232.2,1,marcelbiezunski
9256,16644398,Nurkan123,"2026-08-16 21:20:24",232.2,2,nurkan123
9257,16767173,AgriNexus,"2026-09-12 12:58:54",232.1,2,rashmirajput0102
9258,16663191,"Arnav Anand","2026-08-04 19:53:08",231.4,1,arnavair27
9259,16675956,"Hassan Alghamoudi","2026-08-10 02:36:36",230.6,2,hassanabdulhafid
9260,16768456,清水一希,"2026-09-21 10:57:30",230.5,2,kazukishimizu0427
9261,16645300,szyulian,"2026-08-04 04:42:36",230.2,1,szyulian
9262,16690286,imunderthetree,"2026-08-08 12:25:51",230.0,2,imunderthetree
9263,16698987,"Shree Ashok L","2026-09-01 05:16:16",229.9,2,"praneelbaskar,rishivarathan,santhoshkumarp24,shreeashok72"
9264,16731838,"zhexun Liu","2026-09-20 01:03:46",229.8,2,zhexunliu
9265,16931407,"Marcel S","2026-09-22 16:50:57",229.6,1,marcel78
9266,16756743,"Ismail Alli Adekunle","2026-08-21 22:59:18",229.1,1,ismailalliadekunle
9267,16784360,"Suraj Kumar","2026-09-08 10:20:42",229.0,2,suraj99km
9268,16662048,"Deekshitha Prabhakar","2026-08-06 18:15:45",228.2,2,deekshithaprabhakar
9269,16850036,Sumzali083,"2026-09-07 19:23:11",227.9,1,sumzali083
9270,16687891,qklent,"2026-08-09 19:44:12",227.7,1,qklent
9271,16659900,"Abu Bakr","2026-08-04 18:30:29",227.3,2,mohamed32010
9272,16655762,"Idrisse Moundhir","2026-09-05 08:21:45",227.3,1,idrissemoundhir
9273,16656633,N25H03A1028,"2026-08-05 05:18:45",226.7,1,pardhusadhu
9274,16660309,"Hazem Mahmoud Elsayd","2026-08-04 16:34:31",226.6,2,hazemmahmoudelsaid
9275,16675104,"khwaja Moula'Ali","2026-08-06 11:30:49",226.6,1,khwajamoulaali
9276,16623099,"Bovard Doerschuk-Tiberi","2026-07-30 21:04:23",226.2,1,bovard
9277,16782525,"Ashish Mittal","2026-08-28 05:27:46",226.0,2,ashish1502g
9278,16655292,"Ingrid Fellah","2026-08-04 06:31:35",225.6,2,ingvor
9279,16724512,"Diw Gupta","2026-08-21 13:45:51",225.4,1,diwgupta
9280,16665701,ManuelWick-Eckl,"2026-08-27 16:01:18",225.3,2,manuelw
9281,16711840,OverfitMilkCake,"2026-08-13 06:36:21",225.3,1,overfitmilkcake
9282,16633342,farm75,"2026-08-03 14:03:14",225.0,2,sakthi75
9283,16937822,"Ehab Ibrahim Khalil Mohamed","2026-09-21 17:58:38",224.8,1,ehabkhalil0
9284,16725537,"Ayan Bashir Sheikh","2026-08-15 18:02:07",224.3,2,ayanbashirsheikh
9285,16635610,JeffFosterUK,"2026-08-01 17:16:52",223.9,2,jefffosteruk
9286,16658761,!Aman212,"2026-08-04 12:10:28",223.7,2,aman9142424
9287,16644210,"حسنين ساجد","2026-08-07 22:08:44",223.6,2,kutghngf98687er
9288,16762459,GNR_network,"2026-08-23 13:59:19",223.5,1,gnrnetwork
9289,16798369,"Olabode James","2026-09-01 20:40:53",223.3,1,olabodejames
9290,16623274,Mhmda81,"2026-08-03 00:10:04",223.1,2,mhmda81
9291,16768453,phicis8911,"2026-09-16 00:41:21",223.1,2,phicis8911
9292,16680521,"Luis Enrique Dalmau","2026-09-04 09:45:18",222.8,2,luisenriquedalmau
9293,16928100,babakara,"2026-09-24 08:37:28",222.4,2,babakara
9294,16666383,"Sindhi Vishal","2026-08-14 10:46:32",222.3,2,sindhivishal
9295,16621290,"Muhammad Ahsan","2026-07-30 17:35:00",222.3,2,ahsanneural
9296,16714263,Lmfm24,"2026-08-12 20:38:01",222.0,2,lmfm24
9297,16659572,"ABHILASH PRAHARAJ","2026-08-04 11:24:21",221.9,1,abhilashpraharaj
9298,16691583,Caleb,"2026-08-09 14:32:52",221.7,2,collev
9299,16936959,"Anthony Moorehead","2026-09-21 14:56:40",221.7,1,anthonymoorehead
9300,16936360,nicapotato,"2026-09-21 13:51:51",221.6,1,nicapotato
9301,16656900,Hxrsh09,"2026-08-10 14:39:46",221.4,2,hxrsh09
9302,16690494,StevenBeyen,"2026-08-13 07:55:32",220.9,2,beyensteven
9303,16861601,aliksey,"2026-09-11 17:22:46",220.8,2,aliksey
9304,16653941,"Sachin Kumar Kushwaha","2026-08-11 08:45:11",220.2,2,sachinkumarkushwaha
9305,16658644,"Hitarth Pandey","2026-08-09 03:04:42",220.1,1,hitarthpandey
9306,16716407,"Ibrahim Adamu Anka","2026-08-13 09:01:38",219.8,2,ibrahimadamuanka
9307,16778545,Mizunooo,"2026-09-10 10:16:12",219.7,2,mizunooo
9308,16660291,"Abhijit Rajkumar","2026-08-04 13:27:44",219.4,2,abhijitrajkumar
9309,16777986,小雨姑娘,"2026-08-27 21:51:19",219.2,2,skewcy
9310,16684908,"Nidal Saleh","2026-08-08 14:08:20",219.0,2,nidalsaleh
9311,16890196,hello518123,"2026-09-14 08:51:52",218.9,1,hello518123
9312,16663066,"Mithun Kore","2026-08-29 19:18:28",218.5,1,mithunkore
9313,16760392,Владимир,"2026-08-23 00:19:23",218.4,1,vgkuvshinov
9314,16689364,"Udbhav Purwar","2026-08-11 10:12:00",218.0,1,udbhavpurwar
9315,16667684,"Tim Neale","2026-08-06 13:01:12",217.9,1,timothyjneale
9316,16675428,"Farhan Khairullah","2026-08-09 16:22:00",216.8,2,farhankhairullah06
9317,16903922,"Lim Ba Su","2026-09-20 04:22:33",216.7,2,limbasu
9318,16863892,brunoarpa,"2026-09-10 02:43:09",216.7,1,brunoarpa
9319,16672284,"Dhruv | AI/ML Engineer in Progress","2026-08-07 06:55:13",216.2,1,dhruvdipakchudasama
9320,16666027,CropBOTS,"2026-08-13 16:12:42",216.2,2,"anshultickoo,itsmepooja,manuakumar,sapnajain115"
9321,16867344,"shayan yadegaridehkordi","2026-09-12 17:05:44",216.0,1,shayanyadegari32
9322,16947253,"Chen Kuan-Chin","2026-09-23 22:10:38",215.7,2,chenkuanchin
9323,16717555,"Mariem GLIOUEZ","2026-09-10 15:21:07",214.7,1,mariemgliouez
9324,16723404,"Mahdi Al Hajji","2026-08-20 02:13:12",214.2,2,mhh1430hacker
9325,16639692,"Nirmal Patel","2026-08-06 03:05:27",214.1,2,nirmalpatel02
9326,16662603,"Shem Gikunda","2026-08-06 17:24:48",213.8,1,shemgikunda
9327,16684891,SARTHAK,"2026-08-14 19:07:26",213.7,1,s4rth4k01
9328,16948529,"Daria Liubarets","2026-09-23 16:33:49",213.5,1,dariisss
9329,16697020,"Hossam elden Mohamed","2026-08-15 01:13:51",213.0,2,hossameldenmohamed
9330,16682051,"Noorjahan Siddiqui","2026-08-10 09:33:35",212.6,2,noorjahansiddiqui
9331,16655786,leavts,"2026-08-04 02:35:50",212.4,1,leavts
9332,16659910,"Shraddha Kumbhar","2026-08-07 09:55:58",212.3,2,raj113
9333,16661810,AGNES33,"2026-08-16 19:09:18",212.1,2,agnes33
9334,16745293,Harvey,"2026-08-22 04:20:10",211.7,2,celestia0113
9335,16748882,gsv,"2026-08-20 16:13:45",211.4,1,ram1o1
9336,16898240,jimmy5566,"2026-09-15 17:41:24",211.3,1,jimmy5566
9337,16701138,superpig,"2026-08-19 09:43:31",211.1,1,geniussuperpig
9338,16794720,"paola hernandez55","2026-08-31 04:19:31",211.1,1,paolahernandez55
9339,16624000,Leneen,"2026-08-31 16:02:47",209.9,1,leneen
9340,16623846,"masatoshi hiraki","2026-07-31 07:52:39",209.8,2,masatoshihiraki
9341,16671342,"Danh Nguyen 1303","2026-08-09 14:47:52",209.8,1,danhnguyen1303
9342,16700832,Blitz,"2026-08-10 11:37:18",209.7,1,premshinde
9343,16892144,"Ruichen Yin","2026-09-17 16:10:38",209.5,2,superaier
9344,16743329,"Daniel Obioma emenike","2026-09-11 12:32:22",209.4,2,danielobiomaemenike
9345,16891082,"surya prakash Nayak2","2026-09-14 10:56:23",209.4,1,suryaprakashnayak2
9346,16845903,"Tsubasa Hizono","2026-09-07 05:47:46",209.4,2,tsubasahizono
9347,16810780,prachi.icy,"2026-09-23 13:29:25",208.5,2,prachinikalje
9348,16945034,divinesouljoy,"2026-09-23 04:59:46",208.5,1,divinesouljoy
9349,16716386,"Dev Marya","2026-08-13 09:26:18",208.4,1,devmarya
9350,16663525,"Eric Hilary Smith","2026-09-22 16:36:18",208.3,2,erichilarysmith
9351,16717586,wangjialu2333,"2026-08-15 09:29:36",208.3,1,wangjialu2333
9352,16661689,"David Rao","2026-08-04 18:27:01",208.2,1,davidrao63
9353,16663910,"Shivram Nekkanti","2026-08-07 14:38:04",207.5,1,shivramnekkanti
9354,16632724,"Sayan Dutta","2026-08-04 07:47:42",207.4,1,sayan1507
9355,16688190,"Win M","2026-08-08 00:28:18",207.4,1,winmet
9356,16654256,"KONGARA PRASANTH","2026-08-04 03:40:27",207.3,2,prasanth2008
9357,16668024,"Igor Burkov","2026-08-07 04:35:37",207.3,2,igorburkov
9358,16744545,"Aditya Kumar Singh 013","2026-08-19 18:45:42",207.1,1,adityakumarsingh013
9359,16866478,aktk,"2026-09-10 16:43:56",207.0,2,aniltk
9360,16915627,"Yash Pratap Singh","2026-09-17 14:59:02",206.8,1,yashpratapsingh10
9361,16664315,happy_boy_2007,"2026-08-12 09:04:40",206.6,1,happyboy2007
9362,16773557,"Rudra kalyan","2026-08-26 09:08:54",206.4,2,rk1144
9363,16663913,"Aanaa Kaliil","2026-08-05 15:15:31",206.3,2,aanaakaliil
9364,16698886,pied_piper,"2026-08-10 14:11:15",206.2,2,ahanhalder
9365,16653319,"Md. Rasel Meya","2026-08-06 14:42:18",206.0,2,raselmeya
9366,16668506,"Louie Tang","2026-08-08 06:56:52",205.8,2,louietang
9367,16732342,"Viktor Antonov","2026-08-18 10:22:32",205.3,1,viktorantonov
9368,16750285,LeEmperor,"2026-08-22 04:36:18",205.2,2,leemperor
9369,16926026,"Michael Pamurahardjo","2026-09-24 15:24:37",204.6,1,michaelpamurahardjo
9370,16685568,Secertive,"2026-08-08 17:59:52",204.3,1,secretiveplotter1863
9371,16670747,"Aryan Kumar Chaudhary","2026-08-11 22:46:05",203.9,2,"aryankumarchaudhary,rakshitmundra"
9372,16735735,Rishabh@1304,"2026-09-12 10:08:51",203.8,2,rishabh1304
9373,16728249,"Ahmet Kiraz","2026-08-17 07:23:30",203.7,1,ahmetqiraz
9374,16687337,"sravani kamjula","2026-08-07 19:38:39",203.6,2,sravanikamjula
9375,16895191,"Oluwatobi Ojekanmi","2026-09-16 12:53:27",203.3,2,oluwatobiojekanmi
9376,16684237,Zen_0910,"2026-08-07 17:07:02",203.2,1,zendeptrai
9377,16769419,dylanaki,"2026-09-23 14:48:32",202.9,2,dylanaki
9378,16751141,DeadJed,"2026-08-26 11:10:40",202.6,2,deadjed
9379,16636540,"Burkova Nastia","2026-08-01 13:34:02",202.5,2,"burkovanastia,ellvalerie"
9380,16760920,"Román Eliezer Pérez Ríos","2026-08-31 18:07:43",202.5,2,perezrios
9381,16885883,"Stepan Kobaidze","2026-09-16 18:12:28",202.5,2,stepankobaidze
9382,16749225,"Hisyam Prasetyo","2026-08-27 11:26:07",202.5,2,hisyamprasetyo
9383,16702060,Mcusac,"2026-08-13 19:42:54",202.4,1,mcusac
9384,16674093,"Hoàng Trần Đặng Minh","2026-08-06 08:54:38",201.7,1,hongtrnngminh
9385,16887039,"Angella Semu","2026-09-21 15:26:56",201.5,2,angellasemu
9386,16724325,Melancholian,"2026-08-15 06:43:12",201.5,1,kasaneru
9387,16769470,HaHHYbYY,"2026-08-26 07:52:33",201.4,1,hahhybyy
9388,16710929,"Pooja Divekar","2026-08-16 08:22:48",200.9,1,poojadivekar123
9389,16661969,"Raja T","2026-09-24 01:52:33",200.9,2,rajathiagaraj
9390,16895750,"charles Ndemo","2026-09-23 23:20:39",200.6,2,charlesndemo
9391,16658311,zkskhurram,"2026-08-05 07:59:40",200.1,2,zkskhurram
9392,16682689,HenryRichardson1,"2026-08-07 10:00:12",200.0,1,henryrichardson1
9393,16668379,dccgps,"2026-08-08 05:44:36",198.8,1,dccgps
9394,16859770,"Praful Tiwari1","2026-09-14 10:37:58",198.3,1,prafultiwari1
9395,16657525,"Alae Lakhdar","2026-08-05 08:10:49",198.1,1,alaelakhdar
9396,16780411,K.Satwik,"2026-08-27 16:23:04",198.0,2,ksatwik3220
9397,16659283,"DILEEP POTHULA","2026-08-08 06:43:15",197.6,2,dileeppothula
9398,16668438,"Sahil Suman","2026-08-16 17:09:20",197.6,1,sahilmanavraunak
9399,16769114,angayoung,"2026-08-25 07:22:00",197.5,1,joaga0603
9400,16706557,"Nurullah Gundogdu","2026-08-11 17:52:07",197.5,2,nurullahgundogdu
9401,16687514,Dark_1926,"2026-08-07 20:30:33",197.4,1,dark1926
9402,16831130,"Khushar Pal","2026-09-06 15:21:15",197.3,2,khusharpal
9403,16660930,"Chung Ching Yeh","2026-08-04 14:44:34",197.3,2,chungchingyeh
9404,16838890,"Yisher Xia","2026-09-05 16:09:13",196.8,1,yisherxia
9405,16891711,"Michael Odoemelam1","2026-09-21 21:38:22",196.4,1,michaelodoemelam1
9406,16734896,pattikamo,"2026-08-27 10:52:28",196.2,2,pattikamo
9407,16676992,NIDHIHEER01,"2026-08-16 17:09:00",196.2,1,nidhiheer01
9408,16665463,Seendon,"2026-08-06 19:19:25",196.0,2,informationminer
9409,16744461,"Adiratna Kamble","2026-08-21 22:05:13",196.0,1,adiratnakamble
9410,16741239,"fjf 1asd","2026-08-19 08:46:31",195.0,1,fjf1asd
9411,16653906,swaroop41,"2026-08-04 05:53:29",194.6,2,swaroop41
9412,16915882,BandaruLakshmi1234,"2026-09-17 16:50:15",194.6,1,bandarulakshmi1234
9413,16639465,"Gabriel Aguiar Leao","2026-08-02 00:23:49",194.0,1,"gabrielaguiarleao,marcositta"
9414,16700992,Abhishek_1355,"2026-08-25 09:17:08",193.8,1,abhishek1355
9415,16666414,salyamq,"2026-08-05 16:41:38",193.7,1,salyamq
9416,16623131,"Liam Carrig Newsam","2026-08-04 00:00:03",193.5,1,liamcarrignewsam
9417,16918569,"Ashee Softworks","2026-09-18 05:59:35",193.5,1,asheesoftworks
9418,16654827,"ADITYA KUMAR MISHRA","2026-08-03 20:07:22",193.3,1,aditya1kumarmishra
9419,16807557,coolz,"2026-09-09 06:35:51",193.1,2,cooolz
9420,16723262,"Tiago OliveiraLL","2026-08-28 18:22:12",192.2,1,tiagooliveirall
9421,16679470,"GamaL Mahmoud","2026-08-08 13:33:52",192.0,2,gamalmahmoudtaha
9422,16669473,"William Bickelmann","2026-08-05 17:47:13",192.0,1,williambickelmann
9423,16669060,Twansss,"2026-08-15 04:37:59",191.6,2,twansss
9424,16657628,Hamo,"2026-08-07 12:00:21",191.5,2,mohamed2223
9425,16793391,"Muhammad Ussman","2026-09-21 17:14:02",191.1,2,muhammadussman
9426,16922154,"Olaoluwa Osho","2026-09-20 21:35:07",191.0,2,olaoluwaosho
9427,16858512,lkjmo123,"2026-09-09 06:45:18",191.0,1,lkjmo123
9428,16663333,"Iago Moura e Moreira","2026-08-04 20:05:06",190.7,1,iagomouraemoreira
9429,16639615,rickzai,"2026-09-01 05:37:21",190.5,2,rickzai
9430,16656196,"Vishwash Golakiya","2026-08-27 01:07:00",190.0,1,vishwashgolakiya
9431,16934489,Anushahs2026,"2026-09-21 08:28:06",189.7,2,anushahs2026
9432,16841294,"Annu Rana1","2026-09-09 18:12:34",189.6,1,annurana1
9433,16656287,sandip_shaw123,"2026-08-05 10:02:07",189.5,1,sandipshaw123
9434,16660749,"PavanK Saketh","2026-08-04 13:38:48",188.9,2,pavanksaketh
9435,16840168,"gratefully dumb","2026-09-23 03:01:31",188.9,2,gratefullydumb
9436,16773358,yogeshgoudapatil,"2026-08-27 14:59:13",188.5,2,yogeshgoudapatil
9437,16696952,tronxz8,"2026-09-09 13:51:31",188.2,1,tronxz8
9438,16654244,"Saad Nanawala","2026-08-03 18:17:33",188.0,1,saadnanawala
9439,16640914,inconnu,"2026-09-17 12:01:07",188.0,2,kajarnaklokossou
9440,16871895,"Sahil Raval","2026-09-15 10:57:48",188.0,1,sahilraval1311
9441,16661494,"Arulmaniyan Rajavel","2026-08-22 13:46:58",187.9,2,arulmaniyanrajavel
9442,16942073,nagissan,"2026-09-22 14:10:52",187.9,2,nagissan
9443,16762162,"Shota Hirao","2026-08-23 12:34:05",187.4,1,shotahirao
9444,16662353,"LAYAL ALNASHMI","2026-09-12 11:37:55",187.4,2,waitups
9445,16692652,"Harsith R","2026-08-08 20:26:56",187.3,1,chiefofpredicitions
9446,16885565,"Shiva Rupan S","2026-09-13 11:19:14",186.9,1,shivarupan20me
9447,16712395,"Zuohong Pan","2026-08-12 12:15:40",186.9,1,pshuaibi
9448,16904992,abdulkader1,"2026-09-22 18:10:12",186.9,1,abdulkader1
9449,16889852,"Abdikaliq osman","2026-09-16 00:48:05",186.7,2,abdikaliqosman
9450,16736759,"Lavesh Kadam","2026-08-18 10:55:05",186.4,1,laveshk314
9451,16663438,"Varun Prajapati","2026-08-08 21:54:54",185.4,2,"krunalasari,varun2206"
9452,16661252,"Andrzej Walczak","2026-08-05 09:46:19",185.3,2,andrzej1983
9453,16752120,"Görkem Tuğ","2026-08-24 10:45:35",185.0,2,grkemtu
9454,16652159,Boson328,"2026-08-04 10:06:13",183.9,1,boson328
9455,16686902,"Aaditya Jain","2026-09-14 06:22:21",183.7,2,aadityajain2312
9456,16860921,jayjayfff,"2026-09-10 01:25:36",183.4,2,jayjayfff
9457,16889817,"Om Patelxyz","2026-09-14 07:04:40",182.4,2,ompatelxyz
9458,16654482,SarahShams,"2026-08-14 16:36:06",182.2,2,sarahshams
9459,16633003,"K Mukhiya ","2026-08-01 12:09:51",182.1,2,kmukhiya
9460,16668048,"Gazi Sayem Uddin Samir","2026-08-05 14:29:51",181.9,2,gazisayemuddinsamir
9461,16677786,"[Deleted] aec7dc1f-59cb-486f-998a-d2407e297536","2026-08-26 13:39:08",181.9,2,del=0fde9ba2630fee3c
9462,16656771,"thushara bandara","2026-08-07 04:13:43",181.9,2,dushyanthibandara
9463,16656515,"Rushal Manandhar","2026-08-06 04:15:01",181.7,1,rushalmanandhar
9464,16680858,"Harshul Gupta","2026-08-21 04:40:05",180.8,2,harshulgupta77
9465,16651507,jappanini,"2026-08-03 09:14:04",180.5,1,jappanini
9466,16823341,"Agnieszka Sobala","2026-09-03 20:15:55",180.4,1,agnieszkasobala
9467,16693318,meow3301,"2026-08-09 02:33:34",180.0,2,meow3301
9468,16658033,"sanjay Ghalagi","2026-08-27 15:29:34",180.0,2,sanjayghalagi
9469,16653462,"Ruchi Scott","2026-08-12 12:19:19",179.6,2,ruchiscott
9470,16748554,"victor lucas","2026-09-22 23:24:38",179.0,1,lucsxd
9471,16681610,"team maccy","2026-08-07 20:27:06",179.0,1,robertgama
9472,16768568,Nour102006,"2026-08-27 04:46:00",178.9,2,nour102006
9473,16685093,"Huzaifa Inam","2026-08-07 13:47:15",178.5,2,huzaifainam
9474,16660146,4Solver,"2026-08-08 02:06:19",178.5,2,msfbiolinhares
9475,16655482,Apoorv007,"2026-08-04 01:55:41",178.3,1,apoorv007
9476,16644360,Mathous,"2026-08-02 20:28:00",178.1,1,mathisdac
9477,16727681,JanV123,"2026-09-06 05:37:07",177.9,2,janv123
9478,16948144,"Muhammad Ali Amir","2026-09-23 15:36:25",177.8,1,malialice
9479,16663448,"Adel I.","2026-08-07 12:55:44",177.7,2,adelid
9480,16769069,"HAL's Kaggle Dojo","2026-09-23 12:07:37",176.9,1,kafein
9481,16709957,"Lei Gao","2026-08-12 04:03:42",176.9,1,leigao31
9482,16667238,"Srija ganguluri","2026-08-07 10:14:48",176.7,1,srijaganguluri
9483,16666037,"Matheus Marques","2026-08-06 06:03:28",176.3,2,mathmarquesbr
9484,16706134,NK11FC,"2026-08-25 11:30:00",176.2,2,nk11fc
9485,16657306,"Krunal Chavda","2026-08-07 21:38:11",176.1,2,krunalchavda21
9486,16869551,"Adrien ple","2026-09-11 12:48:34",176.0,2,adrienple
9487,16795043,"SONU RAUT","2026-09-05 11:51:59",176.0,2,sonuraut
9488,16872073,"Positive Quark","2026-09-18 13:51:27",175.8,2,quarkliu
9489,16877079,"Saptak Banerjee","2026-09-11 19:09:58",175.8,1,saptakbanerjee123
9490,16625043,"Ivan Litvak","2026-09-16 16:36:06",175.7,2,trydotatwo
9491,16677328,"Eng. Husnain","2026-08-08 13:13:23",175.3,2,enghusnain
9492,16679713,"John william Vicente 🇧🇷","2026-08-07 00:38:57",175.3,1,chrollo079
9493,16826118,shishuyang11,"2026-09-04 06:50:04",174.7,1,shishuyang11
9494,16719771,"Oleg Papulov","2026-09-12 11:31:22",174.3,2,olegpapulov
9495,16913975,"Tom Dooley","2026-09-17 11:48:20",173.1,2,tomdooley123
9496,16662108,nhkien,"2026-08-05 06:52:18",172.9,2,nhkien
9497,16773333,"Abdullah javed Javed","2026-09-05 03:13:57",172.0,2,abdullahjavedjaved
9498,16632266,"(ノ◡ <)","2026-09-24 11:08:43",171.8,2,nawfeelrahman1124444
9499,16883962,"Ilakk manoharan","2026-09-24 14:49:51",171.2,2,ilakkmanoharan
9500,16912044,"[Deleted] 0b2c3d58-9494-483e-ad4c-1465b66166ca","2026-09-17 08:46:46",171.0,2,del=2e39a6893da554dc
9501,16697628,"Yash Sharma","2026-08-17 15:33:32",171.0,2,yashsharma42
9502,16793392,"reda elkrouchni","2026-09-02 16:16:05",170.8,2,redaelkrouchni2
9503,16662933,"Marcelo Pereira","2026-08-19 01:14:40",170.3,2,marcekkusrp
9504,16889278,"Ari Kurniawan92","2026-09-14 08:32:53",170.2,1,arikurniawan92
9505,16681895,Akshar,"2026-08-07 06:16:19",169.6,2,aks0625
9506,16893966,"Nguyễn Thái Duy","2026-09-15 08:12:14",169.4,1,nguyenthaiduytgu
9507,16756887,"Rushika S","2026-09-13 12:26:14",169.2,1,rushikas
9508,16737641,"PATIL ATHARV VIJAYKUMAR","2026-09-07 05:35:17",169.0,2,"atharv095022,patilsarthakvilas,sonuretusharsuresh"
9509,16793648,Sarda___,"2026-08-30 16:51:21",168.8,2,brainnotfound3
9510,16670777,"Aman Yitbark","2026-08-13 05:43:27",168.8,1,amanyitbark
9511,16947693,"Mohammad Rashid Pathan","2026-09-24 15:23:57",168.4,2,pathanmohammadrashid
9512,16667968,ChronosData,"2026-08-18 14:25:43",168.3,2,codex5843
9513,16881244,"Atharva Govind Salunke","2026-09-18 17:50:01",168.3,2,atharvagovindsalunke
9514,16715354,"Alyssa Clark","2026-08-14 02:52:26",167.9,2,a1yssaclark
9515,16662269,"KAMLESH KUMAR POKHARNA","2026-08-06 17:25:51",167.8,2,kamleshkumarpokharna
9516,16936198,"Greedy Acres","2026-09-24 12:43:45",167.6,1,axelmd
9517,16658401,"Aryan Lonare","2026-08-04 09:55:47",167.5,2,aryandyalullonare
9518,16752481,"Thanh Toan","2026-08-21 08:33:13",167.4,2,tonnglthnh
9519,16630041,"Devi prashad tripathi","2026-08-03 17:56:58",167.4,1,deviprashadtripathi
9520,16792786,"Fusion Flux","2026-09-20 13:49:10",167.1,2,mithilleshkumar
9521,16861721,"SJ Gamsyy","2026-09-11 09:40:23",167.1,2,sjgamsyy
9522,16791131,"Maria Carolina BRAY","2026-09-24 11:04:10",167.0,2,mariacarolinabray
9523,16692568,"Muhammed Gulfam Toor","2026-08-13 19:04:32",165.8,2,gultoor
9524,16713002,"Adithya M","2026-08-13 15:42:17",165.4,2,adithya3907
9525,16688288,"Ojo Oluwadamilare","2026-08-08 01:43:30",165.4,2,ojooluwadamilare
9526,16920156,"SALOUA OUARHLENT","2026-09-24 08:16:00",164.7,2,salouaouarhlent
9527,16664458,"Prantik Chandra","2026-08-05 05:47:10",164.7,1,prantikchandra
9528,16730380,"FOKRUL ISLAM LECTURER","2026-08-19 01:56:28",164.6,2,fokrulislamlecturer
9529,16660978,"Maksym Khavil","2026-08-04 13:43:48",164.5,1,maksymkhavil
9530,16632418,"Bretokce 3amich","2026-08-07 12:18:26",164.4,2,bretokce3amich
9531,16683903,Saju,"2026-08-17 11:31:45",164.4,1,sajutr
9532,16690433,"Amar Amar Gupta","2026-08-15 10:08:37",164.3,2,amaramargupta
9533,16698307,AnasAl7,"2026-08-10 13:08:08",164.3,2,anasal7
9534,16660285,"Sawan Kohli","2026-08-06 13:11:44",163.9,2,sawankohli
9535,16630725,"vaibhav vyas","2026-08-06 10:56:52",163.8,2,vaibhavvyas0
9536,16659036,"Mohammed Kaif","2026-08-04 10:41:22",163.7,2,mkaif001
9537,16633551,"Subarno Sen","2026-08-25 04:42:35",163.6,2,lordfiftyfive
9538,16635248,eosphor,"2026-08-01 09:46:59",163.3,2,eosphor
9539,16674774,"Dine ALASSANE","2026-08-07 05:53:28",163.0,2,dinealassane
9540,16654124,"Aditya Kumar Singh","2026-08-05 09:57:29",163.0,2,adityq121608
9541,16811547,Merlin,"2026-09-24 14:33:04",163.0,1,huntergrey
9542,16777923,Sho,"2026-09-23 02:41:26",162.6,2,shoito08190904
9543,16658693,leehuilong,"2026-08-06 12:49:22",162.5,2,leehuilong
9544,16697466,"hunain shahid","2026-08-11 06:12:38",162.4,2,hunainshahid230
9545,16947257,"Hassan Bazzoun-dev","2026-09-24 00:10:50",162.3,1,hassanbazzoundev
9546,16662630,"M.mohamed Muhasir","2026-08-05 18:25:39",162.3,2,mmohamedmuhasir
9547,16657344,"Ombayo fredrick","2026-08-04 14:04:04",162.2,2,ombayofredrick
9548,16674881,"Saisree Dhanasekaran","2026-09-23 11:54:42",162.2,2,saisreedhanasekaran
9549,16658362,MHaurel,"2026-08-09 15:32:45",162.1,1,hetax17
9550,16658522,"Amna khanii23","2026-08-07 05:15:47",161.6,2,amnakhanii23
9551,16668018,"DAVID CHEW HL","2026-08-06 06:36:34",161.6,2,davidchewhl
9552,16756344,"Pasindu Perera","2026-08-21 19:21:11",161.4,1,amavinperera
9553,16664586,"Owen Lim","2026-08-05 05:42:25",161.4,2,owenlim45
9554,16654098,"Mohd Zaki","2026-08-26 01:46:45",161.3,2,mdzaki08
9555,16669142,"Jaclyn Agee","2026-08-07 15:21:06",160.7,2,jaclynagee
9556,16656278,"Bhuvaneshwari Rebba","2026-08-04 09:20:36",159.9,1,bhuvaneshwarirebba
9557,16681056,"Aryan Jhingan","2026-08-11 18:53:48",159.7,2,aryanjhingan
9558,16640468,"Sohangkumar Patel","2026-08-26 15:00:44",159.6,2,samsamurai
9559,16713329,qrcodeTH,"2026-08-13 08:22:40",159.6,2,thanaphumsaywonin
9560,16656164,"Justin Schomer","2026-08-09 09:05:59",159.5,2,fathersecurity
9561,16623563,"Jocelyn Dumlao","2026-09-01 02:35:54",159.5,2,jocelyndumlao
9562,16674390,yangluo1,"2026-08-08 01:31:08",159.4,2,yangluo1
9563,16690195,"Manshi Shukla","2026-08-08 10:12:24",159.2,2,manshishukla
9564,16657892,"Boonanan namna","2026-08-17 04:36:04",159.0,1,boonanannamna
9565,16721941,"Rita Ohabuenyi","2026-08-14 12:57:37",158.9,2,ritaohabuenyi
9566,16843225,"Tobenna Okeke","2026-09-06 12:09:22",158.9,2,tobezzi
9567,16657227,"Anusha Marla","2026-08-04 07:05:53",158.9,2,anushamarla
9568,16717600,"Collistus Kibe","2026-08-21 22:13:38",158.9,2,collistuskibe
9569,16780986,Azizbek,"2026-09-01 14:26:45",158.8,2,miracle88
9570,16780057,"Njabulo Hope Makana","2026-09-23 17:55:48",158.3,2,njabulohopemakana
9571,16712562,"Sagar Singh","2026-08-17 09:28:26",158.3,2,acrejzz
9572,16664875,SaiSujitPunukollu,"2026-08-05 05:46:11",157.8,1,saisujitpunukollu
9573,16629426,"Abdullah Qureshi","2026-07-31 10:00:44",157.8,2,abdullahqureshi120
9574,16658898,"SRI shiva","2026-09-16 04:42:25",157.7,2,srishiva
9575,16631135,"Fernando Liazar Luemba Salvador","2026-09-18 21:41:27",157.7,1,fernandollsalvador
9576,16701106,moshito,"2026-08-10 14:13:58",157.4,2,"danamaulana123,moshito,naufaldhiaulhaq01"
9577,16784431,"Régis Meyssonnier","2026-08-28 14:47:27",157.3,1,rgismeyssonnier
9578,16785398,"Vitória Freitas","2026-08-28 20:07:12",157.2,1,vitoriafreitas13
9579,16657578,raushancoursework,"2026-08-05 06:54:51",157.1,1,raushancoursework
9580,16802035,"sanchit atre","2026-09-01 09:31:07",157.1,2,sanchitatre
9581,16663265,"Darlington Ayakazi","2026-08-04 20:26:08",156.8,1,darlingtonayakazi
9582,16662859,"Mohamed Zahran","2026-08-05 04:41:56",156.7,1,zrnking2012
9583,16662662,"Joaquim Jose1","2026-08-04 17:57:03",156.7,1,joaquimjose1
9584,16759205,MartinaF95,"2026-09-22 12:55:32",156.7,1,martinaf95
9585,16832928,"Ilgar Gurbanov","2026-09-10 12:41:23",156.4,2,ilgargurbanov57
9586,16875898,"Sai Krishna Pakkir","2026-09-11 17:30:49",156.3,2,saikrishnapakkir
9587,16668495,Herisitraka,"2026-08-05 17:16:28",156.3,2,herisitraka
9588,16851731,"Amar 5454","2026-09-14 10:28:42",156.2,2,amar5454
9589,16697143,"Jeisa Mathew","2026-09-06 13:04:00",156.1,2,jeisamathew
9590,16722089,"Saidjon Ramazonov","2026-08-16 05:51:50",155.9,2,saidjonramazonov
9591,16854169,"[Deleted] fe7af88d-d80f-4441-a8c5-3cca6b980e41","2026-09-09 12:41:02",155.8,2,del=0749851e202390c3
9592,16725990,"Parth Tomar","2026-08-24 12:35:45",155.6,2,parthtomar193
9593,16814946,"Bekama Regasa Negewo","2026-09-03 07:30:36",155.5,1,bekamaregasanegewo
9594,16665223,"Sawon Mitra","2026-09-06 17:13:28",155.1,2,sawonmitra
9595,16686834,Kaabbil,"2026-08-09 16:14:49",154.8,2,"dr3aking,kaabbil"
9596,16657462,"CROP CODERS","2026-08-10 18:00:28",154.7,2,"dhanvanthraj,raghavan9944,shanmugam666,sitha2345,sumaiyahibrahim"
9597,16677403,bababoy,"2026-08-15 14:55:17",154.7,2,adrienrenard
9598,16789570,wyananwyanan,"2026-09-16 03:05:19",154.7,2,wyananwyanan
9599,16756875,"Meryem Kevser Keskin","2026-09-01 21:30:35",154.6,2,meryemkevserkeskin
9600,16886819,"Rebecca Shirievo","2026-09-16 17:29:07",154.5,2,rebeccashirievo
9601,16670662,"Gina Lee","2026-08-11 22:45:21",154.3,2,ginaleegdm
9602,16714589,xinsu9898,"2026-08-16 22:26:49",154.3,1,xinsu9898
9603,16700771,"Disuru Coba Ama Jaki","2026-09-20 16:44:11",154.2,2,reiiihel
9604,16729010,"karan sankhe","2026-08-16 15:15:45",153.9,2,karansankhe1356
9605,16661447,"Sibel Özbek","2026-08-04 20:50:27",153.8,1,sibelzbek
9606,16658969,"Yuri Maslov","2026-08-04 10:11:45",153.6,1,yurimaslov
9607,16868591,"Lucas A. Rizzieri","2026-09-11 00:22:41",153.5,2,lucasarizzieri
9608,16740144,Salmon,"2026-08-21 12:55:13",153.4,2,shin3110
9609,16756868,"Anisha Maurya","2026-09-05 19:29:41",153.3,2,anishamaurya
9610,16777666,Lithops1112,"2026-09-05 08:20:21",153.3,2,lithops1112
9611,16707062,"G DOLANARASIMHA","2026-08-11 12:18:02",153.2,2,gdolanarasimha
9612,16697339,"Muhammad Safwan Ahmad Saffi","2026-08-15 00:28:21",153.1,2,safwanahmadsaffi
9613,16729148,"Marco M","2026-08-16 22:51:36",153.1,1,marcoms1000
9614,16670462,"Talha Kayar","2026-08-15 15:24:03",153.1,2,talhakayar
9615,16634761,"CHARHBILI Moad","2026-08-07 13:44:23",153.0,1,charhbilimoad
9616,16784932,"Shefali Pradhan","2026-08-29 10:03:30",152.4,2,shefalipradhan
9617,16690199,"Lavkush Yadav","2026-08-08 10:20:55",152.3,1,lavkushyadavcse
9618,16724995,dice1494,"2026-08-16 08:51:34",152.2,1,dice1494
9619,16671232,"sms tcil","2026-08-07 13:03:30",152.2,1,smstcil
9620,16671827,"Shourya Gupta","2026-09-18 05:50:22",152.1,2,siriuspotter
9621,16785085,"THEEPAN S.S","2026-08-28 16:35:39",152.0,2,theepanss
9622,16667231,bettsy,"2026-08-05 12:12:35",151.9,2,bettsy
9623,16632458,"RAMAN BANSAL","2026-08-24 04:35:56",151.9,1,ramanbansal
9624,16683577,"Ankush Kumar M","2026-08-07 13:19:05",151.9,2,ankushkumarm
9625,16672322,"khalil ur Rehman","2026-08-13 05:10:03",151.9,2,khalilurehman
9626,16625029,Hilarus,"2026-08-01 15:59:02",151.9,2,hilagbag
9627,16701997,zran1t,"2026-08-15 14:10:18",151.8,2,zran1t
9628,16691502,"DILANE FOGUE KAMGA","2026-08-08 15:20:05",151.7,1,dilanekamga
9629,16662803,"Ashish Gawade","2026-08-04 19:11:19",151.7,2,ashishgawade
9630,16658440,"Gloria Lourelynn S","2026-08-04 15:16:09",151.7,1,glorialourelynn
9631,16659929,"MAMADOU LY (LY BOUSSO 45)","2026-08-13 11:43:25",151.6,2,mamadoulylybousso45
9632,16743630,TRP,"2026-09-01 17:06:48",151.6,2,tejratanpaulrocky
9633,16661500,"yagnit sutariya","2026-08-04 15:34:39",151.4,1,yagnitsutariya
9634,16738778,"DILIP BAVISKAR","2026-09-13 09:12:49",151.2,2,dilipbdilipb
9635,16757671,xxxxc47,"2026-08-22 08:25:52",151.1,1,xxxxc47
9636,16690188,Anurag,"2026-08-08 10:20:42",150.8,2,kumaranu2007
9637,16656954,"Marwan Elmetwally","2026-08-04 05:56:29",150.6,2,marwanelmetwally
9638,16715896,新木,"2026-08-18 05:25:46",150.4,1,sunchief
9639,16663334,"sameer mughal","2026-08-29 20:12:57",150.4,2,sameermughal109
9640,16750391,"Batuhan Yerebasmaz","2026-08-20 18:34:21",149.9,2,batuhanyerebasmaz
9641,16705360,Elahi,"2026-08-18 05:49:00",149.8,2,mmelahi
9642,16688165,"David @ Koantek","2026-08-25 23:53:17",149.4,2,artificialbrilliance
9643,16802348,Shergill_17,"2026-09-01 11:17:15",149.4,2,shergill17
9644,16712568,"Tanvi Dobariya","2026-08-14 17:39:52",149.3,1,tanvidobariya
9645,16662557,"Naman Sudershan","2026-08-05 13:21:08",149.0,2,namansudershan
9646,16658635,"Deepak Kumar ","2026-08-05 02:38:29",148.9,2,deepak2026ml
9647,16840189,"Sneha yadav","2026-09-23 09:47:20",148.7,2,sneha463
9648,16667886,"Ubaid ur rehman 0345","2026-08-05 15:23:12",148.5,2,ubaidurrehman0345
9649,16864193,"[Deleted] b3063c6b-024a-4ece-902e-6edde232fe9f","2026-09-10 06:27:50",148.5,2,del=d26e59586a26ce18
9650,16677081,"Brandon Gaston","2026-08-12 23:49:58",148.1,1,mushmon
9651,16655573,"Probablyaphilosopher ","2026-08-16 00:01:40",148.0,2,probablyaphilosopher
9652,16772354,"Gleidistony Mendes","2026-09-18 12:01:25",148.0,2,gleidistonymendes
9653,16659271,Hamish,"2026-08-12 12:48:51",147.2,2,hamishdickson
9654,16624973,"Mrunmayee Kulkarni","2026-07-31 06:16:46",147.1,1,kulmrun
9655,16858886,twispur,"2026-09-09 07:38:09",147.0,1,twispur
9656,16713896,"Quantum Fusion","2026-08-14 12:12:34",147.0,1,gugurobotics
9657,16690112,"Ayush Tripathi","2026-08-17 09:03:03",146.9,2,ayushtripathi112
9658,16718605,"صفاء عبد الرقيب","2026-09-06 19:27:10",146.8,2,bssgirl
9659,16660342,"Adapa Gopireddy","2026-08-04 12:49:43",146.8,1,adapagopireddy
9660,16669311,Schoki,"2026-08-17 22:26:49",146.4,2,jensdnisch
9661,16777407,"Fahrur Rozzi","2026-08-26 23:01:52",146.4,1,frozzi18
9662,16748453,LINJINYAN,"2026-09-06 14:25:23",146.2,2,linjinyan
9663,16632111,"Arda Çiftçi","2026-08-04 20:03:37",146.1,2,ardaciftci
9664,16662099,"The Algorithmist","2026-08-04 23:41:59",145.8,2,riyagheewala
9665,16841612,"Jordan #2","2026-09-10 16:51:25",145.7,2,jordantay
9666,16689389,Chukunder,"2026-09-24 12:38:14",145.7,2,"farbricated,sarikajivrajika"
9667,16662334,"Andres Beltran","2026-08-04 22:58:11",145.1,2,andresbeltran05
9668,16775190,bianfu,"2026-09-22 00:38:56",145.1,2,bianfu
9669,16676026,"Bedashree Swarupa Das","2026-08-06 14:14:21",145.0,1,ashokkumardasbedashr
9670,16658189,"Zale John","2026-08-26 00:48:24",144.5,2,zalejohn
9671,16656210,"Sanjay Suthraye","2026-08-04 14:55:13",144.4,2,sanjaysuthraye96
9672,16756264,query_stop,"2026-08-27 00:24:14",144.4,2,jaared
9673,16641277,Zenieverse,"2026-08-30 05:09:04",144.1,2,zenieverse
9674,16919907,"Álvaro Martínez González","2026-09-23 13:59:06",143.7,2,lvaromartnezgonzlez
9675,16902494,FoodieJam,"2026-09-21 01:38:58",142.8,2,foodiejam
9676,16807010,cjsrudals,"2026-09-13 08:33:47",142.8,2,cjsrudals
9677,16654363,"NIKHIL YADAV","2026-08-17 21:20:32",142.6,2,nikhilyadav232223
9678,16671985,"vishal waghchaure","2026-08-07 09:25:36",142.6,2,vishalwaghchaure
9679,16907555,"Pandidurai E","2026-09-17 16:08:13",142.5,2,pandiduraie
9680,16705490,"KASTHURI DEVI M","2026-08-13 10:42:42",141.9,2,kasthuridevim
9681,16775493,"JOE DEVA JERRY D ","2026-08-26 15:41:55",141.6,1,joedevajerryd
9682,16697716,ZEO,"2026-08-09 19:43:41",141.3,1,anuppatil29
9683,16849230,"Md. Mahim Babu","2026-09-18 11:27:55",141.3,2,mdmahimbabu
9684,16680419,"Tech Changer","2026-08-17 12:31:58",141.2,1,johnbibin
9685,16666706,baijiachang,"2026-08-05 11:04:21",141.1,1,baijiachang
9686,16662083,ihabkaggle,"2026-08-07 00:42:33",140.8,2,ihabkaggle
9687,16654384,"Alladi Sai Kalyan Raman 24BCE1509","2026-08-30 09:33:11",140.6,2,alladisaikalyanraman
9688,16662142,"Adnan Khan","2026-08-30 06:22:52",139.6,2,iamadnankhan313
9689,16739102,"Mithulya Kumarapeli","2026-08-30 03:53:39",139.0,1,sandalim
9690,16827437,kaedehs33-max,"2026-09-08 03:06:50",138.2,1,kaedehs33max
9691,16881320,allen17179869184,"2026-09-19 13:17:49",138.2,2,allen17179869184
9692,16621770,"Rudraksh Zodage","2026-07-30 20:07:49",137.2,2,rudrakshzodage
9693,16723289,"Caio Saboia","2026-08-28 18:24:29",137.0,1,caiosaboia
9694,16754111,"Kalpana Patki","2026-08-22 16:05:10",135.8,1,kalpanapatki
9695,16722827,Prathyyyyy,"2026-09-19 03:10:21",135.7,1,prathyyyyy
9696,16731986,Vugar3,"2026-08-17 10:51:29",135.4,2,vuqarxudvrdyev001342
9697,16707146,kaganou,"2026-08-11 13:19:53",135.0,1,kaganou
9698,16653934,"Ayomide Abdulrahmon","2026-08-03 19:22:32",134.8,2,ayomideabdulrahmon
9699,16658577,farmercode261,"2026-09-12 03:26:38",134.2,2,hifnikhakim
9700,16770924,rohit,"2026-09-12 05:08:35",133.9,2,rohitsrinivasan31
9701,16654556,anjipoo,"2026-08-05 15:33:04",133.0,2,anjana0812
9702,16662230,"Angus Mc Gregor","2026-08-13 21:25:46",132.4,2,angusmcgregor
9703,16945119,Logicolist,"2026-09-23 13:03:16",132.0,1,logicolist
9704,16778908,"PATIL ADITYA PANDURANG","2026-09-01 17:34:33",131.7,1,"jagdalepranavsagar,patiladityapandurang,pavankadam7005"
9705,16640323,"KOUSHIK KUMAR DINDA","2026-08-29 01:55:31",131.4,2,koushikkumardinda
9706,16913466,abc1zzz,"2026-09-24 10:56:29",130.4,1,abc1zzz
9707,16771841,"Panagiotis Alimisis","2026-09-14 19:04:58",130.4,2,palimisis6
9708,16882682,"BALQEES GHWANMEH","2026-09-18 20:24:43",130.2,2,balqeesghwanmeh
9709,16737040,"Joseph Djian","2026-09-09 10:30:17",130.1,2,djian55
9710,16691729,"ADOLF FAUSTINE","2026-08-18 02:42:39",129.2,2,adolffaustine
9711,16932358,"Ilfat Hismatullin","2026-09-20 21:41:28",128.5,1,izek123
9712,16632375,"Vivien Jiaqian Zhu 朱嘉倩","2026-09-24 07:28:48",128.2,2,vivienjz
9713,16657486,"Turhan TAS","2026-08-10 09:21:40",127.8,1,turhantas
9714,16727876,"Harrison Wachira","2026-08-16 08:50:03",127.4,1,harrisonwachira254
9715,16629441,Sofia_Gilka,"2026-09-18 14:41:35",126.3,2,sofiagilka
9716,16799001,"Trịnh Quang Minh","2026-09-01 05:16:32",126.1,1,trnhquangminh140
9717,16659097,noril09,"2026-08-04 11:56:35",125.7,2,noril09
9718,16656235,"Zain Ul Abideen Samo","2026-08-06 15:22:02",125.2,2,zainulabideensamo
9719,16656643,"Willetta Dettore","2026-08-05 15:33:52",123.1,2,willettadettore
9720,16679979,Pranav6657,"2026-08-07 02:40:48",122.8,1,pranav6657
9721,16775483,"Parv Malav","2026-08-26 16:20:27",122.4,2,parvmalav
9722,16660494,"Hòa Phùng Ngọc GIa","2026-09-22 08:11:18",121.5,2,haphngngcgia
9723,16659062,"MOHAMMAD SUBHAN PASHA","2026-08-17 07:14:09",121.4,1,mohammadsubhanpasha
9724,16716402,"Shashvat Singham","2026-08-13 10:56:39",121.0,1,shashvatsingham
9725,16881665,"Negar Hassantabar","2026-09-24 03:52:38",120.7,2,negarhassantabar
9726,16718139,"shah jatin","2026-09-20 16:47:50",119.9,2,shahjatin
9727,16891699,Sriram102,"2026-09-19 05:31:23",119.5,2,sriram102
9728,16669346,"Jalpesh Vasa","2026-09-24 14:42:58",118.5,2,"deep1812,jalpeshvasa"
9729,16666018,"H vv sathwik","2026-09-24 09:27:00",117.8,2,hvvsathwik
9730,16623094,"Claudia Arias Gonzalez","2026-09-22 21:01:38",117.8,2,claudiaariasgonzalez
9731,16626218,"Srishti Gauraha","2026-08-08 05:40:23",117.5,1,srishtigauraha
9732,16662455,"Nenavath Shashi","2026-08-04 18:04:52",117.4,2,nenavathshashi
9733,16794281,"adilio freitas","2026-08-30 22:25:36",117.0,1,adiliofreitas
9734,16659308,Attaerabi,"2026-08-05 07:52:52",116.5,2,attaerabi
9735,16800124,"Atharv Hirve","2026-09-20 08:44:54",115.2,2,atharvhirve14
9736,16683220,Kongali,"2026-08-10 01:24:37",115.2,2,kongali
9737,16662714,"Amilcar Rodriguez","2026-09-01 04:22:39",115.0,2,amilcarskt
9738,16674328,daniel,"2026-08-06 09:34:23",114.4,1,dkamgamegasoft
9739,16755329,SBedrosian123@,"2026-08-21 15:07:41",113.9,1,sbedrosian123
9740,16658695,"Muskan Zahid","2026-08-04 14:14:02",113.7,2,artificial52
9741,16690499,SuperAI@2615,"2026-08-11 16:42:48",112.5,2,superai2615
9742,16713435,"Visruti Patidar","2026-08-16 11:18:23",112.2,2,visrutipatidar
9743,16621565,"salih chindo","2026-08-12 19:45:58",112.0,1,salihchindo
9744,16841368,lware5829,"2026-09-05 20:57:52",111.9,1,lware5829
9745,16657303,"Tejas Tiwari","2026-08-04 07:32:17",111.8,1,tejaat
9746,16662123,hannhu40022,"2026-08-04 18:45:07",111.7,2,hannhu40022
9747,16712406,"L Sangeetha","2026-08-18 01:56:24",111.0,2,lsangeetha
9748,16656685,"Shravani Hibare","2026-08-05 10:15:36",110.1,2,shrahib4725
9749,16765566,DIYANSH_JAIN7,"2026-09-03 10:56:38",109.9,1,diyanshjain7
9750,16904721,"Creeper Thánh","2026-09-16 06:35:52",109.8,1,creeperthnh
9751,16723091,"Naiely Silva","2026-08-28 00:53:34",109.6,1,naielysilva
9752,16636855,"Wynn Koo","2026-08-01 14:03:04",109.2,1,yongfenggg
9753,16731142,yshinok,"2026-09-16 23:32:47",109.1,2,yukishinohara0114
9754,16659871,"Abel Kpoton","2026-08-04 20:41:20",109.0,2,abelkpoton
9755,16658297,"Charishma Pillapalem","2026-08-11 12:46:56",108.6,2,charishmapillapalem
9756,16924962,XavierB5,"2026-09-19 10:26:33",108.0,1,xavierb5
9757,16656815,"Atharva S. Naladkar","2026-08-06 06:46:40",108.0,2,atharvasnaladkar
9758,16848578,"Tuấn Anh","2026-09-09 04:28:16",107.6,2,tuananhdata
9759,16670547,"Maduako Prince","2026-08-05 22:53:03",107.5,2,maduakoprince
9760,16746655,"Charan Reddy321","2026-08-25 06:27:38",106.8,1,charanreddy321
9761,16948861,"PRATHAMESH ARUN JADHAV","2026-09-24 03:10:19",106.4,1,prathamesharunjadhav
9762,16735064,"Harshada Thorat 129","2026-08-18 03:58:34",106.1,1,harshadathorat129
9763,16662295,"benja cooper","2026-08-04 17:41:28",106.0,2,benjacooper
9764,16633511,"joshan gladston","2026-08-01 01:19:57",105.0,2,joshangladston
9765,16676977,"Akash Babu","2026-09-04 06:45:03",104.5,2,akashbabu17
9766,16661160,"Roobhasridevi P","2026-08-04 14:31:22",103.9,1,roobhasridevi
9767,16659840,"Dasari Giri Gabrelu","2026-08-05 13:41:11",103.8,2,giridasari
9768,16654559,"Kerem Ali AVCIOĞLU","2026-08-03 19:28:49",103.3,2,keremaliavciolu
9769,16662809,"Chukwu Excellent","2026-08-08 22:06:34",102.6,2,chukwuexcellent
9770,16719809,"Milanto FR","2026-08-14 05:37:48",102.4,2,milantofr
9771,16748612,"Priyadharshini B","2026-08-24 12:06:18",102.0,1,priyadh29
9772,16623953,"Denuwan Wijesinghe","2026-08-01 07:57:04",101.8,2,denuwanwijesinghe
9773,16731873,"Abhishek Singh Solanki","2026-08-19 07:24:47",101.5,1,realabhi5hek
9774,16717094,"[Deleted] 3efc3b54-b875-4c05-8e11-1214498e2853","2026-08-13 12:30:26",100.3,1,del=386289f87b91311f
9775,16847667,"Tushar Barman","2026-09-12 20:30:34",99.4,2,tusharbarman
9776,16659041,"uma mahesh23","2026-08-04 11:50:03",99.2,2,umamahesh23
9777,16886704,"mohammed alshokry","2026-09-15 14:06:43",98.9,2,mohammedalshokry
9778,16680165,"Radwa ALkalifa","2026-08-23 08:39:37",98.6,2,radwahamada
9779,16654509,"Shruti Kondabathula","2026-08-07 18:17:56",98.6,2,shrutikondabathula
9780,16623660,"Taylor S. Amarel","2026-07-31 23:36:48",98.6,1,taylorsamarel
9781,16657561,Roshdibenrojo83,"2026-08-04 07:19:05",98.5,2,roshdibenrojo83
9782,16857111,tfcygv,"2026-09-09 00:09:00",98.4,2,tfcygv
9783,16726311,"Prince Diwakar","2026-08-16 12:55:18",98.0,2,princediwaker
9784,16626159,"Cảnh Đinh Tiến","2026-08-02 09:17:36",97.7,2,tourist110406
9785,16743822,Surya,"2026-08-19 16:21:21",96.9,1,suryapandian
9786,16668691,BeltusTebid,"2026-08-05 16:01:45",96.8,1,beltustebid
9787,16691542,Tushar_SVC,"2026-08-11 04:12:09",96.5,2,tusharsvc
9788,16662243,"Cepeda Braxton","2026-08-04 19:31:54",94.9,2,cepedabraxton
9789,16662547,"hiteshsinh solanki","2026-08-05 07:59:16",94.9,2,hiteshsinhsolanki2
9790,16656777,"Salam Alqerem","2026-08-31 10:59:33",94.7,2,salamalqerem
9791,16659582,"Srikanth Adivanna","2026-08-04 11:25:45",92.9,1,srikanthadivanna
9792,16679847,"Julio Contreras","2026-08-21 20:29:09",92.9,2,juliocontreras
9793,16677441,"ERREGUI YOUSSEF","2026-08-06 18:02:39",92.7,2,erreguiyoussef
9794,16658299,"Bakar Prabowo!","2026-09-05 08:14:32",91.2,2,"galihrattn,kingki19,ranggacarkawan"
9795,16660340,"pawan sondhiya","2026-08-07 06:22:38",90.6,2,pawansondhiya
9796,16661098,"Muhammad aufa azmi","2026-08-04 15:18:35",90.3,2,muhammadaufaazmi
9797,16762458,"Promise Matorofa","2026-08-24 10:00:04",89.5,2,promisematorofa
9798,16707468,"SBJ 2205","2026-08-12 09:59:33",89.4,1,sbj2205
9799,16939742,"Shivang Modi","2026-09-24 03:20:58",88.5,2,shivang22
9800,16743241,"Adhvaith KS","2026-09-02 14:30:35",87.5,1,adhvaithks
9801,16659451,anero98,"2026-08-22 20:47:29",87.4,2,anero98
9802,16728931,Sathwik2006,"2026-08-16 14:25:36",85.5,2,sathwik2006
9803,16803074,"fumihito mori","2026-09-01 14:00:16",85.0,1,fumihitomori
9804,16867334,"Connor Tran","2026-09-21 22:05:52",84.7,1,thlphero
9805,16661419,"Shivansh Soni","2026-08-04 15:08:01",84.7,2,shivanshsonii
9806,16655748,revathip,"2026-08-06 06:00:14",84.5,2,revathiprakash
9807,16925909,"Hopefrey Mosingi","2026-09-19 15:30:15",83.8,2,hopefreymosingi
9808,16656240,"SACHIN KUMAR","2026-08-10 03:13:24",83.4,2,sackm123
9809,16641109,zzgtylors,"2026-08-06 06:21:50",83.0,2,zzgtylors
9810,16723068,Kaggricultors,"2026-08-27 16:33:10",82.9,2,"claralimasilva,roberthdouglasufc"
9811,16730745,"Aymerou Yaya Koné","2026-09-24 04:07:48",82.7,2,aymerouyayakon
9812,16798631,dzlabs,"2026-09-01 09:57:10",82.3,2,dzlabs
9813,16663897,jayaBhavagan,"2026-08-05 19:34:36",81.8,1,jayabhavagan
9814,16943467,"Goose Gang","2026-09-23 13:26:47",81.5,1,"itzpk16,mohamedfarih,radeshl"
9815,16808545,"Qinyong Wang","2026-09-02 11:53:03",80.7,2,magicwqy
9816,16735323,"Souvik Routh","2026-08-18 04:30:21",80.4,1,souvikrouth
9817,16658666,"VMax Agents","2026-08-04 10:57:49",80.0,1,"akhiildheep,mithun5353"
9818,16621519,Ᏸ𐍂Ꭷ,"2026-07-30 17:30:30",78.7,2,dheerajkannaujiya
9819,16670552,"Harsh Chaudhary ml","2026-08-05 22:16:25",78.6,1,harshchaudharyml
9820,16670368,"Gary Gitton","2026-08-19 17:03:04",78.5,2,garygitton
9821,16858278,"Sukma Ramadhan A","2026-09-12 13:22:49",78.1,2,sukmaramadhana
9822,16656485,stunningvn,"2026-09-08 07:40:44",77.6,2,dedquoc
9823,16785477,"ASHMIL P URK25CS7129","2026-08-28 18:26:11",77.5,1,ashmilpurk25cs7129
9824,16912163,"Umar Tabbsum","2026-09-17 14:36:46",77.5,2,umartabbsum
9825,16678283,"Ajinkya Digurkar","2026-08-21 10:56:03",76.2,2,"ajinkyadigurkar,sakshiagrawal8818"
9826,16867026,"Aashish Bagmar","2026-09-11 05:14:45",75.5,2,aashishbagmar
9827,16659675,"M.Athallah Rafif Aldera","2026-08-06 12:40:14",75.4,2,mathallahrafifaldera
9828,16700316,"Pranav Waghmare","2026-08-11 16:29:05",74.7,1,waghmarepranav6
9829,16667773,ShashankJha,"2026-08-11 15:41:47",74.4,2,shankinfy
9830,16666072,Abinash,"2026-08-05 15:07:52",73.7,2,abinashsinha1726
9831,16654711,"Rupam Bhattacharjee1","2026-08-14 16:43:07",73.4,1,rupambhattacharjee1
9832,16657055,RedKiwi,"2026-08-05 05:57:34",71.5,2,tnmthai
9833,16663161,"Pial Mahmud","2026-08-17 10:38:21",71.1,2,pialgroup
9834,16848280,"Oladipupo Olapoju","2026-09-08 00:24:32",70.2,2,pupoolapoju
9835,16693819,"Hossein Shad Manaman","2026-08-12 03:14:58",70.2,2,hosseinshadmanaman
9836,16660886,"Dr.Eldirdiri Fadol ","2026-08-05 05:30:48",68.5,2,dreldirdirifadol
9837,16665079,"Maguluri Keerthi","2026-08-05 06:16:03",67.6,2,magulurikeerthi
9838,16666273,"Wondu Zerihun","2026-09-08 07:55:57",67.5,2,zerihun369
9839,16794173,"Kamran Arshad","2026-08-31 07:19:49",67.4,2,kamranarshad
9840,16665345,saurabh10june,"2026-08-05 11:53:47",67.3,2,saurabh10june
9841,16668599,"Hafsa Anwaar","2026-08-05 17:43:21",65.3,2,hafsaanwaar
9842,16633018,purelilyth,"2026-08-20 19:43:09",65.1,2,purelilyth
9843,16666836,"Emir Ayvaz","2026-08-07 05:57:00",65.1,2,emirayvaz
9844,16736939,"Flandre 29","2026-08-26 08:23:01",63.0,2,flandre29
9845,16698953,Locked_in_hell,"2026-08-13 18:31:55",62.6,2,stealthknight
9846,16735237,"YASH CHIMAN","2026-08-18 04:20:24",59.4,1,yashchiman
9847,16680428,"Surabhi veda","2026-08-07 01:49:35",57.9,1,surabhiveda
9848,16667339,"Victor Chege","2026-09-01 13:56:51",57.9,2,victorchege0
9849,16943065,"LOKHANDE HARSH","2026-09-23 16:45:21",57.2,1,lokhandeharsh
9850,16710773,Openaiskrip,"2026-08-12 07:54:38",56.7,2,openaiskrip
9851,16661711,"Wild Star217","2026-08-30 18:00:18",56.3,2,wildstar217
9852,16846758,"Harish More","2026-09-07 07:44:25",55.5,2,harishmore812
9853,16663277,"Mariana Mejía","2026-08-24 23:58:54",54.7,2,marianameja
9854,16658100,"Nanda Riansyah","2026-08-04 08:55:54",54.5,2,nandariansyah
9855,16823197,Cowabunga,"2026-09-20 21:55:58",53.1,2,ameripreye
9856,16667489,"Cornol Lieto","2026-08-05 12:31:14",52.8,1,lietocornol
9857,16698958,"Shanjaya SK","2026-08-28 15:25:11",52.5,1,"payuu03,shanjayask"
9858,16719441,Gatranova,"2026-08-14 04:11:54",51.7,2,rafiabiyyuairlangga
9859,16867360,kagg24293,"2026-09-11 08:19:36",51.5,2,kagg24293
9860,16663406,"Elshan Kazim","2026-08-16 08:38:43",51.2,1,elsnkazm
9861,16938443,"zhichen huang","2026-09-21 21:54:55",50.6,1,zhichenhuang
9862,16730708,ysakuragi,"2026-08-19 01:30:12",49.9,1,ysakuragi
9863,16794292,"Taylor Clark","2026-09-22 22:49:20",49.1,2,taylorclark637
9864,16784650,LukasM1,"2026-08-28 14:15:24",49.1,1,lukasm1
9865,16761007,"Pankaj Nakhat","2026-08-23 11:48:21",47.2,2,pankajnakhat
9866,16723050,"Ítalo Albuquerque","2026-09-11 18:32:23",46.0,2,taloalbuquerque
9867,16785053,"Rinosh Bethala","2026-08-28 17:52:26",45.9,1,rinoshbethala
9868,16839644,Mikhail,"2026-09-06 06:52:57",45.8,1,mih2501py
9869,16679410,"Leke Glean","2026-08-07 17:29:04",43.4,2,lekeglean
9870,16640594,Win2207,"2026-08-07 12:05:07",43.2,2,win2207
9871,16687628,ruchit,"2026-08-28 11:22:16",42.7,1,ruchitkhade
9872,16780027,rotto,"2026-09-01 13:18:33",41.2,2,pirotototo4023
9873,16644474,"Vihaan Ahluwalia","2026-08-05 13:16:21",36.9,2,vihaanahluwalia
9874,16835282,nico23t,"2026-09-07 14:18:22",34.5,2,nico23t
9875,16716079,shaurya_pandey@19,"2026-08-13 09:27:49",34.4,2,shauryapandey19
9876,16938479,"Илья Попов ","2026-09-22 22:54:01",34.2,1,wingedwolf7
9877,16654087,Gabriela_Fernandes4,"2026-08-04 19:12:33",33.8,1,gabrielafernandes4
9878,16675209,lavica,"2026-08-11 13:23:03",32.9,2,lavica
9879,16868098,"Arya Patil","2026-09-11 08:00:49",32.7,1,shutterstack
9880,16894437,hondana29,"2026-09-24 07:08:10",31.3,1,tanadaaa
9881,16673372,"Hadyan Adira","2026-08-14 03:16:30",31.1,2,hadyanadira
9882,16684847,"M.Harshavardhan Raju","2026-08-09 16:15:49",30.0,2,mharshavardhanraju
9883,16665139,"Siddharaj Kulkarni","2026-08-16 05:23:21",28.0,2,siddharajkulkarni
9884,16675819,RohitS001,"2026-08-11 18:05:54",25.3,2,rohits001
9885,16892319,"Shair Khan","2026-09-21 08:30:36",24.0,2,datascikhan
9886,16705637,"Vedant Ghodekar","2026-08-11 05:28:57",23.7,1,vedantghodekar
9887,16662721,"Manish Sharma","2026-08-12 17:44:16",22.0,2,themihirsharma
9888,16716562,"Ananya Maurya","2026-08-13 10:01:25",20.1,2,ananyamaurya
9889,16656753,"TAMAL SINGHA ROY","2026-08-05 07:57:48",19.4,2,tamalsingharoy
9890,16633932,omikbop,"2026-08-02 12:36:52",18.8,2,omikbop
9891,16731524,"Tsyrenov Mergen","2026-08-17 09:42:39",17.0,1,tsyrenovmergen
9892,16654026,"joju shaji","2026-08-09 16:36:43",16.6,2,jojushaji
9893,16633250,Myst19,"2026-08-03 13:25:15",16.5,2,jakeschweikhart
9894,16660161,"Antimo Carlino","2026-09-08 19:09:46",16.5,2,antimocarlino
9895,16770096,Program,"2026-09-14 11:35:12",15.5,2,panagiotapanora
9896,16714192,"Nishanth Palugula","2026-08-14 06:51:09",14.8,2,nishanthpalugula
9897,16761521,"Artificial Silicon","2026-08-29 10:17:46",14.8,1,artificialsilicon
9898,16644519,"Shambhu Shekhar Sinha","2026-08-12 18:55:43",12.9,2,shambhushekharsinha
9899,16632413,"Varun Patil","2026-07-31 18:41:34",12.8,1,varunpatil262005
9900,16669011,"Siddiqui Rehan Ahmed Furqan","2026-08-07 05:24:38",10.4,2,siddiquirehanahmed
9901,16676428,wayzhengong27,"2026-08-08 06:34:59",9.3,2,"kkkuek,wayzhengong27"
9902,16624064,"Hemant Ahlawat","2026-07-31 15:52:56",9.3,2,happyahlawat
9903,16811344,"Vineeth Nannuri","2026-09-10 05:19:07",6.6,2,vineethnannuri
9904,16778494,"Agda Niya","2026-08-28 06:43:07",4.9,2,agdaniya
9905,16747839,"Ich Schmid","2026-09-19 13:56:52",3.3,2,ichschmid
9906,16720136,"Roaring Cotton","2026-09-15 20:07:58",2.4,2,daviddavidelijah
9907,16696104,"Harshit Meesari","2026-08-09 14:31:00",1.4,1,harshitmeesari
9908,16721495,"404 Crop Not Found","2026-09-01 08:45:29",1.1,2,"aiprojector,boazx15"
9909,16771156,"Ronald Ayamba","2026-08-25 19:16:26",0.3,1,ronaldayamba
9910,16673732,"Async Null","2026-08-06 16:55:26",-1.7,1,asyncnull
9911,16852322,"Harshit Varma45","2026-09-08 03:54:30",-3.3,1,harshitvarma45
9912,16721567,"Neeraj Sharma","2026-09-04 07:21:50",-4.4,1,neerajsharma897
9913,16916794,SHUJAT,"2026-09-21 14:59:47",-4.6,1,syedshujathussain
9914,16895738,suqingying,"2026-09-21 10:43:10",-5.9,1,suqingying
9915,16687620,Goktug1,"2026-09-18 18:47:26",-6.4,2,goktug1
9916,16708290,"Hrishikesh Thakare","2026-08-12 14:45:08",-7.6,1,hrishikeshthakare
9917,16885604,dualcore,"2026-09-22 09:54:46",-9.6,2,"shashankkalled,tridiv14"
9918,16809774,farmci,"2026-09-02 16:59:50",-9.7,1,ermismel
9919,16755807,PokeTrader,"2026-09-16 16:52:46",-10.0,2,poketrader
9920,16658745,"Shabby farms 2.0","2026-08-16 03:10:28",-10.6,2,rahulk5418
9921,16732320,"Malik Muhammad Arbaz","2026-08-18 13:05:51",-12.0,1,malikmuhammadarbaz
9922,16689555,"kelvin waruingi","2026-08-09 22:45:23",-13.6,2,kelvinwaruingi
9923,16661152,"Dr.Abdulbaset Musleh","2026-09-19 17:40:52",-14.9,2,drabdulbasetaledresi
9924,16664822,"Prateek Singh","2026-08-05 05:30:22",-18.6,2,pra73ek
9925,16790678,Pujolaras,"2026-09-03 14:45:14",-19.1,1,pujolaras
9926,16780318,"Piyush Darinda","2026-08-27 17:28:07",-19.6,2,piyushdarinda
9927,16659501,Duckey,"2026-08-04 13:02:16",-21.0,2,bokangletsapo
9928,16657568,"Manpreet Singh","2026-08-08 13:45:41",-22.7,2,manpreet1994
9929,16731488,"James Kimani","2026-08-27 13:18:20",-24.6,1,jaykim122
9930,16792531,"subash jayakumar","2026-08-30 20:14:56",-27.4,2,subashjayakumar
9931,16654404,"Madhan Sidmal","2026-08-11 21:28:45",-27.7,2,madhansidmal
9932,16914127,"Aditya Jha","2026-09-20 04:35:47",-33.2,2,theadijha
9933,16624666,"Avik Das","2026-08-21 08:57:10",-34.6,2,avikdas567
9934,16679250,srskat,"2026-08-16 08:26:30",-36.1,2,srskat
9935,16662922,BrandonDucar,"2026-09-12 23:12:40",-40.0,2,brandonducar
9936,16676890,luciferingstar256,"2026-08-20 15:40:55",-43.9,1,luciferingstar256
9937,16644439," علي ساجد","2026-08-02 21:40:07",-44.3,2,jdvdjdv97171ushd
9938,16689681,"Prakash Rajan","2026-08-09 16:37:56",-46.7,2,prakashai
9939,16802203,"Sadaf Mughees","2026-09-21 09:16:16",-48.8,2,sadafmughees
9940,16721501,αίνιγμα,"2026-09-17 15:57:56",-50.0,2,"muditnagori09,shahidnadaf001"
9941,16941446,"Rehan Liaqat","2026-09-22 12:30:49",-52.5,1,rehanliaqat17
9942,16659057,"Jolvin James","2026-08-07 08:04:22",-53.0,2,jolvinjames
9943,16755427,"Daksh Jain","2026-08-21 15:18:57",-53.1,1,dakshu081
9944,16735078,"SUDHANSHU PATIL","2026-08-18 04:37:33",-63.4,2,sudhanshupatil10
9945,16663728,"Al'Humairah Ali","2026-08-10 17:28:01",-67.4,1,alhumairahali
9946,16622991,"Fedor Grigorev","2026-08-27 15:30:57",-70.0,1,fedorgrigorev
9947,16805234,Ryuzaki2325,"2026-09-01 19:44:54",-77.7,1,ryuzaki2325
9948,16629006,ymym_tymblack,"2026-08-22 09:44:39",-79.0,2,ymymtymblack
9949,16707646,ppssbb09,"2026-09-17 13:40:43",-82.1,1,ppssbb09
9950,16731829,"Alexandra Tricia","2026-08-19 07:03:33",-85.4,2,alexandratricia
9951,16758417,AthulJenson,"2026-08-22 14:21:26",-86.0,1,athuljenson
9952,16637499,Yuchen20,"2026-09-19 14:06:24",-93.8,2,yuchen2066
9953,16709661,sapphirey,"2026-09-07 11:21:05",-97.2,2,sapphirey
9954,16713011,"Tasmayu Swain","2026-08-14 15:49:35",-98.0,1,tasmayuswain
9955,16683041,Abhishektyagi649,"2026-08-07 08:37:09",-98.3,2,abhishektyagi649
9956,16675801,"Neeraj Jha","2026-08-06 13:43:18",-100.7,1,neerajjha1996
9957,16685888,LeulYT,"2026-08-10 05:35:44",-110.8,2,leulyt
9958,16808566,"contemporary dance","2026-09-02 22:44:14",-112.8,2,shigeria
9959,16885774,"Adama Savadogo","2026-09-14 17:34:16",-114.3,2,adamasavadogo
9960,16671617,"Bennett Lien","2026-09-19 04:18:05",-119.0,1,"bennettlien,liamspaulding"
9961,16657035,"Christvin Mathew","2026-08-04 08:55:56",-128.5,2,christvinmathew
9962,16719181,SaltyCode,"2026-08-16 04:56:22",-147.8,1,saltycode
9963,16695221,"Muhammad Daud Abbas","2026-08-12 20:04:32",-176.9,2,muhammaddaudabbas
9964,16889642,"calvin Grimm","2026-09-14 06:15:04",-182.8,1,calvingrimm
9965,16692837,"Sai Uttam Gite","2026-08-09 11:36:32",-187.0,1,saiuttamgite
9966,16668701,"Nihal Jamadar","2026-08-09 04:28:26",-187.3,2,nihaljamadar313
9967,16724138,"Tuna Xiao","2026-09-07 15:05:12",-192.3,1,tunaxiao
9968,16885473,Razazazazaza,"2026-09-15 13:23:00",-192.3,2,razazazazaza
9969,16659881,SantosR,"2026-09-08 14:27:04",-194.9,2,santosr
9970,16660261,"YO_ONE CHAUHAN","2026-08-08 23:49:54",-196.8,2,yoonechauhan
9971,16665495,"sai chand Boppudi","2026-08-07 04:19:58",-197.0,2,saichandboppudi
9972,16659864,"Twin Titans","2026-08-08 07:50:33",-198.4,2,"sivahokage,solaisararaju"
9973,16794008,HyperPlanz,"2026-08-31 13:08:38",-200.6,2,domiandr000
9974,16717416,"Timofey Kalyak","2026-08-20 07:04:06",-205.0,1,timofeytweaky
9975,16728276,"ROHAAN ASIF","2026-08-16 11:20:59",-208.9,2,ordinarydev007
