episode_id,player,player_submission,seat,event_type,step,day,pre_cash,pre_land,peak_crew_that_day,detail
112194936,M & M & P & Q,56464621,1,BUY_LAND,106,4,42.0,25,7,
112194936,M & M & P & Q,56464621,1,BUY_ANIMAL_FIRST,1,0,3000.0,25,5,COW
112194936,M & M & P & Q,56464621,1,BUY_ANIMAL_FIRST,1,0,3000.0,25,5,SHEEP
112194936,M & M & P & Q,56464621,1,BUY_ANIMAL_FIRST,25,1,4.0,25,4,GOOSE
112194936,M & M & P & Q,56464621,1,CASH_TROUGH_MIN_D3_7,144,6,13.0,,9,min_money=13.0
112194936,M & M & P & Q,56464621,1,DOMINANT_CROP_SHIFT_D3_TO_D9,,,,,,MELON->STRAWBERRY
112200593,M & M & P & Q,56464621,0,BUY_LAND,106,4,44.0,25,7,
112200593,M & M & P & Q,56464621,0,BUY_ANIMAL_FIRST,1,0,3000.0,25,6,COW
112200593,M & M & P & Q,56464621,0,BUY_ANIMAL_FIRST,1,0,3000.0,25,6,SHEEP
112200593,M & M & P & Q,56464621,0,BUY_ANIMAL_FIRST,25,1,7.0,25,5,GOOSE
112200593,M & M & P & Q,56464621,0,CASH_TROUGH_MIN_D3_7,144,6,10.0,,9,min_money=10.0
112200593,M & M & P & Q,56464621,0,DOMINANT_CROP_SHIFT_D3_TO_D9,,,,,,MELON->STRAWBERRY
112206406,M & M & P & Q,56464621,0,BUY_LAND,110,4,35.0,25,7,
112206406,M & M & P & Q,56464621,0,BUY_ANIMAL_FIRST,1,0,3000.0,25,6,COW
112206406,M & M & P & Q,56464621,0,BUY_ANIMAL_FIRST,1,0,3000.0,25,6,SHEEP
112206406,M & M & P & Q,56464621,0,BUY_ANIMAL_FIRST,25,1,8.0,25,5,GOOSE
112206406,M & M & P & Q,56464621,0,CASH_TROUGH_MIN_D3_7,144,6,30.0,,8,min_money=30.0
112206406,M & M & P & Q,56464621,0,DOMINANT_CROP_SHIFT_D3_TO_D9,,,,,,MELON->STRAWBERRY
112208626,M & M & P & Q,56464621,1,BUY_LAND,150,6,157.0,25,9,
112208626,M & M & P & Q,56464621,1,BUY_ANIMAL_FIRST,1,0,3000.0,25,5,COW
112208626,M & M & P & Q,56464621,1,BUY_ANIMAL_FIRST,1,0,3000.0,25,5,SHEEP
112208626,M & M & P & Q,56464621,1,BUY_ANIMAL_FIRST,25,1,1.0,25,4,GOOSE
112208626,M & M & P & Q,56464621,1,CASH_TROUGH_MIN_D3_7,96,4,36.0,,7,min_money=36.0
112208626,M & M & P & Q,56464621,1,DOMINANT_CROP_SHIFT_D3_TO_D9,,,,,,MELON->STRAWBERRY
112212987,M & M & P & Q,56464621,1,BUY_LAND,150,6,206.0,25,9,
112212987,M & M & P & Q,56464621,1,BUY_ANIMAL_FIRST,1,0,3000.0,25,5,COW
112212987,M & M & P & Q,56464621,1,BUY_ANIMAL_FIRST,1,0,3000.0,25,5,SHEEP
112212987,M & M & P & Q,56464621,1,BUY_ANIMAL_FIRST,25,1,2.0,25,4,GOOSE
112212987,M & M & P & Q,56464621,1,CASH_TROUGH_MIN_D3_7,120,5,17.0,,7,min_money=17.0
112212987,M & M & P & Q,56464621,1,DOMINANT_CROP_SHIFT_D3_TO_D9,,,,,,MELON->STRAWBERRY
112219779,M & M & P & Q,56464621,1,BUY_LAND,130,5,22.0,25,7,
112219779,M & M & P & Q,56464621,1,BUY_ANIMAL_FIRST,1,0,3000.0,25,6,COW
112219779,M & M & P & Q,56464621,1,BUY_ANIMAL_FIRST,1,0,3000.0,25,6,SHEEP
112219779,M & M & P & Q,56464621,1,BUY_ANIMAL_FIRST,25,1,3.0,25,4,GOOSE
112219779,M & M & P & Q,56464621,1,CASH_TROUGH_MIN_D3_7,72,3,22.0,,6,min_money=22.0
112219779,M & M & P & Q,56464621,1,DOMINANT_CROP_SHIFT_D3_TO_D9,,,,,,MELON->WHEAT
112226836,M & M & P & Q,56464621,1,BUY_LAND,150,6,166.0,25,9,
112226836,M & M & P & Q,56464621,1,BUY_ANIMAL_FIRST,1,0,3000.0,25,6,COW
112226836,M & M & P & Q,56464621,1,BUY_ANIMAL_FIRST,1,0,3000.0,25,6,SHEEP
112226836,M & M & P & Q,56464621,1,BUY_ANIMAL_FIRST,25,1,7.0,25,5,GOOSE
112226836,M & M & P & Q,56464621,1,CASH_TROUGH_MIN_D3_7,168,7,8.0,,9,min_money=8.0
112226836,M & M & P & Q,56464621,1,DOMINANT_CROP_SHIFT_D3_TO_D9,,,,,,MELON->STRAWBERRY
112233656,M & M & P & Q,56464621,0,BUY_LAND,130,5,41.0,25,7,
112233656,M & M & P & Q,56464621,0,BUY_ANIMAL_FIRST,1,0,3000.0,25,5,COW
112233656,M & M & P & Q,56464621,0,BUY_ANIMAL_FIRST,1,0,3000.0,25,5,SHEEP
112233656,M & M & P & Q,56464621,0,BUY_ANIMAL_FIRST,25,1,2.0,25,4,GOOSE
112233656,M & M & P & Q,56464621,0,CASH_TROUGH_MIN_D3_7,96,4,6.0,,7,min_money=6.0
112233656,M & M & P & Q,56464621,0,DOMINANT_CROP_SHIFT_D3_TO_D9,,,,,,MELON->WHEAT
112239183,M & M & P & Q,56464621,1,BUY_LAND,106,4,34.0,25,7,
112239183,M & M & P & Q,56464621,1,BUY_ANIMAL_FIRST,1,0,3000.0,25,6,COW
112239183,M & M & P & Q,56464621,1,BUY_ANIMAL_FIRST,1,0,3000.0,25,6,SHEEP
112239183,M & M & P & Q,56464621,1,BUY_ANIMAL_FIRST,25,1,7.0,25,5,GOOSE
112239183,M & M & P & Q,56464621,1,CASH_TROUGH_MIN_D3_7,168,7,32.0,,9,min_money=32.0
112239183,M & M & P & Q,56464621,1,DOMINANT_CROP_SHIFT_D3_TO_D9,,,,,,MELON->WHEAT
112245959,M & M & P & Q,56464621,0,BUY_LAND,106,4,44.0,25,7,
112245959,M & M & P & Q,56464621,0,BUY_ANIMAL_FIRST,1,0,3000.0,25,6,COW
112245959,M & M & P & Q,56464621,0,BUY_ANIMAL_FIRST,1,0,3000.0,25,6,SHEEP
112245959,M & M & P & Q,56464621,0,BUY_ANIMAL_FIRST,25,1,7.0,25,5,GOOSE
112245959,M & M & P & Q,56464621,0,CASH_TROUGH_MIN_D3_7,72,3,44.0,,6,min_money=44.0
112245959,M & M & P & Q,56464621,0,DOMINANT_CROP_SHIFT_D3_TO_D9,,,,,,MELON->STRAWBERRY
112245964,M & M & P & Q,56464621,1,BUY_LAND,110,4,41.0,25,7,
112245964,M & M & P & Q,56464621,1,BUY_ANIMAL_FIRST,1,0,3000.0,25,5,COW
112245964,M & M & P & Q,56464621,1,BUY_ANIMAL_FIRST,1,0,3000.0,25,5,SHEEP
112245964,M & M & P & Q,56464621,1,BUY_ANIMAL_FIRST,25,1,2.0,25,4,GOOSE
112245964,M & M & P & Q,56464621,1,CASH_TROUGH_MIN_D3_7,96,4,16.0,,7,min_money=16.0
112245964,M & M & P & Q,56464621,1,DOMINANT_CROP_SHIFT_D3_TO_D9,,,,,,MELON->STRAWBERRY
112246092,M & M & P & Q,56464621,0,BUY_LAND,130,5,41.0,25,7,
112246092,M & M & P & Q,56464621,0,BUY_ANIMAL_FIRST,1,0,3000.0,25,5,COW
112246092,M & M & P & Q,56464621,0,BUY_ANIMAL_FIRST,1,0,3000.0,25,5,SHEEP
112246092,M & M & P & Q,56464621,0,BUY_ANIMAL_FIRST,25,1,2.0,25,4,GOOSE
112246092,M & M & P & Q,56464621,0,CASH_TROUGH_MIN_D3_7,96,4,6.0,,7,min_money=6.0
112246092,M & M & P & Q,56464621,0,DOMINANT_CROP_SHIFT_D3_TO_D9,,,,,,MELON->WHEAT
112247355,M & M & P & Q,56464621,0,BUY_LAND,130,5,43.0,25,7,
112247355,M & M & P & Q,56464621,0,BUY_ANIMAL_FIRST,1,0,3000.0,25,5,COW
112247355,M & M & P & Q,56464621,0,BUY_ANIMAL_FIRST,1,0,3000.0,25,5,SHEEP
112247355,M & M & P & Q,56464621,0,BUY_ANIMAL_FIRST,25,1,0.0,25,5,GOOSE
112247355,M & M & P & Q,56464621,0,CASH_TROUGH_MIN_D3_7,96,4,39.0,,7,min_money=39.0
112247355,M & M & P & Q,56464621,0,DOMINANT_CROP_SHIFT_D3_TO_D9,,,,,,MELON->STRAWBERRY
112252285,M & M & P & Q,56464621,0,BUY_LAND,130,5,84.0,25,7,
112252285,M & M & P & Q,56464621,0,BUY_ANIMAL_FIRST,1,0,3000.0,25,6,COW
112252285,M & M & P & Q,56464621,0,BUY_ANIMAL_FIRST,1,0,3000.0,25,6,SHEEP
112252285,M & M & P & Q,56464621,0,BUY_ANIMAL_FIRST,25,1,7.0,25,5,GOOSE
112252285,M & M & P & Q,56464621,0,CASH_TROUGH_MIN_D3_7,96,4,43.0,,7,min_money=43.0
112252285,M & M & P & Q,56464621,0,DOMINANT_CROP_SHIFT_D3_TO_D9,,,,,,MELON->STRAWBERRY
112258534,M & M & P & Q,56464621,0,BUY_LAND,130,5,25.0,25,7,
112258534,M & M & P & Q,56464621,0,BUY_ANIMAL_FIRST,1,0,3000.0,25,5,COW
112258534,M & M & P & Q,56464621,0,BUY_ANIMAL_FIRST,1,0,3000.0,25,5,SHEEP
112258534,M & M & P & Q,56464621,0,BUY_ANIMAL_FIRST,25,1,8.0,25,5,GOOSE
112258534,M & M & P & Q,56464621,0,CASH_TROUGH_MIN_D3_7,96,4,13.0,,7,min_money=13.0
112258534,M & M & P & Q,56464621,0,DOMINANT_CROP_SHIFT_D3_TO_D9,,,,,,MELON->WHEAT
112258610,M & M & P & Q,56464621,1,BUY_LAND,130,5,44.0,25,7,
112258610,M & M & P & Q,56464621,1,BUY_ANIMAL_FIRST,1,0,3000.0,25,6,COW
112258610,M & M & P & Q,56464621,1,BUY_ANIMAL_FIRST,1,0,3000.0,25,6,SHEEP
112258610,M & M & P & Q,56464621,1,BUY_ANIMAL_FIRST,25,1,9.0,25,5,GOOSE
112258610,M & M & P & Q,56464621,1,CASH_TROUGH_MIN_D3_7,144,6,20.0,,9,min_money=20.0
112258610,M & M & P & Q,56464621,1,DOMINANT_CROP_SHIFT_D3_TO_D9,,,,,,MELON->STRAWBERRY
112260929,M & M & P & Q,56464621,1,BUY_LAND,106,4,39.0,25,7,
112260929,M & M & P & Q,56464621,1,BUY_ANIMAL_FIRST,1,0,3000.0,25,5,COW
112260929,M & M & P & Q,56464621,1,BUY_ANIMAL_FIRST,1,0,3000.0,25,5,SHEEP
112260929,M & M & P & Q,56464621,1,BUY_ANIMAL_FIRST,25,1,2.0,25,4,GOOSE
112260929,M & M & P & Q,56464621,1,CASH_TROUGH_MIN_D3_7,72,3,39.0,,6,min_money=39.0
112260929,M & M & P & Q,56464621,1,DOMINANT_CROP_SHIFT_D3_TO_D9,,,,,,MELON->STRAWBERRY
112264751,M & M & P & Q,56464621,0,BUY_LAND,150,6,217.0,25,10,
112264751,M & M & P & Q,56464621,0,BUY_ANIMAL_FIRST,1,0,3000.0,25,6,COW
112264751,M & M & P & Q,56464621,0,BUY_ANIMAL_FIRST,1,0,3000.0,25,6,SHEEP
112264751,M & M & P & Q,56464621,0,BUY_ANIMAL_FIRST,25,1,7.0,25,5,GOOSE
112264751,M & M & P & Q,56464621,0,CASH_TROUGH_MIN_D3_7,168,7,18.0,,9,min_money=18.0
112264751,M & M & P & Q,56464621,0,DOMINANT_CROP_SHIFT_D3_TO_D9,,,,,,MELON->STRAWBERRY
112271999,M & M & P & Q,56464621,1,BUY_LAND,115,4,43.0,25,7,
112271999,M & M & P & Q,56464621,1,BUY_ANIMAL_FIRST,1,0,3000.0,25,5,COW
112271999,M & M & P & Q,56464621,1,BUY_ANIMAL_FIRST,1,0,3000.0,25,5,SHEEP
112271999,M & M & P & Q,56464621,1,BUY_ANIMAL_FIRST,25,1,0.0,25,5,GOOSE
112271999,M & M & P & Q,56464621,1,CASH_TROUGH_MIN_D3_7,168,7,15.0,,9,min_money=15.0
112271999,M & M & P & Q,56464621,1,DOMINANT_CROP_SHIFT_D3_TO_D9,,,,,,MELON->STRAWBERRY
112272000,M & M & P & Q,56464621,0,BUY_LAND,150,6,68.0,25,9,
112272000,M & M & P & Q,56464621,0,BUY_ANIMAL_FIRST,1,0,3000.0,25,6,COW
112272000,M & M & P & Q,56464621,0,BUY_ANIMAL_FIRST,1,0,3000.0,25,6,SHEEP
112272000,M & M & P & Q,56464621,0,BUY_ANIMAL_FIRST,25,1,7.0,25,5,GOOSE
112272000,M & M & P & Q,56464621,0,CASH_TROUGH_MIN_D3_7,72,3,34.0,,6,min_money=34.0
112272000,M & M & P & Q,56464621,0,DOMINANT_CROP_SHIFT_D3_TO_D9,,,,,,MELON->STRAWBERRY
112279383,M & M & P & Q,56464621,0,BUY_LAND,132,5,34.0,25,7,
112279383,M & M & P & Q,56464621,0,BUY_ANIMAL_FIRST,1,0,3000.0,25,6,COW
112279383,M & M & P & Q,56464621,0,BUY_ANIMAL_FIRST,1,0,3000.0,25,6,SHEEP
112279383,M & M & P & Q,56464621,0,BUY_ANIMAL_FIRST,25,1,7.0,25,5,GOOSE
112279383,M & M & P & Q,56464621,0,CASH_TROUGH_MIN_D3_7,72,3,34.0,,6,min_money=34.0
112279383,M & M & P & Q,56464621,0,DOMINANT_CROP_SHIFT_D3_TO_D9,,,,,,MELON->WHEAT
112286808,M & M & P & Q,56464621,1,BUY_LAND,130,5,43.0,25,7,
112286808,M & M & P & Q,56464621,1,BUY_ANIMAL_FIRST,1,0,3000.0,25,5,COW
112286808,M & M & P & Q,56464621,1,BUY_ANIMAL_FIRST,1,0,3000.0,25,5,SHEEP
112286808,M & M & P & Q,56464621,1,BUY_ANIMAL_FIRST,25,1,0.0,25,5,GOOSE
112286808,M & M & P & Q,56464621,1,CASH_TROUGH_MIN_D3_7,168,7,16.0,,8,min_money=16.0
112286808,M & M & P & Q,56464621,1,DOMINANT_CROP_SHIFT_D3_TO_D9,,,,,,MELON->STRAWBERRY
112294381,M & M & P & Q,56464621,0,BUY_LAND,150,6,68.0,25,9,
112294381,M & M & P & Q,56464621,0,BUY_ANIMAL_FIRST,1,0,3000.0,25,6,COW
112294381,M & M & P & Q,56464621,0,BUY_ANIMAL_FIRST,1,0,3000.0,25,6,SHEEP
112294381,M & M & P & Q,56464621,0,BUY_ANIMAL_FIRST,25,1,7.0,25,5,GOOSE
112294381,M & M & P & Q,56464621,0,CASH_TROUGH_MIN_D3_7,72,3,34.0,,6,min_money=34.0
112294381,M & M & P & Q,56464621,0,DOMINANT_CROP_SHIFT_D3_TO_D9,,,,,,MELON->WHEAT
112300755,M & M & P & Q,56464621,0,BUY_LAND,109,4,25.0,25,7,
112300755,M & M & P & Q,56464621,0,BUY_ANIMAL_FIRST,1,0,3000.0,25,5,COW
112300755,M & M & P & Q,56464621,0,BUY_ANIMAL_FIRST,1,0,3000.0,25,5,SHEEP
112300755,M & M & P & Q,56464621,0,BUY_ANIMAL_FIRST,25,1,8.0,25,5,GOOSE
112300755,M & M & P & Q,56464621,0,CASH_TROUGH_MIN_D3_7,72,3,25.0,,6,min_money=25.0
112300755,M & M & P & Q,56464621,0,DOMINANT_CROP_SHIFT_D3_TO_D9,,,,,,MELON->STRAWBERRY
112301925,M & M & P & Q,56464621,1,BUY_LAND,150,6,68.0,25,9,
112301925,M & M & P & Q,56464621,1,BUY_ANIMAL_FIRST,1,0,3000.0,25,6,COW
112301925,M & M & P & Q,56464621,1,BUY_ANIMAL_FIRST,1,0,3000.0,25,6,SHEEP
112301925,M & M & P & Q,56464621,1,BUY_ANIMAL_FIRST,25,1,7.0,25,5,GOOSE
112301925,M & M & P & Q,56464621,1,CASH_TROUGH_MIN_D3_7,72,3,34.0,,6,min_money=34.0
112301925,M & M & P & Q,56464621,1,DOMINANT_CROP_SHIFT_D3_TO_D9,,,,,,MELON->STRAWBERRY
112307319,Unknown Mother-Goose,56478145,0,BUY_LAND,150,6,885.0,25,9,
112307319,Unknown Mother-Goose,56478145,0,BUY_ANIMAL_FIRST,1,0,3000.0,25,5,COW
112307319,Unknown Mother-Goose,56478145,0,BUY_ANIMAL_FIRST,2,0,3000.0,25,5,SHEEP
112307319,Unknown Mother-Goose,56478145,0,BUY_ANIMAL_FIRST,251,10,2377.0,50,12,GOOSE
112307319,Unknown Mother-Goose,56478145,0,CASH_TROUGH_MIN_D3_7,72,3,8.0,,6,min_money=8.0
112307319,Unknown Mother-Goose,56478145,0,DOMINANT_CROP_SHIFT_D3_TO_D9,,,,,,MELON->STRAWBERRY
112308575,Unknown Mother-Goose,56478145,0,BUY_LAND,150,6,742.0,25,9,
112308575,Unknown Mother-Goose,56478145,0,BUY_ANIMAL_FIRST,1,0,3000.0,25,5,COW
112308575,Unknown Mother-Goose,56478145,0,BUY_ANIMAL_FIRST,2,0,3000.0,25,5,SHEEP
112308575,Unknown Mother-Goose,56478145,0,BUY_ANIMAL_FIRST,225,9,1391.0,50,11,GOOSE
112308575,Unknown Mother-Goose,56478145,0,CASH_TROUGH_MIN_D3_7,72,3,8.0,,6,min_money=8.0
112308575,Unknown Mother-Goose,56478145,0,DOMINANT_CROP_SHIFT_D3_TO_D9,,,,,,MELON->WHEAT
112309037,M & M & P & Q,56464621,1,BUY_LAND,130,5,61.0,25,7,
112309037,M & M & P & Q,56464621,1,BUY_ANIMAL_FIRST,1,0,3000.0,25,6,COW
112309037,M & M & P & Q,56464621,1,BUY_ANIMAL_FIRST,1,0,3000.0,25,6,SHEEP
112309037,M & M & P & Q,56464621,1,BUY_ANIMAL_FIRST,25,1,1.0,25,5,GOOSE
112309037,M & M & P & Q,56464621,1,CASH_TROUGH_MIN_D3_7,96,4,24.0,,7,min_money=24.0
112309037,M & M & P & Q,56464621,1,DOMINANT_CROP_SHIFT_D3_TO_D9,,,,,,MELON->WHEAT
112309751,Unknown Mother-Goose,56478145,0,BUY_LAND,150,6,778.0,25,9,
112309751,Unknown Mother-Goose,56478145,0,BUY_ANIMAL_FIRST,1,0,3000.0,25,5,COW
112309751,Unknown Mother-Goose,56478145,0,BUY_ANIMAL_FIRST,2,0,3000.0,25,5,SHEEP
112309751,Unknown Mother-Goose,56478145,0,BUY_ANIMAL_FIRST,225,9,1000.0,50,11,GOOSE
112309751,Unknown Mother-Goose,56478145,0,CASH_TROUGH_MIN_D3_7,168,7,1.0,,9,min_money=1.0
112310943,Unknown Mother-Goose,56478145,1,BUY_LAND,150,6,853.0,25,9,
112310943,Unknown Mother-Goose,56478145,1,BUY_ANIMAL_FIRST,1,0,3000.0,25,5,COW
112310943,Unknown Mother-Goose,56478145,1,BUY_ANIMAL_FIRST,2,0,3000.0,25,5,SHEEP
112310943,Unknown Mother-Goose,56478145,1,BUY_ANIMAL_FIRST,153,6,853.0,25,9,GOOSE
112310943,Unknown Mother-Goose,56478145,1,CASH_TROUGH_MIN_D3_7,72,3,8.0,,6,min_money=8.0
112310943,Unknown Mother-Goose,56478145,1,DOMINANT_CROP_SHIFT_D3_TO_D9,,,,,,MELON->STRAWBERRY
112312166,Unknown Mother-Goose,56478145,0,BUY_LAND,150,6,894.0,25,9,
112312166,Unknown Mother-Goose,56478145,0,BUY_ANIMAL_FIRST,1,0,3000.0,25,5,COW
112312166,Unknown Mother-Goose,56478145,0,BUY_ANIMAL_FIRST,2,0,3000.0,25,5,SHEEP
112312166,Unknown Mother-Goose,56478145,0,BUY_ANIMAL_FIRST,273,11,2174.0,50,12,GOOSE
112312166,Unknown Mother-Goose,56478145,0,CASH_TROUGH_MIN_D3_7,72,3,21.0,,7,min_money=21.0
112312166,Unknown Mother-Goose,56478145,0,DOMINANT_CROP_SHIFT_D3_TO_D9,,,,,,MELON->STRAWBERRY
112312519,Unknown Mother-Goose,56478145,1,BUY_LAND,150,6,894.0,25,9,
112312519,Unknown Mother-Goose,56478145,1,BUY_ANIMAL_FIRST,1,0,3000.0,25,5,COW
112312519,Unknown Mother-Goose,56478145,1,BUY_ANIMAL_FIRST,2,0,3000.0,25,5,SHEEP
112312519,Unknown Mother-Goose,56478145,1,BUY_ANIMAL_FIRST,153,6,894.0,25,9,GOOSE
112312519,Unknown Mother-Goose,56478145,1,CASH_TROUGH_MIN_D3_7,96,4,11.0,,7,min_money=11.0
112312519,Unknown Mother-Goose,56478145,1,DOMINANT_CROP_SHIFT_D3_TO_D9,,,,,,MELON->STRAWBERRY
112313392,Unknown Mother-Goose,56478145,1,BUY_LAND,150,6,994.0,25,9,
112313392,Unknown Mother-Goose,56478145,1,BUY_ANIMAL_FIRST,1,0,3000.0,25,5,COW
112313392,Unknown Mother-Goose,56478145,1,BUY_ANIMAL_FIRST,2,0,3000.0,25,5,SHEEP
112313392,Unknown Mother-Goose,56478145,1,BUY_ANIMAL_FIRST,153,6,994.0,25,9,GOOSE
112313392,Unknown Mother-Goose,56478145,1,CASH_TROUGH_MIN_D3_7,96,4,11.0,,7,min_money=11.0
112313392,Unknown Mother-Goose,56478145,1,DOMINANT_CROP_SHIFT_D3_TO_D9,,,,,,MELON->STRAWBERRY
112314583,Unknown Mother-Goose,56478145,1,BUY_LAND,150,6,838.0,25,9,
112314583,Unknown Mother-Goose,56478145,1,BUY_ANIMAL_FIRST,1,0,3000.0,25,5,COW
112314583,Unknown Mother-Goose,56478145,1,BUY_ANIMAL_FIRST,2,0,3000.0,25,5,SHEEP
112314583,Unknown Mother-Goose,56478145,1,BUY_ANIMAL_FIRST,153,6,838.0,25,9,GOOSE
112314583,Unknown Mother-Goose,56478145,1,CASH_TROUGH_MIN_D3_7,72,3,4.0,,6,min_money=4.0
112314583,Unknown Mother-Goose,56478145,1,DOMINANT_CROP_SHIFT_D3_TO_D9,,,,,,MELON->STRAWBERRY
112315784,Unknown Mother-Goose,56478145,1,BUY_LAND,150,6,731.0,25,9,
112315784,Unknown Mother-Goose,56478145,1,BUY_ANIMAL_FIRST,1,0,3000.0,25,5,COW
112315784,Unknown Mother-Goose,56478145,1,BUY_ANIMAL_FIRST,2,0,3000.0,25,5,SHEEP
112315784,Unknown Mother-Goose,56478145,1,BUY_ANIMAL_FIRST,153,6,731.0,25,9,GOOSE
112315784,Unknown Mother-Goose,56478145,1,CASH_TROUGH_MIN_D3_7,168,7,5.0,,9,min_money=5.0
112315784,Unknown Mother-Goose,56478145,1,DOMINANT_CROP_SHIFT_D3_TO_D9,,,,,,MELON->STRAWBERRY
112316134,M & M & P & Q,56464621,1,BUY_LAND,106,4,84.0,25,7,
112316134,M & M & P & Q,56464621,1,BUY_ANIMAL_FIRST,1,0,3000.0,25,6,COW
112316134,M & M & P & Q,56464621,1,BUY_ANIMAL_FIRST,1,0,3000.0,25,6,SHEEP
112316134,M & M & P & Q,56464621,1,BUY_ANIMAL_FIRST,25,1,7.0,25,5,GOOSE
112316134,M & M & P & Q,56464621,1,CASH_TROUGH_MIN_D3_7,144,6,46.0,,8,min_money=46.0
112316134,M & M & P & Q,56464621,1,DOMINANT_CROP_SHIFT_D3_TO_D9,,,,,,MELON->WHEAT
112316140,Unknown Mother-Goose,56478145,1,BUY_LAND,150,6,700.0,25,9,
112316140,Unknown Mother-Goose,56478145,1,BUY_ANIMAL_FIRST,1,0,3000.0,25,5,COW
112316140,Unknown Mother-Goose,56478145,1,BUY_ANIMAL_FIRST,2,0,3000.0,25,5,SHEEP
112316140,Unknown Mother-Goose,56478145,1,BUY_ANIMAL_FIRST,153,6,700.0,25,9,GOOSE
112316140,Unknown Mother-Goose,56478145,1,CASH_TROUGH_MIN_D3_7,168,7,12.0,,9,min_money=12.0
112316140,Unknown Mother-Goose,56478145,1,DOMINANT_CROP_SHIFT_D3_TO_D9,,,,,,MELON->STRAWBERRY
112316964,Unknown Mother-Goose,56478145,1,BUY_LAND,150,6,843.0,25,9,
112316964,Unknown Mother-Goose,56478145,1,BUY_ANIMAL_FIRST,1,0,3000.0,25,5,COW
112316964,Unknown Mother-Goose,56478145,1,BUY_ANIMAL_FIRST,2,0,3000.0,25,5,SHEEP
112316964,Unknown Mother-Goose,56478145,1,BUY_ANIMAL_FIRST,153,6,843.0,25,9,GOOSE
112316964,Unknown Mother-Goose,56478145,1,CASH_TROUGH_MIN_D3_7,96,4,85.0,,7,min_money=85.0
112316964,Unknown Mother-Goose,56478145,1,DOMINANT_CROP_SHIFT_D3_TO_D9,,,,,,MELON->STRAWBERRY
112318142,Unknown Mother-Goose,56478145,0,BUY_LAND,150,6,799.0,25,9,
112318142,Unknown Mother-Goose,56478145,0,BUY_ANIMAL_FIRST,1,0,3000.0,25,5,COW
112318142,Unknown Mother-Goose,56478145,0,BUY_ANIMAL_FIRST,2,0,3000.0,25,5,SHEEP
112318142,Unknown Mother-Goose,56478145,0,BUY_ANIMAL_FIRST,225,9,1611.0,50,11,GOOSE
112318142,Unknown Mother-Goose,56478145,0,CASH_TROUGH_MIN_D3_7,72,3,14.0,,6,min_money=14.0
112318142,Unknown Mother-Goose,56478145,0,DOMINANT_CROP_SHIFT_D3_TO_D9,,,,,,MELON->WHEAT
112319327,Unknown Mother-Goose,56478145,1,BUY_LAND,150,6,715.0,25,9,
112319327,Unknown Mother-Goose,56478145,1,BUY_ANIMAL_FIRST,1,0,3000.0,25,5,COW
112319327,Unknown Mother-Goose,56478145,1,BUY_ANIMAL_FIRST,2,0,3000.0,25,5,SHEEP
112319327,Unknown Mother-Goose,56478145,1,BUY_ANIMAL_FIRST,153,6,715.0,25,9,GOOSE
112319327,Unknown Mother-Goose,56478145,1,CASH_TROUGH_MIN_D3_7,72,3,3.0,,6,min_money=3.0
112319327,Unknown Mother-Goose,56478145,1,DOMINANT_CROP_SHIFT_D3_TO_D9,,,,,,MELON->WHEAT
112319629,M & M & P & Q,56464621,1,BUY_LAND,149,6,196.0,25,9,
112319629,M & M & P & Q,56464621,1,BUY_ANIMAL_FIRST,1,0,3000.0,25,6,COW
112319629,M & M & P & Q,56464621,1,BUY_ANIMAL_FIRST,1,0,3000.0,25,6,SHEEP
112319629,M & M & P & Q,56464621,1,BUY_ANIMAL_FIRST,25,1,7.0,25,5,GOOSE
112319629,M & M & P & Q,56464621,1,CASH_TROUGH_MIN_D3_7,120,5,23.0,,7,min_money=23.0
112319629,M & M & P & Q,56464621,1,DOMINANT_CROP_SHIFT_D3_TO_D9,,,,,,MELON->WHEAT
112320538,Unknown Mother-Goose,56478145,1,BUY_LAND,150,6,785.0,25,9,
112320538,Unknown Mother-Goose,56478145,1,BUY_ANIMAL_FIRST,1,0,3000.0,25,5,COW
112320538,Unknown Mother-Goose,56478145,1,BUY_ANIMAL_FIRST,2,0,3000.0,25,5,SHEEP
112320538,Unknown Mother-Goose,56478145,1,BUY_ANIMAL_FIRST,153,6,785.0,25,9,GOOSE
112320538,Unknown Mother-Goose,56478145,1,CASH_TROUGH_MIN_D3_7,72,3,5.0,,6,min_money=5.0
112320538,Unknown Mother-Goose,56478145,1,DOMINANT_CROP_SHIFT_D3_TO_D9,,,,,,MELON->STRAWBERRY
112320556,Unknown Mother-Goose,56478145,0,BUY_LAND,150,6,714.0,25,9,
112320556,Unknown Mother-Goose,56478145,0,BUY_ANIMAL_FIRST,1,0,3000.0,25,5,COW
112320556,Unknown Mother-Goose,56478145,0,BUY_ANIMAL_FIRST,2,0,3000.0,25,5,SHEEP
112320556,Unknown Mother-Goose,56478145,0,BUY_ANIMAL_FIRST,273,11,968.0,50,12,GOOSE
112320556,Unknown Mother-Goose,56478145,0,CASH_TROUGH_MIN_D3_7,168,7,24.0,,9,min_money=24.0
112320556,Unknown Mother-Goose,56478145,0,DOMINANT_CROP_SHIFT_D3_TO_D9,,,,,,MELON->STRAWBERRY
112321773,Unknown Mother-Goose,56478145,0,BUY_LAND,150,6,962.0,25,9,
112321773,Unknown Mother-Goose,56478145,0,BUY_ANIMAL_FIRST,1,0,3000.0,25,5,COW
112321773,Unknown Mother-Goose,56478145,0,BUY_ANIMAL_FIRST,2,0,3000.0,25,5,SHEEP
112321773,Unknown Mother-Goose,56478145,0,BUY_ANIMAL_FIRST,153,6,962.0,25,9,GOOSE
112321773,Unknown Mother-Goose,56478145,0,CASH_TROUGH_MIN_D3_7,96,4,11.0,,7,min_money=11.0
112321773,Unknown Mother-Goose,56478145,0,DOMINANT_CROP_SHIFT_D3_TO_D9,,,,,,MELON->STRAWBERRY
112321796,Unknown Mother-Goose,56478145,1,BUY_LAND,150,6,916.0,25,9,
112321796,Unknown Mother-Goose,56478145,1,BUY_ANIMAL_FIRST,1,0,3000.0,25,5,COW
112321796,Unknown Mother-Goose,56478145,1,BUY_ANIMAL_FIRST,2,0,3000.0,25,5,SHEEP
112321796,Unknown Mother-Goose,56478145,1,BUY_ANIMAL_FIRST,153,6,916.0,25,9,GOOSE
112321796,Unknown Mother-Goose,56478145,1,CASH_TROUGH_MIN_D3_7,96,4,5.0,,6,min_money=5.0
112321796,Unknown Mother-Goose,56478145,1,DOMINANT_CROP_SHIFT_D3_TO_D9,,,,,,MELON->STRAWBERRY
112322970,Unknown Mother-Goose,56478145,1,BUY_LAND,150,6,870.0,25,9,
112322970,Unknown Mother-Goose,56478145,1,BUY_ANIMAL_FIRST,1,0,3000.0,25,5,COW
112322970,Unknown Mother-Goose,56478145,1,BUY_ANIMAL_FIRST,2,0,3000.0,25,5,SHEEP
112322970,Unknown Mother-Goose,56478145,1,BUY_ANIMAL_FIRST,153,6,870.0,25,9,GOOSE
112322970,Unknown Mother-Goose,56478145,1,CASH_TROUGH_MIN_D3_7,72,3,2.0,,6,min_money=2.0
112322970,Unknown Mother-Goose,56478145,1,DOMINANT_CROP_SHIFT_D3_TO_D9,,,,,,MELON->STRAWBERRY
112324181,Unknown Mother-Goose,56478145,0,BUY_LAND,150,6,934.0,25,9,
112324181,Unknown Mother-Goose,56478145,0,BUY_ANIMAL_FIRST,1,0,3000.0,25,5,COW
112324181,Unknown Mother-Goose,56478145,0,BUY_ANIMAL_FIRST,2,0,3000.0,25,5,SHEEP
112324181,Unknown Mother-Goose,56478145,0,BUY_ANIMAL_FIRST,251,10,1506.0,50,12,GOOSE
112324181,Unknown Mother-Goose,56478145,0,CASH_TROUGH_MIN_D3_7,72,3,5.0,,6,min_money=5.0
112324181,Unknown Mother-Goose,56478145,0,DOMINANT_CROP_SHIFT_D3_TO_D9,,,,,,MELON->STRAWBERRY
112325285,Unknown Mother-Goose,56478145,1,BUY_LAND,150,6,894.0,25,9,
112325285,Unknown Mother-Goose,56478145,1,BUY_ANIMAL_FIRST,1,0,3000.0,25,5,COW
112325285,Unknown Mother-Goose,56478145,1,BUY_ANIMAL_FIRST,2,0,3000.0,25,5,SHEEP
112325285,Unknown Mother-Goose,56478145,1,BUY_ANIMAL_FIRST,251,10,2573.0,50,12,GOOSE
112325285,Unknown Mother-Goose,56478145,1,CASH_TROUGH_MIN_D3_7,72,3,21.0,,7,min_money=21.0
112325285,Unknown Mother-Goose,56478145,1,DOMINANT_CROP_SHIFT_D3_TO_D9,,,,,,MELON->STRAWBERRY
112326557,Unknown Mother-Goose,56478145,1,BUY_LAND,150,6,982.0,25,9,
112326557,Unknown Mother-Goose,56478145,1,BUY_ANIMAL_FIRST,1,0,3000.0,25,5,COW
112326557,Unknown Mother-Goose,56478145,1,BUY_ANIMAL_FIRST,2,0,3000.0,25,5,SHEEP
112326557,Unknown Mother-Goose,56478145,1,BUY_ANIMAL_FIRST,225,9,498.0,50,11,GOOSE
112326557,Unknown Mother-Goose,56478145,1,CASH_TROUGH_MIN_D3_7,72,3,21.0,,7,min_money=21.0
112326816,M & M & P & Q,56464621,0,BUY_LAND,130,5,36.0,25,6,
112326816,M & M & P & Q,56464621,0,BUY_ANIMAL_FIRST,1,0,3000.0,25,5,COW
112326816,M & M & P & Q,56464621,0,BUY_ANIMAL_FIRST,1,0,3000.0,25,5,SHEEP
112326816,M & M & P & Q,56464621,0,BUY_ANIMAL_FIRST,25,1,0.0,25,5,GOOSE
112326816,M & M & P & Q,56464621,0,CASH_TROUGH_MIN_D3_7,144,6,32.0,,9,min_money=32.0
112326816,M & M & P & Q,56464621,0,DOMINANT_CROP_SHIFT_D3_TO_D9,,,,,,MELON->STRAWBERRY
112327795,Unknown Mother-Goose,56478145,0,BUY_LAND,150,6,789.0,25,9,
112327795,Unknown Mother-Goose,56478145,0,BUY_ANIMAL_FIRST,1,0,3000.0,25,5,COW
112327795,Unknown Mother-Goose,56478145,0,BUY_ANIMAL_FIRST,2,0,3000.0,25,5,SHEEP
112327795,Unknown Mother-Goose,56478145,0,BUY_ANIMAL_FIRST,251,10,2707.0,50,12,GOOSE
112327795,Unknown Mother-Goose,56478145,0,CASH_TROUGH_MIN_D3_7,72,3,6.0,,6,min_money=6.0
112327795,Unknown Mother-Goose,56478145,0,DOMINANT_CROP_SHIFT_D3_TO_D9,,,,,,MELON->WHEAT
112329088,Unknown Mother-Goose,56478145,0,BUY_LAND,150,6,871.0,25,9,
112329088,Unknown Mother-Goose,56478145,0,BUY_ANIMAL_FIRST,1,0,3000.0,25,5,COW
112329088,Unknown Mother-Goose,56478145,0,BUY_ANIMAL_FIRST,2,0,3000.0,25,5,SHEEP
112329088,Unknown Mother-Goose,56478145,0,BUY_ANIMAL_FIRST,153,6,871.0,25,9,GOOSE
112329088,Unknown Mother-Goose,56478145,0,CASH_TROUGH_MIN_D3_7,168,7,2.0,,9,min_money=2.0
112329088,Unknown Mother-Goose,56478145,0,DOMINANT_CROP_SHIFT_D3_TO_D9,,,,,,MELON->STRAWBERRY
112330292,Unknown Mother-Goose,56478145,1,BUY_LAND,150,6,818.0,25,9,
112330292,Unknown Mother-Goose,56478145,1,BUY_ANIMAL_FIRST,1,0,3000.0,25,5,COW
112330292,Unknown Mother-Goose,56478145,1,BUY_ANIMAL_FIRST,2,0,3000.0,25,5,SHEEP
112330292,Unknown Mother-Goose,56478145,1,BUY_ANIMAL_FIRST,153,6,818.0,25,9,GOOSE
112330292,Unknown Mother-Goose,56478145,1,CASH_TROUGH_MIN_D3_7,72,3,6.0,,6,min_money=6.0
112330292,Unknown Mother-Goose,56478145,1,DOMINANT_CROP_SHIFT_D3_TO_D9,,,,,,MELON->STRAWBERRY
112330549,M & M & P & Q,56464621,1,BUY_LAND,130,5,34.0,25,7,
112330549,M & M & P & Q,56464621,1,BUY_ANIMAL_FIRST,1,0,3000.0,25,6,COW
112330549,M & M & P & Q,56464621,1,BUY_ANIMAL_FIRST,1,0,3000.0,25,6,SHEEP
112330549,M & M & P & Q,56464621,1,BUY_ANIMAL_FIRST,25,1,7.0,25,5,GOOSE
112330549,M & M & P & Q,56464621,1,CASH_TROUGH_MIN_D3_7,72,3,34.0,,6,min_money=34.0
112330549,M & M & P & Q,56464621,1,DOMINANT_CROP_SHIFT_D3_TO_D9,,,,,,MELON->WHEAT
112331545,Unknown Mother-Goose,56478145,0,BUY_LAND,150,6,874.0,25,9,
112331545,Unknown Mother-Goose,56478145,0,BUY_ANIMAL_FIRST,1,0,3000.0,25,5,COW
112331545,Unknown Mother-Goose,56478145,0,BUY_ANIMAL_FIRST,2,0,3000.0,25,5,SHEEP
112331545,Unknown Mother-Goose,56478145,0,BUY_ANIMAL_FIRST,273,11,353.0,50,12,GOOSE
112331545,Unknown Mother-Goose,56478145,0,CASH_TROUGH_MIN_D3_7,72,3,5.0,,6,min_money=5.0
112331545,Unknown Mother-Goose,56478145,0,DOMINANT_CROP_SHIFT_D3_TO_D9,,,,,,MELON->STRAWBERRY
112332765,Unknown Mother-Goose,56478145,1,BUY_LAND,150,6,808.0,25,9,
112332765,Unknown Mother-Goose,56478145,1,BUY_ANIMAL_FIRST,1,0,3000.0,25,5,COW
112332765,Unknown Mother-Goose,56478145,1,BUY_ANIMAL_FIRST,2,0,3000.0,25,5,SHEEP
112332765,Unknown Mother-Goose,56478145,1,BUY_ANIMAL_FIRST,273,11,2252.0,50,12,GOOSE
112332765,Unknown Mother-Goose,56478145,1,CASH_TROUGH_MIN_D3_7,168,7,3.0,,9,min_money=3.0
112332765,Unknown Mother-Goose,56478145,1,DOMINANT_CROP_SHIFT_D3_TO_D9,,,,,,MELON->STRAWBERRY
112333964,Unknown Mother-Goose,56478145,1,BUY_LAND,150,6,818.0,25,9,
112333964,Unknown Mother-Goose,56478145,1,BUY_ANIMAL_FIRST,1,0,3000.0,25,5,COW
112333964,Unknown Mother-Goose,56478145,1,BUY_ANIMAL_FIRST,2,0,3000.0,25,5,SHEEP
112333964,Unknown Mother-Goose,56478145,1,BUY_ANIMAL_FIRST,153,6,818.0,25,9,GOOSE
112333964,Unknown Mother-Goose,56478145,1,CASH_TROUGH_MIN_D3_7,72,3,19.0,,7,min_money=19.0
112333964,Unknown Mother-Goose,56478145,1,DOMINANT_CROP_SHIFT_D3_TO_D9,,,,,,MELON->STRAWBERRY
112335107,Unknown Mother-Goose,56478145,0,BUY_LAND,150,6,922.0,25,9,
112335107,Unknown Mother-Goose,56478145,0,BUY_ANIMAL_FIRST,1,0,3000.0,25,5,COW
112335107,Unknown Mother-Goose,56478145,0,BUY_ANIMAL_FIRST,2,0,3000.0,25,5,SHEEP
112335107,Unknown Mother-Goose,56478145,0,BUY_ANIMAL_FIRST,273,11,2144.0,50,12,GOOSE
112335107,Unknown Mother-Goose,56478145,0,CASH_TROUGH_MIN_D3_7,168,7,17.0,,10,min_money=17.0
112335107,Unknown Mother-Goose,56478145,0,DOMINANT_CROP_SHIFT_D3_TO_D9,,,,,,MELON->STRAWBERRY
112337955,M & M & P & Q,56464621,1,BUY_LAND,130,5,41.0,25,7,
112337955,M & M & P & Q,56464621,1,BUY_ANIMAL_FIRST,1,0,3000.0,25,5,COW
112337955,M & M & P & Q,56464621,1,BUY_ANIMAL_FIRST,1,0,3000.0,25,5,SHEEP
112337955,M & M & P & Q,56464621,1,BUY_ANIMAL_FIRST,25,1,2.0,25,4,GOOSE
112337955,M & M & P & Q,56464621,1,CASH_TROUGH_MIN_D3_7,96,4,16.0,,7,min_money=16.0
112337955,M & M & P & Q,56464621,1,DOMINANT_CROP_SHIFT_D3_TO_D9,,,,,,MELON->WHEAT
112342619,Unknown Mother-Goose,56478145,1,BUY_LAND,150,6,884.0,25,9,
112342619,Unknown Mother-Goose,56478145,1,BUY_ANIMAL_FIRST,1,0,3000.0,25,5,COW
112342619,Unknown Mother-Goose,56478145,1,BUY_ANIMAL_FIRST,2,0,3000.0,25,5,SHEEP
112342619,Unknown Mother-Goose,56478145,1,BUY_ANIMAL_FIRST,153,6,884.0,25,9,GOOSE
112342619,Unknown Mother-Goose,56478145,1,CASH_TROUGH_MIN_D3_7,168,7,8.0,,9,min_money=8.0
112342619,Unknown Mother-Goose,56478145,1,DOMINANT_CROP_SHIFT_D3_TO_D9,,,,,,MELON->STRAWBERRY
112346122,M & M & P & Q,56464621,0,BUY_LAND,106,4,84.0,25,7,
112346122,M & M & P & Q,56464621,0,BUY_ANIMAL_FIRST,1,0,3000.0,25,6,COW
112346122,M & M & P & Q,56464621,0,BUY_ANIMAL_FIRST,1,0,3000.0,25,6,SHEEP
112346122,M & M & P & Q,56464621,0,BUY_ANIMAL_FIRST,25,1,7.0,25,5,GOOSE
112346122,M & M & P & Q,56464621,0,CASH_TROUGH_MIN_D3_7,168,7,22.0,,10,min_money=22.0
112346122,M & M & P & Q,56464621,0,DOMINANT_CROP_SHIFT_D3_TO_D9,,,,,,MELON->WHEAT
112349656,Unknown Mother-Goose,56478145,0,BUY_LAND,150,6,982.0,25,9,
112349656,Unknown Mother-Goose,56478145,0,BUY_ANIMAL_FIRST,1,0,3000.0,25,5,COW
112349656,Unknown Mother-Goose,56478145,0,BUY_ANIMAL_FIRST,2,0,3000.0,25,5,SHEEP
112349656,Unknown Mother-Goose,56478145,0,BUY_ANIMAL_FIRST,225,9,693.0,50,11,GOOSE
112349656,Unknown Mother-Goose,56478145,0,CASH_TROUGH_MIN_D3_7,168,7,9.0,,9,min_money=9.0
112349656,Unknown Mother-Goose,56478145,0,DOMINANT_CROP_SHIFT_D3_TO_D9,,,,,,MELON->STRAWBERRY
112354231,M & M & P & Q,56464621,1,BUY_LAND,150,6,138.0,25,9,
112354231,M & M & P & Q,56464621,1,BUY_ANIMAL_FIRST,1,0,3000.0,25,5,COW
112354231,M & M & P & Q,56464621,1,BUY_ANIMAL_FIRST,1,0,3000.0,25,5,SHEEP
112354231,M & M & P & Q,56464621,1,BUY_ANIMAL_FIRST,25,1,2.0,25,4,GOOSE
112354231,M & M & P & Q,56464621,1,CASH_TROUGH_MIN_D3_7,96,4,47.0,,7,min_money=47.0
112354231,M & M & P & Q,56464621,1,DOMINANT_CROP_SHIFT_D3_TO_D9,,,,,,MELON->STRAWBERRY
112356786,Unknown Mother-Goose,56478145,0,BUY_LAND,150,6,714.0,25,9,
112356786,Unknown Mother-Goose,56478145,0,BUY_ANIMAL_FIRST,1,0,3000.0,25,5,COW
112356786,Unknown Mother-Goose,56478145,0,BUY_ANIMAL_FIRST,2,0,3000.0,25,5,SHEEP
112356786,Unknown Mother-Goose,56478145,0,BUY_ANIMAL_FIRST,273,11,778.0,50,12,GOOSE
112356786,Unknown Mother-Goose,56478145,0,CASH_TROUGH_MIN_D3_7,96,4,93.0,,6,min_money=93.0
112356786,Unknown Mother-Goose,56478145,0,DOMINANT_CROP_SHIFT_D3_TO_D9,,,,,,MELON->STRAWBERRY
112357010,Unknown Mother-Goose,56478145,0,BUY_LAND,150,6,870.0,25,9,
112357010,Unknown Mother-Goose,56478145,0,BUY_ANIMAL_FIRST,1,0,3000.0,25,5,COW
112357010,Unknown Mother-Goose,56478145,0,BUY_ANIMAL_FIRST,2,0,3000.0,25,5,SHEEP
112357010,Unknown Mother-Goose,56478145,0,BUY_ANIMAL_FIRST,251,10,2131.0,50,12,GOOSE
112357010,Unknown Mother-Goose,56478145,0,CASH_TROUGH_MIN_D3_7,72,3,3.0,,6,min_money=3.0
112357010,Unknown Mother-Goose,56478145,0,DOMINANT_CROP_SHIFT_D3_TO_D9,,,,,,MELON->STRAWBERRY
112361804,M & M & P & Q,56464621,0,BUY_LAND,130,5,84.0,25,7,
112361804,M & M & P & Q,56464621,0,BUY_ANIMAL_FIRST,1,0,3000.0,25,6,COW
112361804,M & M & P & Q,56464621,0,BUY_ANIMAL_FIRST,1,0,3000.0,25,6,SHEEP
112361804,M & M & P & Q,56464621,0,BUY_ANIMAL_FIRST,25,1,7.0,25,5,GOOSE
112361804,M & M & P & Q,56464621,0,CASH_TROUGH_MIN_D3_7,96,4,1.0,,7,min_money=1.0
112361804,M & M & P & Q,56464621,0,DOMINANT_CROP_SHIFT_D3_TO_D9,,,,,,MELON->STRAWBERRY
112361930,M & M & P & Q,56464621,0,BUY_LAND,130,5,34.0,25,7,
112361930,M & M & P & Q,56464621,0,BUY_ANIMAL_FIRST,1,0,3000.0,25,6,COW
112361930,M & M & P & Q,56464621,0,BUY_ANIMAL_FIRST,1,0,3000.0,25,6,SHEEP
112361930,M & M & P & Q,56464621,0,BUY_ANIMAL_FIRST,25,1,7.0,25,5,GOOSE
112361930,M & M & P & Q,56464621,0,CASH_TROUGH_MIN_D3_7,168,7,25.0,,8,min_money=25.0
112361930,M & M & P & Q,56464621,0,DOMINANT_CROP_SHIFT_D3_TO_D9,,,,,,MELON->WHEAT
112364025,吃白饭的大肥鱼,56483899,1,BUY_LAND,149,6,1082.0,25,9,
112364025,吃白饭的大肥鱼,56483899,1,BUY_ANIMAL_FIRST,1,0,3000.0,25,5,COW
112364025,吃白饭的大肥鱼,56483899,1,BUY_ANIMAL_FIRST,1,0,3000.0,25,5,SHEEP
112364025,吃白饭的大肥鱼,56483899,1,BUY_ANIMAL_FIRST,152,6,1082.0,25,9,GOOSE
112364025,吃白饭的大肥鱼,56483899,1,CASH_TROUGH_MIN_D3_7,72,3,46.0,,7,min_money=46.0
112364025,吃白饭的大肥鱼,56483899,1,DOMINANT_CROP_SHIFT_D3_TO_D9,,,,,,MELON->STRAWBERRY
112364218,吃白饭的大肥鱼,56483899,0,BUY_LAND,149,6,1086.0,25,9,
112364218,吃白饭的大肥鱼,56483899,0,BUY_ANIMAL_FIRST,1,0,3000.0,25,5,COW
112364218,吃白饭的大肥鱼,56483899,0,BUY_ANIMAL_FIRST,1,0,3000.0,25,5,SHEEP
112364218,吃白饭的大肥鱼,56483899,0,BUY_ANIMAL_FIRST,242,10,2256.0,50,11,GOOSE
112364218,吃白饭的大肥鱼,56483899,0,CASH_TROUGH_MIN_D3_7,72,3,46.0,,7,min_money=46.0
112364218,吃白饭的大肥鱼,56483899,0,DOMINANT_CROP_SHIFT_D3_TO_D9,,,,,,MELON->STRAWBERRY
112364883,吃白饭的大肥鱼,56483899,0,BUY_LAND,149,6,1082.0,25,9,
112364883,吃白饭的大肥鱼,56483899,0,BUY_ANIMAL_FIRST,1,0,3000.0,25,5,COW
112364883,吃白饭的大肥鱼,56483899,0,BUY_ANIMAL_FIRST,1,0,3000.0,25,5,SHEEP
112364883,吃白饭的大肥鱼,56483899,0,BUY_ANIMAL_FIRST,266,11,2845.0,50,13,GOOSE
112364883,吃白饭的大肥鱼,56483899,0,CASH_TROUGH_MIN_D3_7,72,3,46.0,,7,min_money=46.0
112364883,吃白饭的大肥鱼,56483899,0,DOMINANT_CROP_SHIFT_D3_TO_D9,,,,,,MELON->STRAWBERRY
112365512,Unknown Mother-Goose,56478145,0,BUY_LAND,150,6,760.0,25,8,
112365512,Unknown Mother-Goose,56478145,0,BUY_ANIMAL_FIRST,1,0,3000.0,25,5,COW
112365512,Unknown Mother-Goose,56478145,0,BUY_ANIMAL_FIRST,2,0,3000.0,25,5,SHEEP
112365512,Unknown Mother-Goose,56478145,0,BUY_ANIMAL_FIRST,251,10,1106.0,50,12,GOOSE
112365512,Unknown Mother-Goose,56478145,0,CASH_TROUGH_MIN_D3_7,168,7,114.0,,9,min_money=114.0
112365512,Unknown Mother-Goose,56478145,0,DOMINANT_CROP_SHIFT_D3_TO_D9,,,,,,MELON->STRAWBERRY
112365514,M & M & P & Q,56464621,1,BUY_LAND,106,4,84.0,25,7,
112365514,M & M & P & Q,56464621,1,BUY_ANIMAL_FIRST,1,0,3000.0,25,6,COW
112365514,M & M & P & Q,56464621,1,BUY_ANIMAL_FIRST,1,0,3000.0,25,6,SHEEP
112365514,M & M & P & Q,56464621,1,BUY_ANIMAL_FIRST,25,1,7.0,25,5,GOOSE
112365514,M & M & P & Q,56464621,1,CASH_TROUGH_MIN_D3_7,144,6,73.0,,9,min_money=73.0
112365514,M & M & P & Q,56464621,1,DOMINANT_CROP_SHIFT_D3_TO_D9,,,,,,MELON->WHEAT
112366067,吃白饭的大肥鱼,56483899,1,BUY_LAND,149,6,1086.0,25,9,
112366067,吃白饭的大肥鱼,56483899,1,BUY_ANIMAL_FIRST,1,0,3000.0,25,5,COW
112366067,吃白饭的大肥鱼,56483899,1,BUY_ANIMAL_FIRST,1,0,3000.0,25,5,SHEEP
112366067,吃白饭的大肥鱼,56483899,1,BUY_ANIMAL_FIRST,152,6,1086.0,25,9,GOOSE
112366067,吃白饭的大肥鱼,56483899,1,CASH_TROUGH_MIN_D3_7,72,3,46.0,,7,min_money=46.0
112366067,吃白饭的大肥鱼,56483899,1,DOMINANT_CROP_SHIFT_D3_TO_D9,,,,,,MELON->STRAWBERRY
112367384,吃白饭的大肥鱼,56483899,0,BUY_LAND,149,6,1074.0,25,9,
112367384,吃白饭的大肥鱼,56483899,0,BUY_ANIMAL_FIRST,1,0,3000.0,25,5,COW
112367384,吃白饭的大肥鱼,56483899,0,BUY_ANIMAL_FIRST,1,0,3000.0,25,5,SHEEP
112367384,吃白饭的大肥鱼,56483899,0,BUY_ANIMAL_FIRST,152,6,1074.0,25,9,GOOSE
112367384,吃白饭的大肥鱼,56483899,0,CASH_TROUGH_MIN_D3_7,72,3,46.0,,7,min_money=46.0
112367384,吃白饭的大肥鱼,56483899,0,DOMINANT_CROP_SHIFT_D3_TO_D9,,,,,,MELON->STRAWBERRY
112368471,吃白饭的大肥鱼,56483899,0,BUY_LAND,149,6,1083.0,25,9,
112368471,吃白饭的大肥鱼,56483899,0,BUY_ANIMAL_FIRST,1,0,3000.0,25,5,COW
112368471,吃白饭的大肥鱼,56483899,0,BUY_ANIMAL_FIRST,1,0,3000.0,25,5,SHEEP
112368471,吃白饭的大肥鱼,56483899,0,BUY_ANIMAL_FIRST,221,9,3278.0,50,12,GOOSE
112368471,吃白饭的大肥鱼,56483899,0,CASH_TROUGH_MIN_D3_7,72,3,53.0,,7,min_money=53.0
112368471,吃白饭的大肥鱼,56483899,0,DOMINANT_CROP_SHIFT_D3_TO_D9,,,,,,MELON->STRAWBERRY
112369717,吃白饭的大肥鱼,56483899,1,BUY_LAND,149,6,1076.0,25,9,
112369717,吃白饭的大肥鱼,56483899,1,BUY_ANIMAL_FIRST,1,0,3000.0,25,5,COW
112369717,吃白饭的大肥鱼,56483899,1,BUY_ANIMAL_FIRST,1,0,3000.0,25,5,SHEEP
112369717,吃白饭的大肥鱼,56483899,1,BUY_ANIMAL_FIRST,152,6,1076.0,25,9,GOOSE
112369717,吃白饭的大肥鱼,56483899,1,CASH_TROUGH_MIN_D3_7,72,3,46.0,,7,min_money=46.0
112369717,吃白饭的大肥鱼,56483899,1,DOMINANT_CROP_SHIFT_D3_TO_D9,,,,,,MELON->STRAWBERRY
112369884,吃白饭的大肥鱼,56483899,0,BUY_LAND,149,6,1066.0,25,9,
112369884,吃白饭的大肥鱼,56483899,0,BUY_ANIMAL_FIRST,1,0,3000.0,25,5,COW
112369884,吃白饭的大肥鱼,56483899,0,BUY_ANIMAL_FIRST,1,0,3000.0,25,5,SHEEP
112369884,吃白饭的大肥鱼,56483899,0,BUY_ANIMAL_FIRST,151,6,1066.0,25,9,GOOSE
112369884,吃白饭的大肥鱼,56483899,0,CASH_TROUGH_MIN_D3_7,72,3,43.0,,7,min_money=43.0
112369884,吃白饭的大肥鱼,56483899,0,DOMINANT_CROP_SHIFT_D3_TO_D9,,,,,,MELON->STRAWBERRY
112370937,吃白饭的大肥鱼,56483899,1,BUY_LAND,149,6,1050.0,25,9,
112370937,吃白饭的大肥鱼,56483899,1,BUY_ANIMAL_FIRST,1,0,3000.0,25,5,COW
112370937,吃白饭的大肥鱼,56483899,1,BUY_ANIMAL_FIRST,1,0,3000.0,25,5,SHEEP
112370937,吃白饭的大肥鱼,56483899,1,BUY_ANIMAL_FIRST,150,6,1050.0,25,9,GOOSE
112370937,吃白饭的大肥鱼,56483899,1,CASH_TROUGH_MIN_D3_7,72,3,47.0,,7,min_money=47.0
112370937,吃白饭的大肥鱼,56483899,1,DOMINANT_CROP_SHIFT_D3_TO_D9,,,,,,MELON->STRAWBERRY
112371161,吃白饭的大肥鱼,56483899,0,BUY_LAND,149,6,1067.0,25,9,
112371161,吃白饭的大肥鱼,56483899,0,BUY_ANIMAL_FIRST,1,0,3000.0,25,5,COW
112371161,吃白饭的大肥鱼,56483899,0,BUY_ANIMAL_FIRST,1,0,3000.0,25,5,SHEEP
112371161,吃白饭的大肥鱼,56483899,0,BUY_ANIMAL_FIRST,152,6,1067.0,25,9,GOOSE
112371161,吃白饭的大肥鱼,56483899,0,CASH_TROUGH_MIN_D3_7,72,3,48.0,,7,min_money=48.0
112371161,吃白饭的大肥鱼,56483899,0,DOMINANT_CROP_SHIFT_D3_TO_D9,,,,,,MELON->STRAWBERRY
112372115,吃白饭的大肥鱼,56483899,0,BUY_LAND,149,6,1092.0,25,9,
112372115,吃白饭的大肥鱼,56483899,0,BUY_ANIMAL_FIRST,1,0,3000.0,25,5,COW
112372115,吃白饭的大肥鱼,56483899,0,BUY_ANIMAL_FIRST,1,0,3000.0,25,5,SHEEP
112372115,吃白饭的大肥鱼,56483899,0,BUY_ANIMAL_FIRST,266,11,2787.0,50,13,GOOSE
112372115,吃白饭的大肥鱼,56483899,0,CASH_TROUGH_MIN_D3_7,72,3,49.0,,7,min_money=49.0
112372115,吃白饭的大肥鱼,56483899,0,DOMINANT_CROP_SHIFT_D3_TO_D9,,,,,,MELON->STRAWBERRY
112373313,吃白饭的大肥鱼,56483899,0,BUY_LAND,149,6,1057.0,25,9,
112373313,吃白饭的大肥鱼,56483899,0,BUY_ANIMAL_FIRST,1,0,3000.0,25,5,COW
112373313,吃白饭的大肥鱼,56483899,0,BUY_ANIMAL_FIRST,1,0,3000.0,25,5,SHEEP
112373313,吃白饭的大肥鱼,56483899,0,BUY_ANIMAL_FIRST,266,11,2987.0,50,12,GOOSE
112373313,吃白饭的大肥鱼,56483899,0,CASH_TROUGH_MIN_D3_7,72,3,39.0,,7,min_money=39.0
112373313,吃白饭的大肥鱼,56483899,0,DOMINANT_CROP_SHIFT_D3_TO_D9,,,,,,MELON->STRAWBERRY
112373909,吃白饭的大肥鱼,56483899,0,BUY_LAND,149,6,1056.0,25,9,
112373909,吃白饭的大肥鱼,56483899,0,BUY_ANIMAL_FIRST,1,0,3000.0,25,5,COW
112373909,吃白饭的大肥鱼,56483899,0,BUY_ANIMAL_FIRST,1,0,3000.0,25,5,SHEEP
112373909,吃白饭的大肥鱼,56483899,0,BUY_ANIMAL_FIRST,150,6,1056.0,25,9,GOOSE
112373909,吃白饭的大肥鱼,56483899,0,CASH_TROUGH_MIN_D3_7,72,3,43.0,,7,min_money=43.0
112373909,吃白饭的大肥鱼,56483899,0,DOMINANT_CROP_SHIFT_D3_TO_D9,,,,,,MELON->STRAWBERRY
112373910,Unknown Mother-Goose,56478145,0,BUY_LAND,150,6,782.0,25,9,
112373910,Unknown Mother-Goose,56478145,0,BUY_ANIMAL_FIRST,1,0,3000.0,25,5,COW
112373910,Unknown Mother-Goose,56478145,0,BUY_ANIMAL_FIRST,2,0,3000.0,25,5,SHEEP
112373910,Unknown Mother-Goose,56478145,0,BUY_ANIMAL_FIRST,273,11,540.0,50,12,GOOSE
112373910,Unknown Mother-Goose,56478145,0,CASH_TROUGH_MIN_D3_7,72,3,3.0,,6,min_money=3.0
112373910,Unknown Mother-Goose,56478145,0,DOMINANT_CROP_SHIFT_D3_TO_D9,,,,,,MELON->WHEAT
112373912,M & M & P & Q,56464621,0,BUY_LAND,130,5,55.0,25,7,
112373912,M & M & P & Q,56464621,0,BUY_ANIMAL_FIRST,1,0,3000.0,25,5,COW
112373912,M & M & P & Q,56464621,0,BUY_ANIMAL_FIRST,1,0,3000.0,25,5,SHEEP
112373912,M & M & P & Q,56464621,0,BUY_ANIMAL_FIRST,25,1,4.0,25,4,GOOSE
112373912,M & M & P & Q,56464621,0,CASH_TROUGH_MIN_D3_7,72,3,55.0,,6,min_money=55.0
112373912,M & M & P & Q,56464621,0,DOMINANT_CROP_SHIFT_D3_TO_D9,,,,,,MELON->WHEAT
112374579,吃白饭的大肥鱼,56483899,1,BUY_LAND,149,6,1046.0,25,9,
112374579,吃白饭的大肥鱼,56483899,1,BUY_ANIMAL_FIRST,1,0,3000.0,25,5,COW
112374579,吃白饭的大肥鱼,56483899,1,BUY_ANIMAL_FIRST,1,0,3000.0,25,5,SHEEP
112374579,吃白饭的大肥鱼,56483899,1,BUY_ANIMAL_FIRST,266,11,3046.0,50,13,GOOSE
112374579,吃白饭的大肥鱼,56483899,1,CASH_TROUGH_MIN_D3_7,72,3,43.0,,7,min_money=43.0
112374579,吃白饭的大肥鱼,56483899,1,DOMINANT_CROP_SHIFT_D3_TO_D9,,,,,,MELON->STRAWBERRY
112375036,吃白饭的大肥鱼,56483899,0,BUY_LAND,149,6,1093.0,25,9,
112375036,吃白饭的大肥鱼,56483899,0,BUY_ANIMAL_FIRST,1,0,3000.0,25,5,COW
112375036,吃白饭的大肥鱼,56483899,0,BUY_ANIMAL_FIRST,1,0,3000.0,25,5,SHEEP
112375036,吃白饭的大肥鱼,56483899,0,BUY_ANIMAL_FIRST,222,9,3181.0,50,12,GOOSE
112375036,吃白饭的大肥鱼,56483899,0,CASH_TROUGH_MIN_D3_7,168,7,51.0,,10,min_money=51.0
112375036,吃白饭的大肥鱼,56483899,0,DOMINANT_CROP_SHIFT_D3_TO_D9,,,,,,MELON->STRAWBERRY
112375769,吃白饭的大肥鱼,56483899,1,BUY_LAND,149,6,1071.0,25,9,
112375769,吃白饭的大肥鱼,56483899,1,BUY_ANIMAL_FIRST,1,0,3000.0,25,5,COW
112375769,吃白饭的大肥鱼,56483899,1,BUY_ANIMAL_FIRST,1,0,3000.0,25,5,SHEEP
112375769,吃白饭的大肥鱼,56483899,1,BUY_ANIMAL_FIRST,150,6,1071.0,25,9,GOOSE
112375769,吃白饭的大肥鱼,56483899,1,CASH_TROUGH_MIN_D3_7,72,3,43.0,,7,min_money=43.0
112375769,吃白饭的大肥鱼,56483899,1,DOMINANT_CROP_SHIFT_D3_TO_D9,,,,,,MELON->STRAWBERRY
112376792,Boey,56484772,1,BUY_LAND,146,6,7.0,25,10,
112376792,Boey,56484772,1,BUY_ANIMAL_FIRST,1,0,3000.0,25,6,SHEEP
112376792,Boey,56484772,1,BUY_ANIMAL_FIRST,2,0,3000.0,25,6,COW
112376792,Boey,56484772,1,BUY_ANIMAL_FIRST,50,2,0.0,25,6,GOOSE
112376792,Boey,56484772,1,CASH_TROUGH_MIN_D3_7,96,4,3.0,,7,min_money=3.0
112376792,Boey,56484772,1,DOMINANT_CROP_SHIFT_D3_TO_D9,,,,,,MELON->STRAWBERRY
112376987,吃白饭的大肥鱼,56483899,0,BUY_LAND,149,6,1094.0,25,9,
112376987,吃白饭的大肥鱼,56483899,0,BUY_ANIMAL_FIRST,1,0,3000.0,25,5,COW
112376987,吃白饭的大肥鱼,56483899,0,BUY_ANIMAL_FIRST,1,0,3000.0,25,5,SHEEP
112376987,吃白饭的大肥鱼,56483899,0,BUY_ANIMAL_FIRST,152,6,1094.0,25,9,GOOSE
112376987,吃白饭的大肥鱼,56483899,0,CASH_TROUGH_MIN_D3_7,72,3,49.0,,7,min_money=49.0
112376987,吃白饭的大肥鱼,56483899,0,DOMINANT_CROP_SHIFT_D3_TO_D9,,,,,,MELON->STRAWBERRY
112378021,Boey,56484772,1,BUY_LAND,146,6,7.0,25,10,
112378021,Boey,56484772,1,BUY_ANIMAL_FIRST,1,0,3000.0,25,6,SHEEP
112378021,Boey,56484772,1,BUY_ANIMAL_FIRST,3,0,3000.0,25,6,COW
112378021,Boey,56484772,1,BUY_ANIMAL_FIRST,50,2,40.0,25,6,GOOSE
112378021,Boey,56484772,1,CASH_TROUGH_MIN_D3_7,72,3,5.0,,6,min_money=5.0
112378021,Boey,56484772,1,DOMINANT_CROP_SHIFT_D3_TO_D9,,,,,,MELON->STRAWBERRY
112378187,吃白饭的大肥鱼,56483899,0,BUY_LAND,149,6,1051.0,25,9,
112378187,吃白饭的大肥鱼,56483899,0,BUY_ANIMAL_FIRST,1,0,3000.0,25,5,COW
112378187,吃白饭的大肥鱼,56483899,0,BUY_ANIMAL_FIRST,1,0,3000.0,25,5,SHEEP
112378187,吃白饭的大肥鱼,56483899,0,BUY_ANIMAL_FIRST,221,9,2921.0,50,12,GOOSE
112378187,吃白饭的大肥鱼,56483899,0,CASH_TROUGH_MIN_D3_7,72,3,39.0,,7,min_money=39.0
112378187,吃白饭的大肥鱼,56483899,0,DOMINANT_CROP_SHIFT_D3_TO_D9,,,,,,MELON->STRAWBERRY
112378715,M & M & P & Q,56464621,1,BUY_LAND,130,5,84.0,25,7,
112378715,M & M & P & Q,56464621,1,BUY_ANIMAL_FIRST,1,0,3000.0,25,6,COW
112378715,M & M & P & Q,56464621,1,BUY_ANIMAL_FIRST,1,0,3000.0,25,6,SHEEP
112378715,M & M & P & Q,56464621,1,BUY_ANIMAL_FIRST,25,1,7.0,25,5,GOOSE
112378715,M & M & P & Q,56464621,1,CASH_TROUGH_MIN_D3_7,168,7,24.0,,9,min_money=24.0
112378715,M & M & P & Q,56464621,1,DOMINANT_CROP_SHIFT_D3_TO_D9,,,,,,MELON->WHEAT
112379212,Boey,56484772,0,BUY_LAND,146,6,77.0,25,10,
112379212,Boey,56484772,0,BUY_ANIMAL_FIRST,1,0,3000.0,25,6,SHEEP
112379212,Boey,56484772,0,BUY_ANIMAL_FIRST,2,0,3000.0,25,6,COW
112379212,Boey,56484772,0,BUY_ANIMAL_FIRST,51,2,96.0,25,6,GOOSE
112379212,Boey,56484772,0,CASH_TROUGH_MIN_D3_7,72,3,1.0,,6,min_money=1.0
112379212,Boey,56484772,0,DOMINANT_CROP_SHIFT_D3_TO_D9,,,,,,MELON->STRAWBERRY
112379400,吃白饭的大肥鱼,56483899,1,BUY_LAND,149,6,1091.0,25,9,
112379400,吃白饭的大肥鱼,56483899,1,BUY_ANIMAL_FIRST,1,0,3000.0,25,5,COW
112379400,吃白饭的大肥鱼,56483899,1,BUY_ANIMAL_FIRST,1,0,3000.0,25,5,SHEEP
112379400,吃白饭的大肥鱼,56483899,1,BUY_ANIMAL_FIRST,222,9,3169.0,50,12,GOOSE
112379400,吃白饭的大肥鱼,56483899,1,CASH_TROUGH_MIN_D3_7,168,7,47.0,,10,min_money=47.0
112379400,吃白饭的大肥鱼,56483899,1,DOMINANT_CROP_SHIFT_D3_TO_D9,,,,,,MELON->STRAWBERRY
112380409,Boey,56484772,0,BUY_LAND,146,6,22.0,25,10,
112380409,Boey,56484772,0,BUY_ANIMAL_FIRST,1,0,3000.0,25,6,SHEEP
112380409,Boey,56484772,0,BUY_ANIMAL_FIRST,2,0,3000.0,25,6,COW
112380409,Boey,56484772,0,BUY_ANIMAL_FIRST,50,2,290.0,25,6,GOOSE
112380409,Boey,56484772,0,CASH_TROUGH_MIN_D3_7,96,4,1.0,,7,min_money=1.0
112380409,Boey,56484772,0,DOMINANT_CROP_SHIFT_D3_TO_D9,,,,,,MELON->STRAWBERRY
112380571,吃白饭的大肥鱼,56483899,0,BUY_LAND,149,6,1006.0,25,9,
112380571,吃白饭的大肥鱼,56483899,0,BUY_ANIMAL_FIRST,1,0,3000.0,25,5,COW
112380571,吃白饭的大肥鱼,56483899,0,BUY_ANIMAL_FIRST,1,0,3000.0,25,5,SHEEP
112380571,吃白饭的大肥鱼,56483899,0,BUY_ANIMAL_FIRST,150,6,1006.0,25,9,GOOSE
112380571,吃白饭的大肥鱼,56483899,0,CASH_TROUGH_MIN_D3_7,96,4,80.0,,7,min_money=80.0
112380571,吃白饭的大肥鱼,56483899,0,DOMINANT_CROP_SHIFT_D3_TO_D9,,,,,,MELON->STRAWBERRY
112381583,Boey,56484772,1,BUY_LAND,146,6,72.0,25,10,
112381583,Boey,56484772,1,BUY_ANIMAL_FIRST,1,0,3000.0,25,6,SHEEP
112381583,Boey,56484772,1,BUY_ANIMAL_FIRST,2,0,3000.0,25,6,COW
112381583,Boey,56484772,1,BUY_ANIMAL_FIRST,50,2,7.0,25,6,GOOSE
112381583,Boey,56484772,1,CASH_TROUGH_MIN_D3_7,168,7,12.0,,8,min_money=12.0
112381583,Boey,56484772,1,DOMINANT_CROP_SHIFT_D3_TO_D9,,,,,,MELON->STRAWBERRY
112381770,吃白饭的大肥鱼,56483899,1,BUY_LAND,149,6,1075.0,25,9,
112381770,吃白饭的大肥鱼,56483899,1,BUY_ANIMAL_FIRST,1,0,3000.0,25,5,COW
112381770,吃白饭的大肥鱼,56483899,1,BUY_ANIMAL_FIRST,1,0,3000.0,25,5,SHEEP
112381770,吃白饭的大肥鱼,56483899,1,BUY_ANIMAL_FIRST,151,6,1075.0,25,9,GOOSE
112381770,吃白饭的大肥鱼,56483899,1,CASH_TROUGH_MIN_D3_7,72,3,43.0,,7,min_money=43.0
112381770,吃白饭的大肥鱼,56483899,1,DOMINANT_CROP_SHIFT_D3_TO_D9,,,,,,MELON->STRAWBERRY
112382303,M & M & P & Q,56464621,1,BUY_LAND,130,5,84.0,25,7,
112382303,M & M & P & Q,56464621,1,BUY_ANIMAL_FIRST,1,0,3000.0,25,6,COW
112382303,M & M & P & Q,56464621,1,BUY_ANIMAL_FIRST,1,0,3000.0,25,6,SHEEP
112382303,M & M & P & Q,56464621,1,BUY_ANIMAL_FIRST,25,1,7.0,25,5,GOOSE
112382303,M & M & P & Q,56464621,1,CASH_TROUGH_MIN_D3_7,96,4,1.0,,7,min_money=1.0
112382303,M & M & P & Q,56464621,1,DOMINANT_CROP_SHIFT_D3_TO_D9,,,,,,MELON->STRAWBERRY
112382792,Boey,56484772,0,BUY_LAND,146,6,39.0,25,10,
112382792,Boey,56484772,0,BUY_ANIMAL_FIRST,1,0,3000.0,25,6,SHEEP
112382792,Boey,56484772,0,BUY_ANIMAL_FIRST,2,0,3000.0,25,6,COW
112382792,Boey,56484772,0,BUY_ANIMAL_FIRST,50,2,20.0,25,6,GOOSE
112382792,Boey,56484772,0,CASH_TROUGH_MIN_D3_7,96,4,2.0,,7,min_money=2.0
112382792,Boey,56484772,0,DOMINANT_CROP_SHIFT_D3_TO_D9,,,,,,MELON->STRAWBERRY
112382966,吃白饭的大肥鱼,56483899,0,BUY_LAND,149,6,1073.0,25,9,
112382966,吃白饭的大肥鱼,56483899,0,BUY_ANIMAL_FIRST,1,0,3000.0,25,5,COW
112382966,吃白饭的大肥鱼,56483899,0,BUY_ANIMAL_FIRST,1,0,3000.0,25,5,SHEEP
112382966,吃白饭的大肥鱼,56483899,0,BUY_ANIMAL_FIRST,266,11,3086.0,50,12,GOOSE
112382966,吃白饭的大肥鱼,56483899,0,CASH_TROUGH_MIN_D3_7,72,3,48.0,,7,min_money=48.0
112382966,吃白饭的大肥鱼,56483899,0,DOMINANT_CROP_SHIFT_D3_TO_D9,,,,,,MELON->STRAWBERRY
112383216,Unknown Mother-Goose,56478145,0,BUY_LAND,150,6,881.0,25,9,
112383216,Unknown Mother-Goose,56478145,0,BUY_ANIMAL_FIRST,1,0,3000.0,25,5,COW
112383216,Unknown Mother-Goose,56478145,0,BUY_ANIMAL_FIRST,2,0,3000.0,25,5,SHEEP
112383216,Unknown Mother-Goose,56478145,0,BUY_ANIMAL_FIRST,153,6,881.0,25,9,GOOSE
112383216,Unknown Mother-Goose,56478145,0,CASH_TROUGH_MIN_D3_7,72,3,6.0,,6,min_money=6.0
112383216,Unknown Mother-Goose,56478145,0,DOMINANT_CROP_SHIFT_D3_TO_D9,,,,,,MELON->WHEAT
112383976,Boey,56484772,1,BUY_LAND,146,6,93.0,25,10,
112383976,Boey,56484772,1,BUY_ANIMAL_FIRST,1,0,3000.0,25,6,SHEEP
112383976,Boey,56484772,1,BUY_ANIMAL_FIRST,2,0,3000.0,25,6,COW
112383976,Boey,56484772,1,BUY_ANIMAL_FIRST,50,2,236.0,25,6,GOOSE
112383976,Boey,56484772,1,CASH_TROUGH_MIN_D3_7,72,3,3.0,,6,min_money=3.0
112383976,Boey,56484772,1,DOMINANT_CROP_SHIFT_D3_TO_D9,,,,,,MELON->STRAWBERRY
112384144,吃白饭的大肥鱼,56483899,1,BUY_LAND,149,6,1046.0,25,9,
112384144,吃白饭的大肥鱼,56483899,1,BUY_ANIMAL_FIRST,1,0,3000.0,25,5,COW
112384144,吃白饭的大肥鱼,56483899,1,BUY_ANIMAL_FIRST,1,0,3000.0,25,5,SHEEP
112384144,吃白饭的大肥鱼,56483899,1,BUY_ANIMAL_FIRST,266,11,2645.0,50,13,GOOSE
112384144,吃白饭的大肥鱼,56483899,1,CASH_TROUGH_MIN_D3_7,72,3,39.0,,7,min_money=39.0
112384144,吃白饭的大肥鱼,56483899,1,DOMINANT_CROP_SHIFT_D3_TO_D9,,,,,,MELON->STRAWBERRY
112384473,Boey,56484772,1,BUY_LAND,146,6,52.0,25,10,
112384473,Boey,56484772,1,BUY_ANIMAL_FIRST,1,0,3000.0,25,6,SHEEP
112384473,Boey,56484772,1,BUY_ANIMAL_FIRST,3,0,3000.0,25,6,COW
112384473,Boey,56484772,1,BUY_ANIMAL_FIRST,51,2,355.0,25,6,GOOSE
112384473,Boey,56484772,1,CASH_TROUGH_MIN_D3_7,96,4,2.0,,7,min_money=2.0
112384473,Boey,56484772,1,DOMINANT_CROP_SHIFT_D3_TO_D9,,,,,,MELON->STRAWBERRY
112385139,Boey,56484772,0,BUY_LAND,146,6,108.0,25,10,
112385139,Boey,56484772,0,BUY_ANIMAL_FIRST,1,0,3000.0,25,6,SHEEP
112385139,Boey,56484772,0,BUY_ANIMAL_FIRST,3,0,3000.0,25,6,COW
112385139,Boey,56484772,0,BUY_ANIMAL_FIRST,50,2,316.0,25,6,GOOSE
112385139,Boey,56484772,0,CASH_TROUGH_MIN_D3_7,72,3,3.0,,6,min_money=3.0
112385139,Boey,56484772,0,DOMINANT_CROP_SHIFT_D3_TO_D9,,,,,,MELON->WHEAT
112385319,吃白饭的大肥鱼,56483899,0,BUY_LAND,149,6,1074.0,25,9,
112385319,吃白饭的大肥鱼,56483899,0,BUY_ANIMAL_FIRST,1,0,3000.0,25,5,COW
112385319,吃白饭的大肥鱼,56483899,0,BUY_ANIMAL_FIRST,1,0,3000.0,25,5,SHEEP
112385319,吃白饭的大肥鱼,56483899,0,BUY_ANIMAL_FIRST,151,6,1074.0,25,9,GOOSE
112385319,吃白饭的大肥鱼,56483899,0,CASH_TROUGH_MIN_D3_7,72,3,43.0,,7,min_money=43.0
112385319,吃白饭的大肥鱼,56483899,0,DOMINANT_CROP_SHIFT_D3_TO_D9,,,,,,MELON->STRAWBERRY
112385471,吃白饭的大肥鱼,56483899,0,BUY_LAND,149,6,1072.0,25,9,
112385471,吃白饭的大肥鱼,56483899,0,BUY_ANIMAL_FIRST,1,0,3000.0,25,5,COW
112385471,吃白饭的大肥鱼,56483899,0,BUY_ANIMAL_FIRST,1,0,3000.0,25,5,SHEEP
112385471,吃白饭的大肥鱼,56483899,0,BUY_ANIMAL_FIRST,151,6,1072.0,25,9,GOOSE
112385471,吃白饭的大肥鱼,56483899,0,CASH_TROUGH_MIN_D3_7,72,3,43.0,,7,min_money=43.0
112385471,吃白饭的大肥鱼,56483899,0,DOMINANT_CROP_SHIFT_D3_TO_D9,,,,,,MELON->STRAWBERRY
112386353,Boey,56484772,1,BUY_LAND,146,6,27.0,25,10,
112386353,Boey,56484772,1,BUY_ANIMAL_FIRST,1,0,3000.0,25,6,SHEEP
112386353,Boey,56484772,1,BUY_ANIMAL_FIRST,2,0,3000.0,25,6,COW
112386353,Boey,56484772,1,BUY_ANIMAL_FIRST,51,2,389.0,25,6,GOOSE
112386353,Boey,56484772,1,CASH_TROUGH_MIN_D3_7,168,7,5.0,,8,min_money=5.0
112386353,Boey,56484772,1,DOMINANT_CROP_SHIFT_D3_TO_D9,,,,,,WHEAT->STRAWBERRY
112386510,吃白饭的大肥鱼,56483899,0,BUY_LAND,149,6,1064.0,25,9,
112386510,吃白饭的大肥鱼,56483899,0,BUY_ANIMAL_FIRST,1,0,3000.0,25,5,COW
112386510,吃白饭的大肥鱼,56483899,0,BUY_ANIMAL_FIRST,1,0,3000.0,25,5,SHEEP
112386510,吃白饭的大肥鱼,56483899,0,BUY_ANIMAL_FIRST,266,11,2780.0,50,13,GOOSE
112386510,吃白饭的大肥鱼,56483899,0,CASH_TROUGH_MIN_D3_7,72,3,43.0,,7,min_money=43.0
112386510,吃白饭的大肥鱼,56483899,0,DOMINANT_CROP_SHIFT_D3_TO_D9,,,,,,MELON->STRAWBERRY
112386644,Boey,56484772,1,BUY_LAND,146,6,7.0,25,10,
112386644,Boey,56484772,1,BUY_ANIMAL_FIRST,1,0,3000.0,25,6,SHEEP
112386644,Boey,56484772,1,BUY_ANIMAL_FIRST,3,0,3000.0,25,6,COW
112386644,Boey,56484772,1,BUY_ANIMAL_FIRST,50,2,0.0,25,6,GOOSE
112386644,Boey,56484772,1,CASH_TROUGH_MIN_D3_7,96,4,1.0,,7,min_money=1.0
112387546,Boey,56484772,0,BUY_LAND,146,6,29.0,25,10,
112387546,Boey,56484772,0,BUY_ANIMAL_FIRST,1,0,3000.0,25,6,SHEEP
112387546,Boey,56484772,0,BUY_ANIMAL_FIRST,3,0,3000.0,25,6,COW
112387546,Boey,56484772,0,BUY_ANIMAL_FIRST,50,2,319.0,25,6,GOOSE
112387546,Boey,56484772,0,CASH_TROUGH_MIN_D3_7,120,5,5.0,,6,min_money=5.0
112387546,Boey,56484772,0,DOMINANT_CROP_SHIFT_D3_TO_D9,,,,,,MELON->WHEAT
112387712,吃白饭的大肥鱼,56483899,1,BUY_LAND,149,6,1005.0,25,9,
112387712,吃白饭的大肥鱼,56483899,1,BUY_ANIMAL_FIRST,1,0,3000.0,25,5,COW
112387712,吃白饭的大肥鱼,56483899,1,BUY_ANIMAL_FIRST,1,0,3000.0,25,5,SHEEP
112387712,吃白饭的大肥鱼,56483899,1,BUY_ANIMAL_FIRST,150,6,1005.0,25,9,GOOSE
112387712,吃白饭的大肥鱼,56483899,1,CASH_TROUGH_MIN_D3_7,96,4,80.0,,7,min_money=80.0
112387712,吃白饭的大肥鱼,56483899,1,DOMINANT_CROP_SHIFT_D3_TO_D9,,,,,,MELON->STRAWBERRY
112388714,Boey,56484772,0,BUY_LAND,146,6,13.0,25,10,
112388714,Boey,56484772,0,BUY_ANIMAL_FIRST,1,0,3000.0,25,6,SHEEP
112388714,Boey,56484772,0,BUY_ANIMAL_FIRST,2,0,3000.0,25,6,COW
112388714,Boey,56484772,0,BUY_ANIMAL_FIRST,51,2,401.0,25,6,GOOSE
112388714,Boey,56484772,0,CASH_TROUGH_MIN_D3_7,120,5,0.0,,6,min_money=0.0
112388714,Boey,56484772,0,DOMINANT_CROP_SHIFT_D3_TO_D9,,,,,,MELON->STRAWBERRY
112388888,吃白饭的大肥鱼,56483899,0,BUY_LAND,149,6,1068.0,25,9,
112388888,吃白饭的大肥鱼,56483899,0,BUY_ANIMAL_FIRST,1,0,3000.0,25,5,COW
112388888,吃白饭的大肥鱼,56483899,0,BUY_ANIMAL_FIRST,1,0,3000.0,25,5,SHEEP
112388888,吃白饭的大肥鱼,56483899,0,BUY_ANIMAL_FIRST,151,6,1068.0,25,9,GOOSE
112388888,吃白饭的大肥鱼,56483899,0,CASH_TROUGH_MIN_D3_7,72,3,44.0,,7,min_money=44.0
112388888,吃白饭的大肥鱼,56483899,0,DOMINANT_CROP_SHIFT_D3_TO_D9,,,,,,MELON->STRAWBERRY
112388993,Boey,56484772,1,BUY_LAND,146,6,63.0,25,10,
112388993,Boey,56484772,1,BUY_ANIMAL_FIRST,1,0,3000.0,25,6,SHEEP
112388993,Boey,56484772,1,BUY_ANIMAL_FIRST,2,0,3000.0,25,6,COW
112388993,Boey,56484772,1,BUY_ANIMAL_FIRST,50,2,318.0,25,6,GOOSE
112388993,Boey,56484772,1,CASH_TROUGH_MIN_D3_7,72,3,5.0,,6,min_money=5.0
112388993,Boey,56484772,1,DOMINANT_CROP_SHIFT_D3_TO_D9,,,,,,MELON->STRAWBERRY
112389942,Boey,56484772,0,BUY_LAND,146,6,166.0,25,10,
112389942,Boey,56484772,0,BUY_ANIMAL_FIRST,1,0,3000.0,25,6,SHEEP
112389942,Boey,56484772,0,BUY_ANIMAL_FIRST,3,0,3000.0,25,6,COW
112389942,Boey,56484772,0,BUY_ANIMAL_FIRST,50,2,156.0,25,6,GOOSE
112389942,Boey,56484772,0,CASH_TROUGH_MIN_D3_7,96,4,9.0,,6,min_money=9.0
112389942,Boey,56484772,0,DOMINANT_CROP_SHIFT_D3_TO_D9,,,,,,MELON->STRAWBERRY
112390105,吃白饭的大肥鱼,56483899,0,BUY_LAND,149,6,1006.0,25,9,
112390105,吃白饭的大肥鱼,56483899,0,BUY_ANIMAL_FIRST,1,0,3000.0,25,5,COW
112390105,吃白饭的大肥鱼,56483899,0,BUY_ANIMAL_FIRST,1,0,3000.0,25,5,SHEEP
112390105,吃白饭的大肥鱼,56483899,0,BUY_ANIMAL_FIRST,222,9,3088.0,50,12,GOOSE
112390105,吃白饭的大肥鱼,56483899,0,CASH_TROUGH_MIN_D3_7,96,4,80.0,,7,min_money=80.0
112390105,吃白饭的大肥鱼,56483899,0,DOMINANT_CROP_SHIFT_D3_TO_D9,,,,,,MELON->STRAWBERRY
112391149,Boey,56484772,1,BUY_LAND,146,6,31.0,25,10,
112391149,Boey,56484772,1,BUY_ANIMAL_FIRST,1,0,3000.0,25,6,SHEEP
112391149,Boey,56484772,1,BUY_ANIMAL_FIRST,4,0,3000.0,25,6,COW
112391149,Boey,56484772,1,BUY_ANIMAL_FIRST,50,2,88.0,25,6,GOOSE
112391149,Boey,56484772,1,CASH_TROUGH_MIN_D3_7,96,4,1.0,,7,min_money=1.0
112391149,Boey,56484772,1,DOMINANT_CROP_SHIFT_D3_TO_D9,,,,,,MELON->WHEAT
112391303,Unknown Mother-Goose,56478145,0,BUY_LAND,150,6,876.0,25,9,
112391303,Unknown Mother-Goose,56478145,0,BUY_ANIMAL_FIRST,1,0,3000.0,25,5,COW
112391303,Unknown Mother-Goose,56478145,0,BUY_ANIMAL_FIRST,2,0,3000.0,25,5,SHEEP
112391303,Unknown Mother-Goose,56478145,0,BUY_ANIMAL_FIRST,225,9,1172.0,50,11,GOOSE
112391303,Unknown Mother-Goose,56478145,0,CASH_TROUGH_MIN_D3_7,72,3,7.0,,6,min_money=7.0
112391303,Unknown Mother-Goose,56478145,0,DOMINANT_CROP_SHIFT_D3_TO_D9,,,,,,MELON->STRAWBERRY
112391303,吃白饭的大肥鱼,56483899,1,BUY_LAND,149,6,1066.0,25,9,
112391303,吃白饭的大肥鱼,56483899,1,BUY_ANIMAL_FIRST,1,0,3000.0,25,5,COW
112391303,吃白饭的大肥鱼,56483899,1,BUY_ANIMAL_FIRST,1,0,3000.0,25,5,SHEEP
112391303,吃白饭的大肥鱼,56483899,1,BUY_ANIMAL_FIRST,242,10,3026.0,50,13,GOOSE
112391303,吃白饭的大肥鱼,56483899,1,CASH_TROUGH_MIN_D3_7,72,3,43.0,,7,min_money=43.0
112391303,吃白饭的大肥鱼,56483899,1,DOMINANT_CROP_SHIFT_D3_TO_D9,,,,,,MELON->STRAWBERRY
112391485,M & M & P & Q,56464621,0,BUY_LAND,150,6,110.0,25,9,
112391485,M & M & P & Q,56464621,0,BUY_ANIMAL_FIRST,1,0,3000.0,25,5,COW
112391485,M & M & P & Q,56464621,0,BUY_ANIMAL_FIRST,1,0,3000.0,25,5,SHEEP
112391485,M & M & P & Q,56464621,0,BUY_ANIMAL_FIRST,25,1,4.0,25,4,GOOSE
112391485,M & M & P & Q,56464621,0,CASH_TROUGH_MIN_D3_7,168,7,13.0,,9,min_money=13.0
112391485,M & M & P & Q,56464621,0,DOMINANT_CROP_SHIFT_D3_TO_D9,,,,,,MELON->STRAWBERRY
112391485,吃白饭的大肥鱼,56483899,1,BUY_LAND,149,6,1046.0,25,9,
112391485,吃白饭的大肥鱼,56483899,1,BUY_ANIMAL_FIRST,1,0,3000.0,25,5,COW
112391485,吃白饭的大肥鱼,56483899,1,BUY_ANIMAL_FIRST,1,0,3000.0,25,5,SHEEP
112391485,吃白饭的大肥鱼,56483899,1,BUY_ANIMAL_FIRST,242,10,2508.0,50,12,GOOSE
112391485,吃白饭的大肥鱼,56483899,1,CASH_TROUGH_MIN_D3_7,72,3,44.0,,7,min_money=44.0
112391485,吃白饭的大肥鱼,56483899,1,DOMINANT_CROP_SHIFT_D3_TO_D9,,,,,,MELON->STRAWBERRY
112391645,Unknown Mother-Goose,56478145,1,BUY_LAND,150,6,882.0,25,9,
112391645,Unknown Mother-Goose,56478145,1,BUY_ANIMAL_FIRST,1,0,3000.0,25,5,COW
112391645,Unknown Mother-Goose,56478145,1,BUY_ANIMAL_FIRST,2,0,3000.0,25,5,SHEEP
112391645,Unknown Mother-Goose,56478145,1,BUY_ANIMAL_FIRST,153,6,882.0,25,9,GOOSE
112391645,Unknown Mother-Goose,56478145,1,CASH_TROUGH_MIN_D3_7,168,7,4.0,,9,min_money=4.0
112391645,Unknown Mother-Goose,56478145,1,DOMINANT_CROP_SHIFT_D3_TO_D9,,,,,,MELON->STRAWBERRY
112392332,Boey,56484772,0,BUY_LAND,146,6,35.0,25,10,
112392332,Boey,56484772,0,BUY_ANIMAL_FIRST,1,0,3000.0,25,6,SHEEP
112392332,Boey,56484772,0,BUY_ANIMAL_FIRST,3,0,3000.0,25,6,COW
112392332,Boey,56484772,0,BUY_ANIMAL_FIRST,51,2,397.0,25,6,GOOSE
112392332,Boey,56484772,0,CASH_TROUGH_MIN_D3_7,72,3,1.0,,6,min_money=1.0
112392332,Boey,56484772,0,DOMINANT_CROP_SHIFT_D3_TO_D9,,,,,,MELON->STRAWBERRY
112392488,吃白饭的大肥鱼,56483899,1,BUY_LAND,149,6,1064.0,25,9,
112392488,吃白饭的大肥鱼,56483899,1,BUY_ANIMAL_FIRST,1,0,3000.0,25,5,COW
112392488,吃白饭的大肥鱼,56483899,1,BUY_ANIMAL_FIRST,1,0,3000.0,25,5,SHEEP
112392488,吃白饭的大肥鱼,56483899,1,BUY_ANIMAL_FIRST,150,6,1064.0,25,9,GOOSE
112392488,吃白饭的大肥鱼,56483899,1,CASH_TROUGH_MIN_D3_7,72,3,52.0,,7,min_money=52.0
112392488,吃白饭的大肥鱼,56483899,1,DOMINANT_CROP_SHIFT_D3_TO_D9,,,,,,MELON->STRAWBERRY
112393505,Boey,56484772,0,BUY_LAND,146,6,13.0,25,10,
112393505,Boey,56484772,0,BUY_ANIMAL_FIRST,1,0,3000.0,25,6,SHEEP
112393505,Boey,56484772,0,BUY_ANIMAL_FIRST,2,0,3000.0,25,6,COW
112393505,Boey,56484772,0,BUY_ANIMAL_FIRST,53,2,1.0,25,6,GOOSE
112393505,Boey,56484772,0,CASH_TROUGH_MIN_D3_7,120,5,6.0,,6,min_money=6.0
112393505,Boey,56484772,0,DOMINANT_CROP_SHIFT_D3_TO_D9,,,,,,MELON->STRAWBERRY
112393649,吃白饭的大肥鱼,56483899,1,BUY_LAND,149,6,1086.0,25,9,
112393649,吃白饭的大肥鱼,56483899,1,BUY_ANIMAL_FIRST,1,0,3000.0,25,5,COW
112393649,吃白饭的大肥鱼,56483899,1,BUY_ANIMAL_FIRST,1,0,3000.0,25,5,SHEEP
112393649,吃白饭的大肥鱼,56483899,1,BUY_ANIMAL_FIRST,242,10,3192.0,50,11,GOOSE
112393649,吃白饭的大肥鱼,56483899,1,CASH_TROUGH_MIN_D3_7,72,3,49.0,,7,min_money=49.0
112393649,吃白饭的大肥鱼,56483899,1,DOMINANT_CROP_SHIFT_D3_TO_D9,,,,,,MELON->STRAWBERRY
112393713,Boey,56484772,0,BUY_LAND,146,6,20.0,25,10,
112393713,Boey,56484772,0,BUY_ANIMAL_FIRST,1,0,3000.0,25,6,SHEEP
112393713,Boey,56484772,0,BUY_ANIMAL_FIRST,3,0,3000.0,25,6,COW
112393713,Boey,56484772,0,BUY_ANIMAL_FIRST,51,2,302.0,25,6,GOOSE
112393713,Boey,56484772,0,CASH_TROUGH_MIN_D3_7,120,5,3.0,,6,min_money=3.0
112393713,Boey,56484772,0,DOMINANT_CROP_SHIFT_D3_TO_D9,,,,,,MELON->STRAWBERRY
112394731,Boey,56484772,1,BUY_LAND,146,6,32.0,25,10,
112394731,Boey,56484772,1,BUY_ANIMAL_FIRST,1,0,3000.0,25,6,SHEEP
112394731,Boey,56484772,1,BUY_ANIMAL_FIRST,2,0,3000.0,25,6,COW
112394731,Boey,56484772,1,BUY_ANIMAL_FIRST,51,2,309.0,25,6,GOOSE
112394731,Boey,56484772,1,CASH_TROUGH_MIN_D3_7,168,7,1.0,,7,min_money=1.0
112394731,Boey,56484772,1,DOMINANT_CROP_SHIFT_D3_TO_D9,,,,,,MELON->STRAWBERRY
112394900,吃白饭的大肥鱼,56483899,1,BUY_LAND,149,6,1073.0,25,9,
112394900,吃白饭的大肥鱼,56483899,1,BUY_ANIMAL_FIRST,1,0,3000.0,25,5,COW
112394900,吃白饭的大肥鱼,56483899,1,BUY_ANIMAL_FIRST,1,0,3000.0,25,5,SHEEP
112394900,吃白饭的大肥鱼,56483899,1,BUY_ANIMAL_FIRST,266,11,2616.0,50,12,GOOSE
112394900,吃白饭的大肥鱼,56483899,1,CASH_TROUGH_MIN_D3_7,72,3,43.0,,7,min_money=43.0
112394900,吃白饭的大肥鱼,56483899,1,DOMINANT_CROP_SHIFT_D3_TO_D9,,,,,,MELON->STRAWBERRY
112395923,Boey,56484772,0,BUY_LAND,146,6,0.0,25,10,
112395923,Boey,56484772,0,BUY_ANIMAL_FIRST,1,0,3000.0,25,6,SHEEP
112395923,Boey,56484772,0,BUY_ANIMAL_FIRST,2,0,3000.0,25,6,COW
112395923,Boey,56484772,0,BUY_ANIMAL_FIRST,52,2,1.0,25,6,GOOSE
112395923,Boey,56484772,0,CASH_TROUGH_MIN_D3_7,144,6,0.0,,10,min_money=0.0
112395923,Boey,56484772,0,DOMINANT_CROP_SHIFT_D3_TO_D9,,,,,,MELON->STRAWBERRY
112396068,吃白饭的大肥鱼,56483899,0,BUY_LAND,149,6,1006.0,25,9,
112396068,吃白饭的大肥鱼,56483899,0,BUY_ANIMAL_FIRST,1,0,3000.0,25,5,COW
112396068,吃白饭的大肥鱼,56483899,0,BUY_ANIMAL_FIRST,1,0,3000.0,25,5,SHEEP
112396068,吃白饭的大肥鱼,56483899,0,BUY_ANIMAL_FIRST,150,6,1006.0,25,9,GOOSE
112396068,吃白饭的大肥鱼,56483899,0,CASH_TROUGH_MIN_D3_7,96,4,80.0,,7,min_money=80.0
112396068,吃白饭的大肥鱼,56483899,0,DOMINANT_CROP_SHIFT_D3_TO_D9,,,,,,MELON->STRAWBERRY
112396240,Boey,56484772,1,BUY_LAND,146,6,12.0,25,10,
112396240,Boey,56484772,1,BUY_ANIMAL_FIRST,1,0,3000.0,25,6,SHEEP
112396240,Boey,56484772,1,BUY_ANIMAL_FIRST,3,0,3000.0,25,6,COW
112396240,Boey,56484772,1,BUY_ANIMAL_FIRST,50,2,175.0,25,6,GOOSE
112396240,Boey,56484772,1,CASH_TROUGH_MIN_D3_7,72,3,7.0,,6,min_money=7.0
112396240,Boey,56484772,1,DOMINANT_CROP_SHIFT_D3_TO_D9,,,,,,MELON->STRAWBERRY
112396243,M & M & P & Q,56464621,0,BUY_LAND,130,5,84.0,25,7,
112396243,M & M & P & Q,56464621,0,BUY_ANIMAL_FIRST,1,0,3000.0,25,6,COW
112396243,M & M & P & Q,56464621,0,BUY_ANIMAL_FIRST,1,0,3000.0,25,6,SHEEP
112396243,M & M & P & Q,56464621,0,BUY_ANIMAL_FIRST,25,1,7.0,25,5,GOOSE
112396243,M & M & P & Q,56464621,0,CASH_TROUGH_MIN_D3_7,96,4,1.0,,7,min_money=1.0
112396243,M & M & P & Q,56464621,0,DOMINANT_CROP_SHIFT_D3_TO_D9,,,,,,MELON->WHEAT
112397111,Boey,56484772,0,BUY_LAND,146,6,6.0,25,10,
112397111,Boey,56484772,0,BUY_ANIMAL_FIRST,1,0,3000.0,25,6,SHEEP
112397111,Boey,56484772,0,BUY_ANIMAL_FIRST,3,0,3000.0,25,6,COW
112397111,Boey,56484772,0,BUY_ANIMAL_FIRST,51,2,28.0,25,6,GOOSE
112397111,Boey,56484772,0,CASH_TROUGH_MIN_D3_7,168,7,1.0,,7,min_money=1.0
112397111,Boey,56484772,0,DOMINANT_CROP_SHIFT_D3_TO_D9,,,,,,MELON->STRAWBERRY
112397242,吃白饭的大肥鱼,56483899,0,BUY_LAND,149,6,1056.0,25,9,
112397242,吃白饭的大肥鱼,56483899,0,BUY_ANIMAL_FIRST,1,0,3000.0,25,5,COW
112397242,吃白饭的大肥鱼,56483899,0,BUY_ANIMAL_FIRST,1,0,3000.0,25,5,SHEEP
112397242,吃白饭的大肥鱼,56483899,0,BUY_ANIMAL_FIRST,150,6,1056.0,25,9,GOOSE
112397242,吃白饭的大肥鱼,56483899,0,CASH_TROUGH_MIN_D3_7,72,3,43.0,,7,min_money=43.0
112397242,吃白饭的大肥鱼,56483899,0,DOMINANT_CROP_SHIFT_D3_TO_D9,,,,,,MELON->STRAWBERRY
112398313,Boey,56484772,1,BUY_LAND,146,6,1.0,25,10,
112398313,Boey,56484772,1,BUY_ANIMAL_FIRST,1,0,3000.0,25,6,SHEEP
112398313,Boey,56484772,1,BUY_ANIMAL_FIRST,2,0,3000.0,25,6,COW
112398313,Boey,56484772,1,BUY_ANIMAL_FIRST,50,2,75.0,25,6,GOOSE
112398313,Boey,56484772,1,CASH_TROUGH_MIN_D3_7,72,3,0.0,,6,min_money=0.0
112398313,Boey,56484772,1,DOMINANT_CROP_SHIFT_D3_TO_D9,,,,,,MELON->WHEAT
112398456,吃白饭的大肥鱼,56483899,1,BUY_LAND,149,6,1012.0,25,9,
112398456,吃白饭的大肥鱼,56483899,1,BUY_ANIMAL_FIRST,1,0,3000.0,25,5,COW
112398456,吃白饭的大肥鱼,56483899,1,BUY_ANIMAL_FIRST,1,0,3000.0,25,5,SHEEP
112398456,吃白饭的大肥鱼,56483899,1,BUY_ANIMAL_FIRST,266,11,2733.0,50,12,GOOSE
112398456,吃白饭的大肥鱼,56483899,1,CASH_TROUGH_MIN_D3_7,72,3,50.0,,7,min_money=50.0
112398456,吃白饭的大肥鱼,56483899,1,DOMINANT_CROP_SHIFT_D3_TO_D9,,,,,,MELON->STRAWBERRY
112399487,Boey,56484772,0,BUY_LAND,146,6,2.0,25,10,
112399487,Boey,56484772,0,BUY_ANIMAL_FIRST,1,0,3000.0,25,6,SHEEP
112399487,Boey,56484772,0,BUY_ANIMAL_FIRST,3,0,3000.0,25,6,COW
112399487,Boey,56484772,0,BUY_ANIMAL_FIRST,50,2,27.0,25,6,GOOSE
112399487,Boey,56484772,0,CASH_TROUGH_MIN_D3_7,96,4,2.0,,7,min_money=2.0
112399623,吃白饭的大肥鱼,56483899,0,BUY_LAND,149,6,1052.0,25,9,
112399623,吃白饭的大肥鱼,56483899,0,BUY_ANIMAL_FIRST,1,0,3000.0,25,5,COW
112399623,吃白饭的大肥鱼,56483899,0,BUY_ANIMAL_FIRST,1,0,3000.0,25,5,SHEEP
112399623,吃白饭的大肥鱼,56483899,0,BUY_ANIMAL_FIRST,242,10,2638.0,50,11,GOOSE
112399623,吃白饭的大肥鱼,56483899,0,CASH_TROUGH_MIN_D3_7,72,3,46.0,,7,min_money=46.0
112399623,吃白饭的大肥鱼,56483899,0,DOMINANT_CROP_SHIFT_D3_TO_D9,,,,,,MELON->STRAWBERRY
112399744,Boey,56484772,1,BUY_LAND,146,6,23.0,25,10,
112399744,Boey,56484772,1,BUY_ANIMAL_FIRST,1,0,3000.0,25,6,SHEEP
112399744,Boey,56484772,1,BUY_ANIMAL_FIRST,2,0,3000.0,25,6,COW
112399744,Boey,56484772,1,BUY_ANIMAL_FIRST,51,2,322.0,25,6,GOOSE
112399744,Boey,56484772,1,CASH_TROUGH_MIN_D3_7,120,5,3.0,,7,min_money=3.0
112399744,Boey,56484772,1,DOMINANT_CROP_SHIFT_D3_TO_D9,,,,,,MELON->STRAWBERRY
112399981,Unknown Mother-Goose,56478145,1,BUY_LAND,150,6,938.0,25,9,
112399981,Unknown Mother-Goose,56478145,1,BUY_ANIMAL_FIRST,1,0,3000.0,25,5,COW
112399981,Unknown Mother-Goose,56478145,1,BUY_ANIMAL_FIRST,2,0,3000.0,25,5,SHEEP
112399981,Unknown Mother-Goose,56478145,1,BUY_ANIMAL_FIRST,153,6,938.0,25,9,GOOSE
112399981,Unknown Mother-Goose,56478145,1,CASH_TROUGH_MIN_D3_7,168,7,3.0,,9,min_money=3.0
112399981,Unknown Mother-Goose,56478145,1,DOMINANT_CROP_SHIFT_D3_TO_D9,,,,,,MELON->STRAWBERRY
112400663,Boey,56484772,0,BUY_LAND,146,6,24.0,25,10,
112400663,Boey,56484772,0,BUY_ANIMAL_FIRST,1,0,3000.0,25,6,SHEEP
112400663,Boey,56484772,0,BUY_ANIMAL_FIRST,3,0,3000.0,25,6,COW
112400663,Boey,56484772,0,BUY_ANIMAL_FIRST,51,2,400.0,25,6,GOOSE
112400663,Boey,56484772,0,CASH_TROUGH_MIN_D3_7,168,7,3.0,,7,min_money=3.0
112400663,Boey,56484772,0,DOMINANT_CROP_SHIFT_D3_TO_D9,,,,,,MELON->STRAWBERRY
112400791,吃白饭的大肥鱼,56483899,1,BUY_LAND,149,6,1073.0,25,9,
112400791,吃白饭的大肥鱼,56483899,1,BUY_ANIMAL_FIRST,1,0,3000.0,25,5,COW
112400791,吃白饭的大肥鱼,56483899,1,BUY_ANIMAL_FIRST,1,0,3000.0,25,5,SHEEP
112400791,吃白饭的大肥鱼,56483899,1,BUY_ANIMAL_FIRST,266,11,2850.0,50,13,GOOSE
112400791,吃白饭的大肥鱼,56483899,1,CASH_TROUGH_MIN_D3_7,72,3,48.0,,7,min_money=48.0
112400791,吃白饭的大肥鱼,56483899,1,DOMINANT_CROP_SHIFT_D3_TO_D9,,,,,,MELON->STRAWBERRY
112400905,Unknown Mother-Goose,56478145,1,BUY_LAND,150,6,882.0,25,9,
112400905,Unknown Mother-Goose,56478145,1,BUY_ANIMAL_FIRST,1,0,3000.0,25,5,COW
112400905,Unknown Mother-Goose,56478145,1,BUY_ANIMAL_FIRST,2,0,3000.0,25,5,SHEEP
112400905,Unknown Mother-Goose,56478145,1,BUY_ANIMAL_FIRST,153,6,882.0,25,9,GOOSE
112400905,Unknown Mother-Goose,56478145,1,CASH_TROUGH_MIN_D3_7,72,3,9.0,,6,min_money=9.0
112400905,Unknown Mother-Goose,56478145,1,DOMINANT_CROP_SHIFT_D3_TO_D9,,,,,,MELON->STRAWBERRY
112400909,M & M & P & Q,56464621,0,BUY_LAND,106,4,84.0,25,7,
112400909,M & M & P & Q,56464621,0,BUY_ANIMAL_FIRST,1,0,3000.0,25,6,COW
112400909,M & M & P & Q,56464621,0,BUY_ANIMAL_FIRST,1,0,3000.0,25,6,SHEEP
112400909,M & M & P & Q,56464621,0,BUY_ANIMAL_FIRST,25,1,7.0,25,5,GOOSE
112400909,M & M & P & Q,56464621,0,CASH_TROUGH_MIN_D3_7,144,6,46.0,,8,min_money=46.0
112400909,M & M & P & Q,56464621,0,DOMINANT_CROP_SHIFT_D3_TO_D9,,,,,,MELON->WHEAT
112401974,Boey,56484772,1,BUY_LAND,146,6,29.0,25,10,
112401974,Boey,56484772,1,BUY_ANIMAL_FIRST,1,0,3000.0,25,6,SHEEP
112401974,Boey,56484772,1,BUY_ANIMAL_FIRST,3,0,3000.0,25,6,COW
112401974,Boey,56484772,1,BUY_ANIMAL_FIRST,51,2,398.0,25,6,GOOSE
112401974,Boey,56484772,1,CASH_TROUGH_MIN_D3_7,72,3,1.0,,6,min_money=1.0
112401974,Boey,56484772,1,DOMINANT_CROP_SHIFT_D3_TO_D9,,,,,,MELON->WHEAT
112401974,吃白饭的大肥鱼,56483899,0,BUY_LAND,149,6,1054.0,25,9,
112401974,吃白饭的大肥鱼,56483899,0,BUY_ANIMAL_FIRST,1,0,3000.0,25,5,COW
112401974,吃白饭的大肥鱼,56483899,0,BUY_ANIMAL_FIRST,1,0,3000.0,25,5,SHEEP
112401974,吃白饭的大肥鱼,56483899,0,BUY_ANIMAL_FIRST,151,6,1054.0,25,9,GOOSE
112401974,吃白饭的大肥鱼,56483899,0,CASH_TROUGH_MIN_D3_7,168,7,23.0,,10,min_money=23.0
112401974,吃白饭的大肥鱼,56483899,0,DOMINANT_CROP_SHIFT_D3_TO_D9,,,,,,MELON->STRAWBERRY
112402102,吃白饭的大肥鱼,56483899,0,BUY_LAND,149,6,1074.0,25,9,
112402102,吃白饭的大肥鱼,56483899,0,BUY_ANIMAL_FIRST,1,0,3000.0,25,5,COW
112402102,吃白饭的大肥鱼,56483899,0,BUY_ANIMAL_FIRST,1,0,3000.0,25,5,SHEEP
112402102,吃白饭的大肥鱼,56483899,0,BUY_ANIMAL_FIRST,151,6,1074.0,25,9,GOOSE
112402102,吃白饭的大肥鱼,56483899,0,CASH_TROUGH_MIN_D3_7,72,3,46.0,,7,min_money=46.0
112402102,吃白饭的大肥鱼,56483899,0,DOMINANT_CROP_SHIFT_D3_TO_D9,,,,,,MELON->STRAWBERRY
112403144,Boey,56484772,0,BUY_LAND,146,6,20.0,25,10,
112403144,Boey,56484772,0,BUY_ANIMAL_FIRST,1,0,3000.0,25,6,SHEEP
112403144,Boey,56484772,0,BUY_ANIMAL_FIRST,3,0,3000.0,25,6,COW
112403144,Boey,56484772,0,BUY_ANIMAL_FIRST,51,2,316.0,25,6,GOOSE
112403144,Boey,56484772,0,CASH_TROUGH_MIN_D3_7,72,3,0.0,,6,min_money=0.0
112403275,吃白饭的大肥鱼,56483899,1,BUY_LAND,149,6,1074.0,25,9,
112403275,吃白饭的大肥鱼,56483899,1,BUY_ANIMAL_FIRST,1,0,3000.0,25,5,COW
112403275,吃白饭的大肥鱼,56483899,1,BUY_ANIMAL_FIRST,1,0,3000.0,25,5,SHEEP
112403275,吃白饭的大肥鱼,56483899,1,BUY_ANIMAL_FIRST,151,6,1074.0,25,9,GOOSE
112403275,吃白饭的大肥鱼,56483899,1,CASH_TROUGH_MIN_D3_7,72,3,43.0,,7,min_money=43.0
112403275,吃白饭的大肥鱼,56483899,1,DOMINANT_CROP_SHIFT_D3_TO_D9,,,,,,MELON->STRAWBERRY
112404368,Boey,56484772,0,BUY_LAND,146,6,13.0,25,10,
112404368,Boey,56484772,0,BUY_ANIMAL_FIRST,1,0,3000.0,25,6,SHEEP
112404368,Boey,56484772,0,BUY_ANIMAL_FIRST,4,0,3000.0,25,6,COW
112404368,Boey,56484772,0,BUY_ANIMAL_FIRST,50,2,121.0,25,6,GOOSE
112404368,Boey,56484772,0,CASH_TROUGH_MIN_D3_7,96,4,1.0,,6,min_money=1.0
112404368,Boey,56484772,0,DOMINANT_CROP_SHIFT_D3_TO_D9,,,,,,MELON->WHEAT
112404501,吃白饭的大肥鱼,56483899,1,BUY_LAND,149,6,1020.0,25,9,
112404501,吃白饭的大肥鱼,56483899,1,BUY_ANIMAL_FIRST,1,0,3000.0,25,5,COW
112404501,吃白饭的大肥鱼,56483899,1,BUY_ANIMAL_FIRST,1,0,3000.0,25,5,SHEEP
112404501,吃白饭的大肥鱼,56483899,1,BUY_ANIMAL_FIRST,150,6,1020.0,25,9,GOOSE
112404501,吃白饭的大肥鱼,56483899,1,CASH_TROUGH_MIN_D3_7,72,3,50.0,,7,min_money=50.0
112404501,吃白饭的大肥鱼,56483899,1,DOMINANT_CROP_SHIFT_D3_TO_D9,,,,,,MELON->STRAWBERRY
112405569,Boey,56484772,0,BUY_LAND,146,6,15.0,25,10,
112405569,Boey,56484772,0,BUY_ANIMAL_FIRST,1,0,3000.0,25,6,SHEEP
112405569,Boey,56484772,0,BUY_ANIMAL_FIRST,3,0,3000.0,25,6,COW
112405569,Boey,56484772,0,BUY_ANIMAL_FIRST,51,2,307.0,25,6,GOOSE
112405569,Boey,56484772,0,CASH_TROUGH_MIN_D3_7,96,4,0.0,,7,min_money=0.0
112405569,Boey,56484772,0,DOMINANT_CROP_SHIFT_D3_TO_D9,,,,,,MELON->STRAWBERRY
112406771,Boey,56484772,1,BUY_LAND,146,6,23.0,25,10,
112406771,Boey,56484772,1,BUY_ANIMAL_FIRST,1,0,3000.0,25,6,SHEEP
112406771,Boey,56484772,1,BUY_ANIMAL_FIRST,2,0,3000.0,25,6,COW
112406771,Boey,56484772,1,BUY_ANIMAL_FIRST,51,2,400.0,25,6,GOOSE
112406771,Boey,56484772,1,CASH_TROUGH_MIN_D3_7,72,3,5.0,,6,min_money=5.0
112406771,Boey,56484772,1,DOMINANT_CROP_SHIFT_D3_TO_D9,,,,,,MELON->STRAWBERRY
112407213,吃白饭的大肥鱼,56483899,1,BUY_LAND,149,6,1064.0,25,9,
112407213,吃白饭的大肥鱼,56483899,1,BUY_ANIMAL_FIRST,1,0,3000.0,25,5,COW
112407213,吃白饭的大肥鱼,56483899,1,BUY_ANIMAL_FIRST,1,0,3000.0,25,5,SHEEP
112407213,吃白饭的大肥鱼,56483899,1,BUY_ANIMAL_FIRST,151,6,1064.0,25,9,GOOSE
112407213,吃白饭的大肥鱼,56483899,1,CASH_TROUGH_MIN_D3_7,72,3,44.0,,7,min_money=44.0
112407213,吃白饭的大肥鱼,56483899,1,DOMINANT_CROP_SHIFT_D3_TO_D9,,,,,,MELON->STRAWBERRY
112407959,Boey,56484772,1,BUY_LAND,146,6,0.0,25,10,
112407959,Boey,56484772,1,BUY_ANIMAL_FIRST,1,0,3000.0,25,6,SHEEP
112407959,Boey,56484772,1,BUY_ANIMAL_FIRST,4,0,3000.0,25,6,COW
112407959,Boey,56484772,1,BUY_ANIMAL_FIRST,56,2,259.0,25,7,GOOSE
112407959,Boey,56484772,1,CASH_TROUGH_MIN_D3_7,96,4,0.0,,6,min_money=0.0
112407959,Boey,56484772,1,DOMINANT_CROP_SHIFT_D3_TO_D9,,,,,,WHEAT->STRAWBERRY
112409147,Boey,56484772,0,BUY_LAND,146,6,38.0,25,10,
112409147,Boey,56484772,0,BUY_ANIMAL_FIRST,1,0,3000.0,25,6,SHEEP
112409147,Boey,56484772,0,BUY_ANIMAL_FIRST,2,0,3000.0,25,6,COW
112409147,Boey,56484772,0,BUY_ANIMAL_FIRST,50,2,15.0,25,6,GOOSE
112409147,Boey,56484772,0,CASH_TROUGH_MIN_D3_7,72,3,0.0,,6,min_money=0.0
112409147,Boey,56484772,0,DOMINANT_CROP_SHIFT_D3_TO_D9,,,,,,MELON->WHEAT
112409424,M & M & P & Q,56464621,0,BUY_LAND,106,4,34.0,25,7,
112409424,M & M & P & Q,56464621,0,BUY_ANIMAL_FIRST,1,0,3000.0,25,6,COW
112409424,M & M & P & Q,56464621,0,BUY_ANIMAL_FIRST,1,0,3000.0,25,6,SHEEP
112409424,M & M & P & Q,56464621,0,BUY_ANIMAL_FIRST,25,1,7.0,25,5,GOOSE
112409424,M & M & P & Q,56464621,0,CASH_TROUGH_MIN_D3_7,144,6,23.0,,9,min_money=23.0
112409424,M & M & P & Q,56464621,0,DOMINANT_CROP_SHIFT_D3_TO_D9,,,,,,MELON->WHEAT
112409424,Unknown Mother-Goose,56478145,1,BUY_LAND,150,6,809.0,25,9,
112409424,Unknown Mother-Goose,56478145,1,BUY_ANIMAL_FIRST,1,0,3000.0,25,5,COW
112409424,Unknown Mother-Goose,56478145,1,BUY_ANIMAL_FIRST,2,0,3000.0,25,5,SHEEP
112409424,Unknown Mother-Goose,56478145,1,BUY_ANIMAL_FIRST,153,6,809.0,25,9,GOOSE
112409424,Unknown Mother-Goose,56478145,1,CASH_TROUGH_MIN_D3_7,72,3,7.0,,6,min_money=7.0
112409424,Unknown Mother-Goose,56478145,1,DOMINANT_CROP_SHIFT_D3_TO_D9,,,,,,MELON->WHEAT
112409511,Unknown Mother-Goose,56478145,1,BUY_LAND,150,6,885.0,25,9,
112409511,Unknown Mother-Goose,56478145,1,BUY_ANIMAL_FIRST,1,0,3000.0,25,5,COW
112409511,Unknown Mother-Goose,56478145,1,BUY_ANIMAL_FIRST,2,0,3000.0,25,5,SHEEP
112409511,Unknown Mother-Goose,56478145,1,BUY_ANIMAL_FIRST,273,11,662.0,50,12,GOOSE
112409511,Unknown Mother-Goose,56478145,1,CASH_TROUGH_MIN_D3_7,72,3,9.0,,6,min_money=9.0
112409511,Unknown Mother-Goose,56478145,1,DOMINANT_CROP_SHIFT_D3_TO_D9,,,,,,MELON->WHEAT
112409514,Unknown Mother-Goose,56478145,1,BUY_LAND,150,6,982.0,25,9,
112409514,Unknown Mother-Goose,56478145,1,BUY_ANIMAL_FIRST,1,0,3000.0,25,5,COW
112409514,Unknown Mother-Goose,56478145,1,BUY_ANIMAL_FIRST,2,0,3000.0,25,5,SHEEP
112409514,Unknown Mother-Goose,56478145,1,BUY_ANIMAL_FIRST,225,9,868.0,50,11,GOOSE
112409514,Unknown Mother-Goose,56478145,1,CASH_TROUGH_MIN_D3_7,72,3,21.0,,7,min_money=21.0
112409514,Unknown Mother-Goose,56478145,1,DOMINANT_CROP_SHIFT_D3_TO_D9,,,,,,MELON->WHEAT
112410346,Boey,56484772,0,BUY_LAND,146,6,22.0,25,10,
112410346,Boey,56484772,0,BUY_ANIMAL_FIRST,1,0,3000.0,25,6,SHEEP
112410346,Boey,56484772,0,BUY_ANIMAL_FIRST,2,0,3000.0,25,6,COW
112410346,Boey,56484772,0,BUY_ANIMAL_FIRST,51,2,399.0,25,6,GOOSE
112410346,Boey,56484772,0,CASH_TROUGH_MIN_D3_7,72,3,3.0,,6,min_money=3.0
112410346,Boey,56484772,0,DOMINANT_CROP_SHIFT_D3_TO_D9,,,,,,MELON->STRAWBERRY
112411520,Boey,56484772,1,BUY_LAND,146,6,3.0,25,10,
112411520,Boey,56484772,1,BUY_ANIMAL_FIRST,1,0,3000.0,25,6,SHEEP
112411520,Boey,56484772,1,BUY_ANIMAL_FIRST,3,0,3000.0,25,6,COW
112411520,Boey,56484772,1,BUY_ANIMAL_FIRST,51,2,325.0,25,6,GOOSE
112411520,Boey,56484772,1,CASH_TROUGH_MIN_D3_7,144,6,3.0,,10,min_money=3.0
112411520,Boey,56484772,1,DOMINANT_CROP_SHIFT_D3_TO_D9,,,,,,MELON->WHEAT
112411520,吃白饭的大肥鱼,56483899,0,BUY_LAND,149,6,1051.0,25,9,
112411520,吃白饭的大肥鱼,56483899,0,BUY_ANIMAL_FIRST,1,0,3000.0,25,5,COW
112411520,吃白饭的大肥鱼,56483899,0,BUY_ANIMAL_FIRST,1,0,3000.0,25,5,SHEEP
112411520,吃白饭的大肥鱼,56483899,0,BUY_ANIMAL_FIRST,222,9,2852.0,50,12,GOOSE
112411520,吃白饭的大肥鱼,56483899,0,CASH_TROUGH_MIN_D3_7,72,3,41.0,,7,min_money=41.0
112411520,吃白饭的大肥鱼,56483899,0,DOMINANT_CROP_SHIFT_D3_TO_D9,,,,,,MELON->STRAWBERRY
112412703,Boey,56484772,1,BUY_LAND,146,6,28.0,25,10,
112412703,Boey,56484772,1,BUY_ANIMAL_FIRST,1,0,3000.0,25,6,SHEEP
112412703,Boey,56484772,1,BUY_ANIMAL_FIRST,3,0,3000.0,25,6,COW
112412703,Boey,56484772,1,BUY_ANIMAL_FIRST,51,2,9.0,25,6,GOOSE
112412703,Boey,56484772,1,CASH_TROUGH_MIN_D3_7,120,5,3.0,,6,min_money=3.0
112412703,Boey,56484772,1,DOMINANT_CROP_SHIFT_D3_TO_D9,,,,,,MELON->WHEAT
112413080,Unknown Mother-Goose,56478145,0,BUY_LAND,150,6,789.0,25,9,
112413080,Unknown Mother-Goose,56478145,0,BUY_ANIMAL_FIRST,1,0,3000.0,25,5,COW
112413080,Unknown Mother-Goose,56478145,0,BUY_ANIMAL_FIRST,2,0,3000.0,25,5,SHEEP
112413080,Unknown Mother-Goose,56478145,0,BUY_ANIMAL_FIRST,225,9,1190.0,50,11,GOOSE
112413080,Unknown Mother-Goose,56478145,0,CASH_TROUGH_MIN_D3_7,72,3,9.0,,6,min_money=9.0
112413080,Unknown Mother-Goose,56478145,0,DOMINANT_CROP_SHIFT_D3_TO_D9,,,,,,MELON->STRAWBERRY
112413097,吃白饭的大肥鱼,56483899,1,BUY_LAND,149,6,1055.0,25,9,
112413097,吃白饭的大肥鱼,56483899,1,BUY_ANIMAL_FIRST,1,0,3000.0,25,5,COW
112413097,吃白饭的大肥鱼,56483899,1,BUY_ANIMAL_FIRST,1,0,3000.0,25,5,SHEEP
112413097,吃白饭的大肥鱼,56483899,1,BUY_ANIMAL_FIRST,150,6,1055.0,25,9,GOOSE
112413097,吃白饭的大肥鱼,56483899,1,CASH_TROUGH_MIN_D3_7,72,3,43.0,,7,min_money=43.0
112413097,吃白饭的大肥鱼,56483899,1,DOMINANT_CROP_SHIFT_D3_TO_D9,,,,,,MELON->STRAWBERRY
112413928,Boey,56484772,1,BUY_LAND,146,6,1.0,25,10,
112413928,Boey,56484772,1,BUY_ANIMAL_FIRST,1,0,3000.0,25,6,SHEEP
112413928,Boey,56484772,1,BUY_ANIMAL_FIRST,2,0,3000.0,25,6,COW
112413928,Boey,56484772,1,BUY_ANIMAL_FIRST,51,2,320.0,25,6,GOOSE
112413928,Boey,56484772,1,CASH_TROUGH_MIN_D3_7,144,6,1.0,,10,min_money=1.0
112415099,Boey,56484772,1,BUY_LAND,146,6,90.0,25,10,
112415099,Boey,56484772,1,BUY_ANIMAL_FIRST,1,0,3000.0,25,6,SHEEP
112415099,Boey,56484772,1,BUY_ANIMAL_FIRST,2,0,3000.0,25,6,COW
112415099,Boey,56484772,1,BUY_ANIMAL_FIRST,50,2,21.0,25,6,GOOSE
112415099,Boey,56484772,1,CASH_TROUGH_MIN_D3_7,72,3,1.0,,6,min_money=1.0
112415099,Boey,56484772,1,DOMINANT_CROP_SHIFT_D3_TO_D9,,,,,,MELON->CARROT
112416287,Boey,56484772,0,BUY_LAND,146,6,29.0,25,10,
112416287,Boey,56484772,0,BUY_ANIMAL_FIRST,1,0,3000.0,25,6,SHEEP
112416287,Boey,56484772,0,BUY_ANIMAL_FIRST,2,0,3000.0,25,6,COW
112416287,Boey,56484772,0,BUY_ANIMAL_FIRST,51,2,392.0,25,6,GOOSE
112416287,Boey,56484772,0,CASH_TROUGH_MIN_D3_7,168,7,6.0,,7,min_money=6.0
112417447,Boey,56484772,0,BUY_LAND,146,6,9.0,25,10,
112417447,Boey,56484772,0,BUY_ANIMAL_FIRST,1,0,3000.0,25,6,SHEEP
112417447,Boey,56484772,0,BUY_ANIMAL_FIRST,2,0,3000.0,25,6,COW
112417447,Boey,56484772,0,BUY_ANIMAL_FIRST,51,2,320.0,25,6,GOOSE
112417447,Boey,56484772,0,CASH_TROUGH_MIN_D3_7,72,3,5.0,,6,min_money=5.0
112417447,Boey,56484772,0,DOMINANT_CROP_SHIFT_D3_TO_D9,,,,,,MELON->WHEAT
112417726,M & M & P & Q,56464621,1,BUY_LAND,130,5,42.0,25,7,
112417726,M & M & P & Q,56464621,1,BUY_ANIMAL_FIRST,1,0,3000.0,25,5,COW
112417726,M & M & P & Q,56464621,1,BUY_ANIMAL_FIRST,1,0,3000.0,25,5,SHEEP
112417726,M & M & P & Q,56464621,1,BUY_ANIMAL_FIRST,25,1,4.0,25,4,GOOSE
112417726,M & M & P & Q,56464621,1,CASH_TROUGH_MIN_D3_7,72,3,42.0,,6,min_money=42.0
112417726,M & M & P & Q,56464621,1,DOMINANT_CROP_SHIFT_D3_TO_D9,,,,,,MELON->WHEAT
112417726,吃白饭的大肥鱼,56483899,0,BUY_LAND,149,6,1040.0,25,9,
112417726,吃白饭的大肥鱼,56483899,0,BUY_ANIMAL_FIRST,1,0,3000.0,25,5,COW
112417726,吃白饭的大肥鱼,56483899,0,BUY_ANIMAL_FIRST,1,0,3000.0,25,5,SHEEP
112417726,吃白饭的大肥鱼,56483899,0,BUY_ANIMAL_FIRST,151,6,1040.0,25,9,GOOSE
112417726,吃白饭的大肥鱼,56483899,0,CASH_TROUGH_MIN_D3_7,168,7,34.0,,10,min_money=34.0
112417726,吃白饭的大肥鱼,56483899,0,DOMINANT_CROP_SHIFT_D3_TO_D9,,,,,,MELON->STRAWBERRY
112417778,Boey,56484772,0,BUY_LAND,146,6,18.0,25,10,
112417778,Boey,56484772,0,BUY_ANIMAL_FIRST,1,0,3000.0,25,6,SHEEP
112417778,Boey,56484772,0,BUY_ANIMAL_FIRST,3,0,3000.0,25,6,COW
112417778,Boey,56484772,0,BUY_ANIMAL_FIRST,51,2,318.0,25,6,GOOSE
112417778,Boey,56484772,0,CASH_TROUGH_MIN_D3_7,72,3,3.0,,6,min_money=3.0
112417778,Boey,56484772,0,DOMINANT_CROP_SHIFT_D3_TO_D9,,,,,,MELON->STRAWBERRY
112418188,DSM,56489014,1,BUY_LAND,150,6,847.0,25,9,
112418188,DSM,56489014,1,BUY_ANIMAL_FIRST,1,0,3000.0,25,5,COW
112418188,DSM,56489014,1,BUY_ANIMAL_FIRST,2,0,3000.0,25,5,SHEEP
112418188,DSM,56489014,1,BUY_ANIMAL_FIRST,224,9,2457.0,50,11,GOOSE
112418188,DSM,56489014,1,CASH_TROUGH_MIN_D3_7,168,7,6.0,,10,min_money=6.0
112418188,DSM,56489014,1,DOMINANT_CROP_SHIFT_D3_TO_D9,,,,,,MELON->STRAWBERRY
112418651,Boey,56484772,0,BUY_LAND,146,6,20.0,25,10,
112418651,Boey,56484772,0,BUY_ANIMAL_FIRST,1,0,3000.0,25,6,SHEEP
112418651,Boey,56484772,0,BUY_ANIMAL_FIRST,3,0,3000.0,25,6,COW
112418651,Boey,56484772,0,BUY_ANIMAL_FIRST,50,2,23.0,25,6,GOOSE
112418651,Boey,56484772,0,CASH_TROUGH_MIN_D3_7,120,5,8.0,,6,min_money=8.0
112418651,Boey,56484772,0,DOMINANT_CROP_SHIFT_D3_TO_D9,,,,,,MELON->STRAWBERRY
112419418,DSM,56489014,0,BUY_LAND,150,6,777.0,25,9,
112419418,DSM,56489014,0,BUY_ANIMAL_FIRST,1,0,3000.0,25,5,COW
112419418,DSM,56489014,0,BUY_ANIMAL_FIRST,2,0,3000.0,25,5,SHEEP
112419418,DSM,56489014,0,BUY_ANIMAL_FIRST,153,6,777.0,25,9,GOOSE
112419418,DSM,56489014,0,CASH_TROUGH_MIN_D3_7,72,3,10.0,,7,min_money=10.0
112419418,DSM,56489014,0,DOMINANT_CROP_SHIFT_D3_TO_D9,,,,,,MELON->STRAWBERRY
112419761,DSM,56489014,1,BUY_LAND,150,6,837.0,25,9,
112419761,DSM,56489014,1,BUY_ANIMAL_FIRST,1,0,3000.0,25,5,COW
112419761,DSM,56489014,1,BUY_ANIMAL_FIRST,2,0,3000.0,25,5,SHEEP
112419761,DSM,56489014,1,BUY_ANIMAL_FIRST,251,10,1956.0,50,13,GOOSE
112419761,DSM,56489014,1,CASH_TROUGH_MIN_D3_7,72,3,10.0,,7,min_money=10.0
112419761,DSM,56489014,1,DOMINANT_CROP_SHIFT_D3_TO_D9,,,,,,MELON->STRAWBERRY
112419902,Boey,56484772,1,BUY_LAND,146,6,13.0,25,10,
112419902,Boey,56484772,1,BUY_ANIMAL_FIRST,1,0,3000.0,25,6,SHEEP
112419902,Boey,56484772,1,BUY_ANIMAL_FIRST,2,0,3000.0,25,6,COW
112419902,Boey,56484772,1,BUY_ANIMAL_FIRST,50,2,310.0,25,6,GOOSE
112419902,Boey,56484772,1,CASH_TROUGH_MIN_D3_7,96,4,6.0,,7,min_money=6.0
112419902,Boey,56484772,1,DOMINANT_CROP_SHIFT_D3_TO_D9,,,,,,MELON->STRAWBERRY
112420126,DSM,56489014,1,BUY_LAND,150,6,847.0,25,9,
112420126,DSM,56489014,1,BUY_ANIMAL_FIRST,1,0,3000.0,25,5,COW
112420126,DSM,56489014,1,BUY_ANIMAL_FIRST,2,0,3000.0,25,5,SHEEP
112420126,DSM,56489014,1,BUY_ANIMAL_FIRST,153,6,847.0,25,9,GOOSE
112420126,DSM,56489014,1,CASH_TROUGH_MIN_D3_7,168,7,4.0,,10,min_money=4.0
112420126,DSM,56489014,1,DOMINANT_CROP_SHIFT_D3_TO_D9,,,,,,MELON->WHEAT
112420159,M & M & P & Q,56464621,1,BUY_LAND,149,6,124.0,25,9,
112420159,M & M & P & Q,56464621,1,BUY_ANIMAL_FIRST,1,0,3000.0,25,6,COW
112420159,M & M & P & Q,56464621,1,BUY_ANIMAL_FIRST,1,0,3000.0,25,6,SHEEP
112420159,M & M & P & Q,56464621,1,BUY_ANIMAL_FIRST,25,1,7.0,25,5,GOOSE
112420159,M & M & P & Q,56464621,1,CASH_TROUGH_MIN_D3_7,168,7,13.0,,9,min_money=13.0
112420159,M & M & P & Q,56464621,1,DOMINANT_CROP_SHIFT_D3_TO_D9,,,,,,MELON->WHEAT
112420630,DSM,56489014,1,BUY_LAND,150,6,847.0,25,9,
112420630,DSM,56489014,1,BUY_ANIMAL_FIRST,1,0,3000.0,25,5,COW
112420630,DSM,56489014,1,BUY_ANIMAL_FIRST,2,0,3000.0,25,5,SHEEP
112420630,DSM,56489014,1,BUY_ANIMAL_FIRST,153,6,847.0,25,9,GOOSE
112420630,DSM,56489014,1,CASH_TROUGH_MIN_D3_7,72,3,10.0,,7,min_money=10.0
112420630,DSM,56489014,1,DOMINANT_CROP_SHIFT_D3_TO_D9,,,,,,MELON->STRAWBERRY
112421116,Boey,56484772,0,BUY_LAND,146,6,17.0,25,10,
112421116,Boey,56484772,0,BUY_ANIMAL_FIRST,1,0,3000.0,25,6,SHEEP
112421116,Boey,56484772,0,BUY_ANIMAL_FIRST,3,0,3000.0,25,6,COW
112421116,Boey,56484772,0,BUY_ANIMAL_FIRST,50,2,113.0,25,6,GOOSE
112421116,Boey,56484772,0,CASH_TROUGH_MIN_D3_7,168,7,7.0,,7,min_money=7.0
112421116,Boey,56484772,0,DOMINANT_CROP_SHIFT_D3_TO_D9,,,,,,MELON->STRAWBERRY
112421423,Unknown Mother-Goose,56478145,1,BUY_LAND,150,6,881.0,25,9,
112421423,Unknown Mother-Goose,56478145,1,BUY_ANIMAL_FIRST,1,0,3000.0,25,5,COW
112421423,Unknown Mother-Goose,56478145,1,BUY_ANIMAL_FIRST,2,0,3000.0,25,5,SHEEP
112421423,Unknown Mother-Goose,56478145,1,BUY_ANIMAL_FIRST,153,6,881.0,25,9,GOOSE
112421423,Unknown Mother-Goose,56478145,1,CASH_TROUGH_MIN_D3_7,72,3,9.0,,6,min_money=9.0
112421423,Unknown Mother-Goose,56478145,1,DOMINANT_CROP_SHIFT_D3_TO_D9,,,,,,MELON->WHEAT
112421424,Unknown Mother-Goose,56478145,1,BUY_LAND,150,6,872.0,25,9,
112421424,Unknown Mother-Goose,56478145,1,BUY_ANIMAL_FIRST,1,0,3000.0,25,5,COW
112421424,Unknown Mother-Goose,56478145,1,BUY_ANIMAL_FIRST,2,0,3000.0,25,5,SHEEP
112421424,Unknown Mother-Goose,56478145,1,BUY_ANIMAL_FIRST,153,6,872.0,25,9,GOOSE
112421424,Unknown Mother-Goose,56478145,1,CASH_TROUGH_MIN_D3_7,168,7,1.0,,9,min_money=1.0
112421424,Unknown Mother-Goose,56478145,1,DOMINANT_CROP_SHIFT_D3_TO_D9,,,,,,MELON->STRAWBERRY
112421851,DSM,56489014,1,BUY_LAND,150,6,823.0,25,10,
112421851,DSM,56489014,1,BUY_ANIMAL_FIRST,1,0,3000.0,25,5,COW
112421851,DSM,56489014,1,BUY_ANIMAL_FIRST,2,0,3000.0,25,5,SHEEP
112421851,DSM,56489014,1,BUY_ANIMAL_FIRST,251,10,2495.0,50,14,GOOSE
112421851,DSM,56489014,1,CASH_TROUGH_MIN_D3_7,72,3,7.0,,7,min_money=7.0
112421851,DSM,56489014,1,DOMINANT_CROP_SHIFT_D3_TO_D9,,,,,,MELON->STRAWBERRY
112422302,Boey,56484772,0,BUY_LAND,146,6,22.0,25,10,
112422302,Boey,56484772,0,BUY_ANIMAL_FIRST,1,0,3000.0,25,6,SHEEP
112422302,Boey,56484772,0,BUY_ANIMAL_FIRST,3,0,3000.0,25,6,COW
112422302,Boey,56484772,0,BUY_ANIMAL_FIRST,51,2,320.0,25,6,GOOSE
112422302,Boey,56484772,0,CASH_TROUGH_MIN_D3_7,72,3,5.0,,6,min_money=5.0
112422302,Boey,56484772,0,DOMINANT_CROP_SHIFT_D3_TO_D9,,,,,,MELON->STRAWBERRY
112422994,DSM,56489014,0,BUY_LAND,150,6,837.0,25,9,
112422994,DSM,56489014,0,BUY_ANIMAL_FIRST,1,0,3000.0,25,5,COW
112422994,DSM,56489014,0,BUY_ANIMAL_FIRST,2,0,3000.0,25,5,SHEEP
112422994,DSM,56489014,0,BUY_ANIMAL_FIRST,156,6,837.0,25,9,GOOSE
112422994,DSM,56489014,0,CASH_TROUGH_MIN_D3_7,72,3,10.0,,7,min_money=10.0
112422994,DSM,56489014,0,DOMINANT_CROP_SHIFT_D3_TO_D9,,,,,,MELON->STRAWBERRY
112423558,Boey,56484772,0,BUY_LAND,146,6,12.0,25,10,
112423558,Boey,56484772,0,BUY_ANIMAL_FIRST,1,0,3000.0,25,6,SHEEP
112423558,Boey,56484772,0,BUY_ANIMAL_FIRST,3,0,3000.0,25,6,COW
112423558,Boey,56484772,0,BUY_ANIMAL_FIRST,50,2,399.0,25,6,GOOSE
112423558,Boey,56484772,0,CASH_TROUGH_MIN_D3_7,96,4,3.0,,7,min_money=3.0
112423558,Boey,56484772,0,DOMINANT_CROP_SHIFT_D3_TO_D9,,,,,,MELON->STRAWBERRY
112424118,DECEM,56489091,0,BUY_LAND,150,6,708.0,25,9,
112424118,DECEM,56489091,0,BUY_ANIMAL_FIRST,1,0,3000.0,25,5,COW
112424118,DECEM,56489091,0,BUY_ANIMAL_FIRST,2,0,3000.0,25,5,SHEEP
112424118,DECEM,56489091,0,BUY_ANIMAL_FIRST,153,6,708.0,25,9,GOOSE
112424118,DECEM,56489091,0,CASH_TROUGH_MIN_D3_7,168,7,14.0,,10,min_money=14.0
112424118,DECEM,56489091,0,DOMINANT_CROP_SHIFT_D3_TO_D9,,,,,,MELON->STRAWBERRY
112424162,DSM,56489014,0,BUY_LAND,150,6,850.0,25,9,
112424162,DSM,56489014,0,BUY_ANIMAL_FIRST,1,0,3000.0,25,5,COW
112424162,DSM,56489014,0,BUY_ANIMAL_FIRST,2,0,3000.0,25,5,SHEEP
112424162,DSM,56489014,0,BUY_ANIMAL_FIRST,153,6,850.0,25,9,GOOSE
112424162,DSM,56489014,0,CASH_TROUGH_MIN_D3_7,168,7,3.0,,10,min_money=3.0
112424162,DSM,56489014,0,DOMINANT_CROP_SHIFT_D3_TO_D9,,,,,,MELON->STRAWBERRY
112424162,DECEM,56489091,1,BUY_LAND,150,6,771.0,25,9,
112424162,DECEM,56489091,1,BUY_ANIMAL_FIRST,1,0,3000.0,25,5,COW
112424162,DECEM,56489091,1,BUY_ANIMAL_FIRST,2,0,3000.0,25,5,SHEEP
112424162,DECEM,56489091,1,BUY_ANIMAL_FIRST,153,6,771.0,25,9,GOOSE
112424162,DECEM,56489091,1,CASH_TROUGH_MIN_D3_7,96,4,6.0,,4,min_money=6.0
112424162,DECEM,56489091,1,DOMINANT_CROP_SHIFT_D3_TO_D9,,,,,,MELON->STRAWBERRY
112425297,DECEM,56489091,0,BUY_LAND,150,6,898.0,25,9,
112425297,DECEM,56489091,0,BUY_ANIMAL_FIRST,1,0,3000.0,25,5,COW
112425297,DECEM,56489091,0,BUY_ANIMAL_FIRST,2,0,3000.0,25,5,SHEEP
112425297,DECEM,56489091,0,CASH_TROUGH_MIN_D3_7,168,7,29.0,,10,min_money=29.0
112425297,DECEM,56489091,0,DOMINANT_CROP_SHIFT_D3_TO_D9,,,,,,MELON->STRAWBERRY
112425333,DSM,56489014,0,BUY_LAND,150,6,777.0,25,9,
112425333,DSM,56489014,0,BUY_ANIMAL_FIRST,1,0,3000.0,25,5,COW
112425333,DSM,56489014,0,BUY_ANIMAL_FIRST,2,0,3000.0,25,5,SHEEP
112425333,DSM,56489014,0,BUY_ANIMAL_FIRST,224,9,1005.0,50,11,GOOSE
112425333,DSM,56489014,0,CASH_TROUGH_MIN_D3_7,72,3,10.0,,7,min_money=10.0
112425333,DSM,56489014,0,DOMINANT_CROP_SHIFT_D3_TO_D9,,,,,,MELON->STRAWBERRY
112426076,吃白饭的大肥鱼,56483899,0,BUY_LAND,149,6,1093.0,25,9,
112426076,吃白饭的大肥鱼,56483899,0,BUY_ANIMAL_FIRST,1,0,3000.0,25,5,COW
112426076,吃白饭的大肥鱼,56483899,0,BUY_ANIMAL_FIRST,1,0,3000.0,25,5,SHEEP
112426076,吃白饭的大肥鱼,56483899,0,BUY_ANIMAL_FIRST,152,6,1093.0,25,9,GOOSE
112426076,吃白饭的大肥鱼,56483899,0,CASH_TROUGH_MIN_D3_7,72,3,54.0,,7,min_money=54.0
112426076,吃白饭的大肥鱼,56483899,0,DOMINANT_CROP_SHIFT_D3_TO_D9,,,,,,MELON->STRAWBERRY
112426103,Boey,56484772,0,BUY_LAND,146,6,1.0,25,10,
112426103,Boey,56484772,0,BUY_ANIMAL_FIRST,1,0,3000.0,25,6,SHEEP
112426103,Boey,56484772,0,BUY_ANIMAL_FIRST,4,0,3000.0,25,6,COW
112426103,Boey,56484772,0,BUY_ANIMAL_FIRST,51,2,318.0,25,6,GOOSE
112426103,Boey,56484772,0,CASH_TROUGH_MIN_D3_7,120,5,0.0,,7,min_money=0.0
112426103,Boey,56484772,0,DOMINANT_CROP_SHIFT_D3_TO_D9,,,,,,MELON->STRAWBERRY
112426490,DECEM,56489091,1,BUY_LAND,150,6,737.0,25,9,
112426490,DECEM,56489091,1,BUY_ANIMAL_FIRST,1,0,3000.0,25,5,COW
112426490,DECEM,56489091,1,BUY_ANIMAL_FIRST,2,0,3000.0,25,5,SHEEP
112426490,DECEM,56489091,1,BUY_ANIMAL_FIRST,250,10,810.0,50,13,GOOSE
112426490,DECEM,56489091,1,CASH_TROUGH_MIN_D3_7,72,3,30.0,,7,min_money=30.0
112426490,DECEM,56489091,1,DOMINANT_CROP_SHIFT_D3_TO_D9,,,,,,MELON->STRAWBERRY
112426510,DECEM,56489091,1,BUY_LAND,150,6,850.0,25,9,
112426510,DECEM,56489091,1,BUY_ANIMAL_FIRST,1,0,3000.0,25,5,COW
112426510,DECEM,56489091,1,BUY_ANIMAL_FIRST,2,0,3000.0,25,5,SHEEP
112426510,DECEM,56489091,1,BUY_ANIMAL_FIRST,153,6,850.0,25,9,GOOSE
112426510,DECEM,56489091,1,CASH_TROUGH_MIN_D3_7,72,3,0.0,,7,min_money=0.0
112426510,DECEM,56489091,1,DOMINANT_CROP_SHIFT_D3_TO_D9,,,,,,MELON->WHEAT
112426515,DSM,56489014,0,BUY_LAND,150,6,777.0,25,9,
112426515,DSM,56489014,0,BUY_ANIMAL_FIRST,1,0,3000.0,25,5,COW
112426515,DSM,56489014,0,BUY_ANIMAL_FIRST,2,0,3000.0,25,5,SHEEP
112426515,DSM,56489014,0,BUY_ANIMAL_FIRST,225,9,757.0,50,11,GOOSE
112426515,DSM,56489014,0,CASH_TROUGH_MIN_D3_7,168,7,4.0,,10,min_money=4.0
112426515,DSM,56489014,0,DOMINANT_CROP_SHIFT_D3_TO_D9,,,,,,MELON->STRAWBERRY
112427659,DECEM,56489091,1,BUY_LAND,150,6,926.0,25,9,
112427659,DECEM,56489091,1,BUY_ANIMAL_FIRST,1,0,3000.0,25,5,COW
112427659,DECEM,56489091,1,BUY_ANIMAL_FIRST,2,0,3000.0,25,5,SHEEP
112427659,DECEM,56489091,1,BUY_ANIMAL_FIRST,273,11,809.0,50,12,GOOSE
112427659,DECEM,56489091,1,CASH_TROUGH_MIN_D3_7,72,3,29.0,,7,min_money=29.0
112427659,DECEM,56489091,1,DOMINANT_CROP_SHIFT_D3_TO_D9,,,,,,MELON->STRAWBERRY
112427673,DSM,56489014,1,BUY_LAND,150,6,899.0,25,9,
112427673,DSM,56489014,1,BUY_ANIMAL_FIRST,1,0,3000.0,25,5,COW
112427673,DSM,56489014,1,BUY_ANIMAL_FIRST,2,0,3000.0,25,5,SHEEP
112427673,DSM,56489014,1,BUY_ANIMAL_FIRST,153,6,899.0,25,9,GOOSE
112427673,DSM,56489014,1,CASH_TROUGH_MIN_D3_7,96,4,8.0,,5,min_money=8.0
112427673,DSM,56489014,1,DOMINANT_CROP_SHIFT_D3_TO_D9,,,,,,MELON->WHEAT
112428132,DECEM,56489091,0,BUY_LAND,150,6,766.0,25,9,
112428132,DECEM,56489091,0,BUY_ANIMAL_FIRST,1,0,3000.0,25,5,COW
112428132,DECEM,56489091,0,BUY_ANIMAL_FIRST,2,0,3000.0,25,5,SHEEP
112428132,DECEM,56489091,0,BUY_ANIMAL_FIRST,153,6,766.0,25,9,GOOSE
112428132,DECEM,56489091,0,CASH_TROUGH_MIN_D3_7,168,7,6.0,,10,min_money=6.0
112428132,DECEM,56489091,0,DOMINANT_CROP_SHIFT_D3_TO_D9,,,,,,MELON->STRAWBERRY
112428349,M & M & P & Q,56464621,0,BUY_LAND,106,4,55.0,25,7,
112428349,M & M & P & Q,56464621,0,BUY_ANIMAL_FIRST,1,0,3000.0,25,5,COW
112428349,M & M & P & Q,56464621,0,BUY_ANIMAL_FIRST,1,0,3000.0,25,5,SHEEP
112428349,M & M & P & Q,56464621,0,BUY_ANIMAL_FIRST,25,1,4.0,25,4,GOOSE
112428349,M & M & P & Q,56464621,0,CASH_TROUGH_MIN_D3_7,144,6,5.0,,9,min_money=5.0
112428349,M & M & P & Q,56464621,0,DOMINANT_CROP_SHIFT_D3_TO_D9,,,,,,MELON->STRAWBERRY
112428788,DECEM,56489091,0,BUY_LAND,150,6,767.0,25,9,
112428788,DECEM,56489091,0,BUY_ANIMAL_FIRST,1,0,3000.0,25,5,COW
112428788,DECEM,56489091,0,BUY_ANIMAL_FIRST,2,0,3000.0,25,5,SHEEP
112428788,DECEM,56489091,0,BUY_ANIMAL_FIRST,153,6,767.0,25,9,GOOSE
112428788,DECEM,56489091,0,CASH_TROUGH_MIN_D3_7,72,3,0.0,,7,min_money=0.0
112428788,DECEM,56489091,0,DOMINANT_CROP_SHIFT_D3_TO_D9,,,,,,MELON->STRAWBERRY
112428808,DSM,56489014,0,BUY_LAND,150,6,854.0,25,9,
112428808,DSM,56489014,0,BUY_ANIMAL_FIRST,1,0,3000.0,25,5,COW
112428808,DSM,56489014,0,BUY_ANIMAL_FIRST,2,0,3000.0,25,5,SHEEP
112428808,DSM,56489014,0,BUY_ANIMAL_FIRST,153,6,854.0,25,9,GOOSE
112428808,DSM,56489014,0,CASH_TROUGH_MIN_D3_7,168,7,7.0,,10,min_money=7.0
112428808,DSM,56489014,0,DOMINANT_CROP_SHIFT_D3_TO_D9,,,,,,MELON->STRAWBERRY
112429544,Unknown Mother-Goose,56478145,0,BUY_LAND,150,6,789.0,25,9,
112429544,Unknown Mother-Goose,56478145,0,BUY_ANIMAL_FIRST,1,0,3000.0,25,5,COW
112429544,Unknown Mother-Goose,56478145,0,BUY_ANIMAL_FIRST,2,0,3000.0,25,5,SHEEP
112429544,Unknown Mother-Goose,56478145,0,BUY_ANIMAL_FIRST,225,9,763.0,50,11,GOOSE
112429544,Unknown Mother-Goose,56478145,0,CASH_TROUGH_MIN_D3_7,72,3,9.0,,6,min_money=9.0
112429544,Unknown Mother-Goose,56478145,0,DOMINANT_CROP_SHIFT_D3_TO_D9,,,,,,MELON->STRAWBERRY
112429547,Unknown Mother-Goose,56478145,0,BUY_LAND,150,6,786.0,25,9,
112429547,Unknown Mother-Goose,56478145,0,BUY_ANIMAL_FIRST,1,0,3000.0,25,5,COW
112429547,Unknown Mother-Goose,56478145,0,BUY_ANIMAL_FIRST,2,0,3000.0,25,5,SHEEP
112429547,Unknown Mother-Goose,56478145,0,BUY_ANIMAL_FIRST,153,6,786.0,25,9,GOOSE
112429547,Unknown Mother-Goose,56478145,0,CASH_TROUGH_MIN_D3_7,72,3,7.0,,6,min_money=7.0
112429547,Unknown Mother-Goose,56478145,0,DOMINANT_CROP_SHIFT_D3_TO_D9,,,,,,MELON->STRAWBERRY
112429547,吃白饭的大肥鱼,56483899,1,BUY_LAND,149,6,1073.0,25,9,
112429547,吃白饭的大肥鱼,56483899,1,BUY_ANIMAL_FIRST,1,0,3000.0,25,5,COW
112429547,吃白饭的大肥鱼,56483899,1,BUY_ANIMAL_FIRST,1,0,3000.0,25,5,SHEEP
112429547,吃白饭的大肥鱼,56483899,1,BUY_ANIMAL_FIRST,151,6,1073.0,25,9,GOOSE
112429547,吃白饭的大肥鱼,56483899,1,CASH_TROUGH_MIN_D3_7,72,3,43.0,,7,min_money=43.0
112429547,吃白饭的大肥鱼,56483899,1,DOMINANT_CROP_SHIFT_D3_TO_D9,,,,,,MELON->STRAWBERRY
112430012,DECEM,56489091,0,BUY_LAND,150,6,769.0,25,9,
112430012,DECEM,56489091,0,BUY_ANIMAL_FIRST,1,0,3000.0,25,5,COW
112430012,DECEM,56489091,0,BUY_ANIMAL_FIRST,2,0,3000.0,25,5,SHEEP
112430012,DECEM,56489091,0,BUY_ANIMAL_FIRST,225,9,1113.0,50,11,GOOSE
112430012,DECEM,56489091,0,CASH_TROUGH_MIN_D3_7,168,7,0.0,,10,min_money=0.0
112430012,DECEM,56489091,0,DOMINANT_CROP_SHIFT_D3_TO_D9,,,,,,MELON->WHEAT
112430020,DSM,56489014,0,BUY_LAND,150,6,777.0,25,9,
112430020,DSM,56489014,0,BUY_ANIMAL_FIRST,1,0,3000.0,25,5,COW
112430020,DSM,56489014,0,BUY_ANIMAL_FIRST,2,0,3000.0,25,5,SHEEP
112430020,DSM,56489014,0,BUY_ANIMAL_FIRST,153,6,777.0,25,9,GOOSE
112430020,DSM,56489014,0,CASH_TROUGH_MIN_D3_7,72,3,10.0,,7,min_money=10.0
112430020,DSM,56489014,0,DOMINANT_CROP_SHIFT_D3_TO_D9,,,,,,MELON->STRAWBERRY
112431226,DECEM,56489091,1,BUY_LAND,150,6,898.0,25,9,
112431226,DECEM,56489091,1,BUY_ANIMAL_FIRST,1,0,3000.0,25,5,COW
112431226,DECEM,56489091,1,BUY_ANIMAL_FIRST,2,0,3000.0,25,5,SHEEP
112431226,DECEM,56489091,1,BUY_ANIMAL_FIRST,153,6,898.0,25,9,GOOSE
112431226,DECEM,56489091,1,CASH_TROUGH_MIN_D3_7,72,3,0.0,,7,min_money=0.0
112431226,DECEM,56489091,1,DOMINANT_CROP_SHIFT_D3_TO_D9,,,,,,MELON->STRAWBERRY
112431229,DSM,56489014,1,BUY_LAND,150,6,827.0,25,9,
112431229,DSM,56489014,1,BUY_ANIMAL_FIRST,1,0,3000.0,25,5,COW
112431229,DSM,56489014,1,BUY_ANIMAL_FIRST,2,0,3000.0,25,5,SHEEP
112431229,DSM,56489014,1,BUY_ANIMAL_FIRST,156,6,827.0,25,9,GOOSE
112431229,DSM,56489014,1,CASH_TROUGH_MIN_D3_7,96,4,8.0,,7,min_money=8.0
112431229,DSM,56489014,1,DOMINANT_CROP_SHIFT_D3_TO_D9,,,,,,MELON->STRAWBERRY
112431244,DECEM,56489091,0,BUY_LAND,150,6,837.0,25,9,
112431244,DECEM,56489091,0,BUY_ANIMAL_FIRST,1,0,3000.0,25,5,COW
112431244,DECEM,56489091,0,BUY_ANIMAL_FIRST,2,0,3000.0,25,5,SHEEP
112431244,DECEM,56489091,0,BUY_ANIMAL_FIRST,224,9,2478.0,50,11,GOOSE
112431244,DECEM,56489091,0,CASH_TROUGH_MIN_D3_7,168,7,8.0,,10,min_money=8.0
112431244,DECEM,56489091,0,DOMINANT_CROP_SHIFT_D3_TO_D9,,,,,,MELON->STRAWBERRY
112431577,Boey,56484772,0,BUY_LAND,146,6,308.0,25,10,
112431577,Boey,56484772,0,BUY_ANIMAL_FIRST,1,0,3000.0,25,6,SHEEP
112431577,Boey,56484772,0,BUY_ANIMAL_FIRST,3,0,3000.0,25,6,COW
112431577,Boey,56484772,0,BUY_ANIMAL_FIRST,50,2,352.0,25,6,GOOSE
112431577,Boey,56484772,0,CASH_TROUGH_MIN_D3_7,120,5,13.0,,6,min_money=13.0
112431577,Boey,56484772,0,DOMINANT_CROP_SHIFT_D3_TO_D9,,,,,,WHEAT->STRAWBERRY
112431636,DSM,56489014,1,BUY_LAND,150,6,855.0,25,9,
112431636,DSM,56489014,1,BUY_ANIMAL_FIRST,1,0,3000.0,25,5,COW
112431636,DSM,56489014,1,BUY_ANIMAL_FIRST,2,0,3000.0,25,5,SHEEP
112431636,DSM,56489014,1,BUY_ANIMAL_FIRST,224,9,2426.0,50,11,GOOSE
112431636,DSM,56489014,1,CASH_TROUGH_MIN_D3_7,72,3,10.0,,7,min_money=10.0
112431636,DSM,56489014,1,DOMINANT_CROP_SHIFT_D3_TO_D9,,,,,,MELON->WHEAT
112432436,DSM,56489014,1,BUY_LAND,150,6,777.0,25,9,
112432436,DSM,56489014,1,BUY_ANIMAL_FIRST,1,0,3000.0,25,5,COW
112432436,DSM,56489014,1,BUY_ANIMAL_FIRST,2,0,3000.0,25,5,SHEEP
112432436,DSM,56489014,1,BUY_ANIMAL_FIRST,153,6,777.0,25,9,GOOSE
112432436,DSM,56489014,1,CASH_TROUGH_MIN_D3_7,72,3,10.0,,7,min_money=10.0
112432436,DSM,56489014,1,DOMINANT_CROP_SHIFT_D3_TO_D9,,,,,,MELON->STRAWBERRY
112432437,DECEM,56489091,1,BUY_LAND,150,6,807.0,25,9,
112432437,DECEM,56489091,1,BUY_ANIMAL_FIRST,1,0,3000.0,25,5,COW
112432437,DECEM,56489091,1,BUY_ANIMAL_FIRST,2,0,3000.0,25,5,SHEEP
112432437,DECEM,56489091,1,BUY_ANIMAL_FIRST,153,6,807.0,25,9,GOOSE
112432437,DECEM,56489091,1,CASH_TROUGH_MIN_D3_7,72,3,30.0,,7,min_money=30.0
112432437,DECEM,56489091,1,DOMINANT_CROP_SHIFT_D3_TO_D9,,,,,,MELON->STRAWBERRY
112433587,DSM,56489014,1,BUY_LAND,150,6,776.0,25,9,
112433587,DSM,56489014,1,BUY_ANIMAL_FIRST,1,0,3000.0,25,5,COW
112433587,DSM,56489014,1,BUY_ANIMAL_FIRST,2,0,3000.0,25,5,SHEEP
112433587,DSM,56489014,1,BUY_ANIMAL_FIRST,153,6,776.0,25,9,GOOSE
112433587,DSM,56489014,1,CASH_TROUGH_MIN_D3_7,72,3,10.0,,7,min_money=10.0
112433587,DSM,56489014,1,DOMINANT_CROP_SHIFT_D3_TO_D9,,,,,,MELON->STRAWBERRY
112433603,DECEM,56489091,1,BUY_LAND,150,6,737.0,25,9,
112433603,DECEM,56489091,1,BUY_ANIMAL_FIRST,1,0,3000.0,25,5,COW
112433603,DECEM,56489091,1,BUY_ANIMAL_FIRST,2,0,3000.0,25,5,SHEEP
112433603,DECEM,56489091,1,BUY_ANIMAL_FIRST,222,9,2965.0,50,11,GOOSE
112433603,DECEM,56489091,1,CASH_TROUGH_MIN_D3_7,72,3,30.0,,7,min_money=30.0
112433603,DECEM,56489091,1,DOMINANT_CROP_SHIFT_D3_TO_D9,,,,,,MELON->WHEAT
112434231,DECEM,56489091,0,BUY_LAND,150,6,807.0,25,9,
112434231,DECEM,56489091,0,BUY_ANIMAL_FIRST,1,0,3000.0,25,5,COW
112434231,DECEM,56489091,0,BUY_ANIMAL_FIRST,2,0,3000.0,25,5,SHEEP
112434231,DECEM,56489091,0,BUY_ANIMAL_FIRST,153,6,807.0,25,9,GOOSE
112434231,DECEM,56489091,0,CASH_TROUGH_MIN_D3_7,168,7,5.0,,10,min_money=5.0
112434231,DECEM,56489091,0,DOMINANT_CROP_SHIFT_D3_TO_D9,,,,,,MELON->STRAWBERRY
112434746,DSM,56489014,1,BUY_LAND,150,6,776.0,25,9,
112434746,DSM,56489014,1,BUY_ANIMAL_FIRST,1,0,3000.0,25,5,COW
112434746,DSM,56489014,1,BUY_ANIMAL_FIRST,2,0,3000.0,25,5,SHEEP
112434746,DSM,56489014,1,BUY_ANIMAL_FIRST,156,6,776.0,25,9,GOOSE
112434746,DSM,56489014,1,CASH_TROUGH_MIN_D3_7,72,3,9.0,,7,min_money=9.0
112434746,DSM,56489014,1,DOMINANT_CROP_SHIFT_D3_TO_D9,,,,,,MELON->STRAWBERRY
112434756,DECEM,56489091,1,BUY_LAND,150,6,798.0,25,9,
112434756,DECEM,56489091,1,BUY_ANIMAL_FIRST,1,0,3000.0,25,5,COW
112434756,DECEM,56489091,1,BUY_ANIMAL_FIRST,2,0,3000.0,25,5,SHEEP
112434756,DECEM,56489091,1,CASH_TROUGH_MIN_D3_7,72,3,0.0,,7,min_money=0.0
112434756,DECEM,56489091,1,DOMINANT_CROP_SHIFT_D3_TO_D9,,,,,,MELON->STRAWBERRY
112435961,DSM,56489014,1,BUY_LAND,150,6,726.0,25,9,
112435961,DSM,56489014,1,BUY_ANIMAL_FIRST,1,0,3000.0,25,5,COW
112435961,DSM,56489014,1,BUY_ANIMAL_FIRST,2,0,3000.0,25,5,SHEEP
112435961,DSM,56489014,1,BUY_ANIMAL_FIRST,153,6,726.0,25,9,GOOSE
112435961,DSM,56489014,1,CASH_TROUGH_MIN_D3_7,168,7,0.0,,9,min_money=0.0
112435961,DSM,56489014,1,DOMINANT_CROP_SHIFT_D3_TO_D9,,,,,,MELON->STRAWBERRY
112435976,DECEM,56489091,0,BUY_LAND,150,6,768.0,25,9,
112435976,DECEM,56489091,0,BUY_ANIMAL_FIRST,1,0,3000.0,25,5,COW
112435976,DECEM,56489091,0,BUY_ANIMAL_FIRST,2,0,3000.0,25,5,SHEEP
112435976,DECEM,56489091,0,BUY_ANIMAL_FIRST,224,9,2334.0,50,11,GOOSE
112435976,DECEM,56489091,0,CASH_TROUGH_MIN_D3_7,72,3,0.0,,7,min_money=0.0
112435976,DECEM,56489091,0,DOMINANT_CROP_SHIFT_D3_TO_D9,,,,,,MELON->WHEAT
112436392,M & M & P & Q,56464621,1,BUY_LAND,130,5,60.0,25,7,
112436392,M & M & P & Q,56464621,1,BUY_ANIMAL_FIRST,1,0,3000.0,25,5,COW
112436392,M & M & P & Q,56464621,1,BUY_ANIMAL_FIRST,1,0,3000.0,25,5,SHEEP
112436392,M & M & P & Q,56464621,1,BUY_ANIMAL_FIRST,25,1,1.0,25,4,GOOSE
112436392,M & M & P & Q,56464621,1,CASH_TROUGH_MIN_D3_7,144,6,33.0,,8,min_money=33.0
112436392,M & M & P & Q,56464621,1,DOMINANT_CROP_SHIFT_D3_TO_D9,,,,,,MELON->WHEAT
112436442,M & M & P & Q,56464621,1,BUY_LAND,132,5,34.0,25,7,
112436442,M & M & P & Q,56464621,1,BUY_ANIMAL_FIRST,1,0,3000.0,25,6,COW
112436442,M & M & P & Q,56464621,1,BUY_ANIMAL_FIRST,1,0,3000.0,25,6,SHEEP
112436442,M & M & P & Q,56464621,1,BUY_ANIMAL_FIRST,25,1,7.0,25,5,GOOSE
112436442,M & M & P & Q,56464621,1,CASH_TROUGH_MIN_D3_7,72,3,34.0,,6,min_money=34.0
112436442,M & M & P & Q,56464621,1,DOMINANT_CROP_SHIFT_D3_TO_D9,,,,,,MELON->WHEAT
112436442,Unknown Mother-Goose,56478145,0,BUY_LAND,150,6,909.0,25,9,
112436442,Unknown Mother-Goose,56478145,0,BUY_ANIMAL_FIRST,1,0,3000.0,25,5,COW
112436442,Unknown Mother-Goose,56478145,0,BUY_ANIMAL_FIRST,2,0,3000.0,25,5,SHEEP
112436442,Unknown Mother-Goose,56478145,0,BUY_ANIMAL_FIRST,251,10,2194.0,50,12,GOOSE
112436442,Unknown Mother-Goose,56478145,0,CASH_TROUGH_MIN_D3_7,72,3,7.0,,6,min_money=7.0
112436442,Unknown Mother-Goose,56478145,0,DOMINANT_CROP_SHIFT_D3_TO_D9,,,,,,MELON->STRAWBERRY
112437190,DECEM,56489091,0,BUY_LAND,150,6,767.0,25,9,
112437190,DECEM,56489091,0,BUY_ANIMAL_FIRST,1,0,3000.0,25,5,COW
112437190,DECEM,56489091,0,BUY_ANIMAL_FIRST,2,0,3000.0,25,5,SHEEP
112437190,DECEM,56489091,0,BUY_ANIMAL_FIRST,153,6,767.0,25,9,GOOSE
112437190,DECEM,56489091,0,CASH_TROUGH_MIN_D3_7,168,7,9.0,,10,min_money=9.0
112437190,DECEM,56489091,0,DOMINANT_CROP_SHIFT_D3_TO_D9,,,,,,MELON->STRAWBERRY
112437195,DSM,56489014,1,BUY_LAND,150,6,837.0,25,9,
112437195,DSM,56489014,1,BUY_ANIMAL_FIRST,1,0,3000.0,25,5,COW
112437195,DSM,56489014,1,BUY_ANIMAL_FIRST,2,0,3000.0,25,5,SHEEP
112437195,DSM,56489014,1,BUY_ANIMAL_FIRST,153,6,837.0,25,9,GOOSE
112437195,DSM,56489014,1,CASH_TROUGH_MIN_D3_7,72,3,2.0,,7,min_money=2.0
112437195,DSM,56489014,1,DOMINANT_CROP_SHIFT_D3_TO_D9,,,,,,MELON->WHEAT
112437695,吃白饭的大肥鱼,56483899,0,BUY_LAND,149,6,1068.0,25,9,
112437695,吃白饭的大肥鱼,56483899,0,BUY_ANIMAL_FIRST,1,0,3000.0,25,5,COW
112437695,吃白饭的大肥鱼,56483899,0,BUY_ANIMAL_FIRST,1,0,3000.0,25,5,SHEEP
112437695,吃白饭的大肥鱼,56483899,0,BUY_ANIMAL_FIRST,151,6,1068.0,25,9,GOOSE
112437695,吃白饭的大肥鱼,56483899,0,CASH_TROUGH_MIN_D3_7,72,3,46.0,,7,min_money=46.0
112437695,吃白饭的大肥鱼,56483899,0,DOMINANT_CROP_SHIFT_D3_TO_D9,,,,,,MELON->STRAWBERRY
112437698,Boey,56484772,0,BUY_LAND,146,6,30.0,25,10,
112437698,Boey,56484772,0,BUY_ANIMAL_FIRST,1,0,3000.0,25,6,SHEEP
112437698,Boey,56484772,0,BUY_ANIMAL_FIRST,2,0,3000.0,25,6,COW
112437698,Boey,56484772,0,BUY_ANIMAL_FIRST,51,2,291.0,25,6,GOOSE
112437698,Boey,56484772,0,CASH_TROUGH_MIN_D3_7,72,3,5.0,,6,min_money=5.0
112437698,Boey,56484772,0,DOMINANT_CROP_SHIFT_D3_TO_D9,,,,,,MELON->WHEAT
112438403,DSM,56489014,1,BUY_LAND,150,6,778.0,25,9,
112438403,DSM,56489014,1,BUY_ANIMAL_FIRST,1,0,3000.0,25,5,COW
112438403,DSM,56489014,1,BUY_ANIMAL_FIRST,2,0,3000.0,25,5,SHEEP
112438403,DSM,56489014,1,BUY_ANIMAL_FIRST,153,6,778.0,25,9,GOOSE
112438403,DSM,56489014,1,CASH_TROUGH_MIN_D3_7,72,3,11.0,,7,min_money=11.0
112438403,DSM,56489014,1,DOMINANT_CROP_SHIFT_D3_TO_D9,,,,,,MELON->STRAWBERRY
112438407,DECEM,56489091,0,BUY_LAND,150,6,850.0,25,9,
112438407,DECEM,56489091,0,BUY_ANIMAL_FIRST,1,0,3000.0,25,5,COW
112438407,DECEM,56489091,0,BUY_ANIMAL_FIRST,2,0,3000.0,25,5,SHEEP
112438407,DECEM,56489091,0,BUY_ANIMAL_FIRST,224,9,2443.0,50,11,GOOSE
112438407,DECEM,56489091,0,CASH_TROUGH_MIN_D3_7,72,3,0.0,,7,min_money=0.0
112438407,DECEM,56489091,0,DOMINANT_CROP_SHIFT_D3_TO_D9,,,,,,MELON->WHEAT
112439669,DSM,56489014,0,BUY_LAND,150,6,837.0,25,9,
112439669,DSM,56489014,0,BUY_ANIMAL_FIRST,1,0,3000.0,25,5,COW
112439669,DSM,56489014,0,BUY_ANIMAL_FIRST,2,0,3000.0,25,5,SHEEP
112439669,DSM,56489014,0,BUY_ANIMAL_FIRST,153,6,837.0,25,9,GOOSE
112439669,DSM,56489014,0,CASH_TROUGH_MIN_D3_7,168,7,9.0,,10,min_money=9.0
112439669,DSM,56489014,0,DOMINANT_CROP_SHIFT_D3_TO_D9,,,,,,MELON->STRAWBERRY
112439679,DECEM,56489091,0,BUY_LAND,150,6,797.0,25,9,
112439679,DECEM,56489091,0,BUY_ANIMAL_FIRST,1,0,3000.0,25,5,COW
112439679,DECEM,56489091,0,BUY_ANIMAL_FIRST,2,0,3000.0,25,5,SHEEP
112439679,DECEM,56489091,0,BUY_ANIMAL_FIRST,251,10,1976.0,50,12,GOOSE
112439679,DECEM,56489091,0,CASH_TROUGH_MIN_D3_7,72,3,0.0,,7,min_money=0.0
112439679,DECEM,56489091,0,DOMINANT_CROP_SHIFT_D3_TO_D9,,,,,,MELON->STRAWBERRY
112440686,DECEM,56489091,0,BUY_LAND,150,6,795.0,25,9,
112440686,DECEM,56489091,0,BUY_ANIMAL_FIRST,1,0,3000.0,25,5,COW
112440686,DECEM,56489091,0,BUY_ANIMAL_FIRST,2,0,3000.0,25,5,SHEEP
112440686,DECEM,56489091,0,BUY_ANIMAL_FIRST,153,6,795.0,25,9,GOOSE
112440686,DECEM,56489091,0,CASH_TROUGH_MIN_D3_7,168,7,3.0,,10,min_money=3.0
112440686,DECEM,56489091,0,DOMINANT_CROP_SHIFT_D3_TO_D9,,,,,,MELON->STRAWBERRY
112440837,DSM,56489014,0,BUY_LAND,150,6,869.0,25,9,
112440837,DSM,56489014,0,BUY_ANIMAL_FIRST,1,0,3000.0,25,5,COW
112440837,DSM,56489014,0,BUY_ANIMAL_FIRST,2,0,3000.0,25,5,SHEEP
112440837,DSM,56489014,0,BUY_ANIMAL_FIRST,225,9,789.0,50,11,GOOSE
112440837,DSM,56489014,0,CASH_TROUGH_MIN_D3_7,72,3,0.0,,7,min_money=0.0
112440837,DSM,56489014,0,DOMINANT_CROP_SHIFT_D3_TO_D9,,,,,,MELON->STRAWBERRY
112440839,DECEM,56489091,1,BUY_LAND,150,6,926.0,25,9,
112440839,DECEM,56489091,1,BUY_ANIMAL_FIRST,1,0,3000.0,25,5,COW
112440839,DECEM,56489091,1,BUY_ANIMAL_FIRST,2,0,3000.0,25,5,SHEEP
112440839,DECEM,56489091,1,BUY_ANIMAL_FIRST,225,9,817.0,50,11,GOOSE
112440839,DECEM,56489091,1,CASH_TROUGH_MIN_D3_7,72,3,29.0,,7,min_money=29.0
112440839,DECEM,56489091,1,DOMINANT_CROP_SHIFT_D3_TO_D9,,,,,,MELON->STRAWBERRY
112442057,DSM,56489014,0,BUY_LAND,150,6,743.0,25,9,
112442057,DSM,56489014,0,BUY_ANIMAL_FIRST,1,0,3000.0,25,5,COW
112442057,DSM,56489014,0,BUY_ANIMAL_FIRST,2,0,3000.0,25,5,SHEEP
112442057,DSM,56489014,0,BUY_ANIMAL_FIRST,153,6,743.0,25,9,GOOSE
112442057,DSM,56489014,0,CASH_TROUGH_MIN_D3_7,72,3,12.0,,7,min_money=12.0
112442057,DSM,56489014,0,DOMINANT_CROP_SHIFT_D3_TO_D9,,,,,,MELON->STRAWBERRY
112442059,DECEM,56489091,1,BUY_LAND,150,6,767.0,25,9,
112442059,DECEM,56489091,1,BUY_ANIMAL_FIRST,1,0,3000.0,25,5,COW
112442059,DECEM,56489091,1,BUY_ANIMAL_FIRST,2,0,3000.0,25,5,SHEEP
112442059,DECEM,56489091,1,BUY_ANIMAL_FIRST,153,6,767.0,25,9,GOOSE
112442059,DECEM,56489091,1,CASH_TROUGH_MIN_D3_7,72,3,0.0,,7,min_money=0.0
112442059,DECEM,56489091,1,DOMINANT_CROP_SHIFT_D3_TO_D9,,,,,,MELON->STRAWBERRY
112443117,DSM,56489014,0,BUY_LAND,150,6,856.0,25,9,
112443117,DSM,56489014,0,BUY_ANIMAL_FIRST,1,0,3000.0,25,5,COW
112443117,DSM,56489014,0,BUY_ANIMAL_FIRST,2,0,3000.0,25,5,SHEEP
112443117,DSM,56489014,0,BUY_ANIMAL_FIRST,225,9,605.0,50,11,GOOSE
112443117,DSM,56489014,0,CASH_TROUGH_MIN_D3_7,72,3,12.0,,7,min_money=12.0
112443117,DSM,56489014,0,DOMINANT_CROP_SHIFT_D3_TO_D9,,,,,,MELON->STRAWBERRY
112443156,DECEM,56489091,0,BUY_LAND,150,6,718.0,25,9,
112443156,DECEM,56489091,0,BUY_ANIMAL_FIRST,1,0,3000.0,25,5,COW
112443156,DECEM,56489091,0,BUY_ANIMAL_FIRST,2,0,3000.0,25,5,SHEEP
112443156,DECEM,56489091,0,BUY_ANIMAL_FIRST,153,6,718.0,25,9,GOOSE
112443156,DECEM,56489091,0,CASH_TROUGH_MIN_D3_7,72,3,25.0,,7,min_money=25.0
112443156,DECEM,56489091,0,DOMINANT_CROP_SHIFT_D3_TO_D9,,,,,,MELON->STRAWBERRY
112443681,DECEM,56489091,1,BUY_LAND,150,6,874.0,25,9,
112443681,DECEM,56489091,1,BUY_ANIMAL_FIRST,1,0,3000.0,25,5,COW
112443681,DECEM,56489091,1,BUY_ANIMAL_FIRST,2,0,3000.0,25,5,SHEEP
112443681,DECEM,56489091,1,BUY_ANIMAL_FIRST,225,9,959.0,50,11,GOOSE
112443681,DECEM,56489091,1,CASH_TROUGH_MIN_D3_7,168,7,6.0,,10,min_money=6.0
112443681,DECEM,56489091,1,DOMINANT_CROP_SHIFT_D3_TO_D9,,,,,,MELON->WHEAT
112444429,DSM,56489014,0,BUY_LAND,150,6,747.0,25,9,
112444429,DSM,56489014,0,BUY_ANIMAL_FIRST,1,0,3000.0,25,5,COW
112444429,DSM,56489014,0,BUY_ANIMAL_FIRST,2,0,3000.0,25,5,SHEEP
112444429,DSM,56489014,0,BUY_ANIMAL_FIRST,224,9,2660.0,50,12,GOOSE
112444429,DSM,56489014,0,CASH_TROUGH_MIN_D3_7,72,3,10.0,,7,min_money=10.0
112444429,DSM,56489014,0,DOMINANT_CROP_SHIFT_D3_TO_D9,,,,,,MELON->WHEAT
112444449,DECEM,56489091,0,BUY_LAND,150,6,817.0,25,9,
112444449,DECEM,56489091,0,BUY_ANIMAL_FIRST,1,0,3000.0,25,5,COW
112444449,DECEM,56489091,0,BUY_ANIMAL_FIRST,2,0,3000.0,25,5,SHEEP
112444449,DECEM,56489091,0,BUY_ANIMAL_FIRST,153,6,817.0,25,9,GOOSE
112444449,DECEM,56489091,0,CASH_TROUGH_MIN_D3_7,96,4,7.0,,7,min_money=7.0
112444449,DECEM,56489091,0,DOMINANT_CROP_SHIFT_D3_TO_D9,,,,,,MELON->STRAWBERRY
112444874,M & M & P & Q,56464621,1,BUY_LAND,151,6,174.0,25,9,
112444874,M & M & P & Q,56464621,1,BUY_ANIMAL_FIRST,1,0,3000.0,25,6,COW
112444874,M & M & P & Q,56464621,1,BUY_ANIMAL_FIRST,1,0,3000.0,25,6,SHEEP
112444874,M & M & P & Q,56464621,1,BUY_ANIMAL_FIRST,25,1,7.0,25,5,GOOSE
112444874,M & M & P & Q,56464621,1,CASH_TROUGH_MIN_D3_7,168,7,8.0,,9,min_money=8.0
112444874,M & M & P & Q,56464621,1,DOMINANT_CROP_SHIFT_D3_TO_D9,,,,,,MELON->STRAWBERRY
112444879,Unknown Mother-Goose,56478145,0,BUY_LAND,150,6,810.0,25,9,
112444879,Unknown Mother-Goose,56478145,0,BUY_ANIMAL_FIRST,1,0,3000.0,25,5,COW
112444879,Unknown Mother-Goose,56478145,0,BUY_ANIMAL_FIRST,2,0,3000.0,25,5,SHEEP
112444879,Unknown Mother-Goose,56478145,0,BUY_ANIMAL_FIRST,153,6,810.0,25,9,GOOSE
112444879,Unknown Mother-Goose,56478145,0,CASH_TROUGH_MIN_D3_7,168,7,1.0,,9,min_money=1.0
112444879,Unknown Mother-Goose,56478145,0,DOMINANT_CROP_SHIFT_D3_TO_D9,,,,,,MELON->STRAWBERRY
112445618,DSM,56489014,0,BUY_LAND,150,6,670.0,25,9,
112445618,DSM,56489014,0,BUY_ANIMAL_FIRST,1,0,3000.0,25,5,COW
112445618,DSM,56489014,0,BUY_ANIMAL_FIRST,2,0,3000.0,25,5,SHEEP
112445618,DSM,56489014,0,BUY_ANIMAL_FIRST,153,6,670.0,25,9,GOOSE
112445618,DSM,56489014,0,CASH_TROUGH_MIN_D3_7,72,3,4.0,,7,min_money=4.0
112445618,DSM,56489014,0,DOMINANT_CROP_SHIFT_D3_TO_D9,,,,,,MELON->STRAWBERRY
112445641,DECEM,56489091,1,BUY_LAND,150,6,860.0,25,9,
112445641,DECEM,56489091,1,BUY_ANIMAL_FIRST,1,0,3000.0,25,5,COW
112445641,DECEM,56489091,1,BUY_ANIMAL_FIRST,2,0,3000.0,25,5,SHEEP
112445641,DECEM,56489091,1,BUY_ANIMAL_FIRST,153,6,860.0,25,9,GOOSE
112445641,DECEM,56489091,1,CASH_TROUGH_MIN_D3_7,168,7,5.0,,10,min_money=5.0
112445641,DECEM,56489091,1,DOMINANT_CROP_SHIFT_D3_TO_D9,,,,,,MELON->STRAWBERRY
112446058,Unknown Mother-Goose,56478145,1,BUY_LAND,150,6,823.0,25,9,
112446058,Unknown Mother-Goose,56478145,1,BUY_ANIMAL_FIRST,1,0,3000.0,25,5,COW
112446058,Unknown Mother-Goose,56478145,1,BUY_ANIMAL_FIRST,2,0,3000.0,25,5,SHEEP
112446058,Unknown Mother-Goose,56478145,1,BUY_ANIMAL_FIRST,153,6,823.0,25,9,GOOSE
112446058,Unknown Mother-Goose,56478145,1,CASH_TROUGH_MIN_D3_7,96,4,9.0,,7,min_money=9.0
112446058,Unknown Mother-Goose,56478145,1,DOMINANT_CROP_SHIFT_D3_TO_D9,,,,,,MELON->WHEAT
112446064,Boey,56484772,1,BUY_LAND,146,6,4.0,25,10,
112446064,Boey,56484772,1,BUY_ANIMAL_FIRST,1,0,3000.0,25,6,SHEEP
112446064,Boey,56484772,1,BUY_ANIMAL_FIRST,3,0,3000.0,25,6,COW
112446064,Boey,56484772,1,BUY_ANIMAL_FIRST,51,2,9.0,25,6,GOOSE
112446064,Boey,56484772,1,CASH_TROUGH_MIN_D3_7,72,3,0.0,,6,min_money=0.0
112446064,Boey,56484772,1,DOMINANT_CROP_SHIFT_D3_TO_D9,,,,,,MELON->STRAWBERRY
112446064,M & M & P & Q,56464621,0,BUY_LAND,108,4,40.0,25,7,
112446064,M & M & P & Q,56464621,0,BUY_ANIMAL_FIRST,1,0,3000.0,25,5,COW
112446064,M & M & P & Q,56464621,0,BUY_ANIMAL_FIRST,1,0,3000.0,25,5,SHEEP
112446064,M & M & P & Q,56464621,0,BUY_ANIMAL_FIRST,25,1,1.0,25,4,GOOSE
112446064,M & M & P & Q,56464621,0,CASH_TROUGH_MIN_D3_7,96,4,13.0,,7,min_money=13.0
112446064,M & M & P & Q,56464621,0,DOMINANT_CROP_SHIFT_D3_TO_D9,,,,,,MELON->STRAWBERRY
112446065,Boey,56484772,0,BUY_LAND,146,6,31.0,25,10,
112446065,Boey,56484772,0,BUY_ANIMAL_FIRST,1,0,3000.0,25,6,SHEEP
112446065,Boey,56484772,0,BUY_ANIMAL_FIRST,3,0,3000.0,25,6,COW
112446065,Boey,56484772,0,BUY_ANIMAL_FIRST,51,2,309.0,25,6,GOOSE
112446065,Boey,56484772,0,CASH_TROUGH_MIN_D3_7,96,4,3.0,,7,min_money=3.0
112446065,Boey,56484772,0,DOMINANT_CROP_SHIFT_D3_TO_D9,,,,,,MELON->STRAWBERRY
112446067,吃白饭的大肥鱼,56483899,0,BUY_LAND,149,6,1051.0,25,9,
112446067,吃白饭的大肥鱼,56483899,0,BUY_ANIMAL_FIRST,1,0,3000.0,25,5,COW
112446067,吃白饭的大肥鱼,56483899,0,BUY_ANIMAL_FIRST,1,0,3000.0,25,5,SHEEP
112446067,吃白饭的大肥鱼,56483899,0,BUY_ANIMAL_FIRST,221,9,2919.0,50,12,GOOSE
112446067,吃白饭的大肥鱼,56483899,0,CASH_TROUGH_MIN_D3_7,72,3,39.0,,7,min_money=39.0
112446067,吃白饭的大肥鱼,56483899,0,DOMINANT_CROP_SHIFT_D3_TO_D9,,,,,,MELON->STRAWBERRY
112446789,DSM,56489014,1,BUY_LAND,150,6,742.0,25,9,
112446789,DSM,56489014,1,BUY_ANIMAL_FIRST,1,0,3000.0,25,5,COW
112446789,DSM,56489014,1,BUY_ANIMAL_FIRST,2,0,3000.0,25,5,SHEEP
112446789,DSM,56489014,1,BUY_ANIMAL_FIRST,156,6,742.0,25,9,GOOSE
112446789,DSM,56489014,1,CASH_TROUGH_MIN_D3_7,72,3,0.0,,7,min_money=0.0
112446789,DSM,56489014,1,DOMINANT_CROP_SHIFT_D3_TO_D9,,,,,,MELON->STRAWBERRY
112446812,DECEM,56489091,0,BUY_LAND,150,6,763.0,25,9,
112446812,DECEM,56489091,0,BUY_ANIMAL_FIRST,1,0,3000.0,25,5,COW
112446812,DECEM,56489091,0,BUY_ANIMAL_FIRST,2,0,3000.0,25,5,SHEEP
112446812,DECEM,56489091,0,BUY_ANIMAL_FIRST,153,6,763.0,25,9,GOOSE
112446812,DECEM,56489091,0,CASH_TROUGH_MIN_D3_7,96,4,4.0,,4,min_money=4.0
112446812,DECEM,56489091,0,DOMINANT_CROP_SHIFT_D3_TO_D9,,,,,,MELON->WHEAT
112447983,DSM,56489014,0,BUY_LAND,150,6,837.0,25,9,
112447983,DSM,56489014,0,BUY_ANIMAL_FIRST,1,0,3000.0,25,5,COW
112447983,DSM,56489014,0,BUY_ANIMAL_FIRST,2,0,3000.0,25,5,SHEEP
112447983,DSM,56489014,0,BUY_ANIMAL_FIRST,156,6,837.0,25,9,GOOSE
112447983,DSM,56489014,0,CASH_TROUGH_MIN_D3_7,72,3,10.0,,7,min_money=10.0
112447983,DSM,56489014,0,DOMINANT_CROP_SHIFT_D3_TO_D9,,,,,,MELON->STRAWBERRY
112448007,DECEM,56489091,1,BUY_LAND,150,6,820.0,25,9,
112448007,DECEM,56489091,1,BUY_ANIMAL_FIRST,1,0,3000.0,25,5,COW
112448007,DECEM,56489091,1,BUY_ANIMAL_FIRST,2,0,3000.0,25,5,SHEEP
112448007,DECEM,56489091,1,BUY_ANIMAL_FIRST,251,10,2683.0,50,15,GOOSE
112448007,DECEM,56489091,1,CASH_TROUGH_MIN_D3_7,168,7,2.0,,10,min_money=2.0
112448007,DECEM,56489091,1,DOMINANT_CROP_SHIFT_D3_TO_D9,,,,,,MELON->STRAWBERRY
112448390,DECEM,56489091,1,BUY_LAND,150,6,684.0,25,9,
112448390,DECEM,56489091,1,BUY_ANIMAL_FIRST,1,0,3000.0,25,5,COW
112448390,DECEM,56489091,1,BUY_ANIMAL_FIRST,2,0,3000.0,25,5,SHEEP
112448390,DECEM,56489091,1,BUY_ANIMAL_FIRST,153,6,684.0,25,9,GOOSE
112448390,DECEM,56489091,1,CASH_TROUGH_MIN_D3_7,168,7,14.0,,10,min_money=14.0
112448390,DECEM,56489091,1,DOMINANT_CROP_SHIFT_D3_TO_D9,,,,,,MELON->STRAWBERRY
112449158,DSM,56489014,0,BUY_LAND,150,6,907.0,25,9,
112449158,DSM,56489014,0,BUY_ANIMAL_FIRST,1,0,3000.0,25,5,COW
112449158,DSM,56489014,0,BUY_ANIMAL_FIRST,2,0,3000.0,25,5,SHEEP
112449158,DSM,56489014,0,BUY_ANIMAL_FIRST,224,9,584.0,50,11,GOOSE
112449158,DSM,56489014,0,CASH_TROUGH_MIN_D3_7,168,7,6.0,,10,min_money=6.0
112449158,DSM,56489014,0,DOMINANT_CROP_SHIFT_D3_TO_D9,,,,,,MELON->WHEAT
112449180,DECEM,56489091,0,BUY_LAND,150,6,683.0,25,9,
112449180,DECEM,56489091,0,BUY_ANIMAL_FIRST,1,0,3000.0,25,5,COW
112449180,DECEM,56489091,0,BUY_ANIMAL_FIRST,2,0,3000.0,25,5,SHEEP
112449180,DECEM,56489091,0,BUY_ANIMAL_FIRST,153,6,683.0,25,9,GOOSE
112449180,DECEM,56489091,0,CASH_TROUGH_MIN_D3_7,168,7,13.0,,10,min_money=13.0
112449180,DECEM,56489091,0,DOMINANT_CROP_SHIFT_D3_TO_D9,,,,,,MELON->STRAWBERRY
112450318,DSM,56489014,0,BUY_LAND,150,6,869.0,25,9,
112450318,DSM,56489014,0,BUY_ANIMAL_FIRST,1,0,3000.0,25,5,COW
112450318,DSM,56489014,0,BUY_ANIMAL_FIRST,2,0,3000.0,25,5,SHEEP
112450318,DSM,56489014,0,BUY_ANIMAL_FIRST,273,11,702.0,50,13,GOOSE
112450318,DSM,56489014,0,CASH_TROUGH_MIN_D3_7,72,3,0.0,,7,min_money=0.0
112450318,DSM,56489014,0,DOMINANT_CROP_SHIFT_D3_TO_D9,,,,,,MELON->STRAWBERRY
112450334,DECEM,56489091,1,BUY_LAND,150,6,767.0,25,9,
112450334,DECEM,56489091,1,BUY_ANIMAL_FIRST,1,0,3000.0,25,5,COW
112450334,DECEM,56489091,1,BUY_ANIMAL_FIRST,2,0,3000.0,25,5,SHEEP
112450334,DECEM,56489091,1,BUY_ANIMAL_FIRST,225,9,778.0,50,11,GOOSE
112450334,DECEM,56489091,1,CASH_TROUGH_MIN_D3_7,72,3,0.0,,7,min_money=0.0
112450334,DECEM,56489091,1,DOMINANT_CROP_SHIFT_D3_TO_D9,,,,,,MELON->STRAWBERRY
112450342,DSM,56489014,0,BUY_LAND,150,6,836.0,25,9,
112450342,DSM,56489014,0,BUY_ANIMAL_FIRST,1,0,3000.0,25,5,COW
112450342,DSM,56489014,0,BUY_ANIMAL_FIRST,2,0,3000.0,25,5,SHEEP
112450342,DSM,56489014,0,BUY_ANIMAL_FIRST,153,6,836.0,25,9,GOOSE
112450342,DSM,56489014,0,CASH_TROUGH_MIN_D3_7,168,7,4.0,,10,min_money=4.0
112450342,DSM,56489014,0,DOMINANT_CROP_SHIFT_D3_TO_D9,,,,,,MELON->STRAWBERRY
112451485,DSM,56489014,0,BUY_LAND,150,6,842.0,25,9,
112451485,DSM,56489014,0,BUY_ANIMAL_FIRST,1,0,3000.0,25,5,COW
112451485,DSM,56489014,0,BUY_ANIMAL_FIRST,2,0,3000.0,25,5,SHEEP
112451485,DSM,56489014,0,BUY_ANIMAL_FIRST,153,6,842.0,25,9,GOOSE
112451485,DSM,56489014,0,CASH_TROUGH_MIN_D3_7,72,3,6.0,,7,min_money=6.0
112451485,DSM,56489014,0,DOMINANT_CROP_SHIFT_D3_TO_D9,,,,,,MELON->WHEAT
112451503,DECEM,56489091,1,BUY_LAND,150,6,683.0,25,9,
112451503,DECEM,56489091,1,BUY_ANIMAL_FIRST,1,0,3000.0,25,5,COW
112451503,DECEM,56489091,1,BUY_ANIMAL_FIRST,2,0,3000.0,25,5,SHEEP
112451503,DECEM,56489091,1,BUY_ANIMAL_FIRST,153,6,683.0,25,9,GOOSE
112451503,DECEM,56489091,1,CASH_TROUGH_MIN_D3_7,168,7,17.0,,10,min_money=17.0
112451503,DECEM,56489091,1,DOMINANT_CROP_SHIFT_D3_TO_D9,,,,,,MELON->STRAWBERRY
112451527,DECEM,56489091,0,BUY_LAND,150,6,706.0,25,9,
112451527,DECEM,56489091,0,BUY_ANIMAL_FIRST,1,0,3000.0,25,5,COW
112451527,DECEM,56489091,0,BUY_ANIMAL_FIRST,2,0,3000.0,25,5,SHEEP
112451527,DECEM,56489091,0,BUY_ANIMAL_FIRST,153,6,706.0,25,9,GOOSE
112451527,DECEM,56489091,0,CASH_TROUGH_MIN_D3_7,168,7,5.0,,10,min_money=5.0
112451527,DECEM,56489091,0,DOMINANT_CROP_SHIFT_D3_TO_D9,,,,,,MELON->WHEAT
112452661,DSM,56489014,0,BUY_LAND,150,6,850.0,25,9,
112452661,DSM,56489014,0,BUY_ANIMAL_FIRST,1,0,3000.0,25,5,COW
112452661,DSM,56489014,0,BUY_ANIMAL_FIRST,2,0,3000.0,25,5,SHEEP
112452661,DSM,56489014,0,BUY_ANIMAL_FIRST,156,6,850.0,25,9,GOOSE
112452661,DSM,56489014,0,CASH_TROUGH_MIN_D3_7,72,3,8.0,,7,min_money=8.0
112452661,DSM,56489014,0,DOMINANT_CROP_SHIFT_D3_TO_D9,,,,,,MELON->STRAWBERRY
112452697,DECEM,56489091,1,BUY_LAND,150,6,774.0,25,9,
112452697,DECEM,56489091,1,BUY_ANIMAL_FIRST,1,0,3000.0,25,5,COW
112452697,DECEM,56489091,1,BUY_ANIMAL_FIRST,2,0,3000.0,25,5,SHEEP
112452697,DECEM,56489091,1,BUY_ANIMAL_FIRST,153,6,774.0,25,9,GOOSE
112452697,DECEM,56489091,1,CASH_TROUGH_MIN_D3_7,168,7,4.0,,10,min_money=4.0
112452697,DECEM,56489091,1,DOMINANT_CROP_SHIFT_D3_TO_D9,,,,,,MELON->STRAWBERRY
112453075,M & M & P & Q,56464621,1,BUY_LAND,130,5,44.0,25,7,
112453075,M & M & P & Q,56464621,1,BUY_ANIMAL_FIRST,1,0,3000.0,25,6,COW
112453075,M & M & P & Q,56464621,1,BUY_ANIMAL_FIRST,1,0,3000.0,25,6,SHEEP
112453075,M & M & P & Q,56464621,1,BUY_ANIMAL_FIRST,25,1,7.0,25,5,GOOSE
112453075,M & M & P & Q,56464621,1,CASH_TROUGH_MIN_D3_7,72,3,44.0,,6,min_money=44.0
112453075,M & M & P & Q,56464621,1,DOMINANT_CROP_SHIFT_D3_TO_D9,,,,,,MELON->WHEAT
112453803,DSM,56489014,0,BUY_LAND,150,6,866.0,25,9,
112453803,DSM,56489014,0,BUY_ANIMAL_FIRST,1,0,3000.0,25,5,COW
112453803,DSM,56489014,0,BUY_ANIMAL_FIRST,2,0,3000.0,25,5,SHEEP
112453803,DSM,56489014,0,BUY_ANIMAL_FIRST,153,6,866.0,25,9,GOOSE
112453803,DSM,56489014,0,CASH_TROUGH_MIN_D3_7,72,3,0.0,,7,min_money=0.0
112453803,DSM,56489014,0,DOMINANT_CROP_SHIFT_D3_TO_D9,,,,,,MELON->STRAWBERRY
112453846,DECEM,56489091,1,BUY_LAND,150,6,781.0,25,9,
112453846,DECEM,56489091,1,BUY_ANIMAL_FIRST,1,0,3000.0,25,5,COW
112453846,DECEM,56489091,1,BUY_ANIMAL_FIRST,2,0,3000.0,25,5,SHEEP
112453846,DECEM,56489091,1,BUY_ANIMAL_FIRST,153,6,781.0,25,9,GOOSE
112453846,DECEM,56489091,1,CASH_TROUGH_MIN_D3_7,72,3,9.0,,7,min_money=9.0
112453846,DECEM,56489091,1,DOMINANT_CROP_SHIFT_D3_TO_D9,,,,,,MELON->STRAWBERRY
112454257,Boey,56484772,1,BUY_LAND,146,6,2.0,25,10,
112454257,Boey,56484772,1,BUY_ANIMAL_FIRST,1,0,3000.0,25,6,SHEEP
112454257,Boey,56484772,1,BUY_ANIMAL_FIRST,4,0,3000.0,25,6,COW
112454257,Boey,56484772,1,BUY_ANIMAL_FIRST,51,2,391.0,25,6,GOOSE
112454257,Boey,56484772,1,CASH_TROUGH_MIN_D3_7,168,7,1.0,,7,min_money=1.0
112454257,Boey,56484772,1,DOMINANT_CROP_SHIFT_D3_TO_D9,,,,,,MELON->CARROT
112454257,Unknown Mother-Goose,56478145,0,BUY_LAND,150,6,626.0,25,8,
112454257,Unknown Mother-Goose,56478145,0,BUY_ANIMAL_FIRST,1,0,3000.0,25,5,COW
112454257,Unknown Mother-Goose,56478145,0,BUY_ANIMAL_FIRST,2,0,3000.0,25,5,SHEEP
112454257,Unknown Mother-Goose,56478145,0,BUY_ANIMAL_FIRST,153,6,626.0,25,8,GOOSE
112454257,Unknown Mother-Goose,56478145,0,CASH_TROUGH_MIN_D3_7,96,4,22.0,,6,min_money=22.0
112454257,Unknown Mother-Goose,56478145,0,DOMINANT_CROP_SHIFT_D3_TO_D9,,,,,,MELON->STRAWBERRY
112454261,吃白饭的大肥鱼,56483899,0,BUY_LAND,149,6,1012.0,25,9,
112454261,吃白饭的大肥鱼,56483899,0,BUY_ANIMAL_FIRST,1,0,3000.0,25,5,COW
112454261,吃白饭的大肥鱼,56483899,0,BUY_ANIMAL_FIRST,1,0,3000.0,25,5,SHEEP
112454261,吃白饭的大肥鱼,56483899,0,BUY_ANIMAL_FIRST,222,9,3199.0,50,12,GOOSE
112454261,吃白饭的大肥鱼,56483899,0,CASH_TROUGH_MIN_D3_7,72,3,50.0,,7,min_money=50.0
112454261,吃白饭的大肥鱼,56483899,0,DOMINANT_CROP_SHIFT_D3_TO_D9,,,,,,MELON->STRAWBERRY
112454264,Boey,56484772,1,BUY_LAND,146,6,22.0,25,10,
112454264,Boey,56484772,1,BUY_ANIMAL_FIRST,1,0,3000.0,25,6,SHEEP
112454264,Boey,56484772,1,BUY_ANIMAL_FIRST,2,0,3000.0,25,6,COW
112454264,Boey,56484772,1,BUY_ANIMAL_FIRST,51,2,398.0,25,6,GOOSE
112454264,Boey,56484772,1,CASH_TROUGH_MIN_D3_7,72,3,2.0,,6,min_money=2.0
112454264,Boey,56484772,1,DOMINANT_CROP_SHIFT_D3_TO_D9,,,,,,MELON->STRAWBERRY
112454265,M & M & P & Q,56464621,0,BUY_LAND,130,5,84.0,25,7,
112454265,M & M & P & Q,56464621,0,BUY_ANIMAL_FIRST,1,0,3000.0,25,6,COW
112454265,M & M & P & Q,56464621,0,BUY_ANIMAL_FIRST,1,0,3000.0,25,6,SHEEP
112454265,M & M & P & Q,56464621,0,BUY_ANIMAL_FIRST,25,1,7.0,25,5,GOOSE
112454265,M & M & P & Q,56464621,0,CASH_TROUGH_MIN_D3_7,96,4,1.0,,7,min_money=1.0
112454265,M & M & P & Q,56464621,0,DOMINANT_CROP_SHIFT_D3_TO_D9,,,,,,MELON->STRAWBERRY
112454997,DSM,56489014,1,BUY_LAND,150,6,837.0,25,9,
112454997,DSM,56489014,1,BUY_ANIMAL_FIRST,1,0,3000.0,25,5,COW
112454997,DSM,56489014,1,BUY_ANIMAL_FIRST,2,0,3000.0,25,5,SHEEP
112454997,DSM,56489014,1,BUY_ANIMAL_FIRST,273,11,789.0,50,13,GOOSE
112454997,DSM,56489014,1,CASH_TROUGH_MIN_D3_7,72,3,4.0,,7,min_money=4.0
112454997,DSM,56489014,1,DOMINANT_CROP_SHIFT_D3_TO_D9,,,,,,MELON->WHEAT
112455019,DECEM,56489091,1,BUY_LAND,150,6,845.0,25,9,
112455019,DECEM,56489091,1,BUY_ANIMAL_FIRST,1,0,3000.0,25,5,COW
112455019,DECEM,56489091,1,BUY_ANIMAL_FIRST,2,0,3000.0,25,5,SHEEP
112455019,DECEM,56489091,1,BUY_ANIMAL_FIRST,153,6,845.0,25,9,GOOSE
112455019,DECEM,56489091,1,CASH_TROUGH_MIN_D3_7,72,3,29.0,,7,min_money=29.0
112455019,DECEM,56489091,1,DOMINANT_CROP_SHIFT_D3_TO_D9,,,,,,MELON->STRAWBERRY
112455022,DECEM,56489091,0,BUY_LAND,150,6,768.0,25,9,
112455022,DECEM,56489091,0,BUY_ANIMAL_FIRST,1,0,3000.0,25,5,COW
112455022,DECEM,56489091,0,BUY_ANIMAL_FIRST,2,0,3000.0,25,5,SHEEP
112455022,DECEM,56489091,0,BUY_ANIMAL_FIRST,153,6,768.0,25,9,GOOSE
112455022,DECEM,56489091,0,CASH_TROUGH_MIN_D3_7,168,7,0.0,,9,min_money=0.0
112455022,DECEM,56489091,0,DOMINANT_CROP_SHIFT_D3_TO_D9,,,,,,MELON->STRAWBERRY
112456237,DSM,56489014,1,BUY_LAND,150,6,899.0,25,9,
112456237,DSM,56489014,1,BUY_ANIMAL_FIRST,1,0,3000.0,25,5,COW
112456237,DSM,56489014,1,BUY_ANIMAL_FIRST,2,0,3000.0,25,5,SHEEP
112456237,DSM,56489014,1,BUY_ANIMAL_FIRST,153,6,899.0,25,9,GOOSE
112456237,DSM,56489014,1,CASH_TROUGH_MIN_D3_7,72,3,4.0,,7,min_money=4.0
112456237,DSM,56489014,1,DOMINANT_CROP_SHIFT_D3_TO_D9,,,,,,MELON->STRAWBERRY
112456258,DECEM,56489091,0,BUY_LAND,150,6,776.0,25,9,
112456258,DECEM,56489091,0,BUY_ANIMAL_FIRST,1,0,3000.0,25,5,COW
112456258,DECEM,56489091,0,BUY_ANIMAL_FIRST,2,0,3000.0,25,5,SHEEP
112456258,DECEM,56489091,0,BUY_ANIMAL_FIRST,153,6,776.0,25,9,GOOSE
112456258,DECEM,56489091,0,CASH_TROUGH_MIN_D3_7,72,3,25.0,,7,min_money=25.0
112456258,DECEM,56489091,0,DOMINANT_CROP_SHIFT_D3_TO_D9,,,,,,MELON->STRAWBERRY
112457389,吃白饭的大肥鱼,56483899,1,BUY_LAND,149,6,1076.0,25,9,
112457389,吃白饭的大肥鱼,56483899,1,BUY_ANIMAL_FIRST,1,0,3000.0,25,5,COW
112457389,吃白饭的大肥鱼,56483899,1,BUY_ANIMAL_FIRST,1,0,3000.0,25,5,SHEEP
112457389,吃白饭的大肥鱼,56483899,1,BUY_ANIMAL_FIRST,151,6,1076.0,25,9,GOOSE
112457389,吃白饭的大肥鱼,56483899,1,CASH_TROUGH_MIN_D3_7,72,3,43.0,,7,min_money=43.0
112457389,吃白饭的大肥鱼,56483899,1,DOMINANT_CROP_SHIFT_D3_TO_D9,,,,,,MELON->STRAWBERRY
112457402,DSM,56489014,0,BUY_LAND,150,6,742.0,25,9,
112457402,DSM,56489014,0,BUY_ANIMAL_FIRST,1,0,3000.0,25,5,COW
112457402,DSM,56489014,0,BUY_ANIMAL_FIRST,2,0,3000.0,25,5,SHEEP
112457402,DSM,56489014,0,BUY_ANIMAL_FIRST,153,6,742.0,25,9,GOOSE
112457402,DSM,56489014,0,CASH_TROUGH_MIN_D3_7,168,7,2.0,,10,min_money=2.0
112457402,DSM,56489014,0,DOMINANT_CROP_SHIFT_D3_TO_D9,,,,,,MELON->STRAWBERRY
112457441,DECEM,56489091,0,BUY_LAND,150,6,702.0,25,9,
112457441,DECEM,56489091,0,BUY_ANIMAL_FIRST,1,0,3000.0,25,5,COW
112457441,DECEM,56489091,0,BUY_ANIMAL_FIRST,2,0,3000.0,25,5,SHEEP
112457441,DECEM,56489091,0,BUY_ANIMAL_FIRST,153,6,702.0,25,9,GOOSE
112457441,DECEM,56489091,0,CASH_TROUGH_MIN_D3_7,72,3,8.0,,7,min_money=8.0
112457441,DECEM,56489091,0,DOMINANT_CROP_SHIFT_D3_TO_D9,,,,,,MELON->STRAWBERRY
112458569,DSM,56489014,0,BUY_LAND,150,6,841.0,25,9,
112458569,DSM,56489014,0,BUY_ANIMAL_FIRST,1,0,3000.0,25,5,COW
112458569,DSM,56489014,0,BUY_ANIMAL_FIRST,2,0,3000.0,25,5,SHEEP
112458569,DSM,56489014,0,BUY_ANIMAL_FIRST,153,6,841.0,25,9,GOOSE
112458569,DSM,56489014,0,CASH_TROUGH_MIN_D3_7,72,3,3.0,,7,min_money=3.0
112458569,DSM,56489014,0,DOMINANT_CROP_SHIFT_D3_TO_D9,,,,,,MELON->STRAWBERRY
112458613,DECEM,56489091,1,BUY_LAND,150,6,684.0,25,9,
112458613,DECEM,56489091,1,BUY_ANIMAL_FIRST,1,0,3000.0,25,5,COW
112458613,DECEM,56489091,1,BUY_ANIMAL_FIRST,2,0,3000.0,25,5,SHEEP
112458613,DECEM,56489091,1,BUY_ANIMAL_FIRST,153,6,684.0,25,9,GOOSE
112458613,DECEM,56489091,1,CASH_TROUGH_MIN_D3_7,168,7,17.0,,10,min_money=17.0
112458613,DECEM,56489091,1,DOMINANT_CROP_SHIFT_D3_TO_D9,,,,,,MELON->STRAWBERRY
112459757,DSM,56489014,0,BUY_LAND,150,6,737.0,25,9,
112459757,DSM,56489014,0,BUY_ANIMAL_FIRST,1,0,3000.0,25,5,COW
112459757,DSM,56489014,0,BUY_ANIMAL_FIRST,2,0,3000.0,25,5,SHEEP
112459757,DSM,56489014,0,BUY_ANIMAL_FIRST,156,6,737.0,25,9,GOOSE
112459757,DSM,56489014,0,CASH_TROUGH_MIN_D3_7,72,3,1.0,,7,min_money=1.0
112459757,DSM,56489014,0,DOMINANT_CROP_SHIFT_D3_TO_D9,,,,,,MELON->STRAWBERRY
112459785,DECEM,56489091,0,BUY_LAND,150,6,766.0,25,9,
112459785,DECEM,56489091,0,BUY_ANIMAL_FIRST,1,0,3000.0,25,5,COW
112459785,DECEM,56489091,0,BUY_ANIMAL_FIRST,2,0,3000.0,25,5,SHEEP
112459785,DECEM,56489091,0,BUY_ANIMAL_FIRST,224,9,2499.0,50,11,GOOSE
112459785,DECEM,56489091,0,CASH_TROUGH_MIN_D3_7,72,3,30.0,,7,min_money=30.0
112459785,DECEM,56489091,0,DOMINANT_CROP_SHIFT_D3_TO_D9,,,,,,MELON->STRAWBERRY
112460939,DSM,56489014,0,BUY_LAND,150,6,905.0,25,9,
112460939,DSM,56489014,0,BUY_ANIMAL_FIRST,1,0,3000.0,25,5,COW
112460939,DSM,56489014,0,BUY_ANIMAL_FIRST,2,0,3000.0,25,5,SHEEP
112460939,DSM,56489014,0,BUY_ANIMAL_FIRST,224,9,2392.0,50,11,GOOSE
112460939,DSM,56489014,0,CASH_TROUGH_MIN_D3_7,72,3,8.0,,7,min_money=8.0
112460939,DSM,56489014,0,DOMINANT_CROP_SHIFT_D3_TO_D9,,,,,,MELON->STRAWBERRY
112460965,DSM,56489014,1,BUY_LAND,150,6,835.0,25,9,
112460965,DSM,56489014,1,BUY_ANIMAL_FIRST,1,0,3000.0,25,5,COW
112460965,DSM,56489014,1,BUY_ANIMAL_FIRST,2,0,3000.0,25,5,SHEEP
112460965,DSM,56489014,1,BUY_ANIMAL_FIRST,250,10,1247.0,50,14,GOOSE
112460965,DSM,56489014,1,CASH_TROUGH_MIN_D3_7,168,7,0.0,,9,min_money=0.0
112460965,DSM,56489014,1,DOMINANT_CROP_SHIFT_D3_TO_D9,,,,,,MELON->WHEAT
112460977,DECEM,56489091,1,BUY_LAND,150,6,872.0,25,9,
112460977,DECEM,56489091,1,BUY_ANIMAL_FIRST,1,0,3000.0,25,5,COW
112460977,DECEM,56489091,1,BUY_ANIMAL_FIRST,2,0,3000.0,25,5,SHEEP
112460977,DECEM,56489091,1,BUY_ANIMAL_FIRST,153,6,872.0,25,9,GOOSE
112460977,DECEM,56489091,1,CASH_TROUGH_MIN_D3_7,168,7,4.0,,10,min_money=4.0
112460977,DECEM,56489091,1,DOMINANT_CROP_SHIFT_D3_TO_D9,,,,,,MELON->STRAWBERRY
112462136,DSM,56489014,0,BUY_LAND,150,6,855.0,25,9,
112462136,DSM,56489014,0,BUY_ANIMAL_FIRST,1,0,3000.0,25,5,COW
112462136,DSM,56489014,0,BUY_ANIMAL_FIRST,2,0,3000.0,25,5,SHEEP
112462136,DSM,56489014,0,BUY_ANIMAL_FIRST,153,6,855.0,25,9,GOOSE
112462136,DSM,56489014,0,CASH_TROUGH_MIN_D3_7,168,7,0.0,,9,min_money=0.0
112462136,DSM,56489014,0,DOMINANT_CROP_SHIFT_D3_TO_D9,,,,,,MELON->STRAWBERRY
112462163,DECEM,56489091,1,BUY_LAND,150,6,752.0,25,9,
112462163,DECEM,56489091,1,BUY_ANIMAL_FIRST,1,0,3000.0,25,5,COW
112462163,DECEM,56489091,1,BUY_ANIMAL_FIRST,2,0,3000.0,25,5,SHEEP
112462163,DECEM,56489091,1,BUY_ANIMAL_FIRST,225,9,810.0,50,11,GOOSE
112462163,DECEM,56489091,1,CASH_TROUGH_MIN_D3_7,96,4,3.0,,7,min_money=3.0
112462163,DECEM,56489091,1,DOMINANT_CROP_SHIFT_D3_TO_D9,,,,,,MELON->STRAWBERRY
112462528,Unknown Mother-Goose,56478145,1,BUY_LAND,150,6,676.0,25,9,
112462528,Unknown Mother-Goose,56478145,1,BUY_ANIMAL_FIRST,1,0,3000.0,25,5,COW
112462528,Unknown Mother-Goose,56478145,1,BUY_ANIMAL_FIRST,2,0,3000.0,25,5,SHEEP
112462528,Unknown Mother-Goose,56478145,1,BUY_ANIMAL_FIRST,153,6,676.0,25,9,GOOSE
112462528,Unknown Mother-Goose,56478145,1,CASH_TROUGH_MIN_D3_7,96,4,6.0,,6,min_money=6.0
112462528,Unknown Mother-Goose,56478145,1,DOMINANT_CROP_SHIFT_D3_TO_D9,,,,,,MELON->STRAWBERRY
112462531,M & M & P & Q,56464621,1,BUY_LAND,130,5,84.0,25,7,
112462531,M & M & P & Q,56464621,1,BUY_ANIMAL_FIRST,1,0,3000.0,25,6,COW
112462531,M & M & P & Q,56464621,1,BUY_ANIMAL_FIRST,1,0,3000.0,25,6,SHEEP
112462531,M & M & P & Q,56464621,1,BUY_ANIMAL_FIRST,25,1,7.0,25,5,GOOSE
112462531,M & M & P & Q,56464621,1,CASH_TROUGH_MIN_D3_7,96,4,43.0,,7,min_money=43.0
112462531,M & M & P & Q,56464621,1,DOMINANT_CROP_SHIFT_D3_TO_D9,,,,,,MELON->WHEAT
112462532,M & M & P & Q,56464621,0,BUY_LAND,130,5,41.0,25,7,
112462532,M & M & P & Q,56464621,0,BUY_ANIMAL_FIRST,1,0,3000.0,25,5,COW
112462532,M & M & P & Q,56464621,0,BUY_ANIMAL_FIRST,1,0,3000.0,25,5,SHEEP
112462532,M & M & P & Q,56464621,0,BUY_ANIMAL_FIRST,25,1,2.0,25,4,GOOSE
112462532,M & M & P & Q,56464621,0,CASH_TROUGH_MIN_D3_7,96,4,16.0,,7,min_money=16.0
112462532,M & M & P & Q,56464621,0,DOMINANT_CROP_SHIFT_D3_TO_D9,,,,,,MELON->WHEAT
112462537,M & M & P & Q,56464621,1,BUY_LAND,133,5,60.0,25,7,
112462537,M & M & P & Q,56464621,1,BUY_ANIMAL_FIRST,1,0,3000.0,25,5,COW
112462537,M & M & P & Q,56464621,1,BUY_ANIMAL_FIRST,1,0,3000.0,25,5,SHEEP
112462537,M & M & P & Q,56464621,1,BUY_ANIMAL_FIRST,25,1,1.0,25,4,GOOSE
112462537,M & M & P & Q,56464621,1,CASH_TROUGH_MIN_D3_7,144,6,31.0,,9,min_money=31.0
112462537,M & M & P & Q,56464621,1,DOMINANT_CROP_SHIFT_D3_TO_D9,,,,,,MELON->STRAWBERRY
112462539,Boey,56484772,1,BUY_LAND,146,6,3.0,25,10,
112462539,Boey,56484772,1,BUY_ANIMAL_FIRST,1,0,3000.0,25,6,SHEEP
112462539,Boey,56484772,1,BUY_ANIMAL_FIRST,2,0,3000.0,25,6,COW
112462539,Boey,56484772,1,BUY_ANIMAL_FIRST,56,2,252.0,25,7,GOOSE
112462539,Boey,56484772,1,CASH_TROUGH_MIN_D3_7,144,6,3.0,,10,min_money=3.0
112462539,Boey,56484772,1,DOMINANT_CROP_SHIFT_D3_TO_D9,,,,,,WHEAT->STRAWBERRY
112463325,DSM,56489014,0,BUY_LAND,150,6,840.0,25,9,
112463325,DSM,56489014,0,BUY_ANIMAL_FIRST,1,0,3000.0,25,5,COW
112463325,DSM,56489014,0,BUY_ANIMAL_FIRST,2,0,3000.0,25,5,SHEEP
112463325,DSM,56489014,0,BUY_ANIMAL_FIRST,225,9,623.0,50,11,GOOSE
112463325,DSM,56489014,0,CASH_TROUGH_MIN_D3_7,72,3,1.0,,7,min_money=1.0
112463325,DSM,56489014,0,DOMINANT_CROP_SHIFT_D3_TO_D9,,,,,,MELON->STRAWBERRY
112463362,DECEM,56489091,0,BUY_LAND,150,6,837.0,25,9,
112463362,DECEM,56489091,0,BUY_ANIMAL_FIRST,1,0,3000.0,25,5,COW
112463362,DECEM,56489091,0,BUY_ANIMAL_FIRST,2,0,3000.0,25,5,SHEEP
112463362,DECEM,56489091,0,BUY_ANIMAL_FIRST,153,6,837.0,25,9,GOOSE
112463362,DECEM,56489091,0,CASH_TROUGH_MIN_D3_7,168,7,17.0,,10,min_money=17.0
112463362,DECEM,56489091,0,DOMINANT_CROP_SHIFT_D3_TO_D9,,,,,,MELON->STRAWBERRY
112463584,DECEM,56489091,0,BUY_LAND,150,6,835.0,25,9,
112463584,DECEM,56489091,0,BUY_ANIMAL_FIRST,1,0,3000.0,25,5,COW
112463584,DECEM,56489091,0,BUY_ANIMAL_FIRST,2,0,3000.0,25,5,SHEEP
112463584,DECEM,56489091,0,BUY_ANIMAL_FIRST,153,6,835.0,25,9,GOOSE
112463584,DECEM,56489091,0,CASH_TROUGH_MIN_D3_7,72,3,24.0,,7,min_money=24.0
112463584,DECEM,56489091,0,DOMINANT_CROP_SHIFT_D3_TO_D9,,,,,,MELON->STRAWBERRY
112464526,DSM,56489014,0,BUY_LAND,150,6,841.0,25,9,
112464526,DSM,56489014,0,BUY_ANIMAL_FIRST,1,0,3000.0,25,5,COW
112464526,DSM,56489014,0,BUY_ANIMAL_FIRST,2,0,3000.0,25,5,SHEEP
112464526,DSM,56489014,0,BUY_ANIMAL_FIRST,225,9,711.0,50,11,GOOSE
112464526,DSM,56489014,0,CASH_TROUGH_MIN_D3_7,72,3,5.0,,7,min_money=5.0
112464526,DSM,56489014,0,DOMINANT_CROP_SHIFT_D3_TO_D9,,,,,,MELON->STRAWBERRY
112464560,DECEM,56489091,1,BUY_LAND,150,6,831.0,25,9,
112464560,DECEM,56489091,1,BUY_ANIMAL_FIRST,1,0,3000.0,25,5,COW
112464560,DECEM,56489091,1,BUY_ANIMAL_FIRST,2,0,3000.0,25,5,SHEEP
112464560,DECEM,56489091,1,BUY_ANIMAL_FIRST,153,6,831.0,25,9,GOOSE
112464560,DECEM,56489091,1,CASH_TROUGH_MIN_D3_7,168,7,3.0,,10,min_money=3.0
112464560,DECEM,56489091,1,DOMINANT_CROP_SHIFT_D3_TO_D9,,,,,,MELON->STRAWBERRY
112465682,DSM,56489014,0,BUY_LAND,150,6,754.0,25,9,
112465682,DSM,56489014,0,BUY_ANIMAL_FIRST,1,0,3000.0,25,5,COW
112465682,DSM,56489014,0,BUY_ANIMAL_FIRST,2,0,3000.0,25,5,SHEEP
112465682,DSM,56489014,0,BUY_ANIMAL_FIRST,153,6,754.0,25,9,GOOSE
112465682,DSM,56489014,0,CASH_TROUGH_MIN_D3_7,72,3,9.0,,7,min_money=9.0
112465682,DSM,56489014,0,DOMINANT_CROP_SHIFT_D3_TO_D9,,,,,,MELON->STRAWBERRY
112465718,DECEM,56489091,1,BUY_LAND,150,6,763.0,25,9,
112465718,DECEM,56489091,1,BUY_ANIMAL_FIRST,1,0,3000.0,25,5,COW
112465718,DECEM,56489091,1,BUY_ANIMAL_FIRST,2,0,3000.0,25,5,SHEEP
112465718,DECEM,56489091,1,BUY_ANIMAL_FIRST,225,9,821.0,50,11,GOOSE
112465718,DECEM,56489091,1,CASH_TROUGH_MIN_D3_7,96,4,4.0,,4,min_money=4.0
112465718,DECEM,56489091,1,DOMINANT_CROP_SHIFT_D3_TO_D9,,,,,,MELON->WHEAT
112465960,吃白饭的大肥鱼,56483899,0,BUY_LAND,149,6,1064.0,25,9,
112465960,吃白饭的大肥鱼,56483899,0,BUY_ANIMAL_FIRST,1,0,3000.0,25,5,COW
112465960,吃白饭的大肥鱼,56483899,0,BUY_ANIMAL_FIRST,1,0,3000.0,25,5,SHEEP
112465960,吃白饭的大肥鱼,56483899,0,BUY_ANIMAL_FIRST,151,6,1064.0,25,9,GOOSE
112465960,吃白饭的大肥鱼,56483899,0,CASH_TROUGH_MIN_D3_7,72,3,44.0,,7,min_money=44.0
112465960,吃白饭的大肥鱼,56483899,0,DOMINANT_CROP_SHIFT_D3_TO_D9,,,,,,MELON->STRAWBERRY
112466855,DSM,56489014,1,BUY_LAND,150,6,741.0,25,9,
112466855,DSM,56489014,1,BUY_ANIMAL_FIRST,1,0,3000.0,25,5,COW
112466855,DSM,56489014,1,BUY_ANIMAL_FIRST,2,0,3000.0,25,5,SHEEP
112466855,DSM,56489014,1,BUY_ANIMAL_FIRST,153,6,741.0,25,9,GOOSE
112466855,DSM,56489014,1,CASH_TROUGH_MIN_D3_7,168,7,4.0,,10,min_money=4.0
112466855,DSM,56489014,1,DOMINANT_CROP_SHIFT_D3_TO_D9,,,,,,MELON->STRAWBERRY
112466901,DECEM,56489091,0,BUY_LAND,150,6,781.0,25,9,
112466901,DECEM,56489091,0,BUY_ANIMAL_FIRST,1,0,3000.0,25,5,COW
112466901,DECEM,56489091,0,BUY_ANIMAL_FIRST,2,0,3000.0,25,5,SHEEP
112466901,DECEM,56489091,0,BUY_ANIMAL_FIRST,153,6,781.0,25,9,GOOSE
112466901,DECEM,56489091,0,CASH_TROUGH_MIN_D3_7,72,3,27.0,,7,min_money=27.0
112466901,DECEM,56489091,0,DOMINANT_CROP_SHIFT_D3_TO_D9,,,,,,MELON->STRAWBERRY
112468021,DSM,56489014,0,BUY_LAND,150,6,837.0,25,9,
112468021,DSM,56489014,0,BUY_ANIMAL_FIRST,1,0,3000.0,25,5,COW
112468021,DSM,56489014,0,BUY_ANIMAL_FIRST,2,0,3000.0,25,5,SHEEP
112468021,DSM,56489014,0,BUY_ANIMAL_FIRST,273,11,472.0,50,13,GOOSE
112468021,DSM,56489014,0,CASH_TROUGH_MIN_D3_7,72,3,4.0,,7,min_money=4.0
112468021,DSM,56489014,0,DOMINANT_CROP_SHIFT_D3_TO_D9,,,,,,MELON->WHEAT
112468050,DECEM,56489091,1,BUY_LAND,150,6,679.0,25,9,
112468050,DECEM,56489091,1,BUY_ANIMAL_FIRST,1,0,3000.0,25,5,COW
112468050,DECEM,56489091,1,BUY_ANIMAL_FIRST,2,0,3000.0,25,5,SHEEP
112468050,DECEM,56489091,1,BUY_ANIMAL_FIRST,153,6,679.0,25,9,GOOSE
112468050,DECEM,56489091,1,CASH_TROUGH_MIN_D3_7,72,3,29.0,,7,min_money=29.0
112468050,DECEM,56489091,1,DOMINANT_CROP_SHIFT_D3_TO_D9,,,,,,MELON->STRAWBERRY
112469196,DSM,56489014,0,BUY_LAND,150,6,845.0,25,9,
112469196,DSM,56489014,0,BUY_ANIMAL_FIRST,1,0,3000.0,25,5,COW
112469196,DSM,56489014,0,BUY_ANIMAL_FIRST,2,0,3000.0,25,5,SHEEP
112469196,DSM,56489014,0,BUY_ANIMAL_FIRST,224,9,2774.0,50,11,GOOSE
112469196,DSM,56489014,0,CASH_TROUGH_MIN_D3_7,72,3,9.0,,7,min_money=9.0
112469196,DSM,56489014,0,DOMINANT_CROP_SHIFT_D3_TO_D9,,,,,,MELON->STRAWBERRY
112469263,DECEM,56489091,0,BUY_LAND,150,6,742.0,25,9,
112469263,DECEM,56489091,0,BUY_ANIMAL_FIRST,1,0,3000.0,25,5,COW
112469263,DECEM,56489091,0,BUY_ANIMAL_FIRST,2,0,3000.0,25,5,SHEEP
112469263,DECEM,56489091,0,BUY_ANIMAL_FIRST,225,9,862.0,50,11,GOOSE
112469263,DECEM,56489091,0,CASH_TROUGH_MIN_D3_7,72,3,21.0,,7,min_money=21.0
112469263,DECEM,56489091,0,DOMINANT_CROP_SHIFT_D3_TO_D9,,,,,,MELON->WHEAT
112470335,DSM,56489014,1,BUY_LAND,150,6,846.0,25,9,
112470335,DSM,56489014,1,BUY_ANIMAL_FIRST,1,0,3000.0,25,5,COW
112470335,DSM,56489014,1,BUY_ANIMAL_FIRST,2,0,3000.0,25,5,SHEEP
112470335,DSM,56489014,1,BUY_ANIMAL_FIRST,153,6,846.0,25,9,GOOSE
112470335,DSM,56489014,1,CASH_TROUGH_MIN_D3_7,72,3,8.0,,7,min_money=8.0
112470335,DSM,56489014,1,DOMINANT_CROP_SHIFT_D3_TO_D9,,,,,,MELON->WHEAT
112470376,DECEM,56489091,0,BUY_LAND,150,6,832.0,25,9,
112470376,DECEM,56489091,0,BUY_ANIMAL_FIRST,1,0,3000.0,25,5,COW
112470376,DECEM,56489091,0,BUY_ANIMAL_FIRST,2,0,3000.0,25,5,SHEEP
112470376,DECEM,56489091,0,BUY_ANIMAL_FIRST,225,9,784.0,50,11,GOOSE
112470376,DECEM,56489091,0,CASH_TROUGH_MIN_D3_7,72,3,24.0,,7,min_money=24.0
112470376,DECEM,56489091,0,DOMINANT_CROP_SHIFT_D3_TO_D9,,,,,,MELON->WHEAT
112471466,DSM,56489014,1,BUY_LAND,150,6,843.0,25,9,
112471466,DSM,56489014,1,BUY_ANIMAL_FIRST,1,0,3000.0,25,5,COW
112471466,DSM,56489014,1,BUY_ANIMAL_FIRST,2,0,3000.0,25,5,SHEEP
112471466,DSM,56489014,1,BUY_ANIMAL_FIRST,153,6,843.0,25,9,GOOSE
112471466,DSM,56489014,1,CASH_TROUGH_MIN_D3_7,72,3,8.0,,7,min_money=8.0
112471466,DSM,56489014,1,DOMINANT_CROP_SHIFT_D3_TO_D9,,,,,,MELON->WHEAT
112471484,DSM,56489014,1,BUY_LAND,150,6,837.0,25,9,
112471484,DSM,56489014,1,BUY_ANIMAL_FIRST,1,0,3000.0,25,5,COW
112471484,DSM,56489014,1,BUY_ANIMAL_FIRST,2,0,3000.0,25,5,SHEEP
112471484,DSM,56489014,1,BUY_ANIMAL_FIRST,225,9,679.0,50,11,GOOSE
112471484,DSM,56489014,1,CASH_TROUGH_MIN_D3_7,168,7,3.0,,10,min_money=3.0
112471484,DSM,56489014,1,DOMINANT_CROP_SHIFT_D3_TO_D9,,,,,,MELON->STRAWBERRY
112471604,Boey,56484772,0,BUY_LAND,146,6,28.0,25,10,
112471604,Boey,56484772,0,BUY_ANIMAL_FIRST,1,0,3000.0,25,6,SHEEP
112471604,Boey,56484772,0,BUY_ANIMAL_FIRST,2,0,3000.0,25,6,COW
112471604,Boey,56484772,0,BUY_ANIMAL_FIRST,51,2,394.0,25,6,GOOSE
112471604,Boey,56484772,0,CASH_TROUGH_MIN_D3_7,120,5,12.0,,6,min_money=12.0
112471604,Boey,56484772,0,DOMINANT_CROP_SHIFT_D3_TO_D9,,,,,,MELON->STRAWBERRY
112471604,Unknown Mother-Goose,56478145,1,BUY_LAND,150,6,798.0,25,9,
112471604,Unknown Mother-Goose,56478145,1,BUY_ANIMAL_FIRST,1,0,3000.0,25,5,COW
112471604,Unknown Mother-Goose,56478145,1,BUY_ANIMAL_FIRST,2,0,3000.0,25,5,SHEEP
112471604,Unknown Mother-Goose,56478145,1,BUY_ANIMAL_FIRST,225,9,2289.0,50,11,GOOSE
112471604,Unknown Mother-Goose,56478145,1,CASH_TROUGH_MIN_D3_7,72,3,5.0,,6,min_money=5.0
112471604,Unknown Mother-Goose,56478145,1,DOMINANT_CROP_SHIFT_D3_TO_D9,,,,,,MELON->STRAWBERRY
112471609,Unknown Mother-Goose,56478145,0,BUY_LAND,150,6,691.0,25,9,
112471609,Unknown Mother-Goose,56478145,0,BUY_ANIMAL_FIRST,1,0,3000.0,25,5,COW
112471609,Unknown Mother-Goose,56478145,0,BUY_ANIMAL_FIRST,2,0,3000.0,25,5,SHEEP
112471609,Unknown Mother-Goose,56478145,0,BUY_ANIMAL_FIRST,153,6,691.0,25,9,GOOSE
112471609,Unknown Mother-Goose,56478145,0,CASH_TROUGH_MIN_D3_7,72,3,9.0,,6,min_money=9.0
112471609,Unknown Mother-Goose,56478145,0,DOMINANT_CROP_SHIFT_D3_TO_D9,,,,,,MELON->STRAWBERRY
112471612,Boey,56484772,0,BUY_LAND,146,6,30.0,25,10,
112471612,Boey,56484772,0,BUY_ANIMAL_FIRST,1,0,3000.0,25,6,SHEEP
112471612,Boey,56484772,0,BUY_ANIMAL_FIRST,2,0,3000.0,25,6,COW
112471612,Boey,56484772,0,BUY_ANIMAL_FIRST,51,2,197.0,25,6,GOOSE
112471612,Boey,56484772,0,CASH_TROUGH_MIN_D3_7,96,4,11.0,,7,min_money=11.0
112471612,Boey,56484772,0,DOMINANT_CROP_SHIFT_D3_TO_D9,,,,,,MELON->STRAWBERRY
112471612,Unknown Mother-Goose,56478145,1,BUY_LAND,150,6,850.0,25,9,
112471612,Unknown Mother-Goose,56478145,1,BUY_ANIMAL_FIRST,1,0,3000.0,25,5,COW
112471612,Unknown Mother-Goose,56478145,1,BUY_ANIMAL_FIRST,2,0,3000.0,25,5,SHEEP
112471612,Unknown Mother-Goose,56478145,1,BUY_ANIMAL_FIRST,225,9,2223.0,50,11,GOOSE
112471612,Unknown Mother-Goose,56478145,1,CASH_TROUGH_MIN_D3_7,72,3,35.0,,6,min_money=35.0
112471612,Unknown Mother-Goose,56478145,1,DOMINANT_CROP_SHIFT_D3_TO_D9,,,,,,MELON->STRAWBERRY
112471613,M & M & P & Q,56464621,1,BUY_LAND,132,5,34.0,25,7,
112471613,M & M & P & Q,56464621,1,BUY_ANIMAL_FIRST,1,0,3000.0,25,6,COW
112471613,M & M & P & Q,56464621,1,BUY_ANIMAL_FIRST,1,0,3000.0,25,6,SHEEP
112471613,M & M & P & Q,56464621,1,BUY_ANIMAL_FIRST,25,1,7.0,25,5,GOOSE
112471613,M & M & P & Q,56464621,1,CASH_TROUGH_MIN_D3_7,72,3,34.0,,6,min_money=34.0
112471613,M & M & P & Q,56464621,1,DOMINANT_CROP_SHIFT_D3_TO_D9,,,,,,MELON->WHEAT
112471613,Unknown Mother-Goose,56478145,0,BUY_LAND,150,6,909.0,25,9,
112471613,Unknown Mother-Goose,56478145,0,BUY_ANIMAL_FIRST,1,0,3000.0,25,5,COW
112471613,Unknown Mother-Goose,56478145,0,BUY_ANIMAL_FIRST,2,0,3000.0,25,5,SHEEP
112471613,Unknown Mother-Goose,56478145,0,BUY_ANIMAL_FIRST,251,10,2809.0,50,12,GOOSE
112471613,Unknown Mother-Goose,56478145,0,CASH_TROUGH_MIN_D3_7,72,3,7.0,,6,min_money=7.0
112471613,Unknown Mother-Goose,56478145,0,DOMINANT_CROP_SHIFT_D3_TO_D9,,,,,,MELON->WHEAT
112471642,DECEM,56489091,0,BUY_LAND,150,6,689.0,25,9,
112471642,DECEM,56489091,0,BUY_ANIMAL_FIRST,1,0,3000.0,25,5,COW
112471642,DECEM,56489091,0,BUY_ANIMAL_FIRST,2,0,3000.0,25,5,SHEEP
112471642,DECEM,56489091,0,BUY_ANIMAL_FIRST,153,6,689.0,25,9,GOOSE
112471642,DECEM,56489091,0,CASH_TROUGH_MIN_D3_7,168,7,19.0,,10,min_money=19.0
112471642,DECEM,56489091,0,DOMINANT_CROP_SHIFT_D3_TO_D9,,,,,,MELON->STRAWBERRY
112471832,DECEM,56489091,1,BUY_LAND,150,6,744.0,25,9,
112471832,DECEM,56489091,1,BUY_ANIMAL_FIRST,1,0,3000.0,25,5,COW
112471832,DECEM,56489091,1,BUY_ANIMAL_FIRST,2,0,3000.0,25,5,SHEEP
112471832,DECEM,56489091,1,BUY_ANIMAL_FIRST,153,6,744.0,25,9,GOOSE
112471832,DECEM,56489091,1,CASH_TROUGH_MIN_D3_7,72,3,24.0,,7,min_money=24.0
112471832,DECEM,56489091,1,DOMINANT_CROP_SHIFT_D3_TO_D9,,,,,,MELON->WHEAT
112472607,DECEM,56489091,0,BUY_LAND,150,6,806.0,25,9,
112472607,DECEM,56489091,0,BUY_ANIMAL_FIRST,1,0,3000.0,25,5,COW
112472607,DECEM,56489091,0,BUY_ANIMAL_FIRST,2,0,3000.0,25,5,SHEEP
112472607,DECEM,56489091,0,BUY_ANIMAL_FIRST,224,9,2063.0,50,11,GOOSE
112472607,DECEM,56489091,0,CASH_TROUGH_MIN_D3_7,168,7,9.0,,10,min_money=9.0
112472607,DECEM,56489091,0,DOMINANT_CROP_SHIFT_D3_TO_D9,,,,,,MELON->STRAWBERRY
112472663,DSM,56489014,1,BUY_LAND,150,6,843.0,25,9,
112472663,DSM,56489014,1,BUY_ANIMAL_FIRST,1,0,3000.0,25,5,COW
112472663,DSM,56489014,1,BUY_ANIMAL_FIRST,2,0,3000.0,25,5,SHEEP
112472663,DSM,56489014,1,BUY_ANIMAL_FIRST,153,6,843.0,25,9,GOOSE
112472663,DSM,56489014,1,CASH_TROUGH_MIN_D3_7,72,3,7.0,,7,min_money=7.0
112472663,DSM,56489014,1,DOMINANT_CROP_SHIFT_D3_TO_D9,,,,,,MELON->WHEAT
112472993,DECEM,56489091,1,BUY_LAND,150,6,887.0,25,9,
112472993,DECEM,56489091,1,BUY_ANIMAL_FIRST,1,0,3000.0,25,5,COW
112472993,DECEM,56489091,1,BUY_ANIMAL_FIRST,2,0,3000.0,25,5,SHEEP
112472993,DECEM,56489091,1,BUY_ANIMAL_FIRST,251,10,640.0,50,13,GOOSE
112472993,DECEM,56489091,1,CASH_TROUGH_MIN_D3_7,72,3,33.0,,7,min_money=33.0
112472993,DECEM,56489091,1,DOMINANT_CROP_SHIFT_D3_TO_D9,,,,,,MELON->STRAWBERRY
112473849,DSM,56489014,0,BUY_LAND,150,6,840.0,25,9,
112473849,DSM,56489014,0,BUY_ANIMAL_FIRST,1,0,3000.0,25,5,COW
112473849,DSM,56489014,0,BUY_ANIMAL_FIRST,2,0,3000.0,25,5,SHEEP
112473849,DSM,56489014,0,BUY_ANIMAL_FIRST,224,9,2626.0,50,12,GOOSE
112473849,DSM,56489014,0,CASH_TROUGH_MIN_D3_7,72,3,7.0,,7,min_money=7.0
112473849,DSM,56489014,0,DOMINANT_CROP_SHIFT_D3_TO_D9,,,,,,MELON->WHEAT
112474180,DECEM,56489091,0,BUY_LAND,150,6,781.0,25,9,
112474180,DECEM,56489091,0,BUY_ANIMAL_FIRST,1,0,3000.0,25,5,COW
112474180,DECEM,56489091,0,BUY_ANIMAL_FIRST,2,0,3000.0,25,5,SHEEP
112474180,DECEM,56489091,0,BUY_ANIMAL_FIRST,224,9,2898.0,50,11,GOOSE
112474180,DECEM,56489091,0,CASH_TROUGH_MIN_D3_7,72,3,27.0,,7,min_money=27.0
112474180,DECEM,56489091,0,DOMINANT_CROP_SHIFT_D3_TO_D9,,,,,,MELON->WHEAT
112474180,吃白饭的大肥鱼,56483899,1,BUY_LAND,149,6,1072.0,25,9,
112474180,吃白饭的大肥鱼,56483899,1,BUY_ANIMAL_FIRST,1,0,3000.0,25,5,COW
112474180,吃白饭的大肥鱼,56483899,1,BUY_ANIMAL_FIRST,1,0,3000.0,25,5,SHEEP
112474180,吃白饭的大肥鱼,56483899,1,BUY_ANIMAL_FIRST,223,9,2923.0,50,12,GOOSE
112474180,吃白饭的大肥鱼,56483899,1,CASH_TROUGH_MIN_D3_7,72,3,43.0,,7,min_money=43.0
112474180,吃白饭的大肥鱼,56483899,1,DOMINANT_CROP_SHIFT_D3_TO_D9,,,,,,MELON->STRAWBERRY
112475386,DSM,56489014,0,BUY_LAND,150,6,842.0,25,9,
112475386,DSM,56489014,0,BUY_ANIMAL_FIRST,1,0,3000.0,25,5,COW
112475386,DSM,56489014,0,BUY_ANIMAL_FIRST,2,0,3000.0,25,5,SHEEP
112475386,DSM,56489014,0,BUY_ANIMAL_FIRST,153,6,842.0,25,9,GOOSE
112475386,DSM,56489014,0,CASH_TROUGH_MIN_D3_7,72,3,6.0,,7,min_money=6.0
112475386,DSM,56489014,0,DOMINANT_CROP_SHIFT_D3_TO_D9,,,,,,MELON->STRAWBERRY
112475386,吃白饭的大肥鱼,56483899,1,BUY_LAND,149,6,1074.0,25,9,
112475386,吃白饭的大肥鱼,56483899,1,BUY_ANIMAL_FIRST,1,0,3000.0,25,5,COW
112475386,吃白饭的大肥鱼,56483899,1,BUY_ANIMAL_FIRST,1,0,3000.0,25,5,SHEEP
112475386,吃白饭的大肥鱼,56483899,1,BUY_ANIMAL_FIRST,151,6,1074.0,25,9,GOOSE
112475386,吃白饭的大肥鱼,56483899,1,CASH_TROUGH_MIN_D3_7,72,3,44.0,,7,min_money=44.0
112475386,吃白饭的大肥鱼,56483899,1,DOMINANT_CROP_SHIFT_D3_TO_D9,,,,,,MELON->STRAWBERRY
112477511,吃白饭的大肥鱼,56483899,1,BUY_LAND,149,6,1076.0,25,9,
112477511,吃白饭的大肥鱼,56483899,1,BUY_ANIMAL_FIRST,1,0,3000.0,25,5,COW
112477511,吃白饭的大肥鱼,56483899,1,BUY_ANIMAL_FIRST,1,0,3000.0,25,5,SHEEP
112477511,吃白饭的大肥鱼,56483899,1,BUY_ANIMAL_FIRST,151,6,1076.0,25,9,GOOSE
112477511,吃白饭的大肥鱼,56483899,1,CASH_TROUGH_MIN_D3_7,72,3,43.0,,7,min_money=43.0
112477511,吃白饭的大肥鱼,56483899,1,DOMINANT_CROP_SHIFT_D3_TO_D9,,,,,,MELON->STRAWBERRY
112477788,DECEM,56489091,0,BUY_LAND,150,6,694.0,25,9,
112477788,DECEM,56489091,0,BUY_ANIMAL_FIRST,1,0,3000.0,25,5,COW
112477788,DECEM,56489091,0,BUY_ANIMAL_FIRST,2,0,3000.0,25,5,SHEEP
112477788,DECEM,56489091,0,BUY_ANIMAL_FIRST,153,6,694.0,25,9,GOOSE
112477788,DECEM,56489091,0,CASH_TROUGH_MIN_D3_7,72,3,29.0,,7,min_money=29.0
112477788,DECEM,56489091,0,DOMINANT_CROP_SHIFT_D3_TO_D9,,,,,,MELON->WHEAT
112481107,Boey,56484772,1,BUY_LAND,146,6,7.0,25,10,
112481107,Boey,56484772,1,BUY_ANIMAL_FIRST,1,0,3000.0,25,6,SHEEP
112481107,Boey,56484772,1,BUY_ANIMAL_FIRST,3,0,3000.0,25,6,COW
112481107,Boey,56484772,1,BUY_ANIMAL_FIRST,51,2,289.0,25,6,GOOSE
112481107,Boey,56484772,1,CASH_TROUGH_MIN_D3_7,120,5,2.0,,6,min_money=2.0
112481107,Boey,56484772,1,DOMINANT_CROP_SHIFT_D3_TO_D9,,,,,,MELON->WHEAT
112481107,M & M & P & Q,56464621,0,BUY_LAND,128,5,42.0,25,7,
112481107,M & M & P & Q,56464621,0,BUY_ANIMAL_FIRST,1,0,3000.0,25,6,COW
112481107,M & M & P & Q,56464621,0,BUY_ANIMAL_FIRST,1,0,3000.0,25,6,SHEEP
112481107,M & M & P & Q,56464621,0,BUY_ANIMAL_FIRST,25,1,5.0,25,4,GOOSE
112481107,M & M & P & Q,56464621,0,CASH_TROUGH_MIN_D3_7,96,4,38.0,,7,min_money=38.0
112481107,M & M & P & Q,56464621,0,DOMINANT_CROP_SHIFT_D3_TO_D9,,,,,,MELON->WHEAT
112481113,DSM,56489014,1,BUY_LAND,150,6,854.0,25,9,
112481113,DSM,56489014,1,BUY_ANIMAL_FIRST,1,0,3000.0,25,5,COW
112481113,DSM,56489014,1,BUY_ANIMAL_FIRST,2,0,3000.0,25,5,SHEEP
112481113,DSM,56489014,1,BUY_ANIMAL_FIRST,251,10,2058.0,50,13,GOOSE
112481113,DSM,56489014,1,CASH_TROUGH_MIN_D3_7,72,3,6.0,,7,min_money=6.0
112481113,DSM,56489014,1,DOMINANT_CROP_SHIFT_D3_TO_D9,,,,,,MELON->STRAWBERRY
112481113,Unknown Mother-Goose,56478145,0,BUY_LAND,150,6,790.0,25,9,
112481113,Unknown Mother-Goose,56478145,0,BUY_ANIMAL_FIRST,1,0,3000.0,25,5,COW
112481113,Unknown Mother-Goose,56478145,0,BUY_ANIMAL_FIRST,2,0,3000.0,25,5,SHEEP
112481113,Unknown Mother-Goose,56478145,0,BUY_ANIMAL_FIRST,251,10,2080.0,50,11,GOOSE
112481113,Unknown Mother-Goose,56478145,0,CASH_TROUGH_MIN_D3_7,72,3,9.0,,6,min_money=9.0
112481113,Unknown Mother-Goose,56478145,0,DOMINANT_CROP_SHIFT_D3_TO_D9,,,,,,MELON->STRAWBERRY
112481119,M & M & P & Q,56464621,1,BUY_LAND,130,5,34.0,25,7,
112481119,M & M & P & Q,56464621,1,BUY_ANIMAL_FIRST,1,0,3000.0,25,6,COW
112481119,M & M & P & Q,56464621,1,BUY_ANIMAL_FIRST,1,0,3000.0,25,6,SHEEP
112481119,M & M & P & Q,56464621,1,BUY_ANIMAL_FIRST,25,1,7.0,25,5,GOOSE
112481119,M & M & P & Q,56464621,1,CASH_TROUGH_MIN_D3_7,72,3,34.0,,6,min_money=34.0
112481119,M & M & P & Q,56464621,1,DOMINANT_CROP_SHIFT_D3_TO_D9,,,,,,MELON->WHEAT
112481119,DSM,56489014,0,BUY_LAND,150,6,834.0,25,9,
112481119,DSM,56489014,0,BUY_ANIMAL_FIRST,1,0,3000.0,25,5,COW
112481119,DSM,56489014,0,BUY_ANIMAL_FIRST,2,0,3000.0,25,5,SHEEP
112481119,DSM,56489014,0,BUY_ANIMAL_FIRST,224,9,1259.0,50,11,GOOSE
112481119,DSM,56489014,0,CASH_TROUGH_MIN_D3_7,72,3,6.0,,7,min_money=6.0
112481119,DSM,56489014,0,DOMINANT_CROP_SHIFT_D3_TO_D9,,,,,,MELON->WHEAT
112482221,DECEM,56489091,1,BUY_LAND,150,6,775.0,25,9,
112482221,DECEM,56489091,1,BUY_ANIMAL_FIRST,1,0,3000.0,25,5,COW
112482221,DECEM,56489091,1,BUY_ANIMAL_FIRST,2,0,3000.0,25,5,SHEEP
112482221,DECEM,56489091,1,BUY_ANIMAL_FIRST,225,9,1190.0,50,11,GOOSE
112482221,DECEM,56489091,1,CASH_TROUGH_MIN_D3_7,168,7,6.0,,10,min_money=6.0
112482221,DECEM,56489091,1,DOMINANT_CROP_SHIFT_D3_TO_D9,,,,,,MELON->WHEAT
112485856,DSM,56489014,0,BUY_LAND,150,6,844.0,25,9,
112485856,DSM,56489014,0,BUY_ANIMAL_FIRST,1,0,3000.0,25,5,COW
112485856,DSM,56489014,0,BUY_ANIMAL_FIRST,2,0,3000.0,25,5,SHEEP
112485856,DSM,56489014,0,BUY_ANIMAL_FIRST,153,6,844.0,25,9,GOOSE
112485856,DSM,56489014,0,CASH_TROUGH_MIN_D3_7,72,3,3.0,,7,min_money=3.0
112485856,DSM,56489014,0,DOMINANT_CROP_SHIFT_D3_TO_D9,,,,,,MELON->STRAWBERRY
112486926,吃白饭的大肥鱼,56483899,1,BUY_LAND,149,6,1064.0,25,9,
112486926,吃白饭的大肥鱼,56483899,1,BUY_ANIMAL_FIRST,1,0,3000.0,25,5,COW
112486926,吃白饭的大肥鱼,56483899,1,BUY_ANIMAL_FIRST,1,0,3000.0,25,5,SHEEP
112486926,吃白饭的大肥鱼,56483899,1,BUY_ANIMAL_FIRST,151,6,1064.0,25,9,GOOSE
112486926,吃白饭的大肥鱼,56483899,1,CASH_TROUGH_MIN_D3_7,72,3,44.0,,7,min_money=44.0
112486926,吃白饭的大肥鱼,56483899,1,DOMINANT_CROP_SHIFT_D3_TO_D9,,,,,,MELON->STRAWBERRY
112487003,DECEM,56489091,0,BUY_LAND,150,6,781.0,25,9,
112487003,DECEM,56489091,0,BUY_ANIMAL_FIRST,1,0,3000.0,25,5,COW
112487003,DECEM,56489091,0,BUY_ANIMAL_FIRST,2,0,3000.0,25,5,SHEEP
112487003,DECEM,56489091,0,BUY_ANIMAL_FIRST,224,9,2647.0,50,11,GOOSE
112487003,DECEM,56489091,0,CASH_TROUGH_MIN_D3_7,168,7,5.0,,10,min_money=5.0
112487003,DECEM,56489091,0,DOMINANT_CROP_SHIFT_D3_TO_D9,,,,,,MELON->STRAWBERRY
112488067,M & M & P & Q,56464621,0,BUY_LAND,106,4,44.0,25,7,
112488067,M & M & P & Q,56464621,0,BUY_ANIMAL_FIRST,1,0,3000.0,25,6,COW
112488067,M & M & P & Q,56464621,0,BUY_ANIMAL_FIRST,1,0,3000.0,25,6,SHEEP
112488067,M & M & P & Q,56464621,0,BUY_ANIMAL_FIRST,25,1,7.0,25,5,GOOSE
112488067,M & M & P & Q,56464621,0,CASH_TROUGH_MIN_D3_7,144,6,2.0,,8,min_money=2.0
112488067,M & M & P & Q,56464621,0,DOMINANT_CROP_SHIFT_D3_TO_D9,,,,,,MELON->STRAWBERRY
112490397,Boey,56484772,0,BUY_LAND,146,6,18.0,25,10,
112490397,Boey,56484772,0,BUY_ANIMAL_FIRST,1,0,3000.0,25,6,SHEEP
112490397,Boey,56484772,0,BUY_ANIMAL_FIRST,2,0,3000.0,25,6,COW
112490397,Boey,56484772,0,BUY_ANIMAL_FIRST,51,2,314.0,25,6,GOOSE
112490397,Boey,56484772,0,CASH_TROUGH_MIN_D3_7,120,5,2.0,,6,min_money=2.0
112490397,Boey,56484772,0,DOMINANT_CROP_SHIFT_D3_TO_D9,,,,,,MELON->STRAWBERRY
112490397,Unknown Mother-Goose,56478145,1,BUY_LAND,150,6,862.0,25,9,
112490397,Unknown Mother-Goose,56478145,1,BUY_ANIMAL_FIRST,1,0,3000.0,25,5,COW
112490397,Unknown Mother-Goose,56478145,1,BUY_ANIMAL_FIRST,2,0,3000.0,25,5,SHEEP
112490397,Unknown Mother-Goose,56478145,1,BUY_ANIMAL_FIRST,153,6,862.0,25,9,GOOSE
112490397,Unknown Mother-Goose,56478145,1,CASH_TROUGH_MIN_D3_7,72,3,5.0,,6,min_money=5.0
112490397,Unknown Mother-Goose,56478145,1,DOMINANT_CROP_SHIFT_D3_TO_D9,,,,,,MELON->STRAWBERRY
112490399,Unknown Mother-Goose,56478145,1,BUY_LAND,150,6,876.0,25,9,
112490399,Unknown Mother-Goose,56478145,1,BUY_ANIMAL_FIRST,1,0,3000.0,25,5,COW
112490399,Unknown Mother-Goose,56478145,1,BUY_ANIMAL_FIRST,2,0,3000.0,25,5,SHEEP
112490399,Unknown Mother-Goose,56478145,1,BUY_ANIMAL_FIRST,153,6,876.0,25,9,GOOSE
112490399,Unknown Mother-Goose,56478145,1,CASH_TROUGH_MIN_D3_7,72,3,7.0,,6,min_money=7.0
112490399,Unknown Mother-Goose,56478145,1,DOMINANT_CROP_SHIFT_D3_TO_D9,,,,,,MELON->WHEAT
112490399,吃白饭的大肥鱼,56483899,0,BUY_LAND,149,6,1066.0,25,9,
112490399,吃白饭的大肥鱼,56483899,0,BUY_ANIMAL_FIRST,1,0,3000.0,25,5,COW
112490399,吃白饭的大肥鱼,56483899,0,BUY_ANIMAL_FIRST,1,0,3000.0,25,5,SHEEP
112490399,吃白饭的大肥鱼,56483899,0,BUY_ANIMAL_FIRST,151,6,1066.0,25,9,GOOSE
112490399,吃白饭的大肥鱼,56483899,0,CASH_TROUGH_MIN_D3_7,72,3,43.0,,7,min_money=43.0
112490399,吃白饭的大肥鱼,56483899,0,DOMINANT_CROP_SHIFT_D3_TO_D9,,,,,,MELON->STRAWBERRY
112493572,DECEM,56489091,1,BUY_LAND,150,6,839.0,25,9,
112493572,DECEM,56489091,1,BUY_ANIMAL_FIRST,1,0,3000.0,25,5,COW
112493572,DECEM,56489091,1,BUY_ANIMAL_FIRST,2,0,3000.0,25,5,SHEEP
112493572,DECEM,56489091,1,BUY_ANIMAL_FIRST,153,6,839.0,25,9,GOOSE
112493572,DECEM,56489091,1,CASH_TROUGH_MIN_D3_7,96,4,7.0,,5,min_money=7.0
112493572,DECEM,56489091,1,DOMINANT_CROP_SHIFT_D3_TO_D9,,,,,,MELON->WHEAT
112495118,M & M & P & Q,56464621,0,BUY_LAND,106,4,34.0,25,7,
112495118,M & M & P & Q,56464621,0,BUY_ANIMAL_FIRST,1,0,3000.0,25,6,COW
112495118,M & M & P & Q,56464621,0,BUY_ANIMAL_FIRST,1,0,3000.0,25,6,SHEEP
112495118,M & M & P & Q,56464621,0,BUY_ANIMAL_FIRST,25,1,7.0,25,5,GOOSE
112495118,M & M & P & Q,56464621,0,CASH_TROUGH_MIN_D3_7,72,3,34.0,,6,min_money=34.0
112495118,M & M & P & Q,56464621,0,DOMINANT_CROP_SHIFT_D3_TO_D9,,,,,,MELON->WHEAT
112495118,DSM,56489014,1,BUY_LAND,150,6,838.0,25,9,
112495118,DSM,56489014,1,BUY_ANIMAL_FIRST,1,0,3000.0,25,5,COW
112495118,DSM,56489014,1,BUY_ANIMAL_FIRST,2,0,3000.0,25,5,SHEEP
112495118,DSM,56489014,1,BUY_ANIMAL_FIRST,224,9,2401.0,50,11,GOOSE
112495118,DSM,56489014,1,CASH_TROUGH_MIN_D3_7,72,3,6.0,,7,min_money=6.0
112495118,DSM,56489014,1,DOMINANT_CROP_SHIFT_D3_TO_D9,,,,,,MELON->STRAWBERRY
112499720,Boey,56484772,1,BUY_LAND,146,6,23.0,25,10,
112499720,Boey,56484772,1,BUY_ANIMAL_FIRST,1,0,3000.0,25,6,SHEEP
112499720,Boey,56484772,1,BUY_ANIMAL_FIRST,2,0,3000.0,25,6,COW
112499720,Boey,56484772,1,BUY_ANIMAL_FIRST,51,2,325.0,25,6,GOOSE
112499720,Boey,56484772,1,CASH_TROUGH_MIN_D3_7,72,3,0.0,,6,min_money=0.0
112499720,Boey,56484772,1,DOMINANT_CROP_SHIFT_D3_TO_D9,,,,,,MELON->STRAWBERRY
112499720,DSM,56489014,0,BUY_LAND,150,6,832.0,25,9,
112499720,DSM,56489014,0,BUY_ANIMAL_FIRST,1,0,3000.0,25,5,COW
112499720,DSM,56489014,0,BUY_ANIMAL_FIRST,2,0,3000.0,25,5,SHEEP
112499720,DSM,56489014,0,BUY_ANIMAL_FIRST,153,6,832.0,25,9,GOOSE
112499720,DSM,56489014,0,CASH_TROUGH_MIN_D3_7,72,3,7.0,,7,min_money=7.0
112499720,DSM,56489014,0,DOMINANT_CROP_SHIFT_D3_TO_D9,,,,,,MELON->STRAWBERRY
112499723,Unknown Mother-Goose,56478145,0,BUY_LAND,150,6,791.0,25,9,
112499723,Unknown Mother-Goose,56478145,0,BUY_ANIMAL_FIRST,1,0,3000.0,25,5,COW
112499723,Unknown Mother-Goose,56478145,0,BUY_ANIMAL_FIRST,2,0,3000.0,25,5,SHEEP
112499723,Unknown Mother-Goose,56478145,0,BUY_ANIMAL_FIRST,153,6,791.0,25,9,GOOSE
112499723,Unknown Mother-Goose,56478145,0,CASH_TROUGH_MIN_D3_7,72,3,9.0,,6,min_money=9.0
112499723,Unknown Mother-Goose,56478145,0,DOMINANT_CROP_SHIFT_D3_TO_D9,,,,,,MELON->STRAWBERRY
112499724,吃白饭的大肥鱼,56483899,0,BUY_LAND,149,6,1075.0,25,9,
112499724,吃白饭的大肥鱼,56483899,0,BUY_ANIMAL_FIRST,1,0,3000.0,25,5,COW
112499724,吃白饭的大肥鱼,56483899,0,BUY_ANIMAL_FIRST,1,0,3000.0,25,5,SHEEP
112499724,吃白饭的大肥鱼,56483899,0,BUY_ANIMAL_FIRST,266,11,2448.0,50,13,GOOSE
112499724,吃白饭的大肥鱼,56483899,0,CASH_TROUGH_MIN_D3_7,72,3,43.0,,7,min_money=43.0
112499724,吃白饭的大肥鱼,56483899,0,DOMINANT_CROP_SHIFT_D3_TO_D9,,,,,,MELON->STRAWBERRY
